t,cur_e0, cur_e1, cur_e2, cur_e3,cur_wx, cur_wy, cur_wz,cur_x, cur_y, cur_z,cur_vx, cur_vy, cur_vz,t_pred,input_1, input_2, input_3, input_4,pred_e0, pred_e1, pred_e2, pred_e3,pred_wx, pred_wy, pred_wz,pred_x, pred_y, pred_z,pred_vx, pred_vy, pred_vz
0,0.726938,-0.00723245,-0.00812655,0.686617,0.00015431,-0.000974253,-0.00272849,-0.003057,0.0285049,0.391146,-0.00239333,0.00594288,0.194927,0.02,1,-0.00414931,-0.00156972,-0.957535,0.726947,-0.00722843,-0.00812966,0.686607,0.0783244,-0.0878078,5.00632,-0.00308094,0.0285643,0.393095,-0.00230079,0.00594562,0.28874
0.02,0.726946,-0.00721495,-0.00811797,0.686609,0.0049462,-0.00177074,-0.000331955,-0.00303515,0.028496,0.390753,-0.00241359,0.00619582,0.194706,0.04,1,-0.00202951,-0.00973251,-0.934012,0.726947,-0.00719088,-0.00810743,0.686608,0.105309,-0.0316502,5.17563,-0.00305929,0.028558,0.3927,-0.0023212,0.00619862,0.288518
0.04,0.726953,-0.00719727,-0.00810485,0.686601,0.00574517,-0.000971756,-0.00019882,-0.0030126,0.0284902,0.390349,-0.00188724,0.00646259,0.194715,0.06,1,0.0117739,-0.00211463,-0.926985,0.726954,-0.00717305,-0.00808867,0.686601,-0.0183394,-0.000712931,5.21583,-0.00303147,0.0285548,0.392296,-0.00179504,0.00646542,0.288527
0.06,0.726961,-0.00718787,-0.008093,0.686594,0.00401411,0.000226642,-0.000198809,-0.00298585,0.0284875,0.390001,-0.00109514,0.00677875,0.194569,0.08,1,-0.0140546,-0.0142539,-0.919297,0.726962,-0.00717405,-0.0080784,0.686593,0.196947,-0.0726123,5.25364,-0.0029968,0.0285553,0.391946,-0.00100307,0.00678157,0.288382
0.08,0.726962,-0.00718491,-0.0080813,0.686592,0.002815,0.00129175,0.00179905,-0.00295397,0.028487,0.389707,-0.000331577,0.00676628,0.194493,0.1,1,0.0331418,-0.0367795,-0.945057,0.726956,-0.00717918,-0.00806687,0.686599,0.0518023,0.320726,5.09272,-0.00295728,0.0285547,0.391652,-0.000239595,0.00676905,0.288305
0.1,0.726969,-0.00717146,-0.00807597,0.686585,0.00361395,-0.00163773,-0.000198331,-0.00291813,0.028487,0.389468,0.000247253,0.0067179,0.194696,0.12,1,0.0200461,-0.0367662,-0.930552,0.72697,-0.00715269,-0.00806953,0.686585,0.124613,0.247041,5.18929,-0.00291566,0.0285542,0.391415,0.000339124,0.00672072,0.288508
0.12,0.727002,-0.00716579,-0.00806989,0.68655,-0.000513954,-0.00217037,-0.000731582,-0.00274438,0.0284881,0.389037,0.00219343,0.00643958,0.195061,0.14,1,0.0536916,-0.0200896,-0.932465,0.727005,-0.00716017,-0.00807957,0.686547,-0.162179,0.335255,5.17083,-0.00272244,0.0285525,0.390987,0.00228523,0.00644239,0.288873
0.14,0.727034,-0.00718194,-0.00807499,0.686516,-0.000913428,-0.000439306,-0.000332107,-0.00251368,0.0284873,0.38924,0.00194009,0.00550054,0.196012,0.16,1,0.0437588,-0.0134292,-0.928321,0.727035,-0.00718374,-0.00807973,0.686515,-0.141987,0.241266,5.20051,-0.00249428,0.0285423,0.3912,0.00203201,0.00550329,0.289824
0.16,0.727036,-0.00717903,-0.0080689,0.686514,0.00174973,0.00035964,0.00113264,-0.002475,0.0284838,0.389405,0.00166264,0.00523733,0.196114,0.18,1,0.0528886,0.0105063,-0.921563,0.727032,-0.00717395,-0.00806154,0.686518,-0.32791,0.151617,5.23209,-0.00245837,0.0285362,0.391366,0.00175452,0.00524005,0.289927
0.18,0.727021,-0.00719131,-0.00805997,0.68653,-0.000380797,0.000625959,0.00366352,-0.00237377,0.0284739,0.390157,0.0011,0.00520229,0.196839,0.2,1,-0.0582915,-0.0240864,-0.939122,0.727008,-0.00719499,-0.00805887,0.686543,0.512445,-0.255866,5.12029,-0.00236277,0.028526,0.392125,0.00119189,0.00520489,0.290651
0.2,0.999941,-0.0107572,-0.00090986,-0.00147355,0.000950769,-0.0020372,0.00179931,0.0527808,-0.00360636,0.00568876,0.000318243,0.00482593,0.198823,0.22,1,-0.00382562,0.0571211,-0.850856,0.999941,-0.0107525,-0.000919956,-0.00146444,0.00747581,0.533921,-4.75674,0.0527839,-0.0035581,0.00767698,0.000325851,0.00473438,0.292635
0.22,0.999941,-0.0107308,-0.000905421,-0.00150245,0.000417986,0.000226557,-0.0023286,0.0528357,-0.00363473,0.00767618,2.36637e-05,0.00380237,0.198584,0.24,1,-0.0218282,-0.0147745,-0.825622,0.999941,-0.0107287,-0.000904417,-0.0015141,-0.132034,-0.0434922,-4.61924,0.0528359,-0.0035967,0.00966201,3.12317e-05,0.00371104,0.292396
0.24,0.999941,-0.0107332,-0.000909779,-0.00150655,-0.000513765,-0.00123809,-6.47295e-05,0.0528435,-0.00364748,0.00823755,-3.72343e-05,0.0035843,0.198649,0.26,1,-0.0311538,0.000898429,-0.819316,0.999941,-0.0107358,-0.000915969,-0.00150681,-0.206032,0.0813295,-4.58285,0.0528431,-0.00361164,0.010224,-2.96296e-05,0.00349295,0.292461
0.26,0.999941,-0.0107472,-0.000893732,-0.00151953,-0.00211166,0.00235717,-0.000730523,0.0528504,-0.00369999,0.0101027,-0.000608508,0.00273545,0.198781,0.28,1,-0.0454386,0.030783,-0.783587,0.999941,-0.0107577,-0.00088197,-0.00152332,-0.316257,0.317492,-4.38048,0.0528443,-0.00367264,0.0120905,-0.000601041,0.00264398,0.292593
0.28,0.999941,-0.0107304,-0.000867495,-0.00151937,0.0021494,-3.96618e-05,-0.000197891,0.0528069,-0.00384881,0.0145515,-0.000595819,0.00170879,0.199167,0.3,1,-0.0299289,0.010461,-0.767458,0.999941,-0.0107196,-0.00086772,-0.00152035,-0.189904,0.153644,-4.29129,0.052801,-0.00383172,0.0165432,-0.000588575,0.00161746,0.29298
0.3,0.999941,-0.0107204,-0.000864531,-0.00152584,0.00135045,0.000359811,0.000334747,0.0527833,-0.00390265,0.0162333,-0.000560659,0.00165359,0.199784,0.32,1,0.0100204,-0.00583948,-0.710808,0.999941,-0.0107136,-0.000862725,-0.00152418,0.13563,0.0192344,-3.97468,0.0527777,-0.00388612,0.0182311,-0.000553441,0.00156235,0.293597
0.32,0.999941,-0.0107135,-0.000867589,-0.00152665,0.00174992,-0.000838612,0.000201587,0.0527717,-0.00392977,0.0171117,-0.000261017,0.00154057,0.199951,0.34,1,-0.0351857,0.00912823,-0.673156,0.999941,-0.0107048,-0.000871784,-0.00152559,-0.222948,0.135413,-3.76242,0.0527691,-0.00391437,0.0191112,-0.000253773,0.00144938,0.293764
0.34,0.999941,-0.010687,-0.000876247,-0.00151808,0.0030815,-0.000172817,0.00113369,0.052741,-0.00400885,0.0198831,5.42226e-05,0.00158305,0.200671,0.36,1,0.0263833,0.00371213,-0.679129,0.999942,-0.0106716,-0.000877074,-0.00151239,0.268962,0.0932205,-3.79657,0.0527415,-0.00399302,0.0218898,6.15415e-05,0.00149209,0.294483
0.36,0.999942,-0.0106543,-0.000835745,-0.00153323,0.000950923,0.0023572,-0.000597358,0.0527686,-0.00418969,0.0231926,-0.000373842,0.00116227,0.20145,0.38,1,-0.022587,-0.0467095,-0.617407,0.999942,-0.0106495,-0.000823998,-0.00153634,-0.117337,-0.316059,-3.45322,0.0527649,-0.00417806,0.0252071,-0.000366868,0.00107159,0.295262
0.38,0.999942,-0.0106606,-0.000826507,-0.00151432,-0.000646975,0.000492985,0.00246527,0.0528082,-0.00431117,0.0248149,-0.000179083,0.000545035,0.2015,0.4,1,-0.0387106,-0.0267704,-0.63659,0.999942,-0.0106638,-0.000823906,-0.00150203,-0.247903,-0.155239,-3.55959,0.0528064,-0.00430572,0.0268299,-0.000172187,0.000454302,0.295312
0.4,0.999942,-0.0106552,-0.00081962,-0.00151216,0.00135014,0.0016915,0.000867363,0.0528195,-0.00435209,0.0253762,-0.000272038,0.000499149,0.20138,0.42,1,0.019347,-0.0159553,-0.564367,0.999942,-0.0106484,-0.000811127,-0.00150791,0.221596,-0.073883,-3.15432,0.0528167,-0.0043471,0.02739,-0.0002652,0.000408461,0.295192
0.42,0.999942,-0.0106384,-0.000794527,-0.00151035,-0.000913663,0.000492935,0.000734071,0.0528744,-0.00452975,0.0285979,0.000461224,0.00111795,0.200393,0.44,1,-0.0154875,-0.0505999,-0.659679,0.999942,-0.010643,-0.000792016,-0.00150671,-0.0636713,-0.344054,-3.69059,0.052879,-0.00451857,0.0306019,0.000467849,0.00102741,0.294206
0.44,0.999942,-0.0106099,-0.000789119,-0.00153223,0.00308101,0.000892436,-0.000863824,0.053039,-0.00470982,0.0306577,0.000685508,0.0016542,0.199561,0.46,1,-0.0509607,-0.0308327,-0.485667,0.999942,-0.0105945,-0.000784727,-0.00153658,-0.336326,-0.200543,-2.7137,0.0530459,-0.00469327,0.0326534,0.000692086,0.0015639,0.293374
0.46,0.999942,-0.0106002,-0.000780992,-0.0015366,0.000417842,0.000492962,0.000600908,0.0531086,-0.00476845,0.0314507,0.000717649,0.00206471,0.199075,0.48,1,-0.0150816,0.00113525,-0.545662,0.999942,-0.0105981,-0.000778499,-0.00153362,-0.0530162,0.0604041,-3.04819,0.0531158,-0.0047478,0.0334415,0.000724156,0.00197449,0.292888
0.48,0.999942,-0.0106023,-0.000784875,-0.00153333,-0.000514328,-0.000971772,0.00113354,0.0531497,-0.00479527,0.031769,0.000821816,0.00210079,0.198852,0.5,1,-0.00208764,0.0195618,-0.545447,0.999942,-0.0106049,-0.000789669,-0.00152762,0.0507056,0.207985,-3.04596,0.0531579,-0.00477426,0.0337575,0.000828357,0.00201055,0.292664
0.5,0.999942,-0.0106091,-0.000786429,-0.00154275,-0.00104697,0.000626125,-0.00139646,0.0532265,-0.00484937,0.0325163,0.00072603,0.0016221,0.199088,0.52,1,-0.0143009,0.00388043,-0.499574,0.999942,-0.0106144,-0.000783365,-0.00154977,-0.0440789,0.0787148,-2.78968,0.0532337,-0.00483315,0.0345072,0.000732584,0.00153181,0.2929
0.52,0.999941,-0.0107516,-0.000778539,-0.00152156,0.00427936,0.00275666,0.000467739,0.053387,-0.00494273,0.0350433,0.000584813,0.0048978,0.199918,0.54,1,-0.00344872,-0.0264156,-0.510178,0.999941,-0.0107302,-0.000764764,-0.00151935,0.0434973,-0.162118,-2.85108,0.0533928,-0.00489376,0.0370424,0.000591299,0.00480629,0.29373
0.54,0.999941,-0.0107253,-0.000773439,-0.00150411,0.00068409,-0.000439139,0.0021988,0.0534781,-0.0049243,0.0376249,0.000399132,0.00393031,0.200693,0.56,1,-0.0171077,0.00326789,-0.532319,0.999941,-0.0107219,-0.000775522,-0.00149309,-0.0675663,0.0768468,-2.97341,0.0534821,-0.004885,0.0396318,0.000405576,0.00383903,0.294505
0.56,0.999941,-0.0107167,-0.000778414,-0.00149828,0.00214883,-0.00123808,0.00166618,0.0534971,-0.00492668,0.0382504,0.000383988,0.00330823,0.200549,0.58,1,-0.0126311,-0.0302347,-0.50395,0.999941,-0.010706,-0.000784531,-0.00148987,-0.0298207,-0.193434,-2.81647,0.053501,-0.0048936,0.0402559,0.000390476,0.00321702,0.294361
0.58,0.999941,-0.010714,-0.000770581,-0.00148881,0.000683188,0.00195718,0.00259757,0.053515,-0.00493312,0.0389017,0.000411309,0.00271357,0.200337,0.6,1,-0.0367782,-0.0243391,-0.430382,0.999941,-0.0107106,-0.000760662,-0.00147592,-0.219297,-0.152693,-2.40378,0.0535191,-0.00490599,0.040905,0.000417731,0.00262238,0.294149
0.6,0.999941,-0.010732,-0.000769922,-0.00150033,-0.00251274,0.000492427,-0.000731377,0.0536313,-0.00500862,0.0413425,3.49373e-05,0.000853699,0.199359,0.62,1,0.0114948,-0.00730549,-0.478112,0.999941,-0.0107445,-0.00076748,-0.00150402,0.164494,-0.0118447,-2.67038,0.0536317,-0.00500009,0.0433361,4.13524e-05,0.000762359,0.293171
0.62,0.999941,-0.010734,-0.000768379,-0.00149838,0.000949375,0.00142452,-6.55953e-05,0.0537158,-0.00506715,0.043596,0.00036799,0.00132885,0.198686,0.64,1,0.00205001,-0.0127301,-0.461908,0.999941,-0.0107293,-0.000761267,-0.00149878,0.0898667,-0.0566934,-2.57986,0.0537195,-0.00505386,0.0455829,0.000374392,0.00123749,0.292498
0.64,0.999941,-0.0107308,-0.000765326,-0.00150816,-0.000382203,0.000359257,-0.00113086,0.0537512,-0.00508152,0.0448886,0.000237091,0.00210628,0.198749,0.66,1,0.0325975,-0.0127552,-0.447106,0.999941,-0.0107327,-0.000763587,-0.00151383,0.33491,-0.0577874,-2.497,0.0537536,-0.00506046,0.0468761,0.000243466,0.00201495,0.292561
0.66,0.999941,-0.0107232,-0.000755319,-0.00151523,0.000683059,0.00102505,0.000467039,0.0537767,-0.00508134,0.046286,-3.14827e-05,0.00267979,0.198601,0.68,1,0.0214924,0.0190642,-0.457997,0.999941,-0.0107198,-0.000750174,-0.00151294,0.245151,0.197423,-2.55604,0.0537764,-0.00505454,0.048272,-2.51931e-05,0.00258852,0.292413
0.68,0.999941,-0.0107173,-0.000741751,-0.00151481,0.001482,0.0034219,0.000333874,0.0537866,-0.00507717,0.0470219,-0.000108486,0.00290318,0.198566,0.7,1,0.0151653,0.00805894,-0.423198,0.999941,-0.0107099,-0.000724636,-0.00151332,0.196375,0.106311,-2.36167,0.0537856,-0.00504814,0.0490075,-0.000102312,0.00281196,0.292378
0.7,0.999941,-0.0106863,-0.000718829,-0.0015196,0.0013486,0.00169083,-0.000198752,0.0538606,-0.00505177,0.0500617,-0.000351997,0.00253896,0.198449,0.72,1,0.0177672,-0.053134,-0.523899,0.999942,-0.0106796,-0.000710396,-0.00152067,0.212424,-0.375155,-2.92968,0.0538571,-0.00502638,0.0520462,-0.000346018,0.00244801,0.292261
0.72,0.999942,-0.0106507,-0.000703837,-0.0015065,0.00281334,0.000359254,-6.55914e-05,0.0539365,-0.00503775,0.0531532,-0.000498191,0.00207186,0.198856,0.74,1,0.0141871,0.00847097,-0.424764,0.999942,-0.0106366,-0.000702066,-0.00150683,0.188121,0.109224,-2.37045,0.0539315,-0.00501703,0.0551418,-0.000492338,0.00198121,0.292668
0.74,0.999942,-0.0106347,-0.00069463,-0.00151227,0.00401237,0.0023565,-0.00113135,0.0539468,-0.00503571,0.0537312,-0.000492681,0.00193091,0.198331,0.76,1,0.0160198,0.0112566,-0.395071,0.999942,-0.0106146,-0.000682938,-0.00151804,0.203958,0.128957,-2.20389,0.0539419,-0.00501641,0.0557146,-0.000486907,0.00184039,0.292143
0.76,0.999942,-0.010622,-0.000660011,-0.00152359,0.00454476,0.003555,-0.00179715,0.0539749,-0.00502661,0.0556039,-0.000199037,0.00181484,0.197065,0.78,1,0.0737115,-0.0440805,-0.441419,0.999942,-0.0105993,-0.000642367,-0.00153275,0.663764,-0.309499,-2.46708,0.053973,-0.00500846,0.0575746,-0.000193558,0.00172444,0.290877
0.78,0.999942,-0.0106288,-0.000629957,-0.00151391,0.00108229,0.00115816,0.000865998,0.0540765,-0.00503476,0.057175,-8.93927e-06,0.00154971,0.196096,0.8,1,0.00576063,0.00851217,-0.419259,0.999942,-0.0106234,-0.000624128,-0.00150964,0.121058,0.108388,-2.33953,0.0540764,-0.00501926,0.059136,-3.71519e-06,0.00145925,0.289908
0.8,0.999942,-0.010593,-0.000631512,-0.00154658,0.00228072,0.00129132,-0.00312874,0.0541429,-0.00503311,0.058662,0.000135654,0.00190633,0.195292,0.82,1,0.00680272,0.00340809,-0.357244,0.999943,-0.0105816,-0.00062524,-0.00156229,0.131721,0.0623402,-1.99218,0.0541442,-0.00501405,0.060615,0.000140889,0.00181618,0.289104
0.82,0.999942,-0.0105899,-0.000641015,-0.00155255,0.000815971,-0.00230395,-0.00113138,0.0541629,-0.00502914,0.0592097,0.000121645,0.00205269,0.194939,0.84,1,-0.00766638,0.0369983,-0.359286,0.999943,-0.0105859,-0.0006526,-0.00155809,0.0153683,0.331094,-2.00156,0.0541641,-0.00500861,0.061159,0.00012696,0.00196256,0.288751
0.84,0.999942,-0.010596,-0.000655169,-0.00154674,-0.00144772,-0.00350237,0.00179809,0.054182,-0.00502356,0.0597832,0.00028678,0.00222021,0.194748,0.86,1,0.000342604,-0.0351219,-0.333413,0.999942,-0.0106032,-0.000672573,-0.00153757,0.0812896,-0.247754,-1.86093,0.0541848,-0.00500136,0.0617306,0.000292216,0.00213003,0.288561
0.86,0.999942,-0.0105962,-0.000665587,-0.00155544,0.000549668,-0.001505,-0.001664,0.0542172,-0.0050083,0.0610088,9.12751e-05,0.00243681,0.194442,0.88,1,0.0145586,0.0339946,-0.353995,0.999942,-0.0105935,-0.000673204,-0.00156367,0.193373,0.307106,-1.97215,0.0542181,-0.00498393,0.0629532,9.67991e-05,0.00234662,0.288254
0.88,0.999942,-0.0105958,-0.000658671,-0.00157764,0.000948693,0.00248979,-0.000598752,0.0543203,-0.00497249,0.0637996,0.000361654,0.00201189,0.193744,0.9,1,-0.0401088,-0.00804612,-0.456594,0.999942,-0.0105911,-0.000646262,-0.00158076,-0.247821,-0.0214845,-2.54926,0.054324,-0.00495237,0.0657371,0.000367117,0.00192171,0.287556
0.9,0.999943,-0.0105846,-0.000630818,-0.00159251,0.00267974,0.00195715,-0.00299561,0.0544641,-0.00495239,0.0662284,0.000867711,0.00227484,0.192844,0.92,1,-0.0553441,-0.0182959,-0.384686,0.999943,-0.0105712,-0.000621212,-0.00160758,-0.366431,-0.109841,-2.14679,0.0544728,-0.00492964,0.0681569,0.000872935,0.00218475,0.286656
0.92,0.999943,-0.010572,-0.000620212,-0.00159948,0.0032117,0.00275523,-0.00139773,0.0544897,-0.00494279,0.0667966,0.000622009,0.00261142,0.192777,0.94,1,0.00634849,-0.00572102,-0.369794,0.999943,-0.0105559,-0.000606536,-0.00160661,0.127601,-0.00979871,-2.06277,0.054496,-0.00491668,0.0687244,0.000627143,0.00252145,0.286589
0.94,0.999943,-0.0105632,-0.000615351,-0.00159677,0.00227959,0.00129049,0.000999092,0.0545133,-0.00493437,0.0672461,0.000405253,0.00231217,0.192133,0.96,1,-0.0130127,0.00080988,-0.369173,0.999943,-0.0105517,-0.000608864,-0.00159183,-0.0273954,0.0420841,-2.05885,0.0545174,-0.00491125,0.0691674,0.000410346,0.00222227,0.285945
0.96,0.999943,-0.0105539,-0.000614155,-0.00159991,0.000947788,0.00315482,-0.00113145,0.0545897,-0.00491718,0.0684149,0.000208271,0.0022512,0.190976,0.98,1,0.0104293,0.0113144,-0.404774,0.999943,-0.0105491,-0.000598449,-0.00160573,0.15849,0.129311,-2.25778,0.0545918,-0.00489467,0.0703247,0.000213353,0.00216138,0.284788
0.98,0.999943,-0.0105364,-0.000622843,-0.00160957,-0.00291472,-0.00217135,6.69425e-05,0.0547848,-0.00489994,0.0690563,0.000160442,0.00255358,0.188414,1,1,0.0177006,0.00291943,-0.276208,0.999943,-0.010551,-0.000633672,-0.00160913,0.221181,0.0516521,-1.5379,0.0547864,-0.00487441,0.0709405,0.000165598,0.0024639,0.282226
1,0.999943,-0.0105391,-0.000626277,-0.00161666,-0.000517863,-0.000706621,-0.00139778,0.0548249,-0.00489738,0.0691729,0.000104466,0.00230635,0.18789,1.02,1,-0.0107962,-0.0106768,-0.318739,0.999943,-0.0105417,-0.00062988,-0.00162361,-0.00791889,-0.0539269,-1.77685,0.054826,-0.00487431,0.0710518,0.000109651,0.00221665,0.281702
1.02,0.999943,-0.010522,-0.000626492,-0.00161894,0.00440898,9.23236e-05,-0.000199358,0.0548637,-0.0048955,0.0693224,0.000240163,0.00238596,0.187593,1.04,1,-0.0213242,-0.0146653,-0.350807,0.999943,-0.0105,-0.000626077,-0.00161993,-0.0933561,-0.0833709,-1.95671,0.0548661,-0.00487164,0.0711983,0.00024535,0.00229641,0.281405
1.04,0.999943,-0.010523,-0.000620929,-0.00160384,-0.00144997,-0.000839781,0.00273011,0.0549802,-0.00488102,0.0699531,0.00071156,0.00255848,0.186179,1.06,1,0.0211893,0.0178852,-0.344851,0.999943,-0.0105302,-0.000624972,-0.00159015,0.246547,0.177037,-1.92165,0.0549873,-0.00485544,0.0718149,0.000716701,0.00246892,0.279991
1.06,0.999942,-0.0106708,-0.000608657,-0.00162736,0.0046753,0.00142391,0.000865892,0.0551149,-0.00479858,0.0712346,0.000224172,0.00601976,0.184586,1.08,1,-0.0180158,0.0128794,-0.423925,0.999942,-0.0106474,-0.000601529,-0.00162309,-0.069057,0.143392,-2.36476,0.0551171,-0.00473838,0.0730805,0.000229204,0.00592894,0.278399
1.08,0.999942,-0.0106423,-0.000613168,-0.00163864,-0.0021163,-0.000839727,-6.62151e-05,0.055285,-0.00467553,0.0727714,0.000794568,0.00296513,0.1834,1.1,1,0.00749039,-0.00220917,-0.380139,0.999942,-0.0106529,-0.000617353,-0.00163893,0.136828,0.0193272,-2.12032,0.0552929,-0.00464588,0.0746054,0.000799638,0.00287455,0.277212
1.1,0.999942,-0.0106461,-0.000627292,-0.00164251,-0.000784711,-0.00336973,-0.000732012,0.0553272,-0.00466815,0.0729773,0.000774907,0.00259745,0.183046,1.12,1,0.00378312,-0.00844839,-0.357265,0.999942,-0.01065,-0.000644172,-0.00164599,0.108125,-0.0324188,-1.99249,0.0553349,-0.00464218,0.0748077,0.000780097,0.00250684,0.276858
1.12,0.999942,-0.0106418,-0.000622216,-0.00164227,0.00121209,0.00142371,0.00033391,0.0553681,-0.00466352,0.0732144,0.000849524,0.00218297,0.18298,1.14,1,0.00672143,-0.0137196,-0.371384,0.999942,-0.0106358,-0.00061509,-0.00164067,0.131135,-0.0734235,-2.07193,0.0553766,-0.00464169,0.0750442,0.00085467,0.0020924,0.276792
1.14,0.999942,-0.0106607,-0.000629011,-0.00166197,0.000679326,0.000358633,-0.00179664,0.055524,-0.00466538,0.0740557,0.00112127,0.00199591,0.181287,1.16,1,0.033953,0.0226827,-0.343265,0.999942,-0.0106573,-0.00062732,-0.00167097,0.349607,0.215899,-1.9122,0.0555352,-0.00464542,0.0758686,0.00112647,0.00190518,0.2751
1.16,0.999941,-0.0106689,-0.00063213,-0.00167367,0.000812485,0.00262232,6.75692e-05,0.0556391,-0.00465231,0.074878,0.00161032,0.00280483,0.179683,1.18,1,0.00252368,0.0283947,-0.266678,0.999942,-0.0106648,-0.000619022,-0.00167347,0.100684,0.254811,-1.48259,0.0556552,-0.00462426,0.0766748,0.00161555,0.00271402,0.273495
1.18,0.999942,-0.0106477,-0.000656524,-0.00168514,0.00280985,-0.00350295,-0.00219612,0.0557848,-0.00460879,0.0763237,0.00158621,0.0031871,0.178128,1.2,1,-0.0254968,0.0032008,-0.296022,0.999942,-0.0106336,-0.000674178,-0.00169593,-0.124226,0.0554917,-1.64833,0.0558007,-0.00457692,0.0781049,0.00159165,0.00309647,0.27194
1.2,0.999942,-0.0106428,-0.000643715,-0.00167683,0.00147828,0.00248916,0.0015323,0.0558492,-0.00458396,0.0771925,0.00142192,0.0031035,0.177553,1.22,1,-0.00199837,-0.0397504,-0.300505,0.999942,-0.0106354,-0.0006312,-0.0016693,0.0641359,-0.287519,-1.67614,0.0558635,-0.00455293,0.078968,0.00142725,0.00301292,0.271365
1.22,0.999942,-0.010639,-0.000643693,-0.00167335,0.0010788,9.23181e-05,0.000999675,0.0558792,-0.00457026,0.077663,0.00145297,0.00321912,0.177329,1.24,1,-0.006375,-0.0111058,-0.341363,0.999942,-0.0106336,-0.000643187,-0.00166836,0.0273858,-0.0550329,-1.90336,0.0558938,-0.00453807,0.0794363,0.0014583,0.00312857,0.271141
1.24,0.999942,-0.0106218,-0.000630302,-0.00169769,0.00374121,0.00208973,0.000333863,0.0560344,-0.00452244,0.0789923,0.00149438,0.00325151,0.175437,1.26,1,-0.00875878,-0.000839015,-0.273732,0.999942,-0.0106031,-0.000619868,-0.00169612,0.0102905,0.0212792,-1.52368,0.0560493,-0.00448992,0.0807467,0.00149959,0.0031611,0.26925
1.26,0.999942,-0.0106302,-0.000636916,-0.00170341,0.000545417,0.000358677,-0.000997712,0.0562054,-0.00448103,0.0799632,0.00105506,0.00301874,0.173889,1.28,1,-0.0166837,0.00954045,-0.347265,0.999942,-0.0106274,-0.000635181,-0.00170842,-0.0556287,0.110401,-1.935,0.0562159,-0.00445084,0.0817021,0.00106032,0.00292827,0.267701
1.28,0.999942,-0.0106297,-0.000639229,-0.00169548,0.000944891,-4.07965e-05,0.000733346,0.0562793,-0.00446092,0.0806125,0.000977189,0.00284658,0.173284,1.3,1,-0.00488671,-0.00757278,-0.359549,0.999942,-0.010625,-0.000639402,-0.00169181,0.0385199,-0.0252981,-2.00493,0.056289,-0.00443246,0.0823453,0.000982475,0.00275611,0.267096
1.3,0.999942,-0.0106159,-0.00063495,-0.00168273,0.00360875,0.00115771,0.00326382,0.0563139,-0.00445211,0.0809751,0.000940493,0.0026735,0.173085,1.32,1,-0.00288213,-0.0473123,-0.261535,0.999942,-0.0105978,-0.000629018,-0.00166646,0.0581249,-0.351407,-1.45823,0.0563233,-0.00442537,0.082706,0.000945744,0.00258315,0.266898
1.32,0.999942,-0.0106036,-0.000656788,-0.0016695,0.000945558,-0.00203785,0.00392958,0.0564397,-0.00441791,0.0823593,0.00103789,0.00277578,0.171649,1.34,1,-0.0636554,0.0118453,-0.274299,0.999942,-0.0105989,-0.000666777,-0.00164975,-0.429423,0.122217,-1.52608,0.05645,-0.00439015,0.0840757,0.00104332,0.00268554,0.265461
1.34,0.999942,-0.0105847,-0.000627609,-0.00164971,-0.00171824,0.0020901,0.000467456,0.056673,-0.00440335,0.0823845,0.00136821,0.00298215,0.167712,1.36,1,-0.057553,-0.0467884,-0.306558,0.999942,-0.0105932,-0.00061712,-0.00164749,-0.380964,-0.344322,-1.71043,0.0566867,-0.00437353,0.0840616,0.00137341,0.00289206,0.261524
1.36,0.999943,-0.0105812,-0.000606925,-0.00164464,0.0013444,0.00222326,0.00166588,0.0567613,-0.00439139,0.0825848,0.00159391,0.00310586,0.166752,1.38,1,-0.0381044,-0.0165389,-0.256462,0.999943,-0.0105745,-0.000595732,-0.00163643,-0.224102,-0.106407,-1.42806,0.0567773,-0.00436034,0.0842524,0.00159892,0.0030158,0.260564
1.38,0.999943,-0.0105813,-0.000596767,-0.00163596,0.000145964,0.00262273,0.00219852,0.0568234,-0.00438903,0.0823799,0.00155377,0.00338041,0.165899,1.4,1,-0.0355141,-0.0459337,-0.337307,0.999943,-0.0105806,-0.000583539,-0.00162511,-0.205568,-0.334874,-1.88281,0.0568389,-0.00435523,0.0840389,0.0015587,0.00329035,0.259711
1.4,0.999943,-0.0105745,-0.000596541,-0.00167258,0.00014533,0.00169067,-0.000464665,0.0570593,-0.00436675,0.0818769,0.00156975,0.0036995,0.163295,1.42,1,0.0193115,-0.0129029,-0.311863,0.999942,-0.0105738,-0.000588114,-0.00167499,0.233521,-0.0720433,-1.73826,0.057075,-0.00432976,0.0835098,0.00157467,0.0036095,0.257107
1.42,0.999943,-0.0105568,-0.00058716,-0.00166865,0.000811117,-0.000439856,0.00113323,0.0572758,-0.00432925,0.0818634,0.00170118,0.00379369,0.161768,1.44,1,0.0304768,0.0268237,-0.256081,0.999943,-0.0105528,-0.000589306,-0.00166296,0.323806,0.241148,-1.42346,0.0572928,-0.00429131,0.0834811,0.00170602,0.00370384,0.25558
1.44,0.999943,-0.0105512,-0.000601666,-0.00167663,0.00147691,0.000225938,6.79696e-05,0.0574797,-0.00427885,0.0823148,0.00238296,0.00412544,0.16004,1.46,1,0.0058648,0.0315228,-0.268923,0.999943,-0.0105438,-0.000600545,-0.00167629,0.126453,0.279579,-1.495,0.0575035,-0.0042376,0.0839152,0.00238793,0.00403564,0.253852
1.46,0.999943,-0.0105497,-0.000603968,-0.00168036,0.000544265,-0.000439753,-0.000997577,0.0575314,-0.00426391,0.0824938,0.00249853,0.00407767,0.159614,1.48,1,0.0207709,-0.0177934,-0.218746,0.999943,-0.010547,-0.000606224,-0.00168532,0.247661,-0.118885,-1.21685,0.0575564,-0.00422314,0.08409,0.00250352,0.00398788,0.253426
1.48,0.999943,-0.0105403,-0.000609421,-0.00167978,0.00254164,-0.00123869,6.7687e-05,0.0575834,-0.00424855,0.082699,0.00265231,0.00413951,0.159332,1.5,1,-0.0173428,0.0335216,-0.327159,0.999943,-0.0105276,-0.000615632,-0.00167937,-0.0611614,0.300115,-1.82107,0.0576099,-0.00420716,0.0842923,0.00265735,0.00404981,0.253144
1.5,0.999943,-0.0105315,-0.000627231,-0.0016818,0.00107624,0.000758716,-0.00113075,0.0577833,-0.00422419,0.0821933,0.0021402,0.0039534,0.156936,1.52,1,-0.00735858,-0.0329517,-0.197316,0.999943,-0.0105261,-0.000623506,-0.00168749,0.0231346,-0.242157,-1.09759,0.0578047,-0.00418465,0.0837626,0.00214539,0.00386376,0.250749
1.52,0.999943,-0.0105122,-0.000617123,-0.00166921,0.000543642,0.00049259,-0.000331819,0.0580822,-0.00417329,0.0815446,0.00275832,0.00467714,0.153619,1.54,1,-0.0125371,-0.00533014,-0.295451,0.999943,-0.0105095,-0.000614682,-0.0016709,-0.0213432,-0.0132431,-1.64577,0.0581098,-0.00412652,0.0830807,0.00276342,0.00458767,0.247431
1.54,0.999943,-0.0105031,-0.000616152,-0.00166236,0.00134259,0.00129154,-0.000464976,0.0582011,-0.00414286,0.0814872,0.00320726,0.0048034,0.152324,1.56,1,-0.00805736,-0.0288174,-0.236925,0.999943,-0.0104964,-0.00060973,-0.00166475,0.0163539,-0.205939,-1.31933,0.0582332,-0.00409482,0.0830104,0.00321236,0.00471401,0.246136
1.56,0.999943,-0.0105006,-0.000616758,-0.00166399,0.000809954,-4.00428e-05,-0.00046498,0.0582613,-0.00412671,0.0814983,0.0033068,0.00473577,0.151882,1.58,1,-0.00452399,-0.00800535,-0.21981,0.999943,-0.0104966,-0.000616989,-0.00166631,0.044779,-0.040821,-1.22223,0.0582943,-0.00407935,0.0830172,0.0033119,0.0046464,0.245694
1.58,0.999941,-0.0106915,-0.000653009,-0.00167404,-0.0127728,-0.00256995,-0.00139701,0.0584676,-0.00407048,0.0810049,0.00301793,0.00779934,0.150437,1.6,1,0.01004,-0.0124689,-0.288086,0.999941,-0.0107554,-0.000665825,-0.00168093,0.160872,-0.0699685,-1.605,0.0584978,-0.00399248,0.0825093,0.00302333,0.00770835,0.244249
1.6,0.999942,-0.0106457,-0.000638763,-0.00166359,0.00214096,-0.00363519,-0.00046501,0.058826,-0.00389336,0.080138,0.00369314,0.00696349,0.147846,1.62,1,0.0209592,0.0271906,-0.245788,0.999942,-0.010635,-0.000656981,-0.00166572,0.248547,0.243674,-1.36576,0.0588629,-0.00382373,0.0816164,0.00369843,0.00687289,0.241658
1.62,0.999942,-0.010644,-0.000648084,-0.00165877,0.000543049,-0.000306249,6.76317e-05,0.0591046,-0.00381243,0.0799726,0.00416514,0.00474138,0.14596,1.64,1,-0.0244248,0.00714651,-0.24117,0.999942,-0.0106413,-0.000649616,-0.00165841,-0.114122,0.0824107,-1.34095,0.0591463,-0.00376501,0.0814322,0.0041705,0.00465079,0.239772
1.64,0.999942,-0.0106447,-0.000643903,-0.00166111,9.7698e-06,0.00115818,-0.000597889,0.0591739,-0.00379979,0.0800005,0.00432014,0.00443986,0.145372,1.66,1,-0.00721753,-0.0161922,-0.248135,0.999942,-0.0106447,-0.000638145,-0.00166416,0.0236807,-0.103506,-1.3814,0.0592171,-0.00375539,0.0814542,0.00432547,0.00434926,0.239184
1.66,0.999942,-0.0106443,-0.00064391,-0.00165755,0.000276086,9.29199e-05,0.00086685,0.0592429,-0.00378874,0.0800551,0.0043824,0.00418715,0.14503,1.68,1,-0.00319202,0.0138606,-0.344863,0.999942,-0.010643,-0.000643401,-0.00165322,0.0524266,0.145038,-1.92157,0.0592867,-0.00374686,0.0815054,0.00438773,0.00409656,0.238842
1.68,0.999942,-0.0106389,-0.000667691,-0.00164424,0.000408799,-0.00350234,0.00139948,0.059559,-0.0037525,0.0789213,0.00450843,0.00560823,0.142219,1.7,1,-0.0201514,0.0409033,-0.223134,0.999942,-0.0106369,-0.000685131,-0.00163705,-0.0800574,0.351135,-1.238,0.0596041,-0.00369642,0.0803435,0.00451396,0.00551768,0.236031
1.7,0.999942,-0.0106278,-0.000653399,-0.00165233,-0.000123789,0.00142481,0.00126629,0.0599274,-0.00363566,0.0777773,0.00535931,0.00767575,0.138584,1.72,1,-0.0229375,0.0037858,-0.231396,0.999942,-0.0106284,-0.000646207,-0.00164608,-0.102058,0.0547392,-1.28644,0.059981,-0.0035589,0.0791632,0.00536472,0.0075853,0.232396
1.72,0.999942,-0.01062,-0.000653244,-0.00165042,0.0021399,9.32241e-05,0.00046734,0.0600013,-0.00360069,0.0776351,0.0054385,0.00814817,0.137952,1.74,1,-0.0209072,0.0172183,-0.284863,0.999942,-0.0106093,-0.000652771,-0.00164808,-0.0875565,0.166672,-1.58518,0.0600557,-0.00351921,0.0790146,0.00544391,0.00805778,0.231764
1.74,0.999942,-0.0105947,-0.00063808,-0.00165474,0.00347148,0.00315586,-0.000597915,0.0601479,-0.00352421,0.0774354,0.00556408,0.00811981,0.137482,1.76,1,-0.0492121,0.0142637,-0.233527,0.999942,-0.0105773,-0.000622362,-0.00165789,-0.312756,0.138201,-1.29766,0.0602035,-0.00344301,0.0788102,0.00556936,0.00802964,0.231295
1.76,0.999943,-0.0105693,-0.000633845,-0.00163979,0.00320516,9.32136e-05,0.00366315,0.0602909,-0.00344541,0.0773526,0.00574049,0.008251,0.136661,1.78,1,-0.00739666,-0.0142564,-0.253531,0.999943,-0.0105533,-0.000633211,-0.00162147,0.0215118,-0.0878003,-1.41163,0.0603483,-0.0033629,0.0787192,0.00574574,0.00816105,0.230473
1.78,0.999943,-0.0105441,-0.000649916,-0.00163643,0.000541662,0.000226362,-0.00126372,0.0606832,-0.00325354,0.0764345,0.00626697,0.00837594,0.13358,1.8,1,0.0150787,0.0267981,-0.289934,0.999943,-0.0105413,-0.000648856,-0.00164276,0.199452,0.244,-1.61325,0.0607458,-0.00316978,0.0777703,0.00627235,0.0082862,0.227392
1.8,0.999943,-0.0105395,-0.000653422,-0.00163451,0.000142194,-0.00110522,0.00113313,0.0610096,-0.00308764,0.0756095,0.00659956,0.0083116,0.131725,1.82,1,0.0158173,-0.0310711,-0.248047,0.999943,-0.0105388,-0.000658889,-0.00162879,0.207268,-0.222372,-1.38201,0.0610756,-0.00300453,0.0769268,0.00660498,0.0082219,0.225537
1.82,0.999943,-0.0105352,-0.000649427,-0.00163076,0.00120809,0.00102549,0.000999596,0.0610894,-0.0030462,0.0754784,0.00660317,0.00823102,0.13125,1.84,1,-0.0085795,0.00466471,-0.256098,0.999943,-0.0105291,-0.000644257,-0.00162581,0.0114431,0.0638098,-1.42494,0.0611554,-0.00296389,0.076791,0.00660855,0.00814135,0.225062
1.84,0.999943,-0.0105261,-0.000654306,-0.00160987,0.00240652,-0.00123818,0.00526065,0.0611687,-0.00300519,0.0753753,0.00682605,0.008074,0.130762,1.86,1,-0.022584,0.00230375,-0.203653,0.999943,-0.0105141,-0.000660239,-0.00158349,-0.0993356,0.0404109,-1.13135,0.061237,-0.00292445,0.0766829,0.00683147,0.00798441,0.224574
1.86,0.999943,-0.0105229,-0.000663717,-0.00164272,9.33387e-06,-0.000705532,-0.00246253,0.0615977,-0.00282213,0.0737267,0.00673372,0.00881653,0.127558,1.88,1,-0.0439782,-0.0490382,-0.2431,0.999943,-0.0105228,-0.000667375,-0.001655,-0.270983,-0.367258,-1.35511,0.0616651,-0.00273396,0.0750023,0.00673922,0.00872697,0.22137
1.88,0.999943,-0.0105356,-0.00066514,-0.0016181,9.28213e-06,-3.92689e-05,0.00446166,0.0619038,-0.00268942,0.0723677,0.00709299,0.00902451,0.124764,1.9,1,0.0284138,-0.0290372,-0.233053,0.999943,-0.0105356,-0.000665101,-0.00159579,0.308325,-0.207104,-1.29803,0.0619748,-0.00259917,0.0736154,0.0070985,0.00893485,0.218576
1.9,0.999943,-0.0105356,-0.00065282,-0.00161022,0.000142426,0.00302338,0.00206482,0.0619794,-0.00265134,0.0721032,0.00705852,0.00922273,0.124364,1.92,1,0.018398,-0.0230586,-0.23745,0.999943,-0.0105349,-0.000637596,-0.00160005,0.228069,-0.159137,-1.32232,0.06205,-0.00255912,0.0733468,0.00706393,0.00913307,0.218176
1.92,0.999943,-0.0105448,-0.000639502,-0.00160978,-0.00185494,-0.000172421,-0.000465185,0.0621289,-0.00257298,0.0716631,0.00732075,0.00900302,0.123446,1.94,1,-0.00387743,-0.0130313,-0.18269,0.999943,-0.010554,-0.000640373,-0.00161211,0.0511459,-0.0838538,-1.0149,0.0622021,-0.00248295,0.0728976,0.00732604,0.00891327,0.217258
1.94,0.999943,-0.0105519,-0.00062978,-0.00164019,-0.00118943,-3.92011e-05,-0.00073151,0.0623822,-0.00247676,0.0702351,0.00735515,0.00891336,0.121283,1.96,1,0.00628184,-0.0194586,-0.247478,0.999943,-0.0105579,-0.000630005,-0.00164385,0.131032,-0.129806,-1.37807,0.0624557,-0.00238763,0.0714479,0.00736036,0.00882355,0.215095
1.96,0.999943,-0.0105246,-0.000643279,-0.00164203,0.00267216,0.000493429,-0.000198885,0.062714,-0.00233991,0.0684915,0.00779776,0.0091061,0.118997,1.98,1,-0.0062933,0.000559455,-0.204402,0.999943,-0.0105112,-0.000640845,-0.00164304,0.0310144,0.0266401,-1.13553,0.062792,-0.00224885,0.0696814,0.00780309,0.00901652,0.212809
1.98,0.999943,-0.0105297,-0.000627521,-0.00165342,-0.000523885,0.00302349,-0.00139732,0.0628917,-0.00227602,0.0673884,0.00786778,0.00933202,0.117852,2,1,-0.0387062,0.0363935,-0.261965,0.999943,-0.0105323,-0.000612473,-0.00166056,-0.230256,0.317525,-1.45572,0.0629704,-0.0021827,0.0685669,0.00787297,0.0092424,0.211664
2,0.999943,-0.0105289,-0.000618552,-0.00165246,8.74698e-06,0.0014256,0.000466893,0.0630668,-0.00220723,0.0664231,0.00801536,0.00930145,0.116981,2.02,1,-0.0148911,-0.00672358,-0.254281,0.999943,-0.0105288,-0.0006114,-0.0016502,-0.0388405,-0.027779,-1.41529,0.063147,-0.00211422,0.0675929,0.00802047,0.00921184,0.210793
2.02,0.999943,-0.0105202,-0.000628707,-0.001639,0.00133944,-0.00363449,0.0020646,0.0633282,-0.00209999,0.0652228,0.00825283,0.00944864,0.115376,2.04,1,0.0240988,0.0619543,-0.280442,0.999943,-0.0105136,-0.000646781,-0.00162848,0.271147,0.524341,-1.55803,0.0634107,-0.0020055,0.0663766,0.00825803,0.00935911,0.209188
2.04,0.999943,-0.0105396,-0.000620858,-0.00167514,0.00147261,0.00102604,-0.000598563,0.0637435,-0.0019038,0.0637254,0.00831121,0.00991869,0.112705,2.06,1,0.00423866,-0.0150778,-0.284369,0.999943,-0.0105323,-0.000615772,-0.00167818,0.113522,-0.0918205,-1.58429,0.0638266,-0.00180461,0.0648524,0.00831634,0.00982898,0.206517
2.06,0.999943,-0.0105251,-0.000613435,-0.00164291,0.00187197,-0.000970823,0.000866149,0.0639617,-0.001793,0.0629676,0.00843045,0.0101687,0.111846,2.08,1,0.0416867,-0.00121869,-0.270488,0.999943,-0.0105157,-0.000618259,-0.00163853,0.413149,0.0182943,-1.50601,0.064046,-0.00169131,0.0640861,0.00843553,0.0100792,0.205658
2.08,0.999943,-0.0105209,-0.000616337,-0.00163636,0.00120617,-0.000837671,0.0016651,0.0640327,-0.0017537,0.0627707,0.00836001,0.0101229,0.111398,2.1,1,-0.0121337,0.0108276,-0.234019,0.999943,-0.0105149,-0.000620448,-0.00162799,-0.0165413,0.110947,-1.30084,0.0641163,-0.00165247,0.0638847,0.00836511,0.0100334,0.20521
2.1,0.999942,-0.0106706,-0.000606465,-0.00163744,0.00506776,0.000893383,0.00033351,0.0643761,-0.00145263,0.0622272,0.00890043,0.0127262,0.110012,2.12,1,0.0192704,-0.00804025,-0.270396,0.999942,-0.0106453,-0.000602022,-0.0016358,0.235113,-0.0363135,-1.50585,0.0644651,-0.00132537,0.0633273,0.00890544,0.0126354,0.203824
2.12,0.999942,-0.0106598,-0.000569514,-0.00165921,-0.00159055,0.00235842,-0.00206336,0.0646978,-0.00130276,0.0603567,0.00936525,0.0103164,0.108022,2.14,1,0.0371804,-0.0121897,-0.281611,0.999942,-0.0106677,-0.00055782,-0.00166966,0.378063,-0.0686352,-1.56887,0.0647915,-0.0011996,0.061437,0.00936995,0.0102256,0.201834
2.14,0.999942,-0.0106612,-0.000552945,-0.00165477,0.00160524,0.00115999,0.00113243,0.0648621,-0.00125712,0.0593533,0.00980343,0.00954317,0.10726,2.16,1,0.0172097,-0.00593343,-0.227,0.999942,-0.0106531,-0.000547098,-0.00164917,0.219792,-0.0235689,-1.26251,0.0649601,-0.00116168,0.0604259,0.00980798,0.00945244,0.201072
2.16,0.999942,-0.0106604,-0.000552406,-0.00165386,-0.00092477,-0.000704218,-0.000199148,0.0650298,-0.00121528,0.058482,0.0100439,0.00921147,0.106227,2.18,1,-0.00111413,0.0145395,-0.232405,0.999942,-0.010665,-0.00055593,-0.00165482,0.0728068,0.140413,-1.29151,0.0651302,-0.00112316,0.0595443,0.0100484,0.00912074,0.200039
2.18,0.999941,-0.0106826,-0.00058827,-0.00164538,-0.000525274,-0.00203606,0.000733393,0.0652833,-0.00113741,0.0574053,0.0106436,0.0102381,0.104615,2.2,1,-0.0579631,-0.0157026,-0.231822,0.999941,-0.0106853,-0.000598406,-0.00164161,-0.381588,-0.101995,-1.28993,0.0653897,-0.00103503,0.0584515,0.0106484,0.0101472,0.198427
2.2,0.999942,-0.0106768,-0.00059125,-0.00163047,0.0010724,0.000760361,0.00233127,0.065737,-0.000977582,0.055172,0.0109673,0.011512,0.102889,2.22,1,-0.0181951,0.0255997,-0.166559,0.999942,-0.0106715,-0.000587332,-0.00161885,-0.0624949,0.223436,-0.922089,0.0658467,-0.000862462,0.0562009,0.0109722,0.0114212,0.196701
2.22,0.999942,-0.0106707,-0.000595943,-0.0016334,-0.00145794,-0.00243491,0.000866502,0.065986,-0.000893935,0.0538543,0.0110993,0.0121288,0.101102,2.24,1,0.036457,0.0445937,-0.232899,0.999941,-0.010678,-0.000608059,-0.00162894,0.372818,0.381715,-1.29274,0.066097,-0.000772647,0.0548654,0.0111043,0.0120379,0.194914
2.24,0.999942,-0.0106747,-0.000587399,-0.00162789,-0.000792151,0.0019593,0.00139914,0.0660684,-0.00086122,0.0534754,0.0109986,0.0120834,0.100862,2.26,1,0.00405165,-0.046115,-0.200335,0.999941,-0.0106786,-0.000577522,-0.001621,0.115643,-0.347138,-1.11566,0.0661784,-0.000740386,0.054484,0.0110035,0.0119926,0.194674
2.26,0.999942,-0.0106602,-0.000572161,-0.00161944,0.00213733,0.00142667,-0.000331913,0.0664004,-0.000717454,0.0522465,0.011341,0.0122899,0.0992808,2.28,1,0.0133589,0.0140096,-0.207043,0.999942,-0.0106495,-0.000565063,-0.00162117,0.189153,0.134377,-1.14971,0.0665138,-0.000594555,0.0532393,0.0113458,0.0121992,0.193093
2.28,0.999942,-0.0106368,-0.000573783,-0.00162567,0.00293627,0.000228243,-0.00113086,0.0667436,-0.000544728,0.0514551,0.0122734,0.012435,0.0980371,2.3,1,-0.0285972,0.0446298,-0.2568,0.999942,-0.0106221,-0.000572725,-0.00163133,-0.148406,0.382928,-1.42646,0.0668663,-0.000420378,0.0524355,0.0122781,0.0123444,0.191849
2.3,0.999942,-0.0106233,-0.00056895,-0.00162746,0.00187101,0.00275825,0.000866505,0.0670127,-0.000401608,0.051136,0.0124665,0.0129213,0.0975866,2.32,1,-0.00388955,0.030456,-0.168642,0.999942,-0.0106139,-0.000555129,-0.00162327,0.0514496,0.2624,-0.933538,0.0671373,-0.000272395,0.0521118,0.0124712,0.0128309,0.191399
2.32,0.999942,-0.0106086,-0.000585221,-0.00162625,0.0016045,-0.0016358,-0.00019877,0.0671918,-0.000318393,0.0504601,0.0122614,0.01339,0.0965997,2.34,1,0.0240388,-0.0394041,-0.216221,0.999942,-0.0106006,-0.000593423,-0.00162715,0.274569,-0.291986,-1.20431,0.0673144,-0.000184493,0.0514261,0.0122663,0.0132997,0.190412
2.34,0.999942,-0.0106131,-0.000587479,-0.00162871,-0.00092474,-0.000703815,-0.000598635,0.0672797,-0.000272512,0.0501645,0.0122767,0.0135107,0.0962038,2.36,1,-0.0278644,-0.00972798,-0.15185,0.999942,-0.0106177,-0.000591022,-0.00163167,-0.139606,-0.0606464,-0.841785,0.0674024,-0.000137406,0.0511266,0.0122816,0.0134204,0.190016
2.36,0.999943,-0.0105805,-0.000569299,-0.00163254,0.00240421,0.00089408,-0.00139759,0.0678165,5.50331e-05,0.0489648,0.0126578,0.0145438,0.0943399,2.38,1,0.0469599,-0.00673958,-0.173581,0.999943,-0.0105685,-0.000564922,-0.00163957,0.458217,-0.0341275,-0.963555,0.0679431,0.000200471,0.0499082,0.0126625,0.0144538,0.188152
2.38,0.999943,-0.0105669,-0.000575089,-0.00163407,0.00160491,-0.000570003,-0.00126444,0.0682155,0.000355244,0.0484339,0.0124484,0.0155458,0.0937396,2.4,1,-0.0248253,-0.0425641,-0.234466,0.999943,-0.0105588,-0.000578019,-0.00164035,-0.117041,-0.31653,-1.30649,0.06834,0.000510702,0.0493713,0.0124532,0.0154559,0.187552
2.4,0.999943,-0.0105659,-0.000578691,-0.00163112,0.000406492,-0.00110263,0.000732929,0.0682888,0.000417609,0.0483741,0.0124995,0.0156382,0.0936894,2.42,1,0.00280874,-0.00372614,-0.194202,0.999943,-0.0105638,-0.000584168,-0.00162739,0.104535,-0.00881417,-1.07874,0.0684138,0.000573992,0.049311,0.0125042,0.0155483,0.187502
2.42,0.999943,-0.0105627,-0.000573335,-0.00163572,0.000939128,0.00116105,-0.00113128,0.0683619,0.000481471,0.0483375,0.0124169,0.0156389,0.0932778,2.44,1,-0.00359961,0.0364538,-0.205284,0.999943,-0.010558,-0.000567597,-0.00164143,0.05243,0.313399,-1.1384,0.0684861,0.00063786,0.0492703,0.0124217,0.015549,0.18709
2.44,0.999943,-0.0105698,-0.000543978,-0.00162712,0.000938965,0.00169394,-0.000864984,0.0686282,0.000686097,0.0472788,0.0124107,0.015598,0.092294,2.46,1,0.0435429,-0.0335746,-0.193835,0.999943,-0.0105651,-0.000535562,-0.00163153,0.430741,-0.247362,-1.07861,0.0687523,0.000842077,0.0482017,0.0124152,0.015508,0.186106
2.46,0.999943,-0.0105658,-0.000536342,-0.00162116,0.00173777,-0.00150167,0.000866057,0.0689537,0.000919231,0.0453527,0.0124935,0.0163239,0.090923,2.48,1,-0.0184242,0.0431907,-0.183647,0.999943,-0.0105571,-0.000543818,-0.00161674,-0.0657398,0.365002,-1.01684,0.0690786,0.00108247,0.0462619,0.0124979,0.016234,0.184735
2.48,0.999943,-0.010566,-0.000539701,-0.00162167,-0.00172434,0.000628857,-0.000199214,0.0690867,0.0010333,0.0447851,0.0127025,0.0168341,0.0899072,2.5,1,0.018732,0.0250759,-0.187494,0.999943,-0.0105746,-0.000536554,-0.00162271,0.231699,0.220926,-1.03956,0.0692137,0.00120164,0.0456842,0.0127069,0.0167442,0.183719
2.5,0.999943,-0.0105676,-0.000527885,-0.0016274,-0.000260282,0.00275935,-0.0013979,0.0691543,0.00109601,0.04454,0.012698,0.017038,0.0896337,2.52,1,-0.00398249,0.03086,-0.213579,0.999943,-0.0105689,-0.000514161,-0.00163454,0.0493865,0.268994,-1.18524,0.0692813,0.00126639,0.0454363,0.0127023,0.016948,0.183446
2.52,0.999943,-0.0105385,-0.000525059,-0.00161227,0.00160392,-0.00389855,-0.000865275,0.0695081,0.0014327,0.0434509,0.0134163,0.017851,0.0879382,2.54,1,0.051053,-0.010367,-0.217749,0.999943,-0.0105305,-0.000544609,-0.00161638,0.489787,-0.0598211,-1.21129,0.0696423,0.00161121,0.0443303,0.0134207,0.0177613,0.18175
2.54,0.999941,-0.0106854,-0.000512917,-0.00162683,-0.0340826,0.0015612,-0.000465754,0.06986,0.00176463,0.041976,0.0139838,0.0202435,0.0913652,2.56,1,0.0373355,-0.0551598,-0.153896,0.99994,-0.0108558,-0.000504859,-0.00162933,0.383025,-0.423566,-0.856193,0.0699999,0.00196706,0.0428896,0.0139881,0.0201525,0.185177
2.56,0.999941,-0.0107203,-0.000517738,-0.00162811,-0.00851685,-0.00150082,-0.000332565,0.0699222,0.00184563,0.0417292,0.0138219,0.022053,0.0861697,2.58,1,0.0187513,0.00418888,-0.203884,0.999941,-0.0107629,-0.00052519,-0.00162972,0.233047,0.055293,-1.13256,0.0700605,0.00206616,0.0425909,0.0138261,0.0219618,0.179982
2.58,0.999941,-0.010712,-0.000520041,-0.00163419,0.00226895,-0.000835018,-0.00153108,0.0699842,0.0019371,0.04149,0.0137519,0.0224814,0.0861086,2.6,1,0.00693622,-0.0132767,-0.196693,0.999941,-0.0107007,-0.000524316,-0.0016418,0.138854,-0.0851819,-1.09326,0.0701217,0.00216192,0.0423511,0.0137562,0.0223903,0.179921
2.6,0.999941,-0.0106988,-0.000501051,-0.00164178,-0.000261048,-0.000435545,-0.000732132,0.0702381,0.00230092,0.0407796,0.0140674,0.0204079,0.0849533,2.62,1,-0.0512743,-0.0133361,-0.204728,0.999941,-0.0107001,-0.000503266,-0.00164541,-0.327161,-0.0859155,-1.13808,0.0703788,0.002505,0.0416291,0.0140715,0.0203168,0.178765
2.62,0.999941,-0.0107147,-0.00046215,-0.00162159,-0.000926842,0.00116235,0.000199975,0.0705761,0.00268279,0.0404241,0.01449,0.0180079,0.0844547,2.64,1,0.0156412,0.0237898,-0.221753,0.999941,-0.0107193,-0.00045632,-0.00162066,0.207542,0.213122,-1.23151,0.070721,0.00286286,0.0412687,0.0144938,0.0179167,0.178267
2.64,0.999941,-0.0107223,-0.000453637,-0.00161099,-0.00106,0.000896036,0.00272998,0.0707207,0.00283317,0.0404401,0.014511,0.0184143,0.0844901,2.66,1,0.00305503,0.0280984,-0.197757,0.999941,-0.0107276,-0.000449002,-0.00159739,0.107408,0.245332,-1.09685,0.0708658,0.00301731,0.041285,0.0145147,0.018323,0.178302
2.66,0.999941,-0.010726,-0.000448117,-0.00160917,-0.000793683,0.00116235,0.000466294,0.070793,0.00291377,0.0404813,0.0143732,0.0186542,0.0845836,2.68,1,-0.0101267,-0.00691003,-0.110923,0.999941,-0.01073,-0.000442274,-0.0016069,0.00395421,-0.0423268,-0.612565,0.0709368,0.00310032,0.0413272,0.0143768,0.018563,0.178396
2.68,0.999941,-0.0107504,-0.000427139,-0.00158614,-0.00332414,-0.000169433,0.000332923,0.0711293,0.00334382,0.0406857,0.0134702,0.0201434,0.0838803,2.7,1,0.0379264,0.00506579,-0.154786,0.999941,-0.010767,-0.000427941,-0.00158447,0.387703,0.0576907,-0.85777,0.071264,0.00354525,0.0415245,0.0134737,0.0200519,0.177693
2.7,0.999941,-0.0107456,-0.000412743,-0.00158852,0.00133602,0.000896268,-0.0019308,0.0714149,0.00375766,0.0402071,0.0132835,0.021264,0.0832281,2.72,1,0.0309406,-0.00288182,-0.223025,0.999941,-0.0107389,-0.000408376,-0.00159822,0.330567,-0.000270661,-1.24044,0.0715478,0.0039703,0.0410393,0.0132868,0.0211726,0.17704
2.72,0.999941,-0.010744,-0.000401948,-0.00158791,0.000537069,0.00249417,0.000199729,0.0714718,0.00384755,0.0401817,0.013423,0.0212489,0.0831446,2.74,1,-0.0142942,0.0274933,-0.17632,0.999941,-0.0107413,-0.000389472,-0.00158704,-0.0306999,0.23807,-0.976897,0.071606,0.00406004,0.0410131,0.0134263,0.0211575,0.176957
2.74,0.999941,-0.0107371,-0.000391681,-0.00158356,0.00186865,0.00236101,0.00113184,0.0715151,0.00391424,0.0401113,0.0134189,0.0210428,0.0829983,2.76,1,0.0420725,-0.0436717,-0.107601,0.999941,-0.0107277,-0.000379831,-0.00157803,0.422015,-0.336468,-0.596448,0.0716493,0.00412466,0.0409413,0.013422,0.0209515,0.176811
2.76,0.999941,-0.0107177,-0.000386925,-0.00157269,0.0022672,-0.00189923,-0.000865534,0.0716321,0.00410124,0.0397651,0.013059,0.0210453,0.0827945,2.78,1,-0.0296912,0.0109536,-0.149446,0.999941,-0.0107064,-0.000396485,-0.00157691,-0.15338,0.103123,-0.827423,0.0717627,0.0043117,0.0405931,0.0130622,0.0209541,0.176607
2.78,0.999941,-0.010718,-0.000400889,-0.00159341,2.90307e-06,0.000631312,-0.000466098,0.0718574,0.00435616,0.0378173,0.0136973,0.0208985,0.0816314,2.8,1,-0.00156266,0.0401416,-0.226709,0.999941,-0.010718,-0.000397758,-0.00159578,0.0697011,0.343654,-1.2584,0.0719943,0.00456514,0.0386336,0.0137006,0.0208073,0.175444
2.8,0.999941,-0.010727,-0.000376779,-0.00159801,-0.00146183,0.00302816,-0.000599252,0.0719363,0.00444679,0.037246,0.0131685,0.020973,0.0814476,2.82,1,0.0278041,0.0362623,-0.168026,0.999941,-0.0107342,-0.00036166,-0.00160117,0.305955,0.307824,-0.929958,0.072068,0.00465652,0.0380604,0.0131716,0.0208817,0.17526
2.82,0.999941,-0.010728,-0.000384569,-0.00158491,2.89306e-06,-0.00229816,0.00326233,0.0719756,0.00449679,0.0370016,0.0132795,0.0211478,0.0814315,2.84,1,0.0303753,0.0149179,-0.190537,0.999941,-0.010728,-0.000395884,-0.00156848,0.326414,0.139092,-1.05741,0.0721084,0.00470827,0.0378159,0.0132826,0.0210565,0.175244
2.84,0.999941,-0.0107265,-0.000381092,-0.00156168,-0.000262048,0.000231384,0.000598753,0.0721545,0.00473077,0.0362762,0.0138617,0.0217265,0.0806396,2.86,1,0.00971957,-0.00824628,-0.165342,0.999941,-0.0107278,-0.000379901,-0.0015587,0.161975,-0.0486501,-0.917752,0.0722932,0.00494803,0.0370826,0.0138648,0.0216352,0.174452
2.86,0.999941,-0.010725,-0.000376155,-0.00155508,0.00160176,-0.000434111,-0.00113232,0.072382,0.00497795,0.0350121,0.0137343,0.0217061,0.0791683,2.88,1,-0.00354989,0.0385366,-0.200538,0.999941,-0.010717,-0.000378398,-0.00156071,0.0545112,0.328382,-1.1121,0.0725193,0.00519501,0.0358038,0.0137373,0.0216149,0.17298
2.88,0.999941,-0.0107269,-0.000356352,-0.00153951,3.85708e-06,0.00129694,0.00139769,0.0725171,0.00514579,0.0344179,0.0135764,0.0217113,0.0785794,2.9,1,-0.00219111,-0.0311491,-0.217331,0.999941,-0.0107269,-0.000349793,-0.00153259,0.0659573,-0.227774,-1.21044,0.0726528,0.00536291,0.0352037,0.0135793,0.0216201,0.172392
2.9,0.999941,-0.0107182,-0.000360161,-0.00153722,0.00240071,-0.00123305,0.000598737,0.0725646,0.00520646,0.0342673,0.013707,0.0216794,0.0784413,2.92,1,0.00328942,0.0172572,-0.156875,0.999941,-0.0107063,-0.000366312,-0.00153416,0.11032,0.154387,-0.868918,0.0727017,0.00542325,0.0350517,0.01371,0.0215882,0.172253
2.92,0.999941,-0.0107439,-0.000373875,-0.0015746,-0.00305979,0.00169717,-0.00086601,0.0727558,0.00543565,0.033584,0.0134838,0.02107,0.0773409,2.94,1,0.0357341,0.0193287,-0.167076,0.999941,-0.0107592,-0.000365412,-0.00157902,0.369784,0.172378,-0.925798,0.0728906,0.00564635,0.0343574,0.0134868,0.0209786,0.171153
2.94,0.999941,-0.0107507,-0.000359434,-0.00157774,-0.00092927,-0.000433353,0.000199266,0.0729231,0.00564928,0.0334212,0.0136599,0.0208089,0.0766445,2.96,1,-0.00907074,-0.0266257,-0.145361,0.999941,-0.0107553,-0.000361582,-0.00157673,0.0124138,-0.197762,-0.806821,0.0730597,0.00585737,0.0341877,0.0136628,0.0207174,0.170457
2.96,0.999941,-0.0107629,-0.000369987,-0.00158061,-0.00132874,0.00116454,-0.000200213,0.0731122,0.00589477,0.0335654,0.0138756,0.0207808,0.0762805,2.98,1,-0.0043961,-0.00023339,-0.0993595,0.999941,-0.0107695,-0.000364165,-0.00158167,0.0502182,0.00957778,-0.547578,0.0732509,0.00610258,0.0343282,0.0138786,0.0206892,0.170093
2.98,0.999941,-0.0107653,-0.00036273,-0.00158157,-0.000396894,0.00156382,-0.000200718,0.0731627,0.00596085,0.033649,0.0138428,0.0205581,0.0760622,3,1,0.0164492,-0.00144718,-0.172849,0.999941,-0.0107673,-0.000354919,-0.00158266,0.215917,0.0063754,-0.959298,0.0733011,0.00616643,0.0344096,0.0138458,0.0204665,0.169874
3,0.999941,-0.0107601,-0.000373869,-0.00158054,0.00146732,-0.0021646,0.000331913,0.0732662,0.00609515,0.0338692,0.0139736,0.0202028,0.0759517,3.02,1,-0.0181571,0.0148874,-0.114743,0.999941,-0.0107527,-0.000384685,-0.00157876,-0.0602918,0.13171,-0.632797,0.0734059,0.00629718,0.0346287,0.0139767,0.0201112,0.169764
3.02,0.999941,-0.0107515,-0.000381679,-0.00159702,-0.000396896,0.00116435,-0.000733351,0.0735308,0.00641527,0.0344312,0.0140201,0.0202094,0.0759398,3.04,1,0.00495734,0.026021,-0.109112,0.999941,-0.0107534,-0.000375893,-0.00160075,0.124459,0.220638,-0.600549,0.0736711,0.00661736,0.0351906,0.0140233,0.0201179,0.169752
3.04,0.999939,-0.0109195,-0.00037097,-0.00161025,-0.000264563,0.00223007,-0.000866519,0.0736647,0.00652306,0.03409,0.0139858,0.0234007,0.075476,3.06,1,-0.0109677,0.0167176,-0.120785,0.999939,-0.0109208,-0.000359866,-0.00161471,-0.00161135,0.147088,-0.666358,0.0738046,0.00675707,0.0348448,0.0139888,0.0233078,0.169288
3.06,0.999939,-0.0109058,-0.00037693,-0.00161229,0.00372954,-0.00176433,-0.000467069,0.073706,0.00655617,0.0338529,0.0139406,0.0234777,0.0755623,3.08,1,0.0109876,0.000237827,-0.118026,0.999939,-0.0108871,-0.000385807,-0.00161453,0.174168,0.0153357,-0.651948,0.0738454,0.00679095,0.0346085,0.0139436,0.0233849,0.169375
3.08,0.999939,-0.0108821,-0.000396074,-0.0016172,0.00213058,-0.00109778,0.00139716,0.0738441,0.00663332,0.0330104,0.0139074,0.0210331,0.0754278,3.1,1,-0.0546214,-0.00385916,-0.0769522,0.99994,-0.0108714,-0.000401504,-0.00161015,-0.350471,-0.0217245,-0.422005,0.0739832,0.00684365,0.0337647,0.0139107,0.0209404,0.16924
3.1,0.99994,-0.0108688,-0.000389444,-0.00162373,-0.000133102,0.00063328,-0.00073338,0.074047,0.00667027,0.0324516,0.0142571,0.0186738,0.0757703,3.12,1,0.0277698,-0.0185989,-0.171469,0.99994,-0.0108694,-0.000386317,-0.00162743,0.307465,-0.130444,-0.952409,0.0741896,0.006857,0.0332093,0.0142603,0.0185813,0.169582
3.12,0.999939,-0.0108749,-0.000393856,-0.00163361,0.000799005,-0.00109778,-0.000600219,0.0741333,0.00669144,0.0323894,0.0140278,0.0187542,0.0758587,3.14,1,-0.00816109,0.00703433,-0.0870185,0.99994,-0.0108709,-0.000399383,-0.00163655,0.0210134,0.0668738,-0.477715,0.0742736,0.00687899,0.033148,0.014031,0.0186617,0.169671
3.14,0.999939,-0.010874,-0.000394428,-0.00163137,0.000532687,-0.000431987,0.000598202,0.0741774,0.00670894,0.0323882,0.0139718,0.0190498,0.0757601,3.16,1,0.000181631,-0.0276165,-0.16751,0.99994,-0.0108713,-0.00039656,-0.00162836,0.0870137,-0.203235,-0.930676,0.0743171,0.00689944,0.0331458,0.013975,0.0189572,0.169572
3.16,0.99994,-0.010862,-0.000400539,-0.00162458,0.0019974,-0.0010975,0.00259599,0.0743084,0.00679423,0.0325071,0.0134723,0.020125,0.0759203,3.18,1,0.00237077,0.039357,-0.110585,0.99994,-0.010852,-0.000405902,-0.00161153,0.104394,0.32766,-0.607815,0.0744431,0.00699548,0.0332663,0.0134755,0.0200325,0.169733
3.18,0.99994,-0.0108338,-0.000425,-0.00161161,0.00239615,-0.000165002,0.000199136,0.0744801,0.00685074,0.0318894,0.0130955,0.02072,0.0755918,3.2,1,-0.0390696,-0.00509608,-0.142512,0.99994,-0.0108218,-0.000425833,-0.0016106,-0.22724,-0.0255557,-0.789311,0.0746111,0.00705794,0.0326453,0.0130989,0.0206278,0.169404
3.2,0.99994,-0.010797,-0.000421203,-0.00161336,0.0031951,-0.000431324,0.00086492,0.0746289,0.00695229,0.0317958,0.0132463,0.0202726,0.0760417,3.22,1,0.0163868,-0.00355906,-0.105293,0.999941,-0.0107811,-0.000423339,-0.00160901,0.216662,-0.0158141,-0.580874,0.0747614,0.00715501,0.0325562,0.0132497,0.0201807,0.169854
3.22,0.99994,-0.0107971,-0.000430972,-0.00161314,0.000265627,-0.00269501,6.59757e-05,0.0746712,0.0069818,0.0318255,0.0133451,0.0200892,0.0759343,3.24,1,0.0044117,0.0440426,-0.19052,0.99994,-0.0107958,-0.000444445,-0.00161267,0.118775,0.372214,-1.05534,0.0748046,0.00718269,0.0325849,0.0133486,0.0199973,0.169746
3.24,0.99994,-0.0107881,-0.000440023,-0.00161759,0.00186351,-3.18533e-05,0.000864931,0.0747568,0.0070484,0.0319424,0.0129186,0.0201166,0.0759117,3.26,1,-0.0259332,0.0163603,-0.164481,0.999941,-0.0107787,-0.000440151,-0.00161326,-0.123156,0.148205,-0.911056,0.074886,0.00724957,0.0327015,0.0129222,0.0200248,0.169724
3.26,0.99994,-0.0107892,-0.000467784,-0.00162248,-0.00239937,-0.00282692,-6.71788e-05,0.0748776,0.00700989,0.0312434,0.0122857,0.0197174,0.07556,3.28,1,-0.0359129,-0.0206487,-0.183708,0.99994,-0.0108012,-0.000481902,-0.00162266,-0.202936,-0.146114,-1.02093,0.0750005,0.00720706,0.031999,0.0122896,0.0196255,0.169372
3.28,0.99994,-0.0107881,-0.000445762,-0.00163239,0.00146221,-3.06006e-05,-0.000200341,0.0749619,0.00701687,0.0310689,0.0117917,0.0189789,0.0758499,3.3,1,-0.0279307,0.0335371,-0.131256,0.99994,-0.0107808,-0.000445938,-0.00163339,-0.138863,0.282776,-0.723841,0.0750799,0.00720666,0.0318274,0.0117953,0.018887,0.169662
3.3,0.999941,-0.0107771,-0.000444706,-0.00163121,0.00306011,-3.05968e-05,0.000332305,0.0749823,0.00702276,0.0310796,0.0116092,0.0188227,0.0758126,3.32,1,0.0292285,-0.02289,-0.146297,0.999941,-0.0107618,-0.000444866,-0.00162954,0.318822,-0.166598,-0.811641,0.0750984,0.00721099,0.0318377,0.0116128,0.018731,0.169625
3.32,0.999941,-0.0107715,-0.000411837,-0.00162194,0.00132946,0.00130143,-6.68084e-05,0.0750698,0.00707902,0.0313197,0.011476,0.0188172,0.0761942,3.34,1,-0.0156444,-0.0112993,-0.170455,0.999941,-0.0107649,-0.000405345,-0.00162234,-0.0406683,-0.0726578,-0.94619,0.0751845,0.00726719,0.0320816,0.0114794,0.0187255,0.170006
3.34,0.999941,-0.0107454,-0.000407172,-0.00162917,0.00013016,0.000369726,0.000598974,0.0751155,0.00702618,0.0309781,0.0116819,0.0186185,0.0761423,3.36,1,0.0162266,0.0454439,-0.225446,0.999941,-0.0107448,-0.000405292,-0.0016262,0.212126,0.386291,-1.25085,0.0752323,0.00721237,0.0317395,0.0116852,0.018527,0.169955
3.36,0.999941,-0.0107419,-0.000401955,-0.00163375,-2.99759e-06,0.00116867,-0.000732607,0.0751974,0.00699683,0.030837,0.0115335,0.0183735,0.0764885,3.38,1,0.02599,-0.0181815,-0.128668,0.999941,-0.0107419,-0.000396152,-0.00163747,0.292909,-0.130859,-0.71258,0.0753127,0.00718056,0.0316018,0.0115367,0.018282,0.170301
3.38,0.999941,-0.0107351,-0.000403674,-0.00163524,0.00199437,-0.00069554,-0.000333128,0.0752193,0.00699814,0.0308567,0.0114807,0.0183331,0.076678,3.4,1,-0.0230482,0.00478763,-0.126379,0.999941,-0.0107251,-0.000407186,-0.00163687,-0.0996774,0.0520534,-0.698259,0.0753341,0.00718147,0.0316235,0.011484,0.0182418,0.17049
3.4,0.999941,-0.0107288,-0.000404041,-0.00162219,-0.00040247,0.000902358,6.63419e-05,0.0752955,0.00701363,0.0310348,0.0116527,0.0179925,0.0762939,3.42,1,-0.0331262,0.00476079,-0.113053,0.999941,-0.0107308,-0.000399523,-0.00162191,-0.18019,0.0505673,-0.623678,0.075412,0.00719355,0.0317978,0.0116559,0.0179011,0.170106
3.42,0.999941,-0.0107134,-0.000409309,-0.00163687,0.00159366,0.000104172,-0.00126523,0.0753832,0.00699488,0.0313982,0.0114874,0.0174083,0.0762332,3.44,1,-0.0207494,-0.0220297,-0.139201,0.999941,-0.0107055,-0.000408869,-0.00164319,-0.0813192,-0.161327,-0.771682,0.0754981,0.00716896,0.0321606,0.0114907,0.0173171,0.170045
3.44,0.999941,-0.0107159,-0.000397035,-0.00162269,0.00119249,0.00103706,0.0027295,0.0753957,0.00678416,0.030668,0.0108818,0.0170328,0.0753371,3.46,1,-0.0323277,0.00371639,-0.14202,0.999941,-0.0107099,-0.000391713,-0.0016091,-0.174293,0.0446271,-0.785982,0.0755045,0.00695448,0.0314214,0.0108851,0.0169416,0.169149
3.46,0.999941,-0.0107106,-0.000391385,-0.00161365,0.00172513,0.00103706,0.00233003,0.0753935,0.00672431,0.0304431,0.0108334,0.0170367,0.0749652,3.48,1,0.00373141,-0.0011176,-0.122374,0.999941,-0.0107019,-0.000386089,-0.00160206,0.114521,0.00470094,-0.67636,0.0755018,0.00689468,0.0311928,0.0108365,0.0169456,0.168777
3.48,0.999941,-0.0107148,-0.000400598,-0.00161184,-0.0010721,-0.000827067,6.65613e-05,0.0753919,0.00661651,0.0300667,0.0106034,0.0167953,0.0749414,3.5,1,-0.0196369,0.00338878,-0.146061,0.999941,-0.0107202,-0.000404721,-0.00161146,-0.0728159,0.0425453,-0.808719,0.075498,0.00678447,0.0308161,0.0106067,0.0167042,0.168754
3.5,0.999939,-0.010886,-0.000413399,-0.00161874,-0.0323642,-0.00109331,0.00113192,0.0754082,0.0063824,0.0295129,0.00995259,0.0186314,0.0770074,3.52,1,-0.0412902,0.0062435,-0.178028,0.999938,-0.0110478,-0.000418542,-0.00161309,-0.245352,0.0681658,-0.987511,0.0755077,0.00656871,0.030283,0.00995596,0.0185387,0.17082
3.52,0.99994,-0.0108606,-0.000401408,-0.00160479,0.00105763,0.00170328,6.65641e-05,0.0753945,0.00627591,0.0289366,0.00999609,0.0185301,0.0741066,3.54,1,-0.00404381,0.000438785,-0.165572,0.99994,-0.0108553,-0.000392897,-0.00160455,0.0527992,0.0210108,-0.91825,0.0754945,0.00646121,0.0296777,0.00999936,0.0184377,0.167919
3.54,0.99994,-0.0108563,-0.000392115,-0.00158778,0.00145711,0.00196959,0.00432762,0.0753933,0.00624091,0.0287866,0.0100131,0.0176498,0.0738132,3.56,1,0.0171097,-0.0241384,-0.181491,0.99994,-0.010849,-0.000382044,-0.00156625,0.221976,-0.174033,-1.00905,0.0754935,0.00641741,0.0295247,0.0100163,0.0175574,0.167625
3.56,0.99994,-0.0108519,-0.000394176,-0.00158343,0.00145711,-0.000826721,0.00113182,0.0753944,0.00620314,0.0286575,0.0101658,0.0168604,0.0735593,3.58,1,-0.0351715,-0.0106802,-0.0706683,0.99994,-0.0108446,-0.00039826,-0.00157772,-0.194903,-0.0766039,-0.387451,0.0754961,0.00637174,0.0293931,0.010169,0.0167681,0.167371
3.58,0.99994,-0.0108691,-0.000346037,-0.00160965,-0.00213918,0.00130447,-0.00113184,0.0754092,0.00595856,0.0282195,0.0103934,0.0135405,0.0726526,3.6,1,0.000197375,0.0163459,-0.117528,0.999939,-0.0108798,-0.00033956,-0.00161538,0.0873815,0.14373,-0.648172,0.0755131,0.00609396,0.0289461,0.0103962,0.013448,0.166465
3.6,0.999939,-0.0108903,-0.000312835,-0.00158577,-0.00134023,-2.71185e-05,0.000732361,0.0754475,0.00567239,0.0281777,0.00985628,0.0143561,0.0729722,3.62,1,-0.0110795,-0.00760806,-0.190213,0.999939,-0.010897,-0.00031292,-0.00158211,-0.00348686,-0.0419728,-1.05686,0.0755461,0.00581595,0.0289074,0.0098588,0.0142634,0.166784
3.62,0.999939,-0.0108963,-0.000309286,-0.00159045,-0.00120707,0.000638671,-0.00113185,0.0754551,0.00564375,0.0282384,0.00985089,0.0147385,0.0728791,3.64,1,0.00441814,0.0129598,-0.159182,0.999939,-0.0109024,-0.000306145,-0.00159615,0.120835,0.120047,-0.881791,0.0755536,0.00579113,0.0289672,0.00985337,0.0146458,0.166691
3.64,0.99994,-0.0108837,-0.000307883,-0.00159085,0.00345302,0.000106247,-6.6776e-05,0.0754635,0.00562107,0.0283161,0.00970685,0.0148849,0.0727233,3.66,1,-0.017835,-0.0286927,-0.178055,0.99994,-0.0108665,-0.000307383,-0.00159118,-0.057117,-0.211829,-0.990003,0.0755605,0.00576992,0.0290433,0.00970933,0.0147923,0.166535
3.66,0.99994,-0.0108711,-0.000288752,-0.00159029,0.00078881,0.000106673,-0.000199935,0.0754889,0.00548241,0.0284885,0.00961089,0.0153782,0.0721458,3.68,1,-0.0104754,0.046864,-0.232373,0.99994,-0.0108671,-0.000288236,-0.0015913,-0.000446202,0.397209,-1.28969,0.075585,0.00563619,0.0292099,0.0096132,0.0152857,0.165958
3.68,0.99994,-0.0108778,-0.000235133,-0.00161371,0.00158776,0.00103877,-0.00153151,0.0755026,0.00531298,0.0284337,0.00887648,0.0144217,0.0715588,3.7,1,-0.0139405,0.0152961,-0.115547,0.99994,-0.0108699,-0.000230036,-0.00162142,-0.025511,0.134104,-0.637099,0.0755914,0.0054572,0.0291493,0.00887833,0.0143291,0.165371
3.7,0.99994,-0.0108673,-0.000229075,-0.0016163,0.00291934,0.00130509,-0.000599405,0.0755054,0.00528454,0.0284775,0.00881922,0.0141521,0.0714745,3.72,1,-0.0362941,-0.0159773,-0.145306,0.99994,-0.0108527,-0.000222606,-0.00161936,-0.204449,-0.113836,-0.805644,0.0755936,0.00542606,0.0291922,0.00882102,0.0140597,0.165287
3.72,0.99994,-0.0108604,-0.000218761,-0.0016168,0.00198723,0.00237036,-6.6771e-05,0.0755092,0.00525718,0.0285397,0.00881432,0.0138618,0.0715622,3.74,1,0.0444693,0.00784365,-0.106209,0.99994,-0.0108504,-0.00020693,-0.00161726,0.441748,0.0742867,-0.585316,0.0755973,0.0053958,0.0292553,0.00881603,0.0137693,0.165374
3.74,0.99994,-0.01085,-0.000238724,-0.00164299,0.00198722,-0.000425965,0.00139797,0.0755384,0.00515251,0.0290524,0.00885464,0.0141237,0.0717234,3.76,1,-0.0449411,-0.0234853,-0.112508,0.99994,-0.01084,-0.000240794,-0.00163598,-0.273277,-0.176801,-0.622243,0.0756269,0.00529374,0.0297696,0.00885652,0.0140314,0.165536
3.76,0.99994,-0.0108296,-0.000243069,-0.00164815,0.00198522,-0.000957547,0.00246325,0.0755063,0.00492868,0.0288552,0.00827625,0.0137879,0.0720946,3.78,1,-0.0296767,0.0130573,-0.194686,0.99994,-0.0108196,-0.000247739,-0.00163578,-0.153018,0.122834,-1.0803,0.075589,0.00506656,0.0295761,0.00827817,0.0136957,0.165907
3.78,0.99994,-0.0108161,-0.000241032,-0.00166343,0.00225154,-0.000558072,-0.00259677,0.075496,0.00484852,0.0288279,0.00862725,0.0137133,0.0716931,3.8,1,0.00796301,0.00548612,-0.0771375,0.99994,-0.0108048,-0.000243981,-0.00167638,0.149745,0.0525893,-0.422336,0.0755823,0.00498566,0.0295448,0.00862915,0.0136213,0.165505
3.8,0.99994,-0.0108063,-0.000249552,-0.00167334,0.000520582,0.000373685,-0.00113258,0.0754776,0.00472481,0.0284773,0.00891956,0.0138439,0.0714227,3.82,1,0.00874299,0.021108,-0.0889795,0.99994,-0.0108037,-0.000247749,-0.00167903,0.155565,0.178652,-0.487659,0.0755668,0.00486325,0.0291915,0.00892153,0.0137519,0.165235
3.82,0.99994,-0.0108062,-0.000249389,-0.00165719,0.000920065,-0.00202316,0.000864792,0.0754741,0.00448135,0.0279882,0.00897368,0.0134352,0.0714894,3.84,1,-0.0077578,-0.00765162,-0.146637,0.99994,-0.0108017,-0.000259465,-0.00165276,0.0232605,-0.0466619,-0.812392,0.0755638,0.0046157,0.028703,0.00897565,0.0133432,0.165302
3.84,0.99994,-0.0107985,-0.000252167,-0.00164791,0.000520575,0.00250421,-0.000333627,0.0754904,0.00434461,0.027967,0.00866633,0.0134101,0.0718117,3.86,1,-0.0386265,-0.00302945,-0.113196,0.99994,-0.0107959,-0.000239669,-0.00164971,-0.223414,-0.0129618,-0.624824,0.0755771,0.00447871,0.0286852,0.00866833,0.0133182,0.165624
3.86,0.99994,-0.0107911,-0.000253587,-0.0016457,0.00211847,-0.000558426,0.000598472,0.0754949,0.0043188,0.0280117,0.00844949,0.01338,0.0719857,3.88,1,-0.0127243,-0.0164857,-0.1285,0.999941,-0.0107805,-0.000256364,-0.00164268,-0.0162377,-0.118941,-0.711397,0.0755794,0.0044526,0.0287315,0.0084515,0.0132882,0.165798
3.88,0.999941,-0.0107823,-0.000230803,-0.00164782,0.00105321,0.00250421,0.000864794,0.0755125,0.00423994,0.0283768,0.00798688,0.01279,0.0724048,3.9,1,-0.00692209,0.020372,-0.105665,0.999941,-0.010777,-0.000218245,-0.00164363,0.0299181,0.173825,-0.581274,0.0755924,0.00436784,0.0291008,0.0079887,0.0126983,0.166217
3.9,0.999941,-0.0107833,-0.000250324,-0.0016168,-0.00107839,-0.0037536,0.000731642,0.0755226,0.00414954,0.0290498,0.00786025,0.0125885,0.0734215,3.92,1,-0.0209846,0.00206891,-0.0953074,0.99994,-0.0107888,-0.000269043,-0.00161294,-0.0822297,0.0264937,-0.524524,0.0756012,0.00427542,0.029784,0.00786224,0.0124967,0.167234
3.92,0.999941,-0.0107821,-0.000239831,-0.00160175,0.000918984,0.00303745,0.000864817,0.0755305,0.00411917,0.0293956,0.00794776,0.0124849,0.0734783,3.94,1,0.0553906,0.00244742,-0.0844258,0.999941,-0.0107775,-0.000224605,-0.00159759,0.528721,0.0294791,-0.463759,0.07561,0.00424402,0.0301304,0.00794965,0.0123932,0.16729
3.94,0.99994,-0.0108005,-0.000233807,-0.00159942,-0.00201049,0.000374288,-0.000466779,0.0755423,0.00410069,0.0298018,0.00791709,0.0125279,0.0735733,3.96,1,0.0237613,-0.00860128,-0.165382,0.99994,-0.0108105,-0.000231945,-0.00160177,0.275065,-0.0523684,-0.917803,0.0756215,0.00422597,0.0305376,0.00791893,0.012436,0.167385
3.96,0.99994,-0.0108064,-0.000215901,-0.00161736,0.000252544,0.00183884,-0.000465783,0.0755603,0.00409427,0.0302676,0.0079588,0.0126278,0.0738542,3.98,1,0.0109485,0.0180713,-0.141837,0.99994,-0.0108052,-0.000206735,-0.00161979,0.172662,0.158675,-0.784198,0.0756399,0.00422054,0.0310061,0.00796049,0.0125359,0.167666
3.98,0.99994,-0.0108204,-0.000229622,-0.00161649,-0.00347711,-0.00242179,-0.00126473,0.0755711,0.00399623,0.0306199,0.00776229,0.0130663,0.0747454,4,1,-0.0133618,-0.036976,-0.092665,0.99994,-0.0108378,-0.000241771,-0.00162268,-0.020456,-0.286114,-0.51211,0.0756487,0.0041269,0.0313673,0.0077641,0.0129742,0.168558
4,0.999938,-0.0109921,-0.000212193,-0.00162215,0.00397975,0.000507684,0.00166475,0.0755857,0.00394722,0.031192,0.00748556,0.0150034,0.0753634,4.02,1,-0.0281047,0.0371028,-0.09441,0.999938,-0.0109722,-0.000209596,-0.00161385,-0.138017,0.30643,-0.517313,0.0756605,0.00409725,0.0319456,0.00748722,0.0149098,0.169176
4.02,0.999938,-0.0109814,-0.000214409,-0.00162618,0.00291449,-0.000690726,-0.00099841,0.0755908,0.00395281,0.031353,0.00754113,0.0146347,0.0754167,4.04,1,0.00920609,0.0234207,-0.0820092,0.999938,-0.0109668,-0.000217941,-0.00163113,0.160726,0.196387,-0.448721,0.0756662,0.00409916,0.0321071,0.0075428,0.0145413,0.169229
4.04,0.999938,-0.0109684,-0.000215604,-0.00163235,0.00344711,-0.000424428,-0.00153103,0.0755979,0.00395784,0.0315305,0.00769337,0.0140751,0.0755293,4.06,1,-0.00520454,-0.01771,-0.121672,0.999939,-0.0109512,-0.000217838,-0.00163998,0.0454681,-0.129351,-0.67333,0.0756748,0.00409859,0.0322858,0.00769505,0.0139818,0.169342
4.06,0.999939,-0.0109579,-0.000204349,-0.00161923,0.000782618,-0.000423945,0.000200022,0.0756136,0.00379804,0.0319101,0.00771831,0.0101644,0.0756808,4.08,1,0.0137136,-0.00731827,-0.0584386,0.999939,-0.010954,-0.000206464,-0.0016182,0.197204,-0.0516102,-0.31865,0.0756908,0.00389968,0.0326669,0.0077199,0.0100711,0.169493
4.08,0.999939,-0.0109494,-0.000204408,-0.00161796,0.000515368,-0.000157086,0.0021974,0.0755946,0.00355668,0.0319775,0.00714419,0.0092479,0.0754656,4.1,1,0.0194072,-0.0471191,-0.0940966,0.999939,-0.0109468,-0.000205077,-0.00160697,0.242796,-0.36681,-0.520812,0.0756661,0.00364916,0.0327322,0.00714578,0.00915471,0.169278
4.1,0.999939,-0.0109543,-0.000206256,-0.00160762,-0.000949372,-0.00068971,0.00259688,0.0755889,0.00349849,0.0320284,0.00712816,0.00927669,0.0753775,4.12,1,-0.0059578,-0.00519567,-0.116564,0.999939,-0.0109591,-0.000209554,-0.0015946,0.0392496,-0.0297856,-0.64409,0.0756602,0.00359126,0.0327822,0.00712976,0.00918347,0.16919
4.12,0.999939,-0.0109505,-0.000213201,-0.00159525,0.00131422,-0.00401862,0.000731934,0.0755821,0.00335169,0.0322884,0.00724661,0.0099748,0.0753682,4.14,1,-0.025331,-3.78588e-05,-0.0448073,0.999939,-0.010944,-0.000233263,-0.00159137,-0.115224,0.00500252,-0.241956,0.0756546,0.00345144,0.0330421,0.00724828,0.00988161,0.16918
4.14,0.999939,-0.0109404,-0.000210105,-0.00159599,-0.000684319,0.000908637,0.00206352,0.0755647,0.00312767,0.0325681,0.0072328,0.0105619,0.0756739,4.16,1,-0.0743225,-0.0593774,-0.108266,0.999939,-0.0109438,-0.000205444,-0.00158572,-0.507358,-0.4648,-0.600956,0.0756371,0.00323329,0.0333249,0.00723444,0.0104688,0.169486
4.16,0.999939,-0.0109266,-0.000209691,-0.00160111,-1.94623e-05,0.000775731,0.00113142,0.0755355,0.00278118,0.0319843,0.00726389,0.0101527,0.0752963,4.18,1,-0.00870155,-0.0346604,-0.137443,0.999939,-0.0109267,-0.000205751,-0.00159549,0.0171318,-0.263703,-0.762872,0.0756081,0.00288271,0.0327373,0.00726553,0.0100597,0.169109
4.18,0.999939,-0.010919,-0.000203653,-0.00160477,0.00224423,0.00130836,-0.000865945,0.0755286,0.00271006,0.0318513,0.00719628,0.0101444,0.0753313,4.2,1,0.0350843,-0.0731404,-0.108512,0.999939,-0.0109077,-0.000197177,-0.00160917,0.367966,-0.573545,-0.603237,0.0756006,0.0028115,0.0326046,0.00719787,0.0100514,0.169143
4.2,0.999939,-0.0109136,-0.000191078,-0.00162793,-0.000552094,0.000642572,-0.000333316,0.0755137,0.00251478,0.0315823,0.00695707,0.00983886,0.0751324,4.22,1,-0.0275864,0.0064688,-0.0980258,0.999939,-0.0109164,-0.000187879,-0.00162963,-0.134059,0.0614672,-0.539417,0.0755832,0.00261317,0.0323336,0.00695855,0.00974598,0.168945
4.22,0.999939,-0.0109185,-0.000180796,-0.00162272,0.00157755,0.000909191,-0.000599627,0.0754874,0.00224193,0.031126,0.00691533,0.00971716,0.0748739,4.24,1,-0.0126738,-0.0327829,-0.147971,0.999939,-0.0109106,-0.000176296,-0.00162577,-0.0148404,-0.248057,-0.8216,0.0755566,0.0023391,0.0318748,0.00691672,0.00962424,0.168686
4.24,0.999939,-0.0109408,-0.000168566,-0.00161535,0.000245317,0.000377018,6.61713e-05,0.0754344,0.00179611,0.030279,0.00677509,0.0086374,0.073836,4.26,1,0.00607963,-0.0247031,-0.108513,0.999939,-0.0109395,-0.00016668,-0.00161504,0.135788,-0.186696,-0.600166,0.0755022,0.00188248,0.0310174,0.00677637,0.00854429,0.167648
4.26,0.999939,-0.0109417,-0.000170968,-0.00161257,0.000112847,-0.000821411,0.000731625,0.075428,0.0017291,0.0302032,0.00663657,0.00849521,0.0739169,4.28,1,0.0314808,-0.00706298,-0.0874316,0.999939,-0.0109411,-0.000175036,-0.00160886,0.338954,-0.0470793,-0.481059,0.0754944,0.00181405,0.0309424,0.00663787,0.00840209,0.167729
4.28,0.999939,-0.0109409,-0.00017567,-0.00162307,0.000512319,-0.00135404,-0.00259733,0.0754229,0.00166423,0.0301473,0.00673925,0.00825823,0.0737193,4.3,1,-0.0371101,-0.028593,-0.0971764,0.999939,-0.0109384,-0.000182586,-0.00163598,-0.209612,-0.219309,-0.536834,0.0754903,0.00174681,0.0308845,0.00674059,0.00816512,0.167531
4.3,0.999939,-0.0109328,-0.000134096,-0.00163631,0.0021102,0.00437176,-6.73274e-05,0.0754159,0.00137569,0.0301377,0.00671718,0.00850678,0.0733298,4.32,1,0.0414943,0.0270641,-0.0765761,0.999939,-0.0109222,-0.000112259,-0.00163688,0.418596,0.224809,-0.418049,0.0754831,0.00146076,0.030871,0.00671817,0.00841374,0.167142
4.32,0.999939,-0.0109223,-0.000124946,-0.00164231,0.00290917,-0.000954565,-0.000333633,0.0754438,0.00122003,0.0304505,0.00731055,0.00859661,0.073708,4.34,1,0.01673,-0.0395349,-0.154961,0.999939,-0.0109078,-0.00012976,-0.00164393,0.220438,-0.301513,-0.861081,0.0755169,0.00130599,0.0311876,0.00731147,0.00850366,0.16752
4.34,0.999939,-0.0109207,-0.000117029,-0.00164813,0.000645479,0.00184175,-0.00139891,0.0754554,0.00118711,0.0305725,0.00734953,0.00863247,0.0737374,4.36,1,-0.0126459,0.0244662,-0.16779,0.999939,-0.0109175,-0.000107902,-0.00165522,-0.0155476,0.211133,-0.928968,0.0755289,0.00127343,0.0313099,0.00735038,0.00853953,0.16755
4.36,0.999939,-0.0109131,-0.00012479,-0.00166802,0.00131128,-0.00162035,-0.00406207,0.0754834,0.00113011,0.0308648,0.00738333,0.00879011,0.0738484,4.38,1,-0.000345858,-0.0217737,-0.0779413,0.999939,-0.0109065,-0.000133124,-0.00168824,0.0844643,-0.166384,-0.428465,0.0755572,0.00121801,0.0316033,0.00738424,0.00869723,0.167661
4.38,0.999939,-0.010905,-0.000107483,-0.00163856,-0.000287924,0.000111177,-0.00046679,0.0755522,0.00095728,0.031632,0.00731055,0.00869851,0.0745036,4.4,1,0.0284795,-0.00505389,-0.124124,0.999939,-0.0109065,-0.00010695,-0.0016409,0.31431,-0.0283738,-0.686278,0.0756253,0.00104426,0.032377,0.00731132,0.00860571,0.168316
4.4,0.999939,-0.0109124,-0.000101116,-0.00164249,-0.00122065,0.00264169,0.0017969,0.0755667,0.00081602,0.0316586,0.00743969,0.00863962,0.0747526,4.42,1,0.0163072,0.0150896,-0.0778145,0.999939,-0.0109185,-8.78003e-05,-0.00163365,0.217201,0.128523,-0.425654,0.0756411,0.000902416,0.0324062,0.0074404,0.00854675,0.168565
4.42,0.999939,-0.0109128,-8.07716e-05,-0.00164028,0.00090988,0.00117695,0.000997957,0.0755813,0.000731407,0.0317362,0.00761404,0.00854,0.0744947,4.44,1,0.0394851,0.0191497,-0.0777249,0.999939,-0.0109083,-7.48403e-05,-0.00163536,0.402514,0.161135,-0.424932,0.0756574,0.000816807,0.0324811,0.00761457,0.00844713,0.168307
4.44,0.999939,-0.0109074,-7.38187e-05,-0.00163646,0.00157543,0.00157614,0.000998505,0.0755799,0.000666614,0.0315904,0.00760646,0.00852651,0.0743051,4.46,1,-0.0223696,-0.0043995,-0.0771003,0.999939,-0.0108996,-6.58969e-05,-0.00163155,-0.0919568,-0.0281704,-0.42286,0.0756559,0.000751879,0.0323334,0.00760694,0.00843369,0.168117
4.46,0.999939,-0.0109456,-7.24151e-05,-0.00164533,-0.0125402,-0.00268453,-0.00126524,0.0755939,0.00039073,0.0311831,0.00755821,0.00881934,0.0766092,4.48,1,0.0419226,-0.0151883,-0.0914579,0.999938,-0.0110083,-8.5803e-05,-0.00165152,0.422617,-0.112362,-0.503915,0.0756695,0.000478923,0.0319492,0.00755867,0.00872619,0.170421
4.48,0.999938,-0.011037,-8.44466e-05,-0.00163639,0.00144137,-0.00135299,0.000465879,0.0756271,0.000311067,0.031298,0.0074828,0.0110967,0.0740069,4.5,1,-0.0377631,0.0408297,-0.0813318,0.999938,-0.0110298,-9.11973e-05,-0.00163399,-0.214809,0.333977,-0.443769,0.0757019,0.000422034,0.032038,0.00748337,0.0110028,0.167819
4.5,0.999938,-0.0110358,-7.32808e-05,-0.00163368,0.000509263,0.00264175,0.000732193,0.075639,0.000298255,0.0313677,0.00752973,0.0103879,0.0741105,4.52,1,-0.0284622,0.00575575,-0.122679,0.999938,-0.0110332,-6.00366e-05,-0.00163016,-0.140249,0.0570836,-0.677515,0.0757143,0.000402134,0.0321088,0.0075302,0.010294,0.167923
4.52,0.999938,-0.0110246,-4.48373e-05,-0.00164091,0.00130821,0.000244907,-0.00073255,0.075679,0.000232378,0.031679,0.00757772,0.00786143,0.0740413,4.54,1,-0.0164672,0.0115282,-0.0302541,0.999938,-0.0110181,-4.3664e-05,-0.00164459,-0.0437525,0.0950301,-0.159513,0.0757548,0.000310992,0.0324194,0.00757794,0.00776761,0.167854
4.54,0.999938,-0.0110132,-4.75908e-05,-0.0016607,0.000641394,0.000378501,-0.000998852,0.0757495,1.82898e-05,0.0318446,0.00792281,0.00683685,0.0742322,4.56,1,-0.013234,-0.0141515,-0.128355,0.999938,-0.01101,-4.57587e-05,-0.00166572,-0.0183657,-0.101694,-0.710392,0.0758287,8.66583e-05,0.0325869,0.00792306,0.00674313,0.168044
4.56,0.999938,-0.011022,-3.37057e-05,-0.00164375,0.00170666,0.00131062,0.00259641,0.075787,-0.000116522,0.0318372,0.0079448,0.00762652,0.0739338,4.58,1,0.0194975,0.0411236,-0.0318917,0.999938,-0.0110134,-2.7024e-05,-0.00163084,0.243461,0.332306,-0.166857,0.0758664,-4.02566e-05,0.0325765,0.00794494,0.00753273,0.167746
4.58,0.999938,-0.0110065,-4.47584e-05,-0.00164004,0.00157278,-0.00188457,0.001398,0.0758101,-0.000196746,0.0318538,0.00836953,0.00753969,0.0736739,4.6,1,-0.0163059,-0.0224768,-0.0970708,0.999938,-0.0109986,-5.41166e-05,-0.00163294,-0.0425773,-0.171114,-0.535807,0.0758938,-0.000121349,0.0325906,0.00836976,0.00744602,0.167486
4.6,0.999938,-0.0110038,-3.73267e-05,-0.0016431,0.00090687,0.00171024,-0.000732425,0.0758258,-0.000232963,0.031888,0.00846968,0.00767428,0.0736962,4.62,1,0.0127269,0.0336147,-0.109018,0.999938,-0.0109992,-2.88238e-05,-0.00164686,0.188782,0.278961,-0.599252,0.0759105,-0.00015622,0.032625,0.00846985,0.00758064,0.167508
4.62,0.999938,-0.0110201,-1.85184e-05,-0.00161399,-0.00242208,-0.00042029,0.000732318,0.0759268,-0.000374009,0.0323105,0.0086595,0.00756753,0.0732036,4.64,1,-0.0258117,-0.00768594,-0.0397209,0.999938,-0.0110322,-2.05598e-05,-0.00161031,-0.118328,-0.0581672,-0.213867,0.0760134,-0.000298334,0.0330426,0.00865951,0.00747374,0.167016
4.64,0.999938,-0.0109856,1.29169e-05,-0.00161875,0.000906868,0.00171024,0.00033284,0.0760285,-0.000443978,0.0329312,0.00873353,0.00734322,0.073271,4.66,1,0.0145093,-0.0370316,0.028031,0.999938,-0.010981,2.14785e-05,-0.00161718,0.204324,-0.298613,0.163741,0.0761158,-0.000370546,0.0336639,0.00873327,0.00724973,0.167083
4.66,0.999938,-0.0109917,1.55647e-05,-0.00160842,-0.00135682,0.000511808,0.00259653,0.0760586,-0.000457881,0.0331232,0.00901722,0.00732316,0.0733486,4.68,1,0.0192066,-0.0229232,-0.143909,0.999938,-0.0109984,1.82772e-05,-0.00159547,0.240935,-0.170596,-0.798342,0.0761488,-0.00038465,0.0338567,0.00901694,0.00722962,0.167161
4.68,0.999938,-0.011015,3.37739e-05,-0.00162253,-0.00148998,0.00264234,-0.00219717,0.0761262,-0.000478539,0.0335532,0.00924438,0.00740506,0.0738389,4.7,1,-0.018327,0.00838337,-0.102034,0.999938,-0.0110224,4.68758e-05,-0.00163366,-0.0590461,0.0755474,-0.561803,0.0762187,-0.000404488,0.0342916,0.00924394,0.00731133,0.167651
4.7,0.999938,-0.0109937,3.18294e-05,-0.00162526,0.00104002,-0.000952924,-0.000466113,0.0762674,-0.000494941,0.0345964,0.00873187,0.00729735,0.0750067,4.72,1,0.0191803,-0.0273248,-0.0777791,0.999938,-0.0109885,2.7031e-05,-0.00162754,0.241442,-0.211748,-0.428146,0.0763547,-0.000421968,0.0353465,0.00873145,0.0072038,0.168819
4.72,0.999938,-0.0110163,3.4198e-05,-0.00163214,-0.00162429,-0.000686185,-0.000599255,0.0764085,-0.000639465,0.0348882,0.00946191,0.00684715,0.0751399,4.74,1,0.0125633,-0.00759652,-0.0794989,0.999938,-0.0110244,3.07475e-05,-0.0016351,0.188463,-0.0538708,-0.436523,0.0765032,-0.000570993,0.0356396,0.00946146,0.0067534,0.168952
4.74,0.999938,-0.0110128,3.13898e-05,-0.00162869,0.00103887,-0.000819342,0.00086549,0.0764426,-0.000662135,0.0349997,0.00935101,0.00679313,0.0752497,4.76,1,0.0283643,0.0163807,-0.0638787,0.999938,-0.0110077,2.73325e-05,-0.00162431,0.314579,0.136785,-0.347586,0.0765361,-0.000594204,0.0357522,0.00935059,0.00669941,0.169062
4.76,0.999938,-0.0110092,5.05009e-05,-0.00161567,-2.71405e-05,0.00184462,0.00179761,0.076495,-0.000716448,0.0351535,0.00961819,0.0068091,0.0748802,4.78,1,0.00382632,0.0259285,-0.0977507,0.999938,-0.0110093,5.98225e-05,-0.00160678,0.117934,0.215672,-0.536769,0.0765912,-0.000648357,0.0359023,0.0096176,0.00671541,0.168692
4.78,0.999938,-0.0110021,5.34464e-05,-0.00162576,0.000905358,-0.00148461,-0.00113239,0.0765856,-0.000789128,0.0355112,0.00958094,0.00629975,0.0752219,4.8,1,-0.0024024,0.00542401,-0.105795,0.999938,-0.0109976,4.59541e-05,-0.00163134,0.0682779,0.0522447,-0.583031,0.0766814,-0.00072613,0.0362635,0.00958034,0.00620612,0.169034
4.8,0.999938,-0.0109832,2.1638e-05,-0.00160915,-0.00122612,0.000113646,0.00126447,0.0767859,-0.00106511,0.0352712,0.0104892,0.00626961,0.0748764,4.82,1,-0.0806191,-0.0102337,-0.107365,0.999938,-0.0109893,2.22855e-05,-0.00160283,-0.557698,-0.0736402,-0.592917,0.0768908,-0.00100242,0.0360199,0.0104889,0.00617614,0.168689
4.82,0.999938,-0.0109889,2.79837e-05,-0.00161169,-0.00122612,0.00144522,-0.00059974,0.0768244,-0.00109461,0.0353111,0.0106931,0.00632195,0.0748821,4.84,1,-0.0105645,0.00635603,-0.0786258,0.999938,-0.010995,3.51863e-05,-0.00161476,0.00305669,0.0573978,-0.430891,0.0769314,-0.00103139,0.0360599,0.0106927,0.00622843,0.168694
4.84,0.999938,-0.0109839,2.52186e-05,-0.00161679,0.00143703,-0.000818462,-0.00126553,0.0768641,-0.0011218,0.0353691,0.0105481,0.00627863,0.0749515,4.86,1,0.0532913,-0.0282499,-0.114185,0.999938,-0.0109767,2.10454e-05,-0.00162307,0.513828,-0.215463,-0.632149,0.0769696,-0.00105901,0.0361186,0.0105478,0.00618516,0.168764
4.86,0.999939,-0.0109658,2.27821e-05,-0.00160885,0.000238619,-0.000152665,-0.00113237,0.0770734,-0.00124373,0.0359122,0.0106841,0.00559553,0.0750788,4.88,1,-0.00487054,-0.00870789,-0.0581273,0.999939,-0.0109646,2.19548e-05,-0.0016145,0.0487344,-0.0648042,-0.317034,0.0771803,-0.00118778,0.036663,0.0106838,0.00550221,0.168891
4.88,0.999939,-0.0109636,2.5177e-05,-0.00161743,0.000104475,0.00197825,0.00246291,0.077263,-0.00145267,0.0356549,0.0107556,0.00557778,0.0752094,4.9,1,-0.014583,-0.00148089,-0.0576705,0.999939,-0.010963,3.52018e-05,-0.00160523,-0.0290728,-0.00717793,-0.313987,0.0773706,-0.00139689,0.036407,0.0107552,0.00548447,0.169022
4.9,0.999939,-0.0109643,2.71175e-05,-0.00162395,0.000503953,-0.000818065,-0.00139868,0.0773435,-0.00151813,0.0356936,0.0104327,0.00566303,0.0755729,4.92,1,0.00439022,-0.0249728,-0.149527,0.999939,-0.0109618,2.29467e-05,-0.0016309,0.122176,-0.186812,-0.829846,0.0774479,-0.0014615,0.0364493,0.0104323,0.00556972,0.169385
4.92,0.999939,-0.0109679,2.06736e-05,-0.00162153,-0.000694472,-0.00175017,0.000598695,0.0773742,-0.00155393,0.0356859,0.0104347,0.00550987,0.0755484,4.94,1,-0.0263639,-0.00719385,-0.0763086,0.999939,-0.0109714,1.19618e-05,-0.00161844,-0.123338,-0.0513586,-0.418696,0.0774785,-0.00149883,0.0364414,0.0104344,0.00541653,0.169361
4.94,0.999937,-0.0110883,1.11905e-05,-0.00161295,-0.0309223,-0.00308126,0.00113133,0.0775514,-0.00171102,0.0359353,0.0107703,0.00651757,0.0804194,4.96,1,-0.019638,-0.0187792,-0.0548572,0.999936,-0.0112429,-3.90276e-06,-0.00160713,-0.068307,-0.145701,-0.299333,0.0776591,-0.00164585,0.0367395,0.01077,0.00642321,0.174232
4.96,0.999937,-0.0110959,3.08025e-05,-0.00162298,0.00316616,0.00131301,6.62065e-05,0.077718,-0.00170626,0.0364594,0.0110305,0.00797317,0.0762485,4.98,1,0.00364439,0.00605182,-0.0464641,0.999937,-0.0110801,3.73451e-05,-0.00162272,0.117756,0.0523372,-0.250727,0.0778283,-0.00162653,0.0372218,0.01103,0.00787874,0.170061
4.98,0.999937,-0.0110767,3.87638e-05,-0.00161518,0.00263353,-0.000151724,0.00153095,0.0778131,-0.00170718,0.0368126,0.0112573,0.0066134,0.0767592,5,1,-0.0145614,0.0378894,-0.0386881,0.999937,-0.0110636,3.80687e-05,-0.00160752,-0.0284868,0.306026,-0.205262,0.0779257,-0.00164104,0.0375802,0.0112569,0.00651914,0.170571
5,0.999938,-0.0110663,3.97523e-05,-0.00161497,0.00276669,0.000114592,6.62074e-05,0.0778635,-0.00171251,0.0370137,0.0112883,0.00597886,0.0768963,5.02,1,-0.017015,-0.00107686,-0.009873,0.999938,-0.0110525,4.03065e-05,-0.00161465,-0.0475813,-0.00827807,-0.0463138,0.0779764,-0.00165272,0.0377827,0.0112878,0.00588469,0.170709
5.02,0.999937,-0.0110714,2.20825e-05,-0.00163626,0.00116879,-0.00121699,0.00033253,0.0780725,-0.00176919,0.0379723,0.0114493,0.0036492,0.077626,5.04,1,-0.00174658,0.00523916,-0.0401231,0.999937,-0.0110655,1.60068e-05,-0.00163453,0.0744651,0.045265,-0.215195,0.078187,-0.0017327,0.0387486,0.011449,0.00355498,0.171438
5.04,0.999937,-0.0110796,1.21386e-05,-0.00161962,0.000102467,-0.0010828,0.0011315,0.0782843,-0.00190072,0.0386979,0.0112493,0.00493056,0.0779671,5.06,1,0.0223387,-0.00333654,-0.0591243,0.999937,-0.011079,6.78681e-06,-0.0016139,0.267206,-0.0212575,-0.322229,0.0783968,-0.00185141,0.0394776,0.011249,0.00483627,0.171779
5.06,0.999937,-0.0110681,1.79536e-05,-0.00161945,0.0014333,-0.000549469,0.00126467,0.0783116,-0.0019848,0.0384286,0.0112913,0.00559339,0.0779283,5.08,1,0.00403744,-0.0271975,-0.076497,0.999938,-0.011061,1.52648e-05,-0.0016131,0.120913,-0.210884,-0.421003,0.0784245,-0.00192887,0.0392079,0.011291,0.0054992,0.171741
5.08,0.999937,-0.0110673,2.21901e-05,-0.00161287,0.000900675,0.00104843,0.00139782,0.0783467,-0.00204926,0.0382469,0.0113003,0.00594204,0.077767,5.1,1,0.0109203,-0.00417624,-0.076365,0.999938,-0.0110628,2.7502e-05,-0.00160594,0.175698,-0.0266827,-0.41887,0.0784597,-0.00198984,0.0390246,0.0112999,0.00584786,0.171579
5.1,0.999938,-0.0110528,1.88582e-05,-0.00159914,0.00263129,-0.00054766,6.61207e-05,0.0783443,-0.00224153,0.0372386,0.0113551,0.00547279,0.0767707,5.12,1,-0.0207383,-0.0190336,-0.0528333,0.999938,-0.0110397,1.61027e-05,-0.00159878,-0.0773807,-0.148004,-0.288089,0.0784579,-0.0021868,0.0380063,0.0113548,0.00537873,0.170583
5.12,0.999938,-0.0110475,1.92908e-05,-0.00159941,0.000900231,-0.000547669,0.00113138,0.0783623,-0.00237474,0.0367204,0.0110102,0.00476912,0.0761843,5.14,1,0.00578759,-0.0251838,-0.0867707,0.999938,-0.011043,1.66079e-05,-0.00159372,0.134651,-0.193868,-0.478523,0.0784724,-0.00232705,0.0374822,0.0110099,0.0046751,0.169996
5.14,0.999938,-0.0110313,-3.49508e-06,-0.00160677,0.000101282,-0.000281351,6.61197e-05,0.0783942,-0.0025429,0.0363234,0.0107094,0.00409028,0.0759836,5.16,1,0.00289417,-0.0399779,-0.061576,0.999938,-0.0110308,-4.89891e-06,-0.00160642,0.111676,-0.314305,-0.3383,0.0785013,-0.002502,0.0370832,0.0107092,0.0039964,0.169796
5.16,0.999938,-0.0110334,-3.07155e-06,-0.00160721,-0.000298193,-0.000148192,-6.70353e-05,0.0784069,-0.00258171,0.036273,0.0107507,0.00410211,0.0757735,5.18,1,-0.0058207,0.0059243,-0.0956435,0.999938,-0.0110349,-3.81376e-06,-0.00160754,0.041218,0.0557832,-0.526245,0.0785144,-0.00254069,0.0370307,0.0107505,0.00400821,0.169586
5.18,0.999938,-0.0110354,-1.07357e-06,-0.00160873,-0.000298193,0.000251282,-0.00033335,0.0784211,-0.00261767,0.0362407,0.0108126,0.00423585,0.0756045,5.2,1,-0.0154944,0.011738,-0.0454715,0.999938,-0.0110369,1.66768e-07,-0.00161041,-0.0359238,0.0977219,-0.244901,0.0785293,-0.00257532,0.0369967,0.0108125,0.00414194,0.169417
5.2,0.999938,-0.0110315,1.7981e-05,-0.00159914,0.000101277,0.00105023,-0.0011323,0.0785698,-0.00283492,0.036524,0.0106893,0.00346833,0.0761234,5.22,1,0.0118365,0.027821,-0.0726699,0.999938,-0.0110309,2.31686e-05,-0.00160486,0.182318,0.228976,-0.396279,0.0786767,-0.00280023,0.0372853,0.010689,0.00337445,0.169936
5.22,0.999938,-0.0110322,1.28967e-05,-0.00159284,0.000234439,0.00198234,0.000332439,0.0786501,-0.00291252,0.0369068,0.0105303,0.00312076,0.0762841,5.24,1,-0.0416226,0.00735809,-0.0242653,0.999938,-0.011031,2.28242e-05,-0.00159129,-0.244898,0.0603693,-0.126517,0.0787554,-0.00288131,0.0376696,0.01053,0.00302687,0.170096
5.24,0.999938,-0.0110272,3.26899e-05,-0.00161356,-0.000697664,0.00251498,-0.00246388,0.0787074,-0.00295768,0.0372445,0.0104159,0.00332265,0.0765758,5.26,1,0.00612202,-0.0183663,-0.0939822,0.999938,-0.0110307,4.51337e-05,-0.00162602,0.137046,-0.138812,-0.518406,0.0788116,-0.00292445,0.0380103,0.0104154,0.00322881,0.170388
5.26,0.999938,-0.0110205,3.97285e-05,-0.0016119,0.00183157,0.00158292,0.000465381,0.0787371,-0.00297739,0.037436,0.0104416,0.00323762,0.076466,5.28,1,-0.0390556,-0.0307277,-0.0267703,0.999938,-0.0110113,4.76535e-05,-0.00160966,-0.223998,-0.244267,-0.142797,0.0788415,-0.00294501,0.0382007,0.0104411,0.00314383,0.170278
5.28,0.999938,-0.0110083,7.86759e-05,-0.00162562,0.000898073,0.000386248,0.000465415,0.0788249,-0.00312882,0.0378043,0.0110218,0.0033428,0.0764846,5.3,1,0.0113863,0.030921,-0.0277501,0.999938,-0.0110038,8.06253e-05,-0.00162331,0.178685,0.249316,-0.144385,0.0789351,-0.00309539,0.0385692,0.011021,0.00324912,0.170297
5.3,0.999938,-0.0109873,6.34719e-05,-0.00162563,0.000631756,-0.00161112,0.00153068,0.0788928,-0.00326218,0.0378145,0.0109855,0.00349748,0.0760184,5.32,1,-0.0236106,0.0141607,-0.0523042,0.999938,-0.0109841,5.54957e-05,-0.00161789,-0.101286,0.117062,-0.282935,0.0790026,-0.0032272,0.0385747,0.0109848,0.00340398,0.169831
5.32,0.999938,-0.0109924,6.21844e-05,-0.00162286,-0.0010993,-0.000545859,0.000731729,0.0789123,-0.00329018,0.0378622,0.0109624,0.00341829,0.0760931,5.34,1,-0.0222712,-0.000229665,-0.101221,0.999938,-0.0109979,5.95044e-05,-0.00161917,-0.0906397,0.00628008,-0.557783,0.0790219,-0.003256,0.0386231,0.0109618,0.00332474,0.169905
5.34,0.999938,-0.0109966,6.75506e-05,-0.00161418,-0.000699822,-0.000146385,6.5942e-05,0.0789558,-0.00334378,0.0380119,0.0108713,0.0031142,0.076227,5.36,1,-0.0291515,0.0149798,-0.0385303,0.999938,-0.0110001,6.6828e-05,-0.00161384,-0.14551,0.122305,-0.205817,0.0790645,-0.00331264,0.0387741,0.0108706,0.00302062,0.170039
5.36,0.999938,-0.0110044,8.211e-05,-0.0016212,-0.000699826,0.000253089,-0.00153195,0.0790996,-0.00346041,0.0386599,0.0115722,0.00270142,0.0757984,5.38,1,-0.0359743,0.0167754,-0.0664997,0.999938,-0.0110079,8.32968e-05,-0.00162888,-0.20018,0.138927,-0.362307,0.0792153,-0.0034334,0.0394178,0.0115713,0.00260778,0.169611
5.38,0.999938,-0.0110113,7.60522e-05,-0.00161552,0.00262913,0.0021173,0.000465415,0.0793278,-0.00359068,0.0399508,0.0114048,0.00163116,0.076926,5.4,1,-0.0157941,0.03502,-0.00541472,0.999938,-0.0109981,8.66425e-05,-0.00161331,-0.0387705,0.279807,-0.0191278,0.0794419,-0.00357437,0.0407201,0.011404,0.00153746,0.170738
5.4,0.999938,-0.0110108,7.65489e-05,-0.0016159,0.000232282,-1.32258e-05,-6.72186e-05,0.0793709,-0.00361195,0.0402184,0.0115329,0.0015159,0.0771938,5.42,1,0.02662,-0.0118201,0.0048714,0.999938,-0.0110096,7.64772e-05,-0.00161624,0.301145,-0.0952523,0.0356058,0.0794862,-0.0035968,0.0409903,0.0115321,0.0014222,0.171006
5.42,0.999938,-0.0110114,7.75294e-05,-0.00161681,-3.44747e-05,0.000119664,-0.000200098,0.0794156,-0.00363291,0.0405015,0.0115186,0.00137492,0.0775429,5.44,1,0.0362847,0.023205,-0.0549068,0.999938,-0.0110115,7.81169e-05,-0.00161782,0.37787,0.190316,-0.296981,0.0795308,-0.00361916,0.041277,0.0115178,0.00128122,0.171355
5.44,0.999937,-0.0111277,5.50497e-05,-0.00161188,0.00222872,-0.00280858,0.000732037,0.0796486,-0.00369076,0.0421655,0.0121016,0.00310056,0.0783875,5.46,1,0.0339385,0.0326413,-0.0614858,0.999937,-0.0111166,4.10305e-05,-0.00160806,0.359851,0.266586,-0.333255,0.0797697,-0.00365976,0.0429494,0.012101,0.00300587,0.1722
5.46,0.999937,-0.0111075,3.37623e-05,-0.00162284,-0.000169704,0.000388747,-6.68815e-05,0.0797315,-0.00386311,0.0420608,0.0122974,-0.000413603,0.0785468,5.48,1,-0.0134416,0.00777777,-0.0672467,0.999937,-0.0111084,3.57036e-05,-0.0016232,-0.0189601,0.0677499,-0.36701,0.0798545,-0.00386725,0.0428463,0.012297,-0.000508129,0.172359
5.48,0.999937,-0.0111084,3.68179e-05,-0.00162119,-3.65466e-05,0.000521905,0.00046575,0.0797428,-0.00393181,0.0418855,0.0122747,-0.00103364,0.0783421,5.5,1,-0.00133151,0.0412092,-0.0547189,0.999937,-0.0111086,3.94534e-05,-0.00161889,0.0774884,0.334204,-0.294786,0.0798656,-0.00394215,0.0426689,0.0122742,-0.00112817,0.172154
5.5,0.999937,-0.0111023,1.21509e-05,-0.00163023,0.00062925,-0.00160862,-0.00153162,0.0797874,-0.00414667,0.0414867,0.0119746,-0.0019537,0.0777559,5.52,1,-0.0509622,0.0217879,-0.023108,0.999937,-0.0110992,4.01818e-06,-0.0016378,-0.319295,0.175583,-0.118933,0.0799072,-0.0041662,0.0422643,0.0119744,-0.00204819,0.171568
5.52,0.999937,-0.0111003,2.67999e-05,-0.00163252,-0.00163444,0.000388747,0.00033259,0.0798686,-0.00446082,0.0412444,0.0112371,-0.000715389,0.0781197,5.54,1,-0.0411721,0.0405936,-0.0412742,0.999937,-0.0111085,2.87753e-05,-0.00163088,-0.241299,0.327642,-0.219485,0.079981,-0.00446797,0.0420256,0.0112367,-0.000809853,0.171932
5.54,0.999937,-0.0111035,3.22888e-05,-0.00162904,0.00116187,-0.000543362,-0.000466358,0.0799368,-0.00460449,0.0413374,0.011498,1.15585e-05,0.0783579,5.56,1,0.0257214,0.0264905,0.0192409,0.999937,-0.0110977,2.95368e-05,-0.00163134,0.294159,0.210278,0.118509,0.0800518,-0.00460437,0.042121,0.0114976,-8.29332e-05,0.17217
5.56,0.999937,-0.0111124,3.92171e-05,-0.00161395,-3.65497e-05,0.00318507,0.00139786,0.0799891,-0.00468099,0.0414914,0.0112072,0.000520989,0.0784977,5.58,1,0.00955386,0.0376464,-0.10608,0.999937,-0.0111125,5.52194e-05,-0.00160714,0.164303,0.310394,-0.582685,0.0801012,-0.00467578,0.0422764,0.0112067,0.000426422,0.17231
5.58,0.999937,-0.0110976,4.96001e-05,-0.00161809,0.00329324,0.00185372,-0.00139869,0.0800445,-0.00475248,0.0417162,0.0111587,9.34177e-06,0.0785755,5.6,1,-0.0114962,0.00384952,0.0110716,0.999937,-0.0110812,5.87638e-05,-0.00162519,-0.00324879,0.0292657,0.0712931,0.0801561,-0.00475238,0.0425019,0.0111582,-8.50996e-05,0.172388
5.6,0.999937,-0.0110798,7.26999e-05,-0.00162013,9.67056e-05,0.00345347,-0.000333387,0.0800938,-0.0050043,0.0413063,0.0112054,-0.000776154,0.0782902,5.62,1,0.019867,-0.00779915,-0.114291,0.999937,-0.0110793,8.99469e-05,-0.00162199,0.247131,-0.0525789,-0.631451,0.0802059,-0.00501206,0.0420892,0.0112046,-0.000870443,0.172102
5.62,0.999937,-0.0110885,5.04804e-05,-0.00162288,-0.00190066,-0.00400339,0.00259609,0.0801455,-0.00521781,0.0410804,0.0113655,-0.00122222,0.0775827,5.64,1,-0.0596591,0.0135039,-0.0469459,0.999937,-0.011098,3.06241e-05,-0.00160968,-0.388956,0.111011,-0.252998,0.0802592,-0.00523003,0.0418563,0.0113649,-0.00131658,0.171395
5.64,0.999937,-0.0110923,4.71317e-05,-0.00162385,-0.000835397,-0.00107391,-0.000200226,0.0801626,-0.00526733,0.04107,0.0111676,-0.00116244,0.0774498,5.66,1,-0.0110535,0.0145803,0.00045507,0.999937,-0.0110965,4.17582e-05,-0.00162479,0.000111199,0.116074,0.012543,0.0802743,-0.00527895,0.0418445,0.011167,-0.00125683,0.171262
5.66,0.999937,-0.0110835,5.3823e-05,-0.00163969,0.000629335,0.00305399,-0.000866022,0.080219,-0.00541296,0.0411423,0.0110284,-0.00160743,0.0774013,5.68,1,-0.0131947,-0.0208224,0.00968877,0.999937,-0.0110803,6.90388e-05,-0.00164419,-0.0166454,-0.168032,0.0621364,0.0803293,-0.00542903,0.0419163,0.0110278,-0.00170176,0.171214
5.68,0.999937,-0.0110779,8.29129e-05,-0.00166261,-0.000436424,-0.00173898,-0.00219758,0.0802935,-0.00566984,0.0408729,0.0110241,-0.00145633,0.0773393,5.7,1,-0.0231431,0.0101933,-0.0589748,0.999937,-0.0110801,7.41005e-05,-0.0016735,-0.0967891,0.0857977,-0.320325,0.0804037,-0.0056844,0.0416463,0.0110232,-0.0015506,0.171152
5.7,0.999937,-0.0110825,0.000108292,-0.00169034,0.00116147,0.00212259,-0.00352917,0.0803659,-0.00590936,0.0406009,0.0106849,-0.00182978,0.0771604,5.72,1,-0.00951069,-0.0236319,-0.0589303,0.999937,-0.0110767,0.000118699,-0.0017081,0.0127668,-0.184812,-0.322015,0.0804728,-0.00592766,0.0413725,0.0106838,-0.00192409,0.170973
5.72,0.999937,-0.0110783,0.000115945,-0.00169621,0.00116095,0.00172333,-0.00139864,0.0803833,-0.00595733,0.040604,0.0106282,-0.00191953,0.0771191,5.74,1,0.0508649,-0.0101854,0.00163592,0.999937,-0.0110724,0.000124473,-0.0017033,0.495537,-0.0818589,0.0180477,0.0804896,-0.00597652,0.0413751,0.0106271,-0.0020138,0.170931
5.74,0.999937,-0.0110772,0.00012248,-0.00170474,0.000361996,0.00145702,-0.00206443,0.0804032,-0.00600491,0.040626,0.0108641,-0.00204541,0.077183,5.76,1,0.00295738,-0.0110389,-0.028552,0.999937,-0.0110754,0.000129647,-0.00171514,0.112412,-0.0867147,-0.151022,0.0805119,-0.00602537,0.0413978,0.0108629,-0.00213967,0.170995
5.76,0.999937,-0.0110727,0.000173189,-0.00170223,0.00129419,0.00185764,0.0013977,0.0804807,-0.00629545,0.0409098,0.00900122,-0.00336537,0.0775902,5.78,1,0.039804,0.0263225,-0.0333437,0.999937,-0.0110662,0.000182543,-0.00169535,0.406531,0.212679,-0.175526,0.0805707,-0.00632911,0.0416858,0.00899959,-0.0034596,0.171402
5.78,0.999938,-0.0110522,0.000190581,-0.00170223,0.0031584,0.00172449,0.000465598,0.0804976,-0.00644366,0.0412225,0.0089505,-0.00377969,0.0774132,5.8,1,-0.013054,-0.00934789,-0.0810394,0.999938,-0.0110364,0.000199202,-0.0017,-0.0160589,-0.0693103,-0.444885,0.0805871,-0.00648146,0.0419967,0.00894872,-0.00387374,0.171225
5.8,0.999937,-0.01105,0.000192394,-0.0017059,0.000628396,0.00025975,-0.00086599,0.0805066,-0.00649393,0.0413574,0.00892428,-0.00389586,0.0774667,5.82,1,0.0522056,-0.0093444,0.0134816,0.999937,-0.0110468,0.00019364,-0.00171025,0.505992,-0.0767666,0.0845089,0.0805958,-0.00653289,0.0421321,0.00892249,-0.0039899,0.171279
5.82,0.999937,-0.011056,0.000193259,-0.00172397,0.000894715,0.000392904,0.000199281,0.0805805,-0.00676541,0.0425013,0.00816704,-0.00399839,0.0780506,5.84,1,-0.00260805,-0.0157073,-6.80165e-05,0.999937,-0.0110515,0.000195226,-0.001723,0.0677902,-0.127227,0.00829685,0.0806622,-0.00680539,0.0432818,0.00816524,-0.00409248,0.171863
5.84,0.999937,-0.0110468,0.000184952,-0.00172178,-0.00190208,-0.000138689,-0.00179807,0.0805109,-0.00702862,0.0423935,0.00735495,-0.00388117,0.0779585,5.86,1,-0.00402661,-0.000229854,0.00918503,0.999937,-0.0110563,0.000184175,-0.00173076,0.0561486,-0.00418544,0.0610561,0.0805845,-0.00706743,0.0431731,0.00735322,-0.00397517,0.171771
5.86,0.999937,-0.011052,0.000193119,-0.00172868,-0.00123628,0.00185868,-0.00166492,0.0804994,-0.00707863,0.0424293,0.0072264,-0.00390153,0.0779828,5.88,1,-0.060425,-0.00147475,0.00477108,0.999937,-0.0110581,0.00020233,-0.00173711,-0.395104,-0.0145968,0.0362226,0.0805717,-0.00711764,0.0432091,0.00722459,-0.00399558,0.171795
5.88,0.999937,-0.0110948,0.000211739,-0.00172539,-0.0108238,0.00159169,0.00166529,0.0804785,-0.00717679,0.0425622,0.006895,-0.00378307,0.080543,5.9,1,-0.016256,-0.0282593,0.0144132,0.999936,-0.0111489,0.000219882,-0.00171714,-0.0409728,-0.229257,0.0885901,0.0805475,-0.00721462,0.0433676,0.00689304,-0.00387748,0.174355
5.9,0.999936,-0.0111684,0.000178629,-0.00174212,0.00369047,-0.000938235,0.000599993,0.080409,-0.00730456,0.0431456,0.0059781,-0.00182915,0.078501,5.92,1,-0.0559834,-0.0401724,0.0268652,0.999936,-0.01115,0.00017394,-0.00173907,-0.358214,-0.325964,0.157596,0.0804688,-0.00732285,0.0439306,0.00597642,-0.00192419,0.172313
5.92,0.999937,-0.0111075,0.000157743,-0.0017491,0.000627854,-0.000137558,0.000600037,0.0802564,-0.00753306,0.0427816,0.0063204,-0.00599189,0.0781619,5.94,1,0.00810223,-0.0142496,-0.0457512,0.999937,-0.0111044,0.000157083,-0.00174609,0.153826,-0.111071,-0.247286,0.0803196,-0.00759298,0.0435632,0.00631889,-0.00608642,0.171974
5.94,0.999937,-0.0111089,0.000159774,-0.00174257,-0.00030425,0.000261913,0.0016653,0.0802288,-0.00759427,0.0427133,0.00640642,-0.0063724,0.0781828,5.96,1,0.0187569,-0.0186775,-0.0305261,0.999937,-0.0111104,0.000161179,-0.00173426,0.239143,-0.147713,-0.16233,0.0802929,-0.007658,0.0434952,0.0064049,-0.00646693,0.171995
5.96,0.999937,-0.0111107,0.000163843,-0.00174299,-0.000437407,0.000794548,-6.57547e-05,0.080203,-0.00765783,0.0426649,0.00633072,-0.00677081,0.0780281,5.98,1,0.0109856,-0.0255788,0.0335749,0.999937,-0.0111129,0.000167815,-0.00174336,0.176993,-0.208758,0.196177,0.0802663,-0.00772553,0.0434451,0.00632916,-0.00686536,0.17184
5.98,0.999937,-0.0111248,0.000176734,-0.00176515,-0.000304251,0.000661391,-0.00033207,0.0800925,-0.00796895,0.0426994,0.00593034,-0.00652067,0.077787,6,1,-0.0178807,0.0236857,-0.0263117,0.999937,-0.0111263,0.000180025,-0.00176685,-0.054405,0.19015,-0.136001,0.0801518,-0.00803416,0.0434773,0.00592867,-0.00661534,0.171599
6,0.999937,-0.0110933,0.000154351,-0.00177958,0.00382365,-0.00173546,-6.57469e-05,0.0800142,-0.00818635,0.0430412,0.0050905,-0.00592526,0.0779986,6.02,1,0.0205067,-0.015109,-0.0026869,0.999937,-0.0110742,0.000145637,-0.00177982,0.252979,-0.121568,-0.00600419,0.0800651,-0.0082456,0.0438212,0.00508902,-0.00601967,0.171811
6.02,0.999937,-0.0110871,0.000156688,-0.00177248,0.00155996,0.000395072,0.00179846,0.0799943,-0.00823665,0.0431696,0.00496693,-0.00585146,0.0779034,6.04,1,0.0230996,0.0277903,-0.0503782,0.999937,-0.0110793,0.000158749,-0.00176351,0.272981,0.225853,-0.270448,0.080044,-0.00829516,0.0439486,0.00496543,-0.00594581,0.171716
6.04,0.999937,-0.0110748,0.0001526,-0.00177523,0.0020926,-0.00146914,0.000333719,0.0799586,-0.00833561,0.04347,0.00501899,-0.00620669,0.077815,6.06,1,-0.0446883,-0.0267002,-0.00782916,0.999937,-0.0110643,0.000145255,-0.00177348,-0.268619,-0.214748,-0.0356071,0.0800088,-0.00839768,0.0442482,0.00501753,-0.00630093,0.171627
6.06,0.999937,-0.0110506,0.000168939,-0.00176357,0.0034248,-0.000537024,-0.00246204,0.0798747,-0.00858289,0.0441501,0.00507619,-0.00636547,0.0773304,6.08,1,0.0286659,-0.0388322,-0.0164309,0.999938,-0.0110335,0.000166088,-0.00177586,0.318172,-0.310131,-0.0845199,0.0799255,-0.00864655,0.0449234,0.00507458,-0.00645951,0.171143
6.08,0.999938,-0.0110244,0.000182392,-0.00177001,-3.68251e-05,0.000662928,0.000733788,0.0797015,-0.00883675,0.0437828,0.00458147,-0.00740661,0.0766029,6.1,1,0.0153864,0.0100287,-0.0163665,0.999938,-0.0110246,0.000185747,-0.00176638,0.211134,0.0804275,-0.0811025,0.0797473,-0.00891082,0.0445489,0.00457975,-0.00750043,0.170415
6.1,0.999938,-0.011033,0.000180785,-0.0017674,0.000895287,-0.00186707,0.000467485,0.0796362,-0.00894264,0.0437456,0.00449799,-0.00764601,0.0764389,6.12,1,0.00900795,0.0308509,-0.0258982,0.999938,-0.0110286,0.000171468,-0.00176496,0.15985,0.24776,-0.133217,0.0796812,-0.0090191,0.0445099,0.00449629,-0.0077399,0.170251
6.12,0.999938,-0.0110278,0.000175579,-0.00177457,0.00129475,-0.0014676,-0.00179622,0.0796051,-0.00899637,0.0437541,0.00430605,-0.00784453,0.0764258,6.14,1,-0.0412722,-0.0242251,-0.0176904,0.999938,-0.0110213,0.000168131,-0.00178347,-0.241681,-0.194217,-0.090672,0.0796482,-0.00907481,0.0445184,0.00430439,-0.00793838,0.170238
6.14,0.999938,-0.0110081,0.000167416,-0.00178496,0.00169423,-0.0014676,-0.002462,0.0795187,-0.00915895,0.043884,0.00428982,-0.00822989,0.0762279,6.16,1,-0.0139119,-0.00600464,-0.0401915,0.999938,-0.0109997,0.000159927,-0.00179719,-0.0231645,-0.0460314,-0.215455,0.0795616,-0.00924125,0.0446463,0.00428823,-0.00832357,0.17004
6.16,0.999938,-0.0109949,0.000199331,-0.00178249,0.000762123,0.00132872,0.000334316,0.0794008,-0.0094353,0.0444371,0.00394627,-0.00851682,0.0765755,6.18,1,-0.00533395,-0.0373992,0.0297993,0.999938,-0.0109911,0.000205986,-0.00178089,0.045674,-0.303465,0.174527,0.0794403,-0.00952046,0.0452029,0.0039444,-0.00861039,0.170388
6.18,0.999938,-0.0109933,0.000187576,-0.00179251,0.00169422,-0.00319866,-0.00113042,0.0793564,-0.00954918,0.0447686,0.00367106,-0.00862739,0.0766294,6.2,1,0.0417264,-0.000512201,-0.00734763,0.999938,-0.0109849,0.000171507,-0.00179799,0.421676,-0.00435206,-0.0311028,0.0793931,-0.00963545,0.0455349,0.0036693,-0.00872094,0.170442
6.2,0.999938,-0.010987,0.000181049,-0.00180526,0.000762126,0.000796093,-0.00299464,0.0793152,-0.00966258,0.0451564,0.00335757,-0.00878331,0.0765243,6.22,1,-0.00506974,-0.0307967,-0.0211787,0.999938,-0.0109832,0.000184858,-0.00182027,0.0477534,-0.246017,-0.110391,0.0793488,-0.00975041,0.0459217,0.00335586,-0.0088768,0.170337
6.22,0.999938,-0.0109948,0.000162327,-0.00183192,0.00169334,0.000263681,-0.000331132,0.0792289,-0.00995165,0.0463675,0.00318384,-0.00890816,0.0771322,6.24,1,0.000860224,-0.0116873,-0.0679108,0.999938,-0.0109863,0.000163612,-0.00183359,0.0948899,-0.0888022,-0.370762,0.0792607,-0.0100407,0.0471388,0.00318229,-0.00900173,0.170944
6.24,0.999938,-0.0109675,0.000169726,-0.0018601,0.000362625,0.000131846,-0.00166269,0.0790234,-0.0102063,0.0460346,0.00250675,-0.00939345,0.0765858,6.26,1,-0.0525744,-0.0197178,-0.0335781,0.999938,-0.0109657,0.00017029,-0.00186842,-0.332678,-0.156924,-0.178892,0.0790484,-0.0103002,0.0468004,0.00250513,-0.00948678,0.170398
6.25999,0.999938,-0.0109594,0.000172385,-0.00186896,0.00196053,0.000531324,-0.00219532,0.078982,-0.0102558,0.0460023,0.00244126,-0.00932577,0.0764469,6.27999,1,0.0161843,0.0153271,-0.0149798,0.999938,-0.0109496,0.000174903,-0.00187997,0.216901,0.122786,-0.0724629,0.0790064,-0.0103491,0.0467667,0.00243962,-0.00941904,0.170259
6.27999,0.999938,-0.0109582,0.000184176,-0.00187047,0.000229473,0.00279501,-0.000331109,0.0789278,-0.0103025,0.0457186,0.00221262,-0.00907962,0.0761267,6.29999,1,-0.00710587,-0.0252066,-0.0682501,0.999938,-0.010957,0.00019813,-0.00187228,0.0310654,-0.197233,-0.373285,0.0789499,-0.0103933,0.0464799,0.00221088,-0.00917288,0.169939
6.29999,0.999938,-0.010931,0.000176935,-0.00187456,-3.67707e-05,-0.000666607,-0.00152951,0.0786628,-0.0105306,0.0446357,0.00146582,-0.00921807,0.0753586,6.31999,1,-0.0118794,0.0096134,0.0296035,0.999938,-0.0109312,0.000173519,-0.00188217,-0.00781594,0.0727208,0.176838,0.0786775,-0.0106228,0.0453893,0.00146414,-0.00931109,0.169171
6.31999,0.999939,-0.0109144,0.000184346,-0.00187536,-0.000569402,0.000798133,0.000334696,0.0783658,-0.0107958,0.0440288,0.000537653,-0.00910543,0.0744814,6.33999,1,-0.00856697,-0.00561176,0.0345754,0.999939,-0.0109172,0.00018836,-0.00187373,0.0187599,-0.0495126,0.203754,0.0783712,-0.0108868,0.0447736,0.00053591,-0.00919831,0.168294
6.33999,0.999937,-0.0110793,0.000190022,-0.00187864,-0.0325273,0.000132405,0.00073414,0.0782663,-0.0108741,0.0440068,8.43555e-05,-0.00662905,0.0764076,6.35999,1,0.0152539,0.0269528,0.0359218,0.999935,-0.0112419,0.00019103,-0.00187495,0.210099,0.211135,0.213346,0.0782672,-0.0109403,0.0447709,8.25612e-05,-0.00672333,0.17022
6.35999,0.999937,-0.0110728,0.000191642,-0.0018773,0.00156066,0.000265633,0.000335803,0.0782155,-0.0108965,0.0440078,-0.00015841,-0.00584322,0.0737626,6.37999,1,-0.00877917,0.000780013,-0.0188718,0.999937,-0.011065,0.000192974,-0.00187564,0.0183518,0.00624678,-0.0951261,0.0782139,-0.0109549,0.0447454,-0.000160218,-0.00593744,0.167575
6.37999,0.999938,-0.0110053,0.00016838,-0.00189504,0.00196046,-0.00173075,-0.00152839,0.0778771,-0.01101,0.0425484,-0.000528548,-0.00860768,0.0721416,6.39999,1,0.000950254,0.00757701,0.0375895,0.999938,-0.0109955,0.000159624,-0.00190258,0.0954136,0.0559712,0.22156,0.0778718,-0.0110961,0.0432698,-0.000530159,-0.00870134,0.165954
6.39999,0.999938,-0.0110135,0.000145982,-0.00186673,0.00102915,-0.00186386,0.00220004,0.0775358,-0.0112327,0.0408528,-0.000939221,-0.011227,0.0712491,6.41999,1,-0.0558911,0.012363,0.0589889,0.999938,-0.0110084,0.000136775,-0.00185563,-0.359544,0.091702,0.341452,0.0775265,-0.011345,0.0415653,-0.000940638,-0.0113207,0.165061
6.41999,0.999938,-0.0110202,0.000145533,-0.00186954,-0.00176717,-0.000265965,-0.000729446,0.0774687,-0.0112831,0.0405681,-0.00129739,-0.0111849,0.0710119,6.43999,1,0.004601,0.00868422,0.0266001,0.999937,-0.011029,0.000144179,-0.00187317,0.124771,0.0660293,0.159956,0.0774557,-0.011395,0.0412782,-0.0012988,-0.0112786,0.164824
6.43999,0.999937,-0.0110357,0.000147817,-0.00187199,-0.0022998,0.00119878,6.95053e-05,0.0773319,-0.0113812,0.0400641,-0.00166834,-0.0107671,0.0705971,6.45999,1,-0.00428697,0.00107794,-0.0434726,0.999937,-0.0110472,0.000153836,-0.0018717,0.0539429,0.0112154,-0.232895,0.0773152,-0.0114889,0.0407701,-0.00166978,-0.010861,0.164409
6.45999,0.999938,-0.0110134,0.000164827,-0.00188923,0.00222777,-0.000665113,0.000335835,0.0770411,-0.011545,0.0389036,-0.00247641,-0.00951533,0.0697723,6.47999,1,-0.0417173,0.0288645,0.0678787,0.999938,-0.0110023,0.000161499,-0.00188751,-0.246453,0.222976,0.39238,0.0770163,-0.0116401,0.0396014,-0.00247799,-0.00960905,0.163585
6.47999,0.999938,-0.0109983,0.000176783,-0.00188665,-0.00016907,-0.00106457,-0.000463106,0.0766679,-0.0117132,0.0374808,-0.00296801,-0.00935934,0.0690405,6.49999,1,-0.00996159,0.0207173,-0.0766986,0.999938,-0.0109992,0.000171437,-0.0018889,0.00781197,0.170916,-0.417688,0.0766382,-0.0118068,0.0381712,-0.00296969,-0.00945293,0.162853
6.49999,0.999938,-0.0109936,0.000190628,-0.00188487,0.00142883,0.00133227,-0.000596269,0.0765218,-0.0117816,0.0370639,-0.00315368,-0.00938826,0.0690764,6.51999,1,0.00579158,0.00462535,-0.00878508,0.999938,-0.0109864,0.000197243,-0.00188792,0.134216,0.0363355,-0.0383479,0.0764902,-0.0118754,0.0377547,-0.00315548,-0.00948181,0.162889
6.51999,0.999938,-0.0109917,0.000196945,-0.00188872,0.000363777,0.00146547,-0.000994832,0.0764493,-0.0118179,0.0368867,-0.00332852,-0.00962653,0.0688348,6.53999,1,-0.0084977,0.0473587,-0.000135671,0.999938,-0.0109899,0.000204213,-0.00189378,0.0191393,0.377156,0.0127106,0.076416,-0.0119142,0.0375751,-0.00333037,-0.00972006,0.162647
6.53999,0.999938,-0.0109664,0.000208797,-0.00189338,0.00236115,0.00159863,0.000469914,0.0761559,-0.0119828,0.0363717,-0.00386271,-0.0105778,0.0686093,6.55999,1,-0.0214181,-0.0073343,-0.0377541,0.999938,-0.0109546,0.000216793,-0.00189112,-0.0835142,-0.0573518,-0.201292,0.0761173,-0.0120885,0.0370578,-0.00386466,-0.0106711,0.162422
6.55999,0.999938,-0.0109422,0.000165198,-0.00189863,-0.000433833,-0.00119778,7.04408e-05,0.075714,-0.012216,0.0354531,-0.00508028,-0.0105214,0.0682584,6.57999,1,-0.0160359,-0.040986,-0.010231,0.999938,-0.0109444,0.000159217,-0.00189821,-0.040195,-0.328536,-0.0491949,0.0756632,-0.0123213,0.0361356,-0.00508186,-0.0106145,0.162071
6.57999,0.999938,-0.0109439,0.000167213,-0.00189072,-0.000566987,0.000400109,0.00193465,0.075637,-0.0122479,0.035238,-0.00516385,-0.0107694,0.0682192,6.59999,1,-0.0124122,0.00130157,-0.0690281,0.999938,-0.0109467,0.000169324,-0.00188107,-0.0118834,0.0149333,-0.375903,0.0755853,-0.0123556,0.0359202,-0.00516545,-0.0108626,0.162031
6.59999,0.999938,-0.0109467,0.000186422,-0.0018948,-0.00149909,0.00293012,7.04384e-05,0.0754838,-0.0123149,0.0348713,-0.00509048,-0.010645,0.0680406,6.61999,1,-0.0241514,-0.0281828,0.0480079,0.999938,-0.0109542,0.000201089,-0.0018946,-0.105431,-0.231507,0.277666,0.0754329,-0.0124214,0.0355517,-0.00509225,-0.0107382,0.161853
6.61999,0.999938,-0.010947,0.000163878,-0.00187844,-0.000566978,-0.00119779,0.00246728,0.0751353,-0.0124797,0.0343049,-0.0048663,-0.0104858,0.0679526,6.63999,1,-0.0263649,-0.0213697,-0.0130635,0.999938,-0.0109498,0.00015803,-0.00186604,-0.12305,-0.171509,-0.0639731,0.0750866,-0.0125845,0.0349844,-0.00486787,-0.010579,0.161765
6.63999,0.999938,-0.0109468,0.000118241,-0.00188261,-0.000566999,-0.00279568,0.000469914,0.0748734,-0.0126294,0.0341764,-0.00498556,-0.0108972,0.0672742,6.65999,1,-0.0162789,-0.0275054,0.0717452,0.999938,-0.0109496,0.000104294,-0.00188011,-0.0425729,-0.2275,0.410562,0.0748235,-0.0127383,0.0348491,-0.00498675,-0.0109904,0.161086
6.65999,0.999938,-0.0109456,0.000101039,-0.00187573,-0.000966466,-0.00199673,0.000336752,0.0747477,-0.0127111,0.0342126,-0.00494713,-0.0109147,0.0675812,6.67999,1,-0.0319892,-0.00273281,0.0198533,0.999938,-0.0109505,9.10838e-05,-0.00187393,-0.16837,-0.0248874,0.121483,0.0746982,-0.0128202,0.0348885,-0.00494816,-0.0110079,0.161393
6.67999,0.999938,-0.010944,9.06405e-05,-0.00187374,-0.000434136,-0.00279583,7.03422e-05,0.074621,-0.0127936,0.0343186,-0.00547779,-0.010861,0.0681449,6.69999,1,0.0170009,0.0161266,0.0112036,0.999938,-0.0109462,7.66701e-05,-0.00187324,0.223272,0.127554,0.0742229,0.0745662,-0.0129022,0.035,-0.00547874,-0.0109541,0.161957
6.69999,0.999939,-0.0109277,6.60501e-05,-0.00187518,-0.000966326,-0.000132562,-0.0016607,0.0742809,-0.012985,0.0341882,-0.00618446,-0.010993,0.0681826,6.71999,1,0.0095942,-0.0209832,0.00235338,0.999938,-0.0109325,6.53056e-05,-0.00188347,0.16446,-0.168445,0.0223958,0.074219,-0.0130949,0.0348701,-0.0061852,-0.0110859,0.161995
6.71999,0.999939,-0.0108986,5.50658e-05,-0.00188342,0.00196358,-0.000265735,7.0363e-05,0.073997,-0.0130907,0.0334255,-0.00705751,-0.0102756,0.0677734,6.73999,1,-0.0132803,0.0379099,0.0132454,0.999939,-0.0108888,5.37225e-05,-0.00188306,-0.0197018,0.301466,0.0870172,0.0739265,-0.0131934,0.0341032,-0.00705815,-0.0103683,0.161586
6.73999,0.999939,-0.0108852,6.30795e-05,-0.00187614,0.00316286,0.00199742,0.00180141,0.073928,-0.0131082,0.0332092,-0.00714194,-0.0102645,0.0675798,6.75999,1,-0.0162495,0.00538564,0.0016853,0.999939,-0.0108694,7.31344e-05,-0.00186724,-0.0430011,0.0421872,0.0202645,0.0738565,-0.0132108,0.033885,-0.00714265,-0.0103572,0.161392
6.75999,0.999939,-0.0108656,3.78401e-05,-0.00187987,-0.000698729,-0.00279626,0.000203508,0.0737225,-0.0131604,0.0326834,-0.0072825,-0.00982666,0.0673596,6.77999,1,-0.0213107,-0.0164712,-0.0079378,0.999939,-0.0108691,2.38772e-05,-0.0018787,-0.0833349,-0.131695,-0.0349326,0.0736497,-0.0132587,0.033357,-0.007283,-0.00991912,0.161172
6.77999,0.999939,-0.0108439,3.92498e-05,-0.00186499,-0.000432402,-0.000133105,0.00126877,0.0733802,-0.0132541,0.0322156,-0.00775767,-0.00946975,0.0674662,6.79999,1,-0.00167371,0.0106222,-0.0126696,0.999939,-0.0108461,3.86572e-05,-0.00185864,0.0731962,0.0857326,-0.0598585,0.0733026,-0.0133488,0.0328902,-0.00775818,-0.00956203,0.161278
6.79999,0.999938,-0.0110146,1.73724e-05,-0.00186404,0.000899816,0.00159766,-0.0028591,0.0731151,-0.0132624,0.0318281,-0.0082111,-0.00598758,0.0673724,6.81999,1,-0.0172212,0.0212845,-0.0542057,0.999938,-0.0110101,2.51944e-05,-0.00187842,-0.0501164,0.174647,-0.291803,0.0730329,-0.0133222,0.0325018,-0.00821142,-0.00608132,0.161185
6.81999,0.999938,-0.0110002,1.83679e-05,-0.00185552,0.00342981,0.000266088,0.00206772,0.0730496,-0.013243,0.0316749,-0.00817234,-0.005987,0.0674785,6.83999,1,-0.0275337,-0.0474359,-0.0498554,0.999938,-0.0109831,1.97802e-05,-0.0018452,-0.131785,-0.375631,-0.271736,0.0729678,-0.0133029,0.0323497,-0.00817267,-0.00608061,0.161291
6.83999,0.999938,-0.0109689,6.38795e-06,-0.00184744,0.00169862,-0.000132337,0.00100225,0.0728577,-0.0132062,0.0313383,-0.00804223,-0.0073811,0.0675542,6.85999,1,0.0013333,-0.00564963,-0.0647036,0.999938,-0.0109604,5.76558e-06,-0.00184242,0.0983181,-0.0395477,-0.352341,0.0727772,-0.0132801,0.0320139,-0.00804246,-0.00747444,0.161366
6.85999,0.999938,-0.0109772,-2.77628e-06,-0.00184086,-0.00189608,0.000133708,0.000735929,0.0725584,-0.0131879,0.0303258,-0.0088432,-0.00968665,0.0665951,6.87999,1,-0.0437415,-0.0167034,-0.011747,0.999938,-0.0109867,-2.04994e-06,-0.00183719,-0.261949,-0.13321,-0.0565083,0.07247,-0.0132847,0.0309917,-0.00884335,-0.00978007,0.160407
6.87999,0.999938,-0.0109788,7.4946e-06,-0.00183402,-0.000697657,0.00146529,0.000735933,0.0723652,-0.0132154,0.0299577,-0.00933221,-0.00976513,0.0667524,6.89999,1,-0.00269288,0.00439388,-0.0343628,0.999938,-0.0109822,1.48674e-05,-0.00183042,0.0661729,0.0380675,-0.181886,0.0722719,-0.013313,0.0306252,-0.00933244,-0.00985856,0.160565
6.89999,0.999938,-0.0109804,1.47509e-05,-0.00183889,-0.000564496,0.00186477,-0.00126143,0.0723053,-0.0132199,0.0298329,-0.00940602,-0.00967556,0.0666297,6.91999,1,-0.0272925,-0.0323012,0.00800503,0.999938,-0.0109832,2.40101e-05,-0.0018453,-0.130091,-0.259616,0.0531252,0.0722112,-0.0133167,0.0304992,-0.00940631,-0.00976901,0.160442
6.91999,0.999938,-0.0109632,4.28138e-05,-0.00185637,0.00502892,0.00266297,-0.00325882,0.0718598,-0.0132135,0.0294328,-0.0104389,-0.00750706,0.0658783,6.93999,1,-0.0113431,0.0347034,0.0310993,0.999938,-0.010938,5.59025e-05,-0.00187281,-0.00366119,0.274372,0.186657,0.0717554,-0.0132885,0.0300916,-0.0104395,-0.00760035,0.15969
6.93999,0.999938,-0.0109456,2.35587e-05,-0.00188026,0.00249892,-0.00266336,-0.000861964,0.0716563,-0.0132046,0.0295162,-0.0105227,-0.00787866,0.0660378,6.95999,1,-0.00320117,-0.0389891,-0.0623888,0.999938,-0.0109331,1.01721e-05,-0.00188442,0.0623174,-0.306666,-0.341245,0.0715511,-0.0132834,0.0301766,-0.010523,-0.0079718,0.15985
6.95999,0.999938,-0.0109376,2.3265e-05,-0.00188031,0.00183313,-1.96788e-07,-6.30302e-05,0.0715872,-0.0132062,0.029574,-0.010736,-0.00805147,0.0659353,6.97999,1,-0.0210147,-0.0195897,0.014664,0.999938,-0.0109285,2.32434e-05,-0.00188063,-0.0803595,-0.158493,0.0914351,0.0714799,-0.0132868,0.0302334,-0.0107364,-0.00814455,0.159748
6.97999,0.999938,-0.0109399,1.53055e-05,-0.00187663,-0.000696883,-0.000665984,0.00113539,0.0714475,-0.0132171,0.0297343,-0.0107595,-0.00828881,0.0660902,6.99999,1,0.0319621,0.027585,-0.0301002,0.999938,-0.0109434,1.20444e-05,-0.00187091,0.342672,0.223658,-0.156363,0.0713399,-0.0133,0.0303952,-0.0107598,-0.00838191,0.159902
6.99999,0.999939,-0.0109074,1.63206e-05,-0.00186651,0.000501905,-0.000532384,-0.00259329,0.0710898,-0.013257,0.0303841,-0.0110285,-0.00850015,0.0661146,7.01999,1,-0.00848047,0.00542585,-0.0418006,0.999939,-0.0109049,1.35128e-05,-0.00187945,0.0192632,0.0467946,-0.223296,0.0709796,-0.013342,0.0310452,-0.0110288,-0.00859297,0.159927
7.01999,0.999939,-0.0109105,-2.04461e-05,-0.00188216,-0.00109447,-0.00146572,0.00100197,0.0707894,-0.0132453,0.0301924,-0.0117764,-0.00875897,0.0655194,7.03999,1,-0.0368396,-0.00366958,0.013452,0.999939,-0.010916,-2.77093e-05,-0.00187707,-0.207425,-0.0309203,0.0856384,0.0706717,-0.0133329,0.0308476,-0.0117764,-0.00885182,0.159332
7.03999,0.999939,-0.010914,-2.31174e-05,-0.00188382,-0.00109402,-0.000534043,-0.000462777,0.0707436,-0.013225,0.0298986,-0.0116942,-0.00879205,0.0653466,7.05999,1,-0.0305505,-0.0337723,0.0297199,0.999939,-0.0109195,-2.58024e-05,-0.0018861,-0.156692,-0.273032,0.174895,0.0706267,-0.0133129,0.0305521,-0.0116941,-0.00888493,0.159159
7.05999,0.999939,-0.0109191,-3.22159e-05,-0.00188967,-0.00149348,-0.00213195,-0.00152804,0.0706985,-0.0132063,0.0296272,-0.0114628,-0.0087654,0.0652184,7.07999,1,-0.0168847,0.0337249,0.053406,0.999938,-0.0109266,-4.29443e-05,-0.0018972,-0.0483991,0.265119,0.31168,0.0705839,-0.013294,0.0302794,-0.0114627,-0.00885833,0.159031
7.07999,0.999939,-0.0108907,-4.04591e-05,-0.00189971,0.00196907,-0.00239918,0.0011351,0.0705125,-0.0131138,0.0284037,-0.0115965,-0.00841186,0.0640585,7.09999,1,0.00366558,-0.00326736,0.0411889,0.999939,-0.0108809,-5.24112e-05,-0.00189391,0.116437,-0.0293468,0.241073,0.0703966,-0.0131979,0.0290443,-0.0115963,-0.00850454,0.157871
7.09999,0.999939,-0.0108537,-5.07549e-05,-0.00190972,0.00330066,-0.00226601,-0.00099542,0.0703354,-0.0130599,0.0277814,-0.0118574,-0.00841091,0.0635342,7.11999,1,0.00370621,-0.0168839,-0.0342196,0.999939,-0.0108372,-6.21698e-05,-0.00191457,0.116658,-0.13163,-0.181959,0.0702168,-0.013144,0.0284168,-0.0118572,-0.00850328,0.157346
7.11999,0.999939,-0.0108385,-5.36597e-05,-0.00190838,0.000504329,0.000530299,0.000336152,0.0702389,-0.0130413,0.0275722,-0.0121208,-0.00852976,0.0629656,7.13999,1,-0.0364284,0.0222585,0.0212685,0.99994,-0.0108359,-5.09949e-05,-0.00190673,-0.205131,0.176086,0.131133,0.0701177,-0.0131266,0.0282018,-0.0121206,-0.008622,0.156778
7.13999,0.99994,-0.010826,-5.43943e-05,-0.00190601,0.00103696,-0.000534967,6.98308e-05,0.070137,-0.0130316,0.0274298,-0.0122447,-0.0086325,0.0628614,7.15999,1,0.025449,-0.0223063,-0.0332007,0.99994,-0.0108208,-5.70751e-05,-0.00190563,0.290415,-0.174741,-0.176611,0.0700145,-0.0131179,0.0280584,-0.0122444,-0.00872463,0.156674
7.15999,0.99994,-0.0108285,-5.07816e-05,-0.00190778,-0.000827469,0.00106283,-0.000462322,0.0700848,-0.0130278,0.0273836,-0.0122742,-0.00864341,0.0629041,7.17999,1,-0.0139727,0.0377758,0.0256828,0.99994,-0.0108326,-4.54849e-05,-0.00191015,-0.0258121,0.300156,0.156781,0.0699621,-0.0131142,0.0280126,-0.012274,-0.00873556,0.156716
7.17999,0.99994,-0.0108072,-5.35985e-05,-0.0019035,0.00117045,-0.00160102,0.00100241,0.0698456,-0.0129887,0.0269216,-0.0125955,-0.00820284,0.0630504,7.19999,1,0.016734,-0.0115646,-0.023019,0.99994,-0.0108013,-6.15601e-05,-0.0018984,0.220446,-0.0898377,-0.118949,0.0697196,-0.0130708,0.0275521,-0.0125953,-0.00829481,0.156863
7.19999,0.99994,-0.0108025,-4.46868e-05,-0.00189176,0.00170309,-3.11708e-06,-0.00192706,0.0696168,-0.0129405,0.0265762,-0.0124843,-0.00773084,0.0630599,7.21999,1,-0.0107689,0.0109355,-0.0154134,0.99994,-0.0107939,-4.48226e-05,-0.0019014,8.25712e-05,0.0890053,-0.0750541,0.069492,-0.0130178,0.0272068,-0.0124841,-0.00782277,0.156872
7.21999,0.99994,-0.0108078,-4.73837e-05,-0.00188597,-0.00149272,-0.000535745,0.00140188,0.0695691,-0.0129324,0.0265576,-0.0123167,-0.00771882,0.0629088,7.23999,1,0.00565943,-0.0232696,-0.0467122,0.99994,-0.0108152,-4.99724e-05,-0.00187893,0.131949,-0.181643,-0.252436,0.069446,-0.0130096,0.0271867,-0.0123165,-0.00781079,0.156721
7.23999,0.99994,-0.0107949,-3.99146e-05,-0.00188955,0.00263589,-0.000270575,-0.00166077,0.069448,-0.0129044,0.0265107,-0.0123054,-0.00756032,0.0628647,7.25999,1,-0.0340277,-0.0159281,0.00491374,0.99994,-0.0107817,-4.13819e-05,-0.00189784,-0.185666,-0.128037,0.0371339,0.069325,-0.01298,0.0271393,-0.0123052,-0.00765219,0.156677
7.25999,0.99994,-0.0108203,-3.89043e-05,-0.00190009,-0.0109456,0.00252496,-0.000861778,0.0692977,-0.0128271,0.0261804,-0.0117316,-0.00720484,0.0647277,7.27999,1,-0.0125746,-0.0126175,-0.0109201,0.999939,-0.010875,-2.62229e-05,-0.00190454,-0.0138583,-0.0998684,-0.0512725,0.0691804,-0.0128991,0.0268277,-0.0117315,-0.00729692,0.15854
7.27999,0.999938,-0.0109317,-4.07781e-05,-0.00189542,0.0050334,-0.00107031,0.000869233,0.06922,-0.0127155,0.0260141,-0.0119419,-0.00398221,0.0620771,7.29999,1,0.000738334,-0.0276894,0.0020663,0.999939,-0.0109066,-4.61295e-05,-0.00189101,0.093747,-0.221345,0.0204856,0.0691006,-0.0127553,0.0266348,-0.0119417,-0.00407525,0.155889
7.29999,0.999939,-0.0109075,-2.02059e-05,-0.00190055,0.00143812,0.00372337,-0.000861832,0.0691641,-0.0126389,0.0259631,-0.0116427,-0.00469045,0.0619426,7.31999,1,-0.0348953,0.0100675,0.0116286,0.999939,-0.0109003,-1.65082e-06,-0.00190506,-0.1921,0.0791515,0.0763702,0.0690477,-0.0126858,0.0265825,-0.0116427,-0.00478327,0.155755
7.31999,0.999939,-0.0109203,-2.99354e-05,-0.00191489,-0.00162511,-0.00266786,-0.00219286,0.0691069,-0.0125844,0.0259728,-0.0114167,-0.00618329,0.0619533,7.33999,1,-0.0121135,-0.0299067,0.00381556,0.999938,-0.0109284,-4.3378e-05,-0.00192571,-0.00912708,-0.239518,0.0302567,0.0689928,-0.0126462,0.0265924,-0.0114166,-0.00627622,0.155766
7.33999,0.999938,-0.0109322,-2.4848e-05,-0.00194075,-0.000959328,0.00119373,-0.00099445,0.068965,-0.0125579,0.0262654,-0.0108589,-0.00824686,0.0620732,7.35999,1,-0.0633434,-0.00233133,0.050824,0.999938,-0.010937,-1.89248e-05,-0.00194578,-0.419502,-0.0238798,0.295295,0.0688564,-0.0126404,0.0268862,-0.0108589,-0.00833989,0.155885
7.35999,0.999938,-0.0109249,-5.01269e-05,-0.00195466,0.0011712,-0.00106996,-0.000195496,0.0688025,-0.0125523,0.0268938,-0.0114164,-0.00603571,0.0619173,7.37999,1,0.00353004,-0.0170057,0.0303923,0.999938,-0.0109191,-5.54985e-05,-0.00195557,0.115862,-0.138237,0.180084,0.0686883,-0.0126127,0.027513,-0.0114162,-0.00612868,0.155729
7.37999,0.999939,-0.0109139,-4.97013e-05,-0.00195687,0.00263594,0.000261626,-0.000594974,0.068764,-0.012542,0.0270567,-0.0116209,-0.00571937,0.0620757,7.39999,1,0.0109164,0.0230266,-0.0206679,0.999939,-0.0109007,-4.84515e-05,-0.00195986,0.174222,0.186575,-0.103376,0.0686478,-0.0125992,0.0276775,-0.0116206,-0.00581225,0.155888
7.39999,0.999939,-0.0109024,-5.98826e-05,-0.00195819,0.000239463,-0.00120437,0.00126921,0.0686258,-0.0124844,0.0276693,-0.0121389,-0.00491731,0.0618261,7.41999,1,-0.0223865,-0.0157393,-0.0121809,0.999939,-0.0109013,-6.58373e-05,-0.00195178,-0.0916601,-0.124717,-0.0582012,0.0685044,-0.0125336,0.0282876,-0.0121386,-0.00501009,0.155638
7.41999,0.999939,-0.0109119,-6.88711e-05,-0.00194635,0.000906196,-0.00187137,0.000736571,0.0684908,-0.0123658,0.0281785,-0.011819,-0.00473893,0.0617093,7.43999,1,0.00340343,-0.0211583,0.0122497,0.999939,-0.0109074,-7.8196e-05,-0.00194256,0.11483,-0.169722,0.0781961,0.0683726,-0.0124132,0.0287956,-0.0118186,-0.00483179,0.155521
7.43999,0.999939,-0.0108936,-7.78061e-05,-0.00194155,0.000906903,-0.00120653,0.00166865,0.068506,-0.0122371,0.0277241,-0.0114663,-0.00503161,0.0609532,7.45999,1,0.00637631,-0.0167291,-0.0212247,0.999939,-0.0108891,-8.37563e-05,-0.00193314,0.138369,-0.131254,-0.109006,0.0683914,-0.0122874,0.0283336,-0.0114658,-0.00512432,0.154765
7.45999,0.999939,-0.0108913,-7.51376e-05,-0.00194103,0.000375276,0.000923685,7.13696e-05,0.0685093,-0.0121973,0.0276069,-0.0113612,-0.00504885,0.0607431,7.47999,1,0.0321703,-0.0160524,-0.0154044,0.999939,-0.0108894,-7.05192e-05,-0.00194073,0.344651,-0.125969,-0.0763903,0.0683957,-0.0122477,0.0282143,-0.0113607,-0.00514154,0.154555
7.47999,0.999939,-0.0108912,-9.31083e-05,-0.00195982,-0.000556295,-0.00107455,-0.00259179,0.0685627,-0.0120143,0.0268438,-0.011189,-0.00451233,0.0599194,7.49999,1,-0.0245124,-0.055386,-0.093585,0.999939,-0.0108939,-9.86164e-05,-0.00197272,-0.108702,-0.434551,-0.516503,0.0684508,-0.0120594,0.027443,-0.0111884,-0.00460501,0.153732
7.49999,0.999939,-0.0108687,-6.82166e-05,-0.00198309,-0.000689444,0.00265389,-0.000860745,0.0686029,-0.0117431,0.0260018,-0.0114612,-0.00381656,0.0588982,7.51999,1,0.0262314,0.0379351,-0.00307431,0.999939,-0.0108721,-5.49879e-05,-0.00198753,0.296091,0.304691,-0.00382279,0.0684883,-0.0117813,0.0265908,-0.0114608,-0.00390905,0.15271
7.51999,0.999939,-0.0108648,-7.18572e-05,-0.00197393,0.000775292,-0.00067506,0.00220189,0.0686028,-0.0116994,0.0259208,-0.0114874,-0.00365101,0.0590956,7.53999,1,0.003326,0.00014966,0.040168,0.999939,-0.0108609,-7.51203e-05,-0.00196289,0.113475,-0.00166721,0.23598,0.0684879,-0.0117359,0.0265118,-0.011487,-0.00374347,0.152908
7.53999,0.999939,-0.0108581,-7.70948e-05,-0.00196898,0.000775286,0.000390202,0.000870313,0.0685994,-0.0116131,0.0258125,-0.0113233,-0.00348857,0.059402,7.55999,1,0.0404788,0.0342276,-0.0930959,0.999939,-0.0108543,-7.51042e-05,-0.00196464,0.409579,0.283142,-0.508279,0.0684862,-0.011648,0.0264065,-0.0113229,-0.00358098,0.153214
7.55999,0.999939,-0.010878,-6.15337e-05,-0.00196102,0.0009087,0.00092182,0.00100345,0.0686021,-0.0114873,0.0256874,-0.011388,-0.00375026,0.0589299,7.57999,1,-0.058118,0.0113305,0.0901585,0.999939,-0.0108734,-5.68792e-05,-0.00195606,-0.378533,0.08237,0.516485,0.0684882,-0.0115248,0.0262767,-0.0113876,-0.00384283,0.152742
7.57999,0.999939,-0.0108641,-7.56613e-05,-0.00195969,0.000242909,0.00092182,-0.000993922,0.0686001,-0.0113121,0.0256994,-0.010713,-0.00370441,0.0591256,7.59999,1,-0.0195196,-0.0223669,0.00974076,0.999939,-0.0108629,-7.11088e-05,-0.00196471,-0.0689198,-0.179472,0.0641613,0.068493,-0.0113492,0.0262907,-0.0107125,-0.00379687,0.152938
7.59999,0.999939,-0.0108646,-0.000103156,-0.00195675,0.00197396,-0.00320608,0.000737147,0.0685924,-0.0112121,0.0258801,-0.010669,-0.00329588,0.0592475,7.61999,1,-0.0130422,0.0134487,-0.0404804,0.999939,-0.0108548,-0.000119165,-0.00195289,-0.0177449,0.111721,-0.214904,0.0684857,-0.011245,0.0264726,-0.0106683,-0.00338834,0.15306
7.61999,0.999939,-0.0108604,-0.000107274,-0.00195457,0.000908454,-0.000808915,0.000471296,0.0685872,-0.0111795,0.0259675,-0.0103594,-0.00315067,0.0594455,7.63999,1,-0.0328726,0.0105006,-0.00778026,0.999939,-0.0108559,-0.000111302,-0.00195217,-0.176307,0.0850192,-0.0319697,0.0684837,-0.011211,0.0265619,-0.0103587,-0.0032431,0.153258
7.63999,0.99994,-0.0108311,-9.36836e-05,-0.00197346,0.00370477,-0.00240682,0.00193604,0.0685917,-0.0110182,0.0264063,-0.00931602,-0.0031638,0.0601039,7.65999,1,0.0178703,-0.00445889,0.0272946,0.99994,-0.0108126,-0.000105649,-0.00196364,0.229646,-0.0370028,0.163606,0.0684985,-0.0110498,0.0270073,-0.0093154,-0.00325598,0.153916
7.65999,0.99994,-0.0108218,-8.92327e-05,-0.00198028,-2.31754e-05,0.000255049,-0.00192557,0.0686947,-0.0108445,0.0264093,-0.00879531,-0.00283027,0.0603225,7.67999,1,-0.00827917,0.0249467,0.0448719,0.999939,-0.0108219,-8.80614e-05,-0.00198992,0.0198647,0.196259,0.263858,0.0686068,-0.0108728,0.0270125,-0.00879474,-0.00292236,0.154135
7.67999,0.99994,-0.0108192,-7.84711e-05,-0.00198252,0.000509459,0.00291821,-0.000593985,0.068713,-0.0108121,0.0264552,-0.00867259,-0.00299187,0.0604817,7.69999,1,-0.0117564,-0.0469507,-0.00490092,0.99994,-0.0108167,-6.39181e-05,-0.00198565,-0.00685209,-0.374718,-0.019194,0.0686263,-0.010842,0.02706,-0.0086721,-0.00308395,0.154294
7.69999,0.99994,-0.0108174,-7.65538e-05,-0.00198628,-0.00015634,-0.000144428,0.00047128,0.0687475,-0.0107541,0.0265939,-0.00855786,-0.00322994,0.0608482,7.71999,1,0.00442821,-0.00725045,0.0212369,0.99994,-0.0108182,-7.72489e-05,-0.00198391,0.122069,-0.0591553,0.129599,0.0686619,-0.0107864,0.0272024,-0.00855739,-0.003322,0.15466
7.71999,0.999939,-0.0108523,-5.74139e-05,-0.0019754,-0.0122735,-0.000278589,0.000338097,0.0688108,-0.0106502,0.0269595,-0.00895656,-0.00295188,0.0636303,7.73999,1,0.00611239,0.0147043,0.0359288,0.999938,-0.0109136,-5.86672e-05,-0.0019737,0.135431,0.115063,0.213134,0.0687212,-0.0106797,0.0275958,-0.00895625,-0.00304424,0.157442
7.73999,0.999938,-0.0109492,-4.70001e-05,-0.00200003,0.00437175,-0.000412811,-0.00232507,0.0689633,-0.0103782,0.0267014,-0.00906316,-0.000878831,0.0607492,7.75999,1,-0.00792304,-0.0152982,-0.00407369,0.999938,-0.0109274,-4.9235e-05,-0.00201163,0.0244428,-0.121772,-0.0125487,0.0688727,-0.010387,0.0273089,-0.00906295,-0.000972011,0.154561
7.75999,0.999938,-0.0109356,-3.96487e-05,-0.00200653,0.00117596,0.00171773,-0.00179244,0.0690148,-0.0102933,0.0266934,-0.00887369,-0.00211094,0.0602942,7.77999,1,0.00315548,-0.010403,0.00076063,0.999938,-0.0109297,-3.11704e-05,-0.00201558,0.112889,-0.0829174,0.0148574,0.068926,-0.0103144,0.0272964,-0.00887354,-0.00220401,0.154106
7.77999,0.999938,-0.0109294,-3.22436e-05,-0.0020114,0.00144205,0.00211701,-0.0012595,0.0690393,-0.0102601,0.0267096,-0.00875223,-0.00270806,0.0601844,7.79999,1,-0.00811913,0.00226268,-0.00376742,0.999938,-0.0109221,-2.17425e-05,-0.00201782,0.0224448,0.018557,-0.00969291,0.0689517,-0.0102872,0.0273115,-0.00875215,-0.00280107,0.153997
7.79999,0.999938,-0.0109341,-3.07821e-05,-0.00201739,-0.00122111,0.000785437,7.20732e-05,0.0691671,-0.0101448,0.0268199,-0.00826926,-0.00383113,0.0600885,7.81999,1,0.0179187,-0.0271501,-0.0380231,0.999938,-0.0109402,-2.68389e-05,-0.00201708,0.231133,-0.213326,-0.203299,0.0690844,-0.0101831,0.0274208,-0.00826918,-0.00392418,0.153901
7.81999,0.999938,-0.0109364,1.78905e-06,-0.00203886,-2.22452e-05,0.000384844,-0.00152584,0.0693644,-0.00999679,0.0265809,-0.00765802,-0.00205405,0.0598399,7.83999,1,-0.0099473,0.0490557,-0.0128685,0.999938,-0.0109365,3.62995e-06,-0.00204651,0.00700096,0.393371,-0.0576524,0.0692878,-0.0100173,0.0271793,-0.00765822,-0.00214712,0.153652
7.83999,0.999938,-0.0109185,4.34974e-06,-0.00204632,0.00437197,0.000917476,-0.0019253,0.0694005,-0.00996163,0.0265794,-0.00755381,-0.0016601,0.0599751,7.85999,1,-0.00553348,-0.00449197,-0.00603997,0.999939,-0.0108966,8.787e-06,-0.002056,0.0431527,-0.0355314,-0.0226376,0.0693249,-0.00997823,0.0271792,-0.00755404,-0.00175301,0.153787
7.85999,0.999938,-0.0109181,1.17988e-05,-0.00205065,-2.22467e-05,0.00211591,-0.00112636,0.0694555,-0.00991632,0.0264299,-0.00750108,-0.0011262,0.0599683,7.87999,1,-0.0177973,-0.0103663,-0.0062507,0.999938,-0.0109182,2.23164e-05,-0.00205639,-0.0548744,-0.0827659,-0.0241558,0.0693805,-0.00992758,0.0270295,-0.00750137,-0.00121911,0.153781
7.87999,0.999939,-0.0109,5.87048e-06,-0.00205823,0.00264128,-0.000148783,-0.000593737,0.0696584,-0.00973135,0.0259949,-0.00739718,-0.000969922,0.0591908,7.89999,1,-0.0249985,-0.0459682,0.0604657,0.999939,-0.0108868,5.06707e-06,-0.00206119,-0.112301,-0.373454,0.34727,0.0695844,-0.00974105,0.0265868,-0.00739742,-0.00106268,0.153003
7.89999,0.999939,-0.01089,5.80785e-06,-0.00206704,0.000111233,-0.000948386,-0.000327441,0.0698652,-0.0095737,0.0256662,-0.00660627,-0.00133246,0.0586898,7.91999,1,0.0229334,-0.0348883,0.00651795,0.999939,-0.0108895,1.04723e-06,-0.00206863,0.271075,-0.279324,0.0459365,0.0697991,-0.00958702,0.0262531,-0.00660651,-0.00142514,0.152502
7.91999,0.999939,-0.0108934,-3.74832e-06,-0.00205867,-0.000421058,0.00158078,-0.000327447,0.0701039,-0.00942908,0.025116,-0.00647241,-0.00210945,0.0576465,7.93999,1,-0.0413872,0.00654003,-0.0066921,0.999938,-0.0108955,4.14159e-06,-0.00206039,-0.244117,0.0522485,-0.0255555,0.0700392,-0.00945017,0.0256925,-0.00647256,-0.00220216,0.151459
7.93999,0.999939,-0.0108977,4.57573e-06,-0.00205915,-0.00121919,0.0023791,-0.000193478,0.0701627,-0.00939612,0.02498,-0.00644752,-0.00203072,0.0575341,7.95999,1,0.0252604,0.0126927,0.0269678,0.999938,-0.0109038,1.64725e-05,-0.00206025,0.288976,0.099564,0.163308,0.0700982,-0.00941642,0.0255553,-0.00644775,-0.00212347,0.151346
7.95999,0.999939,-0.0108919,-3.6553e-06,-0.00208041,-0.00108603,0.00158015,-0.000726109,0.0703699,-0.0092747,0.0245958,-0.00652498,-0.00198625,0.05706,7.97999,1,-0.035578,-0.0419855,0.0263848,0.999938,-0.0108973,4.21674e-06,-0.00208412,-0.196934,-0.338725,0.156814,0.0703046,-0.00929456,0.0251664,-0.00652514,-0.00207894,0.150872
7.97999,0.999939,-0.0108875,-1.61248e-05,-0.0020942,-0.000153922,-0.000949848,0.00113811,0.070588,-0.00912851,0.0244545,-0.00654035,-0.00155705,0.0568709,7.99999,1,-0.011789,-0.0175795,-0.0153531,0.999939,-0.0108883,-2.08101e-05,-0.00208846,-0.00694334,-0.139359,-0.0753192,0.0705226,-0.00914408,0.0250232,-0.00654041,-0.0016497,0.150683
7.99999,0.999939,-0.0108832,-2.65784e-05,-0.00209131,-0.000952872,-0.000949854,0.00100494,0.0706635,-0.00907409,0.0244974,-0.00632282,-0.00162139,0.0567287,8.01999,1,-0.0358441,-0.0250772,-0.018375,0.999939,-0.010888,-3.12627e-05,-0.00208623,-0.199352,-0.199392,-0.0927183,0.0706002,-0.0090903,0.0250647,-0.00632279,-0.001714,0.150541
8.01999,0.999939,-0.0108774,-3.31819e-05,-0.00208742,0.00250924,0.000514884,0.000738627,0.0707371,-0.0090214,0.0245895,-0.0058916,-0.00128458,0.056545,8.03999,1,0.0222683,0.0225868,0.0743741,0.999939,-0.0108648,-3.05936e-05,-0.00208375,0.264512,0.174848,0.429492,0.0706782,-0.00903424,0.025155,-0.00589151,-0.00137715,0.150357
8.03999,0.999939,-0.010879,-2.62833e-05,-0.00207891,0.000778184,0.00197963,-0.000992427,0.07083,-0.00896353,0.024552,-0.00594027,-0.00116744,0.0562847,8.05999,1,0.0196201,0.0550416,0.00291968,0.999939,-0.0108751,-1.64478e-05,-0.00208398,0.242919,0.440588,0.0313216,0.0707706,-0.0089752,0.0251148,-0.00594024,-0.00126002,0.150097
8.05999,0.99994,-0.0108042,-3.51877e-05,-0.00210599,0.00264276,0.000113831,0.000205968,0.0711447,-0.00876612,0.0241103,-0.00604814,-0.000532857,0.0555688,8.07999,1,-0.00619189,-0.042592,-0.00828662,0.99994,-0.010791,-3.46353e-05,-0.00210496,0.0375337,-0.339822,-0.0371958,0.0710842,-0.00877145,0.024666,-0.00604803,-0.000624803,0.149381
8.08,0.99994,-0.0107832,-2.83475e-05,-0.00208942,0.00157749,0.000646456,0.00260282,0.0712784,-0.00866837,0.0240399,-0.0060109,-0.000306852,0.0548852,8.1,1,-0.00236963,0.00799653,-0.0294487,0.99994,-0.0107753,-2.49915e-05,-0.00207644,0.0671286,0.0666958,-0.152724,0.0712183,-0.00867144,0.0245888,-0.00601085,-0.000398619,0.148697
8.1,0.99994,-0.0107898,-2.22746e-05,-0.00208351,-0.00175167,0.00171126,0.00140582,0.0713188,-0.00863645,0.0240424,-0.00601554,-0.000180989,0.0548173,8.12,1,-0.0258767,-0.0223949,-0.00651423,0.99994,-0.0107986,-1.36248e-05,-0.00207657,-0.120363,-0.178839,-0.0261669,0.0712586,-0.00863826,0.0245906,-0.00601555,-0.000272812,0.148629
8.12,0.99994,-0.0107847,-3.18744e-05,-0.00205959,-0.00148535,0.000113366,0.0027374,0.0714669,-0.00851801,0.0241844,-0.0058076,-0.000540725,0.0546618,8.14,1,0.00652824,0.0108348,-0.0355404,0.99994,-0.0107922,-3.11447e-05,-0.00204591,0.138252,0.0901017,-0.186835,0.0714088,-0.00852342,0.024731,-0.00580752,-0.000632505,0.148474
8.14,0.99994,-0.0107708,-3.72353e-05,-0.00205924,-0.00201772,-0.0006867,-0.000857882,0.0717279,-0.00838611,0.0237776,-0.0055983,-0.0013087,0.0543634,8.16,1,0.0303588,-0.0223151,0.0770553,0.99994,-0.0107809,-4.0694e-05,-0.00206349,0.329096,-0.184353,0.44162,0.0716719,-0.0083992,0.0243212,-0.00559817,-0.00140036,0.148176
8.16,0.99994,-0.0107747,-3.84464e-05,-0.00204824,-0.000286675,-2.0904e-05,0.00140581,0.071819,-0.00834362,0.0237186,-0.00566868,-0.0012915,0.0541397,8.18,1,0.00652966,0.0102575,-0.0844811,0.99994,-0.0107761,-3.84723e-05,-0.00204121,0.137923,0.0897506,-0.46102,0.0717624,-0.00835653,0.02426,-0.00566854,-0.00138319,0.147952
8.18,0.99994,-0.0107732,-2.78434e-05,-0.00203687,-0.000552982,-0.000154065,0.000606863,0.0719058,-0.00830418,0.0237102,-0.00530411,-0.00133331,0.0538245,8.2,1,-0.0123292,0.0207649,0.0461658,0.99994,-0.0107759,-2.85753e-05,-0.00203383,-0.012887,0.162152,0.271159,0.0718528,-0.00831752,0.0242484,-0.00530406,-0.00142499,0.147637
8.2,0.999938,-0.0109366,-3.64215e-05,-0.00202031,0.0033086,0.00330805,0.00167213,0.0720651,-0.00820475,0.0238869,-0.00516938,0.00164689,0.0537369,8.22,1,0.0200328,0.0163961,-0.0290544,0.999938,-0.01092,-1.98243e-05,-0.00201213,0.247405,0.134318,-0.150389,0.0720134,-0.00818828,0.0244242,-0.00516926,0.00155381,0.147549
8.22,0.999939,-0.0108935,-3.11915e-05,-0.00199163,0.000512425,0.00104298,0.00127264,0.0724208,-0.00799725,0.0232684,-0.00386579,-0.00127722,0.053064,8.24,1,0.0265768,0.0153347,-0.034821,0.999939,-0.0108909,-2.59127e-05,-0.00198533,0.299402,0.126377,-0.182914,0.0723821,-0.00801002,0.0237991,-0.00386571,-0.00136992,0.146876
8.24,0.999939,-0.0108837,-3.58273e-05,-0.00198716,0.00237664,-0.00095439,0.00100632,0.072479,-0.00798314,0.0232127,-0.00373596,-0.00165996,0.053063,8.26,1,-0.0171386,-0.0212959,0.0380081,0.999939,-0.0108719,-4.05678e-05,-0.00198208,-0.0497764,-0.173652,0.222653,0.0724416,-0.00799973,0.0237434,-0.00373584,-0.00175258,0.146875
8.26,0.999939,-0.0108804,-3.51405e-05,-0.00198546,0.000778016,0.0003773,0.000340063,0.0725368,-0.0079715,0.0231715,-0.00354458,-0.00183298,0.0530067,8.28,1,-0.0109823,-0.0122687,-0.0157851,0.999939,-0.0108765,-3.32433e-05,-0.00198378,-0.000641967,-0.0966632,-0.0780211,0.0725013,-0.00798983,0.0237015,-0.00354447,-0.00192558,0.146819
8.28,0.999939,-0.0108975,-3.90138e-05,-0.00198226,-0.000952916,0.000110029,-5.94242e-05,0.0728415,-0.00793394,0.0228451,-0.00341976,-0.00204417,0.0529537,8.3,1,0.00245343,0.0175194,-0.0302011,0.999939,-0.0109023,-3.84575e-05,-0.00198257,0.106466,0.143131,-0.156953,0.0728073,-0.00795439,0.0233746,-0.00341961,-0.00213691,0.146766
8.3,0.999939,-0.0108693,-3.71034e-05,-0.00199619,0.00104446,-0.0010884,-0.00032574,0.0731663,-0.00786316,0.0224063,-0.0029902,-0.000190733,0.0527457,8.32,1,-0.00981777,-0.0280693,-0.0391352,0.999939,-0.0108641,-4.25732e-05,-0.00199776,0.00874887,-0.220998,-0.209685,0.0731364,-0.00786507,0.0229338,-0.00299007,-0.000283233,0.146558
8.32,0.999939,-0.0108602,-3.75668e-05,-0.00200305,0.00224288,0.000110028,-0.00179048,0.0732293,-0.00784134,0.0223616,-0.00247328,0.000150063,0.0525814,8.34,1,-0.00200712,-0.00359805,-0.0365856,0.999939,-0.010849,-3.71364e-05,-0.00201201,0.0708134,-0.0253358,-0.193876,0.0732046,-0.00783984,0.0228874,-0.00247315,5.76406e-05,0.146394
8.34,0.999939,-0.0108537,-3.08453e-05,-0.00200622,-2.08059e-05,0.00104213,7.37356e-05,0.073375,-0.00779422,0.0221594,-0.00222391,0.000101031,0.0525586,8.36,1,0.0111839,0.0115883,-0.0176719,0.999939,-0.0108538,-2.56307e-05,-0.0020059,0.17608,0.0946614,-0.0870227,0.0733527,-0.00779321,0.022685,-0.00222383,8.66422e-06,0.146371
8.36,0.999939,-0.0108524,-3.03195e-05,-0.00201505,0.00184359,0.00104132,-0.00112469,0.0735298,-0.00774513,0.0218675,-0.00196799,-4.32404e-06,0.052509,8.38,1,-0.00396435,0.0262016,0.00534134,0.999939,-0.0108431,-2.51928e-05,-0.00202073,0.0546533,0.209315,0.0427828,0.0735101,-0.00774517,0.0223926,-0.00196791,-9.66795e-05,0.146321
8.38,0.99994,-0.0108147,-5.90614e-05,-0.00201543,0.00144411,-0.00148868,0.00180479,0.0738888,-0.00764813,0.021382,-0.00204335,-0.00028781,0.0520438,8.4,1,-0.0271621,0.0175154,-0.00120261,0.99994,-0.0108075,-6.64213e-05,-0.00200632,-0.131094,0.140253,0.00561604,0.0738684,-0.00765101,0.0219024,-0.00204303,-0.000379845,0.145856
8.4,0.99994,-0.010794,-5.55399e-05,-0.00200522,-0.000153584,-0.00188829,-0.000991543,0.0741511,-0.00757652,0.0211385,-0.00183797,-0.000450251,0.0518564,8.42,1,0.0131968,-0.0181564,0.0080224,0.99994,-0.0107948,-6.50328e-05,-0.00201007,0.19219,-0.14528,0.0550472,0.0741328,-0.00758102,0.021657,-0.00183768,-0.000542111,0.145669
8.42,0.99994,-0.0107901,-5.95029e-05,-0.00200097,0.000912544,-0.000823111,0.00100473,0.074212,-0.00755858,0.0211127,-0.0019378,-0.000144841,0.0518049,8.44,1,-0.0220948,0.00574417,0.00299534,0.99994,-0.0107856,-6.35732e-05,-0.00199591,-0.0905406,0.0458142,0.0283298,0.0741926,-0.00756003,0.0216308,-0.00193748,-0.000236667,0.145617
8.44,0.99994,-0.010784,-6.84547e-05,-0.0019957,0.000379931,-0.00321995,-0.000992643,0.0743254,-0.00751716,0.0211018,-0.00226712,0.000193828,0.0517249,8.46,1,0.0396979,0.011106,-0.0323049,0.99994,-0.0107821,-8.46109e-05,-0.00200049,0.403523,0.0928105,-0.16908,0.0743027,-0.00751522,0.021619,-0.00226672,0.000102054,0.145537
8.46,0.99994,-0.0107685,-8.46653e-05,-0.00199809,0.00211128,0.00117337,0.00366788,0.0747311,-0.0073343,0.0206593,-0.00266948,0.00102582,0.0512144,8.48,1,-0.0028899,-0.030041,0.00810933,0.99994,-0.0107579,-7.86224e-05,-0.00197981,0.0634736,-0.240381,0.0547831,0.0747044,-0.00732404,0.0211715,-0.00266894,0.000934173,0.145027
8.48,0.99994,-0.010756,-8.26898e-05,-0.00198698,0.00304338,0.000640749,0.00273578,0.074787,-0.00730492,0.0206068,-0.0025029,0.000938159,0.0511386,8.5,1,0.00988013,0.0285623,0.0742684,0.99994,-0.0107408,-7.93693e-05,-0.00197333,0.164403,0.222911,0.428685,0.074762,-0.00729554,0.0211181,-0.00250238,0.000846622,0.144951
8.5,0.99994,-0.0107473,-8.07696e-05,-0.00198387,0.00211127,0.00064074,0.000738409,0.0748428,-0.0072757,0.0205689,-0.00231308,0.00111951,0.051269,8.52,1,0.0330641,0.0126133,0.0049087,0.99994,-0.0107368,-7.75474e-05,-0.00198021,0.350224,0.101649,0.0393338,0.0748197,-0.0072645,0.0210816,-0.00231258,0.00102804,0.145081
8.52001,0.99994,-0.0107412,-0.000108284,-0.00198988,-0.000685052,-2.50467e-05,-0.00165844,0.0750959,-0.00712706,0.0205794,-0.00224097,0.00110989,0.0509241,8.54001,1,-0.0059482,0.019882,-0.030103,0.99994,-0.0107446,-0.000108492,-0.00199817,0.0379468,0.162404,-0.156232,0.0750735,-0.00711596,0.0210887,-0.00224023,0.00101848,0.144736
8.54001,0.999941,-0.0107342,-0.000136341,-0.00196932,0.00344292,-0.00228948,-0.000326844,0.0754728,-0.0069295,0.0200681,-0.00245586,0.000721934,0.050546,8.56001,1,-0.00862242,-0.00154862,-0.0357757,0.999941,-0.010717,-0.00014784,-0.00197083,0.0168255,-0.00836189,-0.189398,0.0754483,-0.00692229,0.0205735,-0.00245488,0.000630582,0.144358
8.56001,0.999941,-0.0107298,-0.000124259,-0.00197111,0.00104607,0.00317,-0.000460013,0.0755204,-0.00690686,0.020009,-0.00248516,0.00076445,0.0504601,8.58001,1,0.0130003,-0.0356234,0.013138,0.999941,-0.0107245,-0.000108445,-0.00197358,0.19034,-0.2849,0.082448,0.0754955,-0.00689922,0.0205136,-0.00248428,0.000673136,0.144272
8.58001,0.99994,-0.0107306,-0.000140542,-0.00197794,0.000113241,-0.00162348,-0.000858928,0.0756103,-0.00686027,0.0199317,-0.0024932,0.000778428,0.0504188,8.60001,1,-0.0175121,-0.0392885,-0.0160814,0.99994,-0.0107301,-0.000148706,-0.00198215,-0.0537302,-0.312063,-0.0813328,0.0755854,-0.00685249,0.0204359,-0.00249219,0.000687107,0.144231
8.60001,0.999941,-0.0107116,-0.000144573,-0.00197977,0.000246382,-0.00188979,-0.00125841,0.0758043,-0.00673859,0.0199819,-0.0026946,0.0017759,0.0510476,8.62001,1,0.0192938,0.0337077,0.0378883,0.999941,-0.0107104,-0.000154092,-0.00198596,0.239418,0.267859,0.225239,0.0757774,-0.00672083,0.0204923,-0.00269355,0.00168474,0.14486
8.62001,0.999941,-0.0106953,-0.00014911,-0.00196973,-0.00015302,0.000106917,0.0022037,0.0760009,-0.00662102,0.0194948,-0.0025741,0.00167817,0.0507181,8.64001,1,-0.0637377,0.0362495,0.0175686,0.999941,-0.0106961,-0.000148456,-0.00195872,-0.425103,0.288661,0.111602,0.0759752,-0.00660424,0.020002,-0.00257301,0.00158715,0.14453
8.64001,0.999941,-0.0106931,-0.000153095,-0.00197231,0.000512831,-0.000825783,-0.000725782,0.0760556,-0.00659318,0.0193123,-0.00240169,0.00158525,0.050778,8.66001,1,0.0172107,0.0364097,-0.0192723,0.999941,-0.0106906,-0.000157267,-0.0019759,0.222539,0.294404,-0.0947192,0.0760316,-0.00657733,0.0198201,-0.00240056,0.00149425,0.14459
8.66001,0.999939,-0.0108558,-0.000137513,-0.00198465,-0.0325104,0.00223696,-0.000193146,0.076213,-0.00649978,0.018896,-0.00236333,0.0042321,0.0527532,8.68001,1,-0.00337916,0.0239784,-0.0412107,0.999937,-0.0110184,-0.000126017,-0.00198576,0.0592898,0.19644,-0.218204,0.0761894,-0.00645746,0.0194235,-0.00236234,0.00413971,0.146565
8.68001,0.99994,-0.010781,-0.000135229,-0.00199365,0.000645978,-0.00175789,0.000738958,0.0764541,-0.00625678,0.0184519,-0.00186481,0.00320866,0.0503336,8.70001,1,0.000174905,-0.05098,0.014378,0.99994,-0.0107778,-0.000143985,-0.00198986,0.0883549,-0.407973,0.088583,0.0764355,-0.00622469,0.0189552,-0.00186384,0.00311691,0.144146
8.70001,0.99994,-0.0107752,-0.00016068,-0.00199556,-0.00188417,-0.00229069,-0.000459467,0.0766671,-0.00613289,0.0182587,-0.00226023,0.000897714,0.0504437,8.72001,1,-0.0103267,0.0045686,-0.0460857,0.99994,-0.0107846,-0.000172138,-0.00199774,0.00336373,0.0416384,-0.246617,0.0766445,-0.00612391,0.0187631,-0.00225905,0.000806013,0.144256
8.72001,0.99994,-0.0107795,-0.000162843,-0.001994,-0.00108572,-0.000426251,0.000338989,0.076704,-0.0061182,0.0182485,-0.00203569,0.000607743,0.050591,8.74001,1,0.00736118,-0.0217187,-0.00397748,0.99994,-0.0107849,-0.000164945,-0.00199228,0.14544,-0.171976,-0.0124269,0.0766837,-0.00611212,0.0187544,-0.00203449,0.000516006,0.144403
8.74001,0.99994,-0.0107763,-0.000157027,-0.00199306,0.000778493,0.00157112,0.000205833,0.0767416,-0.00610606,0.0182515,-0.00186966,0.00045152,0.0504916,8.76001,1,0.00541883,-0.00677964,0.0151849,0.99994,-0.0107724,-0.000149169,-0.00199212,0.129672,-0.0542006,0.0957761,0.0767229,-0.00610155,0.0187565,-0.0018685,0.000359809,0.144304
8.76001,0.99994,-0.0107669,-0.000198207,-0.00197543,-0.00108562,-0.00215832,0.00353478,0.0769926,-0.00602246,0.0172898,-0.00227235,0.00153461,0.049251,8.78001,1,-0.0503978,-0.0218475,-0.00158783,0.99994,-0.0107724,-0.000208797,-0.00195764,-0.31681,-0.173846,0.000893035,0.0769699,-0.00600711,0.0177823,-0.00227084,0.00144298,0.143063
8.78001,0.99994,-0.0107469,-0.000193456,-0.00195023,0.00117808,-0.00135937,0.00180373,0.0772056,-0.00587717,0.0165968,-0.0020985,0.00325857,0.0488932,8.80001,1,0.0591077,0.000135618,0.00969029,0.99994,-0.010741,-0.000200167,-0.00194114,0.558667,0.00271882,0.0651082,0.0771846,-0.00584458,0.0170857,-0.00209703,0.00316711,0.142705
8.80001,0.999941,-0.0107316,-0.000207534,-0.00194845,0.00224334,-0.00135937,-0.000593112,0.0772833,-0.00580747,0.016424,-0.00225627,0.00363129,0.048642,8.82001,1,-0.0303381,0.0422088,0.00252981,0.999941,-0.0107203,-0.000214384,-0.00195134,-0.157608,0.338618,0.0276345,0.0772608,-0.00577116,0.0169104,-0.00225469,0.00353996,0.142454
8.82001,0.999941,-0.0107274,-0.000215058,-0.00194569,0.00104491,-0.00175885,0.000605302,0.0773195,-0.00577124,0.016359,-0.00215132,0.00375255,0.0488142,8.84001,1,-0.0145393,0.0384357,0.00605698,0.999941,-0.0107222,-0.00022383,-0.00194257,-0.0311506,0.30844,0.04713,0.077298,-0.00573371,0.0168471,-0.00214967,0.00366126,0.142626
8.84001,0.999941,-0.0107302,-0.000193169,-0.00192093,0.000778593,0.00330116,0.0012711,0.0774664,-0.00563106,0.0162453,-0.00135022,0.00333806,0.0492053,8.86001,1,0.00186192,-0.0205487,0.0131649,0.999941,-0.0107263,-0.000176603,-0.00191475,0.101047,-0.163936,0.0832363,0.0774529,-0.00559768,0.0167373,-0.00134875,0.00324674,0.143017
8.86001,0.999941,-0.0107083,-0.000242994,-0.00194505,-0.00108563,-0.00428884,7.26644e-05,0.0776589,-0.00547927,0.0163584,-0.000476687,0.00345431,0.0492625,8.88001,1,-0.00637626,3.18732e-05,0.0095292,0.999941,-0.0107137,-0.000264422,-0.00194446,0.0346715,0.00128325,0.0642625,0.0776541,-0.00544472,0.016851,-0.000474796,0.00336318,0.143075
8.88001,0.999941,-0.010711,-0.000249265,-0.00193492,-0.000686268,-0.0014927,0.00246952,0.0776986,-0.00544735,0.0163891,-0.00038838,0.00352664,0.0494237,8.90001,1,-0.0206844,-0.0356455,-0.0141424,0.999941,-0.0107145,-0.000256589,-0.00192249,-0.0793346,-0.282263,-0.0704768,0.0776947,-0.00541209,0.0168834,-0.000386435,0.00343548,0.143236
8.90001,0.999941,-0.0106979,-0.000249843,-0.00194617,0.00117833,0.00183651,-0.00139172,0.0777761,-0.00538405,0.0164869,-0.000414183,0.00350664,0.0492976,8.92001,1,-0.0244576,0.00935422,0.0622847,0.999941,-0.010692,-0.000240747,-0.00195323,-0.110283,0.0711122,0.360242,0.077772,-0.00534899,0.0169798,-0.000412234,0.00341559,0.14311
8.92001,0.999941,-0.0106701,-0.000253489,-0.00196339,0.0015778,-0.000960249,-0.000592772,0.0779933,-0.00521297,0.0164648,0.000303935,0.00432759,0.0490114,8.94001,1,-0.00438905,-0.00702001,0.0343304,0.999941,-0.0106622,-0.000258337,-0.0019663,0.0503769,-0.0571295,0.202814,0.0779963,-0.0051697,0.0169549,0.000305914,0.00423679,0.142824
8.94001,0.999942,-0.010639,-0.000246917,-0.00197484,-0.000552733,0.00196923,0.00100512,0.0782165,-0.00503979,0.0164778,0.00088815,0.00407047,0.0497632,8.96001,1,-0.010238,-0.0118934,0.0110399,0.999941,-0.0106418,-0.000237012,-0.00196992,0.00340714,-0.0942681,0.0721826,0.0782254,-0.00499908,0.0169754,0.000890072,0.00397993,0.143575
8.96002,0.999941,-0.0106434,-0.000221456,-0.00195765,0.000778846,0.00343396,0.00220355,0.0783005,-0.00496798,0.016575,0.000238112,0.00430096,0.0495081,8.98002,1,-0.0228597,-0.00533842,-0.0289062,0.999941,-0.0106395,-0.000204177,-0.00194682,-0.0977464,-0.0388311,-0.1512,0.0783029,-0.00492497,0.0170701,0.000239819,0.00421038,0.14332
8.98002,0.999941,-0.0106452,-0.000213768,-0.00196268,-0.00108536,0.00103712,-0.00112541,0.0783742,-0.00489684,0.0167182,0.000258612,0.00419432,0.0499693,9.00002,1,0.000580831,-0.0161414,0.0491726,0.999941,-0.0106506,-0.000208632,-0.00196836,0.090031,-0.131594,0.285364,0.0783768,-0.00485489,0.0172179,0.000260254,0.00410372,0.143781
9.00002,0.999942,-0.0106303,-0.000211075,-0.00193488,0.000112904,-2.8531e-05,0.00153776,0.0785871,-0.00470295,0.0168278,-0.000149105,0.00455569,0.0503828,9.02002,1,0.00528272,0.00616368,-0.00992099,0.999942,-0.0106297,-0.000211137,-0.00192719,0.127182,0.0519205,-0.0443592,0.0785856,-0.00465739,0.0173316,-0.000147484,0.00446522,0.144195
9.02002,0.999942,-0.0106342,-0.000207571,-0.00193131,-0.00135182,-0.000161694,-0.00032646,0.0786537,-0.00463393,0.0168649,-0.000331089,0.00464708,0.0506628,9.04002,1,0.00956833,-0.0123207,-0.0107102,0.999941,-0.010641,-0.000208384,-0.00193294,0.161773,-0.0958406,-0.0499051,0.0786504,-0.00458746,0.0173715,-0.000329497,0.00455658,0.144475
9.04002,0.999942,-0.0106407,-0.000201109,-0.00193944,-0.00161814,0.00170252,-0.00205751,0.0786824,-0.00460323,0.0168684,-0.000540485,0.00476945,0.0506133,9.06002,1,-0.0207922,-0.0761141,0.00995312,0.999941,-0.0106488,-0.000192691,-0.00194982,-0.0802749,-0.608444,0.0620486,0.078677,-0.00455554,0.0173745,-0.000538949,0.0046789,0.144425
9.06002,0.999941,-0.0106428,-0.000223435,-0.00195829,0.000910763,-0.00282442,-0.00179156,0.078772,-0.00447891,0.0170019,-0.00128705,0.00460239,0.0504653,9.08002,1,-0.00379693,0.0107147,0.0478216,0.999941,-0.0106383,-0.00023766,-0.0019671,0.0545835,0.0833665,0.279382,0.0787591,-0.00443288,0.0175066,-0.00128532,0.00451182,0.144277
9.08002,0.999942,-0.0105901,-0.000240248,-0.00197678,0.0050385,0.00250152,-6.04991e-05,0.078942,-0.00432139,0.0168243,-5.70326e-05,0.0040957,0.0503819,9.10002,1,0.0354873,-0.0223613,-0.0168051,0.999942,-0.0105649,-0.000227794,-0.00197721,0.368838,-0.174975,-0.0844186,0.0789414,-0.00428044,0.0173281,-5.51662e-05,0.00400558,0.144194
9.10002,0.999942,-0.0105864,-0.000225096,-0.00198724,-0.00215204,0.000371002,-0.000726298,0.0789996,-0.00427115,0.016826,-0.000310087,0.00485489,0.05052,9.12002,1,-0.00959378,-0.0754,-0.0451613,0.999942,-0.0105972,-0.000223258,-0.00199089,0.00873113,-0.597699,-0.246262,0.0789965,-0.0042226,0.0173312,-0.000308351,0.00476479,0.144332
9.12002,0.999942,-0.0105785,-0.000234723,-0.00197508,0.00170955,-0.000294796,0.00233634,0.0790485,-0.00420638,0.0168802,-0.000281699,0.00554581,0.0506734,9.14002,1,0.00526213,0.0062875,0.049021,0.999942,-0.0105699,-0.00023609,-0.00196338,0.12661,0.0481072,0.285914,0.0790457,-0.00415093,0.017387,-0.00027988,0.00545578,0.144486
9.14002,0.999941,-0.0107077,-0.000258387,-0.00197278,0.00264166,-0.000561109,-0.00125893,0.0791867,-0.00393959,0.0172625,0.00031319,0.0084756,0.050664,9.16002,1,0.0478204,-0.0526621,-0.0433566,0.999941,-0.0106945,-0.000261286,-0.00197904,0.468646,-0.414743,-0.235,0.0791898,-0.00385483,0.0177691,0.000315209,0.00838448,0.144476
9.16002,0.999941,-0.0106623,-0.000241139,-0.00199055,0.00250832,0.00250118,-0.00125893,0.0793538,-0.00373251,0.0172756,0.00131644,0.00497876,0.0505806,9.18002,1,-0.0115247,-0.0152022,0.00346253,0.999941,-0.0106497,-0.000228726,-0.00199698,-0.00666163,-0.12016,0.0296419,0.0793669,-0.00368272,0.0177814,0.00131831,0.00488802,0.144393
9.18002,0.999941,-0.0106572,-0.000241485,-0.00198958,0.0013099,-2.88326e-05,0.000205803,0.0793901,-0.00370633,0.0172856,0.00131425,0.00463114,0.0505269,9.20002,1,0.0297638,-0.0201494,-0.00346261,0.999941,-0.0106507,-0.000241631,-0.00198855,0.323613,-0.158486,-0.00949785,0.0794032,-0.00366002,0.0177909,0.00131612,0.00454044,0.144339
9.20002,0.999941,-0.0106602,-0.000229035,-0.00198823,-0.000687876,0.0031668,0.000338976,0.0794248,-0.00368733,0.0172731,0.00112345,0.00424067,0.0505093,9.22002,1,-0.0417013,-0.0189548,0.0323389,0.999941,-0.0106636,-0.000213177,-0.0019867,-0.248083,-0.153221,0.191126,0.079436,-0.00364492,0.0177782,0.00112522,0.00414995,0.144321
9.22002,0.999941,-0.0106824,-0.00023249,-0.00200531,0.000909553,0.00210152,-0.00112576,0.0795825,-0.00359767,0.0174137,0.00133415,0.00474798,0.0512673,9.24002,1,0.012094,-0.0328287,-0.035489,0.999941,-0.0106778,-0.000222053,-0.00201105,0.18256,-0.257529,-0.189491,0.0795959,-0.00355019,0.0179264,0.00133595,0.00465707,0.145079
9.24002,0.999941,-0.0106676,-0.000207684,-0.00202706,0.00370587,-0.000561646,-0.000459981,0.0797393,-0.00344137,0.0178621,0.00168174,0.00672671,0.0514441,9.26002,1,-0.0281298,0.000344664,0.0422043,0.999941,-0.0106491,-0.000210554,-0.00202932,-0.139729,0.000358561,0.24772,0.0797561,-0.00337411,0.0183766,0.00168333,0.00663592,0.145256
9.26002,0.999941,-0.0106637,-0.000208482,-0.00202347,0.00104271,-0.000162173,0.000871603,0.0797707,-0.00340159,0.0179843,0.0017416,0.00671827,0.0515806,9.28002,1,0.00450296,0.0107372,0.0307572,0.999941,-0.0106585,-0.000209257,-0.0020191,0.121163,0.0850081,0.184191,0.0797881,-0.0033344,0.0185001,0.0017432,0.00662752,0.145393
9.28002,0.999941,-0.0106554,-0.000212344,-0.00203013,0.00144218,-0.00215954,-6.05044e-05,0.0798323,-0.00332219,0.0182588,0.00174486,0.00675176,0.0514152,9.30002,1,-0.013136,-0.00861334,0.0409928,0.999941,-0.0106482,-0.000223159,-0.00203032,-0.0197115,-0.0709132,0.240405,0.0798498,-0.00325467,0.018773,0.00174649,0.00666108,0.145227
9.30002,0.999941,-0.0106331,-0.00022241,-0.00203612,0.00184123,-0.0010946,7.26567e-05,0.0799882,-0.00313397,0.0187553,0.00163578,0.00673878,0.0512612,9.32002,1,-0.012043,-0.0218707,-0.0197386,0.999941,-0.0106239,-0.000227898,-0.00203569,-0.0109955,-0.171694,-0.10042,0.0800046,-0.00306658,0.0192679,0.00163749,0.00664829,0.145073
9.32002,0.999941,-0.0106483,-0.000205352,-0.00203742,0.00104229,0.00130224,7.26642e-05,0.0801491,-0.00297518,0.0190116,0.0021729,0.00659028,0.0513829,9.34002,1,-0.0254434,0.0101902,-0.00188045,0.999941,-0.0106431,-0.000198848,-0.00203713,-0.11855,0.0829047,0.00151227,0.0801708,-0.00290927,0.0195254,0.00217446,0.00649966,0.145195
9.34002,0.999941,-0.0106444,-0.000199675,-0.00202536,0.00104229,0.00143539,0.00300214,0.0801824,-0.00294111,0.0190974,0.00211686,0.00669148,0.0514297,9.36002,1,-0.0151636,0.0243294,0.0306172,0.999941,-0.0106392,-0.000192349,-0.00201042,-0.0365667,0.193367,0.184246,0.0802036,-0.00287419,0.0196117,0.00211837,0.00660089,0.145242
9.36002,0.999941,-0.0106501,-0.000192366,-0.00201272,-0.00135416,0.00183482,0.00313614,0.0802144,-0.00290688,0.0191948,0.00203012,0.00664883,0.0514924,9.38002,1,-0.0242081,-0.0143282,-0.0105714,0.999941,-0.0106568,-0.000183011,-0.00199714,-0.108277,-0.112569,-0.0487586,0.0802347,-0.00284039,0.0197097,0.00203158,0.00655819,0.145305
9.38002,0.999941,-0.0106473,-0.000148284,-0.00200558,0.000243131,0.000503402,-5.96423e-05,0.0803657,-0.00278513,0.0194781,0.002404,0.00609428,0.0518348,9.40002,1,0.000924771,0.0119176,0.0538178,0.999941,-0.0106461,-0.000145773,-0.00200591,0.0923194,0.0919501,0.313286,0.0803898,-0.00272419,0.0199964,0.00240508,0.00600367,0.145647
9.40003,0.999942,-0.0106308,-0.000153541,-0.00201195,0.00223998,-0.000562103,0.00100563,0.0805325,-0.00270549,0.0194089,0.0024004,0.00591906,0.0511115,9.42003,1,-0.0138732,0.00630872,0.0135478,0.999942,-0.0106196,-0.00015632,-0.00200689,-0.0260349,0.0503194,0.0875155,0.0805565,-0.00264629,0.01992,0.00240152,0.00582859,0.144924
9.42003,0.999942,-0.0106255,-0.000166057,-0.00201023,0.00144104,-0.0030921,0.000339828,0.0805649,-0.00269012,0.0194306,0.00251602,0.00567625,0.0511169,9.44003,1,-0.0134708,-0.0566233,-0.00600151,0.999942,-0.0106183,-0.000181513,-0.00200836,-0.0219993,-0.45134,-0.0257252,0.08059,-0.00263336,0.0199418,0.00251725,0.00558583,0.144929
9.44003,0.999942,-0.0106244,-0.000173317,-0.00199154,0.00117471,0.000103694,0.00326932,0.0806354,-0.0026705,0.0193576,0.00248476,0.005815,0.050978,9.46003,1,0.0231454,0.00236379,0.0365198,0.999942,-0.0106185,-0.000172637,-0.0019752,0.27008,0.0175592,0.215759,0.0806603,-0.00261235,0.0198674,0.00248606,0.00572458,0.14479
9.46003,0.999942,-0.0105857,-0.000165676,-0.00201163,0.00290529,0.000902294,-0.00112489,0.0808319,-0.0026291,0.0190324,0.00290007,0.00571097,0.0503606,9.48003,1,0.00070613,0.0314166,0.0370885,0.999942,-0.0105712,-0.000161253,-0.0020173,0.089778,0.249512,0.220797,0.0808609,-0.00257199,0.019536,0.0029013,0.00562088,0.144173
9.48003,0.999942,-0.0105767,-0.000140171,-0.00199953,0.00104108,0.00236705,0.00286985,0.0809757,-0.00258662,0.0190056,0.00256401,0.00571516,0.0504473,9.50003,1,-0.0266056,-0.0342113,0.0772505,0.999942,-0.0105715,-0.000128195,-0.00198531,-0.127917,-0.279519,0.441725,0.0810013,-0.00252947,0.0195101,0.00256503,0.00562515,0.144259
9.50003,0.999942,-0.0105836,-0.000142273,-0.00199202,-0.00295366,0.00103546,0.000206676,0.081043,-0.00256379,0.0190687,0.0025382,0.0053995,0.0506926,9.52003,1,-0.0710072,-0.00204251,-0.0296284,0.999942,-0.0105984,-0.000137056,-0.00199104,-0.483609,-0.0138273,-0.154852,0.0810684,-0.0025098,0.0195756,0.00253923,0.00530943,0.144505
9.52003,0.999942,-0.0105825,-0.000133577,-0.00199476,0.000374999,0.00223326,-0.000725363,0.0810755,-0.0025521,0.0191194,0.00259958,0.00562318,0.0508945,9.54003,1,-0.00277709,-0.00946055,-0.0473126,0.999942,-0.0105806,-0.000122454,-0.00199851,0.062446,-0.0706514,-0.254336,0.0811015,-0.00249587,0.0196284,0.00260053,0.00553312,0.144707
9.54003,0.999943,-0.0105404,-0.000135129,-0.00198126,0.00170548,0.000635364,-5.9562e-05,0.0812603,-0.00254553,0.0188118,0.00366833,0.00566521,0.0506347,9.56003,1,-0.0377884,-0.0259752,0.0648637,0.999943,-0.0105318,-0.000131973,-0.00198159,-0.217752,-0.21278,0.372771,0.081297,-0.00248888,0.0193182,0.0036693,0.0055755,0.144447
9.56003,0.999942,-0.0105437,-0.000135099,-0.00198537,-0.00055821,-0.000563055,-0.000325876,0.0814566,-0.00252793,0.0186501,0.00355505,0.0059134,0.0505283,9.58003,1,0.0531322,0.0194707,0.0488437,0.999942,-0.0105465,-0.000137926,-0.00198697,0.508891,0.153559,0.285705,0.0814921,-0.00246879,0.0191554,0.00355602,0.00582367,0.14434
9.58003,0.999942,-0.0105433,-0.000130008,-0.00198009,0.000240739,0.00130116,0.00127202,0.0814952,-0.0025217,0.0186567,0.00373082,0.00581119,0.0505694,9.60003,1,-0.0217865,-0.0363636,0.025147,0.999942,-0.0105421,-0.000123438,-0.0019738,-0.0894359,-0.292319,0.149759,0.0815325,-0.00246359,0.0191624,0.00373174,0.00572146,0.144382
9.60003,0.999943,-0.010535,-0.000141528,-0.00200714,0.00117285,-0.00176147,-0.00538588,0.0815697,-0.00250209,0.0187078,0.00323931,0.00657325,0.0507217,9.62003,1,-0.0296241,0.00482621,-0.0314784,0.999942,-0.0105291,-0.000150631,-0.00203397,-0.152892,0.0419159,-0.164731,0.0816021,-0.00243636,0.019215,0.00324033,0.00648359,0.144534
9.62003,0.999941,-0.0107119,-0.000143809,-0.00201828,0.00197115,0.00170048,-0.00099166,0.0817625,-0.00241173,0.0184801,0.00401916,0.00906857,0.050279,9.64003,1,-0.00508644,-0.00167612,0.00822096,0.999941,-0.0107021,-0.00013538,-0.00202333,0.0450387,-0.0130444,0.0572401,0.0818027,-0.00232104,0.0189828,0.0040202,0.00897741,0.144091
9.64003,0.999941,-0.0106896,-0.000120331,-0.00202706,0.00103904,0.00356469,-0.000991652,0.0819696,-0.00233918,0.018395,0.00433385,0.00609929,0.0505524,9.66003,1,-0.0227676,0.0207303,-0.0244066,0.999941,-0.0106844,-0.000102572,-0.00203221,-0.0970381,0.168513,-0.12407,0.082013,-0.00227819,0.0189005,0.00433469,0.00600832,0.144365
9.66003,0.999941,-0.0106866,-0.000130283,-0.0020355,0.000905876,-0.00242742,-0.00219008,0.0820114,-0.00233585,0.0184166,0.00429098,0.00561691,0.0504529,9.68003,1,-0.0125317,-0.00984085,-0.0198455,0.999941,-0.0106821,-0.000142546,-0.00204632,-0.0146436,-0.0761877,-0.100313,0.0820543,-0.00227968,0.0189211,0.00429191,0.00552597,0.144265
9.68003,0.999941,-0.0106835,-0.000137992,-0.00203227,0.000905055,-0.00189491,0.000739105,0.0820551,-0.00234449,0.0183023,0.00425783,0.0054138,0.0502135,9.70003,1,0.0312403,0.0421013,-0.0265031,0.999941,-0.010679,-0.000147436,-0.00202848,0.334514,0.340666,-0.134553,0.0820976,-0.00229035,0.0188044,0.00425882,0.00532287,0.144026
9.70003,0.999941,-0.0106957,-0.000112541,-0.00201831,-0.0018922,-0.000829423,-0.000326148,0.0822508,-0.00238476,0.0178416,0.00410928,0.00563647,0.0497059,9.72003,1,-0.00306017,0.0302312,0.0194362,0.999941,-0.0107052,-0.000116686,-0.00201989,0.0605596,0.241023,0.121944,0.0822919,-0.00232839,0.0183387,0.00411005,0.00554544,0.143518
9.72003,0.999941,-0.0107032,-0.000101973,-0.0020331,0.00130359,0.00249953,-0.00125825,0.082455,-0.00236743,0.0176637,0.00496083,0.00747553,0.0498475,9.74003,1,-0.0644824,-0.00798306,0.0446107,0.999941,-0.0106966,-8.95565e-05,-0.00203953,-0.430303,-0.0679161,0.260713,0.0825046,-0.00229267,0.0181622,0.00496151,0.00738444,0.14366
9.74003,0.999941,-0.010698,-0.000102859,-0.00204756,0.00143674,-0.000163633,-0.0036551,0.0824976,-0.00235231,0.0176652,0.00508905,0.00777233,0.0496779,9.76003,1,-0.00878168,-0.0227229,0.0418015,0.999941,-0.0106908,-0.000103888,-0.00206582,0.0156413,-0.184672,0.244171,0.0825485,-0.00227459,0.018162,0.00508974,0.00768129,0.14349
9.76003,0.999941,-0.0106977,-0.000104648,-0.00204815,0.000238322,-0.000429946,-0.00019299,0.0825406,-0.00233474,0.0176784,0.00514965,0.00789279,0.0497082,9.78003,1,-0.00962544,-0.0170783,-0.0336042,0.999941,-0.0106965,-0.000106811,-0.0020491,0.00876919,-0.133064,-0.177729,0.0825921,-0.00225581,0.0181755,0.00515035,0.00780175,0.14352
9.78003,0.999941,-0.0106572,-0.000110704,-0.00202891,0.00236886,0.00210005,0.00140492,0.0827742,-0.0022375,0.0179135,0.00606452,0.00760739,0.0495555,9.80003,1,0.00120148,-0.0226551,-0.0220735,0.999941,-0.0106454,-0.000100153,-0.00202199,0.0951746,-0.178444,-0.113601,0.0828349,-0.00216143,0.0184091,0.00606528,0.00751669,0.143368
9.80003,0.999941,-0.0106372,-0.000126933,-0.00201328,0.00116999,0.000368995,0.000605973,0.083064,-0.00217418,0.017634,0.00613097,0.0073203,0.0496194,9.82003,1,0.0378597,0.0347248,-0.0246473,0.999941,-0.0106314,-0.000125068,-0.00201027,0.387235,0.281503,-0.124719,0.0831253,-0.00210097,0.0181302,0.00613187,0.00722978,0.143432
9.82003,0.999941,-0.0106362,-0.000121759,-0.0020145,0.00037104,0.0013011,-0.000326136,0.0831125,-0.00215859,0.0176356,0.00623118,0.00736362,0.0496876,9.84003,1,-0.0490821,-0.00183853,0.00165387,0.999941,-0.0106343,-0.000115275,-0.0020162,-0.307616,-0.0146662,0.0204527,0.0831748,-0.00208496,0.0181325,0.00623204,0.0072731,0.1435
9.84004,0.999942,-0.010626,-0.000109971,-0.00201957,0.00117098,0.00130091,-0.000325416,0.0832637,-0.00212124,0.0175715,0.00671308,0.0068925,0.0495098,9.86004,1,0.0442067,-0.0271608,-0.00718942,0.999942,-0.0106202,-0.000103496,-0.00202127,0.438957,-0.215069,-0.0306078,0.0833309,-0.00205232,0.0180666,0.00671383,0.00680207,0.143322
9.86004,0.999942,-0.0105961,-7.75487e-05,-0.00204118,0.00263462,0.00143454,-0.00218961,0.0834594,-0.00210496,0.0171872,0.00695261,0.00684537,0.0490334,9.88004,1,0.0136575,0.00180277,0.0274099,0.999942,-0.0105829,-7.05193e-05,-0.00205221,0.19397,0.0129409,0.165013,0.0835289,-0.0020365,0.0176775,0.00695308,0.0067552,0.142846
9.88004,0.999942,-0.0105869,-5.04862e-05,-0.00204203,0.00236832,0.000236116,-0.00205644,0.0836629,-0.00207512,0.0169948,0.00750618,0.00714568,0.0494415,9.90004,1,-0.0290747,0.00767896,-0.00696418,0.999942,-0.0105751,-4.94388e-05,-0.00205233,-0.148057,0.0619467,-0.0271038,0.083738,-0.00200366,0.0174892,0.00750643,0.00705558,0.143254
9.90004,0.999942,-0.0105801,-4.25044e-05,-0.00204,0.00183568,0.00196717,0.000473554,0.0837165,-0.00206399,0.0169804,0.0076497,0.00717236,0.0492396,9.92004,1,-0.0189968,0.0459816,-0.0226132,0.999942,-0.0105709,-3.26628e-05,-0.00203774,-0.0682097,0.369775,-0.112491,0.083793,-0.00199226,0.0174728,0.00764988,0.00708232,0.143052
9.92004,0.999942,-0.0105813,-3.24182e-05,-0.00203964,-0.00162643,0.000236117,0.00047355,0.0838754,-0.0020309,0.0168702,0.00751016,0.00740282,0.0489988,9.94004,1,0.0184298,-0.0189521,0.00186765,0.999942,-0.0105895,-3.1196e-05,-0.00203729,0.23236,-0.151206,0.0207499,0.0839505,-0.00195687,0.0173602,0.00751025,0.00731277,0.142811
9.94004,0.999942,-0.0105913,-3.1458e-05,-0.00205281,0.000237384,0.0011683,-0.00072485,0.0840833,-0.00198536,0.0165586,0.00779246,0.00745923,0.0491545,9.96004,1,-0.0527269,-0.00601991,-0.0157056,0.999942,-0.0105901,-2.56576e-05,-0.0020565,-0.337095,-0.0474403,-0.076816,0.0841612,-0.00191077,0.0170502,0.00779255,0.00736909,0.142967
9.96004,0.999942,-0.0105726,-3.27977e-05,-0.00208237,0.00223433,0.000369484,-0.00325484,0.0842872,-0.00195629,0.0161229,0.00792832,0.00733039,0.0489949,9.98004,1,0.0104588,0.000516703,-0.0103162,0.999942,-0.0105614,-3.11457e-05,-0.00209867,0.168226,0.00544252,-0.0460786,0.0843664,-0.00188299,0.0166128,0.00792841,0.00724042,0.142807
9.98004,0.999942,-0.0105765,-1.30691e-05,-0.00208774,-0.00136094,0.00316581,0.000207274,0.0843906,-0.00194099,0.0159337,0.00823194,0.00741945,0.0489436,10,1,-0.0387684,-0.0176947,0.0494549,0.999942,-0.0105833,2.78422e-06,-0.00208687,-0.225397,-0.146277,0.287553,0.0844729,-0.0018668,0.0164231,0.00823186,0.00732944,0.142756
10,0.999942,-0.0105687,-1.30668e-05,-0.00208711,0.00210046,-3.02001e-05,7.44206e-05,0.0844459,-0.00193132,0.0158594,0.00868384,0.00739965,0.04883,10.02,1,0.011945,-0.0218884,0.0070479,0.999942,-0.0105582,-1.32357e-05,-0.00208673,0.180442,-0.175389,0.0498535,0.0845327,-0.00185732,0.0163477,0.00868377,0.00730971,0.142642
10.02,0.999942,-0.010549,-2.33803e-05,-0.00210997,-0.000163689,0.000236425,-0.00152345,0.0847311,-0.00187852,0.0154423,0.00914158,0.00806111,0.0488799,10.04,1,0.020189,-0.0194857,-0.0425027,0.999942,-0.0105498,-2.22768e-05,-0.0021176,0.246106,-0.151762,-0.227354,0.0848225,-0.0017979,0.0159311,0.00914159,0.00797133,0.142692
10.04,0.999942,-0.0105787,-3.78083e-05,-0.00212197,0.000235176,-0.00109444,0.00167236,0.0849976,-0.00184447,0.0149372,0.00994315,0.00741998,0.0488043,10.06,1,-0.0346781,-0.0165873,-0.0345633,0.999942,-0.0105775,-4.31942e-05,-0.00211356,-0.192621,-0.130052,-0.182651,0.085097,-0.00177027,0.0154252,0.00994328,0.00732995,0.142616
10.06,0.999942,-0.0105778,-3.3952e-05,-0.00212937,0.000368337,0.000902932,-0.00192291,0.0850545,-0.00183735,0.0148791,0.0100271,0.00736936,0.0487717,10.08,1,0.00607327,0.00587513,0.0142887,0.999942,-0.010576,-2.95432e-05,-0.00213903,0.133098,0.0461642,0.0922817,0.0851547,-0.00176366,0.0153668,0.0100272,0.00727934,0.142584
10.08,0.999941,-0.0106987,-4.44382e-05,-0.00212587,-0.0307906,-0.00109442,7.43899e-05,0.0851735,-0.00181561,0.0148194,0.0104872,0.00884725,0.0534063,10.1,1,-0.0158194,0.00644154,-0.0362484,0.999939,-0.0108526,-4.95787e-05,-0.00212545,-0.0411494,0.0547179,-0.190694,0.0852784,-0.00172713,0.0153535,0.0104874,0.0087562,0.147218
10.1,0.99994,-0.01072,-3.34181e-05,-0.00210073,0.00316466,0.00356609,0.00140604,0.0853602,-0.00171151,0.0148113,0.0106811,0.0104176,0.0485255,10.12,1,-0.00794069,-0.00281894,0.0273004,0.999941,-0.0107041,-1.55465e-05,-0.00209389,0.0222578,-0.0247577,0.164465,0.085467,-0.00160734,0.0152965,0.0106812,0.0103263,0.142338
10.12,0.999941,-0.0106766,-2.368e-05,-0.00209367,0.00116729,-0.00122761,0.00260446,0.0858463,-0.00154469,0.0151791,0.0117845,0.00712208,0.0497097,10.14,1,-0.00628207,0.000327583,0.0440189,0.999941,-0.0106708,-2.96909e-05,-0.00208059,0.0350774,-0.00105523,0.258225,0.0859641,-0.00147347,0.0156762,0.0117845,0.00703122,0.143522
10.14,0.999941,-0.010682,-2.97835e-05,-0.00208295,-0.00122955,-0.00162708,0.00260446,0.0859215,-0.0015277,0.0152803,0.0119785,0.00707958,0.0499229,10.16,1,-0.0198851,-0.0319003,0.0303189,0.999941,-0.0106881,-3.77665e-05,-0.00206984,-0.0731767,-0.257871,0.179522,0.0860412,-0.0014569,0.0157795,0.0119786,0.00698868,0.143735
10.16,0.999941,-0.010689,-2.81132e-05,-0.0020898,-0.00162951,0.000369879,-0.00178835,0.0859983,-0.00151056,0.0153933,0.0121012,0.007014,0.0501771,10.18,1,-0.0248312,-0.0155967,-0.0377868,0.999941,-0.0106971,-2.63425e-05,-0.00209876,-0.112972,-0.121726,-0.200834,0.0861193,-0.00144042,0.0158951,0.0121012,0.00692303,0.143989
10.18,0.999941,-0.0106768,-4.88662e-05,-0.00208443,0.00169943,-0.00029591,-0.00205466,0.08638,-0.00139204,0.0159581,0.0125099,0.00866788,0.0502574,10.2,1,-0.0175278,-0.012555,0.0341147,0.999941,-0.0106683,-5.0473e-05,-0.00209468,-0.0546466,-0.103249,0.201949,0.0865051,-0.00130536,0.0164606,0.0125101,0.00857702,0.14407
10.2,0.999941,-0.0106348,-4.33737e-05,-0.00209552,0.00316279,0.00356735,0.000209095,0.0866944,-0.00127613,0.016052,0.0132694,0.0097964,0.0504055,10.22,1,-0.0169321,0.0208974,0.0238644,0.999941,-0.010619,-2.556e-05,-0.00209466,-0.0507675,0.165202,0.146609,0.0868271,-0.00117817,0.016556,0.0132696,0.00970589,0.144218
10.22,0.999941,-0.0106366,-2.6437e-05,-0.00209505,-0.000299326,0.00409999,7.59311e-05,0.0867618,-0.00124649,0.0161059,0.013214,0.00984012,0.0502444,10.24,1,-0.0459356,0.0148528,-0.0241441,0.999941,-0.0106381,-5.9311e-06,-0.00209489,-0.282748,0.120312,-0.122592,0.0868939,-0.00114808,0.0166084,0.013214,0.0097496,0.144057
10.24,0.999942,-0.0106137,-1.34689e-05,-0.00208584,0.00196437,0.00143682,0.000342242,0.0869659,-0.00114579,0.0163361,0.0133738,0.0101454,0.0509482,10.26,1,-0.0108347,-0.0105629,0.00759151,0.999942,-0.0106039,-6.28749e-06,-0.00208421,-0.00159743,-0.0852156,0.053562,0.0870996,-0.00104434,0.0168455,0.0133738,0.010055,0.14476
10.26,0.999941,-0.0106455,-7.57506e-06,-0.00207321,-0.00482739,0.00170367,-0.000989324,0.0873155,-0.000982411,0.0166807,0.0141592,0.0105519,0.0517127,10.28,1,-0.0504563,-0.0126635,0.0568594,0.999941,-0.0106696,9.40173e-07,-0.00207825,-0.318502,-0.106921,0.329217,0.0874571,-0.000876892,0.0171978,0.0141591,0.0104613,0.145525
10.28,0.999941,-0.0106398,9.60149e-06,-0.00204986,0.000764679,0.000638844,0.000342292,0.0875814,-0.000891211,0.0164967,0.0147681,0.0104843,0.0522753,10.3,1,-0.0209901,-0.0169903,0.0245216,0.999941,-0.010636,1.28059e-05,-0.00204818,-0.0825721,-0.138423,0.147771,0.087729,-0.000786369,0.0170195,0.0147678,0.0103937,0.146087
10.3,0.999941,-0.0106386,1.27834e-05,-0.00205186,0.000498363,0.000638843,-0.000589815,0.0876488,-0.000866874,0.0164583,0.0148865,0.0106711,0.0522013,10.32,1,-0.00577819,-0.00666186,-0.0432629,0.999941,-0.0106361,1.5941e-05,-0.00205484,0.0389167,-0.0498067,-0.231176,0.0877977,-0.000760163,0.0169803,0.0148862,0.0105806,0.146013
10.32,0.999941,-0.0106424,1.49904e-05,-0.00204948,-0.00136506,0.000905394,-0.000190647,0.0877909,-0.000811176,0.0164202,0.0151545,0.0108752,0.0522551,10.34,1,-0.0226295,0.029466,0.0365182,0.999941,-0.0106492,1.9521e-05,-0.00205048,-0.0964893,0.232114,0.217706,0.0879424,-0.000702424,0.0169428,0.0151542,0.0107847,0.146067
10.34,0.999941,-0.0106347,3.28224e-05,-0.00202559,0.000498144,-0.000158563,0.00207307,0.0883244,-0.000566993,0.0166226,0.0161057,0.0112366,0.0525906,10.36,1,0.00892774,-0.0183035,0.064021,0.999941,-0.0106323,3.21348e-05,-0.00201522,0.156583,-0.151983,0.368726,0.0884855,-0.000454627,0.0171486,0.0161053,0.0111461,0.146403
10.36,0.999942,-0.0106264,3.61346e-05,-0.00201536,0.00289499,0.000240912,0.000208857,0.0885498,-0.000470131,0.0168136,0.0161967,0.0109598,0.0525734,10.38,1,-0.0310774,0.0363137,0.00350563,0.999942,-0.0106119,3.7321e-05,-0.00201433,-0.164277,0.289404,0.0330581,0.0887117,-0.000360532,0.0173394,0.0161962,0.0108694,0.146386
10.38,0.999942,-0.0106156,4.10218e-05,-0.00201964,0.002895,0.00103986,-0.00112272,0.0886269,-0.000437305,0.0168994,0.0162176,0.0107398,0.052564,10.4,1,-0.0148765,0.00186729,0.0233248,0.999942,-0.0106011,4.6132e-05,-0.00202531,-0.034151,0.0123882,0.142025,0.088789,-0.000329907,0.0174251,0.016217,0.0106495,0.146376
10.4,0.999942,-0.0106119,2.91704e-05,-0.00201893,-0.000433952,-0.00109067,-0.000323774,0.0888496,-0.000360742,0.0170833,0.0162309,0.0103079,0.0528401,10.42,1,0.0204944,-0.0374743,-0.00899812,0.999942,-0.0106141,2.37046e-05,-0.00202049,0.249367,-0.298915,-0.0413149,0.0890119,-0.000257663,0.0176117,0.0162305,0.0102176,0.146652
10.42,0.999942,-0.0105958,-7.57049e-06,-0.00203986,0.00169503,0.000242003,-0.00298687,0.0891621,-0.0003401,0.0167663,0.0162119,0.0097169,0.053215,10.44,1,-0.00688225,-0.0122649,-0.000843082,0.999942,-0.0105873,-6.53608e-06,-0.00205481,0.0299029,-0.0980935,0.00597365,0.0893242,-0.000242931,0.0172984,0.0162117,0.00962673,0.147027
10.44,0.999942,-0.0105746,-5.13183e-06,-0.00204484,0.00302659,-2.43142e-05,-0.000190564,0.0894229,-0.000311976,0.0166818,0.0166049,0.00989303,0.0531098,10.46,1,-0.0100434,0.00155778,-0.0360293,0.999942,-0.0105595,-5.29442e-06,-0.00204579,0.00416848,0.0153862,-0.190217,0.0895889,-0.000213045,0.0172129,0.0166047,0.00980304,0.146922
10.46,0.999942,-0.0105656,3.03596e-06,-0.00204224,0.00249358,0.00183945,0.000607774,0.0894942,-0.0003009,0.0166929,0.0165823,0.00988033,0.0531482,10.48,1,-0.0172026,-0.00551965,0.0133083,0.999942,-0.0105531,1.22393e-05,-0.0020393,-0.0530196,-0.0455848,0.0856288,0.08966,-0.000202097,0.0172243,0.0165821,0.00979041,0.14696
10.4801,0.999942,-0.0105382,2.46724e-05,-0.00200304,0.00102884,-0.000291068,0.00140672,0.0897922,-0.000253869,0.0168588,0.0168709,0.0093543,0.0533274,10.5001,1,-0.0519969,-0.0208125,-0.0137318,0.999943,-0.0105331,2.32809e-05,-0.00199599,-0.33145,-0.166363,-0.0669307,0.0899609,-0.000160326,0.017392,0.0168705,0.00926462,0.14714
10.5001,0.999943,-0.0105385,2.25034e-05,-0.0019883,0.000228859,0.00064268,0.00114044,0.090263,-0.000195007,0.0173677,0.0177893,0.00878585,0.0542731,10.5201,1,-0.0614667,0.022086,-0.031782,0.999943,-0.0105374,2.57744e-05,-0.00198263,-0.407965,0.1782,-0.165568,0.0904408,-0.000107149,0.0179104,0.0177889,0.00869617,0.148085
10.5201,0.999941,-0.010676,1.72816e-05,-0.00198403,-0.0341259,-0.00162105,0.0010072,0.0903385,-0.000183245,0.017494,0.017529,0.0101974,0.0588914,10.5401,1,-0.0322083,-0.00508996,-0.00711857,0.999939,-0.0108466,9.56912e-06,-0.0019789,-0.172209,-0.0407587,-0.0290647,0.0905138,-8.12703e-05,0.0180829,0.0175287,0.0101066,0.152704
10.5401,0.999941,-0.0107234,1.50548e-05,-0.0019798,-0.0116222,-0.000822022,0.00100733,0.0904135,-0.000155368,0.0176289,0.0174591,0.0119841,0.0541457,10.5601,1,-0.0377797,0.0470739,-0.0209574,0.99994,-0.0107815,1.1114e-05,-0.00197472,-0.217351,0.377648,-0.103467,0.0905881,-3.55272e-05,0.0181703,0.0174588,0.0118928,0.147958
10.5601,0.999941,-0.010661,9.24874e-06,-0.00198318,0.00568833,-0.0029526,-5.80036e-05,0.0906515,-3.39344e-05,0.0180453,0.0179303,0.0119424,0.054814,10.5801,1,-0.0491004,-0.0375702,-0.0175288,0.999942,-0.0106326,-5.57287e-06,-0.00198332,-0.307071,-0.299902,-0.0893183,0.0908308,8.54898e-05,0.0185935,0.01793,0.0118517,0.148626
10.5801,0.999941,-0.0106478,-8.97491e-07,-0.00197333,0.0012932,-0.000288394,0.00114047,0.0910005,3.68292e-05,0.0183731,0.0184514,0.00909931,0.0548501,10.6001,1,-0.0473896,0.000399181,-0.0100515,0.999941,-0.0106413,-2.29142e-06,-0.00196761,-0.294018,0.00330852,-0.0452231,0.091185,0.000127822,0.0189216,0.0184512,0.0090087,0.148662
10.6001,0.999942,-0.0106201,2.04773e-06,-0.0019545,0.00275794,0.00157581,0.00060784,0.0913006,4.59403e-05,0.0187208,0.0187323,0.0084739,0.0545774,10.6201,1,-0.0682842,-0.0141761,0.0832996,0.999942,-0.0106063,9.93166e-06,-0.00195154,-0.461564,-0.121563,0.476487,0.0914879,0.000130679,0.0192665,0.0187321,0.00838352,0.14839
10.6201,0.999942,-0.0106292,-3.5645e-06,-0.0019567,-0.00203661,-0.00161976,-0.000591132,0.0913807,5.05073e-05,0.0188343,0.0188025,0.00845535,0.0546815,10.6401,1,-0.010473,0.0323373,-0.0318786,0.999941,-0.0106394,-1.16743e-05,-0.00195957,0.000655052,0.261258,-0.165639,0.0915687,0.000135061,0.0193811,0.0188024,0.00836489,0.148494
10.6401,0.999942,-0.0106328,5.71358e-06,-0.00195854,-0.000705029,0.00210867,-0.000457971,0.0914622,5.67872e-05,0.0189584,0.0186971,0.00862173,0.0546555,10.6601,1,-0.0127209,0.00112268,-0.029496,0.999942,-0.0106363,1.62389e-05,-0.00196095,-0.0167584,0.0112449,-0.15414,0.0916492,0.000143005,0.0195049,0.0186969,0.00853125,0.148468
10.6601,0.999942,-0.0106348,1.07408e-05,-0.00198155,-0.000306533,-0.000819678,-0.00272162,0.0917533,8.49908e-05,0.0192624,0.0187763,0.0101459,0.0546676,10.6801,1,-0.0533537,-0.0124769,-0.0147297,0.999941,-0.0106364,6.50101e-06,-0.00199511,-0.341664,-0.0994875,-0.0721488,0.0919411,0.00018645,0.0198091,0.0187761,0.0100554,0.14848
10.6801,0.999941,-0.0106486,2.97554e-05,-0.00199571,-0.00177243,0.00291049,-0.00272158,0.0920571,0.000146862,0.0194548,0.0187022,0.0115007,0.0546414,10.7001,1,-0.0355592,0.00793591,0.0266867,0.999941,-0.0106575,4.41798e-05,-0.00200947,-0.199488,0.0604046,0.161069,0.0922442,0.000261869,0.0200012,0.0187018,0.0114101,0.148454
10.7001,0.999941,-0.0106537,4.53084e-05,-0.00199921,-0.000973474,0.00357628,-0.000857371,0.0921135,0.0001621,0.0195061,0.0188054,0.0116332,0.0546936,10.7201,1,-0.0499497,-0.0330045,0.0140078,0.999941,-0.0106585,6.31528e-05,-0.00200368,-0.313984,-0.266375,0.0876319,0.0923015,0.000278432,0.020053,0.0188049,0.0115426,0.148506
10.7201,0.999941,-0.0106592,5.07789e-05,-0.00199728,-0.00110664,0.00104628,0.000474211,0.0921719,0.00017934,0.0195701,0.0187943,0.011655,0.0548823,10.7401,1,-0.0793355,0.038155,-0.0243467,0.999941,-0.0106647,5.60463e-05,-0.00199496,-0.550329,0.305626,-0.122941,0.0923598,0.000295891,0.020119,0.0187936,0.0115643,0.148694
10.7401,0.999941,-0.0106495,5.91348e-05,-0.00198837,0.00088991,-1.8054e-05,0.00207214,0.0924206,0.00019478,0.0195191,0.0193048,0.0103781,0.0548753,10.7601,1,-0.0135255,0.0134859,-0.0209921,0.999941,-0.0106451,5.91461e-05,-0.00197801,-0.0232409,0.108981,-0.105619,0.0926136,0.000298561,0.0200679,0.0193041,0.0102875,0.148687
10.7601,0.999941,-0.0106736,4.47455e-05,-0.00196665,0.000357282,0.000248263,-0.000724181,0.0928402,0.000214012,0.0198174,0.0196508,0.0100089,0.0559155,10.7801,1,-0.00167653,0.00922767,-0.0153246,0.999941,-0.0106718,4.59446e-05,-0.00197028,0.0718237,0.0747413,-0.07425,0.0930367,0.0003141,0.0203765,0.0196503,0.00991802,0.149728
10.7801,0.999941,-0.0106609,4.52434e-05,-0.00197106,0.00342046,-0.000150994,-0.0011239,0.0929091,0.000223969,0.0199103,0.0196563,0.0100974,0.0557138,10.8001,1,-0.0391556,0.0317137,-0.0173777,0.999941,-0.0106438,4.43949e-05,-0.00197667,-0.228554,0.254198,-0.0844039,0.0931056,0.000324942,0.0204674,0.0196558,0.0100066,0.149526
10.8001,0.999941,-0.0106498,4.73843e-05,-0.0019691,0.00302098,0.000248471,0.00047399,0.0929799,0.00023546,0.0200132,0.0196677,0.0100931,0.0557284,10.8201,1,-0.0903419,0.0694386,-0.00455525,0.999942,-0.0106347,4.86221e-05,-0.00196675,-0.639142,0.554064,-0.0104356,0.0931766,0.000336391,0.0205704,0.0196672,0.0100025,0.14954
10.8201,0.999941,-0.0106637,8.24671e-05,-0.00199199,0.00115568,0.000249542,-0.00045808,0.0932992,0.000240604,0.0202436,0.0200536,0.00957867,0.0559451,10.8401,1,0.00440751,-0.00555313,-0.0558537,0.999941,-0.0106579,8.36788e-05,-0.00199429,0.120558,-0.040246,-0.301954,0.0934997,0.000336391,0.0208031,0.0200527,0.00948792,0.149757
10.8401,0.999941,-0.0106494,0.000117605,-0.00200295,0.00235411,0.000382698,-0.00125703,0.0935494,0.000211556,0.02039,0.020412,0.00902859,0.0564333,10.8601,1,-0.0217019,-0.00611657,0.0676237,0.999941,-0.0106376,0.000119428,-0.00200926,-0.0885921,-0.0559771,0.38948,0.0937536,0.000301842,0.0209544,0.0204108,0.00893796,0.150245
10.8601,0.999941,-0.0106401,0.000129116,-0.00200533,0.00261945,0.0025151,-0.000591202,0.0936048,0.000199453,0.0204307,0.0205224,0.00893682,0.0563884,10.8801,1,-0.021082,0.000916845,-0.0109745,0.999942,-0.010627,0.000141633,-0.00200842,-0.0835529,0.00689765,-0.0501874,0.09381,0.000288822,0.0209946,0.0205211,0.00884628,0.150201
10.8801,0.999942,-0.0106243,0.000153645,-0.0020342,0.000888399,0.00198246,-0.00178962,0.0937903,0.000171453,0.02062,0.0209936,0.00861162,0.0562705,10.9001,1,-0.0429332,0.0257415,0.0308871,0.999942,-0.0106199,0.000163453,-0.00204325,-0.259055,0.201369,0.185824,0.0940002,0.000257569,0.0211827,0.0209921,0.00852121,0.150083
10.9001,0.999942,-0.0106333,0.000173201,-0.00200523,0.00128683,-0.000280038,0.000474099,0.0940971,9.73357e-05,0.0208769,0.0208817,0.00860056,0.0564585,10.9201,1,0.0200877,0.0162627,-0.0414074,0.999942,-0.0106268,0.000171813,-0.00200284,0.245454,0.132555,-0.219664,0.0943059,0.000183341,0.0214415,0.02088,0.00851008,0.150271
10.9201,0.999942,-0.010617,0.000199093,-0.00200924,0.00408316,0.00185049,-0.00165642,0.094367,2.11377e-05,0.020992,0.020538,0.00893831,0.056205,10.9401,1,-0.0691958,0.02743,0.0410867,0.999942,-0.0105966,0.000208216,-0.00201762,-0.469412,0.213238,0.242837,0.0945724,0.000110521,0.021554,0.0205361,0.00884796,0.150017
10.9401,0.999942,-0.0106103,0.000210305,-0.0020233,0.00195266,0.00251602,-0.00352045,0.0944273,1.23107e-05,0.0210517,0.0206527,0.00890907,0.0562736,10.9601,1,-0.0589392,-0.00580734,0.0242495,0.999942,-0.0106005,0.000222678,-0.00204104,-0.386725,-0.0511474,0.146682,0.0946339,0.000101401,0.0216145,0.0206507,0.00881878,0.150086
10.9601,0.999942,-0.010612,0.000215225,-0.00202665,-0.000177866,0.000918109,-0.000857294,0.0944904,4.10806e-06,0.0211226,0.0206913,0.00869771,0.0560295,10.9801,1,-0.0241327,0.0568894,-0.0339812,0.999942,-0.0106129,0.000219771,-0.00203099,-0.10923,0.455865,-0.175611,0.0946973,9.10852e-05,0.0216829,0.0206893,0.00860741,0.149842
10.9801,0.999941,-0.0106305,0.000215094,-0.00201827,-0.000444179,0.000784949,-0.000724136,0.0948718,-4.4094e-05,0.0216119,0.0205749,0.00861248,0.0561689,11.0001,1,0.00189488,0.01565,0.0287159,0.999941,-0.0106327,0.000218985,-0.00202193,0.0998546,0.121062,0.17303,0.0950776,4.20308e-05,0.0221736,0.0205729,0.00852202,0.149981
11.0001,0.99994,-0.0107845,0.000214965,-0.00202271,-0.0104321,-0.000278888,-0.00112355,0.0949912,-9.1528e-05,0.0215357,0.0204481,0.011473,0.0558683,11.0201,1,-0.00568439,-0.00896085,-0.0133347,0.999939,-0.0108367,0.000213616,-0.0020283,0.0409591,-0.0723435,-0.0638922,0.0951956,2.32015e-05,0.0220944,0.0204461,0.0113812,0.14968
11.0201,0.99994,-0.0107816,0.000214874,-0.00202005,0.00101877,-0.000410886,0.000607526,0.095003,-0.000101418,0.0214065,0.02025,0.0116775,0.0557273,11.0401,1,-0.0298476,0.0220384,0.0278101,0.99994,-0.0107766,0.000212842,-0.00201699,-0.15301,0.171699,0.168322,0.0952055,1.53576e-05,0.0219637,0.020248,0.0115858,0.149539
11.0401,0.99994,-0.0107674,0.000212995,-0.00202378,0.000485543,-9.60731e-06,0.000740722,0.0950844,-0.000144502,0.0210343,0.020765,0.00970908,0.0553133,11.0601,1,-0.0261516,0.0496352,0.0467278,0.99994,-0.0107649,0.000212982,-0.00202007,-0.124174,0.39091,0.275925,0.0952921,-4.74114e-05,0.0215874,0.020763,0.00961745,0.149125
11.0601,0.99994,-0.0107709,0.000215427,-0.00201857,-0.000180252,-0.00107487,0.00180599,0.0952551,-0.000253226,0.0208681,0.0203283,0.00746216,0.0548114,11.0801,1,0.0470361,-0.0404108,0.0322134,0.99994,-0.0107718,0.000210152,-0.00200948,0.46282,-0.327003,0.18928,0.0954584,-0.000178604,0.0214162,0.0203263,0.00737051,0.148624
11.0801,0.99994,-0.0107817,0.000222777,-0.00199214,0.000618703,0.000922498,-0.000324541,0.095429,-0.000328507,0.020961,0.0204548,0.00777258,0.054683,11.1001,1,0.00497756,0.0362558,-0.0264727,0.99994,-0.0107786,0.000227366,-0.00199382,0.125453,0.290611,-0.134898,0.0956335,-0.000250782,0.0215078,0.0204527,0.00768083,0.148495
11.1001,0.99994,-0.0107834,0.000232712,-0.00198959,-0.000180724,0.00212028,0.000607986,0.0954792,-0.000339801,0.0210156,0.0205325,0.00818964,0.0548597,11.1201,1,0.016034,-0.0314294,0.0292333,0.99994,-0.0107843,0.000243347,-0.00198667,0.214886,-0.255546,0.17295,0.0956845,-0.000257905,0.0215642,0.0205303,0.00809788,0.148672
11.1201,0.99994,-0.0107808,0.000236781,-0.00201032,0.000750647,-0.0016067,-0.00165567,0.0956232,-0.000389921,0.0209306,0.0210147,0.00920716,0.0549677,11.1401,1,0.00635214,-0.0118409,0.0171196,0.99994,-0.0107771,0.000228652,-0.00201851,0.137198,-0.0979894,0.106413,0.0958334,-0.000297849,0.0214803,0.0210125,0.00911542,0.14878
11.1401,0.99994,-0.0107569,0.000238771,-0.00203198,0.00208224,-8.80939e-06,0.000341708,0.0958992,-0.000394369,0.0210056,0.0213593,0.00966318,0.0551519,11.1601,1,-0.00485358,-0.00510557,-0.0312143,0.99994,-0.0107464,0.000238724,-0.00203027,0.0473271,-0.0401441,-0.16373,0.0961128,-0.000297738,0.0215571,0.0213571,0.00957164,0.148964
11.1601,0.99994,-0.0107542,0.000241121,-0.00203093,0.00088381,0.000257504,0.000208554,0.0959555,-0.000387544,0.0210604,0.021628,0.00971369,0.055024,11.1801,1,-0.0648018,0.0237017,-0.0241984,0.99994,-0.0107497,0.000242411,-0.0020299,-0.432919,0.188707,-0.12282,0.0961718,-0.000290408,0.0216106,0.0216258,0.00962217,0.148836
11.1801,0.99994,-0.0107498,0.000257236,-0.00203322,0.00128328,0.00371962,-0.000590392,0.0959965,-0.000387112,0.0210888,0.0217844,0.0094047,0.0550021,11.2001,1,-0.0351345,0.00857018,-0.0120503,0.99994,-0.0107434,0.000275788,-0.00203638,-0.195238,0.0669658,-0.0556347,0.0962143,-0.000293065,0.0216389,0.021782,0.00931322,0.148814
11.2001,0.99994,-0.0107462,0.000287147,-0.00202386,0.00234704,-0.000271675,0.000608109,0.0961532,-0.000421432,0.0209762,0.0218652,0.00921826,0.0543635,11.2201,1,-0.019093,-0.0325689,-0.000941767,0.99994,-0.0107344,0.000285797,-0.00202081,-0.0662976,-0.263059,0.00406132,0.0963719,-0.00032925,0.0215198,0.0218626,0.00912681,0.148176
11.2201,0.99994,-0.0107399,0.000320172,-0.00202622,0.00168125,0.00199201,-0.000590312,0.0963699,-0.000432294,0.0209411,0.0214559,0.00946331,0.0546344,11.2401,1,-0.0322353,0.00111752,-0.0258812,0.99994,-0.0107314,0.000330082,-0.00202928,-0.171973,0.0080816,-0.133579,0.0965845,-0.000337661,0.0214875,0.0214529,0.00937192,0.148447
11.2401,0.99994,-0.0107399,0.000329153,-0.00202898,0.000216517,0.00185885,-0.000723468,0.0964117,-0.000427102,0.0209802,0.0213493,0.00945894,0.0544699,11.2601,1,-0.0226013,0.0158034,-0.0185532,0.99994,-0.0107388,0.000338406,-0.0020327,-0.0951358,0.125015,-0.0916268,0.0966252,-0.000332513,0.0215249,0.0213463,0.00936755,0.148282
11.2601,0.99994,-0.0107311,0.000337443,-0.00201793,0.00248113,-0.000671082,0.00127393,0.0965477,-0.000401279,0.0211591,0.0209649,0.0096033,0.0540458,11.2801,1,0.00877025,0.0306862,0.0318324,0.99994,-0.0107187,0.000334131,-0.00201153,0.155338,0.240187,0.1914,0.0967573,-0.000305246,0.0216996,0.0209618,0.00951199,0.147858
11.2801,0.999941,-0.010709,0.000353707,-0.00202507,0.0011487,0.00106162,-0.000989717,0.096679,-0.000386548,0.021082,0.0210244,0.00964198,0.0534302,11.3001,1,-0.0424498,0.0423102,0.143076,0.999941,-0.0107033,0.00035895,-0.00203008,-0.256033,0.32272,0.814832,0.0968893,-0.000290128,0.0216163,0.0210212,0.00955085,0.147242
11.3001,0.999941,-0.0106811,0.000355204,-0.00201183,0.0020808,-0.000802593,0.00233924,0.0968052,-0.000354319,0.0211362,0.0203251,0.010395,0.0538348,11.3201,1,-0.0477659,0.000903827,0.0167921,0.999941,-0.0106707,0.000351295,-0.00200009,-0.296827,0.00218857,0.105241,0.0970084,-0.00025037,0.0216745,0.0203219,0.0103041,0.147647
11.3201,0.999941,-0.0106794,0.000355587,-0.00201026,0.000616064,-0.000269962,0.000341862,0.0968402,-0.000337212,0.0211815,0.0203362,0.0103655,0.0538903,11.3401,1,0.0162304,0.0396559,0.0201718,0.999941,-0.0106763,0.000354249,-0.00200854,0.214479,0.312924,0.126604,0.0970435,-0.000233557,0.0217204,0.020333,0.0102746,0.147702
11.3401,0.999941,-0.0106739,0.000368044,-0.00199237,0.00141409,0.000397971,0.00300507,0.0968771,-0.000317458,0.0212315,0.0203179,0.0102892,0.0537045,11.3601,1,-0.0418426,0.000133166,0.0603026,0.999941,-0.0106668,0.00037018,-0.00197736,-0.249739,-0.00768739,0.348723,0.0970803,-0.000214566,0.0217685,0.0203146,0.0101984,0.147517
11.3601,0.999941,-0.010652,0.000370578,-0.00199962,0.000348824,-0.00053413,-0.000323883,0.0969896,-0.000247772,0.0214027,0.020545,0.0108875,0.0535882,11.3801,1,-0.0536077,0.000687379,-0.0486041,0.999941,-0.0106503,0.000367886,-0.00200121,-0.343711,0.00582616,-0.261069,0.0971951,-0.000138896,0.0219386,0.0205417,0.0107969,0.1474
11.3801,0.999941,-0.010668,0.00038377,-0.00199022,-0.00151629,-0.00173081,7.56408e-05,0.0970178,-0.000210224,0.0212824,0.0203854,0.0110637,0.0531495,11.4001,1,-0.0247699,-0.0311189,-0.0112176,0.999941,-0.0106756,0.000375135,-0.00198975,-0.112347,-0.251441,-0.0535914,0.0972217,-9.95874e-05,0.0218139,0.0203819,0.0109729,0.146962
11.4001,0.999941,-0.0106707,0.000389927,-0.00198552,-0.000451027,0.00106551,0.00114091,0.0970318,-0.000194965,0.0212836,0.0203195,0.0112081,0.0531951,11.4201,1,-0.0268517,0.018252,0.0385596,0.999941,-0.0106729,0.00039532,-0.00197987,-0.129954,0.139174,0.228058,0.0972349,-8.2884e-05,0.0218155,0.020316,0.0111173,0.147007
11.4201,0.999941,-0.0106555,0.000370513,-0.00198906,8.09845e-05,-0.00146502,-0.000589759,0.0970879,-0.000136513,0.0213594,0.0201008,0.0112372,0.052985,11.4401,1,-0.0163721,0.0225893,0.0126449,0.999941,-0.0106551,0.000363156,-0.00199193,-0.0461626,0.176403,0.0832547,0.097289,-2.41406e-05,0.0218893,0.0200975,0.0111465,0.146797
11.4401,0.99994,-0.0107662,0.000371011,-0.00201875,-0.0298813,2.90037e-06,-0.00311971,0.0969797,-0.00013001,0.0208298,0.0189226,0.0125005,0.0571988,11.4601,1,-0.0281394,0.017778,0.0960605,0.999938,-0.0109156,0.00037116,-0.00203429,-0.139991,0.130535,0.550166,0.0971689,-5.00535e-06,0.0214018,0.0189193,0.0124089,0.151011
11.4601,0.99994,-0.0107656,0.000380157,-0.00200912,0.00607138,2.85044e-06,0.00327189,0.096882,-7.24892e-05,0.0204701,0.0182053,0.0137244,0.0521169,11.4801,1,-0.046429,0.0176833,0.0602662,0.99994,-0.0107353,0.000380286,-0.00199277,-0.286015,0.132489,0.349654,0.097064,6.47549e-05,0.0209913,0.0182019,0.0136328,0.145929
11.4801,0.99994,-0.0107516,0.000378291,-0.00202238,0.0038077,-0.000929258,-0.00338599,0.0968552,-5.08434e-05,0.0203731,0.0182012,0.0132554,0.0520167,11.5001,1,0.0068186,-0.0348062,-0.023217,0.99994,-0.0107326,0.000373425,-0.00203926,0.141114,-0.279349,-0.120773,0.0970372,8.17104e-05,0.0208933,0.0181978,0.0131639,0.145829
11.5001,0.99994,-0.0107422,0.000375128,-0.00202649,0.000211439,-0.00279175,-0.0013886,0.0967526,-1.16324e-05,0.0200661,0.0180212,0.010813,0.0519387,11.5201,1,-0.00300083,-0.00654302,0.0094427,0.99994,-0.0107411,0.000361093,-0.00203329,0.0620038,-0.056202,0.0638236,0.0969328,9.64981e-05,0.0205855,0.0180178,0.0107216,0.145751
11.5201,0.99994,-0.0107371,0.000404178,-0.0020337,0.00101038,4.57081e-06,0.000475627,0.0966116,-3.23416e-05,0.0197733,0.0170347,0.00968697,0.0515848,11.5401,1,-0.0465826,-0.0273541,0.0550378,0.99994,-0.010732,0.000404216,-0.00203132,-0.286731,-0.227529,0.317798,0.0967819,6.45281e-05,0.0202891,0.017031,0.0095956,0.145397
11.5401,0.99994,-0.0107322,0.000416167,-0.00203214,0.00180854,0.000938054,0.000475666,0.0965228,-6.03458e-05,0.0195572,0.0166808,0.00972006,0.0516936,11.5601,1,-0.0151701,0.0361626,0.105726,0.99994,-0.0107232,0.000420864,-0.00202982,-0.0369829,0.276651,0.605476,0.0966896,3.68548e-05,0.0200742,0.0166771,0.00962874,0.145506
11.5601,0.99994,-0.0107406,0.000419062,-0.00202092,-0.00191989,-0.00119248,0.00087514,0.0964412,-7.5984e-05,0.0194001,0.0161929,0.0102074,0.0516182,11.5801,1,-0.012774,-0.0314397,0.0975727,0.99994,-0.0107502,0.000413166,-0.00201648,-0.0165398,-0.263427,0.55571,0.0966032,2.60897e-05,0.0199163,0.0161892,0.010116,0.14543
11.5801,0.99994,-0.0107633,0.000441026,-0.00204841,-0.00205369,-0.000792806,-0.00192149,0.096276,-4.74058e-05,0.0192331,0.0152459,0.0112835,0.0510737,11.6001,1,-0.0240882,-0.00643558,0.0247696,0.99994,-0.0107736,0.00043698,-0.00205797,-0.106623,-0.0575352,0.149718,0.0964285,6.54296e-05,0.0197438,0.0152419,0.011192,0.144886
11.6001,0.99994,-0.0107613,0.000449525,-0.00205836,0.00207422,-0.000127018,-0.000190429,0.0961578,5.26634e-05,0.0193553,0.0145948,0.0113759,0.0510987,11.6201,1,-0.0157237,0.0301259,0.0317097,0.99994,-0.0107509,0.000448858,-0.00205931,-0.0403947,0.234412,0.190854,0.0963037,0.000166423,0.0198663,0.0145908,0.0112843,0.144911
11.6201,0.99994,-0.0107609,0.000449957,-0.0020643,0.000343158,-0.000260179,-0.00152201,0.0961401,7.81649e-05,0.0194139,0.0144915,0.0115547,0.0508639,11.6401,1,-0.0375931,0.0265946,0.0272937,0.99994,-0.0107592,0.000448571,-0.00207189,-0.215301,0.206179,0.165887,0.096285,0.000193712,0.0199225,0.0144875,0.0114631,0.144676
11.6401,0.99994,-0.0107622,0.0004432,-0.00207611,-0.000189471,-0.00026018,-0.00258728,0.0961123,0.000130892,0.0195574,0.0143351,0.0110624,0.0505689,11.6601,1,0.0190081,-0.0647472,0.102827,0.99994,-0.0107631,0.000441761,-0.00208903,0.23821,-0.530002,0.58348,0.0962557,0.000241516,0.0200631,0.0143312,0.0109709,0.144381
11.6601,0.99994,-0.0107736,0.000469452,-0.00209224,0.00100795,0.000140922,-0.000723029,0.0960494,0.000238691,0.0198962,0.0139395,0.0116591,0.0510735,11.6801,1,-0.0587157,0.0407032,0.0589708,0.99994,-0.0107685,0.000470107,-0.00209587,-0.384782,0.315801,0.344184,0.0961888,0.000355282,0.020407,0.0139353,0.0115674,0.144886
11.6801,0.99994,-0.0107567,0.000484063,-0.00211064,0.00233848,0.00120796,0.00180703,0.0956772,0.000372829,0.0197937,0.0128983,0.0127611,0.0512008,11.7001,1,-0.0449799,0.0368765,0.0948017,0.99994,-0.010745,0.000490174,-0.00210168,-0.275287,0.282228,0.544703,0.0958062,0.000500441,0.0203057,0.012894,0.0126696,0.145013
11.7001,0.99994,-0.0107452,0.000493644,-0.00210384,0.00313805,0.00200667,0.00167488,0.0956395,0.000403735,0.0198364,0.0127598,0.012943,0.0511057,11.7201,1,-0.0621251,0.0154805,0.0583974,0.99994,-0.0107294,0.000503734,-0.00209558,-0.411824,0.113837,0.339503,0.0957671,0.000533165,0.0203475,0.0127554,0.0128516,0.144918
11.7201,0.99994,-0.0107368,0.000495032,-0.00211239,0.0023391,9.29701e-06,-0.00218672,0.0956042,0.000437663,0.0198897,0.0127047,0.0130149,0.0511125,11.7401,1,0.00159756,0.0270342,0.062739,0.99994,-0.0107251,0.000494936,-0.00212333,0.0977677,0.206948,0.364749,0.0957313,0.000567812,0.0204008,0.0127003,0.0129235,0.144925
11.7401,0.99994,-0.0106905,0.000538047,-0.00212584,0.00167331,0.00280561,0.000476447,0.0954157,0.000661827,0.0204428,0.0112345,0.0127777,0.0515694,11.7601,1,-0.00831561,-0.0177099,0.0135961,0.999941,-0.0106821,0.000552082,-0.00212361,0.0192217,-0.147278,0.0869496,0.095528,0.000789604,0.0209585,0.0112297,0.0126868,0.145382
11.7601,0.999941,-0.0106841,0.000550184,-0.00211834,0.00300279,-0.000653076,0.00127551,0.0950636,0.000690586,0.0200079,0.010586,0.0127121,0.050818,11.7801,1,-0.0776603,-0.0137477,0.082435,0.999941,-0.0106691,0.000546955,-0.00211194,-0.53646,-0.12271,0.472332,0.0951695,0.000817707,0.0205161,0.0105811,0.0126212,0.14463
11.7801,0.999941,-0.0106771,0.00054623,-0.00211449,0.0020707,-0.00145202,0.000876025,0.094974,0.000699709,0.0199017,0.0103178,0.0130074,0.0505947,11.8001,1,-0.0134931,-0.0114334,0.0198352,0.999941,-0.0106667,0.000538995,-0.00211004,-0.0224449,-0.0977527,0.122182,0.0950771,0.000829783,0.0204076,0.010313,0.0129165,0.144407
11.8001,0.999941,-0.0106711,0.000547887,-0.00211001,7.33206e-05,-0.00078623,-5.60789e-05,0.0947203,0.000746923,0.0196686,0.00983072,0.0131031,0.0508794,11.8201,1,-0.0523259,0.0140832,0.0495556,0.999941,-0.0106708,0.000543953,-0.00211025,-0.333899,0.103174,0.28996,0.0948186,0.000877953,0.0201774,0.00982587,0.0130123,0.144691
11.8201,0.999941,-0.010661,0.000552508,-0.00212404,7.21766e-05,-0.000385751,0.000876053,0.0942183,0.000857662,0.0194103,0.008999,0.0136042,0.0515734,11.8401,1,0.0244676,0.0206746,0.0711232,0.999941,-0.0106606,0.000550625,-0.00211964,0.280092,0.15533,0.411435,0.0943083,0.000993703,0.019926,0.00899411,0.0135134,0.145386
11.8401,0.999941,-0.0106515,0.000553156,-0.00212338,-0.000194144,1.37246e-05,0.00287342,0.0940075,0.000939926,0.0194583,0.0090458,0.0135779,0.0514297,11.8601,1,-0.0234473,0.0386534,0.136432,0.999941,-0.0106524,0.00055338,-0.00210901,-0.1045,0.292806,0.777977,0.0940979,0.0010757,0.0199726,0.0090409,0.0134872,0.145242
11.8601,0.999941,-0.0106518,0.000568066,-0.00211965,0.000204729,0.00334242,0.00087736,0.0939435,0.000971475,0.0194962,0.00895314,0.0136674,0.0513263,11.8801,1,0.0343962,-0.00777225,0.0447445,0.999941,-0.0106507,0.000584821,-0.00211544,0.360158,-0.0699411,0.262051,0.094033,0.00110815,0.0200094,0.00894811,0.0135768,0.145138
11.8801,0.999941,-0.0106492,0.000589253,-0.00213215,0.00126895,-0.000251381,0.000344779,0.0936967,0.00103551,0.0193962,0.00828069,0.0140053,0.0508491,11.9001,1,0.00780349,0.00527585,0.0441961,0.999941,-0.0106429,0.000588001,-0.00213041,0.147233,0.033863,0.259752,0.0937795,0.00117556,0.0199047,0.00827548,0.0139147,0.144661
11.9001,0.99994,-0.0107618,0.000591785,-0.00214815,-0.02989,0.000148124,-0.00271792,0.0932897,0.00119719,0.0192563,0.0080464,0.0166166,0.0550771,11.9201,1,-0.0364723,0.0143483,0.0285349,0.999938,-0.0109113,0.0005927,-0.00216166,-0.206149,0.106967,0.172545,0.0933702,0.00136336,0.0198071,0.00804116,0.016525,0.148889
11.9201,0.999939,-0.0107879,0.000609554,-0.00215209,0.00233421,-0.000384539,7.84653e-05,0.0930744,0.00139206,0.0193267,0.00755727,0.0181257,0.050646,11.9401,1,0.00875782,-0.0364114,0.0469683,0.999939,-0.0107762,0.000607611,-0.00215168,0.156603,-0.300044,0.272867,0.09315,0.00157332,0.0198332,0.00755189,0.0180339,0.144458
11.9401,0.99994,-0.0107666,0.000612265,-0.0021497,0.00260053,0.000281255,-0.000853648,0.0929403,0.00152568,0.0194206,0.00725569,0.0171094,0.0506613,11.9601,1,-0.0086437,0.043389,0.14068,0.99994,-0.0107536,0.000613597,-0.002154,0.0146102,0.329981,0.802254,0.0930128,0.00169677,0.0199272,0.00725029,0.0170178,0.144473
11.9601,0.99994,-0.0107646,0.000625802,-0.00215025,0.000736318,0.00307757,-0.00018785,0.0928455,0.00156255,0.0193451,0.00738308,0.0165371,0.0504272,11.9801,1,-0.02655,0.0441589,0.0255606,0.99994,-0.0107609,0.000641171,-0.00215135,-0.1273,0.345594,0.157721,0.0929193,0.00172792,0.0198494,0.00737755,0.0164455,0.144239
11.9801,0.99994,-0.0107547,0.000660916,-0.0021319,-0.00326091,0.000682825,0.00260854,0.092349,0.00172702,0.0190142,0.00783666,0.0153658,0.0493734,12.0001,1,-0.0281577,0.0115655,0.0444156,0.99994,-0.0107709,0.000664505,-0.00211888,-0.139767,0.082937,0.261226,0.0924274,0.00188068,0.019508,0.00783084,0.0152743,0.143186
12.0001,0.99994,-0.0107617,0.000668066,-0.0021375,0.000334351,0.00134862,-0.000454103,0.0922068,0.00179011,0.0189773,0.00762564,0.0156214,0.049413,12.0201,1,-0.00103897,-0.0140531,0.017212,0.99994,-0.01076,0.000674781,-0.00213985,0.0779095,-0.119261,0.107497,0.092283,0.00194632,0.0194714,0.00761976,0.0155298,0.143225
12.0201,0.99994,-0.0107553,0.000657965,-0.00214351,0.000334351,-0.00198033,-5.46315e-05,0.0920729,0.001868,0.0189879,0.00748981,0.0161502,0.0492598,12.0401,1,-0.00902484,-0.0051757,0.0643147,0.99994,-0.0107537,0.000648057,-0.00214367,0.0134158,-0.0523442,0.371774,0.0921478,0.00202951,0.0194805,0.00748402,0.0160587,0.143072
12.0401,0.99994,-0.010761,0.00065489,-0.00213777,-0.00139725,0.00148161,0.000211786,0.0918942,0.00201751,0.0190843,0.00728538,0.0169731,0.0490936,12.0601,1,0.00584099,0.0141425,0.0175768,0.99994,-0.010768,0.000662324,-0.00213679,0.132456,0.106482,0.111266,0.0919671,0.00218724,0.0195753,0.00727961,0.0168816,0.142906
12.0601,0.99994,-0.0107468,0.000673496,-0.00214971,0.00113146,-0.00237866,0.0019429,0.0913123,0.00238228,0.0188634,0.00629392,0.0179515,0.0492393,12.0801,1,0.0380433,0.0434518,0.0639749,0.99994,-0.0107411,0.000661695,-0.00213987,0.38889,0.33738,0.37299,0.0913752,0.00256179,0.0193558,0.00628799,0.01786,0.143051
12.0801,0.99994,-0.0107435,0.000671458,-0.00215224,0.00113146,-0.00078077,-0.00072027,0.0912443,0.00243661,0.0188738,0.00603884,0.0178268,0.0492752,12.1001,1,-0.0107283,0.032881,0.16671,0.99994,-0.0107379,0.000667504,-0.00215581,-0.00258963,0.243226,0.947334,0.0913047,0.00261488,0.0193665,0.00603293,0.0177354,0.143087
12.1001,0.99994,-0.0107396,0.000673078,-0.0021321,-6.6973e-05,-0.000381296,7.86828e-05,0.0908208,0.00284787,0.0192065,0.0053273,0.0184834,0.0491505,12.1201,1,-0.0270261,-0.00695033,0.0210997,0.99994,-0.0107399,0.000671176,-0.00213168,-0.130327,-0.0632544,0.129564,0.0908741,0.0030327,0.019698,0.00532138,0.018392,0.142963
12.1201,0.99994,-0.010737,0.000683151,-0.00212171,0.00192737,-0.000113289,-0.000986516,0.0904944,0.00299485,0.0189323,0.00463711,0.0191457,0.0491545,12.1401,1,-0.0381955,0.022785,0.0441994,0.99994,-0.0107273,0.000682512,-0.00212664,-0.220448,0.17237,0.260584,0.0905408,0.00318631,0.0194239,0.0046311,0.0190543,0.142967
12.1401,0.99994,-0.0107375,0.000689203,-0.00211627,0.000196308,-0.000113287,0.000744533,0.0903423,0.00309083,0.0188755,0.00428005,0.0195092,0.0492732,12.1601,1,0.0160324,-0.0480213,0.0162124,0.99994,-0.0107365,0.000688675,-0.00211254,0.214754,-0.390774,0.0997927,0.0903851,0.00328593,0.0193682,0.00427399,0.0194178,0.143085
12.1601,0.99994,-0.0107388,0.000685554,-0.00211025,6.36068e-05,-0.00117877,0.00141084,0.0902682,0.00314385,0.018865,0.00409046,0.019491,0.0492175,12.1801,1,-0.0297897,0.0504351,0.0213418,0.99994,-0.0107384,0.000679735,-0.00210313,-0.153529,0.395647,0.13422,0.0903091,0.00333876,0.0193572,0.00408444,0.0193996,0.14303
12.1801,0.99994,-0.0107211,0.000691868,-0.00212317,0.00312624,-0.00264351,-0.00138548,0.0898951,0.00342321,0.0188316,0.00327959,0.0199913,0.0484667,12.2001,1,-0.0463976,0.0032334,0.0433388,0.99994,-0.0107055,0.000678544,-0.00212997,-0.285858,0.0158367,0.254563,0.0899279,0.00362313,0.0193163,0.00327351,0.0199001,0.142279
12.2001,0.99994,-0.0107114,0.000686028,-0.00212935,6.21132e-05,-0.0010445,-0.000453328,0.0894708,0.00365533,0.0185321,0.00298077,0.0207947,0.0487501,12.2201,1,0.0239302,0.0190645,0.0281426,0.99994,-0.0107111,0.000680781,-0.00213156,0.276568,0.14502,0.170739,0.0895006,0.00386327,0.0190196,0.00297474,0.0207036,0.142562
12.2201,0.99994,-0.0107243,0.00069233,-0.00213515,-0.00286736,0.00135235,-0.0015186,0.0893926,0.00371459,0.0185129,0.00286347,0.0208634,0.048777,12.2401,1,-0.0212112,0.0108272,0.0819185,0.99994,-0.0107387,0.000699041,-0.0021428,-0.0848362,0.0737037,0.471197,0.0894212,0.00392322,0.0190007,0.00285738,0.0207721,0.142589
12.2401,0.99994,-0.0107237,0.00071607,-0.00212817,0.000328426,0.00188497,0.00114457,0.0891668,0.00391138,0.0185249,0.00237362,0.021049,0.048443,12.2601,1,0.0137124,-0.0289347,0.0350065,0.99994,-0.010722,0.000725552,-0.00212255,0.195677,-0.239956,0.206246,0.0891906,0.00412187,0.0190093,0.00236733,0.0209578,0.142255
12.2601,0.99994,-0.0107108,0.000709105,-0.00212935,0.000861059,-0.0010445,0.000345614,0.0888027,0.00428066,0.0187119,0.00127433,0.0216744,0.048032,12.2801,1,-0.0601502,0.00623961,0.0621882,0.99994,-0.0107065,0.000703892,-0.00212757,-0.396269,0.0379091,0.360248,0.0888154,0.0044974,0.0191922,0.0012681,0.0215833,0.141844
12.2801,0.99994,-0.010722,0.000727294,-0.00211706,-0.00180417,0.00161896,0.00154405,0.0885296,0.00456627,0.0189265,0.00128961,0.0222472,0.0484484,12.3001,1,-0.0423762,0.0573896,0.0396998,0.99994,-0.010731,0.000735491,-0.00210942,-0.254702,0.449167,0.237395,0.0885425,0.00478874,0.019411,0.00128323,0.022156,0.142261
12.3001,0.99994,-0.0107249,0.000728068,-0.00211276,-0.000339428,2.10656e-05,0.00101143,0.0884654,0.00464602,0.0190096,0.00124941,0.0222222,0.0486671,12.3201,1,0.00678423,0.00466183,0.0332869,0.99994,-0.0107266,0.000728231,-0.00210771,0.139747,0.02873,0.198527,0.0884779,0.00486824,0.0194963,0.00124302,0.022131,0.142479
12.3201,0.99994,-0.0107242,0.000706476,-0.00211627,-0.000739342,-0.00384062,-0.000453619,0.0883156,0.00477515,0.0190484,0.000842203,0.0224499,0.0487832,12.3401,1,0.0476048,0.0442189,0.0625922,0.99994,-0.0107279,0.000687257,-0.00211833,0.465157,0.343537,0.365142,0.088324,0.00499965,0.0195362,0.000835998,0.0223587,0.142595
12.3401,0.99994,-0.010744,0.000702183,-0.00212904,0.000588992,-0.00210774,0.000744891,0.0877766,0.00502861,0.0184675,0.0004232,0.0238382,0.0485156,12.3601,1,-0.0699616,-0.0156252,0.112955,0.99994,-0.010741,0.000691678,-0.0021252,-0.474849,-0.141461,0.643109,0.0877808,0.00526699,0.0189526,0.00041703,0.0237468,0.142328
12.3601,0.999938,-0.0109238,0.000695834,-0.00210784,0.00165425,-0.000776121,0.00420703,0.0875114,0.00522212,0.0182705,8.33353e-05,0.0271178,0.0480069,12.3801,1,0.0127735,-0.00968681,0.081251,0.999938,-0.0109155,0.000692165,-0.00208676,0.188982,-0.0899223,0.466198,0.0875122,0.0054933,0.0187506,7.72178e-05,0.0270248,0.141819
12.3801,0.999938,-0.0109099,0.000702502,-0.00210732,0.00391794,0.00148753,7.91014e-05,0.0874269,0.00530727,0.0182161,0.000114026,0.027092,0.0478467,12.4001,1,-0.029868,0.0063997,0.0918989,0.999938,-0.0108903,0.000709902,-0.00210702,-0.152684,0.0370764,0.526621,0.087428,0.00557819,0.0186945,0.000107852,0.0269992,0.141659
12.4001,0.999938,-0.0108703,0.000719899,-0.00211056,0.00232004,0.00175384,0.000744887,0.0871071,0.00564188,0.0181146,6.1428e-06,0.0247163,0.0475139,12.4201,1,-0.00896444,0.00312901,0.111199,0.999939,-0.0108587,0.000728684,-0.00210694,0.0140146,0.00948584,0.634577,0.0871071,0.00588904,0.0185897,-1.78881e-07,0.0246238,0.141326
12.4201,0.999938,-0.010884,0.000731402,-0.00211329,-0.00100891,0.00268595,-0.00165196,0.0867503,0.00600026,0.018195,-0.000517236,0.022938,0.046874,12.4401,1,-0.045503,0.0528893,0.00541173,0.999938,-0.010889,0.000744751,-0.00212169,-0.278069,0.416011,0.0451465,0.0867452,0.00622964,0.0186637,-0.000523656,0.0228454,0.140686
12.4401,0.999938,-0.0108951,0.000767612,-0.00213759,0.000320356,0.00188698,-0.000320369,0.0864825,0.00625102,0.0183291,-0.000987048,0.0240935,0.0469245,12.4601,1,0.0103233,0.0112596,0.0653325,0.999938,-0.0108935,0.000777025,-0.0021393,0.168952,0.0784266,0.378514,0.0864727,0.00649196,0.0187984,-0.000993778,0.0240008,0.140737
12.4601,0.999938,-0.0109095,0.000776155,-0.00213871,-0.00314195,0.00202014,-0.000320045,0.0864165,0.0063293,0.0183882,-0.0012244,0.0246621,0.0469132,12.4801,1,0.000616633,0.0200923,0.0673932,0.999938,-0.0109252,0.000786271,-0.00214041,0.0912304,0.148663,0.390556,0.0864043,0.00657592,0.0188573,-0.0012312,0.0245693,0.140725
12.4801,0.999938,-0.0109125,0.000791065,-0.00213406,5.3843e-05,0.00202014,7.94279e-05,0.0862872,0.00650612,0.0185381,-0.00126732,0.025689,0.0473273,12.5001,1,-0.0331273,0.00839803,0.0268171,0.999938,-0.0109122,0.000801169,-0.00213377,-0.178098,0.0579508,0.162473,0.0862746,0.00676302,0.0190114,-0.00127425,0.0255962,0.141139
12.5001,0.999938,-0.0108957,0.000806383,-0.00213777,-8.12257e-05,-0.0015744,0.00260948,0.0859381,0.00688266,0.0184759,-0.00155513,0.0267355,0.0477861,12.5201,1,-0.0133658,-0.0143297,0.03933,0.999938,-0.0108961,0.000798654,-0.00212464,-0.0198472,-0.124732,0.23126,0.0859225,0.00715002,0.0189538,-0.00156219,0.0266428,0.141598
12.5201,0.999938,-0.0108952,0.00080704,-0.00216317,-0.00221175,0.00148822,-0.00111895,0.0856632,0.00722633,0.0185191,-0.00160141,0.0274305,0.0474736,12.5401,1,0.00238024,0.00609347,0.0205848,0.999938,-0.0109063,0.000814444,-0.00216884,0.105944,0.0405369,0.127761,0.0856472,0.00750064,0.0189938,-0.00160847,0.0273378,0.141286
12.5401,0.999938,-0.0108902,0.000793479,-0.00216937,-0.00021437,-0.00144125,-0.00165159,0.0855346,0.00742077,0.0186039,-0.00171825,0.0271905,0.0476988,12.5601,1,0.0185082,0.00986492,-0.0390059,0.999938,-0.0108913,0.000786186,-0.00217755,0.235169,0.0762924,-0.205599,0.0855174,0.00769268,0.0190809,-0.00172521,0.0270978,0.141511
12.5601,0.999938,-0.0108832,0.000804244,-0.00217319,0.00244879,0.00215401,0.00101157,0.0853476,0.00773092,0.0188116,-0.00225893,0.0274248,0.0476144,12.5801,1,0.0248387,-0.0028201,0.0968574,0.999938,-0.0108709,0.000815042,-0.00216826,0.284752,-0.0369622,0.554417,0.085325,0.00800516,0.0192877,-0.00226597,0.0273322,0.141427
12.5801,0.999938,-0.0108603,0.000815304,-0.00218001,0.00191395,2.40386e-05,0.00207687,0.0849853,0.00810685,0.0187141,-0.0032354,0.0277527,0.0484117,12.6001,1,-0.0151642,0.00686638,0.0410453,0.999938,-0.0108508,0.000815516,-0.00216964,-0.0348963,0.044581,0.242384,0.0849529,0.00838437,0.0191982,-0.00324254,0.0276603,0.142224
12.6001,0.999938,-0.0108556,0.00081376,-0.0021733,0.000446681,-0.00130772,-0.0017847,0.0847645,0.00828955,0.0186488,-0.00376173,0.0278027,0.0483444,12.6201,1,-0.0188196,0.00629185,0.0277422,0.999938,-0.0108534,0.00080712,-0.00218215,-0.0640434,0.0410889,0.167807,0.0847269,0.00856758,0.0191323,-0.00376885,0.0277103,0.142157
12.6201,0.999938,-0.0108539,0.000807139,-0.00217365,0.000980089,-0.00170778,-0.000186549,0.0846926,0.00835779,0.0186494,-0.00384753,0.0277671,0.0483438,12.6401,1,-0.0121813,0.00638474,0.0448826,0.999938,-0.010849,0.000798579,-0.00217449,-0.0111099,0.0405158,0.263819,0.0846541,0.00863546,0.0191329,-0.0038546,0.0276748,0.142156
12.6401,0.999938,-0.0108615,0.000822797,-0.00218455,0.00058062,0.000955381,7.9766e-05,0.0843489,0.00875208,0.0188171,-0.00393703,0.0281495,0.04842,12.6601,1,0.00664307,-0.0109328,0.0857774,0.999938,-0.0108586,0.000827572,-0.0021842,0.139332,-0.101352,0.491877,0.0843095,0.00903357,0.0193013,-0.00394423,0.028057,0.142232
12.6601,0.999938,-0.0108638,0.000809656,-0.00217452,0.00217853,-0.000775659,0.00287609,0.0840301,0.00922511,0.01926,-0.0042603,0.0279146,0.049019,12.6801,1,0.00681975,0.00390272,0.0586613,0.999938,-0.0108529,0.00080591,-0.00216011,0.140865,0.0197743,0.340907,0.0839875,0.00950425,0.0197502,-0.00426739,0.0278222,0.142831
12.6801,0.999938,-0.0108525,0.000798699,-0.00216958,0.00324378,-0.00277305,0.00114503,0.0839682,0.00932884,0.0193793,-0.00446872,0.0279183,0.0491525,12.7001,1,0.00453953,-0.00326031,0.0650424,0.999939,-0.0108363,0.000784861,-0.00216372,0.12259,-0.038025,0.376161,0.0839235,0.00960802,0.0198709,-0.00447572,0.0278259,0.142965
12.7001,0.999939,-0.0108429,0.000801946,-0.00216474,-0.0015499,-0.000243047,0.00101188,0.0837797,0.00965381,0.019797,-0.00479311,0.0276626,0.0495351,12.7201,1,-0.0344039,-0.00556264,0.126296,0.999938,-0.0108506,0.000800802,-0.00215966,-0.189933,-0.0624098,0.718743,0.0837317,0.00993044,0.0202923,-0.00480013,0.0275704,0.143347
12.7201,0.999938,-0.0108614,0.000780699,-0.00216138,0.000178273,0.00175478,0.000612443,0.083415,0.00994038,0.0198133,-0.00576701,0.0280377,0.0498993,12.7401,1,0.0336691,0.0338735,0.0907995,0.999938,-0.0108605,0.000789503,-0.00215841,0.354616,0.257451,0.522693,0.0833573,0.0102208,0.0203123,-0.00577385,0.0279453,0.143711
12.7401,0.999938,-0.0108762,0.000793894,-0.00214242,-0.00182197,-0.00157459,0.00047928,0.0830708,0.010262,0.0200154,-0.00600931,0.0287781,0.0500256,12.7601,1,-0.0291459,-0.00764474,0.0234004,0.999938,-0.0108853,0.000786067,-0.00213993,-0.146224,-0.0700362,0.142428,0.0830107,0.0105498,0.0205157,-0.00601626,0.0286855,0.143838
12.7601,0.999938,-0.0108858,0.000792434,-0.0021353,-0.00182248,-0.000376197,0.00167855,0.0830048,0.0103269,0.0200744,-0.00612705,0.028757,0.0501127,12.7801,1,-0.00170083,0.016111,0.0945072,0.999938,-0.0108949,0.000790664,-0.00212688,0.0722049,0.11431,0.542085,0.0829435,0.0106144,0.0205755,-0.00613399,0.0286643,0.143925
12.7801,0.999938,-0.0108919,0.000789778,-0.00214689,-0.00115668,0.00175434,-5.25079e-05,0.0827319,0.0106207,0.0204197,-0.00677301,0.0286355,0.050509,12.8001,1,0.0351335,0.0322934,0.0808004,0.999938,-0.0108976,0.000798559,-0.00214724,0.366736,0.245604,0.466549,0.0826642,0.0109071,0.0209248,-0.00677993,0.0285428,0.144321
12.8001,0.999937,-0.0110441,0.000778228,-0.002132,0.00390064,-0.000375973,-0.00111775,0.0822678,0.0109016,0.0202867,-0.00811945,0.0315703,0.0507385,12.8201,1,0.0161217,0.00906583,-0.0185338,0.999937,-0.0110246,0.000776245,-0.00213758,0.217248,0.0682108,-0.0912166,0.0821866,0.0112173,0.0207941,-0.00812627,0.0314763,0.144551
12.8201,0.999937,-0.0110384,0.00077774,-0.00212965,0.00203643,-0.000109661,0.00048017,0.0821903,0.010971,0.0203033,-0.00795245,0.031207,0.0507093,12.8401,1,-0.0311323,-0.0255819,0.0384468,0.999937,-0.0110283,0.000777196,-0.00212725,-0.160675,-0.21478,0.225479,0.0821107,0.0112831,0.0208104,-0.00795927,0.0311131,0.144522
12.8401,0.999937,-0.0110179,0.000773726,-0.00210791,0.00336802,-0.0025065,0.00181174,0.0820399,0.0111084,0.0203737,-0.00792744,0.0297166,0.0510492,12.8601,1,0.00532402,0.00309851,0.105425,0.999937,-0.0110011,0.000761258,-0.00209872,0.129535,0.00942867,0.602293,0.0819606,0.0114056,0.0208842,-0.00793422,0.0296229,0.144861
12.8601,0.999937,-0.0110442,0.000786195,-0.00210022,0.000838013,0.00162139,-0.00231616,0.0816715,0.011374,0.0205832,-0.00811283,0.0274036,0.0509337,12.8801,1,-0.00843563,-0.0106448,0.0169401,0.999937,-0.01104,0.000794165,-0.0021119,0.0209244,-0.0930791,0.105922,0.0815904,0.011648,0.0210925,-0.00811972,0.0273096,0.144746
12.8801,0.999936,-0.0110579,0.000771541,-0.00210421,0.000169677,-0.00184043,0.000746518,0.0812875,0.0114479,0.0204008,-0.00855119,0.0275845,0.0508907,12.9001,1,0.0231478,0.0253125,0.0399246,0.999936,-0.0110571,0.000762379,-0.00210038,0.272839,0.193181,0.236998,0.081202,0.0117237,0.0209097,-0.00855795,0.0274904,0.144703
12.9001,0.999936,-0.0110625,0.000775096,-0.00209743,0.000166912,0.000689092,0.000213312,0.0811423,0.0114734,0.0203633,-0.00906621,0.0278841,0.0512097,12.9201,1,-0.046066,0.0198583,0.032856,0.999936,-0.0110616,0.000778552,-0.0020964,-0.280701,0.148986,0.196736,0.0810517,0.0117522,0.0208754,-0.009073,0.02779,0.145022
12.9201,0.999936,-0.0110594,0.000789344,-0.00209795,0.00149849,0.00361857,-0.000186162,0.0810672,0.0114944,0.0203645,-0.00927552,0.0279917,0.0512915,12.9401,1,-0.0232966,-0.00850683,0.0683128,0.999936,-0.0110518,0.000807409,-0.00209908,-0.0984084,-0.0807834,0.393615,0.0809745,0.0117743,0.0208775,-0.00928244,0.0278976,0.145104
12.9401,0.999936,-0.0110509,0.000776839,-0.00211345,0.00162934,-0.000509236,-0.00111823,0.0806793,0.0115112,0.020116,-0.00971623,0.0274277,0.0513603,12.9601,1,-0.00456339,-0.00733785,0.0895338,0.999936,-0.0110427,0.000774214,-0.00211902,0.0511114,-0.0728812,0.512671,0.0805821,0.0117855,0.0206296,-0.00972304,0.0273337,0.145173
12.9601,0.999937,-0.0110211,0.000808447,-0.00213689,0.00282775,-0.000242918,-0.000186131,0.0802876,0.0115129,0.0199131,-0.00987915,0.0269439,0.051797,12.9801,1,0.0321426,-0.00328403,0.0946877,0.999937,-0.011007,0.000807192,-0.00213782,0.344295,-0.0405047,0.542067,0.0801888,0.0117823,0.0204311,-0.00988623,0.0268501,0.145609
12.9801,0.999937,-0.0110115,0.000812571,-0.00213786,0.00309407,0.00108866,-0.000319287,0.0802103,0.0115256,0.0199149,-0.00999724,0.0267738,0.0521566,13.0001,1,0.00707541,-0.00451814,0.0563458,0.999937,-0.010996,0.000817963,-0.00213953,0.14426,-0.0474754,0.327223,0.0801103,0.0117934,0.0204365,-0.0100044,0.0266801,0.145969
13.0001,0.999937,-0.011024,0.000831015,-0.00213502,-0.000769767,0.00268648,0.00154494,0.0800566,0.0114596,0.019698,-0.0102442,0.0264144,0.0521313,13.0201,1,-0.00710081,-0.0039482,0.0795255,0.999937,-0.0110278,0.00084454,-0.00212744,0.0306455,-0.0453452,0.456955,0.0799542,0.0117238,0.0202193,-0.0102515,0.0263206,0.145944
13.0201,0.999937,-0.0110151,0.000873147,-0.00213261,0.00135877,-0.000376358,-5.29297e-05,0.079609,0.0112392,0.0190367,-0.0106586,0.0263882,0.0518971,13.0401,1,-0.0426752,-0.00610103,0.00577697,0.999937,-0.0110083,0.000871248,-0.00213286,-0.253279,-0.0570209,0.0436953,0.0795025,0.0115031,0.0195557,-0.0106662,0.0262945,0.145709
13.0401,0.999937,-0.0110135,0.0008959,-0.002124,0.000826142,-0.000243198,0.00127865,0.0793158,0.0111042,0.0186348,-0.0111266,0.0263624,0.0522309,13.0601,1,-0.0179678,-0.00160272,0.0715643,0.999937,-0.0110093,0.000894746,-0.00211759,-0.0563519,-0.0265792,0.412407,0.0792046,0.0113678,0.0191571,-0.0111344,0.0262687,0.146043
13.0601,0.999937,-0.0110108,0.000896181,-0.00210943,0.00149022,0.000155485,0.0035419,0.0792459,0.0110673,0.01855,-0.0114352,0.026292,0.0524902,13.0801,1,-0.0229024,0.0156704,0.0760935,0.999937,-0.0110034,0.000897138,-0.00209174,-0.0962202,0.11112,0.438722,0.0791316,0.0113302,0.019075,-0.011443,0.0261983,0.146302
13.0801,0.999937,-0.0110124,0.000894867,-0.00209592,0.000424973,-0.000243985,0.00327558,0.0791739,0.0110363,0.01848,-0.0115907,0.0264066,0.0524496,13.1001,1,0.0340777,-0.0592197,0.0323064,0.999937,-0.0110103,0.000893823,-0.00207953,0.361213,-0.483141,0.189127,0.079058,0.0113004,0.0190045,-0.0115985,0.0263129,0.146262
13.1001,0.999937,-0.0110185,0.000894677,-0.00208452,-0.00024082,0.00148707,-0.000319685,0.0788164,0.0109496,0.0183291,-0.0115509,0.0259296,0.0525393,13.1201,1,-0.00752028,0.00116165,0.0126041,0.999937,-0.0110197,0.000902097,-0.00208619,0.0278707,0.000899511,0.0822843,0.0787009,0.0112089,0.0188545,-0.0115587,0.0258359,0.146351
13.1201,0.999937,-0.0110103,0.000912073,-0.00206513,0.000691285,-0.00197504,0.00101189,0.0785322,0.0109593,0.0184452,-0.011823,0.0254279,0.0532474,13.1401,1,-0.0343913,0.00467687,0.0655029,0.999937,-0.0110068,0.000902247,-0.00205996,-0.187828,0.0237983,0.378439,0.078414,0.0112136,0.0189777,-0.011831,0.0253343,0.14706
13.1401,0.999937,-0.0110137,0.000901184,-0.00205588,-0.000240826,-0.00264082,0.00221032,0.0784587,0.0109695,0.0185058,-0.0119691,0.0252245,0.0535528,13.1601,1,-0.0341313,0.0168106,0.0511683,0.999937,-0.011015,0.000888104,-0.00204468,-0.185748,0.122212,0.298879,0.078339,0.0112217,0.0190413,-0.011977,0.0251308,0.147365
13.1601,0.999937,-0.0110146,0.000908238,-0.00205047,0.00122391,0.00135392,-0.00138495,0.0782335,0.0110181,0.0187536,-0.0122738,0.0249461,0.0534791,13.1801,1,0.0177617,0.00927529,0.131256,0.999937,-0.0110085,0.000914919,-0.00205747,0.228315,0.0557216,0.747029,0.0781107,0.0112675,0.0192884,-0.0122817,0.0248524,0.147291
13.1801,0.999937,-0.0110169,0.000893141,-0.0020316,0.000691278,-0.00104293,0.0010119,0.0780022,0.0111002,0.0190981,-0.0125123,0.0245941,0.0537514,13.2001,1,-0.0471544,0.0146299,0.0340322,0.999937,-0.0110134,0.000887975,-0.00202649,-0.289716,0.106134,0.202591,0.0778771,0.0113461,0.0196356,-0.0125201,0.0245003,0.147564
13.2001,0.999937,-0.0110056,0.000898089,-0.00202398,0.00122109,-0.000510845,0.000745592,0.0776444,0.0110049,0.0191574,-0.0134543,0.0244806,0.0539681,13.2201,1,-0.020584,-0.0163973,0.0624341,0.999937,-0.0109995,0.000895564,-0.00202023,-0.0770026,-0.144169,0.359803,0.0775098,0.0112497,0.0196971,-0.0134622,0.024387,0.14778
13.2201,0.999937,-0.0110017,0.000895654,-0.0020271,0.000821616,0.00201916,-0.000985461,0.0774961,0.0109973,0.0192634,-0.0134155,0.0240871,0.0537367,13.2401,1,0.028874,-0.0231733,0.0780618,0.999937,-0.0109976,0.000905686,-0.00203214,0.318478,-0.198916,0.447145,0.0773619,0.0112381,0.0198008,-0.0134234,0.0239935,0.147549
13.2401,0.999937,-0.0109795,0.000899205,-0.00203353,0.00321521,-0.000379565,-0.00151839,0.0773661,0.0109549,0.0193398,-0.0136004,0.0237391,0.0537707,13.2601,1,-0.00463614,-0.0370622,-0.0110012,0.999937,-0.0109635,0.000897191,-0.00204112,0.0513648,-0.302776,-0.0525261,0.0772301,0.0111923,0.0198775,-0.0136082,0.0236457,0.147583
13.2601,0.999935,-0.0111405,0.000916969,-0.00208205,0.000685201,0.00308253,-0.00218417,0.0770191,0.0109552,0.0197619,-0.0141442,0.0269935,0.0537971,13.2801,1,0.0156653,0.0139234,0.00052798,0.999935,-0.011137,0.000932252,-0.00209314,0.214183,0.10426,0.0155625,0.0768777,0.0112252,0.0202999,-0.0141522,0.0268987,0.147609
13.2801,0.999936,-0.0111119,0.000908208,-0.00208139,0.00148145,0.00108454,-0.000319946,0.076782,0.0108778,0.0197042,-0.014381,0.0255433,0.053946,13.3001,1,-0.00434396,0.0146807,0.0375785,0.999936,-0.0111045,0.000913597,-0.00208306,0.053555,0.106766,0.222964,0.0766382,0.0111333,0.0202436,-0.0143889,0.0254487,0.147758
13.3001,0.999936,-0.0111106,0.000909975,-0.00207597,0.00107986,0.000684455,0.00127797,0.0767325,0.0108107,0.0195948,-0.0144372,0.0247425,0.0538404,13.3201,1,-0.0161781,0.0329151,0.00537843,0.999936,-0.0111052,0.000913456,-0.00206963,-0.0411785,0.255282,0.0437002,0.0765882,0.0110581,0.0201332,-0.0144451,0.0246479,0.147653
13.3201,0.999936,-0.0111133,0.000867603,-0.00206281,1.29001e-05,-0.00437609,7.95506e-05,0.0766085,0.010494,0.019055,-0.0147716,0.0223547,0.0533841,13.3401,1,0.0138818,0.011213,0.0139528,0.999936,-0.0111133,0.000845728,-0.00206217,0.199649,0.081748,0.0904447,0.0764607,0.0107175,0.0195888,-0.0147792,0.0222601,0.147196
13.3401,0.999936,-0.0111249,0.00085007,-0.00202675,0.000811847,0.000417599,0.00167745,0.0763859,0.010036,0.0184527,-0.0142752,0.0221106,0.0531645,13.3601,1,0.00334784,0.0271291,0.0490026,0.999936,-0.0111208,0.000852243,-0.00201839,0.114867,0.205922,0.287435,0.0762432,0.0102571,0.0189844,-0.0142827,0.022016,0.146977
13.3601,0.999935,-0.0111653,0.00086516,-0.0020194,-0.00038658,-0.00091398,-0.0007194,0.0761379,0.00975292,0.0182257,-0.0148099,0.0228298,0.0537803,13.3801,1,0.027284,-0.0137629,0.033945,0.999935,-0.0111672,0.000860554,-0.00202295,0.307475,-0.119602,0.200648,0.0759898,0.00998122,0.0187635,-0.0148174,0.0227348,0.147593
13.3801,0.999935,-0.0111625,0.000854827,-0.00200482,0.00134492,-0.00237891,0.00354161,0.0760833,0.00971512,0.018222,-0.014881,0.0229498,0.053619,13.4001,1,-0.00529863,0.0130738,0.0064296,0.999935,-0.0111558,0.000843118,-0.00198699,0.0466496,0.0970868,0.048021,0.0759345,0.00994462,0.0187582,-0.0148884,0.0228548,0.147431
13.4001,0.999935,-0.0111602,0.00085519,-0.00198823,0.00121176,0.000284249,0.00407424,0.0760382,0.00966013,0.0181967,-0.014988,0.0227769,0.0534667,13.4201,1,-0.0201798,-0.000306932,0.0434062,0.999936,-0.0111541,0.000856826,-0.00196788,-0.0725404,-0.0134853,0.254064,0.0758883,0.0098879,0.0187314,-0.0149955,0.0226819,0.147279
13.4201,0.999935,-0.0111612,0.000848438,-0.00198983,-0.000388502,-0.00131486,-0.000186855,0.0758429,0.00948415,0.0182156,-0.0154114,0.0222189,0.0535089,13.4401,1,-0.0205663,0.0326171,0.0376601,0.999935,-0.0111632,0.000841857,-0.00199069,-0.0761349,0.250452,0.223951,0.0756888,0.00970634,0.0187507,-0.0154188,0.0221239,0.147321
13.4401,0.999935,-0.0111764,0.000851554,-0.00200551,0.00120939,0.00334568,-0.00391526,0.075625,0.00935043,0.0184292,-0.0151578,0.0207772,0.0536542,13.4601,1,-0.00430858,0.00325682,0.0165534,0.999935,-0.0111703,0.000868051,-0.00202528,0.0547662,0.0176922,0.104105,0.0754734,0.0095582,0.0189657,-0.0151652,0.0206821,0.147466
13.4601,0.999935,-0.0111753,0.000842058,-0.00201596,0.00080992,-0.000382755,-0.000719473,0.0755132,0.0092987,0.0186045,-0.0150974,0.0203829,0.0539682,13.4801,1,-0.0240714,-0.00945754,0.0518675,0.999935,-0.0111712,0.000840096,-0.00201954,-0.103504,-0.0874059,0.301004,0.0753623,0.00950253,0.0191442,-0.0151047,0.0202878,0.14778
13.4801,0.999935,-0.0111716,0.000849165,-0.00201227,0.00147571,0.00201409,0.000878422,0.0754563,0.0092776,0.018708,-0.0151892,0.0202341,0.0539179,13.5001,1,0.0218163,0.0148696,0.0582517,0.999935,-0.0111642,0.000859269,-0.002008,0.263074,0.107315,0.338468,0.0753044,0.00947994,0.0192472,-0.0151966,0.020139,0.14773
13.5001,0.999935,-0.0111636,0.000845456,-0.00199568,0.00174202,0.000549352,0.00194369,0.0753393,0.00924801,0.0189464,-0.0151297,0.0203257,0.0539502,13.5201,1,-0.01667,-0.00644019,-0.0604112,0.999935,-0.0111548,0.000848294,-0.001986,-0.0437091,-0.0531393,-0.327609,0.075188,0.00945127,0.0194859,-0.0151371,0.0202308,0.147762
13.5201,0.999935,-0.011162,0.000864978,-0.0019819,-0.00172273,0.000681437,0.00167737,0.0752217,0.00907118,0.0189505,-0.0154155,0.0203781,0.0537882,13.5401,1,0.0170853,-0.000844594,0.0242865,0.999935,-0.0111706,0.000868495,-0.00197354,0.225776,-0.0155709,0.147119,0.0750675,0.00927496,0.0194884,-0.0154231,0.0202831,0.1476
13.5401,0.999935,-0.0111654,0.000844914,-0.00199904,0.00120675,-0.00065014,-0.00378211,0.0749961,0.00888073,0.0191994,-0.0150683,0.0204396,0.0536232,13.5601,1,0.0121866,-0.0108232,0.0474627,0.999935,-0.0111593,0.00084144,-0.00201792,0.186549,-0.0973758,0.276335,0.0748454,0.00908513,0.0197356,-0.0150757,0.0203446,0.147435
13.5601,0.999935,-0.0111667,0.000839809,-0.00201121,0.000940436,0.000148803,-0.00205106,0.0749024,0.00883801,0.0193728,-0.0151404,0.0203857,0.0531993,13.5801,1,0.0363439,-0.00132849,0.00552616,0.999935,-0.011162,0.000840429,-0.00202148,0.37999,-0.0172501,0.0422875,0.074751,0.00904187,0.0199048,-0.0151477,0.0202907,0.147012
13.5801,0.999935,-0.0111537,0.000855436,-0.00201366,0.00373642,0.00414378,-0.000587639,0.0748538,0.0088236,0.0194735,-0.015057,0.0204854,0.0532998,13.6001,1,0.00901479,-0.0600582,0.00278777,0.999936,-0.0111349,0.000876083,-0.00201685,0.162126,-0.487369,0.0231581,0.0747032,0.00902846,0.0200065,-0.0150644,0.0203905,0.147112
13.6001,0.999936,-0.0111428,0.000875166,-0.00200603,0.0022696,-0.000118727,-0.00125345,0.0746778,0.00868617,0.0198246,-0.015034,0.0203286,0.0531218,13.6201,1,-0.0154064,0.0254603,0.00652147,0.999936,-0.0111314,0.00087448,-0.0020123,-0.034597,0.195843,0.0492597,0.0745275,0.00888946,0.0203558,-0.0150417,0.0202338,0.146934
13.6201,0.999936,-0.0111417,0.00083974,-0.00198837,0.00106876,-0.00211712,0.00167603,0.0745639,0.00842219,0.0198519,-0.0149344,0.0199271,0.0532255,13.6401,1,-0.0219461,0.0345163,0.0250781,0.999936,-0.0111364,0.000829238,-0.00197988,-0.0872435,0.266818,0.153601,0.0744146,0.00862146,0.0203842,-0.0149418,0.0198323,0.147038
13.6401,0.999936,-0.0111376,0.000830562,-0.00198782,0.0016014,-0.00198396,7.81359e-05,0.0745376,0.00838367,0.0198953,-0.0149362,0.0199791,0.0534136,13.6601,1,0.00128169,0.0464905,0.0608009,0.999936,-0.0111296,0.000820631,-0.00198733,0.0979491,0.359878,0.354468,0.0743882,0.00858346,0.0204294,-0.0149434,0.0198843,0.147226
13.6601,0.999936,-0.0111488,0.000827973,-0.00196624,-0.00119492,0.000546047,0.00314077,0.0744529,0.00829592,0.020102,-0.0146023,0.0197141,0.0539906,13.6801,1,-0.0117512,0.00363881,0.108637,0.999936,-0.0111548,0.00083089,-0.00195056,-0.00612456,0.0126503,0.619445,0.0743069,0.00849306,0.0206419,-0.0146095,0.0196192,0.147803
13.6801,0.999936,-0.0111328,0.000862171,-0.00194639,0.000134256,0.001477,0.000877077,0.0743511,0.00812664,0.0203662,-0.0142569,0.0193016,0.0535491,13.7001,1,-0.0248255,0.021027,-0.0421135,0.999936,-0.0111321,0.000869603,-0.00194209,-0.109693,0.164681,-0.223745,0.0742086,0.00831966,0.0209017,-0.0142644,0.0192069,0.147361
13.7001,0.999936,-0.0111274,0.000862606,-0.00193818,0.00213163,0.000811213,0.00247497,0.0742815,0.00790014,0.0204774,-0.0144267,0.0190775,0.0534436,13.7201,1,0.0226509,0.0380978,0.078221,0.999936,-0.0111167,0.000866779,-0.00192586,0.268723,0.291278,0.451303,0.0741372,0.00809091,0.0210119,-0.0144343,0.0189828,0.147256
13.7201,0.999936,-0.0111236,0.000862483,-0.0019414,0.00146534,0.000278225,-0.000853592,0.0742616,0.00786908,0.0205338,-0.0143906,0.0189323,0.0533689,13.7401,1,0.007827,-0.00283928,0.0575219,0.999936,-0.0111163,0.000863812,-0.00194569,0.151097,-0.0345982,0.332816,0.0741177,0.0080584,0.0210675,-0.0143981,0.0188377,0.147181
13.7401,0.999936,-0.0111229,0.000861372,-0.00194142,0.000666388,1.18988e-05,-5.46373e-05,0.0742409,0.00784096,0.0206005,-0.014294,0.0186839,0.0532231,13.7601,1,-0.0361569,-0.0414222,0.00178408,0.999936,-0.0111196,0.000861422,-0.0019417,-0.199757,-0.338958,0.0180911,0.074098,0.0080278,0.0211328,-0.0143015,0.0185893,0.147035
13.7601,0.999934,-0.0113075,0.000862752,-0.00196736,0.00292608,0.00120785,-0.00258467,0.0742276,0.00767558,0.020612,-0.0143371,0.0216381,0.0528744,13.7801,1,0.0382935,0.0154198,0.033089,0.999934,-0.0112929,0.000868616,-0.00198036,0.39619,0.114068,0.19745,0.0740842,0.00789196,0.0211407,-0.0143446,0.0215418,0.146687
13.7801,0.999934,-0.011306,0.000878122,-0.0019791,-0.000803997,0.000141647,0.000344812,0.0743618,0.00720767,0.0199065,-0.0136181,0.0173187,0.0522847,13.8001,1,-0.0389964,0.0285463,0.0284843,0.999934,-0.01131,0.000878858,-0.00197738,-0.222297,0.218148,0.172183,0.0742256,0.00738085,0.0204293,-0.0136258,0.0172225,0.146097
13.8001,0.999934,-0.0113002,0.000880719,-0.00197848,0.00212548,0.00107375,7.8496e-05,0.0743815,0.0071236,0.0198192,-0.01365,0.0169866,0.0522888,13.8201,1,-0.0122454,0.0288062,-0.0224919,0.999934,-0.0112895,0.00088607,-0.00197816,-0.00792034,0.225233,-0.113112,0.074245,0.00729347,0.0203421,-0.0136577,0.0168904,0.146101
13.8201,0.999934,-0.0112985,0.000879023,-0.00198356,0.00159285,-0.000657304,-0.00138624,0.0744145,0.00696556,0.0196868,-0.0134483,0.0165084,0.0522634,13.8401,1,-0.0179432,0.034529,0.0171302,0.999934,-0.0112906,0.000875643,-0.00199046,-0.0538983,0.267355,0.109117,0.07428,0.00713064,0.0202094,-0.013456,0.0164122,0.146076
13.8401,0.999934,-0.011316,0.000890523,-0.00197643,-0.00146978,0.00200586,0.00127692,0.0744482,0.00675614,0.0195899,-0.0137817,0.0163966,0.0524893,13.8601,1,0.0223817,0.039087,0.00691111,0.999934,-0.0113234,0.000900638,-0.00197015,0.268809,0.305286,0.0523447,0.0743103,0.0069201,0.0201148,-0.0137895,0.0163003,0.146302
13.8601,0.999933,-0.0113353,0.000876769,-0.00198707,0.00172601,-0.000524145,-0.000187821,0.0744558,0.00656649,0.0196347,-0.013787,0.0174406,0.0524304,13.8801,1,-0.0177721,-0.0508562,-0.0611356,0.999933,-0.0113267,0.000874121,-0.00198799,-0.050549,-0.408552,-0.334561,0.0743179,0.0067409,0.020159,-0.0137947,0.0173442,0.146243
13.8801,0.999934,-0.0113315,0.000870775,-0.00197933,0.00159285,0.000541117,0.00247534,0.0744378,0.0064944,0.0197902,-0.0142752,0.0184831,0.052884,13.9001,1,-0.00542219,0.00591191,-0.0373167,0.999934,-0.0113236,0.000873605,-0.00196699,0.047378,0.043628,-0.197535,0.074295,0.00667924,0.020319,-0.0142828,0.0183867,0.146696
13.9001,0.999934,-0.0113282,0.000872191,-0.00197988,0.00132728,0.000674169,-0.000188423,0.0744257,0.00648398,0.0198675,-0.0142363,0.0186821,0.053099,13.9201,1,0.0102029,-0.0175001,0.026519,0.999934,-0.0113215,0.000875538,-0.00198087,0.172285,-0.149207,0.158517,0.0742833,0.0066708,0.0203984,-0.0142439,0.0185857,0.146911
13.9201,0.999934,-0.0113192,0.000871938,-0.00197945,0.000262008,0.0012068,0.00194211,0.074402,0.00642004,0.0201057,-0.0139499,0.0183175,0.053243,13.9401,1,-0.0124449,0.0298338,0.0563287,0.999934,-0.0113179,0.000878079,-0.0019698,-0.0100555,0.226396,0.328312,0.0742625,0.00660321,0.0206381,-0.0139575,0.0182212,0.147055
13.9401,0.999934,-0.0112975,0.000871619,-0.00196639,0.001057,-0.000526761,0.000344189,0.0744873,0.00616938,0.020011,-0.013748,0.0174707,0.0533421,13.9601,1,0.00529394,-0.0762183,0.0337576,0.999934,-0.0112922,0.000868995,-0.00196465,0.133377,-0.619622,0.195207,0.0743498,0.00634408,0.0205444,-0.0137556,0.0173745,0.147154
13.9601,0.999934,-0.0113007,0.000873937,-0.00196372,-0.000274584,0.000937978,0.000610503,0.0744992,0.00612997,0.0200298,-0.0135322,0.0174333,0.0533399,13.9801,1,0.024174,0.0549142,0.0388626,0.999934,-0.0113021,0.000878664,-0.00196072,0.28242,0.429177,0.232179,0.0743639,0.0063043,0.0205632,-0.0135398,0.0173371,0.147152
13.9801,0.999934,-0.0112954,0.00087574,-0.0019616,0.00185595,0.000804821,0.000477344,0.0745097,0.00609466,0.0200608,-0.0135634,0.0173598,0.0534106,14.0001,1,0.0199939,0.0122098,-0.0024532,0.999934,-0.0112861,0.000879773,-0.00195926,0.250104,0.0912032,-0.00188477,0.0743741,0.00626826,0.0205949,-0.013571,0.0172637,0.147223
14.0001,0.999934,-0.0113032,0.000876998,-0.00195414,-0.000540894,-0.00332307,0.00154262,0.0745287,0.00598537,0.0203035,-0.0135126,0.0168909,0.0536269,14.0201,1,0.00836956,-0.00603416,0.0525179,0.999934,-0.0113059,0.000860476,-0.00194624,0.156974,-0.0598941,0.304668,0.0743936,0.00615428,0.0208398,-0.0135202,0.0167948,0.147439
14.0201,0.999934,-0.0113047,0.000850844,-0.00195865,0.00132117,-0.000394875,-0.00085424,0.0745839,0.00579432,0.0204134,-0.0134677,0.0164946,0.0534024,14.0401,1,-0.00889752,-0.0425451,0.0104566,0.999934,-0.0112981,0.000848808,-0.00196291,0.0197673,-0.348223,0.0667747,0.0744492,0.00595927,0.0209474,-0.0134751,0.0163985,0.147215
14.0401,0.999934,-0.0113109,0.000834263,-0.00195948,-0.000409891,-0.00372382,-0.000587926,0.0746139,0.00570794,0.0204273,-0.0134589,0.0163326,0.0533992,14.0601,1,0.00657752,0.0419785,0.0116527,0.999934,-0.011313,0.000815616,-0.00196221,0.142281,0.328187,0.0789032,0.0744793,0.00587126,0.0209613,-0.0134662,0.0162363,0.147212
14.0601,0.999934,-0.0113138,0.000827471,-0.00195245,0.000122749,0.00160249,0.0022084,0.0746313,0.00563626,0.0204889,-0.0137877,0.0162145,0.0533941,14.0801,1,0.00895448,0.022058,0.0161891,0.999934,-0.0113131,0.000835607,-0.0019415,0.161652,0.16851,0.103021,0.0744935,0.00579841,0.0210228,-0.013795,0.0161183,0.147206
14.0801,0.999934,-0.0113155,0.000831399,-0.001929,0.000255585,0.000270562,0.00154282,0.0746303,0.00552081,0.0208446,-0.0138711,0.0156305,0.0535839,14.1001,1,-0.00679713,-0.0348174,-0.0462053,0.999934,-0.0113142,0.000832837,-0.0019213,0.0368417,-0.281083,-0.250187,0.0744916,0.00567711,0.0213805,-0.0138783,0.0155342,0.147396
14.1001,0.999934,-0.0113281,0.000840651,-0.00193761,-0.00187672,0.00333203,7.80592e-05,0.0746377,0.00545714,0.0209835,-0.0139192,0.0152901,0.0533805,14.1201,1,0.0108814,0.00299607,0.0131957,0.999933,-0.0113374,0.000857332,-0.0019374,0.177521,0.0162156,0.0849815,0.0744985,0.00561004,0.0215173,-0.0139265,0.0151937,0.147193
14.1201,0.999933,-0.01135,0.000840381,-0.00196344,0.00118398,-0.000131238,-0.00484879,0.0747334,0.00519594,0.0208289,-0.013333,0.0144125,0.0531821,14.1401,1,-0.0164071,-0.0431716,0.0294943,0.999933,-0.0113441,0.000839438,-0.00198768,-0.040105,-0.354998,0.173315,0.0746,0.00534006,0.0213607,-0.0133404,0.0143159,0.146994
14.1401,0.999933,-0.0113559,0.000844765,-0.00196555,-0.000946563,0.00146667,-0.000587729,0.0747535,0.00513809,0.0208212,-0.0132288,0.0144305,0.0529427,14.1601,1,0.0327762,0.000955711,-0.00021363,0.999933,-0.0113606,0.000852074,-0.00196856,0.352976,0.00142549,0.0100207,0.0746212,0.0052824,0.0213507,-0.0132362,0.0143339,0.146755
14.1601,0.999933,-0.0113564,0.000846916,-0.00196687,0.00131544,0.00106613,-0.000188268,0.0748701,0.0048862,0.0205023,-0.0130777,0.0145566,0.0525945,14.1801,1,-0.0629285,0.00730074,0.0536368,0.999933,-0.0113499,0.000852222,-0.00196788,-0.413335,0.0457869,0.311488,0.0747393,0.00503176,0.0210282,-0.0130851,0.01446,0.146407
14.1801,0.999933,-0.0113683,0.000840159,-0.00198122,0.00278019,0.00346297,-0.000454586,0.075014,0.004565,0.020233,-0.0131655,0.0147007,0.0522338,14.2001,1,-0.0250717,-0.0124773,0.0543135,0.999933,-0.0113543,0.000857419,-0.0019837,-0.109951,-0.111858,0.314297,0.0748824,0.00471201,0.0207554,-0.0131728,0.014604,0.146046
14.2001,0.999933,-0.0113517,0.000846321,-0.00195807,0.000915971,-0.00119756,0.00034437,0.075078,0.0043581,0.0202752,-0.0133091,0.0145683,0.0522219,14.2201,1,0.0383456,0.00871782,-0.0224268,0.999933,-0.0113471,0.000840344,-0.00195629,0.39748,0.0656116,-0.113892,0.0749449,0.00450378,0.0207974,-0.0133164,0.0144717,0.146034
14.2201,0.999933,-0.0113483,0.000831212,-0.00195578,0.00131513,-0.00346112,0.000477041,0.0750847,0.00432958,0.0203196,-0.0134001,0.0148488,0.0523599,14.2401,1,0.0192578,0.0350983,-0.0168879,0.999933,-0.0113417,0.000813922,-0.0019532,0.244316,0.275959,-0.0813037,0.0749507,0.00447807,0.0208432,-0.0134074,0.0147523,0.146172
14.2401,0.999933,-0.0113464,0.000828924,-0.00195363,0.000915652,-0.000265332,0.000477052,0.0750875,0.00430644,0.0203762,-0.0136174,0.0149147,0.0525687,14.2601,1,-0.0291102,-0.0103347,-0.0363203,0.999933,-0.0113418,0.000827615,-0.00195124,-0.141795,-0.0864544,-0.193244,0.0749513,0.00445559,0.0209019,-0.0136246,0.0148182,0.146381
14.2601,0.999931,-0.0115266,0.000828835,-0.00194482,0.00224532,-0.00213076,0.001276,0.0751914,0.00409747,0.0201701,-0.0141232,0.0177873,0.0526781,14.2801,1,-0.00699017,0.0204262,-0.0061916,0.999931,-0.0115154,0.000818234,-0.00193833,0.0359954,0.157231,-0.0224963,0.0750501,0.00427534,0.0206969,-0.0141305,0.0176892,0.14649
14.2801,0.999931,-0.0115229,0.000863833,-0.00190782,0.00117879,0.00199614,0.00127597,0.0752414,0.00394717,0.0201242,-0.014774,0.0145082,0.0531373,14.3001,1,0.00983098,0.00821299,-0.00352825,0.999931,-0.011517,0.000873875,-0.00190156,0.170717,0.0592646,-0.00849649,0.0750937,0.00409225,0.0206556,-0.0147816,0.0144102,0.14695
14.3001,0.999932,-0.0115211,0.000871582,-0.00190151,0.000912481,0.00226246,0.00154229,0.0752411,0.00391274,0.0201546,-0.0148854,0.0138019,0.0532449,14.3201,1,0.00117909,-0.0114473,0.0370167,0.999932,-0.0115166,0.000882973,-0.00189394,0.101448,-0.101933,0.217187,0.0750922,0.00405076,0.020687,-0.014893,0.0137039,0.147057
14.3201,0.999931,-0.0115308,0.000871078,-0.00190312,-0.00081858,-0.000800177,-0.000588236,0.075253,0.00380561,0.0201158,-0.0151602,0.0128329,0.0533655,14.3401,1,0.0230116,-0.00366352,0.023531,0.999931,-0.0115349,0.000867051,-0.00190601,0.276168,-0.0380912,0.142292,0.0751014,0.00393393,0.0206494,-0.0151678,0.0127348,0.147178
14.3401,0.999931,-0.011565,0.000856977,-0.00190551,-0.00374972,0.000397132,7.75367e-05,0.0752841,0.00361504,0.0199563,-0.0151924,0.0133217,0.0536934,14.3601,1,-0.0424978,0.0112024,0.0226514,0.999931,-0.0115837,0.000859003,-0.00190513,-0.247878,0.080022,0.138018,0.0751321,0.00374825,0.0204933,-0.0151998,0.0132233,0.147506
14.3601,0.999931,-0.0115743,0.000880648,-0.0019356,0.000644498,0.00226135,0.000210703,0.0752839,0.00343545,0.0199845,-0.0151524,0.0146752,0.0541573,14.3801,1,0.0194732,-0.0147267,-0.0280914,0.999931,-0.011571,0.00089196,-0.00193468,0.248731,-0.121943,-0.147328,0.0751323,0.0035822,0.0205261,-0.0151601,0.0145768,0.14797
14.3801,0.999931,-0.0115638,0.000881961,-0.00194044,0.00304134,0.000663444,-0.00125404,0.0752771,0.00341692,0.0200334,-0.0151046,0.014792,0.054341,14.4001,1,0.0010018,-0.0188371,-0.0270289,0.999931,-0.0115486,0.000885176,-0.00194676,0.100957,-0.155223,-0.141706,0.075126,0.00356484,0.0205768,-0.0151123,0.0146936,0.148153
14.4001,0.999931,-0.0115502,0.00088747,-0.0019416,0.000512439,0.00172841,-0.00138684,0.0752576,0.00339475,0.0201715,-0.0151865,0.0149862,0.0543905,14.4201,1,-0.0290352,-0.0186899,-0.000609832,0.999931,-0.0115476,0.000896026,-0.00194864,-0.139625,-0.156999,0.00609846,0.0751057,0.00354461,0.0207154,-0.0151942,0.0148879,0.148203
14.4201,0.999931,-0.0115383,0.000926385,-0.00194366,0.000377344,0.00252607,0.000743674,0.0752115,0.00333515,0.0204919,-0.0155282,0.0148681,0.056374,14.4401,1,-0.00171134,-0.017642,0.0466709,0.999931,-0.0115364,0.000939054,-0.00194009,0.0784301,-0.152863,0.271061,0.0750562,0.00348383,0.0210556,-0.0155363,0.0147699,0.150186
14.4401,0.999931,-0.0115436,0.00092737,-0.0019323,0.00170744,0.00119337,0.000743644,0.075226,0.00318314,0.0206248,-0.0157922,0.0142285,0.0576236,14.4601,1,0.0579191,-0.0151139,0.057476,0.999931,-0.011535,0.000933363,-0.00192866,0.555158,-0.132709,0.331951,0.0750681,0.00332543,0.021201,-0.0158003,0.0141303,0.151436
14.4601,0.999931,-0.0115327,0.000915723,-0.00193801,0.00317218,-0.00253505,-0.00152005,0.0752227,0.00316067,0.0206937,-0.015813,0.0141274,0.0577166,14.4801,1,-0.0328889,-0.0215211,0.0289347,0.999931,-0.0115169,0.00090293,-0.00194548,-0.17082,-0.182653,0.171304,0.0750646,0.00330194,0.0212708,-0.015821,0.0140292,0.151529
14.4801,0.999931,-0.0115261,0.000902548,-0.00194157,0.0021069,-0.00293453,-0.00098741,0.075216,0.00314286,0.0207775,-0.0160055,0.0143231,0.0578456,14.5001,1,0.0124101,-0.0255613,-0.0593337,0.999931,-0.0115156,0.000887799,-0.00194635,0.192108,-0.206017,-0.322984,0.075056,0.00328609,0.021356,-0.0160133,0.014225,0.151658
14.5001,0.999931,-0.0115168,0.000900782,-0.00195219,0.00184059,0.000128104,-0.00125372,0.0751946,0.00312291,0.020996,-0.015889,0.014618,0.058668,14.5201,1,-0.010461,0.00551394,-0.0214228,0.999931,-0.0115076,0.000901332,-0.00195848,0.0084928,0.0387148,-0.108728,0.0750357,0.00326909,0.0215826,-0.0158969,0.01452,0.15248
14.5201,0.999931,-0.0115158,0.000909136,-0.00194696,0.000642173,0.00239179,0.00127628,0.0751818,0.00312051,0.0211294,-0.015803,0.0145938,0.0589624,14.5401,1,0.000776679,0.0299614,-0.00998885,0.999931,-0.0115126,0.000921161,-0.00194072,0.0978998,0.233337,-0.0431,0.0750238,0.00326645,0.021719,-0.0158109,0.0144958,0.152775
14.5401,0.999932,-0.0114976,0.000891865,-0.00193132,0.000773533,-0.00120473,0.000743632,0.075163,0.0030678,0.0215003,-0.0158179,0.0144491,0.0591419,14.5601,1,-0.00143405,0.0369112,0.00712828,0.999932,-0.0114937,0.000885877,-0.00192753,0.0798226,0.287462,0.0530928,0.0750048,0.00321229,0.0220917,-0.0158257,0.0143513,0.152954
14.5601,0.999932,-0.0115046,0.000871618,-0.00192402,-0.000824369,0.000792645,0.0018089,0.0751519,0.00298637,0.0219175,-0.0159297,0.0141667,0.0598419,14.5801,1,0.0303573,0.0162618,0.0209121,0.999932,-0.0115087,0.000875693,-0.00191502,0.334408,0.121661,0.129061,0.0749926,0.00312804,0.0225159,-0.0159373,0.0140688,0.153654
14.5801,0.999932,-0.0115084,0.000869273,-0.00191812,-0.000558309,-0.000273421,0.00140943,0.0751436,0.0029799,0.0220429,-0.0157291,0.0139756,0.0599039,14.6001,1,0.000445963,-0.0105935,0.0157694,0.999932,-0.0115112,0.000867992,-0.00191106,0.0956711,-0.0931405,0.0983615,0.0749863,0.00311965,0.022642,-0.0157366,0.0138776,0.153716
14.6001,0.999932,-0.0114978,0.000870019,-0.00192186,0.00303695,0.000525519,-0.000987417,0.0751352,0.00297665,0.0221815,-0.0154863,0.0140389,0.0600626,14.6201,1,0.002057,0.00157475,0.0163601,0.999932,-0.0114827,0.00087256,-0.00192684,0.108287,0.00416475,0.102483,0.0749803,0.00311704,0.0227821,-0.0154939,0.0139411,0.153875
14.6201,0.999932,-0.0114878,0.000866556,-0.00192396,0.00290379,-0.000539734,-0.000587953,0.0751252,0.0029774,0.0223326,-0.0155719,0.0141148,0.0601111,14.6401,1,0.0402595,0.0614459,0.0546713,0.999932,-0.0114732,0.000863796,-0.00192688,0.412245,0.480226,0.321016,0.0749695,0.00311855,0.0229338,-0.0155795,0.0140171,0.153923
14.6401,0.999932,-0.0114977,0.0008665,-0.00191594,-0.000826621,0.00145637,0.00100993,0.0751347,0.00289343,0.0227887,-0.0150374,0.0136279,0.0600073,14.6601,1,0.0185848,-0.0302483,-0.0766893,0.999932,-0.0115018,0.000873847,-0.00191097,0.241316,-0.241538,-0.420597,0.0749843,0.00302971,0.0233888,-0.015045,0.0135301,0.15382
14.6601,0.999932,-0.0114909,0.00086193,-0.001903,0.000237394,-0.00134086,0.000743585,0.0751977,0.00277003,0.022819,-0.0150358,0.0129151,0.0584555,14.6801,1,-0.0257813,-0.0226216,0.0216592,0.999932,-0.0114897,0.000855267,-0.00189921,-0.11419,-0.190234,0.130351,0.0750474,0.00289918,0.0234036,-0.0150433,0.0128173,0.152268
14.6801,0.999932,-0.0114907,0.000869418,-0.0019004,0.000503711,0.00225441,0.000610423,0.0752136,0.00273338,0.0228456,-0.0149956,0.0129363,0.0581662,14.7001,1,0.00969873,0.00346658,0.0305067,0.999932,-0.0114882,0.000880719,-0.00189748,0.169198,0.0181221,0.181733,0.0750636,0.00286274,0.0234272,-0.0150032,0.0128386,0.151979
14.7001,0.999932,-0.0114773,0.000863645,-0.0018934,0.00383267,-0.00107455,0.00167568,0.0752277,0.00270058,0.0228821,-0.0149298,0.0129237,0.0580633,14.7201,1,0.0485321,0.0163908,-0.0199052,0.999932,-0.0114581,0.000858333,-0.00188497,0.479799,0.126782,-0.0995863,0.0750785,0.00282982,0.0234627,-0.0149373,0.012826,0.151876
14.7201,0.999932,-0.0114625,0.000857428,-0.00188906,0.000370554,0.000523349,7.77925e-05,0.075262,0.00256053,0.023175,-0.0151306,0.011909,0.0556696,14.7401,1,0.0226845,0.00500193,-0.00430083,0.999932,-0.0114607,0.000860045,-0.0018887,0.273092,0.0338924,-0.0130772,0.0751107,0.00267962,0.0237317,-0.0151381,0.0118115,0.149482
14.7401,0.999932,-0.0114542,0.000847161,-0.00189814,0.000237395,-0.00160718,-5.53649e-05,0.0752828,0.00242089,0.0234231,-0.01466,0.0113868,0.0532639,14.7601,1,-0.000783719,-0.0109914,-0.0168465,0.999932,-0.011453,0.000839121,-0.00189833,0.0856265,-0.0931692,-0.0844155,0.0751362,0.00253476,0.0239557,-0.0146674,0.0112893,0.147076
14.7601,0.999932,-0.0114601,0.00085909,-0.00189238,-0.000696417,0.000921532,0.00140936,0.0753376,0.00231338,0.0232736,-0.0141578,0.0110402,0.0519488,14.7801,1,0.00621862,0.0460773,0.011548,0.999932,-0.0114635,0.000863785,-0.00188539,0.140544,0.360764,0.0782364,0.075196,0.00242379,0.0237931,-0.0141653,0.0109427,0.145761
14.7801,0.999932,-0.0115142,0.000853328,-0.00190295,-0.0130807,-0.00107556,-0.00271891,0.0753637,0.00226257,0.023213,-0.0141501,0.0111861,0.0539698,14.8001,1,-0.00367891,0.00351232,0.00551181,0.999931,-0.0115796,0.000847918,-0.00191642,0.0625904,0.0207065,0.0417291,0.0752222,0.00237443,0.0237527,-0.0141576,0.0110881,0.147782
14.8001,0.99993,-0.011631,0.000848396,-0.00189557,0.0023656,0.00172068,0.000343774,0.075453,0.00213876,0.0230018,-0.014116,0.0122877,0.0485631,14.8201,1,0.0380426,0.0203739,0.0357569,0.99993,-0.0116192,0.000856996,-0.00189396,0.39667,0.153453,0.212331,0.0753118,0.00226164,0.0234875,-0.0141234,0.0121887,0.142375
14.8201,0.999931,-0.0115992,0.000833378,-0.00191508,0.000367574,-0.00080988,-0.00191994,0.0755792,0.00186269,0.0226071,-0.0132404,0.00754033,0.044459,14.8401,1,-0.0179421,0.0314653,0.0137547,0.999931,-0.0115974,0.000829214,-0.00192463,-0.0513767,0.243492,0.0896975,0.0754468,0.00193809,0.0230517,-0.0132477,0.00744164,0.138271
14.8401,0.99993,-0.0116082,0.000830543,-0.00191886,-0.00189611,-0.000410414,-0.000987829,0.0756067,0.0017993,0.0225092,-0.0132585,0.00720925,0.0435694,14.8601,1,-0.0402042,0.00593192,0.00461866,0.99993,-0.0116177,0.000828452,-0.00192377,-0.228945,0.0397672,0.036798,0.0754741,0.00187139,0.0229449,-0.0132658,0.00711048,0.137382
14.8602,0.99993,-0.0116062,0.000826998,-0.00193234,0.00169915,0.000921176,-0.000987823,0.0756547,0.00167013,0.0223178,-0.0132384,0.00639405,0.0419556,14.8802,1,0.0362425,0.0276855,0.0232461,0.999931,-0.0115977,0.00083153,-0.00193734,0.382066,0.213263,0.142943,0.0755223,0.00173408,0.0227373,-0.0132457,0.00629529,0.135768
14.8802,0.99993,-0.0116152,0.000823393,-0.00193834,-0.00216386,-0.00134355,0.000610037,0.0757665,0.00145722,0.0217537,-0.0128958,0.00631467,0.0396925,14.9002,1,0.000137957,-0.00668824,0.0385504,0.99993,-0.011626,0.000816732,-0.0019352,0.0938035,-0.0636643,0.226279,0.0756376,0.00152037,0.0221506,-0.012903,0.00621584,0.133505
14.9002,0.99993,-0.0116261,0.000846167,-0.00195502,-0.000565952,0.00331698,-0.00218627,0.0760192,0.000972179,0.0203527,-0.0121936,0.00581876,0.0336626,14.9202,1,-0.0342001,0.0142536,-0.0416075,0.99993,-0.0116289,0.000862629,-0.00196614,-0.180659,0.110597,-0.221289,0.0758973,0.00103037,0.0206893,-0.012201,0.00571984,0.127475
14.9202,0.99993,-0.0116254,0.000853025,-0.00195254,0.000499312,0.0019854,0.000610046,0.0760671,0.000880579,0.0200746,-0.0119629,0.00552411,0.0326586,14.9402,1,-0.0348125,0.00193058,-0.0085993,0.99993,-0.0116228,0.000862982,-0.00194961,-0.185509,0.00887976,-0.0372662,0.0759475,0.00093582,0.0204012,-0.0119704,0.00542519,0.126471
14.9402,0.99993,-0.011611,0.000849765,-0.00194848,0.0011651,-0.000411444,-0.000987851,0.0761608,0.000699588,0.0195245,-0.0116291,0.00496663,0.0308437,14.9602,1,0.00426681,0.0371939,0.00286666,0.99993,-0.0116052,0.000847639,-0.0019534,0.126356,0.290537,0.0293947,0.0760446,0.000749254,0.019833,-0.0116365,0.00486783,0.124656
14.9602,0.99993,-0.011627,0.000880319,-0.00196453,-0.00043211,0.0031837,0.00114236,0.0763851,0.000255513,0.0181677,-0.0106228,0.00358024,0.025866,14.9802,1,-0.0155426,0.0347702,-0.053995,0.99993,-0.0116292,0.000896307,-0.001959,-0.0316856,0.275893,-0.289186,0.0762789,0.000291315,0.0184263,-0.0106305,0.00348131,0.119678
14.9802,0.99993,-0.0116222,0.000880492,-0.00196114,-3.38424e-05,-0.000678719,0.000476547,0.0768825,-0.000575811,0.0151961,-0.00925351,0.00167675,0.0179237,15.0002,1,-0.00311761,0.0452185,-0.0456785,0.99993,-0.0116224,0.000877127,-0.00195872,0.0674585,0.358892,-0.241895,0.0767899,-0.000559044,0.0153754,-0.0092612,0.00157786,0.111736
15.0002,0.99993,-0.0116284,0.000880945,-0.00196071,-0.00123302,0.000385956,7.7069e-05,0.0769913,-0.000734997,0.0145793,-0.00894705,0.00143818,0.0163271,15.0202,1,-0.0562414,-0.014971,0.0644727,0.99993,-0.0116346,0.000882891,-0.00196035,-0.357444,-0.13366,0.370708,0.0769018,-0.000720616,0.0147425,-0.00895474,0.00133924,0.110139
15.0202,0.99993,-0.0116356,0.000878796,-0.00195813,-0.00149934,-0.000279824,0.000609706,0.0770991,-0.000892833,0.013962,-0.00875732,0.00112776,0.0147136,15.0402,1,-0.0293135,-0.0202905,-0.061322,0.99993,-0.0116431,0.000877447,-0.00195506,-0.140893,-0.164076,-0.333908,0.0770115,-0.000881555,0.0141092,-0.00876499,0.00102876,0.108526
15.0402,0.99993,-0.0116154,0.000846995,-0.00194161,0.00103067,-0.00414142,-0.000189247,0.0774238,-0.0013621,0.0121101,-0.00796308,0.000291114,0.0100227,15.0602,1,0.0138788,0.0244386,0.0284849,0.99993,-0.0116103,0.000826268,-0.00194232,0.203299,0.186293,0.172024,0.0773441,-0.00135918,0.0122104,-0.00797048,0.00019228,0.103835
15.0602,0.999931,-0.0116066,0.000827887,-0.00193991,0.000764352,-0.000279834,-0.00165398,0.0779436,-0.00213026,0.00901322,-0.00674962,-0.00116028,0.00270574,15.0802,1,-0.0581432,0.00293774,0.0558067,0.99993,-0.0116027,0.000826385,-0.00194816,-0.372978,0.0108146,0.323245,0.0778761,-0.00214186,0.00904028,-0.00675686,-0.00125904,0.0965181
15.0802,0.999931,-0.0115953,0.000811745,-0.00194267,0.000498029,-0.000812466,0.00047654,0.0781687,-0.00245234,0.00764995,-0.00632362,-0.00137429,-0.000230025,15.1002,1,0.0142999,-0.0123638,-0.0229629,0.999931,-0.0115928,0.000807706,-0.00194024,0.207453,-0.103042,-0.118447,0.0781054,-0.00246608,0.00764765,-0.00633072,-0.00147295,0.0935823
15.1002,0.999931,-0.0115947,0.000815387,-0.00192854,0.00129647,0.000785053,0.00127549,0.0784159,-0.00279744,0.00616692,-0.00571314,-0.0022089,-0.00314994,15.1202,1,0.0363836,-0.0233096,-0.0119793,0.999931,-0.0115883,0.000819374,-0.00192221,0.384151,-0.191308,-0.0576379,0.0783587,-0.00281953,0.00613542,-0.00572026,-0.00230756,0.0906624
15.1202,0.999931,-0.0115808,0.000826727,-0.00194141,0.00249472,0.000651448,-0.000454313,0.0786598,-0.00313927,0.00468409,-0.00526069,-0.00258168,-0.00602712,15.1402,1,-0.0208542,0.0138342,-0.0189437,0.999931,-0.0115683,0.000829934,-0.00194373,-0.0743109,0.105487,-0.0944102,0.0786072,-0.00316509,0.00462382,-0.00526792,-0.00268022,0.0877852
15.1402,0.999931,-0.0115913,0.000821739,-0.00193378,0.000231036,-0.00147907,0.00114359,0.0792485,-0.00396849,0.000999049,-0.00449561,-0.00378902,-0.012364,15.1602,1,0.00911811,-0.0584783,0.0559435,0.999931,-0.0115901,0.000814409,-0.00192798,0.165899,-0.479393,0.320301,0.0792035,-0.00400638,0.000875409,-0.00450279,-0.00388765,0.0814483
15.1602,0.999931,-0.011567,0.000794167,-0.00195102,0.00116315,-0.00214486,-0.000853788,0.0798021,-0.00476452,-0.00258403,-0.00395611,-0.00491675,-0.0183029,15.1802,1,-0.0130546,-0.00495377,0.04439,0.999931,-0.0115612,0.000783383,-0.00195517,-0.0121983,-0.0502853,0.259102,0.0797626,-0.00481369,-0.00276706,-0.00396306,-0.00501518,0.0755095
15.1802,0.999931,-0.0115645,0.000784992,-0.00195517,0.000763639,-0.0021449,-0.0011201,0.0799104,-0.00490781,-0.00324655,-0.00375424,-0.00511793,-0.0195892,15.2002,1,-0.0236816,0.016016,0.0831144,0.999931,-0.0115607,0.000774196,-0.00196065,-0.0980545,0.113804,0.477248,0.0798728,-0.00495898,-0.00344244,-0.00376111,-0.00521634,0.0742231
15.2002,0.999931,-0.0115562,0.000794994,-0.00195848,0.00116312,0.00211616,0.000344641,0.0801222,-0.00519413,-0.00456507,-0.00353174,-0.00566922,-0.0214701,15.2202,1,-0.00187522,-0.00256551,0.0406112,0.999931,-0.0115504,0.000805583,-0.00195689,0.0771541,-0.0306613,0.238191,0.0800869,-0.00525082,-0.00477977,-0.0035387,-0.00576755,0.0723422
15.2202,0.999931,-0.0115493,0.000791581,-0.00196787,-0.00176668,0.00091747,-0.000454298,0.0808412,-0.0061415,-0.00908309,-0.00269985,-0.00632787,-0.0281241,15.2402,1,-0.019227,0.0170521,0.0884798,0.999931,-0.0115581,0.000796159,-0.00197019,-0.0626329,0.121624,0.507443,0.0808142,-0.00620478,-0.00936433,-0.00270678,-0.00642614,0.0656882
15.2402,0.999929,-0.0117213,0.000797932,-0.00198162,-0.0319936,0.00118374,-0.000321205,0.0812967,-0.0067321,-0.0120011,-0.00220937,-0.00473906,-0.0297516,15.2602,1,-0.0108912,-0.0389869,0.0604874,0.999927,-0.0118812,0.000804149,-0.00198316,0.0066306,-0.324084,0.347165,0.0812746,-0.00677949,-0.0122986,-0.00221636,-0.0048388,0.0640607
15.2602,0.999929,-0.0117063,0.000802743,-0.00198919,0.00382548,0.00131716,-0.0019194,0.0814068,-0.00685464,-0.0127262,-0.00198247,-0.00378549,-0.0331999,15.2802,1,-0.030505,-0.010006,-0.0206612,0.999929,-0.0116872,0.000809178,-0.00199888,-0.150148,-0.0850101,-0.105356,0.081387,-0.00689249,-0.0130582,-0.0019895,-0.0038851,0.0606124
15.2802,0.999929,-0.0116908,0.000803441,-0.00198554,0.00395863,0.000251891,0.000876915,0.0815161,-0.00697051,-0.013452,-0.00183587,-0.00376132,-0.0340382,15.3002,1,-0.00349835,0.00167255,0.012573,0.99993,-0.011671,0.000804712,-0.00198119,0.0654264,0.00572099,0.0816158,0.0814977,-0.00700812,-0.0137924,-0.0018429,-0.0038608,0.0597742
15.3002,0.99993,-0.0116446,0.000827284,-0.0019643,0.0024939,0.00224927,-0.000854141,0.0819447,-0.00747413,-0.0163886,-0.00208672,-0.00750835,-0.0377751,15.3202,1,-0.041105,-0.00110323,0.0538568,0.99993,-0.0116321,0.000838455,-0.00196871,-0.236214,-0.0210914,0.312289,0.0819239,-0.00754921,-0.0167664,-0.00209395,-0.00760743,0.0560372
15.3202,0.99993,-0.0116581,0.000829017,-0.00193268,-0.00150096,0.00278177,0.000743768,0.0826028,-0.00840963,-0.0209964,-0.00122676,-0.0111656,-0.0439731,15.3402,1,-0.0278116,0.0234088,-0.0265189,0.99993,-0.0116656,0.000842982,-0.00192912,-0.129493,0.182675,-0.136284,0.0825905,-0.00852128,-0.0214362,-0.00123401,-0.0112648,0.0498392
15.3402,0.99993,-0.011659,0.000821819,-0.00193374,-0.000169376,-0.0017456,-0.000321496,0.0827039,-0.00855152,-0.0216492,-0.00138701,-0.0114329,-0.0447257,15.3602,1,0.034445,0.012033,-0.017356,0.99993,-0.0116598,0.000813074,-0.00193524,0.368664,0.09184,-0.0854224,0.08269,-0.00866585,-0.0220964,-0.0013942,-0.0115321,0.0490866
15.3602,0.99993,-0.0116496,0.000809558,-0.00193536,0.00182784,-0.00201197,-0.00125361,0.0828969,-0.00882747,-0.0229422,-0.00132657,-0.0111997,-0.0457367,15.3802,1,-0.00143799,-0.0427249,0.0727917,0.99993,-0.0116405,0.000799409,-0.00194152,0.081551,-0.355035,0.415611,0.0828836,-0.00893946,-0.0233996,-0.00133365,-0.0112988,0.0480756
15.3802,0.99993,-0.0116574,0.000794494,-0.00192941,-0.00190061,-0.00374302,0.00140955,0.082991,-0.00896086,-0.0235799,-0.00128123,-0.0109974,-0.0462431,15.4002,1,-0.0485673,0.0333703,0.0205771,0.99993,-0.0116669,0.000775881,-0.00192213,-0.29608,0.257932,0.127969,0.0829782,-0.00907083,-0.0240423,-0.00128818,-0.0110966,0.0475693
15.4002,0.99993,-0.0116651,0.000801132,-0.00193853,-3.64195e-05,0.000384796,-0.0015199,0.0835548,-0.00972691,-0.0275174,-0.0011413,-0.0105342,-0.0501699,15.4202,1,0.00473343,-0.00756865,-0.0213316,0.99993,-0.0116653,0.000802968,-0.00194615,0.131415,-0.0648882,-0.109069,0.0835434,-0.00983225,-0.0280191,-0.00114831,-0.0106334,0.0436425
15.4202,0.999929,-0.0116862,0.000809289,-0.0019719,-0.00176748,-0.000946779,-0.00218569,0.0838161,-0.0100812,-0.0294892,-0.00116456,-0.0109208,-0.0518401,15.4402,1,-0.022875,-0.00194211,-0.00813529,0.999929,-0.011695,0.000804445,-0.00198277,-0.0894419,-0.0216085,-0.0347458,0.0838044,-0.0101904,-0.0300076,-0.00117165,-0.0110202,0.0419723
15.4402,0.999929,-0.0116933,0.000811317,-0.00196716,-0.00176719,0.000517878,0.00114382,0.0839,-0.0101994,-0.0301352,-0.00088468,-0.0112402,-0.0520926,15.4602,1,0.0169147,0.0592593,-0.020582,0.999929,-0.0117022,0.00081399,-0.00196146,0.227858,0.469755,-0.100301,0.0838912,-0.0103118,-0.0306561,-0.00089178,-0.0113397,0.0417198
15.4602,0.99993,-0.0116767,0.000815829,-0.00196091,0.00355914,0.000917347,-0.000720385,0.0840658,-0.0104381,-0.0314118,-0.000695076,-0.0121197,-0.0531391,15.4802,1,0.0512204,0.0145112,0.0324847,0.99993,-0.0116589,0.000820339,-0.00196458,0.502527,0.107336,0.194044,0.0840588,-0.0105593,-0.0319432,-0.000702214,-0.0122191,0.0406732
15.4802,0.99993,-0.0116808,0.000847989,-0.00195139,0.000496476,0.00144996,-0.00231828,0.0846455,-0.0113077,-0.0358577,0.000129736,-0.0134844,-0.0569415,15.5002,1,0.0553124,-0.00693827,0.0232565,0.99993,-0.0116783,0.000855098,-0.00196306,0.535695,-0.0635835,0.140944,0.0846468,-0.0114425,-0.0364271,0.000122326,-0.0135838,0.0368708
15.5002,0.99993,-0.0116625,0.000846508,-0.00196318,0.00196121,-0.000281104,0.000344887,0.0848071,-0.01155,-0.0371024,0.000547363,-0.0132787,-0.0577478,15.5202,1,0.00136831,0.0157809,0.0514327,0.99993,-0.0116527,0.000845104,-0.00196144,0.103515,0.114699,0.300018,0.0848126,-0.0116828,-0.0376799,0.000539964,-0.0133779,0.0360646
15.5202,0.99993,-0.0116632,0.000852234,-0.00196488,-0.000169313,0.00144995,-0.000454063,0.0848858,-0.0116687,-0.0377185,0.000497324,-0.0134514,-0.0581878,15.5402,1,-0.0042948,0.0412109,-0.0305632,0.99993,-0.0116641,0.000859459,-0.00196724,0.0583866,0.325639,-0.157482,0.0848908,-0.0118032,-0.0383004,0.000489877,-0.0135507,0.0356246
15.5402,0.99993,-0.0116575,0.00084891,-0.00196543,0.00142858,-0.000813733,-0.000187746,0.0849622,-0.0117659,-0.038212,0.000829912,-0.0135016,-0.0584636,15.5602,1,-0.0321938,0.00481401,0.0809321,0.99993,-0.0116504,0.000844816,-0.00196632,-0.165253,0.02369,0.464313,0.0849705,-0.011901,-0.0387966,0.000822493,-0.0136008,0.0353488
15.5602,0.99993,-0.01162,0.000875692,-0.00197753,0.00182778,0.0010504,-0.00098667,0.0854444,-0.0123771,-0.0412074,0.00117443,-0.0141838,-0.0604099,15.5802,1,-0.00261071,-0.0156514,0.0367142,0.99993,-0.0116108,0.000880868,-0.00198254,0.0719914,-0.135656,0.215619,0.0854561,-0.0125189,-0.0418115,0.00116678,-0.0142827,0.0334024
15.5802,0.99993,-0.0116049,0.000910537,-0.00195782,0.00116199,0.00278145,0.00114386,0.08581,-0.0128488,-0.0436223,0.00176169,-0.0139354,-0.0621266,15.6002,1,0.0120172,-0.00261348,0.00895785,0.99993,-0.0115991,0.000924498,-0.00195227,0.188935,-0.0288332,0.0610144,0.0858276,-0.0129882,-0.0442436,0.00175374,-0.0140342,0.0316858
15.6002,0.99993,-0.0115992,0.000909452,-0.00194987,0.00142858,-0.00028132,0.00194269,0.0858822,-0.0129409,-0.044101,0.00200954,-0.014146,-0.0625227,15.6202,1,-0.0555532,0.000931377,0.0283578,0.999931,-0.0115921,0.000908145,-0.00194015,-0.352002,-0.00330896,0.169468,0.0859023,-0.0130823,-0.0447262,0.0020016,-0.0142447,0.0312896
15.6202,0.99993,-0.0116005,0.000913097,-0.0019489,-0.000302482,0.000917101,0.000211634,0.0859534,-0.013034,-0.0445782,0.00195403,-0.0143457,-0.0629286,15.6402,1,0.0183844,0.0206076,0.0652033,0.99993,-0.011602,0.000917697,-0.0019479,0.238838,0.151799,0.377432,0.085973,-0.0131774,-0.0452075,0.00194607,-0.0144444,0.0308838
15.6402,0.99993,-0.0116255,0.000938785,-0.00196429,-0.00269932,0.00304763,-0.00151942,0.0861605,-0.0133142,-0.0460004,0.00232701,-0.0146453,-0.0639841,15.6602,1,-0.0102338,0.0104307,0.0947251,0.99993,-0.011639,0.00095396,-0.00197205,0.00983598,0.0669934,0.541998,0.0861838,-0.0134607,-0.0466402,0.00231883,-0.0147442,0.0298283
15.6602,0.99993,-0.0116079,0.000940718,-0.00200017,0.00209435,-0.00187922,-0.00444889,0.0863924,-0.0135986,-0.0473425,0.00267853,-0.015037,-0.0649412,15.6802,1,0.00459566,0.0272703,-0.0221978,0.99993,-0.0115975,0.000931044,-0.00202232,0.129299,0.212761,-0.111308,0.0864192,-0.0137489,-0.0479919,0.00267032,-0.0151358,0.0288712
15.6802,0.999931,-0.011582,0.000954502,-0.00201657,0.00222752,0.00251499,0.000211646,0.086688,-0.0139878,-0.0491199,0.00303788,-0.0158875,-0.0664905,15.7002,1,-0.00342052,0.020498,0.0587825,0.999931,-0.0115708,0.000967066,-0.00201567,0.0643338,0.15085,0.341741,0.0867184,-0.0141467,-0.0497848,0.00302956,-0.0159861,0.0273218
15.7002,0.99993,-0.0115773,0.000961287,-0.00202045,0.00116225,0.00171605,-0.000986771,0.0867611,-0.0140864,-0.0495649,0.00332265,-0.0159655,-0.0670611,15.7202,1,-0.00860743,-0.041239,0.0349685,0.999931,-0.0115715,0.000969798,-0.00202549,0.0240229,-0.340946,0.204388,0.0867943,-0.0142461,-0.0502355,0.00331427,-0.016064,0.0267512
15.7202,0.99993,-0.0115955,0.000948773,-0.00202319,-0.00403123,-0.00121353,-0.000720455,0.0869612,-0.0143308,-0.0506739,0.00278881,-0.0159586,-0.0677698,15.7402,1,0.00926592,-0.00482963,0.0326854,0.99993,-0.0116157,0.000942705,-0.0020267,0.166662,-0.0491021,0.194084,0.0869891,-0.0144904,-0.0513516,0.00278054,-0.0160572,0.0260426
15.7402,0.99993,-0.0116198,0.000942499,-0.00201238,-0.0116212,-1.51568e-05,0.00167641,0.0873399,-0.0147186,-0.0525464,0.00364896,-0.014609,-0.0653867,15.7602,1,-0.0336522,0.0172022,-0.0223662,0.999929,-0.0116779,0.000942637,-0.00200394,-0.176438,0.131612,-0.113042,0.0873764,-0.0148647,-0.0532002,0.00364074,-0.0147078,0.0284256
15.7602,0.999928,-0.0117607,0.000927228,-0.00201321,-0.0351902,-0.00387665,-0.000320858,0.0874033,-0.0147673,-0.0528195,0.00362068,-0.0125058,-0.065497,15.7802,1,-0.00935081,0.0229097,0.0255355,0.999926,-0.0119367,0.000908181,-0.00201443,0.0186666,0.173298,0.155716,0.0874395,-0.0148924,-0.0534745,0.00361259,-0.0126059,0.0283154
15.7802,0.999929,-0.0117356,0.000914831,-0.00200528,0.00209403,-0.00134668,-5.46585e-05,0.0875261,-0.0148343,-0.0534192,0.00365317,-0.0114397,-0.0678914,15.8002,1,-0.00241508,0.0215089,0.0904035,0.999929,-0.0117252,0.000908074,-0.00200548,0.0731524,0.156246,0.518806,0.0875626,-0.0149487,-0.0540981,0.00364518,-0.0115396,0.0259209
15.8002,0.999929,-0.0117044,0.000913925,-0.00201779,-0.000170107,0.00158204,-0.000586823,0.0878175,-0.0150542,-0.0549292,0.00371069,-0.0149151,-0.0683385,15.8202,1,0.0173517,0.00103173,0.0583826,0.999929,-0.0117052,0.000921802,-0.00202081,0.231822,-0.00423116,0.338355,0.0878546,-0.0152033,-0.0556126,0.00370271,-0.0150147,0.0254738
15.8202,0.999929,-0.0117147,0.000902466,-0.00200761,0.000229351,-0.000415334,0.00154373,0.0879888,-0.0152221,-0.0557055,0.00375153,-0.0167125,-0.0686589,15.8402,1,0.0210863,-0.0156704,0.0157014,0.999929,-0.0117135,0.000900477,-0.00199987,0.262491,-0.133704,0.0982374,0.0880263,-0.0153893,-0.056392,0.00374365,-0.0168121,0.0251534
15.8402,0.999929,-0.0117117,0.000887137,-0.0020075,0.000628825,-0.00201323,-0.000719957,0.0881491,-0.0154047,-0.0564515,0.00370906,-0.0166691,-0.0687798,15.8602,1,0.0156719,0.0348125,0.0198513,0.999929,-0.0117086,0.000877023,-0.00201098,0.218273,0.269781,0.124752,0.0881862,-0.0155714,-0.0571393,0.00370131,-0.0167688,0.0250325
15.8602,0.999929,-0.0117125,0.000890317,-0.0019974,-0.000170148,0.000783085,0.00247586,0.0882033,-0.0154588,-0.0566748,0.00384098,-0.0165081,-0.0687733,15.8802,1,0.0637335,0.0221642,0.00313035,0.999929,-0.0117133,0.000894379,-0.00198506,0.602941,0.17092,0.0304601,0.0882417,-0.0156239,-0.0573625,0.00383321,-0.0166078,0.025039
15.8802,0.999929,-0.0117117,0.000887994,-0.00200215,0.000229335,-0.000548495,-0.00125257,0.0882548,-0.0155119,-0.0569002,0.00338739,-0.0163976,-0.0689216,15.9002,1,0.00013743,0.00561773,-0.0381995,0.999929,-0.0117105,0.000885176,-0.00200838,0.0949041,0.0414213,-0.20233,0.0882887,-0.0156759,-0.0575894,0.00337963,-0.0164973,0.0248908
15.9002,0.999929,-0.0117393,0.000892932,-0.00201064,-0.000836185,0.00144876,0.00300849,0.0884995,-0.0157385,-0.0579661,0.00311743,-0.0149621,-0.0680584,15.9202,1,0.000970711,-0.00627308,-0.015624,0.999929,-0.0117435,0.00090036,-0.00199568,0.101879,-0.0558405,-0.0766376,0.0885307,-0.0158882,-0.0586467,0.00310963,-0.015062,0.025754
15.9202,0.999929,-0.0117208,0.000875798,-0.0020078,0.000894866,-0.000948083,-0.00045362,0.0886384,-0.0158525,-0.058567,0.00362714,-0.0153368,-0.067982,15.9402,1,-0.00767232,0.0371782,0.044005,0.999929,-0.0117163,0.000871022,-0.00201001,0.0313282,0.286161,0.260038,0.0886746,-0.0160058,-0.0592468,0.00361949,-0.0154365,0.0258303
15.9402,0.999929,-0.0117288,0.000877281,-0.00199339,-3.72588e-05,0.000250339,0.00220956,0.0887168,-0.0159048,-0.0588191,0.00413584,-0.0154251,-0.0675132,15.9602,1,0.021465,-0.00234529,-0.0270354,0.999929,-0.011729,0.000878663,-0.00198236,0.265709,-0.0228959,-0.14028,0.0887581,-0.0160591,-0.0594942,0.00412817,-0.0155249,0.0262991
15.9602,0.999929,-0.0117258,0.000885119,-0.00199498,0.000762282,0.00198164,-0.000452781,0.0887566,-0.0159321,-0.0589489,0.00414683,-0.0153489,-0.0674766,15.9802,1,-0.0439241,0.0200286,0.0277021,0.999929,-0.011722,0.000894992,-0.00199736,-0.258222,0.149848,0.167372,0.088798,-0.0160856,-0.0596236,0.0041391,-0.0154486,0.0263357
15.9802,0.999929,-0.0117069,0.000842797,-0.00200568,0.000362788,-0.000947832,0.000213033,0.0889565,-0.0160671,-0.0595315,0.00423146,-0.0155582,-0.0672736,16.0002,1,0.00168923,0.0392478,0.0251769,0.999929,-0.0117051,0.000838067,-0.00200456,0.106266,0.304895,0.154781,0.0889988,-0.0162227,-0.0602043,0.00422409,-0.0156578,0.0265388
16.0002,0.999929,-0.0116874,0.000862715,-0.00201811,0.00142806,0.0021148,0.00127829,0.0891683,-0.0162547,-0.0602437,0.00424419,-0.0159844,-0.0664781,16.0202,1,-0.0112027,0.000120698,0.0721511,0.999929,-0.0116803,0.000873348,-0.00201185,0.00313493,-0.0128447,0.415243,0.0892107,-0.0164146,-0.0609085,0.00423665,-0.0160838,0.0273343
16.0202,0.999929,-0.0116884,0.000868303,-0.00202388,-0.00030299,0.00184848,-0.0035154,0.0892357,-0.0163236,-0.0605029,0.00413876,-0.0157701,-0.066374,16.0402,1,-0.00836718,0.0123144,0.00462699,0.999929,-0.0116899,0.000877342,-0.00204157,0.0263316,0.0909943,0.038007,0.0892771,-0.0164813,-0.0611667,0.00413117,-0.0158695,0.0274384
16.0402,0.999929,-0.0116881,0.000879852,-0.00202981,9.64792e-05,0.00291375,-0.00151803,0.0892673,-0.0163587,-0.0606387,0.00406104,-0.0158912,-0.066354,16.0602,1,-0.0307213,0.000994963,0.0543847,0.999929,-0.0116876,0.00089433,-0.00203757,-0.15283,-0.00465,0.315791,0.0893079,-0.0165176,-0.0613022,0.00405335,-0.0159907,0.0274584
16.0602,0.99993,-0.0116554,0.000915403,-0.00202768,0.0016941,0.00158209,0.00207727,0.0894335,-0.016491,-0.0609527,0.00422506,-0.0165622,-0.0649376,16.0802,1,-0.0299835,0.00343101,-0.00177071,0.99993,-0.0116469,0.000923416,-0.00201739,-0.146694,0.019805,0.00150475,0.0894758,-0.0166566,-0.0616021,0.00421707,-0.0166614,0.0288747
16.0802,0.99993,-0.0116605,0.000954615,-0.00201078,-0.00150169,0.000516831,0.00127832,0.0895272,-0.0165866,-0.0610742,0.00386064,-0.0169437,-0.0640399,16.1002,1,0.00250258,0.016635,0.0581549,0.999929,-0.011668,0.000957288,-0.00200441,0.112421,0.120063,0.337984,0.0895658,-0.0167561,-0.0617146,0.00385232,-0.0170429,0.0297724
16.1002,0.999929,-0.0116688,0.000956754,-0.00200543,-0.00203435,0.000517295,0.00127823,0.0895482,-0.0166147,-0.0611154,0.00370482,-0.0169917,-0.0638049,16.1202,1,0.0459278,-0.00706887,0.0628735,0.999929,-0.0116789,0.000959435,-0.00199905,0.460093,-0.06931,0.363047,0.0895852,-0.0167847,-0.0617534,0.00369648,-0.017091,0.0300074
16.1202,0.999929,-0.0116884,0.000954012,-0.00200372,-0.00349909,-0.0010806,0.000479278,0.0895875,-0.0166743,-0.0612102,0.00385741,-0.0169023,-0.063526,16.1402,1,-0.00489125,-0.0100788,0.0367665,0.999929,-0.0117059,0.000948673,-0.00200124,0.0541922,-0.0917675,0.216405,0.0896261,-0.0168433,-0.0618455,0.00384909,-0.0170018,0.0302863
16.1402,0.999929,-0.0116825,0.00094075,-0.00201104,0.00156092,0.000250987,-0.00191756,0.0897091,-0.0168839,-0.0616039,0.00402486,-0.0174253,-0.0630484,16.1602,1,-0.0477652,0.0127284,-0.00349217,0.999929,-0.0116747,0.000941877,-0.00202065,-0.288928,0.0938611,-0.0077257,0.0897494,-0.0170581,-0.0622344,0.00401665,-0.0175247,0.0307639
16.1602,0.99993,-0.011664,0.000935592,-0.0020239,0.00169407,-0.000814285,0.000346127,0.0897657,-0.0170161,-0.0618714,0.00384895,-0.0176878,-0.0634172,16.1802,1,0.0176548,-0.0173402,-0.028201,0.99993,-0.0116556,0.000931524,-0.00202213,0.234967,-0.143274,-0.147629,0.0898042,-0.017193,-0.0625056,0.00384078,-0.0177871,0.0303952
16.1802,0.99993,-0.0116547,0.000938092,-0.00203144,0.00235986,0.000650463,-0.00191757,0.0897833,-0.017062,-0.0619725,0.00395447,-0.0175171,-0.0634313,16.2002,1,-0.0806868,0.013502,0.0124856,0.99993,-0.0116429,0.000941209,-0.00204108,-0.552844,0.0980543,0.0817086,0.0898229,-0.0172371,-0.0626068,0.00394629,-0.0176163,0.030381
16.2002,0.99993,-0.011654,0.000954912,-0.00204136,0.00102829,0.00251467,-0.0017844,0.0898199,-0.0171548,-0.0621891,0.00392729,-0.0174716,-0.0632674,16.2202,1,-0.0183181,-0.0230723,0.0616891,0.99993,-0.0116489,0.00096737,-0.00205043,-0.0536151,-0.198237,0.355236,0.0898592,-0.0173296,-0.0628218,0.00391896,-0.0175708,0.030545
16.2202,0.99993,-0.0116524,0.000954821,-0.00203992,0.000628811,-0.000681122,0.000479283,0.0898559,-0.0172517,-0.0624219,0.0040354,-0.0175535,-0.063181,16.2402,1,-0.0151509,0.038121,-0.0560854,0.99993,-0.0116492,0.000951437,-0.00203748,-0.028399,0.302307,-0.300253,0.0898962,-0.0174273,-0.0630537,0.00402707,-0.0176527,0.0306313
16.2402,0.999927,-0.0118559,0.000952128,-0.00204327,0.00302537,-0.000814372,-0.00151805,0.0899123,-0.0172756,-0.0621828,0.00321069,-0.0138372,-0.0613716,16.2602,1,-0.0100617,-0.00190935,0.0319601,0.999927,-0.0118408,0.000947936,-0.00205082,0.0140935,-0.0260822,0.190219,0.0899444,-0.0174139,-0.0627965,0.00320238,-0.0139381,0.0324408
16.2602,0.999928,-0.011833,0.000953106,-0.00203492,0.00249273,-1.54094e-05,0.000745629,0.0899213,-0.017252,-0.0621333,0.00327883,-0.0143163,-0.0610994,16.2802,1,-0.0333186,0.00800425,-0.0395799,0.999928,-0.0118205,0.000953048,-0.00203121,-0.171824,0.0596193,-0.209899,0.089954,-0.0173951,-0.0627443,0.00327051,-0.014417,0.032713
16.2802,0.999928,-0.0118215,0.00095567,-0.00203132,0.00289203,0.000649615,0.000878728,0.0899258,-0.0172479,-0.0621173,0.00333566,-0.0148599,-0.0607154,16.3002,1,-0.0137704,0.00756661,0.0284032,0.999928,-0.0118071,0.00095894,-0.00202698,-0.0159728,0.0499772,0.170843,0.0899592,-0.0173965,-0.0627245,0.00332732,-0.0149605,0.033097
16.3002,0.999928,-0.0118045,0.000963324,-0.00201637,0.000362023,0.00104909,0.00101189,0.0899429,-0.0172764,-0.0620234,0.00330164,-0.0169731,-0.0599747,16.3202,1,-0.0250056,0.00275272,-0.00615869,0.999928,-0.0118027,0.000968625,-0.00201138,-0.105623,0.0144944,-0.0231512,0.0899759,-0.0174461,-0.0626232,0.00329324,-0.0170735,0.0338376
16.3202,0.999928,-0.0118365,0.000995382,-0.00199751,-0.00136908,0.00158173,7.97978e-05,0.0899875,-0.0173977,-0.0617145,0.00342946,-0.0174826,-0.0595821,16.3402,1,0.0089874,0.0359749,-0.00659914,0.999927,-0.0118433,0.00100331,-0.0019972,0.165996,0.280589,-0.0233397,0.0900218,-0.0175726,-0.0623103,0.00342079,-0.0175833,0.0342302
16.3402,0.999928,-0.0118362,0.000983504,-0.00200066,9.56516e-05,-0.00294565,-0.000852309,0.0899949,-0.0174218,-0.0616877,0.00350294,-0.0173144,-0.0593321,16.3602,1,0.00729453,0.00988463,0.0160148,0.999927,-0.0118358,0.000968726,-0.00200475,0.152738,0.0698052,0.101573,0.09003,-0.0175949,-0.062281,0.00349437,-0.0174151,0.0344803
16.3602,0.999928,-0.011837,0.000980758,-0.00199753,-0.000170657,-0.000681958,0.00074559,0.0900026,-0.0174464,-0.0616668,0.00347193,-0.01719,-0.0592352,16.3802,1,0.00829038,-0.0360486,-0.0406989,0.999927,-0.0118379,0.000977395,-0.00199376,0.161767,-0.292215,-0.219072,0.0900373,-0.0176183,-0.0622591,0.00346338,-0.0172908,0.0345772
16.3802,0.999928,-0.0118091,0.000993411,-0.00199649,0.00129401,-0.0018804,0.000479294,0.0900264,-0.0174823,-0.0613187,0.003354,-0.015521,-0.0577963,16.4002,1,-0.0172197,-0.0145276,-0.0162243,0.999928,-0.0118026,0.000984025,-0.00199399,-0.0429505,-0.122899,-0.0807302,0.09006,-0.0176375,-0.0618966,0.00334535,-0.0156215,0.0360161
16.4002,0.999928,-0.0117828,0.000994966,-0.00198566,0.00182657,-0.00121463,-5.33266e-05,0.0900477,-0.0174289,-0.0607362,0.00365351,-0.015115,-0.0563894,16.4202,1,0.0191816,-0.0416253,-0.00649376,0.999928,-0.0117737,0.000988872,-0.00198587,0.248316,-0.340012,-0.0278943,0.0900842,-0.01758,-0.0613001,0.00364484,-0.0152153,0.037423
16.4202,0.999928,-0.0117722,0.000986638,-0.00199104,0.00116078,-0.00201358,0.000212987,0.0900581,-0.0174203,-0.0605518,0.00378893,-0.015132,-0.0560003,16.4402,1,-0.0263145,0.0439813,-0.0381606,0.999928,-0.0117664,0.000976572,-0.00198986,-0.116915,0.347123,-0.199803,0.090096,-0.0175716,-0.0611118,0.00378033,-0.0152321,0.0378121
16.4402,0.999928,-0.0117724,0.000991827,-0.00199221,-3.67734e-05,0.00131528,-0.000319332,0.0900649,-0.0174181,-0.0604695,0.00388636,-0.0150572,-0.0557924,16.4602,1,-0.00894099,-0.00644678,0.0353887,0.999928,-0.0117726,0.000998384,-0.00199388,0.0224135,-0.0629751,0.208837,0.0901038,-0.0175686,-0.0610274,0.00387772,-0.0151574,0.03802
16.4602,0.999928,-0.011778,0.000986165,-0.0019806,0.000362699,0.00171475,0.00101225,0.0901002,-0.0174284,-0.0602006,0.00422805,-0.0150159,-0.0546379,16.4802,1,0.00585958,-0.0127543,-0.0224447,0.999928,-0.0117762,0.000994794,-0.00197564,0.141443,-0.107706,-0.115403,0.0901425,-0.0175785,-0.060747,0.00421946,-0.0151161,0.0391745
16.4802,0.999929,-0.0117391,0.00100471,-0.00197829,0.00289263,0.000915808,0.000346483,0.0901524,-0.0173601,-0.0596228,0.00382918,-0.0146277,-0.0532874,16.5002,1,0.012513,-0.00747321,-0.0343994,0.999929,-0.0117246,0.00100928,-0.00197662,0.194339,-0.064385,-0.181973,0.0901907,-0.0175064,-0.0601556,0.00382044,-0.0147276,0.040525
16.5002,0.999929,-0.011726,0.00100026,-0.00198253,0.0032921,-0.00108158,-0.00111827,0.0901617,-0.0173516,-0.0595272,0.0039417,-0.0148361,-0.0530894,16.5202,1,-0.000182281,0.0149432,0.0137797,0.999929,-0.0117095,0.000994758,-0.00198807,0.0919829,0.110241,0.0892406,0.0902011,-0.0175,-0.0600581,0.00393299,-0.0149358,0.0407229
16.5202,0.999929,-0.0117253,0.00101556,-0.00197636,-0.000170003,0.00118211,0.00101227,0.0901797,-0.0173408,-0.0593557,0.00388888,-0.014638,-0.0526244,16.5402,1,0.0591312,0.0292799,-0.0401973,0.999929,-0.0117261,0.00102154,-0.00197137,0.566401,0.230828,-0.211795,0.0902186,-0.0174872,-0.059882,0.00388004,-0.0147377,0.041188
16.5402,0.999929,-0.0117141,0.00103347,-0.00198477,0.000495721,0.00504368,0.00101229,0.0902406,-0.0172855,-0.0588522,0.00420217,-0.0140222,-0.051704,16.5602,1,-0.0203908,-0.00636052,-0.0804293,0.999929,-0.0117116,0.00105874,-0.00198,-0.0689607,-0.0519061,-0.439831,0.0902826,-0.0174257,-0.0593693,0.00419317,-0.0141219,0.0421083
16.5602,0.999929,-0.0117048,0.00104023,-0.00200723,0.00196046,0.00291313,-0.000718753,0.0902667,-0.0171541,-0.0582421,0.00385657,-0.0135035,-0.0506086,16.5802,1,-0.0123501,-0.0165613,-0.012095,0.999929,-0.011695,0.00105474,-0.00201101,-0.00481563,-0.139866,-0.0576475,0.0903053,-0.0172892,-0.0587482,0.00384752,-0.0136031,0.0432038
16.5802,0.999929,-0.0117004,0.00103894,-0.00200884,-0.00110218,0.000116821,-0.00125139,0.0902816,-0.0170973,-0.057979,0.00411491,-0.0134284,-0.0500963,16.6002,1,-0.0164285,0.00800344,-0.0255777,0.999929,-0.0117059,0.00103946,-0.0020151,-0.0377775,0.0578457,-0.131552,0.0903227,-0.0172316,-0.05848,0.00410587,-0.0135279,0.0437161
16.6002,0.999929,-0.0116974,0.00104202,-0.00200894,0.000761746,0.000782428,-5.33167e-05,0.0902899,-0.0170717,-0.0578581,0.00417485,-0.0133007,-0.0498305,16.6202,1,-0.0261001,0.00868761,-0.0107582,0.999929,-0.0116936,0.00104592,-0.00200926,-0.115298,0.0617507,-0.0485795,0.0903317,-0.0172047,-0.0583564,0.00416578,-0.0134002,0.0439818
16.6202,0.999929,-0.011674,0.00103898,-0.0019912,-0.000569833,0.00291296,0.000479314,0.090343,-0.0169583,-0.0573585,0.00433759,-0.0127933,-0.0485829,16.6402,1,-0.0139671,0.0087986,-0.0037067,0.999929,-0.0116768,0.00105357,-0.00198897,-0.0184602,0.0621969,-0.00911303,0.0903864,-0.0170863,-0.0578443,0.00432855,-0.0128926,0.0452295
16.6402,0.999929,-0.0116873,0.00103583,-0.00198992,9.59051e-05,0.000249783,0.00101197,0.0903961,-0.0167907,-0.0567223,0.00425299,-0.012591,-0.0479696,16.6602,1,0.0418294,0.0314649,-0.0744397,0.999929,-0.0116868,0.00103714,-0.00198488,0.427838,0.251075,-0.403434,0.0904386,-0.0169167,-0.057202,0.00424397,-0.0126904,0.0458427
16.6602,0.999929,-0.01168,0.00103946,-0.00198791,0.00182696,0.000915573,0.000479338,0.0904056,-0.0167588,-0.0566052,0.00444265,-0.0124307,-0.0479575,16.6802,1,-0.00651004,-0.0312201,0.00954231,0.999929,-0.0116709,0.00104405,-0.00198558,0.041729,-0.259049,0.0624794,0.09045,-0.0168831,-0.0570848,0.00443361,-0.0125301,0.0458548
16.6802,0.99993,-0.011662,0.00104993,-0.00197382,0.00235955,-0.000549183,-0.000186432,0.0904398,-0.0166121,-0.0561094,0.00453798,-0.0118011,-0.0470203,16.7002,1,-0.00183355,0.0075063,0.0228902,0.99993,-0.0116502,0.00104715,-0.00197474,0.0782909,0.0494847,0.139706,0.0904852,-0.0167301,-0.0565796,0.00452885,-0.0119004,0.046792
16.7002,0.999927,-0.0118592,0.00102683,-0.00198056,-0.0126873,-0.00054912,0.0014115,0.090506,-0.0163699,-0.0553936,0.00446771,-0.00791218,-0.0458599,16.7202,1,-0.00946176,-0.00763941,-0.0185918,0.999926,-0.0119226,0.00102429,-0.00197341,0.0194353,-0.0677095,-0.0935798,0.0905507,-0.016449,-0.0558522,0.00445877,-0.00801308,0.0479525
16.7202,0.999928,-0.0118076,0.00104602,-0.00199064,0.00422382,0.00264664,-0.0019175,0.0905275,-0.016138,-0.0549441,0.00458565,-0.00783376,-0.0451646,16.7402,1,-0.0155516,-0.0310284,0.0511603,0.999928,-0.0117865,0.0010591,-0.0020004,-0.0300573,-0.261642,0.29546,0.0905733,-0.0162163,-0.0553957,0.00457655,-0.00793422,0.0486478
16.7402,0.999928,-0.0117963,0.00104611,-0.00201051,0.00102804,0.00118188,-0.00178433,0.0905485,-0.0160069,-0.0546831,0.00481504,-0.00887504,-0.0449303,16.7602,1,-0.000159646,0.0211489,-0.0570642,0.999928,-0.0117912,0.0010519,-0.00201951,0.0930561,0.166208,-0.306902,0.0905966,-0.0160957,-0.0551325,0.00480594,-0.00897541,0.0488821
16.7602,0.999928,-0.0117892,0.0010427,-0.0020164,0.00182627,-0.000815901,-0.00151784,0.0905604,-0.0159508,-0.0545638,0.00496417,-0.00925667,-0.0447239,16.7802,1,-0.0293103,-0.0345866,-0.0582912,0.999928,-0.01178,0.00103851,-0.00202395,-0.139365,-0.279967,-0.317601,0.09061,-0.0160433,-0.055011,0.0049551,-0.00935698,0.0490885
16.7802,0.999928,-0.0117857,0.00104684,-0.00201491,0.000894162,0.00104831,0.000346384,0.0905732,-0.0158998,-0.0544511,0.00498419,-0.00972328,-0.0444099,16.8002,1,-0.00720378,-0.00887581,0.00283401,0.999928,-0.0117812,0.0010521,-0.00201325,0.0367721,-0.0797589,0.026524,0.0906231,-0.0159971,-0.0548952,0.00497507,-0.00982355,0.0494024
16.8002,0.999928,-0.0117843,0.00101347,-0.00199077,0.00062782,-0.00281328,0.000612722,0.0906604,-0.0156592,-0.0536792,0.00540552,-0.0106723,-0.042961,16.8202,1,-0.00802558,0.0475988,-0.00752096,0.999928,-0.0117812,0.000999439,-0.00198754,0.0292648,0.373246,-0.0278838,0.0907145,-0.0157659,-0.0541088,0.0053967,-0.0107726,0.0508514
16.8202,0.999928,-0.0117987,0.000997521,-0.001995,-0.00123639,0.00144778,-0.000452544,0.0907437,-0.0154761,-0.0531399,0.00522102,-0.00936442,-0.0424843,16.8402,1,-0.0605623,0.0078444,0.00206159,0.999928,-0.0118048,0.00100474,-0.00199734,-0.390392,0.0536243,0.0228752,0.0907959,-0.0155697,-0.0535648,0.00521233,-0.00946481,0.0513281
16.8402,0.999928,-0.0118005,0.00100426,-0.00200099,-0.000437438,0.00171409,-0.00151781,0.0907628,-0.015429,-0.0530242,0.00510784,-0.00906269,-0.042326,16.8602,1,-0.0391564,-0.0236382,-0.0306858,0.999928,-0.0118027,0.00101274,-0.00200867,-0.218343,-0.194844,-0.162422,0.0908138,-0.0155197,-0.0534474,0.00509909,-0.0091631,0.0514864
16.8602,0.999928,-0.0117806,0.0010365,-0.00197927,0.00275836,0.00144777,0.00234377,0.0908446,-0.0152037,-0.0525568,0.00572821,-0.00708003,-0.0413605,16.8802,1,0.010213,0.0296477,0.00386615,0.999928,-0.0117668,0.00104385,-0.00196765,0.175395,0.228674,0.0347424,0.0909019,-0.0152745,-0.0529704,0.0057192,-0.00718027,0.0524518
16.8802,0.999928,-0.011769,0.00104455,-0.0019684,0.000228348,0.00291251,-0.00138463,0.0909756,-0.0148292,-0.051849,0.0064712,-0.00581636,-0.0401584,16.9002,1,-0.00526052,0.00567999,-0.0981028,0.999928,-0.0117678,0.00105903,-0.00197549,0.052344,0.0462745,-0.538023,0.0910403,-0.0148873,-0.0522506,0.00646211,-0.0059165,0.053654
16.9002,0.999928,-0.0117558,0.0010638,-0.00197784,0.000228442,0.00104835,-0.000186204,0.0910496,-0.0145885,-0.0514021,0.006486,-0.00544204,-0.0397316,16.9202,1,0.00931732,-0.0407522,-0.0572198,0.999928,-0.0117546,0.00106903,-0.00197884,0.169475,-0.328955,-0.311987,0.0911145,-0.0146429,-0.0517994,0.00647675,-0.00554206,0.0540808
16.9202,0.999928,-0.0117545,0.00107533,-0.00197809,0.00116137,0.00211371,0.00167812,0.0911009,-0.0144377,-0.0511378,0.00644235,-0.00525804,-0.0392777,16.9402,1,-0.0396629,-0.0105472,0.00855684,0.999928,-0.0117487,0.00108598,-0.00196983,-0.223234,-0.0943988,0.0580493,0.0911653,-0.0144903,-0.0515306,0.006433,-0.00535805,0.0545347
16.9402,0.999929,-0.0117303,0.00108366,-0.00197619,0.00369137,0.00158107,0.000879181,0.0911521,-0.0142896,-0.0509054,0.00639231,-0.00483222,-0.0391869,16.9602,1,-0.0408565,0.058479,0.00908179,0.999929,-0.0117118,0.00109158,-0.0019719,-0.234232,0.457653,0.0654859,0.091216,-0.0143379,-0.0512973,0.00638289,-0.00493203,0.0546255
16.9602,0.999929,-0.0117123,0.00108801,-0.00197643,0.00196034,-0.0013484,-0.000985014,0.0912456,-0.0138494,-0.0501326,0.00596655,-0.0039696,-0.037906,16.9802,1,-0.00311082,0.0249489,0.0192028,0.999929,-0.0117025,0.00108119,-0.00198129,0.0682053,0.189029,0.120208,0.0913052,-0.0138891,-0.0505117,0.0059571,-0.00406926,0.0559063
16.9802,0.999929,-0.0117213,0.00111758,-0.00201956,-3.70491e-05,0.000782121,-0.00205028,0.0913279,-0.0135132,-0.0496509,0.00613861,-0.00381599,-0.0375408,17.0002,1,0.0434789,-0.0200374,-0.0104177,0.999929,-0.0117215,0.00112137,-0.00202986,0.441881,-0.167538,-0.048082,0.0913892,-0.0135513,-0.0500263,0.0061289,-0.00391572,0.0562715
17.0002,0.999929,-0.0117151,0.00111099,-0.00202914,0.00156085,-0.00161472,-0.00244976,0.0913484,-0.0134346,-0.0495476,0.00593174,-0.00382059,-0.0375023,17.0202,1,0.0145506,0.00321309,0.0188067,0.999929,-0.0117073,0.00110276,-0.0020413,0.209871,0.0152911,0.116971,0.0914077,-0.0134728,-0.0499226,0.00592209,-0.00392027,0.05631
17.0202,0.999929,-0.011708,0.00113094,-0.00203543,0.000229274,0.00158107,-5.29132e-05,0.0913991,-0.0132119,-0.0492759,0.0051242,-0.00390582,-0.0368183,17.0402,1,-0.027153,0.0417153,-0.04903,0.999929,-0.0117068,0.00113883,-0.00203579,-0.124009,0.328824,-0.260615,0.0914503,-0.013251,-0.0496441,0.00511438,-0.00400544,0.0569941
17.0402,0.999929,-0.0117058,0.00117875,-0.00206295,0.000895099,0.00357845,-0.000452358,0.0914307,-0.0128233,-0.0487346,0.00456745,-0.00351551,-0.0360379,17.0602,1,0.011022,0.0279674,-0.0116977,0.999929,-0.0117013,0.00119661,-0.00206543,0.181416,0.215576,-0.0520496,0.0914763,-0.0128584,-0.0490949,0.00455721,-0.00361511,0.0577745
17.0602,0.999929,-0.0116996,0.00118117,-0.00207162,0.00156088,-0.00188102,-0.00298238,0.091428,-0.0126637,-0.0484773,0.00439371,-0.00320053,-0.0358519,17.0802,1,-0.038338,0.0449425,-0.030528,0.999929,-0.0116918,0.00117157,-0.00208643,-0.213749,0.352308,-0.156678,0.0914719,-0.0126957,-0.0488358,0.00438345,-0.00330008,0.0579604
17.0802,0.999929,-0.0116997,0.00116887,-0.00207153,-3.6986e-05,-0.00307935,-5.28887e-05,0.091424,-0.012584,-0.0483436,0.00442256,-0.0029964,-0.0356139,17.1002,1,-0.0353169,-0.0248338,-0.023917,0.999929,-0.0117,0.00115348,-0.00207162,-0.188396,-0.206342,-0.124198,0.0914682,-0.012614,-0.0486998,0.0044124,-0.00309594,0.0581985
17.1002,0.999929,-0.0116949,0.00116378,-0.00206916,0.0012941,0.00304534,-0.00111835,0.0913999,-0.0122719,-0.0478727,0.0033769,-0.00259136,-0.0349413,17.1202,1,-0.0209757,-0.00158778,0.00198189,0.999929,-0.0116884,0.00117893,-0.00207494,-0.0742474,-0.0225422,0.0224418,0.0914337,-0.0122978,-0.0482222,0.00336679,-0.00269086,0.058871
17.1202,0.999929,-0.0116666,0.00116744,-0.00206136,-0.000570083,0.00144745,-0.000186239,0.0912985,-0.0117192,-0.0469894,0.00288211,-0.00237608,-0.0336823,17.1402,1,-0.0355388,0.0129451,-0.0127341,0.999929,-0.0116694,0.00117467,-0.00206237,-0.191126,0.0948242,-0.0591583,0.0913273,-0.011743,-0.0473262,0.00287197,-0.00247534,0.0601301
17.1402,0.999929,-0.0116587,0.00116205,-0.00205767,0.00195992,-0.00134888,0.000879023,0.0912818,-0.0116434,-0.0468731,0.00267928,-0.00220214,-0.0334829,17.1602,1,-0.0316497,0.00211806,-0.0835038,0.999929,-0.011649,0.00115533,-0.0020532,-0.159541,0.0149515,-0.456179,0.0913086,-0.0116654,-0.0472079,0.00266918,-0.00230133,0.0603295
17.1602,0.999929,-0.0116573,0.00115823,-0.00205718,0.000362026,-0.000949396,8.00808e-05,0.0912639,-0.0115686,-0.0467646,0.00247678,-0.0021655,-0.0335752,17.1802,1,0.0065909,-0.00330658,-0.0561891,0.999929,-0.0116555,0.00115348,-0.00205673,0.146407,-0.0303531,-0.303308,0.0912887,-0.0115902,-0.0471003,0.00246672,-0.00226468,0.0602371
17.1802,0.999929,-0.0116605,0.0011546,-0.00206394,0.00102781,-0.00201466,-0.000585707,0.0911797,-0.0112809,-0.0464041,0.00187956,-0.00188143,-0.0331269,17.2002,1,-0.00241755,-0.0122911,-0.0292158,0.999929,-0.0116554,0.00114448,-0.00206675,0.074371,-0.104869,-0.152863,0.0911985,-0.0112997,-0.0467354,0.00186953,-0.00198064,0.0606855
17.2002,0.999927,-0.0118199,0.00115324,-0.00208552,0.00235939,0.000648507,-0.000585712,0.0910822,-0.0109344,-0.0460941,0.0012274,0.00152952,-0.0322026,17.2202,1,-0.0199135,-0.0241234,-0.060916,0.999927,-0.0118081,0.00115642,-0.0020885,-0.0639949,-0.19675,-0.331179,0.0910945,-0.0109191,-0.0464161,0.00121738,0.00142895,0.0616097
17.2202,0.999928,-0.0117798,0.00116186,-0.00209184,0.00382419,0.00317852,0.00234379,0.0909911,-0.0106496,-0.0457356,0.00129865,-3.75119e-05,-0.0318162,17.2402,1,-0.0124583,0.0155303,0.00456298,0.999928,-0.0117606,0.00117785,-0.00208033,-0.00574252,0.114302,0.0382061,0.0910041,-0.01065,-0.0460538,0.00128855,-0.000137738,0.0619962
17.2402,0.999928,-0.0117714,0.00116181,-0.00208715,0.00209314,-1.72669e-05,0.00114536,0.0909602,-0.0105681,-0.0455996,0.00134939,-0.000746752,-0.0313966,17.2602,1,-0.0386277,-0.0234267,-0.0535037,0.999928,-0.011761,0.00116177,-0.00208144,-0.214171,-0.192278,-0.289735,0.0909737,-0.0105756,-0.0459135,0.00133929,-0.000846906,0.0624158
17.2602,0.999928,-0.011776,0.00116579,-0.00209569,-0.0016355,0.00171338,-0.0023149,0.0908994,-0.0104246,-0.0453469,0.00111364,-0.0017256,-0.0311015,17.2802,1,-0.0100664,0.0382351,0.0193707,0.999928,-0.0117842,0.00117424,-0.00210736,0.0127697,0.294548,0.122648,0.0909106,-0.0104419,-0.0456579,0.00110351,-0.00182579,0.0627108
17.2802,0.999928,-0.0117626,0.0011593,-0.00208909,0.00142713,-0.00241452,-0.00138279,0.0907076,-0.0100727,-0.0447317,0.000397964,-0.00192065,-0.0297252,17.3002,1,-0.00906698,0.00729557,0.0364964,0.999928,-0.0117555,0.00114713,-0.00209587,0.0210404,0.0455069,0.216477,0.0907115,-0.0100919,-0.0450289,0.00038789,-0.00202073,0.0640872
17.3002,0.999928,-0.0117488,0.00116607,-0.00210744,0.00129397,0.000514953,0.000614576,0.0905616,-0.00983731,-0.0444282,-0.000524767,-0.000380768,-0.0291663,17.3202,1,0.000559895,-0.0326537,-0.0552167,0.999928,-0.0117423,0.00116866,-0.00210441,0.0993414,-0.265321,-0.299559,0.0905564,-0.00984112,-0.0447198,-0.000534901,-0.000480729,0.0646461
17.3202,0.999928,-0.0117511,0.00117342,-0.00210743,-0.000570241,0.00184654,-5.12156e-05,0.0905219,-0.00977428,-0.0443664,-0.00066988,-4.53686e-05,-0.0291221,17.3402,1,-0.0267427,0.000794204,0.0153237,0.999928,-0.0117539,0.00118265,-0.00210779,-0.12012,-0.00492114,0.0974788,0.0905152,-0.00977473,-0.0446576,-0.000680077,-0.00014535,0.0646903
17.3402,0.999928,-0.0117489,0.00119853,-0.00211812,-3.75917e-05,0.00397707,0.00114721,0.0904,-0.0095846,-0.0442188,-0.0011631,0.000396705,-0.0291488,17.3602,1,-0.0145557,0.0329449,-0.0397474,0.999928,-0.011749,0.00121848,-0.00211262,-0.0227584,0.257455,-0.208655,0.0903884,-0.00958064,-0.0445102,-0.00117352,0.000296743,0.0646636
17.3602,0.999928,-0.0117502,0.00118115,-0.00210198,-0.00150229,-0.0014824,0.000481443,0.0901937,-0.00926234,-0.0438134,-0.000895867,0.000130366,-0.028054,17.3802,1,-0.0208046,0.0117388,0.00313912,0.999928,-0.0117577,0.00117378,-0.00209948,-0.0726775,0.083812,0.0299803,0.0901848,-0.00926104,-0.044094,-0.000906129,3.03926e-05,0.0657583
17.3802,0.999928,-0.0117456,0.00119318,-0.00207715,-0.000170719,0.00118076,0.00247881,0.0899893,-0.00897831,-0.0433538,-0.00132833,-0.000565182,-0.0276098,17.4002,1,-0.0023168,0.0395588,0.0734,0.999928,-0.0117464,0.00119923,-0.00206483,0.0737461,0.3,0.425189,0.089976,-0.00898396,-0.0436299,-0.00133869,-0.000665116,0.0662026
17.4002,0.999928,-0.0117377,0.0011957,-0.00207816,0.0019604,0.000647991,-0.000317278,0.0899492,-0.00892796,-0.043257,-0.00120044,-0.000617213,-0.0275246,17.4202,1,-0.0205784,-0.0144434,-0.0220049,0.999928,-0.0117279,0.0011989,-0.00207979,-0.0703154,-0.123375,-0.112675,0.0899372,-0.00893413,-0.0435322,-0.00121082,-0.00071708,0.0662878
17.4202,0.999928,-0.0117373,0.00120033,-0.00208291,9.61844e-05,0.00118062,-0.00124938,0.0899094,-0.00887832,-0.0431663,-0.00141198,-0.000556099,-0.0273473,17.4402,1,-0.0177134,0.031859,-0.0140968,0.999928,-0.0117368,0.00120616,-0.00208923,-0.0482666,0.246287,-0.065306,0.0898952,-0.00888389,-0.0434397,-0.00142241,-0.000655962,0.0664651
17.4402,0.999928,-0.0117175,0.00120894,-0.00207205,0.00262619,-0.000816747,-0.000583589,0.089692,-0.00864488,-0.0427905,-0.001925,-0.000342417,-0.0264148,17.4602,1,0.00815283,0.0163275,-0.00809993,0.999929,-0.0117044,0.00120479,-0.00207493,0.158747,0.121835,-0.0326287,0.0896727,-0.00864831,-0.0430546,-0.00193549,-0.000442112,0.0673976
17.4602,0.999928,-0.0117194,0.00124396,-0.0020947,-0.00136856,0.00158009,-0.00191517,0.089526,-0.00847055,-0.0425737,-0.00156538,-0.000450717,-0.0259967,17.4802,1,0.00209452,0.0118666,-0.026351,0.999928,-0.0117263,0.00125176,-0.00210436,0.110534,0.0874843,-0.135036,0.0895103,-0.00847506,-0.0428337,-0.00157617,-0.000550428,0.0678157
17.4802,0.999928,-0.0117169,0.00124601,-0.00209258,0.000628815,0.000514827,0.000481674,0.0894877,-0.0084311,-0.0425331,-0.00155732,-0.000623727,-0.0260295,17.5002,1,0.0155915,0.00529435,-9.1897e-05,0.999928,-0.0117137,0.0012486,-0.00209021,0.218358,0.0326547,0.0116585,0.0894721,-0.00843734,-0.0427934,-0.00156814,-0.000723415,0.0677829
17.5002,0.999929,-0.0116911,0.00125891,-0.00208943,0.00302571,0.00251219,0.00074804,0.0893435,-0.00827034,-0.0420711,-0.00131739,-0.000696778,-0.0259091,17.5202,1,-0.013814,-0.00415769,-0.00637417,0.999929,-0.011676,0.00127148,-0.00208585,-0.0168533,-0.0429639,-0.0243631,0.0893304,-0.00827731,-0.0423301,-0.00132831,-0.000796247,0.0679033
17.5202,0.999929,-0.0116777,0.00126119,-0.00207849,-0.00243377,-0.000284124,0.0018133,0.0891724,-0.00807929,-0.0414127,-0.00158641,-0.000316758,-0.0254948,17.5402,1,0.00196791,-0.0128662,-0.0646599,0.999929,-0.0116898,0.0012599,-0.00206939,0.109827,-0.106916,-0.351283,0.0891566,-0.00808246,-0.0416677,-0.00159735,-0.000416113,0.0683175
17.5402,0.999929,-0.0116645,0.00128066,-0.00208025,-3.69183e-05,0.00277851,-0.00071669,0.0890997,-0.0080039,-0.0411981,-0.00176439,-0.000289827,-0.0255144,17.5602,1,-0.027397,0.0649126,0.0453763,0.999929,-0.0116647,0.00129451,-0.002084,-0.127718,0.504364,0.269741,0.089082,-0.00800679,-0.0414533,-0.0017755,-0.000389069,0.068298
17.5602,0.999929,-0.0116689,0.00129565,-0.00205907,0.000895188,0.000647984,0.00327805,0.0890281,-0.00792856,-0.0410104,-0.00189871,-2.96009e-05,-0.0254399,17.5802,1,-0.0240682,0.0206163,-0.0564277,0.999929,-0.0116644,0.00129907,-0.00204272,-0.0991312,0.159446,-0.303294,0.0890091,-0.00792886,-0.0412648,-0.00190994,-0.000128881,0.0683725
17.5802,0.999929,-0.0116615,0.00130517,-0.0020528,0.00182698,0.0023787,0.00154688,0.0889952,-0.0078927,-0.040903,-0.0020185,5.99172e-05,-0.0252324,17.6002,1,-0.0201786,0.00421366,-0.0150174,0.999929,-0.0116524,0.00131714,-0.00204521,-0.0680679,0.0243385,-0.0724716,0.088975,-0.0078921,-0.0411554,-0.00202981,-3.93e-05,0.0685799
17.6002,0.999929,-0.0116345,0.00130156,-0.00206463,0.000894843,0.00197906,-0.000317341,0.088818,-0.00771074,-0.0404623,-0.00249093,0.000581425,-0.0252234,17.6202,1,0.00425489,0.0287139,-0.0441348,0.999929,-0.01163,0.00131143,-0.00206634,0.126968,0.223475,-0.23369,0.0887931,-0.00770492,-0.0407145,-0.00250221,0.000482438,0.068589
17.6202,0.999929,-0.0116192,0.00128525,-0.00207219,0.00262589,-0.000550942,-0.00124945,0.0886361,-0.00751947,-0.0401688,-0.00275565,0.00129818,-0.0246297,17.6402,1,-0.0144245,0.0519452,-0.0864465,0.99993,-0.0116061,0.0012824,-0.00207842,-0.0228901,0.4131,-0.469246,0.0886086,-0.00750649,-0.0404151,-0.0027668,0.00119932,0.0691826
17.6402,0.99993,-0.0116156,0.00128828,-0.00207337,0.000894841,0.000780641,-0.000317343,0.0885987,-0.0074814,-0.040124,-0.00281059,0.00129762,-0.0245343,17.6602,1,-0.020875,0.0146791,-0.0269478,0.99993,-0.0116111,0.00129216,-0.002075,-0.0740933,0.109283,-0.13849,0.0885706,-0.00746842,-0.0403693,-0.00282175,0.00119879,0.069278
17.6602,0.99993,-0.0116099,0.00128811,-0.00207452,0.00142747,-1.83049e-05,-0.000317345,0.0885618,-0.0074429,-0.0400828,-0.00277802,0.00157386,-0.0242733,17.6802,1,-0.034411,-0.0318955,0.0370896,0.99993,-0.0116028,0.00128799,-0.00207611,-0.182409,-0.269449,0.216961,0.088534,-0.00742716,-0.0403256,-0.00278919,0.00147508,0.069539
17.6802,0.99993,-0.0116061,0.00128392,-0.00207632,-0.00110255,0.0011801,0.000881099,0.0884528,-0.00731797,-0.0398567,-0.00324313,0.0028149,-0.023803,17.7002,1,0.0170591,0.00967932,0.0293987,0.99993,-0.0116116,0.00128988,-0.00207197,0.228791,0.0647179,0.176993,0.0884204,-0.00728982,-0.0400947,-0.00325426,0.00271615,0.0700093
17.7002,0.999928,-0.0117543,0.00132645,-0.00209246,0.00262587,0.00157957,-0.000317318,0.0882782,-0.00703356,-0.0394384,-0.00290183,0.00547505,-0.0234835,17.7202,1,0.00109997,-0.0379261,0.0120032,0.999928,-0.0117412,0.0013343,-0.00209416,0.103267,-0.3151,0.0764334,0.0882492,-0.00697881,-0.0396732,-0.00291333,0.00537504,0.0703289
17.7202,0.999928,-0.0117434,0.00132675,-0.00208575,0.00196008,-0.000284644,0.00101427,0.0882099,-0.00691504,-0.039327,-0.00284556,0.00411839,-0.0234728,17.7402,1,-0.0144037,-0.00214971,0.0446372,0.999928,-0.0117336,0.00132537,-0.00208067,-0.0218157,-0.0322326,0.261369,0.0881815,-0.00687386,-0.0395617,-0.00285706,0.00401847,0.0703396
17.7402,0.999928,-0.0117368,0.0013254,-0.00208596,9.58719e-05,0.000114831,-0.00151575,0.0881398,-0.00682432,-0.0392348,-0.00301788,0.0026528,-0.0231574,17.7602,1,-0.0464871,-0.0252719,0.00270914,0.999928,-0.0117364,0.00132588,-0.00209354,-0.277714,-0.213779,0.024829,0.0881096,-0.00679779,-0.0394664,-0.00302936,0.00255295,0.070655
17.7602,0.999928,-0.0117273,0.0013401,-0.00209334,0.00142673,0.0014455,-0.00111625,0.0880494,-0.00671105,-0.0389456,-0.0026952,0.00134877,-0.0222006,17.7802,1,0.00180899,0.0080135,-0.0024634,0.999928,-0.0117202,0.00134725,-0.00209902,0.108178,0.0536444,-0.00153191,0.0880224,-0.00669756,-0.0391676,-0.00270681,0.00124899,0.0716117
17.7802,0.999928,-0.0117363,0.00136722,-0.00208874,-0.00176895,0.00144548,0.0010143,0.0879153,-0.00651171,-0.0385253,-0.00302802,0.00267093,-0.0214112,17.8002,1,0.0302342,-0.032622,0.020645,0.999928,-0.0117451,0.00137453,-0.00208374,0.335952,-0.273315,0.125374,0.087885,-0.006485,-0.0387394,-0.00303986,0.00257108,0.0724012
17.8002,0.999928,-0.0117422,0.00136078,-0.00208035,0.000228421,0.000380213,-0.000450439,0.0878337,-0.00635791,-0.0383309,-0.00277749,0.00338951,-0.0208474,17.8202,1,-0.0332325,0.0129656,-0.0986667,0.999928,-0.011741,0.00136265,-0.00208263,-0.171564,0.101607,-0.540309,0.0878059,-0.00632402,-0.0385394,-0.00278928,0.0032896,0.0729649
17.8202,0.999928,-0.0117381,0.00136482,-0.00207836,0.00102737,0.001046,0.000481667,0.0878067,-0.0063042,-0.038275,-0.00299872,0.00357028,-0.0209018,17.8402,1,-0.040689,-0.0706401,0.0582814,0.999928,-0.0117329,0.00137007,-0.00207602,-0.231519,-0.582093,0.332978,0.0877768,-0.00626849,-0.038484,-0.00301054,0.00347041,0.0729106
17.8402,0.999928,-0.0117452,0.00136145,-0.0020752,-0.00176895,-0.00081821,0.000747981,0.0877783,-0.00624974,-0.0382235,-0.00310444,0.0037117,-0.0207299,17.8602,1,-0.0105349,-0.00173428,0.0600601,0.999928,-0.011754,0.00135742,-0.0020714,0.00888826,-0.0305628,0.347718,0.0877472,-0.00621262,-0.0384308,-0.00311623,0.00361177,0.0730825
17.8602,0.999928,-0.0117507,0.00136702,-0.00207083,0.00142685,-0.00121768,0.000747987,0.0876548,-0.00603824,-0.0380543,-0.00352843,0.00368535,-0.0199337,17.8802,1,-0.0171791,0.0346344,-0.0224574,0.999928,-0.0117436,0.00136096,-0.00206703,-0.0438392,0.267956,-0.11202,0.0876195,-0.00600139,-0.0382536,-0.00354027,0.00358538,0.0738787
17.8802,0.999928,-0.0117197,0.00138496,-0.00208013,0.000761052,0.00091285,-0.00111623,0.08748,-0.00578849,-0.0379232,-0.00426881,0.00320692,-0.0196223,17.9002,1,-0.00367522,-0.0328749,-0.037937,0.999928,-0.0117159,0.00138945,-0.00208577,0.0652066,-0.27055,-0.202984,0.0874373,-0.00575642,-0.0381194,-0.00428081,0.00310721,0.0741901
17.9002,0.999929,-0.0116952,0.00138974,-0.00207152,0.00262526,0.000779694,0.00247904,0.0873689,-0.0056478,-0.0378868,-0.00409835,0.00364021,-0.0190144,17.9202,1,0.0292145,-0.0068671,0.0520466,0.999929,-0.011682,0.00139375,-0.00205919,0.326627,-0.0704161,0.302798,0.0873279,-0.0056114,-0.038077,-0.00411039,0.00354071,0.0747979
17.9202,0.999929,-0.0116873,0.0013916,-0.00207375,0.0019602,0.000512939,-0.000583205,0.0873321,-0.00559998,-0.0378821,-0.00408284,0.00371341,-0.0193037,17.9402,1,-0.0182401,2.79313e-05,0.0307272,0.999929,-0.0116775,0.00139411,-0.00207671,-0.0528138,-0.0140778,0.183525,0.0872912,-0.00556285,-0.0380752,-0.00409489,0.00361398,0.0745087
17.9402,0.999929,-0.0116842,0.00137317,-0.0020621,-0.000436821,-0.000286375,-0.00138214,0.0872189,-0.005406,-0.0377428,-0.00450126,0.0042608,-0.0192868,17.9602,1,-0.00629581,0.00371802,0.00668668,0.999929,-0.0116864,0.00137166,-0.002069,0.0429711,0.0180284,0.0491848,0.0871739,-0.00536339,-0.0379357,-0.00451315,0.00416139,0.0745256
17.9602,0.999929,-0.0116659,0.00136424,-0.00207475,0.000228952,0.000512417,-0.000716301,0.0871007,-0.00510397,-0.037215,-0.0044075,0.00425984,-0.0180298,17.9802,1,-0.0398816,0.00760414,0.000290881,0.999929,-0.0116648,0.00136676,-0.00207836,-0.225909,0.0492348,0.0134299,0.0870566,-0.00506137,-0.0373953,-0.00441931,0.00416059,0.0757825
17.9802,0.999929,-0.0116708,0.00136186,-0.00207096,-0.00123579,-0.000552847,0.000881597,0.0870818,-0.00505765,-0.037129,-0.00443862,0.00435406,-0.0176182,18.0002,1,0.000392584,-0.0279647,-0.010242,0.999929,-0.011677,0.00135916,-0.00206651,0.0970407,-0.233629,-0.0475835,0.0870374,-0.00501411,-0.0373052,-0.00445041,0.00425477,0.0761942
18.0002,0.999929,-0.0116667,0.00135784,-0.00206983,0.0010279,-0.000952322,0.000215813,0.0870624,-0.00501041,-0.0370465,-0.0044228,0.00439768,-0.0175265,18.0202,1,0.0225407,-0.0219204,-0.0350164,0.999929,-0.0116616,0.00135309,-0.0020687,0.274287,-0.18256,-0.185761,0.0870182,-0.00496643,-0.0372218,-0.00443456,0.00429842,0.0762859
18.0202,0.999929,-0.0116717,0.00139354,-0.00208562,-0.00176842,-0.000952329,-0.00297998,0.0869524,-0.00479053,-0.0366959,-0.00475938,0.0039992,-0.016614,18.0402,1,-0.0316452,-0.0223169,0.0176779,0.999929,-0.0116805,0.00138862,-0.00210045,-0.15968,-0.191839,0.108952,0.0869048,-0.00475053,-0.0368621,-0.00477144,0.0038999,0.0771984
18.0402,0.999929,-0.0116678,0.00134955,-0.00206541,-0.000303682,0.000379253,0.00314528,0.086786,-0.00455403,-0.0363991,-0.00529474,0.00388252,-0.0158693,18.0602,1,0.00764305,-2.91849e-05,0.0121409,0.999929,-0.0116692,0.00135164,-0.0020497,0.154342,-0.0120357,0.079605,0.0867331,-0.0045152,-0.0365578,-0.00530643,0.00378325,0.0779431
18.0602,0.999929,-0.011659,0.00135398,-0.00205171,0.00235908,0.000778552,0.000481651,0.0867241,-0.0044752,-0.0363249,-0.00531189,0.00392693,-0.0157007,18.0802,1,0.0237618,-0.00480738,-0.0240669,0.999929,-0.0116472,0.00135787,-0.00204936,0.283638,-0.046647,-0.123416,0.086671,-0.00443593,-0.0364819,-0.00532361,0.00382774,0.0781116
18.0802,0.999929,-0.0116559,0.00135858,-0.00204546,0.000761184,0.00117803,0.00154691,0.0866931,-0.00443667,-0.0362944,-0.00527095,0.0037471,-0.0158086,18.1002,1,0.0204045,0.0225675,-0.0311609,0.999929,-0.0116521,0.00136455,-0.0020378,0.256353,0.172908,-0.161417,0.0866404,-0.0043992,-0.0364525,-0.00528272,0.00364794,0.0780037
18.1002,0.999929,-0.0116414,0.00134172,-0.00206806,-0.000304435,-0.00188493,-0.00178205,0.0865723,-0.00430363,-0.0361431,-0.00576796,0.00382211,-0.0145416,18.1202,1,-0.0144275,0.0366154,-0.00170089,0.999929,-0.0116429,0.00133219,-0.00207686,-0.0229406,0.282097,0.00432648,0.0865147,-0.00426541,-0.0362885,-0.00577958,0.00372307,0.0792708
18.1202,0.999929,-0.0116363,0.00131727,-0.00207325,0.00169295,0.000645074,-0.00191521,0.0863989,-0.00414168,-0.0359867,-0.00618326,0.00424899,-0.0137245,18.1402,1,0.0230424,0.00231412,-0.0715663,0.999929,-0.0116278,0.00132037,-0.00208287,0.277868,0.0150476,-0.388845,0.0863371,-0.00409919,-0.0361239,-0.00619468,0.00414999,0.0800879
18.1402,0.999929,-0.0116179,0.00131467,-0.00208671,0.00462242,-0.000553366,-0.00337995,0.0863614,-0.00410729,-0.0359626,-0.00633314,0.00411452,-0.0136842,18.1602,1,-0.00453204,-0.0195135,0.0110133,0.99993,-0.0115948,0.00131166,-0.0021036,0.0568753,-0.167711,0.0720495,0.0862981,-0.00406614,-0.0360994,-0.00634453,0.00401567,0.0801281
18.1602,0.99993,-0.0116008,0.00132733,-0.00209359,0.0024919,0.000911384,0.000215309,0.0862833,-0.00404125,-0.0359213,-0.00645374,0.00398697,-0.0132715,18.1802,1,0.0261665,-0.00494486,0.0462347,0.99993,-0.0115884,0.00133187,-0.00209258,0.301584,-0.0540122,0.270477,0.0862187,-0.00400138,-0.036054,-0.00646525,0.00388827,0.0805408
18.1802,0.999928,-0.0117843,0.00130582,-0.00207763,-0.0109571,-0.00121907,0.00221277,0.0861554,-0.00391553,-0.0358414,-0.00711733,0.00738312,-0.0132078,18.2002,1,0.017638,0.00577747,-0.0308353,0.999927,-0.0118391,0.00129997,-0.00206642,0.235533,0.0389768,-0.160528,0.0860842,-0.00384169,-0.0359735,-0.00712865,0.00728286,0.0806046
18.2002,0.999928,-0.0117151,0.00132426,-0.00209283,0.00275805,-0.000153934,0.00141375,0.0858797,-0.00361086,-0.0353867,-0.00735591,0.00546571,-0.0119116,18.2202,1,0.00822026,0.00912896,0.0775085,0.999929,-0.0117013,0.00132354,-0.00208577,0.158215,0.0553385,0.44636,0.0858061,-0.0035562,-0.0355058,-0.00736739,0.00536604,0.0819008
18.2202,0.999929,-0.0116954,0.00131525,-0.00209044,0.00155963,-0.00255078,0.000881115,0.0857853,-0.00354971,-0.0352313,-0.00711313,0.00420653,-0.0117615,18.2402,1,0.0133109,0.0157118,0.00181169,0.999929,-0.0116877,0.00130254,-0.0020859,0.199741,0.115219,0.0229758,0.0857142,-0.00350765,-0.0353489,-0.00712453,0.00410702,0.0820508
18.2402,0.999929,-0.0116973,0.00131201,-0.00207669,-0.000438026,-0.000819514,0.00341147,0.0857392,-0.00352504,-0.0351608,-0.00706668,0.00385614,-0.0117895,18.2602,1,0.0102075,-0.0299671,0.059035,0.999929,-0.0116995,0.00130812,-0.00205959,0.174901,-0.255547,0.340288,0.0856685,-0.00348648,-0.0352786,-0.00707805,0.00375662,0.0820228
18.2602,0.999929,-0.0117014,0.00129777,-0.00206043,-0.000438024,-0.000553199,0.00287883,0.0855969,-0.00346211,-0.0349701,-0.00732146,0.00343741,-0.0113338,18.2802,1,0.0145842,-0.0804076,0.0113892,0.999929,-0.0117036,0.00129518,-0.00204601,0.211165,-0.654388,0.0701108,0.0855237,-0.00342774,-0.0350834,-0.00733271,0.00333786,0.0824785
18.2802,0.999929,-0.0117038,0.00129891,-0.00206748,-0.00123744,0.000378278,-0.0011159,0.0854138,-0.00337914,-0.034389,-0.00699892,0.00489925,-0.0108822,18.3002,1,-0.00964805,-0.0234552,-0.00431749,0.999928,-0.01171,0.00130075,-0.00207307,0.0168533,-0.197771,-0.0142097,0.0853438,-0.00333014,-0.0344978,-0.00701018,0.00479967,0.0829302
18.3002,0.999929,-0.0116902,0.00130726,-0.00207209,0.00155888,0.00184301,-0.00138222,0.0853435,-0.00333295,-0.0341658,-0.00657863,0.00532964,-0.0109671,18.3202,1,0.0337715,-0.0312849,0.0244462,0.999929,-0.0116824,0.00131638,-0.00207911,0.363809,-0.262431,0.146676,0.0852777,-0.00327965,-0.0342754,-0.00658996,0.00523018,0.0828452
18.3202,0.999929,-0.0116799,0.0013208,-0.00207078,0.00262415,0.00344091,0.000348844,0.08531,-0.00330801,-0.0340627,-0.0065647,0.00531432,-0.0110988,18.3402,1,-0.0721046,-0.011071,0.00146687,0.999929,-0.0116667,0.001338,-0.00206925,-0.483438,-0.100431,0.0185219,0.0852444,-0.00325487,-0.0341737,-0.00657615,0.00521495,0.0827135
18.3402,0.999929,-0.0116675,0.00133343,-0.00207301,0.000493609,-0.00188541,-0.00031696,0.0851655,-0.00321022,-0.0336817,-0.00699193,0.00506068,-0.010167,18.3602,1,-0.0176787,-0.00691609,0.0331317,0.999929,-0.011665,0.00132398,-0.00207449,-0.0483863,-0.0693702,0.196541,0.0850956,-0.00315961,-0.0337833,-0.00700349,0.00496141,0.0836453
18.3602,0.999929,-0.011655,0.00135344,-0.00210148,-0.00017239,0.00184279,-0.00244746,0.0850108,-0.00312439,-0.0330935,-0.00641483,0.00443093,-0.00939343,18.3802,1,-0.015101,0.00931481,0.0186941,0.999929,-0.0116559,0.00136251,-0.00211382,-0.0279496,0.0616923,0.116937,0.0849466,-0.00308008,-0.0331874,-0.00642656,0.00433177,0.0844189
18.3802,0.999929,-0.0116555,0.0013714,-0.00209026,0.000226889,-0.0013532,8.25508e-05,0.0849277,-0.00310794,-0.0324657,-0.00593524,0.00415494,-0.00928336,18.4002,1,-0.0512848,-0.00381312,0.0185675,0.999929,-0.0116544,0.00136464,-0.00208976,-0.317285,-0.0440465,0.115016,0.0848684,-0.0030664,-0.0325585,-0.00594712,0.00405578,0.084529
18.4002,0.999929,-0.0116612,0.00136959,-0.0020823,-0.00137055,-0.000420762,0.00194672,0.0849096,-0.0031045,-0.0323103,-0.00589767,0.00418324,-0.00895653,18.4202,1,-0.00751702,0.0402729,0.0115511,0.999929,-0.0116681,0.00136761,-0.00207254,0.0322759,0.310011,0.0789042,0.0848507,-0.00306267,-0.0323998,-0.00590954,0.00408403,0.0848558
18.4202,0.999929,-0.0116595,0.00136934,-0.00207651,0.000493669,-2.12856e-05,0.00141409,0.0848912,-0.00310001,-0.0321572,-0.00577423,0.00426855,-0.00845907,18.4402,1,0.0199654,-0.0125205,-0.0159265,0.999929,-0.011657,0.00136931,-0.00206945,0.253332,-0.10929,-0.0782226,0.0848335,-0.00305732,-0.0322418,-0.00578609,0.00416936,0.0853533
18.4402,0.999929,-0.0116541,0.00141411,-0.00209627,0.00142541,0.0018424,-0.000316979,0.0847671,-0.00305937,-0.0311485,-0.00624246,0.00484812,-0.00662656,18.4602,1,0.00730358,0.0438713,0.0566153,0.999929,-0.011647,0.00142329,-0.00209797,0.150039,0.334506,0.331653,0.0847047,-0.00301089,-0.0312148,-0.0062547,0.00474897,0.0871858
18.4602,0.999929,-0.0116372,0.00141114,-0.00206566,0.00222435,-0.000687611,0.00247933,0.0847066,-0.00302627,-0.0307531,-0.00611321,0.00484875,-0.00626838,18.4802,1,-0.0278418,-0.00682196,0.0153865,0.999929,-0.0116261,0.00140782,-0.00205324,-0.129731,-0.0677475,0.0970555,0.0846454,-0.00297778,-0.0308158,-0.00612542,0.00474974,0.087544
18.4802,0.999929,-0.0116333,0.00142037,-0.00206322,0.00102592,0.00237504,0.000615128,0.0846846,-0.00301619,-0.0306286,-0.00627928,0.00480636,-0.0059684,18.5002,1,-0.0022548,0.0311863,-0.0466181,0.999929,-0.0116282,0.00143227,-0.00206029,0.0748976,0.242429,-0.247493,0.0846218,-0.00296813,-0.0306883,-0.00629157,0.00470738,0.0878439
18.5002,0.999929,-0.0116253,0.0014367,-0.00208353,0.0010256,0.000776832,-0.00231434,0.0846072,-0.00298713,-0.0300849,-0.00661833,0.00525052,-0.00578853,18.5202,1,0.00342667,-0.0374222,-0.0171541,0.999929,-0.0116202,0.00144044,-0.00209515,0.121155,-0.309188,-0.0868071,0.084541,-0.00293462,-0.0301428,-0.00663076,0.00515162,0.0880238
18.5202,0.999929,-0.0116291,0.00145245,-0.00210002,-0.000971761,0.000377353,8.25092e-05,0.08454,-0.00296563,-0.0295218,-0.0064465,0.00538668,-0.0050943,18.5402,1,0.00822552,0.0174626,0.00245336,0.999929,-0.011634,0.00145435,-0.00209963,0.158493,0.127983,0.0266999,0.0844756,-0.00291177,-0.0295727,-0.00645907,0.00528774,0.088718
18.5402,0.999929,-0.0116374,0.00145003,-0.00210443,-3.96532e-05,-0.00108738,-0.000982756,0.084503,-0.00294884,-0.029261,-0.00634526,0.00549253,-0.00494192,18.5602,1,-0.0113602,-0.0188815,0.0414011,0.999929,-0.0116376,0.00144454,-0.00210928,0.0019591,-0.166674,0.242279,0.0844396,-0.00289391,-0.0293105,-0.00635781,0.00539353,0.0888704
18.5602,0.999929,-0.0116413,0.00143868,-0.00210613,0.000625752,-0.00135458,-0.000316455,0.0844418,-0.00291938,-0.028891,-0.00642441,0.00530065,-0.00427405,18.5802,1,-0.0129356,-0.00226194,-0.0712363,0.999929,-0.0116382,0.00143188,-0.00210764,-0.00973387,-0.0231571,-0.387383,0.0843776,-0.00286637,-0.0289337,-0.00643686,0.0052016,0.0895383
18.5802,0.999929,-0.0116427,0.0014725,-0.00212753,-4.00396e-05,0.00144174,-0.000449613,0.084353,-0.00287197,-0.0282746,-0.00585638,0.00501127,-0.0031072,18.6002,1,-0.0173485,0.0260019,0.0204201,0.999929,-0.0116429,0.00147968,-0.00212986,-0.0463841,0.194031,0.127803,0.0842944,-0.00282186,-0.0283056,-0.00586913,0.00491222,0.0907051
18.6002,0.999929,-0.0116212,0.00150937,-0.00213345,0.00155722,0.00543556,0.00154777,0.0843423,-0.00287943,-0.027553,-0.00606158,0.00514737,-0.00256762,18.6202,1,0.0285561,0.0229445,0.0467471,0.999929,-0.0116133,0.00153662,-0.00212604,0.320282,0.167631,0.275426,0.0842817,-0.00282796,-0.0275787,-0.00607464,0.0050485,0.0912447
18.6202,0.999929,-0.0116275,0.00152323,-0.00212831,-0.00150541,0.00357134,0.00128144,0.084335,-0.00287756,-0.0274187,-0.00614559,0.00522949,-0.00236999,18.6402,1,-0.0199549,-0.00777359,-0.0805494,0.999929,-0.0116349,0.00154117,-0.0021221,-0.0658182,-0.0671748,-0.439844,0.0842736,-0.00282526,-0.0274424,-0.00615876,0.00513057,0.0914424
18.6402,0.999929,-0.0116194,0.00152525,-0.00213211,0.00208986,0.000641867,-0.000982248,0.0843265,-0.00287459,-0.0272876,-0.00608848,0.00522843,-0.00229395,18.6602,1,0.0424978,0.0121633,0.013202,0.999929,-0.011609,0.00152837,-0.00213708,0.432446,0.0846083,0.0870075,0.0842656,-0.0028223,-0.0273105,-0.00610167,0.00512958,0.0915184
18.6602,0.999929,-0.0116123,0.0015092,-0.00212728,0.00115775,-0.00122235,0.000349334,0.0842938,-0.00285012,-0.0269083,-0.00623947,0.00594003,-0.00139618,18.6802,1,-0.00889368,-0.0120925,-0.00285384,0.999929,-0.0116065,0.0015031,-0.00212547,0.0219836,-0.108692,-0.00493053,0.0842314,-0.00279072,-0.0269223,-0.00625253,0.00584123,0.0924162
18.6802,0.999928,-0.0117494,0.00152965,-0.00215307,0.00208962,0.000907784,-0.00178119,0.0842686,-0.00272279,-0.0261572,-0.00642628,0.00842536,-0.00109729,18.7002,1,0.00582803,-0.0241528,-0.0400061,0.999928,-0.011739,0.00153406,-0.00216205,0.141418,-0.201571,-0.213513,0.0842044,-0.00263854,-0.0261682,-0.00643951,0.0083254,0.0927151
18.7002,0.999928,-0.0117222,0.0015267,-0.00216009,0.00315489,0.00117411,-0.000449597,0.0842562,-0.00267909,-0.025887,-0.00633325,0.00691336,-0.000826408,18.7202,1,0.0114428,-0.00172468,0.0381733,0.999928,-0.0117064,0.00153251,-0.00216243,0.184802,-0.0293824,0.225827,0.0841928,-0.00260996,-0.0258953,-0.00634646,0.00681363,0.092986
18.7202,0.999928,-0.011723,0.00153828,-0.00216245,-0.00150565,0.0011741,0.00168092,0.0842425,-0.00265609,-0.0256239,-0.00613053,0.00554627,-0.00017373,18.7402,1,0.00851707,0.0026213,0.0521569,0.999928,-0.0117305,0.00154427,-0.0021541,0.161097,0.00393568,0.304396,0.0841812,-0.00260063,-0.0256256,-0.00614384,0.00544654,0.0936386
18.7402,0.999928,-0.011726,0.00155364,-0.00214757,-0.00203846,0.000773974,8.37809e-05,0.0842214,-0.00264986,-0.025241,-0.00611132,0.00443818,0.000455844,18.7602,1,0.0131753,0.00395458,0.0885157,0.999928,-0.0117361,0.00155754,-0.00214719,0.197657,0.0111781,0.508004,0.0841603,-0.00260548,-0.0252364,-0.00612476,0.00433842,0.0942682
18.7602,0.999928,-0.0117166,0.00156467,-0.00215761,0.0032875,0.00223822,-0.00111463,0.084227,-0.0026835,-0.0245561,-0.00604777,0.0054086,0.000494805,18.7802,1,0.0154189,-0.0085544,-0.0622804,0.999928,-0.0117001,0.00157576,-0.00216334,0.217806,-0.0748175,-0.337114,0.0841666,-0.00262941,-0.0245511,-0.0060613,0.00530892,0.0943072
18.7802,0.999928,-0.0117044,0.00155924,-0.00215266,0.0010234,0.000373533,8.37782e-05,0.0842397,-0.00268027,-0.0241637,-0.00616197,0.00621926,0.00109148,18.8002,1,0.00578652,-0.00475623,0.02034,0.999928,-0.0116993,0.0015611,-0.00215227,0.13973,-0.052323,0.125687,0.0841781,-0.00261807,-0.0241528,-0.00617545,0.00611968,0.0949038
18.8002,0.999928,-0.0117023,0.00156331,-0.00215109,0.000623925,0.00117248,0.000350096,0.0842412,-0.00267396,-0.0240373,-0.00615435,0.0063613,0.001224,18.8202,1,0.0491658,-0.0149461,0.034045,0.999928,-0.0116991,0.00156919,-0.00214941,0.48657,-0.134384,0.202112,0.0841797,-0.00261035,-0.0240251,-0.00616787,0.00626175,0.0950364
18.8202,0.999928,-0.0117023,0.0015721,-0.00215756,9.12928e-05,0.0023709,-0.00164728,0.0842415,-0.00266566,-0.0239131,-0.00620668,0.00647781,0.00143613,18.8402,1,0.0656807,0.0116851,-0.0358539,0.999928,-0.0117018,0.00158386,-0.00216593,0.619006,0.085424,-0.187376,0.0841794,-0.00260089,-0.0238988,-0.00622027,0.00637825,0.0952485
18.8402,0.999928,-0.011678,0.00153299,-0.0021803,9.10322e-05,-0.00109166,-0.00138094,0.0842835,-0.00261842,-0.0229668,-0.00636075,0.00659764,0.00286054,18.8602,1,0.0292748,0.00758837,-0.031679,0.999928,-0.0116776,0.00152745,-0.00218714,0.327773,0.0519207,-0.164444,0.0842199,-0.00255244,-0.0229382,-0.00637401,0.00649829,0.0966729
18.8602,0.999928,-0.0116786,0.00152505,-0.00217533,-4.21325e-05,0.00143834,-0.000581994,0.0842915,-0.00259567,-0.0225874,-0.00625999,0.00628968,0.00283014,18.8802,1,0.00371706,0.0175277,0.0141644,0.999928,-0.0116788,0.00153221,-0.00217832,0.122661,0.126755,0.0926718,0.0842289,-0.00253277,-0.0225591,-0.00627318,0.00619032,0.0966425
18.8802,0.999928,-0.0116759,0.00152574,-0.00218224,0.0011563,0.000373079,-0.00297884,0.0842913,-0.00257806,-0.0223501,-0.00622314,0.0062008,0.00279908,18.9002,1,0.0567737,-0.0247901,0.0534053,0.999928,-0.0116701,0.00152741,-0.00219716,0.547032,-0.214469,0.310092,0.084229,-0.00251605,-0.0223221,-0.00623634,0.00610147,0.0966114
18.9002,0.999928,-0.0116799,0.00152825,-0.00216349,-4.14738e-05,-0.000293503,0.00288058,0.0842886,-0.00255532,-0.0221258,-0.00610883,0.00652549,0.0027064,18.9202,1,-0.022754,-0.0337348,0.00324462,0.999928,-0.0116801,0.00152695,-0.00214907,-0.0881138,-0.282772,0.0278728,0.0842275,-0.00249006,-0.0220987,-0.00612205,0.00642612,0.0965188
18.9202,0.999928,-0.0116723,0.00155958,-0.00214004,0.00115649,0.00210271,-4.88978e-05,0.0843256,-0.00248178,-0.0213174,-0.00692145,0.00729514,0.00397748,18.9402,1,0.0284609,0.0106292,-0.0371511,0.999928,-0.0116665,0.00157008,-0.00214042,0.321223,0.076522,-0.195117,0.0842564,-0.00240882,-0.0212776,-0.00693493,0.00719584,0.0977898
18.9402,0.999928,-0.0116782,0.00156,-0.00214103,-0.000441953,0.0011701,8.4244e-05,0.0843327,-0.00246325,-0.021094,-0.00723003,0.00741475,0.00427591,18.9602,1,-0.00404523,0.00789836,0.0350627,0.999928,-0.0116804,0.00156586,-0.00214067,0.0604321,0.0473654,0.2088,0.0842604,-0.0023891,-0.0210513,-0.00724352,0.0073154,0.0980883
18.9602,0.999928,-0.0116841,0.00156073,-0.00214526,-0.00137406,0.000371155,-0.00111418,0.0843339,-0.00245208,-0.0209846,-0.00704401,0.00751591,0.0045808,18.9802,1,0.0215134,-0.00894735,0.0532266,0.999928,-0.011691,0.00156254,-0.00215084,0.264899,-0.0886445,0.309643,0.0842634,-0.00237692,-0.0209388,-0.0070575,0.0074165,0.0983932
18.9802,0.999928,-0.0116873,0.0015573,-0.002142,-0.000708271,-0.00069411,0.000750037,0.0843344,-0.00243912,-0.0208745,-0.00707423,0.0075406,0.00504448,19.0002,1,-0.00675048,0.0159177,0.0331987,0.999928,-0.0116908,0.00155389,-0.0021382,0.0387466,0.111663,0.198869,0.0842637,-0.00236371,-0.0208241,-0.00708769,0.00744116,0.0988568
19.0002,0.999928,-0.0116973,0.0015714,-0.00211551,0.00102279,0.000237994,0.000883191,0.0843307,-0.00238337,-0.0203402,-0.00711899,0.00745339,0.00520741,19.0202,1,-0.0151972,-0.00433315,0.0744287,0.999928,-0.0116922,0.00157264,-0.00211111,-0.0291239,-0.0544196,0.428166,0.0842595,-0.00230883,-0.0202881,-0.00713257,0.00735387,0.0990198
19.0202,0.999928,-0.011682,0.00154709,-0.00209175,0.00315292,0.00156905,8.4257e-05,0.0843692,-0.00232827,-0.0196891,-0.00676848,0.00732681,0.00592619,19.0402,1,0.0462063,-0.00115797,0.0853781,0.999929,-0.0116663,0.00155491,-0.00209145,0.461601,-0.0287872,0.490066,0.0843015,-0.002255,-0.0196298,-0.00678185,0.00722742,0.0997386
19.0402,0.999929,-0.0116703,0.001549,-0.00208968,0.00301976,0.00063694,0.000483728,0.0843712,-0.00231611,-0.0195862,-0.00675873,0.00746172,0.00579934,19.0602,1,0.00599224,0.0134033,0.0297463,0.999929,-0.0116552,0.00155218,-0.00208732,0.140653,0.0921567,0.179191,0.0843036,-0.00224149,-0.0195282,-0.00677212,0.00736243,0.0996117
19.0602,0.999929,-0.0116603,0.00154924,-0.00209554,0.00261978,0.000237537,-0.00151338,0.0843721,-0.00230287,-0.0194866,-0.00672235,0.00734262,0.00575338,19.0802,1,0.0234149,-0.0237845,0.00938482,0.999929,-0.0116472,0.00155031,-0.00210314,0.280814,-0.203132,0.0629293,0.0843049,-0.00222944,-0.0194291,-0.00673574,0.00724342,0.0995657
19.0802,0.999929,-0.011639,0.00157275,-0.00211293,0.000888723,0.00103648,-0.00111391,0.084367,-0.00222823,-0.019015,-0.00680056,0.00720755,0.00631316,19.1002,1,0.0433656,0.0194732,0.0427906,0.999929,-0.0116346,0.00157785,-0.00211857,0.438954,0.139967,0.25307,0.084299,-0.00215616,-0.0189519,-0.00681415,0.00710853,0.100126
19.1002,0.999929,-0.011633,0.00157208,-0.0021386,-0.000443954,-0.00136156,-0.00204604,0.0844107,-0.00220366,-0.0185252,-0.00689386,0.00716763,0.00660766,19.1202,1,0.0404894,-0.0428019,0.0199416,0.999929,-0.0116353,0.00156516,-0.00214874,0.417258,-0.356106,0.121186,0.0843418,-0.00213198,-0.0184592,-0.00690745,0.00706866,0.10042
19.1202,0.999929,-0.0116301,0.00156522,-0.00214224,0.000887329,-0.00149517,-0.000980745,0.0844314,-0.00220851,-0.018426,-0.0066806,0.00721893,0.00663368,19.1402,1,0.0262561,-0.00441139,0.0507511,0.999929,-0.0116257,0.00155768,-0.00214706,0.302362,-0.0520618,0.296106,0.0843646,-0.00213632,-0.0183597,-0.00669413,0.00711999,0.100446
19.1402,0.999927,-0.0117619,0.00156489,-0.0021415,-0.0317364,-0.000296764,-0.000980898,0.0845027,-0.0022178,-0.0181162,-0.00652979,0.00853281,0.0116448,19.1602,1,-0.0140858,-0.0598552,0.0284581,0.999925,-0.0119206,0.00156369,-0.00214614,-0.0181301,-0.494216,0.167253,0.0844374,-0.00213248,-0.0179997,-0.00654332,0.00843275,0.105457
19.1602,0.999927,-0.0117777,0.00158112,-0.00217301,0.000887051,0.000368633,-0.00284495,0.0846144,-0.00213462,-0.017629,-0.00640166,0.00886712,0.00690644,19.1802,1,0.00824288,-0.0266014,0.0325251,0.999927,-0.0117733,0.00158279,-0.00218727,0.160124,-0.228354,0.192603,0.0845504,-0.00204594,-0.0175599,-0.00641533,0.00876692,0.100719
19.1802,0.999927,-0.0117477,0.00157804,-0.00217732,0.00221864,0.000634953,0.00128295,0.0846828,-0.00212439,-0.0172819,-0.00636909,0.00608312,0.00707469,19.2002,1,0.0155909,-0.0055478,0.0605451,0.999928,-0.0117366,0.00158126,-0.00217096,0.217847,-0.0623971,0.35097,0.0846191,-0.00206356,-0.0172111,-0.00638274,0.00598318,0.100887
19.2002,0.999927,-0.0117464,0.00157079,-0.00217832,0.000487585,-0.00162874,-0.000314959,0.0846967,-0.0021309,-0.0171979,-0.00633883,0.00567018,0.00698671,19.2202,1,0.00399053,-0.0422502,-0.00572248,0.999927,-0.0117439,0.00156263,-0.0021798,0.126615,-0.349924,-0.0226003,0.0846333,-0.0020742,-0.017128,-0.00635241,0.00557025,0.100799
19.2202,0.999927,-0.0117535,0.00156942,-0.00217787,-0.00164332,-0.000164419,8.38378e-05,0.0847087,-0.00213994,-0.0171162,-0.00642944,0.00519535,0.00688532,19.2402,1,0.0107224,-0.0169315,0.0604959,0.999927,-0.0117617,0.00156862,-0.00217743,0.179145,-0.153474,0.349904,0.0846444,-0.00208799,-0.0170474,-0.00644301,0.00509535,0.100698
19.2402,0.999927,-0.0117465,0.00158824,-0.00217449,0.000753531,-0.00149599,-0.00244617,0.0847369,-0.00218003,-0.0167242,-0.00659948,0.00534174,0.00738798,19.2602,1,0.029987,0.00258741,0.0164111,0.999927,-0.0117427,0.0015806,-0.00218664,0.333541,0.00697882,0.104502,0.0846709,-0.00212661,-0.0166503,-0.00661321,0.0052418,0.1012
19.2603,0.999928,-0.0117257,0.00160019,-0.00215946,0.000620367,0.001034,0.00168174,0.0847438,-0.00218207,-0.0163551,-0.00686613,0.00611636,0.00783077,19.2803,1,0.0422477,0.0193513,-0.0174102,0.999928,-0.0117226,0.00160546,-0.00215112,0.431536,0.144377,-0.0837628,0.0846751,-0.0021209,-0.0162768,-0.00687997,0.0060166,0.101643
19.2803,0.999928,-0.0117234,0.00160369,-0.00215436,0.000752483,0.00103337,0.00128224,0.0847426,-0.00218402,-0.0162864,-0.00718868,0.00632543,0.00765536,19.3003,1,0.00576106,0.0157042,-0.0364611,0.999928,-0.0117196,0.00160892,-0.00214802,0.139994,0.116324,-0.19103,0.0846707,-0.00212077,-0.0162098,-0.00720254,0.00622569,0.101468
19.3003,0.999928,-0.0117232,0.00161463,-0.0021572,8.66917e-05,-0.00109716,-0.000581971,0.0847235,-0.00218058,-0.0160888,-0.00727006,0.00624247,0.00773412,19.3203,1,-0.0155885,0.0154086,0.00168418,0.999928,-0.0117228,0.00160911,-0.00216005,-0.0312239,0.109919,0.0223788,0.0846508,-0.00211815,-0.0160114,-0.00728401,0.00614274,0.101546
19.3203,0.999928,-0.0117031,0.00167319,-0.00214996,-0.000180109,0.00342964,-0.00111458,0.0847205,-0.00222859,-0.0157218,-0.00801043,0.00578321,0.00812415,19.3403,1,0.0136492,-0.0048248,0.0392313,0.999928,-0.011704,0.00169027,-0.00215573,0.202287,-0.0554077,0.23152,0.0846404,-0.00217076,-0.0156406,-0.00802488,0.00568365,0.101937
19.3403,0.999928,-0.0116985,0.00169814,-0.0021455,0.000618839,0.0035628,0.00154856,0.0846954,-0.00224715,-0.0155405,-0.00795163,0.00549735,0.00847982,19.3603,1,0.0390766,-0.0331294,0.00161922,0.999928,-0.0116954,0.00171604,-0.00213798,0.406602,-0.278065,0.0192672,0.0846159,-0.00219217,-0.0154557,-0.00796629,0.00539783,0.102292
19.3603,0.999928,-0.0116785,0.00170656,-0.00213571,0.00514621,0.00223121,0.00248068,0.0846832,-0.00225208,-0.0154797,-0.00808347,0.00559079,0.00860199,19.3803,1,0.00605395,0.0264596,0.0251521,0.999928,-0.0116527,0.0017178,-0.00212348,0.140997,0.195772,0.154582,0.0846023,-0.00219617,-0.0153936,-0.0080982,0.00549144,0.102414
19.3803,0.999928,-0.0116701,0.00170802,-0.00212938,0.00221749,0.000499872,0.00154978,0.0846693,-0.00225496,-0.0154188,-0.00801676,0.00566322,0.00856569,19.4003,1,0.0107069,-0.00771527,0.0139678,0.999928,-0.011659,0.00171059,-0.00212168,0.178933,-0.076501,0.0897346,0.0845892,-0.00219833,-0.0153332,-0.0080315,0.00556394,0.102378
19.4003,0.999928,-0.0116666,0.00170833,-0.00211779,-0.000179809,0.00063231,-0.000447576,0.0846108,-0.00227042,-0.015135,-0.00844184,0.00595619,0.00842584,19.4203,1,0.0566977,-0.00232311,0.0365606,0.999928,-0.0116675,0.00171147,-0.00212006,0.546208,-0.0346708,0.216948,0.0845264,-0.00221086,-0.0150508,-0.00845659,0.00585694,0.102238
19.4203,0.999929,-0.0116455,0.00169547,-0.00210915,0.00221704,-0.00269664,0.00115032,0.0845474,-0.00228881,-0.0148814,-0.0087179,0.00586996,0.00880645,19.4403,1,0.0310636,0.00432886,-0.0127458,0.999929,-0.0116344,0.00168203,-0.00210326,0.341701,0.022784,-0.0589895,0.0844602,-0.00223011,-0.0147934,-0.00873254,0.00577089,0.102619
19.4403,0.999929,-0.0116344,0.00169316,-0.00210648,0.00288283,-0.000432955,0.00061769,0.0845383,-0.00229449,-0.0148351,-0.00873677,0.00587388,0.00873074,19.4603,1,0.0144413,0.0243491,0.0202303,0.999929,-0.01162,0.001691,-0.00210339,0.207856,0.179602,0.126794,0.084451,-0.00223575,-0.0147478,-0.00875139,0.0057749,0.102543
19.4603,0.999929,-0.011624,0.00168845,-0.00211285,0.0027491,-0.000966335,-0.00164602,0.0845269,-0.00229982,-0.01479,-0.00886785,0.00568286,0.00856402,19.4803,1,0.0538177,-0.0145189,0.0129369,0.999929,-0.0116103,0.00168349,-0.00212104,0.523421,-0.129922,0.0838175,0.0844382,-0.002243,-0.0147044,-0.00888243,0.00558397,0.102376
19.4803,0.999929,-0.0116125,0.00170216,-0.00208218,0.000618565,0.00169681,0.00208241,0.0844739,-0.00231547,-0.0145894,-0.00848297,0.00598516,0.00783319,19.5003,1,0.0235066,0.0386114,-0.038337,0.999929,-0.0116094,0.00171075,-0.00207188,0.280655,0.299229,-0.200297,0.0843891,-0.00225562,-0.0145111,-0.00849766,0.00588636,0.101646
19.5003,0.999929,-0.0116184,0.00169547,-0.0021006,0.0023492,0.000897288,0.00048452,0.084421,-0.00235036,-0.0143725,-0.00887449,0.00560612,0.00799939,19.5203,1,-0.00530423,-0.0124423,0.00565166,0.999929,-0.0116067,0.00169996,-0.00209825,0.0506389,-0.113708,0.0425492,0.0843323,-0.0022943,-0.0142925,-0.00888912,0.00550728,0.101812
19.5203,0.999929,-0.0116127,0.00169837,-0.00209797,0.00155025,0.000897284,0.000617681,0.0844066,-0.00235406,-0.0143366,-0.00888473,0.00562243,0.0080533,19.5403,1,0.0149354,0.0449028,0.0284468,0.999929,-0.0116049,0.00170287,-0.00209494,0.211094,0.343239,0.174084,0.0843178,-0.00229784,-0.0142561,-0.00889939,0.00552364,0.101866
19.5403,0.999929,-0.0116065,0.00170863,-0.00209557,0.00168266,0.00276043,0.000616665,0.0843907,-0.00235654,-0.0143002,-0.00894551,0.00566791,0.00822181,19.5603,1,-0.00129537,-0.0107957,0.00614855,0.999929,-0.011598,0.00172245,-0.00209266,0.0825792,-0.10062,0.0454496,0.0843012,-0.00229986,-0.014218,-0.00896026,0.00556917,0.102034
19.5603,0.999929,-0.0115995,0.00171928,-0.00208974,0.000484234,0.00129569,0.00168192,0.0843337,-0.00235315,-0.0141892,-0.00889679,0.00600154,0.0082484,19.5803,1,-0.00841714,0.0218492,0.0745456,0.999929,-0.011597,0.00172586,-0.00208141,0.023789,0.154011,0.430431,0.0842447,-0.00229314,-0.0141067,-0.00891163,0.00590286,0.102061
19.5803,0.999929,-0.0115939,0.00172326,-0.00207508,0.0014159,-0.00070235,0.00221455,0.0842723,-0.00235248,-0.0140208,-0.00900479,0.00599194,0.00795275,19.6003,1,0.00471929,0.0363723,0.0729058,0.999929,-0.0115868,0.00171986,-0.00206398,0.128585,0.270534,0.422232,0.0841822,-0.00229256,-0.0139413,-0.00901966,0.0058933,0.101765
19.6003,0.999929,-0.0116086,0.00171867,-0.00208117,-0.00058148,0.00116186,-0.00178019,0.0842413,-0.00235386,-0.0139608,-0.00934583,0.00592206,0.00784571,19.6203,1,0.045429,-0.0312288,-0.0109883,0.999929,-0.0116115,0.00172438,-0.00209013,0.456799,-0.261763,-0.0514869,0.0841478,-0.00229464,-0.0138824,-0.00936066,0.0058233,0.101658
19.6203,0.999929,-0.0116024,0.00171771,-0.00208346,0.0016822,-3.65571e-05,-0.00058176,0.0842209,-0.00235314,-0.0139315,-0.00960254,0.0057805,0.00784072,19.6403,1,0.022813,0.0089605,0.0721057,0.999929,-0.011594,0.00171748,-0.00208638,0.2739,0.0516645,0.416198,0.0841249,-0.00229534,-0.0138531,-0.00961736,0.00568179,0.101653
19.6403,0.999927,-0.0117499,0.00174527,-0.0020887,0.000350088,0.00315836,-0.000848097,0.084116,-0.00229868,-0.0137547,-0.0099693,0.00784877,0.00863448,19.6603,1,-0.0128659,0.0694332,0.0432432,0.999927,-0.0117481,0.00176101,-0.00209313,-0.0110077,0.537231,0.258244,0.0840163,-0.00222019,-0.0136684,-0.00998436,0.00774881,0.102447
19.6603,0.999928,-0.0117239,0.00175557,-0.0021127,0.0002164,-0.000837204,-0.00138073,0.0839548,-0.00231021,-0.0135044,-0.00974507,0.00359096,0.00982724,19.6803,1,0.000292304,0.0404163,0.0718234,0.999928,-0.0117229,0.0017513,-0.00211956,0.0941189,0.302579,0.416629,0.0838573,-0.0022743,-0.0134061,-0.00976022,0.00349122,0.10364
19.6803,0.999928,-0.0117269,0.00174912,-0.00211601,-0.000582553,-0.00136984,-0.000848102,0.083943,-0.00233316,-0.0134668,-0.00950815,0.00330692,0.00978365,19.7003,1,0.0104255,0.0017381,0.140423,0.999927,-0.0117298,0.00174222,-0.00212016,0.174284,-0.012947,0.798262,0.083848,-0.00230009,-0.0133689,-0.00952325,0.00320715,0.103596
19.7003,0.999928,-0.0117218,0.00174386,-0.0021061,0.00141428,-0.00110379,0.00248033,0.0839306,-0.00235596,-0.0134298,-0.00954861,0.00327425,0.00971633,19.7203,1,0.055149,0.0305994,0.0078478,0.999928,-0.0117147,0.00173847,-0.00209365,0.53412,0.231048,0.058262,0.0838352,-0.00232322,-0.0133326,-0.00956366,0.00317453,0.103529
19.7203,0.999928,-0.0117167,0.00176319,-0.00211009,0.00154744,-0.00163643,0.00181454,0.0837872,-0.00246544,-0.0131936,-0.0109465,0.00376825,0.0101929,19.7403,1,0.0132595,0.0457717,0.098111,0.999928,-0.0117089,0.0017551,-0.00210093,0.197086,0.343153,0.564262,0.0836777,-0.00242776,-0.0130917,-0.0109617,0.00366857,0.104005
19.7403,0.999927,-0.0117227,0.00178622,-0.00212184,-0.000449928,0.000760418,-0.00204705,0.0836065,-0.00250353,-0.0129869,-0.0110248,0.00462827,0.0100171,19.7603,1,0.00705685,0.0415973,0.0710289,0.999927,-0.011725,0.0017899,-0.00213212,0.148191,0.311972,0.412376,0.0834963,-0.00245725,-0.0128868,-0.0110402,0.00452854,0.103829
19.7603,0.999928,-0.0117223,0.0017885,-0.00210378,-5.04493e-05,-3.85322e-05,0.00261349,0.083532,-0.00251212,-0.01291,-0.0114616,0.00424681,0.0101762,19.7803,1,0.0136638,0.0183312,0.0604491,0.999928,-0.0117226,0.00178846,-0.00209071,0.201711,0.126922,0.351587,0.0834174,-0.00246965,-0.0128082,-0.011477,0.00414708,0.103989
19.7803,0.999928,-0.0117209,0.0017954,-0.00210415,0.000481569,0.0019577,-4.97093e-05,0.0834967,-0.00252083,-0.0128732,-0.0114635,0.00398097,0.0103866,19.8003,1,0.00588502,0.00143877,0.0434243,0.999927,-0.0117185,0.00180518,-0.00210451,0.140106,-0.00681281,0.255084,0.083382,-0.00248102,-0.0127694,-0.011479,0.00388125,0.104199
19.8003,0.999927,-0.0117339,0.00178364,-0.00209647,-0.00191637,0.00275509,0.000749235,0.083366,-0.00265357,-0.0126707,-0.0121163,0.00364314,0.0114071,19.8203,1,0.0278197,-0.00202474,0.0163398,0.999927,-0.0117434,0.00179748,-0.00209286,0.316164,-0.0315257,0.103375,0.0832448,-0.00261714,-0.0125567,-0.0121317,0.00354331,0.10522
19.8203,0.999927,-0.0117286,0.00178665,-0.00209662,0.000613634,0.000491401,-0.000182859,0.0833184,-0.00273651,-0.0125712,-0.0116111,0.00377625,0.0116434,19.8403,1,0.0590962,0.0123573,0.0374982,0.999927,-0.0117255,0.00178909,-0.00209757,0.565583,0.0820672,0.223089,0.0832023,-0.00269875,-0.0124548,-0.0116265,0.00367647,0.105456
19.8403,0.999927,-0.0117284,0.00178326,-0.00209626,0.000214159,-0.000573864,8.34592e-05,0.0833018,-0.00276135,-0.0125359,-0.0115029,0.00369484,0.0115781,19.8603,1,0.0305388,0.0159155,0.0184904,0.999927,-0.0117273,0.0017804,-0.00209581,0.337517,0.111837,0.116619,0.0831868,-0.0027244,-0.0124201,-0.0115183,0.00359506,0.105391
19.8603,0.999928,-0.0116978,0.00179228,-0.00207718,0.00221231,0.00102349,0.00394564,0.0832173,-0.00284404,-0.0123862,-0.0116569,0.0039993,0.0116225,19.8803,1,0.0167362,0.0417226,0.0400962,0.999928,-0.0116867,0.0017976,-0.00205753,0.226024,0.31597,0.239035,0.0831007,-0.00280404,-0.01227,-0.0116724,0.00389978,0.105435
19.8803,0.999928,-0.0117073,0.00179009,-0.0020878,-0.00151612,0.00089034,0.000883003,0.0830588,-0.00290363,-0.012172,-0.0122984,0.00444247,0.0123085,19.9003,1,0.01514,0.0479425,0.0613507,0.999928,-0.0117148,0.00179461,-0.00208343,0.212795,0.363744,0.358489,0.0829358,-0.0028592,-0.0120489,-0.0123138,0.00434287,0.106121
19.9003,0.999928,-0.0117059,0.00178849,-0.0020832,0.00101387,0.00115666,0.0015488,0.0829758,-0.00291747,-0.0120798,-0.0127959,0.00451968,0.0122882,19.9203,1,0.0338147,0.0181058,0.0459187,0.999928,-0.0117008,0.00179435,-0.00207553,0.363019,0.126817,0.270297,0.0828479,-0.00287228,-0.0119569,-0.0128113,0.0044201,0.106101
19.9203,0.999928,-0.0117076,0.00179489,-0.00208337,-0.000317697,0.00182245,-4.90966e-05,0.0829299,-0.00292305,-0.0120323,-0.0128424,0.00439704,0.0124183,19.9403,1,-0.022479,0.0180698,0.0331821,0.999928,-0.0117092,0.001804,-0.00208372,-0.087026,0.12672,0.198421,0.0828015,-0.00287908,-0.0119081,-0.0128579,0.00429744,0.106231
19.9403,0.999928,-0.0117218,0.0018046,-0.00206932,0.000347691,-0.000442217,0.00114933,0.0828349,-0.00295847,-0.0119106,-0.0129578,0.00423445,0.0125802,19.9603,1,-0.0182959,0.00719895,0.0775171,0.999928,-0.01172,0.00180246,-0.00206356,-0.0541214,0.0356249,0.445903,0.0827053,-0.00291613,-0.0117848,-0.0129734,0.00413473,0.106393
19.9603,0.999928,-0.0117273,0.00177115,-0.00206387,-0.00164998,-0.00177502,0.000882972,0.0827394,-0.00300856,-0.0117504,-0.0131275,0.00433727,0.0136655,19.9803,1,-0.0407089,-0.0294028,0.0470378,0.999927,-0.0117356,0.00176234,-0.00205934,-0.232233,-0.254426,0.272588,0.0826081,-0.00296519,-0.0116137,-0.0131428,0.0042375,0.107478
19.9803,0.999928,-0.0117209,0.00176387,-0.00207161,0.00207845,-0.000310293,-0.00271229,0.0825741,-0.00303686,-0.0115042,-0.0131131,0.00459713,0.0138863,20.0003,1,0.011001,-0.00729337,0.0259532,0.999928,-0.0117105,0.00176214,-0.00208517,0.181484,-0.074699,0.156553,0.082443,-0.00299089,-0.0113654,-0.0131283,0.00449742,0.107699
20.0003,0.999928,-0.0117188,0.00175468,-0.00206785,0.000613716,-0.00204134,0.000882972,0.0825368,-0.00303893,-0.0114518,-0.0130538,0.00470335,0.0140262,20.0203,1,-0.004907,0.00559885,0.0943323,0.999928,-0.0117158,0.00174452,-0.00206333,0.0526601,0.0218883,0.54007,0.0824063,-0.0029919,-0.0113116,-0.0130689,0.00460365,0.107839
20.0203,0.999928,-0.0117189,0.00175553,-0.00206964,8.07828e-05,0.000488247,-0.000449301,0.0824984,-0.00303955,-0.0113963,-0.0130005,0.00466346,0.0144289,20.0403,1,0.0205488,0.0428273,0.0521984,0.999928,-0.0117185,0.00175794,-0.00207191,0.256454,0.324031,0.306864,0.0823684,-0.00299291,-0.011252,-0.0130156,0.00456377,0.108241
20.0403,0.999928,-0.011717,0.00175292,-0.0021015,0.000479724,0.00168565,-0.00151457,0.0823464,-0.00308212,-0.0110953,-0.0129719,0.0048771,0.0139244,20.0603,1,-0.0122572,0.0635986,-0.0416302,0.999928,-0.0117146,0.00176126,-0.00210918,-0.00507842,0.498467,-0.217326,0.0822166,-0.00303334,-0.010956,-0.012987,0.00477742,0.107737
20.0603,0.999927,-0.0117626,0.00176682,-0.00211132,-0.0103061,-0.000844275,-0.00311252,0.0822157,-0.00308223,-0.0108864,-0.0134599,0.00586572,0.0168517,20.0803,1,0.0107334,0.0173231,0.0471017,0.999926,-0.0118142,0.00176252,-0.00212674,0.178879,0.120208,0.276806,0.0820811,-0.00302357,-0.0107179,-0.0134751,0.00576565,0.110664
20.0803,0.999925,-0.0119113,0.00176742,-0.0021171,-0.0370709,0.000354123,-0.00151462,0.0821757,-0.00306423,-0.0108018,-0.0137738,0.00824736,0.0167815,20.1003,1,-0.0380654,0.0168668,-0.0082783,0.999923,-0.0120966,0.0017695,-0.00212436,-0.209465,0.120942,-0.0337616,0.0820379,-0.00298175,-0.010634,-0.013789,0.00814602,0.110594
20.1003,0.999926,-0.0118884,0.0017699,-0.00210901,0.00394183,-0.000178567,0.00194754,0.0820859,-0.00299336,-0.0106843,-0.014086,0.009308,0.0145362,20.1203,1,-0.0299155,0.0474332,0.0359311,0.999926,-0.0118687,0.00176908,-0.0020993,-0.145719,0.361387,0.215845,0.0819451,-0.00290028,-0.010539,-0.0141013,0.00920686,0.108349
20.1203,0.999926,-0.0118668,0.00177716,-0.00210437,0.000345538,0.00115065,-0.00191408,0.0820018,-0.00292612,-0.0105465,-0.01414,0.00764974,0.0145661,20.1403,1,0.0122626,0.0269217,0.0658823,0.999926,-0.0118651,0.0017828,-0.00211401,0.191391,0.19513,0.382578,0.0818604,-0.00284962,-0.0104009,-0.0141554,0.00754878,0.108379
20.1403,0.999926,-0.0118369,0.00176096,-0.00208957,0.000478687,-0.00164566,0.00154803,0.0818054,-0.0029013,-0.0102085,-0.0144778,0.00543698,0.0157304,20.1603,1,-0.00616977,-0.00526117,-0.0117413,0.999926,-0.0118345,0.00175282,-0.00208174,0.0455841,-0.0551638,-0.0544557,0.0816606,-0.00284693,-0.0100512,-0.014493,0.00533628,0.109543
20.1603,0.999926,-0.0118354,0.00176376,-0.00209033,0.000478691,0.0010175,-0.000183028,0.0817671,-0.00289873,-0.0101505,-0.0145967,0.00556445,0.0159899,20.1803,1,-0.00282233,0.0134744,0.0879512,0.999926,-0.011833,0.00176883,-0.00209131,0.0702642,0.0853585,0.505015,0.0816212,-0.00284309,-0.00999059,-0.0146119,0.00546376,0.109802
20.1803,0.999926,-0.0118334,0.00176611,-0.00208838,0.000611921,0.000884542,0.000483095,0.0817269,-0.0028941,-0.0100896,-0.0146128,0.00568082,0.0161642,20.2003,1,0.0624815,-0.0319751,0.0442054,0.999926,-0.0118304,0.00177055,-0.00208602,0.594066,-0.273003,0.257686,0.0815808,-0.00283729,-0.00992798,-0.0146281,0.00558015,0.109977
20.2003,0.999926,-0.0118188,0.00176848,-0.00209764,0.000877672,0.000617197,-0.000848488,0.0815514,-0.00286093,-0.00980607,-0.0150252,0.00697384,0.016531,20.2203,1,-0.0644984,-0.0212981,0.0800322,0.999926,-0.0118144,0.00177151,-0.00210192,-0.422696,-0.193091,0.457781,0.0814012,-0.00279119,-0.00964076,-0.0150405,0.0068733,0.110343
20.2203,0.999927,-0.0117985,0.00174436,-0.00208467,0.00300821,-0.00151333,0.000483088,0.0813655,-0.00278224,-0.0095208,-0.0149695,0.00756558,0.0165262,20.2403,1,0.022312,0.0109923,0.102255,0.999927,-0.0117835,0.00173679,-0.00208219,0.270737,0.0647748,0.585138,0.0812158,-0.00270659,-0.00935554,-0.0149845,0.00746521,0.110339
20.2403,0.999927,-0.0117902,0.00174033,-0.00208475,0.00220925,-0.000714387,-4.95372e-05,0.0813231,-0.00276319,-0.00946123,-0.0150342,0.00745482,0.0164988,20.2603,1,0.0304896,0.0482212,0.0304518,0.999927,-0.0117791,0.00173673,-0.00208498,0.336795,0.369484,0.185649,0.0811727,-0.00268865,-0.00929624,-0.0150493,0.00735451,0.110311
20.2603,0.999927,-0.0117702,0.0017335,-0.00207962,0.00260873,8.45635e-05,0.00061625,0.0812305,-0.00272515,-0.0093382,-0.0151941,0.00733582,0.0168275,20.2803,1,0.0391965,0.0184098,0.0721873,0.999927,-0.0117572,0.00173393,-0.00207657,0.406069,0.127304,0.417418,0.0810785,-0.00265179,-0.00916992,-0.0152091,0.00723569,0.11064
20.2803,0.999927,-0.0117582,0.00174326,-0.00208213,-0.000187595,0.00261457,-0.00284585,0.0811274,-0.00268224,-0.0092036,-0.0154712,0.00720257,0.0173572,20.3003,1,0.00954598,-0.00728393,0.109069,0.999927,-0.0117591,0.00175617,-0.00209651,0.16846,-0.0822297,0.621945,0.0809727,-0.00261021,-0.00903003,-0.0154863,0.00710254,0.11117
20.3003,0.999927,-0.011746,0.00176568,-0.00209206,0.000610274,0.00194589,0.000349891,0.0809855,-0.00263734,-0.00896628,-0.0157996,0.00680696,0.0178767,20.3203,1,-0.0288146,-0.0411427,0.033568,0.999927,-0.0117429,0.00177543,-0.00209043,-0.13649,-0.346854,0.19667,0.0808275,-0.00256927,-0.00878751,-0.0158148,0.00670704,0.111689
20.3203,0.999928,-0.0117316,0.00176057,-0.00208285,0.00100974,-0.00244833,0.00208094,0.0808661,-0.00260866,-0.00877135,-0.0158763,0.00639949,0.0183761,20.3403,1,0.0231226,0.00906034,0.0964772,0.999928,-0.0117266,0.00174844,-0.00207231,0.276843,0.0497936,0.552663,0.0807073,-0.00254467,-0.00858759,-0.0158915,0.00629968,0.112188
20.3403,0.999927,-0.0117398,0.00176432,-0.00207765,-0.00191902,0.00127969,0.00128205,0.0808306,-0.0026,-0.00871743,-0.0159471,0.00640907,0.0183313,20.3603,1,-0.014188,-0.00844994,-0.00716119,0.999927,-0.0117493,0.00177081,-0.0020713,-0.0193511,-0.0812702,-0.0291625,0.0806711,-0.00253591,-0.00853412,-0.0159623,0.00630919,0.112144
20.3603,0.999928,-0.0117305,0.00178101,-0.00206485,0.000877298,0.00154601,0.00128206,0.0807065,-0.0025625,-0.00854897,-0.0163739,0.0066575,0.0184169,20.3803,1,0.0149392,-0.00594011,0.0304624,0.999928,-0.0117261,0.00178881,-0.00205854,0.212957,-0.064369,0.181892,0.0805428,-0.00249592,-0.00836481,-0.0163892,0.0065577,0.112229
20.3803,0.999927,-0.0117304,0.00179334,-0.0020761,-0.000721271,-0.000452658,-0.00111479,0.0805668,-0.0025302,-0.00833154,-0.0161104,0.00662586,0.0187468,20.4003,1,0.0377456,-0.0326929,0.0634738,0.999927,-0.011734,0.00179102,-0.00208165,0.395111,-0.281154,0.365247,0.0804057,-0.00246394,-0.00814408,-0.0161259,0.00652607,0.112559
20.4003,0.999928,-0.0117241,0.00179459,-0.00208225,0.00140926,0.00101208,-0.00138111,0.0804719,-0.00251083,-0.00818418,-0.0162088,0.00636528,0.0192059,20.4203,1,-0.02266,0.0199258,0.0335909,0.999928,-0.011717,0.00179955,-0.00208923,-0.088384,0.141525,0.200825,0.0803098,-0.00244718,-0.00799213,-0.0162243,0.00626554,0.113018
20.4203,0.999928,-0.0117168,0.00179198,-0.0020738,0.00194189,-0.000319496,0.002081,0.0804354,-0.00250503,-0.00813073,-0.0161318,0.00604757,0.01919,20.4403,1,0.00140869,0.0314574,0.0766394,0.999928,-0.0117071,0.00179048,-0.0020634,0.10306,0.230194,0.442801,0.0802741,-0.00244455,-0.00793883,-0.0161473,0.0059479,0.113002
20.4403,0.999928,-0.0117096,0.00179654,-0.00205169,0.00180874,0.000612616,0.00274679,0.0803575,-0.00249484,-0.00801883,-0.016136,0.00583044,0.0192159,20.4603,1,0.0218898,-0.00677828,0.0798785,0.999928,-0.0117005,0.00179974,-0.00203801,0.267422,-0.0756684,0.458512,0.0801962,-0.00243653,-0.00782667,-0.0161515,0.00573082,0.113028
20.4603,0.999928,-0.0116733,0.00181174,-0.00203166,0.00220681,0.00180799,0.000483059,0.0802267,-0.00250179,-0.00779697,-0.0161145,0.00546254,0.0193617,20.4803,1,0.00908947,0.0210839,0.0498437,0.999928,-0.0116622,0.00182078,-0.00202937,0.164891,0.14968,0.291935,0.0800656,-0.00244717,-0.00760336,-0.0161301,0.00536323,0.113174
20.4803,0.999928,-0.01167,0.00183014,-0.00203386,0.00100838,0.000609561,0.000216735,0.080172,-0.00254634,-0.00765998,-0.0160852,0.0055679,0.0197188,20.5003,1,-0.0756971,-0.00472654,0.0966672,0.999928,-0.0116649,0.00183319,-0.00203282,-0.514219,-0.0625963,0.551516,0.0800112,-0.00249066,-0.00746279,-0.016101,0.00546862,0.113531
20.5003,0.999928,-0.0116708,0.00183463,-0.00202868,-5.68809e-05,0.00154167,0.001282,0.0801525,-0.00255371,-0.00761799,-0.0159039,0.00541618,0.0199115,20.5203,1,-0.0238579,-0.0219327,0.0982091,0.999928,-0.0116711,0.00184242,-0.00202236,-0.0990687,-0.199604,0.559552,0.0799934,-0.00249955,-0.00741888,-0.0159197,0.00531689,0.113724
20.5203,0.999928,-0.0116707,0.00184279,-0.00202787,0.000208587,0.0024733,0.000216312,0.0801313,-0.00256089,-0.00757205,-0.0159226,0.00538619,0.0200993,20.5403,1,-0.0200365,0.032035,0.086648,0.999928,-0.0116696,0.00185516,-0.00202694,-0.0691301,0.233171,0.498386,0.079972,-0.00250703,-0.00737105,-0.0159385,0.0052869,0.113912
20.5403,0.999928,-0.0116599,0.00184164,-0.00203952,0.00140642,0.000741066,-0.000715797,0.0801229,-0.00261,-0.00749044,-0.016321,0.00541796,0.0201079,20.5603,1,0.0291803,-0.00134453,0.101466,0.999928,-0.0116529,0.00184529,-0.00204315,0.324711,-0.0343948,0.579742,0.0799597,-0.00255582,-0.00728936,-0.0163368,0.00531877,0.11392
20.5603,0.999929,-0.0115984,0.00185401,-0.00203879,0.0034038,0.00287159,-4.99994e-05,0.0800601,-0.00265598,-0.00734581,-0.0163029,0.00553649,0.0201635,20.5803,1,-0.0039961,0.0189583,0.0386578,0.999929,-0.0115814,0.00186833,-0.00203924,0.0598516,0.133185,0.229065,0.0798971,-0.00260062,-0.00714418,-0.0163189,0.00543782,0.113976
20.5803,0.999927,-0.0117536,0.00184392,-0.00204063,0.00406958,-0.00138947,0.000349479,0.079961,-0.00262552,-0.00712266,-0.0165137,0.00838638,0.0206849,20.6003,1,-0.0230239,0.00652584,0.0435891,0.999927,-0.0117333,0.00183696,-0.00203884,-0.0910145,0.0329953,0.255686,0.0797959,-0.00254165,-0.00691581,-0.0165296,0.00828639,0.114497
20.6003,0.999927,-0.0117576,0.00187163,-0.00204715,-5.83273e-05,0.00407002,-0.00178107,0.079897,-0.00259092,-0.00701105,-0.0161164,0.00754065,0.0208281,20.6203,1,0.00494607,0.0568043,0.0417467,0.999927,-0.0117578,0.00189187,-0.00205629,0.131836,0.43562,0.248992,0.0797358,-0.00251551,-0.00680277,-0.0161325,0.00744063,0.11464
20.6203,0.999927,-0.0117455,0.00186455,-0.00203572,0.00153957,0.000607907,0.00208052,0.0798291,-0.0025708,-0.00688691,-0.0157218,0.00612303,0.0210349,20.6403,1,0.00395797,0.0303614,0.00313296,0.999927,-0.0117378,0.0018677,-0.00202537,0.12504,0.227734,0.0309763,0.0796719,-0.00250957,-0.00667656,-0.0157378,0.00602311,0.114847
20.6403,0.999927,-0.0117435,0.0018579,-0.00203015,0.00100574,-0.00152582,-0.000715868,0.0798116,-0.00267032,-0.0066982,-0.0151974,0.00325007,0.0208451,20.6603,1,-0.0257469,0.00930142,0.0917132,0.999927,-0.0117385,0.00185022,-0.00203365,-0.113957,0.0505766,0.525217,0.0796596,-0.00263782,-0.00648975,-0.0152134,0.00315017,0.114657
20.6603,0.999927,-0.0117445,0.00185168,-0.00204361,0.000339948,0.00193628,-0.000316394,0.0798012,-0.00277928,-0.00654987,-0.0154188,0.00372079,0.0208919,20.6803,1,-0.0352219,0.00469642,0.0774342,0.999927,-0.0117428,0.00186134,-0.00204531,-0.189364,0.0149578,0.444946,0.0796471,-0.00274207,-0.00634095,-0.0154348,0.00362088,0.114704
20.6803,0.999927,-0.0117349,0.00185486,-0.00204339,0.00260277,0.00126978,8.25792e-05,0.0797912,-0.00279996,-0.00650656,-0.0153634,0.00376373,0.020949,20.7003,1,-0.00573151,0.0101427,0.102495,0.999927,-0.0117219,0.00186118,-0.00204307,0.045843,0.0566602,0.585917,0.0796375,-0.00276232,-0.00629707,-0.0153793,0.0036639,0.114761
20.7003,0.999928,-0.0117242,0.00184855,-0.00203827,0.00286909,-0.00112706,0.00128101,0.0797784,-0.00281805,-0.00645964,-0.0154519,0.00407167,0.0211465,20.7203,1,-0.016733,-0.00815592,0.0715477,0.999928,-0.0117099,0.00184296,-0.00203183,-0.0412418,-0.0869742,0.411312,0.0796239,-0.00277733,-0.00624817,-0.0154679,0.00397193,0.114959
20.7203,0.999928,-0.0117021,0.0018329,-0.00200586,0.000205447,-0.000329616,0.000215729,0.0797309,-0.0029003,-0.00625148,-0.0155919,0.00408829,0.0209107,20.7403,1,0.00219946,-0.014403,0.0931782,0.999928,-0.0117011,0.00183126,-0.00200477,0.109659,-0.138501,0.532022,0.079575,-0.00285942,-0.00604238,-0.0156077,0.00398873,0.114723
20.7403,0.999928,-0.0116822,0.00183161,-0.00201538,0.000604921,0.00233355,-0.00164848,0.0797157,-0.00298579,-0.00610683,-0.0157408,0.00315601,0.0211668,20.7603,1,-0.0463025,-0.0212038,0.0381011,0.999928,-0.0116792,0.00184317,-0.00202376,-0.277341,-0.188548,0.222752,0.0795583,-0.00295423,-0.00589516,-0.0157566,0.00305663,0.114979
20.7603,0.999928,-0.0116853,0.00183808,-0.00201516,-0.000593501,0.00206723,8.25686e-05,0.0797037,-0.00300868,-0.00606358,-0.0157695,0.00292785,0.0211608,20.7803,1,0.00261823,0.0227613,0.0369005,0.999928,-0.0116882,0.00184843,-0.00201486,0.113429,0.163979,0.219419,0.079546,-0.0029794,-0.00585197,-0.0157853,0.00282844,0.114973
20.7803,0.999928,-0.0116868,0.00184375,-0.00200501,-0.000460349,0.000868812,0.0031452,0.0796364,-0.00310345,-0.00585314,-0.015473,0.00267913,0.0221702,20.8003,1,-0.0119692,0.0310639,0.0889719,0.999928,-0.0116891,0.00184828,-0.00198934,-0.00448559,0.2253,0.511293,0.0794816,-0.00307666,-0.00563143,-0.0154889,0.00257971,0.115983
20.8003,0.999928,-0.0116913,0.00182923,-0.00199909,-0.000594354,0.000998818,-0.00098275,0.0796221,-0.00324473,-0.00563592,-0.0155187,0.00215415,0.0219427,20.8203,1,0.00166051,0.0210675,0.0838849,0.999928,-0.0116943,0.00183417,-0.00200406,0.104898,0.14613,0.482271,0.0794669,-0.00322319,-0.00541649,-0.0155345,0.00205468,0.115755
20.8203,0.999928,-0.011658,0.00183497,-0.0020185,0.0031337,0.00339457,-5.06342e-05,0.0796783,-0.00334918,-0.00557096,-0.015801,0.00245548,0.0225957,20.8403,1,0.0216361,-0.0109003,-0.0332421,0.999928,-0.0116423,0.00185191,-0.00201898,0.266925,-0.0984142,-0.175338,0.0795203,-0.00332462,-0.005345,-0.0158169,0.00235631,0.116408
20.8403,0.999928,-0.011642,0.00184934,-0.00202847,0.00419895,0.00419353,-0.0024475,0.079698,-0.00338247,-0.00554703,-0.0156643,0.00246837,0.0228355,20.8603,1,-0.0260627,-0.00173381,0.0667187,0.999929,-0.011621,0.00187012,-0.00204099,-0.116549,-0.035263,0.384545,0.0795413,-0.00335779,-0.00531868,-0.0156803,0.00236933,0.116648
20.8603,0.999929,-0.0116389,0.00186708,-0.00203382,-0.00112694,0.000464865,0.000348163,0.079746,-0.00352825,-0.00537354,-0.0158872,0.00281548,0.0230828,20.8803,1,0.00137672,-0.0206259,0.0992157,0.999928,-0.0116446,0.00186944,-0.00203209,0.102499,-0.189071,0.565569,0.0795872,-0.00350009,-0.00514272,-0.0159033,0.00271646,0.116895
20.8803,0.999929,-0.0116221,0.00188124,-0.00203539,0.0019357,0.0019296,0.00101395,0.079707,-0.00362209,-0.00511272,-0.0165374,0.00316654,0.0236684,20.9003,1,0.0210905,-0.0192779,-0.0080018,0.999929,-0.0116124,0.00189093,-0.00203045,0.262083,-0.168168,-0.0344462,0.0795416,-0.00359043,-0.00487604,-0.0165536,0.00306767,0.117481
20.9003,0.999929,-0.011617,0.00187663,-0.0020271,0.00140306,-0.000733556,0.00207921,0.0796871,-0.00363648,-0.00505078,-0.0165703,0.00322421,0.0234858,20.9203,1,0.00562565,-0.00107024,0.0308621,0.999929,-0.01161,0.00187307,-0.00201667,0.137446,-0.026344,0.184151,0.0795214,-0.00360424,-0.00481593,-0.0165864,0.00312538,0.117298
20.9203,0.999929,-0.0116108,0.00186989,-0.00202197,0.00166937,-0.00126619,0.00128027,0.0796639,-0.00365136,-0.00498714,-0.0166537,0.0028374,0.0234692,20.9403,1,-0.00351899,-0.0173168,0.0932062,0.999929,-0.0116025,0.00186362,-0.00201552,0.0632034,-0.16213,0.532027,0.0794973,-0.00362299,-0.00475244,-0.0166698,0.00273862,0.117282
20.9403,0.999929,-0.0116052,0.0018662,-0.00200782,-0.000728034,-0.000468773,0.00181288,0.07958,-0.00375174,-0.00469503,-0.0163331,0.00231841,0.0240194,20.9603,1,0.0324384,0.00154336,0.0594852,0.999929,-0.0116089,0.00186397,-0.00199872,0.351204,-0.00755097,0.34475,0.0794167,-0.00372856,-0.00445483,-0.0163491,0.00221968,0.117832
20.9603,0.999929,-0.011623,0.00186735,-0.00201697,-0.000861385,0.00166012,0.000214951,0.079511,-0.00391397,-0.0043518,-0.0165111,0.00241178,0.0241078,20.9803,1,-0.00595784,0.0185973,0.114947,0.999929,-0.0116273,0.00187567,-0.00201599,0.0426735,0.123147,0.656025,0.0793459,-0.00388986,-0.00411072,-0.0165272,0.0023129,0.11792
20.9803,0.999929,-0.0116221,0.0018658,-0.00201293,0.000337034,6.2226e-05,0.0010139,0.0794977,-0.00393156,-0.00429594,-0.016338,0.00280525,0.0241788,21.0003,1,-0.00785799,0.0333919,0.0641998,0.999929,-0.0116204,0.00186617,-0.00200787,0.0283747,0.246134,0.372827,0.0793343,-0.0039035,-0.00405415,-0.0163541,0.00270637,0.117991
21.0003,0.999929,-0.0116235,0.00184459,-0.00200875,0.000469577,-0.0043326,0.000481779,0.0794628,-0.00395756,-0.00417164,-0.0162584,0.00302212,0.0245822,21.0203,1,-0.0161899,0.00381338,0.0753955,0.999929,-0.0116212,0.00182295,-0.00200609,-0.0379734,0.00852112,0.433481,0.0793002,-0.00392734,-0.00392582,-0.0162743,0.00292324,0.118395
21.0203,0.999928,-0.0116376,0.00185152,-0.00204597,0.00180064,0.00152469,-0.000982972,0.0794427,-0.00406862,-0.00379524,-0.0166642,0.0030547,0.0252057,21.0403,1,0.0302655,0.0195021,0.0572645,0.999929,-0.0116286,0.00185907,-0.00205099,0.333827,0.136391,0.333674,0.079276,-0.00403808,-0.00354319,-0.0166801,0.0029557,0.119018
21.0403,0.999927,-0.0117963,0.00185696,-0.00202211,0.00459696,0.00165787,0.000748101,0.0794068,-0.00408349,-0.00358352,-0.0162868,0.00546796,0.025028,21.0603,1,0.0403286,0.0448464,0.0502324,0.999927,-0.0117732,0.00186525,-0.00201851,0.415212,0.339847,0.295952,0.079244,-0.00402881,-0.00333324,-0.0163028,0.0053676,0.11884
21.0603,0.999927,-0.0117603,0.0018716,-0.00201618,0.00379801,0.00192418,0.00128071,0.0793693,-0.00407253,-0.00345122,-0.0165199,0.00446129,0.0254357,21.0803,1,0.0306348,0.0204268,0.0344163,0.999927,-0.0117413,0.00188126,-0.00200992,0.338178,0.145704,0.20566,0.0792041,-0.00402791,-0.00319687,-0.016536,0.00436125,0.119248
21.0803,0.999927,-0.0117283,0.00188026,-0.00203339,-0.000596204,0.000592586,-0.000184028,0.0792278,-0.00410578,-0.00304556,-0.0164696,0.00166934,0.0264614,21.1003,1,0.0223825,-0.00606578,0.0866898,0.999927,-0.0117313,0.00188322,-0.00203434,0.27129,-0.0712738,0.496606,0.0790631,-0.00408909,-0.00278095,-0.0164858,0.00156957,0.120274
21.1003,0.999927,-0.0117417,0.00190334,-0.00203848,-0.000730009,0.000722322,-0.00045041,0.07917,-0.00425239,-0.00268807,-0.0176304,0.00149221,0.0270516,21.1203,1,-0.0212603,0.026558,0.0661326,0.999927,-0.0117454,0.00190694,-0.00204077,-0.0778362,0.190705,0.383219,0.0789937,-0.00423746,-0.00241755,-0.0176468,0.00139232,0.120864
21.1203,0.999927,-0.0117371,0.00190249,-0.0020487,0.00126721,0.000322631,-0.00258092,0.0791546,-0.00427214,-0.00262688,-0.0177539,0.00178929,0.0270264,21.1403,1,0.00960026,0.0106668,0.126371,0.999927,-0.0117308,0.00190394,-0.00206163,0.167833,0.0585232,0.71981,0.0789771,-0.00425425,-0.00235662,-0.0177703,0.00168944,0.120839
21.1403,0.999928,-0.0117082,0.00191944,-0.00203178,0.000867749,0.00418422,-5.09096e-05,0.0790569,-0.00433055,-0.00236328,-0.0180587,0.00240281,0.0264127,21.1603,1,-0.00265611,-0.0128064,0.0374333,0.999928,-0.0117039,0.00194034,-0.00203229,0.0719783,-0.121336,0.220112,0.0788763,-0.00430653,-0.00209915,-0.0180753,0.0023032,0.120225
21.1603,0.999928,-0.0116851,0.00192874,-0.00201333,0.00100044,0.000321105,-0.000849877,0.0790061,-0.00441053,-0.00209264,-0.0178884,0.00264431,0.0272669,21.1803,1,-0.00787851,0.05355,0.0813724,0.999928,-0.0116801,0.00193028,-0.00201761,0.027892,0.405279,0.470292,0.0788272,-0.00438409,-0.00181997,-0.017905,0.0025449,0.121079
21.1803,0.999928,-0.0116736,0.00192372,-0.00202352,0.00299781,-0.000744164,-0.00258094,0.078986,-0.00442237,-0.00203162,-0.0178917,0.0023684,0.0272776,21.2003,1,0.0438163,0.0207091,0.0750023,0.999928,-0.0116586,0.00191982,-0.0020364,0.442031,0.144038,0.433095,0.0788071,-0.00439868,-0.00175884,-0.0179082,0.00226909,0.12109
21.2003,0.999928,-0.0116792,0.00191788,-0.00201832,-0.000730616,0.000853743,0.00287855,0.0789371,-0.00444806,-0.00189726,-0.0177632,0.00216871,0.0275336,21.2203,1,-0.017648,0.0344106,0.0218486,0.999928,-0.0116828,0.00192232,-0.00200397,-0.0487237,0.257611,0.135696,0.0787595,-0.00442637,-0.00162192,-0.0177797,0.00206935,0.121346
21.2203,0.999928,-0.0116849,0.00191902,-0.00199504,0.00299781,0.000587419,0.000215375,0.0787133,-0.00453892,-0.00140864,-0.0185509,0.00109445,0.0275093,21.2403,1,-0.00410746,0.0243255,-0.0206559,0.999928,-0.0116699,0.00192193,-0.00199403,0.0605026,0.181111,-0.102951,0.0785278,-0.00452797,-0.00113354,-0.0185674,0.000995048,0.121322
21.2403,0.999928,-0.011669,0.00193332,-0.00200414,0.00139992,0.00365005,0.000215381,0.0785751,-0.00458832,-0.00114953,-0.0185604,0.000985662,0.0276355,21.2603,1,-0.0399733,0.0251189,0.0509999,0.999928,-0.011662,0.00195157,-0.00200329,-0.227828,0.180106,0.297984,0.0783895,-0.00457846,-0.000873171,-0.0185771,0.000886391,0.121448
21.2603,0.999928,-0.0116649,0.00191936,-0.0020032,-0.000331399,-0.00261053,0.000215335,0.0784964,-0.00462108,-0.000986765,-0.0187768,0.0009266,0.0278047,21.2803,1,-0.00744297,0.0239648,0.0516361,0.999928,-0.0116666,0.00190633,-0.00200197,0.0324491,0.171437,0.301826,0.0783087,-0.00461182,-0.000708718,-0.0187934,0.000827364,0.121617
21.2803,0.999929,-0.0116373,0.00188993,-0.00200163,0.00219905,-0.00327728,0.00154678,0.0784072,-0.00464938,-0.00081054,-0.0188699,0.00135508,0.0277963,21.3003,1,0.0134585,-0.00630803,0.0511534,0.999929,-0.0116263,0.00187362,-0.00199372,0.199954,-0.0701054,0.297363,0.0782185,-0.00463583,-0.000532576,-0.0188862,0.00125608,0.121609
21.3003,0.999929,-0.0116138,0.00187069,-0.00198538,-0.000331637,0.000582076,0.00181308,0.0781833,-0.00473591,-0.000382629,-0.0195548,0.00131235,0.0279639,21.3203,1,-0.010266,0.0657594,0.115109,0.999929,-0.0116155,0.00187371,-0.00197634,0.00719623,0.500348,0.659754,0.0779878,-0.00472279,-0.00010299,-0.0195709,0.00121355,0.121776
21.3203,0.999929,-0.0116152,0.00185609,-0.00198426,-0.0020627,-0.000350032,0.00167991,0.0780358,-0.00481138,-0.000136806,-0.0205989,0.00130647,0.028117,21.3403,1,-0.00184264,0.0146772,0.0192308,0.999929,-0.0116255,0.00185446,-0.00197582,0.0776353,0.100749,0.119729,0.0778298,-0.00479831,0.000144364,-0.0206149,0.00120765,0.121929
21.3403,0.999929,-0.0116237,0.00185547,-0.00198653,-0.00206269,0.000315749,-0.000583769,0.0779868,-0.00482801,-6.55456e-05,-0.0207372,0.00140098,0.0282908,21.3603,1,-0.0208657,0.007152,0.117738,0.999929,-0.011634,0.00185704,-0.00198945,-0.0764548,0.031195,0.670581,0.0777795,-0.004814,0.000217362,-0.0207532,0.00130209,0.122103
21.3603,0.999929,-0.0116233,0.00186178,-0.00199405,0.000200995,0.000448917,0.00088097,0.0778172,-0.00486943,0.000175792,-0.0212575,0.00144369,0.0288114,21.3803,1,-0.0235392,0.0255875,0.00260654,0.999929,-0.0116222,0.00186407,-0.00198967,-0.0958179,0.189182,0.0271755,0.0776047,-0.004855,0.000463906,-0.0212735,0.0013448,0.122624
21.3803,0.999929,-0.0116097,0.00188408,-0.00200851,0.0039289,0.000579849,-0.00138275,0.0776281,-0.0049687,0.000419216,-0.0216895,0.00141079,0.0288371,21.4003,1,0.00473084,0.00146192,0.00519782,0.999929,-0.01159,0.00188686,-0.00201549,0.130617,-0.00378445,0.0404981,0.0774112,-0.00495459,0.000707587,-0.0217057,0.00131202,0.122649
21.4003,0.999929,-0.0116062,0.00188484,-0.00201917,0.000200477,-0.000884887,0.000348298,0.077523,-0.00502335,0.000564075,-0.021639,0.00141577,0.0291006,21.4203,1,-0.0142295,0.031439,0.0592869,0.999929,-0.0116052,0.00188044,-0.00201737,-0.0225991,0.230716,0.345157,0.0773066,-0.00500919,0.000855081,-0.0216553,0.00131704,0.122913
21.4203,0.999929,-0.0116017,0.00189492,-0.00204371,6.63636e-05,0.00217574,-0.0041797,0.0774564,-0.00506103,0.000652866,-0.0218932,0.00127148,0.0289994,21.4403,1,-0.00773948,0.0278448,0.147912,0.999929,-0.0116014,0.00190556,-0.00206473,0.0271445,0.193902,0.841291,0.0772375,-0.00504832,0.000942861,-0.0219095,0.00117278,0.122812
21.4403,0.999929,-0.0116036,0.00189046,-0.00205591,-0.000199943,0.000711,-0.00191602,0.0773743,-0.00509649,0.000755313,-0.0221432,0.00119039,0.0286149,21.4603,1,-0.0392006,0.0275574,0.0590267,0.999929,-0.0116046,0.0018939,-0.00206553,-0.222368,0.19924,0.343381,0.0771528,-0.00508459,0.00104146,-0.0221595,0.00109167,0.122427
21.4603,0.999927,-0.0117777,0.00186366,-0.00205419,-0.0338893,-0.000222925,0.000613932,0.0771896,-0.00520573,0.00097444,-0.0227572,0.00352087,0.0315537,21.4803,1,0.0377352,0.049703,0.00197332,0.999925,-0.0119471,0.00186292,-0.00205079,0.395051,0.383149,0.0262028,0.076962,-0.00517052,0.00128998,-0.0227733,0.00342067,0.125366
21.4803,0.999927,-0.0117557,0.00184848,-0.00204445,0.00339499,-0.000755741,-0.000318137,0.0771188,-0.0051934,0.0010439,-0.0228247,0.00451795,0.029071,21.5003,1,0.0186232,0.019239,0.0631217,0.999927,-0.0117387,0.00184465,-0.00204603,0.241551,0.133516,0.366337,0.0768906,-0.00514822,0.00133461,-0.0228406,0.00441794,0.122883
21.5003,0.999927,-0.0117419,0.00184999,-0.00204156,0.00352815,0.000975301,0.000747113,0.0770793,-0.0051855,0.00108177,-0.0226952,0.00409909,0.0289988,21.5203,1,0.0120756,0.0131931,0.0265491,0.999927,-0.0117243,0.00185487,-0.00203791,0.189877,0.0884484,0.161084,0.0768523,-0.00514451,0.00137176,-0.0227112,0.0039992,0.122811
21.5203,0.999928,-0.0117079,0.00186624,-0.00203727,0.00139762,0.00283952,-0.000318144,0.0768298,-0.00521961,0.00131841,-0.0230176,0.00028689,0.0285913,21.5403,1,0.0142965,-0.0404755,0.0403757,0.999928,-0.0117009,0.0018804,-0.00203904,0.207921,-0.342233,0.234972,0.0765996,-0.00521674,0.00160432,-0.0230337,0.000187288,0.122404
21.5403,0.999927,-0.0117226,0.00188174,-0.00204407,-0.000333436,0.00110847,0.000347644,0.0764835,-0.00535336,0.00164623,-0.0237982,-0.00119616,0.0285285,21.5603,1,0.00590097,0.0570472,-0.0265677,0.999927,-0.0117243,0.0018873,-0.0020424,0.140265,0.443908,-0.133537,0.0762455,-0.00536532,0.00193152,-0.0238144,-0.00129588,0.122341
21.5603,0.999927,-0.0117211,0.00187483,-0.0020416,0.00046551,-0.00128838,0.000613963,0.0764525,-0.00538621,0.00165502,-0.0238167,-0.000891882,0.0285799,21.5803,1,0.00181401,0.00355426,0.106624,0.999928,-0.0117188,0.00186842,-0.00203846,0.106087,0.0035506,0.608671,0.0762143,-0.00539513,0.00194082,-0.0238328,-0.000991596,0.122392
21.5803,0.999928,-0.0117244,0.00186417,-0.00203531,-0.000733179,-0.00208988,0.00154602,0.0764183,-0.00541631,0.00166892,-0.0237334,-0.000712874,0.0285982,21.6003,1,0.0189038,-0.00310311,0.0975189,0.999927,-0.0117281,0.00185382,-0.00202745,0.243146,-0.0485016,0.557401,0.076181,-0.00542344,0.00195491,-0.0237495,-0.000812617,0.122411
21.6003,0.999928,-0.0117162,0.00184277,-0.00202746,0.000864499,-0.000228495,0.000348801,0.0763281,-0.0055203,0.00169917,-0.0239488,0.000129087,0.0288296,21.6203,1,0.0313853,0.0437066,0.0174787,0.999928,-0.0117119,0.00184164,-0.00202571,0.343677,0.33378,0.112401,0.0760886,-0.00551901,0.00198746,-0.0239647,2.94134e-05,0.122642
21.6203,0.999928,-0.011703,0.00184297,-0.00201011,0.000864493,0.00057045,0.00114775,0.0761116,-0.00561812,0.00185534,-0.0244788,-0.000555913,0.0292466,21.6403,1,-0.0344729,0.0253188,-0.001787,0.999928,-0.0116986,0.00184588,-0.00200441,-0.182606,0.187418,0.00254334,0.0758668,-0.00562368,0.00214781,-0.0244947,-0.000655474,0.123059
21.6403,0.999928,-0.0117002,0.00185982,-0.00200828,-0.000866561,-0.000894288,8.24868e-05,0.0759322,-0.00569256,0.00201159,-0.0247475,-0.00115439,0.0295574,21.6603,1,-0.020408,0.00226286,0.0303918,0.999928,-0.0117046,0.00185536,-0.00200781,-0.070202,6.04267e-05,0.181356,0.0756847,-0.00570411,0.00230716,-0.0247636,-0.00125393,0.12337
21.6603,0.999928,-0.0116991,0.00186636,-0.00199934,0.000331862,0.00216835,0.00221302,0.0758649,-0.00571852,0.00207347,-0.024648,-0.00129325,0.0297313,21.6803,1,-0.0225089,-0.0056076,0.0524786,0.999928,-0.0116974,0.00187733,-0.0019884,-0.0873137,-0.0650355,0.304434,0.0756185,-0.00573145,0.00237078,-0.0246641,-0.00139278,0.123544
21.6803,0.999928,-0.0117001,0.00186553,-0.00199992,6.55496e-05,0.00150256,-0.00124909,0.0757189,-0.00577424,0.00221132,-0.0250685,-0.00184134,0.0298438,21.7003,1,0.0172884,0.00542378,-0.0161744,0.999928,-0.0116998,0.00187297,-0.00200625,0.232025,0.0302578,-0.0788379,0.0754682,-0.00579265,0.00250976,-0.0250846,-0.00194087,0.123656
21.7003,0.999929,-0.0116429,0.00185287,-0.00196801,0.000730938,0.00149977,0.00141402,0.0754202,-0.00602362,0.00239591,-0.0252778,-0.00206322,0.0305568,21.7203,1,0.0278544,0.0147847,0.00354651,0.999929,-0.0116392,0.00186045,-0.00196103,0.31563,0.103562,0.0321273,0.0751675,-0.00604425,0.00270148,-0.0252938,-0.00216227,0.124369
21.7203,0.999929,-0.0116332,0.0018423,-0.00194503,0.000464626,-0.00103023,0.00194665,0.0753134,-0.00609066,0.00248404,-0.0253535,-0.00188668,0.0308741,21.7403,1,0.00802167,-0.0161924,0.0369449,0.999929,-0.0116309,0.00183725,-0.00193525,0.156863,-0.14757,0.216788,0.0750599,-0.00610953,0.00279278,-0.0253694,-0.00198565,0.124687
21.7403,0.999929,-0.0116241,0.00184395,-0.0019403,0.00232884,0.000967144,0.0011477,0.0752543,-0.00612266,0.00253629,-0.0254224,-0.00182197,0.0310631,21.7603,1,-0.00371355,0.00777555,0.0694432,0.999929,-0.0116124,0.00184883,-0.00193464,0.0619134,0.0409692,0.400161,0.0750001,-0.00614088,0.00284692,-0.0254383,-0.00192086,0.124875
21.7603,0.999929,-0.0116105,0.00185653,-0.00192999,-0.000333533,0.0017658,0.00274485,0.0751514,-0.00618026,0.00263673,-0.0254503,-0.00154401,0.0315081,21.7803,1,0.015949,0.0127976,0.0511156,0.999929,-0.0116122,0.00186552,-0.00191636,0.219369,0.0830425,0.298016,0.0748969,-0.0061957,0.00295181,-0.0254663,-0.00164279,0.12532
21.7803,0.999929,-0.0116218,0.00188071,-0.0019065,-0.00126585,0.000561998,0.00128002,0.0750054,-0.0063257,0.00278121,-0.0253982,-0.00182477,0.0311527,21.8003,1,0.0176105,-0.0276428,0.0501198,0.999929,-0.0116281,0.0018836,-0.00190012,0.233349,-0.240536,0.289695,0.0747514,-0.00634395,0.00309274,-0.0254143,-0.00192364,0.124965
21.8003,0.999929,-0.0116227,0.00188066,-0.00189795,6.56487e-05,-0.000372185,-0.000184729,0.0750678,-0.00646801,0.00264855,-0.0253314,-0.00278022,0.0307817,21.8203,1,-0.0316298,-0.0105236,0.084659,0.999929,-0.0116224,0.00187879,-0.00189886,-0.161538,-0.107518,0.483623,0.0748144,-0.00649582,0.00295637,-0.0253476,-0.0028791,0.124594
21.8203,0.999929,-0.0116247,0.00187781,-0.00189909,-0.000466984,0.000160447,-0.000317889,0.075081,-0.0065069,0.00261671,-0.0252849,-0.00292816,0.0307884,21.8403,1,-0.00881016,0.0217289,0.0152373,0.999929,-0.011627,0.0018786,-0.00190069,0.0219257,0.157252,0.0972752,0.0748281,-0.00653619,0.0029246,-0.0253011,-0.00302705,0.124601
21.8403,0.999929,-0.0116183,0.00187385,-0.00190742,0.000465124,0.000426764,-0.000451046,0.0750889,-0.00662841,0.0025587,-0.0257342,-0.00340659,0.0309584,21.8603,1,0.0204618,0.0375534,0.0426871,0.999929,-0.0116159,0.00187595,-0.00190971,0.255246,0.281787,0.252351,0.0748316,-0.00666247,0.00286829,-0.0257503,-0.00350543,0.124771
21.8603,0.999929,-0.0116095,0.00187846,-0.0019121,0.00192986,0.00175834,-0.000317889,0.0749465,-0.00687897,0.00260027,-0.0264162,-0.00402485,0.030874,21.8803,1,-0.00394498,-0.0076052,0.0767129,0.999929,-0.0115998,0.00188722,-0.00191381,0.0600047,-0.0830053,0.439701,0.0746823,-0.00691922,0.00290901,-0.0264323,-0.00412362,0.124686
21.8803,0.999929,-0.0115992,0.00185703,-0.00191928,0.00139723,-0.00263587,-0.00138315,0.0748118,-0.00700897,0.00269618,-0.0266013,-0.00402993,0.0309735,21.9003,1,0.00917582,0.0306046,0.0371756,0.999929,-0.0115923,0.00184376,-0.00192605,0.165061,0.226672,0.220987,0.0745458,-0.00704927,0.00300592,-0.0266173,-0.00412861,0.124786
21.9003,0.999929,-0.0116019,0.00185903,-0.00191377,-0.00139909,0.00242413,0.000614218,0.0746999,-0.00709372,0.00278566,-0.0267127,-0.00427723,0.0311624,21.9203,1,-0.00886283,0.0139282,0.0247866,0.999929,-0.0116089,0.0018712,-0.00191083,0.0212947,0.0941154,0.15032,0.0744328,-0.00713649,0.00309729,-0.0267287,-0.00437593,0.124975
21.9203,0.999929,-0.0115925,0.00184991,-0.00191676,0.00073069,0.000426111,-0.00098569,0.0745972,-0.00718058,0.00287323,-0.0269841,-0.00460302,0.0313888,21.9403,1,0.0180517,0.000855139,-0.030819,0.999929,-0.0115889,0.00185198,-0.00192172,0.237527,-0.00481426,-0.161605,0.0743274,-0.00722661,0.00318712,-0.027,-0.00470164,0.125201
21.9403,0.999929,-0.0115979,0.001837,-0.00193021,-0.000867021,-0.00170996,-0.00271685,0.074499,-0.00735901,0.00291094,-0.0273233,-0.00491519,0.0309925,21.9603,1,-0.0119758,0.00825179,-0.0118791,0.999929,-0.0116022,0.0018283,-0.00194368,-0.00298555,0.0522335,-0.0552984,0.0742258,-0.00740816,0.00322087,-0.0273391,-0.00501386,0.124805
21.9603,0.999927,-0.0117766,0.00181453,-0.00195589,0.000464512,-0.0017121,0.00021262,0.0745635,-0.00754258,0.00271526,-0.0276743,-0.00175013,0.0307129,21.9803,1,0.0083747,0.0514681,0.0342875,0.999927,-0.0117743,0.00180598,-0.00195473,0.159718,0.394127,0.206407,0.0742867,-0.00756009,0.00302239,-0.0276899,-0.00185032,0.124525
21.9803,0.999927,-0.0117667,0.001811,-0.00195527,0.00246189,1.89651e-05,0.000212602,0.074567,-0.00756231,0.00267627,-0.0277424,-0.00187163,0.0307666,22.0003,1,-0.0347745,-0.0227526,0.0241784,0.999927,-0.0117544,0.00181108,-0.00195423,-0.184146,-0.199299,0.144474,0.0742896,-0.00758103,0.00298393,-0.027758,-0.00197174,0.124579
22.0003,0.999927,-0.0117416,0.00183078,-0.00198937,0.000464519,0.00268212,-0.000985834,0.0745313,-0.00768463,0.00258589,-0.0277326,-0.00499997,0.0308087,22.0203,1,0.00835743,-0.0037975,0.0727446,0.999927,-0.0117392,0.00184413,-0.00199446,0.159529,-0.0516847,0.418286,0.074254,-0.00773463,0.00289397,-0.0277484,-0.00509986,0.124621
22.0203,0.999927,-0.0117502,0.00183324,-0.00197943,-0.00126659,0.00148143,0.00114467,0.07455,-0.00796665,0.00240055,-0.027714,-0.00752536,0.0307616,22.0403,1,0.00932746,-0.00309523,0.0609209,0.999927,-0.0117565,0.00184072,-0.00197379,0.167592,-0.044977,0.352088,0.0742728,-0.0080419,0.00270816,-0.0277298,-0.00762532,0.124574
22.0403,0.999927,-0.0117747,0.00182688,-0.00199564,-0.00299764,-0.00211384,-0.00351586,0.0745404,-0.00809289,0.00234874,-0.0277686,-0.00751936,0.0305578,22.0603,1,0.0258535,0.0316405,0.0403503,0.999927,-0.0117897,0.00181614,-0.00201306,0.29976,0.235126,0.239453,0.0742627,-0.00816808,0.00265431,-0.0277843,-0.00761953,0.12437
22.0603,0.999927,-0.0117693,0.00182404,-0.00200605,0.000464468,0.000283015,-0.000985865,0.0745094,-0.00821783,0.00232262,-0.0279334,-0.00742921,0.0307218,22.0803,1,-0.0264272,-0.0288485,0.058127,0.999927,-0.011767,0.0018254,-0.002011,-0.117864,-0.251224,0.334522,0.0742301,-0.00829212,0.00262984,-0.0279491,-0.00752933,0.124534
22.0803,0.999927,-0.0117638,0.00183322,-0.0020075,0.000331597,0.00134518,-0.00138493,0.0744269,-0.00843792,0.00229419,-0.0283857,-0.0064342,0.0305347,22.1003,1,-0.0127753,-0.0264699,0.0196064,0.999927,-0.0117621,0.00183986,-0.0020145,-0.00800615,-0.228451,0.119148,0.0741431,-0.00850227,0.00259953,-0.0284015,-0.00653428,0.124347
22.1003,0.999928,-0.011741,0.00180909,-0.00199573,-0.000866824,-0.00145115,0.0016777,0.0742287,-0.00874067,0.00235862,-0.0284817,-0.00734467,0.030749,22.1203,1,0.0134746,0.0297487,0.0236047,0.999927,-0.0117453,0.00180194,-0.00198725,0.200824,0.22151,0.145436,0.0739438,-0.00881411,0.00266611,-0.0284973,-0.00744456,0.124561
22.1203,0.999928,-0.0117406,0.00180138,-0.00199432,6.52802e-05,-0.00118483,0.000346126,0.0741788,-0.00879509,0.00238952,-0.0284833,-0.00729238,0.0307876,22.1403,1,-0.0532124,0.0759169,-0.0397644,0.999928,-0.0117403,0.00179548,-0.00199252,-0.332861,0.595839,-0.207099,0.073894,-0.00886802,0.00269739,-0.0284988,-0.00739226,0.1246
22.1403,0.999928,-0.0117363,0.00179888,-0.00201024,-6.78766e-05,-0.00185062,-0.00111861,0.0739283,-0.00902634,0.00256968,-0.0290256,-0.00815499,0.0313595,22.1603,1,0.00133287,0.05697,0.0560513,0.999927,-0.0117367,0.00178956,-0.00201573,0.102529,0.436141,0.328843,0.0736381,-0.00910789,0.00288328,-0.0290411,-0.00825484,0.125172
22.1603,0.999928,-0.0117213,0.00178794,-0.00200538,0.000465045,0.00147531,-0.00231708,0.0737205,-0.00931378,0.00265178,-0.029778,-0.00848969,0.03099,22.1803,1,-0.0137065,0.00724973,0.0386497,0.999928,-0.011719,0.00179517,-0.00201705,-0.016624,0.0398584,0.227982,0.0734227,-0.00939867,0.00296168,-0.0297934,-0.00858941,0.124802
22.1803,0.999928,-0.0117366,0.00178528,-0.0020026,-0.0011326,0.000141397,-0.00018658,0.0737075,-0.00947169,0.00255321,-0.0296864,-0.00849264,0.0308859,22.2003,1,0.0155413,-0.0102102,-0.0282364,0.999927,-0.0117422,0.00178599,-0.00200353,0.218727,-0.0930496,-0.14742,0.0734106,-0.00955662,0.00286207,-0.0297018,-0.00859249,0.124698
22.2003,0.999928,-0.0117264,0.00177087,-0.00200755,0.00113108,-0.00132334,-0.00085238,0.0737157,-0.00957446,0.00247415,-0.0293946,-0.00870937,0.0309024,22.2203,1,-0.0445293,0.022886,0.0803688,0.999928,-0.0117207,0.00176419,-0.00201175,-0.264325,0.160717,0.462286,0.0734217,-0.00966156,0.00278317,-0.0294099,-0.00880913,0.124715
22.2203,0.999928,-0.0117092,0.00175153,-0.00200262,0.00206529,-0.00252719,-0.00138384,0.0738061,-0.00985882,0.0022021,-0.0289865,-0.00885352,0.0304184,22.2403,1,0.023142,-0.000382004,0.0417116,0.999928,-0.0116989,0.0017388,-0.0020094,0.278111,-0.0205887,0.244972,0.0735162,-0.00994736,0.00250629,-0.0290016,-0.00895313,0.124231
22.2403,0.999928,-0.0116757,0.00173613,-0.0019967,0.00179898,0.000135978,-0.00111752,0.0737953,-0.0100837,0.00210608,-0.0287735,-0.00849749,0.0303748,22.2603,1,0.0177567,0.0016269,0.0610482,0.999928,-0.0116668,0.00173672,-0.00200231,0.234386,-0.00626527,0.353283,0.0735076,-0.0101687,0.00240982,-0.0287885,-0.00859682,0.124187
22.2603,0.999928,-0.0116674,0.00175364,-0.00199566,0.00100003,0.00293229,-0.000185422,0.0737566,-0.0101726,0.00211082,-0.0285655,-0.00829748,0.0305577,22.2803,1,0.0468695,-0.00403352,0.024443,0.999928,-0.0116624,0.00176828,-0.00199676,0.467859,-0.0478085,0.148227,0.0734709,-0.0102556,0.0024164,-0.0285806,-0.00839674,0.12437
22.2803,0.999928,-0.0116642,0.0017411,-0.00199495,-0.000198114,-0.0010647,-0.000451759,0.0737696,-0.0103684,0.00202254,-0.0280609,-0.00812948,0.0308566,22.3003,1,0.00294326,0.00547025,0.0719438,0.999928,-0.0116653,0.00173576,-0.00199715,0.115525,0.0232,0.414385,0.0734889,-0.0104497,0.00233111,-0.0280759,-0.00822871,0.124669
22.3003,0.999929,-0.0116351,0.00170747,-0.0020111,0.000467683,-0.00292891,-0.00125071,0.0736808,-0.0105786,0.0020541,-0.0285671,-0.0090079,0.0315785,22.3203,1,0.0448757,-0.0194635,0.0242146,0.999929,-0.0116328,0.00169275,-0.00201719,0.451905,-0.170868,0.145998,0.0733952,-0.0106687,0.00236988,-0.0285818,-0.00910689,0.125391
22.3203,0.999929,-0.0116211,0.00167506,-0.00202763,0.00313084,-0.00186366,-0.00165017,0.0736121,-0.0106764,0.00211188,-0.0283218,-0.00947814,0.0315631,22.3403,1,0.000979527,0.0657282,0.0176793,0.999929,-0.0116055,0.00166561,-0.00203579,0.0992857,0.510791,0.114612,0.0733289,-0.0107712,0.00242751,-0.0283363,-0.00957701,0.125375
22.3403,0.999929,-0.0116149,0.00167005,-0.00202483,0.0013996,-0.00053205,0.000613602,0.0735706,-0.0107271,0.00214977,-0.0284602,-0.00941021,0.031819,22.3603,1,-0.0205727,-0.0103574,-0.00878777,0.999929,-0.0116079,0.00166742,-0.00202174,-0.0713941,-0.0957262,-0.0387385,0.073286,-0.0108212,0.00246796,-0.0284746,-0.00950903,0.125631
22.3603,0.999929,-0.0115875,0.00166484,-0.00203137,0.00153407,-0.000804026,-0.00338124,0.0734971,-0.0109572,0.00218631,-0.028193,-0.00987655,0.0307818,22.3803,1,0.0267512,0.0168777,0.0300301,0.999929,-0.0115798,0.00166061,-0.00204824,0.305932,0.119357,0.180866,0.0732152,-0.011056,0.00249413,-0.0282074,-0.00997513,0.124594
22.3803,0.999928,-0.0117428,0.00165449,-0.00203231,0.000735129,-0.000670873,8.08805e-05,0.0734679,-0.0110947,0.00220045,-0.0283417,-0.00772882,0.0305009,22.4003,1,0.00987757,0.0220717,0.034246,0.999928,-0.0117391,0.00165113,-0.00203187,0.172063,0.16028,0.204678,0.0731845,-0.011172,0.00250546,-0.028356,-0.00782872,0.124313
22.4003,0.999928,-0.0117332,0.00164855,-0.0020253,0.00219987,-0.000670876,0.00167877,0.0734464,-0.0111246,0.00221478,-0.0283044,-0.00857133,0.0308551,22.4203,1,1.81047e-05,0.0403831,-0.0100043,0.999928,-0.0117222,0.00164527,-0.00201689,0.093407,0.310804,-0.0420346,0.0731634,-0.0112103,0.00252333,-0.0283187,-0.00867115,0.124667
22.4203,0.999928,-0.0117178,0.00164424,-0.00202206,0.0036646,-0.000271396,0.000746671,0.0734208,-0.0111622,0.0022366,-0.0281819,-0.00952993,0.030929,22.4403,1,0.0158421,0.00910376,0.00593325,0.999928,-0.0116995,0.00164289,-0.00201834,0.220228,0.0593734,0.0452885,0.0731389,-0.0112575,0.00254589,-0.0281961,-0.00962962,0.124741
22.4403,0.999928,-0.0116804,0.00162691,-0.00201928,6.99561e-05,0.000657874,-0.000318629,0.0732758,-0.0115027,0.00233824,-0.0284595,-0.012975,0.0303794,22.4603,1,0.00288988,-0.00194905,0.0754689,0.999928,-0.0116801,0.00163018,-0.00202092,0.115343,-0.0355748,0.43377,0.0729912,-0.0116324,0.00264203,-0.0284735,-0.0130743,0.124192
22.4603,0.999929,-0.0116735,0.00157945,-0.00199004,-0.000462675,-0.00173897,0.00127927,0.0732146,-0.0117438,0.00234007,-0.0285841,-0.0122624,0.0303157,22.4803,1,0.000164272,-0.0120366,0.0680052,0.999929,-0.0116758,0.00157084,-0.00198354,0.0938115,-0.115239,0.391134,0.0729287,-0.0118664,0.00264323,-0.0285978,-0.0123617,0.124128
22.4803,0.999929,-0.0116725,0.00158132,-0.00198747,-0.000196358,0.000524716,0.000613478,0.0731503,-0.0118566,0.00237129,-0.0286897,-0.0117109,0.0301448,22.5003,1,-0.0168031,0.045035,0.0427471,0.999929,-0.0116735,0.00158398,-0.00198443,-0.0424858,0.343371,0.253269,0.0728634,-0.0119737,0.00267274,-0.0287033,-0.0118103,0.123957
22.5003,0.999929,-0.0116774,0.00157155,-0.0019809,-0.00139559,-0.00173896,0.00154628,0.073111,-0.0119111,0.00239559,-0.0286024,-0.011633,0.0302137,22.5203,1,-0.0367051,0.0532868,0.0262612,0.999929,-0.0116844,0.00156296,-0.00197306,-0.201603,0.410688,0.16128,0.072825,-0.0120275,0.00269773,-0.028616,-0.0117324,0.124026
22.5203,0.999929,-0.0116332,0.00158625,-0.00199908,0.0040639,0.00145682,-0.000717403,0.07287,-0.0121887,0.0025675,-0.0294654,-0.0119649,0.0299571,22.5403,1,-0.00677594,0.0114794,0.0196638,0.999929,-0.0116129,0.00159345,-0.00200278,0.0384027,0.077204,0.121989,0.0725753,-0.0123083,0.00286708,-0.0294791,-0.0120638,0.123769
22.5403,0.999929,-0.0115993,0.00161054,-0.00197644,-0.000329407,0.00318463,0.00327727,0.0725925,-0.0124685,0.00277829,-0.0300435,-0.0131222,0.0300117,22.5603,1,-0.0111767,0.0719112,0.0992806,0.999929,-0.0116009,0.00162666,-0.00196023,0.000265201,0.553073,0.571486,0.0722921,-0.0125998,0.00307841,-0.0300574,-0.0132209,0.123824
22.5603,0.99993,-0.0115877,0.0016184,-0.00197175,0.00273324,0.00265199,0.00114675,0.0725214,-0.0125349,0.00283366,-0.0301012,-0.0134921,0.0298455,22.5803,1,0.0175718,0.0267776,0.064569,0.99993,-0.011574,0.0016317,-0.0019662,0.231766,0.195584,0.374471,0.0722204,-0.0126698,0.00313211,-0.0301151,-0.0135907,0.123658
22.5803,0.99993,-0.0115873,0.00161352,-0.00197064,-6.30822e-05,-0.000543804,0.000214643,0.072445,-0.0126029,0.00289342,-0.030318,-0.013409,0.0300035,22.6003,1,0.00159587,-0.0145667,0.0294243,0.99993,-0.0115876,0.00161082,-0.00196953,0.105264,-0.132129,0.174863,0.0721418,-0.012737,0.00319345,-0.0303319,-0.0135076,0.123816
22.6003,0.99993,-0.0115708,0.00161035,-0.00197931,0.000337618,-0.00134676,0.000214588,0.0719198,-0.0130544,0.00329582,-0.0314305,-0.013832,0.0304569,22.6203,1,-0.0169866,0.0207391,0.0253942,0.99993,-0.0115691,0.00160363,-0.00197816,-0.0440355,0.150407,0.154465,0.0716055,-0.0131927,0.00360039,-0.0314444,-0.0139304,0.124269
22.6203,0.99993,-0.0115695,0.00158305,-0.00197328,0.000204451,0.000783765,0.00167933,0.0716477,-0.013329,0.00344646,-0.0316326,-0.0138559,0.03051,22.6403,1,0.00531232,0.0104098,-0.000592413,0.99993,-0.0115685,0.00158707,-0.00196493,0.134889,0.070748,0.00845388,0.0713314,-0.0134675,0.00375156,-0.0316463,-0.0139543,0.124322
22.6403,0.99993,-0.0115652,0.00158502,-0.0019729,0.000870731,0.00118326,8.09452e-05,0.0715778,-0.013387,0.00349134,-0.0317039,-0.0138213,0.0303803,22.6603,1,-0.0188218,-0.0185193,0.0195868,0.99993,-0.0115609,0.00159093,-0.00197257,-0.0580477,-0.162926,0.119354,0.0712607,-0.0135253,0.00379515,-0.0317176,-0.0139197,0.124193
22.6603,0.99993,-0.0115679,0.00158656,-0.00197251,-0.000860326,0.0010501,8.09461e-05,0.0715036,-0.0134447,0.00354086,-0.0315392,-0.0135454,0.0304158,22.6803,1,0.0108512,-0.0145986,0.0384188,0.99993,-0.0115722,0.00159182,-0.00197216,0.179005,-0.132845,0.225317,0.0711882,-0.0135801,0.00384502,-0.0315529,-0.0136438,0.124228
22.6803,0.99993,-0.0115592,0.00158872,-0.00196828,-0.000326731,0.000646768,-0.000451732,0.071314,-0.013647,0.0036327,-0.0314654,-0.0138447,0.0304096,22.7003,1,-0.0289082,-0.0134247,-0.0236083,0.99993,-0.0115608,0.00159193,-0.00197058,-0.138337,-0.118362,-0.12231,0.0709993,-0.0137854,0.0039368,-0.0314791,-0.013943,0.124222
22.7003,0.99993,-0.0115545,0.0015577,-0.00194548,0.00127323,-0.00109009,0.000213991,0.07147,-0.0137864,0.00332401,-0.031559,-0.0139987,0.0295861,22.7203,1,-0.0172416,0.0054638,-0.0218352,0.99993,-0.0115482,0.00155225,-0.00194436,-0.0453366,0.0330008,-0.111175,0.0711544,-0.0139264,0.00361987,-0.0315724,-0.014097,0.123398
22.7203,0.99993,-0.011548,0.00155839,-0.00194825,0.00127323,0.00130676,-0.000718124,0.0714925,-0.0138161,0.00326909,-0.0313618,-0.0139628,0.0295506,22.7403,1,0.0202827,0.0090364,-0.00975154,0.99993,-0.0115416,0.00156487,-0.00195193,0.254587,0.0610397,-0.0429364,0.0711789,-0.0139557,0.0035646,-0.0313753,-0.014061,0.123363
22.7403,0.999931,-0.0115242,0.00151463,-0.00194382,0.00180586,0.000108339,0.00167872,0.0715266,-0.0139135,0.00314375,-0.0313245,-0.0140637,0.0292897,22.7603,1,0.0200069,-0.00659651,0.0620263,0.999931,-0.0115151,0.00151525,-0.00193544,0.251391,-0.0702666,0.357929,0.0712133,-0.0140541,0.00343665,-0.0313376,-0.0141618,0.123102
22.7603,0.999931,-0.0114759,0.00151605,-0.00194823,0.00193902,0.00250518,-0.000185484,0.0714803,-0.0141104,0.0030525,-0.0306601,-0.0141916,0.0292943,22.7803,1,-0.0104386,0.0045105,0.00222878,0.999931,-0.0114662,0.00152855,-0.00194931,0.00820059,0.0235866,0.0235909,0.0711737,-0.0142523,0.00334544,-0.0306731,-0.0142892,0.123107
22.7803,0.999931,-0.0114537,0.00149224,-0.00193889,0.00034203,0.000904251,8.07961e-05,0.0715865,-0.0142582,0.00280779,-0.030809,-0.0140772,0.0291892,22.8003,1,-0.061042,-0.0398529,0.00263215,0.999931,-0.011452,0.00149676,-0.00193854,-0.39633,-0.331895,0.0225016,0.0712784,-0.0143989,0.00309968,-0.0308218,-0.0141746,0.123001
22.8003,0.999931,-0.0114562,0.00150059,-0.00193756,-0.000989975,0.00316741,0.000346627,0.0715904,-0.014292,0.00277726,-0.0305289,-0.0142318,0.0291965,22.8203,1,0.0170656,0.0447121,0.0282526,0.999931,-0.0114611,0.00151646,-0.001936,0.226991,0.343361,0.172049,0.0712851,-0.0144343,0.00306922,-0.0305419,-0.0143293,0.123009
22.8203,0.999932,-0.0114433,0.00148608,-0.00193776,0.0019395,-0.0012268,0.000479787,0.0715828,-0.0143657,0.00273623,-0.0306094,-0.0139846,0.0292833,22.8403,1,0.0284331,0.0679529,-0.0123243,0.999932,-0.0114336,0.00147996,-0.00193531,0.317833,0.533299,-0.053599,0.0712767,-0.0145055,0.00302906,-0.0306223,-0.0140819,0.123096
22.8403,0.99993,-0.0115715,0.00144289,-0.00191707,0.00194097,0.000634025,0.00101236,0.0714813,-0.014508,0.0027436,-0.029741,-0.0115524,0.0285804,22.8603,1,-0.0154044,0.00504425,0.0286949,0.99993,-0.0115618,0.0014461,-0.00191206,-0.031113,0.0259217,0.171612,0.0711839,-0.0146235,0.0030294,-0.0297534,-0.0116509,0.122393
22.8603,0.99993,-0.0115548,0.00144028,-0.00191406,0.00380519,0.000367712,0.000746037,0.0714673,-0.0145249,0.00274786,-0.0296892,-0.0122703,0.0285585,22.8803,1,-0.0162682,0.015333,0.089944,0.999931,-0.0115358,0.00144212,-0.00191037,-0.0393671,0.102619,0.515185,0.0711704,-0.0146476,0.00303345,-0.0297017,-0.0123686,0.122371
22.8803,0.999931,-0.0115473,0.00143189,-0.00191522,0.00154151,-0.00109703,-0.000319223,0.0714503,-0.0145492,0.00275782,-0.0292397,-0.0130599,0.0286137,22.9003,1,0.0072533,0.0221747,0.0562843,0.999931,-0.0115396,0.00142637,-0.00191677,0.149244,0.160863,0.327368,0.0711579,-0.0146798,0.00304396,-0.029252,-0.0131581,0.122426
22.9003,0.999931,-0.0115323,0.00138207,-0.00191245,-0.00072218,-0.000298082,-0.000851856,0.0713125,-0.0147617,0.00288719,-0.0290052,-0.0151404,0.0286454,22.9203,1,-0.0530879,0.0238069,0.0136459,0.999931,-0.0115359,0.00138054,-0.00191668,-0.333095,0.177334,0.0882287,0.0710224,-0.0149131,0.00317364,-0.0290172,-0.0152385,0.122458
22.9203,0.999931,-0.0115393,0.00133991,-0.0019093,0.000211082,-0.00429662,0.00194443,0.0714149,-0.0149664,0.00268051,-0.0283848,-0.0147452,0.0278616,22.9403,1,-0.0639259,-0.0227899,0.0598208,0.999931,-0.0115382,0.00131854,-0.00189934,-0.419729,-0.199481,0.343669,0.071131,-0.0151139,0.00295913,-0.0283964,-0.0148434,0.121674
22.9403,0.999931,-0.0115334,0.00133035,-0.00190264,7.79284e-05,-0.00016872,0.000479679,0.0714106,-0.0150374,0.00266271,-0.0282248,-0.0143438,0.0281246,22.9603,1,-0.00977779,0.0227299,0.0772399,0.999931,-0.011533,0.00132953,-0.00190023,0.0125782,0.163943,0.444528,0.0711283,-0.0151808,0.00294396,-0.0282363,-0.0144419,0.121937
22.9603,0.999931,-0.0115377,0.00133369,-0.00190402,-0.00138646,0.00169578,-0.000319933,0.0714013,-0.0150728,0.00266343,-0.028063,-0.0141956,0.0279789,22.9803,1,-0.0217178,-0.0078419,0.035283,0.999931,-0.0115446,0.00134216,-0.00190571,-0.0817684,-0.0769784,0.207555,0.0711206,-0.0152148,0.00294322,-0.0280745,-0.0142937,0.121791
22.9803,0.999931,-0.0114969,0.0013316,-0.00188341,0.00234196,0.00129631,0.00340849,0.0712535,-0.0152998,0.00278393,-0.0278768,-0.0139181,0.028198,23.0003,1,-0.0263859,-0.00173676,0.114372,0.999931,-0.0114851,0.00133825,-0.00186646,-0.120926,-0.0353892,0.650606,0.0709747,-0.015439,0.00306591,-0.0278884,-0.0140159,0.12201
23.0003,0.999932,-0.0114758,0.00131022,-0.00189912,0.0020792,0.00168615,-0.00125218,0.0715479,-0.0153281,0.00245995,-0.0277412,-0.0147921,0.0279379,23.0203,1,-0.00392106,0.0161043,0.0661509,0.999932,-0.0114654,0.00131856,-0.00190549,0.0592883,0.112236,0.382036,0.0712705,-0.015476,0.00273933,-0.0277526,-0.0148898,0.12175
23.0203,0.999932,-0.0114661,0.00130137,-0.00190404,0.00194604,-0.000977023,-0.00125217,0.0716374,-0.0153344,0.00236075,-0.0275624,-0.0150191,0.0279871,23.0403,1,-0.0238134,-0.0312603,0.0326927,0.999932,-0.0114564,0.00129639,-0.00191026,-0.0987495,-0.263825,0.191534,0.0713618,-0.0154846,0.00264062,-0.0275736,-0.0151166,0.121799
23.0403,0.999932,-0.0114379,0.00128793,-0.00189446,0.00141341,-0.000311225,7.93984e-05,0.0718724,-0.0153715,0.00211027,-0.026778,-0.0152166,0.0278132,23.0603,1,-0.0183907,-0.0251881,0.0513839,0.999932,-0.0114308,0.00128637,-0.00189406,-0.0559255,-0.216756,0.296574,0.0716046,-0.0155236,0.0023884,-0.0267891,-0.0153139,0.121625
23.0603,0.999932,-0.0114468,0.00127871,-0.0018861,-0.00231502,0.000487725,0.00340836,0.0722021,-0.0154915,0.00177725,-0.026351,-0.0145306,0.0270022,23.0803,1,-0.0157782,0.00465534,0.0692943,0.999932,-0.0114583,0.00128136,-0.00186907,-0.0356547,0.0204529,0.398742,0.0719386,-0.0156368,0.00204727,-0.0263621,-0.014628,0.120815
23.0803,0.999932,-0.01142,0.00127917,-0.00187794,0.00101495,0.000751031,-0.000985907,0.0724176,-0.01556,0.00154472,-0.0261765,-0.014627,0.026758,23.1003,1,-0.0282423,0.00741025,-0.00366501,0.999932,-0.0114149,0.00128286,-0.00188292,-0.134677,0.0489596,-0.00973916,0.0721558,-0.0157063,0.0018123,-0.0261876,-0.0147242,0.12057
23.1003,0.999932,-0.0114174,0.00127149,-0.00187176,0.000215762,-0.000846643,0.0015435,0.072485,-0.0155729,0.00147013,-0.0263046,-0.01472,0.0264461,23.1203,1,-0.00105125,-0.0121465,0.0181862,0.999932,-0.0114164,0.00126734,-0.00186399,0.0829051,-0.109012,0.111531,0.072222,-0.0157201,0.0017346,-0.0263156,-0.0148172,0.120258
23.1203,0.999932,-0.0114215,0.00126595,-0.00185948,-0.00218108,-0.000580334,0.00127718,0.0725993,-0.0156075,0.00133826,-0.0262623,-0.0149785,0.0263433,23.1403,1,-0.0122709,0.0431347,0.0148091,0.999932,-0.0114324,0.00126314,-0.00185305,-0.0076827,0.333402,0.0959987,0.0723366,-0.0157573,0.0016017,-0.0262732,-0.0150756,0.120156
23.1403,0.999932,-0.0114283,0.00123668,-0.00185151,0.00141419,-0.000180846,0.00287508,0.0727866,-0.0157352,0.00112629,-0.0258664,-0.015363,0.0266966,23.1603,1,-0.0128969,0.0598715,0.0219441,0.999932,-0.0114212,0.00123593,-0.00183713,-0.013039,0.466869,0.136967,0.0725279,-0.0158889,0.00139326,-0.0258771,-0.0154602,0.120509
23.1603,0.999932,-0.0114251,0.00123814,-0.00184278,-4.89978e-05,-5.04033e-05,0.000744513,0.0728826,-0.0158163,0.00104675,-0.025728,-0.0154489,0.0268516,23.1803,1,-0.0713191,-0.0325925,0.0523139,0.999932,-0.0114253,0.00123793,-0.00183905,-0.479558,-0.276416,0.300632,0.0726253,-0.0159708,0.00131527,-0.0257387,-0.0155461,0.120664
23.1803,0.999932,-0.0114237,0.00124147,-0.00184948,-4.89988e-05,0.00181381,-0.00165233,0.072912,-0.0158425,0.0010263,-0.0256051,-0.0153766,0.0268137,23.2003,1,-0.00686744,-0.0201922,0.0124541,0.999932,-0.0114239,0.00125044,-0.00185784,0.0366006,-0.172696,0.0787527,0.072656,-0.0159963,0.00129443,-0.0256158,-0.0154738,0.120626
23.2003,0.999932,-0.0114045,0.00123489,-0.00188268,-4.78005e-05,0.00234321,-0.00391606,0.0731102,-0.0159507,0.000883425,-0.0254015,-0.0151847,0.0268276,23.2203,1,0.00839847,0.0538939,0.0406102,0.999932,-0.0114048,0.00124639,-0.00190239,0.156995,0.417687,0.241421,0.0728562,-0.0161025,0.0011517,-0.0254122,-0.0152817,0.12064
23.2203,0.999933,-0.0113826,0.00123128,-0.00186063,-0.00164571,0.00181059,0.00101079,0.0733838,-0.0160515,0.000684615,-0.0248604,-0.0149182,0.0264788,23.2403,1,-0.0166283,-0.00128226,0.057995,0.999933,-0.0113908,0.0012404,-0.00185567,-0.0426746,-0.0256182,0.334955,0.0731352,-0.0162007,0.000949403,-0.0248711,-0.0150151,0.120291
23.2403,0.999933,-0.0113925,0.00123037,-0.00185764,-0.00284413,0.00061217,0.00074448,0.0734117,-0.0160754,0.000671049,-0.0246769,-0.0150135,0.0265287,23.2603,1,-0.0235678,-0.00458827,0.0215063,0.999932,-0.0114067,0.0012335,-0.00185393,-0.0975803,-0.0488519,0.13037,0.073165,-0.0162255,0.000936336,-0.0246876,-0.0151104,0.120341
23.2603,0.999933,-0.0113847,0.00121856,-0.00184929,0.00181616,0.00047884,0.00393976,0.0734604,-0.0161618,0.000667201,-0.0248238,-0.0152396,0.0264419,23.2803,1,-0.0259454,-0.0174562,0.0575085,0.999933,-0.0113756,0.00122116,-0.00182963,-0.11697,-0.154989,0.33107,0.0732122,-0.0163142,0.00093162,-0.0248343,-0.0153365,0.120254
23.2803,0.999931,-0.0115193,0.00117902,-0.00184141,0.00381353,-0.000719578,0.000743973,0.0734112,-0.0162877,0.000842737,-0.02513,-0.0126555,0.0263873,23.3003,1,-0.0287513,-0.00716422,0.0140344,0.999932,-0.0115002,0.00117543,-0.00183767,-0.137917,-0.0684538,0.0882416,0.0731599,-0.0164143,0.00110661,-0.0251402,-0.0127535,0.1202
23.3003,0.999932,-0.0114972,0.0011756,-0.00184807,0.000220055,0.00140728,-0.00151977,0.0735536,-0.0162773,0.000748624,-0.0246461,-0.0150441,0.0262054,23.3203,1,-0.0172477,0.00110428,0.0411288,0.999932,-0.011496,0.00118254,-0.00185575,-0.0464896,-0.00459967,0.240602,0.0733071,-0.0164278,0.00101068,-0.0246563,-0.0151419,0.120018
23.3203,0.999932,-0.0114907,0.00116886,-0.00184984,0.00115366,-0.00072585,-0.000454538,0.0736064,-0.0162814,0.000716445,-0.0246112,-0.0155292,0.0259684,23.3403,1,-0.00623277,0.0612316,0.0852707,0.999932,-0.0114849,0.00116519,-0.00185207,0.0398537,0.472589,0.491684,0.0733603,-0.0164367,0.000976129,-0.0246214,-0.015627,0.119781
23.3403,0.999932,-0.0114876,0.00118264,-0.00183605,-0.000976872,0.00207046,0.00194231,0.0737614,-0.0163563,0.000637354,-0.0245015,-0.0168286,0.0253865,23.3603,1,-0.0400894,0.00491756,0.06804,0.999932,-0.0114925,0.00119311,-0.00182645,-0.229796,0.0230645,0.391298,0.0735164,-0.0165246,0.000891218,-0.0245118,-0.0169263,0.119199
23.3603,0.999932,-0.0114784,0.00113409,-0.00182086,0.00288624,-0.00299252,-0.001653,0.0741182,-0.0163838,0.000382451,-0.0245856,-0.0155516,0.0253765,23.3803,1,0.0292294,0.0504415,0.0367341,0.999932,-0.011464,0.001119,-0.00182896,0.32436,0.391506,0.219298,0.0738723,-0.0165393,0.000636216,-0.0245955,-0.0156492,0.119189
23.3803,0.999932,-0.0114405,0.00112645,-0.00182197,0.00182097,7.01068e-05,0.000477524,0.0742328,-0.016388,0.000311974,-0.0246114,-0.0147246,0.0252309,23.4003,1,0.0245225,0.0340546,-0.0433791,0.999932,-0.0114314,0.00112681,-0.00181959,0.287418,0.267751,-0.230386,0.0739867,-0.0165352,0.000564283,-0.0246211,-0.0148219,0.119043
23.4003,0.999932,-0.0114409,0.00113351,-0.00181911,-0.000574761,0.00259991,0.000743463,0.0742595,-0.0163908,0.000298165,-0.0245731,-0.0145131,0.0250126,23.4203,1,-0.0244371,-0.017563,0.0241504,0.999932,-0.0114438,0.00114656,-0.00181554,-0.103988,-0.152122,0.144132,0.0740137,-0.0165359,0.000548291,-0.0245829,-0.0146104,0.118825
23.4203,0.999933,-0.0114159,0.00115436,-0.00180574,0.00275419,0.00273307,-0.000854444,0.0743353,-0.0164379,0.000300595,-0.0233188,-0.014584,0.0249564,23.4403,1,-0.00662073,0.0124748,0.0112739,0.999933,-0.0114021,0.00116795,-0.00181019,0.0380657,0.0894332,0.0739948,0.0741021,-0.0165837,0.000550158,-0.0233288,-0.0146811,0.118769
23.4403,0.999933,-0.0113968,0.00113274,-0.00178973,0.00102314,-0.0001964,-0.00125391,0.0743152,-0.0165529,0.000452801,-0.0234827,-0.0153036,0.025575,23.4603,1,-0.033273,0.0163708,0.0363171,0.999933,-0.0113917,0.00113168,-0.00179599,-0.175677,0.11812,0.214205,0.0740804,-0.016706,0.000708552,-0.0234925,-0.0154006,0.119387
23.4603,0.999933,-0.0114015,0.00113538,-0.00178947,-0.00150687,0.00126834,7.76659e-05,0.0743221,-0.0165672,0.000477764,-0.0234813,-0.015352,0.025583,23.4803,1,-0.0382008,0.0360207,0.0752845,0.999933,-0.011409,0.00114174,-0.00178915,-0.215959,0.271687,0.433601,0.0740873,-0.0167207,0.000733594,-0.0234911,-0.015449,0.119395
23.4803,0.999933,-0.0113923,0.0011326,-0.00178275,0.00182391,6.70336e-05,0.00167553,0.0743245,-0.0165842,0.00050723,-0.0233947,-0.0154511,0.0255665,23.5003,1,0.00481607,-0.0195695,-0.0478878,0.999933,-0.0113832,0.00113302,-0.00177439,0.130254,-0.161161,-0.259402,0.0740905,-0.0167387,0.000762895,-0.0234045,-0.015548,0.119379
23.5003,0.999933,-0.0114044,0.00112167,-0.00178796,-0.00083758,0.00232716,0.00180863,0.0744737,-0.0165853,0.000516708,-0.0236092,-0.0144734,0.0261872,23.5203,1,-0.00462482,0.0188533,0.0468298,0.999933,-0.0114086,0.00113342,-0.00177904,0.0534319,0.137516,0.273404,0.0742376,-0.01673,0.00077858,-0.0236189,-0.0145705,0.119999
23.5203,0.999933,-0.0113736,0.00111992,-0.00180161,0.00195875,0.00112873,-0.000455052,0.0746523,-0.016558,0.000558809,-0.0232051,-0.0137218,0.0258018,23.5403,1,0.0122397,0.0422748,0.0338269,0.999933,-0.0113638,0.00112552,-0.00180396,0.187847,0.326329,0.202261,0.0744202,-0.0166952,0.000816826,-0.0232148,-0.0138186,0.119614
23.5403,0.999933,-0.0113614,0.001113,-0.00179975,0.00262387,-0.00100213,0.00047625,0.0746568,-0.0165599,0.00058367,-0.0232442,-0.0136308,0.025567,23.5603,1,-0.0508795,-0.0192312,-0.00535565,0.999933,-0.0113483,0.00110799,-0.00179732,-0.315928,-0.162975,-0.0214668,0.0744244,-0.0166962,0.00083934,-0.0232538,-0.0137274,0.119379
23.5603,0.999933,-0.0113498,0.00111369,-0.00179104,0.00249072,0.000862086,0.00220729,0.0746552,-0.0165651,0.000611966,-0.0234665,-0.0139431,0.0254798,23.5803,1,-0.0423272,-0.0187449,0.0817324,0.999934,-0.0113374,0.0011181,-0.00178007,-0.248657,-0.166847,0.466201,0.0744205,-0.0167045,0.000866764,-0.0234761,-0.0140396,0.119292
23.5803,0.999934,-0.0113149,0.00109612,-0.00179613,0.00262387,-0.000469496,0.000742558,0.074617,-0.0165941,0.000723366,-0.0234139,-0.0135551,0.0251699,23.6003,1,-0.0264094,0.0233536,0.0333718,0.999934,-0.0113017,0.00109379,-0.0017924,-0.121477,0.174657,0.198234,0.0743829,-0.0167296,0.000975066,-0.0234234,-0.0136514,0.118982
23.6003,0.999934,-0.0113068,0.0010444,-0.00179958,-0.000436979,-7.40264e-05,-0.000455927,0.0746441,-0.0166072,0.000812525,-0.0237034,-0.0137251,0.0253124,23.6203,1,-0.0272565,0.00885588,0.0614036,0.999934,-0.011309,0.00104401,-0.00180185,-0.128432,0.0565597,0.354293,0.0744071,-0.0167445,0.00106565,-0.0237125,-0.0138213,0.119125
23.6203,0.999934,-0.0113063,0.00104887,-0.00180473,-0.000303826,0.00192334,-0.00125488,0.0746696,-0.0165987,0.000803584,-0.0237489,-0.0135547,0.025171,23.6403,1,-0.0141793,0.000454913,0.0845699,0.999934,-0.0113078,0.00105842,-0.00181111,-0.0240256,-0.0125751,0.483575,0.0744321,-0.0167343,0.00105529,-0.023758,-0.0136509,0.118983
23.6404,0.999934,-0.0113027,0.00103952,-0.00181505,0.00049513,-0.00153876,-0.00258646,0.074713,-0.0165779,0.000778736,-0.0237195,-0.0133595,0.0248674,23.6604,1,-0.00308243,0.00674341,0.0660235,0.999934,-0.0113003,0.00103168,-0.0018279,0.0649173,0.0396311,0.380258,0.0744758,-0.0167115,0.00102741,-0.0237286,-0.0134557,0.11868
23.6604,0.999934,-0.0113249,0.00102183,-0.00178357,0.000497958,0.000985636,0.00127503,0.0750278,-0.0163937,0.000544412,-0.0238241,-0.0127837,0.0240627,23.6804,1,-0.0235686,0.00730835,0.0581117,0.999934,-0.0113224,0.00102683,-0.00177725,-0.0986973,0.0447034,0.335701,0.0747896,-0.0165216,0.000785039,-0.023833,-0.0128801,0.117875
23.6804,0.999934,-0.0113083,0.00104096,-0.00179209,0.000631114,0.00231722,-0.00192076,0.0751694,-0.0163182,0.000407006,-0.0235221,-0.0132102,0.0239392,23.7004,1,-0.0199804,0.026762,-0.0154717,0.999934,-0.0113051,0.00105243,-0.00180183,-0.0696827,0.206873,-0.0750285,0.0749342,-0.0164503,0.000646398,-0.0235312,-0.0133064,0.117751
23.7004,0.999934,-0.0112965,0.00103855,-0.00179821,0.00249533,0.000319846,-0.00152129,0.0752066,-0.0163007,0.000372826,-0.0233443,-0.0132449,0.0239582,23.7204,1,-0.00645921,-0.0113185,0.0261233,0.999934,-0.011284,0.00104004,-0.00180584,0.0386088,-0.101301,0.155593,0.0749731,-0.0164332,0.000612408,-0.0233533,-0.013341,0.11777
23.7204,0.999933,-0.011434,0.00101116,-0.0017464,0.00515802,-0.00074546,0.00487023,0.0753088,-0.0161646,0.000314508,-0.0232785,-0.00963645,0.0235799,23.7404,1,0.00772051,0.0178429,0.0169995,0.999933,-0.0114082,0.00100767,-0.00172204,0.152815,0.1332,0.106153,0.075076,-0.016261,0.000550306,-0.0232873,-0.00973374,0.117392
23.7404,0.999933,-0.0113821,0.00099551,-0.00176197,0.00063226,-0.00301238,0.00140808,0.0754561,-0.0159925,0.000127567,-0.0235905,-0.0124434,0.0230676,23.7604,1,0.0023313,0.00853158,0.0380283,0.999933,-0.0113789,0.000980523,-0.00175476,0.109213,0.0568602,0.223361,0.0752202,-0.0161169,0.000358244,-0.0235992,-0.0125402,0.11688
23.7604,0.999933,-0.0113866,0.000971988,-0.00176534,-0.00229593,-0.00208272,0.000475929,0.0756308,-0.0158994,-0.000104682,-0.0232976,-0.0135851,0.0228321,23.7804,1,-0.0181344,-0.00137325,0.0399505,0.999933,-0.0113981,0.000961622,-0.00176283,-0.0543517,-0.022649,0.233398,0.0753978,-0.0160353,0.000123639,-0.023306,-0.013682,0.116644
23.7804,0.999933,-0.0113879,0.000967037,-0.00176497,-0.000831178,-0.000218513,7.64597e-05,0.0757106,-0.0158633,-0.000209633,-0.0229875,-0.0139097,0.0228851,23.8004,1,0.0134898,0.0103766,0.0918647,0.999933,-0.011392,0.000965956,-0.00176457,0.197759,0.0671258,0.524983,0.0754807,-0.0160024,1.92175e-05,-0.0229959,-0.0140066,0.116697
23.8004,0.999933,-0.0113746,0.000938468,-0.00178435,-0.000164348,-0.00195176,0.00087537,0.076098,-0.0156817,-0.000712586,-0.0234465,-0.0127801,0.0220888,23.8204,1,0.00876835,0.000275651,0.0203092,0.999933,-0.0113754,0.000928761,-0.00177986,0.16096,-0.00702375,0.123778,0.0758635,-0.0158095,-0.000491698,-0.0234547,-0.0128769,0.115901
23.8204,0.999934,-0.0113662,0.000904605,-0.00176726,0.000103193,-0.00102201,0.000742169,0.0765214,-0.0153771,-0.00136817,-0.0228301,-0.0107915,0.0205557,23.8404,1,-0.0390626,-0.000158876,0.0585325,0.999933,-0.0113657,0.000899537,-0.00176349,-0.222198,-0.0143644,0.337425,0.0762931,-0.015485,-0.00116261,-0.022838,-0.0108882,0.114368
23.8404,0.999933,-0.0113673,0.000902785,-0.00177187,-0.000827777,0.000575899,-0.00112313,0.0765871,-0.0153232,-0.00147445,-0.0227492,-0.0106622,0.020785,23.8604,1,-0.0107804,0.0244114,-0.0340002,0.999933,-0.0113715,0.000905607,-0.00177751,0.00451569,0.191002,-0.178976,0.0763596,-0.0154298,-0.0012666,-0.0227571,-0.0107589,0.114597
23.8604,0.999933,-0.0113701,0.000892102,-0.00176678,-0.00122726,-0.00168779,0.00127372,0.0766472,-0.0152716,-0.00157177,-0.0226688,-0.0106346,0.0209263,23.8804,1,-0.0367998,-0.00205974,0.0458704,0.999933,-0.0113762,0.000883747,-0.00176031,-0.203874,-0.0282938,0.266419,0.0764206,-0.0153779,-0.0013625,-0.0226766,-0.0107313,0.114739
23.8804,0.999934,-0.0113366,0.000852044,-0.00179571,-0.000161995,-0.00208727,-0.000856815,0.0768932,-0.0150127,-0.00203386,-0.0224774,-0.0102703,0.0199853,23.9004,1,0.0379605,-0.0109879,0.0611102,0.999934,-0.0113374,0.000841561,-0.00179987,0.393858,-0.0996922,0.351707,0.0766684,-0.0151154,-0.00183401,-0.0224848,-0.0103667,0.113798
23.9004,0.999934,-0.0113074,0.000824621,-0.00180168,0.000903276,-0.00048937,-0.000856813,0.0769548,-0.0148862,-0.00225601,-0.0219561,-0.0102076,0.0191164,23.9204,1,-0.0122599,0.0120542,0.036722,0.999934,-0.0113028,0.000822117,-0.00180594,-0.00810394,0.086337,0.216418,0.0767353,-0.0149882,-0.00206485,-0.0219633,-0.0103038,0.112929
23.9204,0.999934,-0.0112883,0.000820283,-0.00180361,0.00436539,-0.000356209,-0.000457329,0.0769598,-0.014861,-0.00230132,-0.0219505,-0.0102495,0.0188419,23.9404,1,-0.00503331,-0.0200521,0.0208989,0.999935,-0.0112665,0.000818437,-0.0018059,0.0501559,-0.168926,0.125831,0.0767403,-0.0149635,-0.0021129,-0.0219577,-0.0103456,0.112654
23.9404,0.999935,-0.0112663,0.000837676,-0.00180493,0.00276868,0.000839566,0.00207262,0.076995,-0.0147761,-0.00244548,-0.0218479,-0.00999016,0.0184258,23.9604,1,-0.0607732,0.00995986,0.0517803,0.999935,-0.0112525,0.000841966,-0.00179462,-0.396806,0.0674494,0.300369,0.0767765,-0.014876,-0.00226122,-0.0218552,-0.010086,0.112238
23.9604,0.999935,-0.0112499,0.000836867,-0.00181577,-0.000292704,0.00110307,0.0016731,0.077245,-0.0145542,-0.00287009,-0.0210637,-0.00968308,0.0181074,23.9804,1,0.0266222,-0.00765252,0.0519227,0.999935,-0.0112513,0.000842479,-0.00180746,0.30257,-0.0721858,0.300542,0.0770344,-0.014651,-0.00268901,-0.021071,-0.0097788,0.11192
23.9804,0.999935,-0.0112249,0.000818161,-0.00177219,0.00117204,-0.00129378,0.00393679,0.0773933,-0.0144059,-0.00316543,-0.0209521,-0.00968929,0.0174167,24.0004,1,-0.00438435,-0.00135314,0.036243,0.999935,-0.011219,0.000811903,-0.00175244,0.0544487,-0.0206821,0.21276,0.0771838,-0.0145028,-0.00299126,-0.0209592,-0.0097848,0.111229
24.0004,0.999935,-0.0112245,0.000819537,-0.0017804,-0.000292937,0.00110333,-0.00205451,0.0774168,-0.0143744,-0.00322773,-0.0210919,-0.00959628,0.0173216,24.0204,1,-0.0110969,-0.0241648,0.00149861,0.999935,-0.011226,0.000824941,-0.00179073,0.00132899,-0.200152,0.0167885,0.0772059,-0.0144703,-0.00305451,-0.0210991,-0.00969179,0.111134
24.0204,0.999935,-0.011214,0.000805604,-0.00177248,-0.000292936,-0.00195931,0.00260602,0.0774518,-0.0142694,-0.00342884,-0.021104,-0.00944294,0.0167319,24.0404,1,-0.0373769,0.021308,0.030053,0.999935,-0.0112154,0.000795957,-0.00175934,-0.209904,0.160791,0.179368,0.0772408,-0.0143638,-0.00326153,-0.021111,-0.00953836,0.110544
24.0404,0.999935,-0.0112003,0.000783674,-0.00177902,0.00277095,0.000168278,0.000475456,0.0777162,-0.0140255,-0.00395497,-0.0207456,-0.00921073,0.0160264,24.0604,1,-0.012202,0.000434167,-0.014763,0.999936,-0.0111865,0.000784517,-0.00177666,-0.00793743,-0.00164599,-0.0727331,0.0775087,-0.0141176,-0.00379471,-0.0207524,-0.00930604,0.109839
24.0604,0.999936,-0.0111931,0.000782017,-0.00177968,0.00143937,0.000301441,-0.000190333,0.0777416,-0.0139933,-0.00402463,-0.020827,-0.00905723,0.0158908,24.0804,1,-0.0422475,-0.00606532,0.0151355,0.999936,-0.011186,0.000783501,-0.00178065,-0.248513,-0.056726,0.0941441,0.0775333,-0.0140839,-0.00386572,-0.0208338,-0.00915247,0.109703
24.0804,0.999936,-0.011185,0.0007837,-0.00177451,0.00170568,0.00110039,0.0012744,0.0777613,-0.0139627,-0.00408964,-0.0207556,-0.00895199,0.015808,24.1004,1,0.00985803,-0.0121517,0.0327242,0.999936,-0.0111764,0.000789257,-0.0017682,0.168247,-0.106261,0.192456,0.0775537,-0.0140522,-0.00393156,-0.0207625,-0.00904716,0.10962
24.1004,0.999936,-0.0111783,0.000759204,-0.00175514,0.00157349,-0.00529357,-0.00019039,0.0778467,-0.0137978,-0.00439351,-0.0208198,-0.00792936,0.0149078,24.1204,1,0.0026704,-0.0204454,-0.0290106,0.999936,-0.0111705,0.000732713,-0.00175581,0.111195,-0.16699,-0.153895,0.0776385,-0.0138771,-0.00424443,-0.0208265,-0.00802447,0.10872
24.1204,0.999936,-0.0111249,0.000722138,-0.00175531,0.00250669,-0.0021004,7.58815e-05,0.078125,-0.0135351,-0.00489694,-0.0202433,-0.00732589,0.0139735,24.1404,1,-0.0132536,-0.00653237,-0.0240859,0.999936,-0.0111124,0.000711619,-0.00175482,-0.0168274,-0.056073,-0.125507,0.0779225,-0.0136083,-0.0047572,-0.0202496,-0.00742055,0.107786
24.1404,0.999936,-0.0111244,0.000711781,-0.00175967,-0.000955417,0.00082908,-0.000323584,0.0782003,-0.0134431,-0.00506694,-0.0202104,-0.00701124,0.013525,24.1604,1,-0.0470008,-0.0127836,0.0991848,0.999936,-0.0111291,0.000715916,-0.00176133,-0.287917,-0.11741,0.56421,0.0779982,-0.0135132,-0.00493169,-0.0202167,-0.0071059,0.107337
24.1604,0.999936,-0.0111215,0.000698156,-0.00176341,0.000375521,-0.00263301,-0.000989656,0.0782296,-0.0133975,-0.00514644,-0.0202836,-0.00677222,0.0133603,24.1804,1,0.0194661,-0.018093,0.0861109,0.999936,-0.0111197,0.000684934,-0.00176821,0.244104,-0.157684,0.490974,0.0780268,-0.0134652,-0.00501284,-0.0202897,-0.00686686,0.107173
24.1804,0.999935,-0.0112861,0.000635986,-0.00175224,0.00210765,-0.00316827,0.000608177,0.0784105,-0.0130881,-0.00555239,-0.0198194,-0.00417283,0.0126252,24.2004,1,0.00807317,-0.000444147,0.0596243,0.999935,-0.0112756,0.000620162,-0.00174903,0.154409,-0.0139019,0.34367,0.0782124,-0.0131298,-0.00542613,-0.019825,-0.00426887,0.106437
24.2004,0.999935,-0.0112485,0.00065019,-0.00176274,0.000110281,0.00175858,-0.000856559,0.0786087,-0.0128511,-0.00596159,-0.0188179,-0.00690073,0.0120864,24.2204,1,-0.0175218,-0.0298106,0.0285742,0.999935,-0.011248,0.000658933,-0.00176712,-0.0499961,-0.246484,0.167925,0.0784205,-0.0129201,-0.00584072,-0.0188236,-0.00699645,0.105899
24.2204,0.999935,-0.0112446,0.0006514,-0.0017626,0.000110283,0.00109279,-0.000323927,0.0786806,-0.0127775,-0.00613845,-0.0190659,-0.00796861,0.0118886,24.2404,1,-0.0205226,-0.0241074,0.0167317,0.999935,-0.011244,0.000656845,-0.00176428,-0.0740182,-0.199849,0.101962,0.07849,-0.0128572,-0.00601956,-0.0190716,-0.0080643,0.105701
24.2404,0.999935,-0.0112393,0.000642205,-0.00176749,0.00104239,-0.00157037,-0.00125603,0.0787076,-0.0127506,-0.00621987,-0.0191383,-0.00843407,0.0118634,24.2604,1,-0.0121089,0.054538,0.0302599,0.999935,-0.0112341,0.000634274,-0.00177368,-0.00805895,0.428256,0.182711,0.0785162,-0.012835,-0.00610124,-0.0191439,-0.00852971,0.105676
24.2604,0.999935,-0.0112457,0.000634307,-0.00176832,-0.000821819,-0.00157037,0.00100766,0.0787951,-0.0126876,-0.00641708,-0.0192879,-0.00862467,0.0119821,24.2804,1,-0.044319,-0.00499179,0.0497287,0.999935,-0.0112498,0.000626519,-0.00176319,-0.264946,-0.0500956,0.287871,0.0786022,-0.0127739,-0.00629726,-0.0192935,-0.00872036,0.105794
24.2804,0.999935,-0.0112518,0.000603177,-0.00177551,-0.00241799,0.00028937,-0.00112296,0.0789903,-0.0125631,-0.00676217,-0.0191004,-0.00774122,0.0117878,24.3004,1,-0.0156428,0.00381412,0.00564125,0.999935,-0.0112639,0.000604582,-0.00178113,-0.0352139,0.0249563,0.0417178,0.0787993,-0.0126405,-0.0066443,-0.0191057,-0.00783696,0.1056
24.3004,0.999935,-0.0112639,0.000630489,-0.00177531,0.000910964,0.00308568,0.000474935,0.0792453,-0.0123256,-0.0072695,-0.018655,-0.0055005,0.0107619,24.3204,1,-0.0281945,-0.0232632,0.0226516,0.999935,-0.0112593,0.000645935,-0.00177311,-0.135297,-0.193574,0.135206,0.0790587,-0.0123806,-0.00716189,-0.0186606,-0.00559634,0.104574
24.3204,0.999935,-0.0112552,0.000623834,-0.00178209,0.00117728,-0.000509592,-0.00152243,0.0793152,-0.0122272,-0.00744054,-0.0183799,-0.00509841,0.0107544,24.3404,1,-0.00817759,0.0338929,0.0151223,0.999935,-0.0112493,0.00062119,-0.00178968,0.0240011,0.26466,0.0967597,0.0791314,-0.0122782,-0.007333,-0.0183854,-0.00519418,0.104567
24.3404,0.999935,-0.0112508,0.000615724,-0.00177696,0.000778593,-0.00130791,0.00127352,0.0793439,-0.0121793,-0.00751946,-0.0182349,-0.00512961,0.0106177,24.3604,1,-0.0132427,-0.019586,0.0810188,0.999935,-0.0112469,0.00060925,-0.00177052,-0.0163701,-0.169067,0.462312,0.0791616,-0.0122306,-0.00741328,-0.0182403,-0.00522534,0.10443
24.3604,0.999935,-0.0112469,0.000591439,-0.00174957,0.00144438,-0.00263948,0.00473564,0.0793884,-0.0120937,-0.00766579,-0.0181935,-0.00544807,0.0102749,24.3804,1,-0.0484138,-0.0120894,-0.00543267,0.999935,-0.0112397,0.000578496,-0.00172575,-0.297228,-0.101624,-0.0215575,0.0792065,-0.0121481,-0.00756304,-0.0181987,-0.00554377,0.104087
24.3804,0.999935,-0.0112167,0.000579939,-0.00174826,-0.00135084,-0.000644812,0.000874004,0.0795868,-0.0118702,-0.00814215,-0.0177638,-0.00587212,0.00932019,24.4004,1,-0.0403148,-0.0311665,0.0800128,0.999935,-0.0112234,0.000576776,-0.00174385,-0.233104,-0.261678,0.4557,0.0794092,-0.0119289,-0.00804895,-0.0177689,-0.00596756,0.103132
24.4004,0.999936,-0.0111778,0.00056069,-0.00174071,0.00291022,0.000819924,0.00153979,0.0797455,-0.0116923,-0.00854926,-0.017659,-0.0054033,0.00822175,24.4204,1,0.00404753,-0.0208703,-0.0300808,0.999936,-0.0111633,0.00056485,-0.00173306,0.122166,-0.168688,-0.159994,0.0795689,-0.0117464,-0.00846704,-0.0176639,-0.00549842,0.102034
24.4204,0.999936,-0.0111427,0.000549516,-0.00175344,0.00424179,2.09698e-05,-5.81045e-05,0.0797987,-0.0116085,-0.00873621,-0.0173043,-0.00485862,0.00759367,24.4404,1,-0.0225071,0.0322018,0.00312415,0.999936,-0.0111215,0.000549581,-0.00175375,-0.0914384,0.252611,0.0292459,0.0796257,-0.011657,-0.00866028,-0.0173092,-0.00495344,0.101406
24.4404,0.999936,-0.0111492,0.000545294,-0.00175505,-0.001484,0.00161888,0.00140663,0.0798412,-0.0115261,-0.00891486,-0.0168879,-0.0045154,0.00694018,24.4604,1,-0.0448907,-0.0283828,-0.0681946,0.999936,-0.0111566,0.00055348,-0.0017481,-0.269547,-0.225942,-0.373983,0.0796723,-0.0115713,-0.00884545,-0.0168927,-0.00461028,0.100752
24.4604,0.999936,-0.0111288,0.000552525,-0.00175824,0.000647941,0.000682146,0.00140654,0.0801209,-0.0112541,-0.0094789,-0.0156212,-0.00333123,0.00646911,24.4804,1,-0.00819714,0.00047773,0.0718598,0.999936,-0.0111256,0.000556008,-0.00175124,0.0229,-0.00710005,0.412214,0.0799646,-0.0112874,-0.00941421,-0.0156261,-0.00342593,0.100281
24.4804,0.999936,-0.0111231,0.000565862,-0.00175395,-0.00148259,0.00374478,0.000341278,0.0803209,-0.0110752,-0.00983129,-0.0151241,-0.00294794,0.0061161,24.5004,1,0.0304442,-0.0104432,0.0646811,0.999936,-0.0111305,0.000584617,-0.00175245,0.332144,-0.0933838,0.371434,0.0801697,-0.0111047,-0.00977013,-0.0151291,-0.00304259,0.0999283
24.5004,0.999936,-0.0111417,0.000568882,-0.00175267,-0.0049447,0.0014811,0.000341294,0.0803794,-0.0110176,-0.00994087,-0.0149947,-0.00277817,0.00588979,24.5204,1,-0.0214225,-0.0420728,0.068947,0.999936,-0.0111664,0.000576349,-0.00175103,-0.0822705,-0.347542,0.393166,0.0802295,-0.0110454,-0.00988197,-0.0149997,-0.00287298,0.099702
24.5204,0.999936,-0.0111561,0.000563811,-0.00174471,-0.00427914,0.000282482,-5.81682e-05,0.0806994,-0.0106902,-0.0105817,-0.014635,-0.0027305,0.00436951,24.5404,1,-0.0137568,-0.0135033,0.0530352,0.999936,-0.0111775,0.000565258,-0.00174501,-0.0209915,-0.117449,0.305846,0.080553,-0.0107176,-0.010538,-0.0146399,-0.00282543,0.0981817
24.5404,0.999936,-0.0111668,0.000540788,-0.00174426,0.000115993,-0.00131787,-0.00125664,0.0810368,-0.0103868,-0.0112111,-0.0144706,-0.00252494,0.00350457,24.5604,1,-0.00891727,-0.00579887,-0.00579258,0.999936,-0.0111662,0.000534128,-0.00175047,0.0181003,-0.0503209,-0.0230589,0.0808921,-0.0104121,-0.011176,-0.0144754,-0.00261996,0.0973168
24.5604,0.999936,-0.0111658,0.000533767,-0.00174818,-1.71727e-05,-0.00105155,-0.000990327,0.0810897,-0.0103331,-0.0113271,-0.0143703,-0.00252924,0.00326407,24.5804,1,0.00173901,0.011871,0.0544158,0.999936,-0.0111659,0.000528454,-0.00175308,0.102701,0.0858621,0.315231,0.080946,-0.0103584,-0.0112945,-0.014375,-0.00262426,0.0970763
24.5804,0.999936,-0.011159,0.000545991,-0.0017502,0.00144757,0.00374214,-0.000457699,0.0811821,-0.0102654,-0.0114759,-0.0141796,-0.00225871,0.00298126,24.6004,1,-0.0424654,-0.0142802,0.0306022,0.999936,-0.0111517,0.000564662,-0.0017527,-0.250495,-0.121922,0.180126,0.0810403,-0.010288,-0.0114461,-0.0141845,-0.00235366,0.0967935
24.6004,0.999936,-0.0111542,0.00049681,-0.00175259,0.000116762,0.00067733,0.000208057,0.0815729,-0.00991673,-0.0121582,-0.0138723,-0.00063738,0.00247143,24.6204,1,0.0122506,0.00305267,0.0158547,0.999936,-0.0111536,0.000500207,-0.00175159,0.187108,0.0192031,0.098818,0.0814341,-0.0099231,-0.0121335,-0.0138767,-0.000732296,0.0962837
24.6204,0.999936,-0.0111531,0.0004807,-0.00173778,-1.62308e-05,0.000675835,0.000474335,0.0819244,-0.00958517,-0.0127594,-0.013072,-0.00121129,0.00196187,24.6404,1,-0.032276,-0.0358508,0.0942559,0.999936,-0.0111532,0.000484106,-0.00173544,-0.169332,-0.29947,0.53515,0.0817937,-0.00959729,-0.0127398,-0.0130762,-0.00130619,0.0957741
24.6404,0.999936,-0.011153,0.000463311,-0.00175037,-0.000415704,-0.00145469,-0.0016562,0.0820393,-0.00947132,-0.0129804,-0.01275,-0.000917924,0.00177794,24.6604,1,-0.011935,0.0151332,0.108183,0.999936,-0.0111551,0.000455949,-0.00175857,-0.00740283,0.107554,0.616444,0.0819118,-0.0094805,-0.0129627,-0.0127541,-0.00101283,0.0955902
24.6604,0.999934,-0.0113288,0.000439019,-0.00176072,-0.0104028,-0.00225393,-5.83765e-05,0.082142,-0.00933714,-0.0131496,-0.0124708,0.00235244,0.00155611,24.6804,1,-0.0164567,-0.00105441,0.0419671,0.999934,-0.0113808,0.000427838,-0.00176086,-0.041239,-0.0159786,0.244743,0.0820172,-0.00931362,-0.0131341,-0.0124747,0.00225604,0.0953684
24.6804,0.999935,-0.0112365,0.00042955,-0.00173951,0.00144901,0.00200491,-0.00059115,0.082583,-0.00884907,-0.0138655,-0.0114318,0.000215607,0.000745538,24.7004,1,-0.00216814,-0.0242504,-0.0341387,0.999935,-0.0112292,0.000439528,-0.00174258,0.0729234,-0.194386,-0.182963,0.0824687,-0.00884692,-0.013858,-0.0114356,0.00011999,0.0945578
24.7004,0.999935,-0.0112478,0.000403901,-0.00173878,-0.00414363,-0.000125621,-0.00152326,0.0828397,-0.00862638,-0.0143082,-0.0108829,-0.00111443,0.000555627,24.7204,1,0.01076,0.0340825,0.0469712,0.999935,-0.0112686,0.000403224,-0.00174638,0.175275,0.26534,0.274913,0.0827308,-0.00863753,-0.0143026,-0.0108865,-0.00121015,0.0943679
24.7204,0.999935,-0.0112423,0.000406266,-0.00174389,0.00118269,0.00120596,-0.00125694,0.0828947,-0.00857946,-0.0144095,-0.0108153,-0.00123696,0.000542286,24.7404,1,-0.0423186,0.0474841,0.0268983,0.999935,-0.0112364,0.000412214,-0.00175025,-0.249553,0.373596,0.163256,0.0827865,-0.00859183,-0.0144041,-0.0108189,-0.00133262,0.0943545
24.7404,0.999935,-0.0112378,0.000386772,-0.00175093,-1.57311e-05,-0.000658252,-0.00165641,0.0830386,-0.00844356,-0.0146998,-0.0106888,-0.000504566,-0.000207186,24.7604,1,-0.0164665,0.0270541,0.0575938,0.999935,-0.0112379,0.000383388,-0.00175917,-0.0425723,0.207923,0.333955,0.0829317,-0.00844861,-0.0147019,-0.0106923,-0.000600195,0.0936051
24.7604,0.999936,-0.0111985,0.00034909,-0.00175089,-0.000681674,-0.00185822,0.000207747,0.0832215,-0.0082097,-0.015163,-0.0108274,0.00044356,-0.00105179,24.7804,1,-0.00649069,-0.0183027,0.02761,0.999936,-0.0112019,0.000339817,-0.00174975,0.0377941,-0.151768,0.163245,0.0831132,-0.00820527,-0.0151736,-0.0108306,0.000348265,0.0927605
24.7804,0.999936,-0.0111874,0.000317608,-0.00175386,0.000516752,-0.000393481,-0.000458039,0.0833518,-0.00801978,-0.0155163,-0.00996234,0.00115429,-0.00146563,24.8004,1,-0.0684558,0.0279975,0.0216337,0.999936,-0.0111848,0.000315611,-0.00175613,-0.458826,0.218535,0.132566,0.0832522,-0.00800824,-0.015531,-0.00996521,0.00105909,0.0923466
24.8004,0.999936,-0.0111726,0.00030841,-0.00174876,0.00358033,-0.00185781,0.00127283,0.0833785,-0.007974,-0.0155986,-0.00986189,0.00101948,-0.00154025,24.8204,1,-0.00867659,0.0122006,0.0648116,0.999936,-0.0111547,0.000299162,-0.0017423,0.0194441,0.0892224,0.373441,0.0832798,-0.0079638,-0.015614,-0.00986469,0.0009244,0.092272
24.8204,0.999936,-0.0111451,0.000278887,-0.00176817,0.000918005,3.79307e-06,-0.00258882,0.0835868,-0.00775098,-0.0160567,-0.00902979,9.60984e-05,-0.00232125,24.8404,1,-0.0541143,0.00781069,0.0918261,0.999936,-0.0111405,0.000278754,-0.00178111,-0.344551,0.0513104,0.524441,0.0834965,-0.00775001,-0.0160799,-0.00903233,1.25647e-06,0.091491
24.8404,0.999936,-0.011132,0.000285553,-0.0017768,-0.000147263,0.00293328,-0.00312146,0.0838868,-0.00753551,-0.0165684,-0.00808822,-4.64239e-05,-0.00224193,24.8604,1,-0.00658773,0.054926,0.0646205,0.999936,-0.0111327,0.000300046,-0.00179257,0.0351066,0.431256,0.37518,0.0838059,-0.00753597,-0.0165909,-0.00809082,-0.000141154,0.0915703
24.8604,0.999936,-0.0111305,0.000288346,-0.00179686,0.000252214,0.00120222,-0.00498567,0.0839384,-0.00749645,-0.0166616,-0.00803027,9.12957e-05,-0.00236519,24.8804,1,0.0157086,-0.0126709,-0.0144809,0.999936,-0.0111293,0.000294077,-0.00182185,0.214893,-0.102151,-0.0717928,0.0838581,-0.00749554,-0.0166853,-0.00803289,-3.42172e-06,0.091447
24.8804,0.999937,-0.0111204,0.000307912,-0.00179089,0.000119061,0.000935908,0.00207171,0.0841236,-0.00734693,-0.0170085,-0.00718944,0.000443928,-0.00260024,24.9004,1,-0.0200521,-0.0117076,0.0303449,0.999937,-0.0111198,0.000312706,-0.00178059,-0.0714159,-0.0991036,0.179179,0.0840517,-0.00734249,-0.0170345,-0.00719223,0.000349297,0.091212
24.9004,0.999937,-0.0111242,0.000323166,-0.00177346,-0.000812473,0.0001345,-0.00152362,0.0844586,-0.00714935,-0.0175145,-0.0065682,0.000457388,-0.00385959,24.9204,1,-0.0403333,0.0128909,0.0523483,0.999936,-0.0111282,0.000323761,-0.00178108,-0.234173,0.0953103,0.303771,0.0843929,-0.00714478,-0.0175531,-0.00657112,0.000362725,0.0899526
24.9204,0.999937,-0.0111171,0.000304265,-0.00173567,0.000252673,-0.000532356,0.00100635,0.0847758,-0.0069982,-0.0179494,-0.00676159,0.000651544,-0.00476366,24.9404,1,-0.0050845,0.00748861,0.0435311,0.999937,-0.0111158,0.000301657,-0.00173061,0.0479656,0.0535313,0.253927,0.0847082,-0.00699168,-0.0179971,-0.00676435,0.000556941,0.0890486
24.9404,0.999937,-0.0111104,0.000308708,-0.00173115,0.00158352,0.00159891,0.00114013,0.0848413,-0.00696101,-0.0180539,-0.00711621,0.000790641,-0.00473762,24.9604,1,0.014421,0.00789298,0.0485831,0.999937,-0.0111024,0.000316751,-0.00172554,0.203897,0.0565549,0.282246,0.0847702,-0.00695311,-0.0181012,-0.007119,0.000696095,0.0890746
24.9604,0.999937,-0.0111082,0.000296991,-0.00172293,0.000518257,-0.00159688,0.0015396,0.0849599,-0.00688929,-0.0182541,-0.00698909,0.000692355,-0.00481122,24.9804,1,-0.0342901,0.020109,-0.0379941,0.999937,-0.0111056,0.000289088,-0.00171515,-0.185759,0.161393,-0.201926,0.08489,-0.00688237,-0.0183022,-0.00699178,0.000597828,0.089001
24.9804,0.999937,-0.0110902,0.000290459,-0.00171029,0.000918188,-0.000267371,-0.000857292,0.0854133,-0.00667694,-0.0189048,-0.00640598,0.000325379,-0.00527255,25.0004,1,-0.0343151,0.00589594,0.0321631,0.999937,-0.0110856,0.000289067,-0.00171457,-0.186037,0.0415205,0.189979,0.0853492,-0.00667369,-0.0189575,-0.00640862,0.000231004,0.0885397
25.0004,0.999937,-0.0110833,0.000301931,-0.00169666,-0.00094602,0.00146369,0.00220534,0.085633,-0.00657463,-0.0192248,-0.00652277,0.000998281,-0.00527795,25.0204,1,-0.0264247,0.0232629,0.0985252,0.999937,-0.011088,0.000309379,-0.00168572,-0.123758,0.174595,0.562554,0.0855678,-0.00656465,-0.0192776,-0.0065255,0.000903965,0.0885343
25.0204,0.999937,-0.0110846,0.000306437,-0.00168626,-0.000413395,0.00159685,0.00260482,0.0856986,-0.00653865,-0.0193283,-0.00632979,0.00113088,-0.00554103,25.0404,1,-0.0248406,0.0195679,0.0456555,0.999937,-0.0110866,0.000314568,-0.00167333,-0.110549,0.149702,0.266255,0.0856353,-0.00652734,-0.0193838,-0.00633256,0.00103655,0.0882712
25.0404,0.999937,-0.0110661,0.000304813,-0.00169643,0.00371451,-0.000267373,-0.00125676,0.0858788,-0.00643311,-0.0196383,-0.0061941,0.00128571,-0.00643428,25.0604,1,-0.0224251,-0.0214031,0.0162354,0.999937,-0.0110475,0.000303375,-0.00170271,-0.0906641,-0.175393,0.0990421,0.0858169,-0.00642025,-0.0197026,-0.00619685,0.00119154,0.0873779
25.0604,0.999937,-0.0110684,0.000291081,-0.00169848,-0.000413392,0.00119737,0.000207969,0.0861714,-0.00624423,-0.0202454,-0.00567206,0.0016584,-0.00747743,25.0804,1,0.00587376,0.0319041,0.0812083,0.999937,-0.0110705,0.000297082,-0.0016975,0.134573,0.245786,0.4662,0.0861146,-0.00622764,-0.0203202,-0.0056747,0.00156421,0.0863348
25.0804,0.999937,-0.0110937,0.000281866,-0.00169368,-0.00241037,-0.00146864,0.000607373,0.0864242,-0.00612125,-0.0205874,-0.00548047,0.00251786,-0.00816624,25.1004,1,-0.0138196,0.0204021,0.0942311,0.999937,-0.0111058,0.000274577,-0.00169055,-0.0227111,0.152412,0.538346,0.0863694,-0.00609607,-0.0206691,-0.00548303,0.00242345,0.085646
25.1004,0.999937,-0.0110956,0.000276507,-0.0016951,-0.000546452,-0.000803195,-0.000325924,0.0865014,-0.00607839,-0.0207017,-0.00538405,0.00230124,-0.00842658,25.1204,1,-0.012382,0.00689013,0.0697949,0.999937,-0.0110983,0.000272478,-0.00169668,-0.0107582,0.0465479,0.400704,0.0864475,-0.00605538,-0.020786,-0.00538657,0.00220682,0.0853857
25.1204,0.999936,-0.0112295,0.000273693,-0.00168265,0.00304882,-0.00173529,0.000606194,0.0869245,-0.00574951,-0.0213069,-0.00403882,0.00427154,-0.00856117,25.1404,1,-0.000767362,0.0180805,0.0588699,0.999936,-0.0112142,0.000265026,-0.00167952,0.0831544,0.137151,0.340191,0.0868842,-0.0057068,-0.0213925,-0.00404131,0.00417598,0.0852511
25.1404,0.999936,-0.0111945,0.000274995,-0.00167522,0.0011846,0.00252576,0.00100565,0.0872203,-0.0055619,-0.0217986,-0.00360827,0.001958,-0.00859214,25.1604,1,0.0138962,0.0205691,0.0559682,0.999936,-0.0111885,0.00028767,-0.00167033,0.200152,0.15752,0.324076,0.0871843,-0.00554232,-0.0218845,-0.00361077,0.00186274,0.0852201
25.1604,0.999936,-0.0111911,0.00028307,-0.00167414,0.000785127,0.0023926,0.000339861,0.0872714,-0.00553366,-0.0218911,-0.00361626,0.00180642,-0.00857136,25.1804,1,-0.0225071,0.0142745,0.117345,0.999936,-0.0111872,0.000295045,-0.00167258,-0.0916242,0.101133,0.667257,0.0872352,-0.00551559,-0.0219768,-0.00361882,0.00171118,0.0852409
25.1804,0.999936,-0.011189,0.000269454,-0.00167146,-0.00307645,-0.00293373,0.000206707,0.0874537,-0.00543202,-0.0222409,-0.00323817,0.0020516,-0.00847827,25.2004,1,-0.0570003,-0.0205281,0.0046069,0.999936,-0.0112044,0.000254824,-0.00167026,-0.366362,-0.16754,0.0337677,0.0874213,-0.00541151,-0.0223257,-0.00324062,0.00195638,0.085334
25.2004,0.999936,-0.0111857,0.000268399,-0.00165463,0.00185064,-0.000139425,0.000206651,0.0877724,-0.00528037,-0.0226141,-0.00296053,0.00399296,-0.00901738,25.2204,1,-0.014264,0.0535052,0.0453293,0.999936,-0.0111764,0.000267698,-0.00165359,-0.0256544,0.421627,0.2664,0.0877428,-0.00524044,-0.0227043,-0.00296297,0.00389777,0.0847949
25.2204,0.999936,-0.0111987,0.00027027,-0.00166126,-0.00107945,-0.000140052,-0.00179076,0.0880548,-0.00510368,-0.0229571,-0.00304481,0.00511085,-0.00921801,25.2404,1,0.00826485,0.0246546,0.0280463,0.999936,-0.0112041,0.000269479,-0.0016702,0.155251,0.192661,0.167904,0.0880244,-0.00505257,-0.0230493,-0.00304726,0.00501556,0.0845942
25.2404,0.999936,-0.0111891,0.00026596,-0.0016612,0.00238378,-0.000673008,7.30454e-05,0.0881185,-0.00505905,-0.023039,-0.00285548,0.00501371,-0.00908138,25.2604,1,-0.0180696,-0.0141303,0.0479363,0.999936,-0.0111772,0.000262579,-0.0016608,-0.0550757,-0.119691,0.276804,0.08809,-0.00500891,-0.0231298,-0.0028579,0.0049185,0.0847309
25.2604,0.999936,-0.0111841,0.000228793,-0.00167502,-0.000279252,-0.000142001,-0.000459637,0.0885224,-0.00479979,-0.0235033,-0.002335,0.00485768,-0.00863214,25.2804,1,-0.0263991,0.0270373,0.0727775,0.999936,-0.0111855,0.00022806,-0.00167731,-0.122504,0.207595,0.418536,0.0884991,-0.00475121,-0.0235896,-0.00233711,0.00476251,0.0851801
25.2804,0.999936,-0.0111919,0.000190474,-0.00167447,-0.00041241,-0.00200621,0.00073879,0.0888339,-0.00464471,-0.023828,-0.00182151,0.00452146,-0.00918659,25.3004,1,-0.0154752,0.00323659,0.0126973,0.999936,-0.011194,0.000180489,-0.00167066,-0.0343394,0.0230234,0.0806619,0.0888157,-0.00459949,-0.0239198,-0.00182329,0.00442622,0.0846257
25.3004,0.999936,-0.0111908,0.000186166,-0.00167491,0.000253381,-0.000674633,-6.01614e-05,0.0889066,-0.00460712,-0.0239102,-0.00185158,0.00459109,-0.00930998,25.3204,1,-0.0179694,0.0123729,0.0469776,0.999936,-0.0111895,0.000182787,-0.00167517,-0.054576,0.0930427,0.273181,0.0888881,-0.00456121,-0.0240033,-0.00185332,0.00449586,0.0845023
25.3204,0.999936,-0.011181,0.000181045,-0.00164056,-0.00147754,-0.000542949,0.00193716,0.0892359,-0.00445873,-0.0242548,-0.00135768,0.00445245,-0.00958278,25.3404,1,-0.0270175,0.000229537,0.0341474,0.999936,-0.0111884,0.000178451,-0.00163084,-0.126815,-0.00301981,0.200378,0.0892223,-0.0044142,-0.0243507,-0.00135938,0.0043573,0.0842295
25.3404,0.999936,-0.0111562,0.000183796,-0.00165351,0.00331615,0.000655486,-0.0023239,0.0897656,-0.00422685,-0.0247751,-0.000187291,0.00444706,-0.00978215,25.3604,1,-0.0301278,-0.016811,0.0748573,0.999937,-0.0111396,0.000186917,-0.00166517,-0.151949,-0.143024,0.427321,0.0897638,-0.00418238,-0.0248729,-0.000189012,0.00435212,0.0840301
25.3604,0.999936,-0.0111546,0.000178924,-0.0016649,-0.000812248,-0.00080962,-0.0020576,0.0900045,-0.00413294,-0.0250162,-0.000352018,0.00461163,-0.0100439,25.3804,1,0.0300829,0.00811371,-0.0230906,0.999936,-0.0111586,0.000174768,-0.00167515,0.329742,0.0659364,-0.119446,0.090001,-0.00408683,-0.0251167,-0.000353698,0.00451671,0.0837683
25.3804,0.999936,-0.0111547,0.000179448,-0.0016686,-1.36846e-05,0.000522057,-0.000859501,0.0900794,-0.00410249,-0.0250943,-0.000336319,0.00475914,-0.0101986,25.4004,1,-0.0597598,0.0180711,0.0532586,0.999936,-0.0111548,0.000182011,-0.00167293,-0.389429,0.137579,0.308611,0.0900761,-0.0040549,-0.0251963,-0.000338005,0.00466422,0.0836137
25.4004,0.999937,-0.0111213,0.000183824,-0.00163594,0.000918381,-0.00147656,0.00100466,0.0905272,-0.00394273,-0.0254934,-0.00014687,0.00560072,-0.00984995,25.4204,1,-0.0119152,0.0370826,0.0309308,0.999937,-0.0111167,0.00017649,-0.00163083,-0.00698595,0.292266,0.184649,0.0905257,-0.00388672,-0.0255919,-0.000148589,0.00550607,0.0839623
25.4204,0.999937,-0.0110961,0.000173584,-0.00162527,0.00291575,0.00105345,0.00246941,0.0910107,-0.00372334,-0.0259489,0.000581149,0.00612257,-0.0101927,25.4404,1,-0.00602778,0.0349718,0.0809599,0.999937,-0.0110815,0.000178964,-0.00161299,0.0396351,0.271109,0.46458,0.0910165,-0.00366211,-0.0260508,0.000579519,0.00602815,0.0836195
25.4404,0.999937,-0.0110814,0.000170075,-0.00162248,0.0037147,-0.000544448,0.000738348,0.0910838,-0.0036858,-0.0260223,0.000487149,0.00603712,-0.010317,25.4604,1,-0.0152937,0.00978277,0.0592456,0.999938,-0.0110628,0.000167363,-0.00161876,-0.0340687,0.0714486,0.341415,0.0910887,-0.00362543,-0.0261255,0.000485549,0.00594282,0.0834952
25.4604,0.999937,-0.0110721,0.000159774,-0.00163974,-0.000146887,-0.00121023,-0.0032564,0.0912197,-0.00361028,-0.026174,0.00040138,0.00634733,-0.0110442,25.4804,1,0.0011933,0.0139236,0.065321,0.999937,-0.0110729,0.000153544,-0.00165595,0.097659,0.104336,0.375801,0.0912237,-0.00354681,-0.0262845,0.000399866,0.00625311,0.0827681
25.4804,0.999937,-0.0110706,0.000138786,-0.00164536,-0.000946064,-0.000412379,-6.06389e-05,0.0916461,-0.00342037,-0.0265772,0.00133417,0.00708729,-0.0115871,25.5004,1,0.0135684,0.0132301,0.0308322,0.999937,-0.0110754,0.000136729,-0.00164564,0.196839,0.102173,0.182688,0.0916595,-0.0033495,-0.0266931,0.00133283,0.00699308,0.0822252
25.5004,0.999938,-0.0110575,0.000121399,-0.00165438,0.00131762,0.000519724,-0.000193789,0.0918807,-0.00328993,-0.0268232,0.00152101,0.00788292,-0.0116726,25.5204,1,-0.00469219,0.0122739,0.0644808,0.999938,-0.0110509,0.000123975,-0.00165538,0.0505082,0.0914502,0.371071,0.0918959,-0.0032111,-0.02694,0.00151982,0.00778882,0.0821396
25.5204,0.999937,-0.0110974,0.000121744,-0.0016509,-0.0100008,-0.000811842,0.000738307,0.0920262,-0.00320031,-0.026975,0.0014716,0.00844827,-0.00960221,25.5404,1,0.0103785,0.00987733,0.00355604,0.999937,-0.0111474,0.000117809,-0.00164715,0.171659,0.0778612,0.0297775,0.0920409,-0.00311583,-0.027071,0.0014704,0.00835383,0.08421
25.5404,0.999936,-0.0112046,0.000117556,-0.00163963,0.00304773,-0.000146145,0.0014033,0.0922472,-0.00301352,-0.027177,0.00165194,0.0115202,-0.0130407,25.5604,1,0.0357187,0.0294233,0.00825297,0.999936,-0.0111893,0.000116879,-0.00163261,0.374875,0.23416,0.0572552,0.0922637,-0.00289832,-0.0273074,0.00165078,0.0114249,0.0807716
25.5604,0.999936,-0.0111517,0.000119581,-0.00166682,0.000118124,-0.000546439,-0.000194657,0.0927246,-0.00268839,-0.0276551,0.00254584,0.00798463,-0.013072,25.5804,1,0.00360936,-0.0166775,0.0213782,0.999936,-0.0111511,0.000116838,-0.00166777,0.118255,-0.136227,0.128002,0.09275,-0.00260854,-0.0277858,0.00254467,0.00788973,0.0807402
25.5804,0.999936,-0.0111763,0.000107035,-0.00165595,-0.00161293,-0.000546433,0.00220219,0.0929319,-0.00257691,-0.0278883,0.0022117,0.00763138,-0.0132262,25.6004,1,0.00137149,0.000599059,-0.0226943,0.999936,-0.0111844,0.00010444,-0.00164491,0.10037,0.00598339,-0.117771,0.092954,-0.00250059,-0.0280205,0.00221063,0.00753627,0.0805861
25.6004,0.999936,-0.0111789,9.06579e-05,-0.00165307,-0.000547649,-0.00387539,0.000737454,0.092995,-0.00253913,-0.0279681,0.00203951,0.00779161,-0.0134833,25.6204,1,-0.017615,-0.00804729,-0.014045,0.999936,-0.0111817,7.13279e-05,-0.00164917,-0.0513885,-0.0640762,-0.0699054,0.0930154,-0.00246122,-0.0281029,0.00203859,0.00769648,0.0803289
25.6204,0.999936,-0.0111814,6.91337e-05,-0.00166858,-0.000813983,0.00118462,0.0015364,0.09327,-0.00230535,-0.0283744,0.00211733,0.0099077,-0.0137972,25.6404,1,0.0277738,0.0268629,0.0289645,0.999936,-0.0111854,7.51491e-05,-0.00166096,0.311149,0.212117,0.173217,0.0932911,-0.00220627,-0.0285124,0.00211659,0.00981255,0.080015
25.6404,0.999936,-0.0111688,0.000103185,-0.00168095,0.000117958,0.000518092,-0.00192575,0.0935659,-0.00200391,-0.0287845,0.00217005,0.0112945,-0.0147921,25.6604,1,-0.00813578,0.0023291,0.0217542,0.999936,-0.0111682,0.000105667,-0.00169061,0.024195,0.0157532,0.131367,0.0935876,-0.00189096,-0.0289324,0.00216901,0.0111995,0.0790202
25.6604,0.999936,-0.0111627,9.60979e-05,-0.00169352,0.00118322,-0.00161244,-0.00205891,0.0936737,-0.00187522,-0.0289557,0.00202442,0.0111878,-0.0150852,25.6804,1,-0.0119011,-0.0471813,-0.00976542,0.999936,-0.0111568,8.79113e-05,-0.00170373,-0.00536444,-0.377483,-0.0481666,0.093694,-0.00176334,-0.0291066,0.00202344,0.0110929,0.0787271
25.6804,0.999936,-0.0111582,9.47972e-05,-0.00169496,0.00118352,-0.000147536,-0.000327467,0.0937244,-0.00181951,-0.0290348,0.00229681,0.0112639,-0.0153841,25.7004,1,0.0119861,-0.00808006,0.0537046,0.999936,-0.0111523,9.40312e-05,-0.00169659,0.185079,-0.070025,0.309705,0.0937474,-0.00170687,-0.0291887,0.00229584,0.0111689,0.0784281
25.7004,0.999937,-0.0111344,9.01524e-05,-0.00170911,0.000516648,0.000118278,-0.000194353,0.093998,-0.00154171,-0.0294485,0.00309172,0.0111979,-0.0164124,25.7204,1,-0.0020121,-0.00352368,0.035285,0.999937,-0.0111318,9.07285e-05,-0.00171009,0.0729457,-0.0320789,0.206928,0.0940289,-0.00142973,-0.0296126,0.00309079,0.0111031,0.0773999
25.7204,0.999937,-0.0111094,7.56035e-05,-0.00170174,0.00078297,-0.0021454,0.00273513,0.0942772,-0.00127119,-0.02988,0.0032639,0.0113977,-0.017259,25.7404,1,-0.0241821,0.0310297,0.0561458,0.999937,-0.0111055,6.50224e-05,-0.00168795,-0.105235,0.2423,0.325824,0.0943099,-0.00115721,-0.0300526,0.0032631,0.0113032,0.0765532
25.7404,0.999937,-0.0111126,6.96393e-05,-0.00170416,-0.000681772,-0.00134646,-0.000593831,0.0943276,-0.00121253,-0.0299702,0.00305501,0.0115804,-0.0174394,25.7604,1,0.0251198,0.0211654,0.00684294,0.999937,-0.011116,6.28802e-05,-0.00170705,0.289504,0.16849,0.0491829,0.0943582,-0.00109673,-0.0301446,0.00305426,0.0114859,0.0763729
25.7604,0.999937,-0.0111002,6.25721e-05,-0.00170222,0.00144875,0.000784069,0.0006046,0.094507,-0.000965683,-0.0303399,0.00303009,0.0121487,-0.0177253,25.7804,1,-0.0466015,0.01418,0.0223251,0.999937,-0.011093,6.65134e-05,-0.00169924,-0.284319,0.110316,0.135396,0.0945373,-0.000844196,-0.0305171,0.00302939,0.0120542,0.0760869
25.7804,0.999937,-0.0110812,5.82703e-05,-0.00172822,0.00251402,0.00158301,7.19701e-05,0.0947194,-0.000635071,-0.0307974,0.00326011,0.0127381,-0.0180994,25.8004,1,-0.00562723,0.00261647,0.0674423,0.999937,-0.0110687,6.61671e-05,-0.00172795,0.0433638,0.0144088,0.387469,0.094752,-0.00050769,-0.0309784,0.00325945,0.0126438,0.0757129
25.8004,0.999937,-0.0110887,6.08491e-05,-0.00173046,-0.0020138,-0.000281749,-0.000593855,0.0948117,-0.000509725,-0.0309636,0.00337395,0.0127257,-0.0182794,25.8204,1,-0.0177067,0.0111064,0.0362431,0.999937,-0.0110988,5.94249e-05,-0.00173342,-0.0531837,0.084899,0.213314,0.0948455,-0.000382468,-0.0311464,0.00337327,0.0126313,0.0755329
25.8204,0.999937,-0.0110786,5.17415e-05,-0.00173257,0.00277989,-0.000814382,-6.12237e-05,0.0949002,-0.000382538,-0.0311353,0.00339892,0.012796,-0.0184632,25.8404,1,-0.0100168,7.93638e-05,-0.0182118,0.999937,-0.0110647,4.76424e-05,-0.00173283,0.00848696,0.00169628,-0.0922776,0.0949342,-0.000254578,-0.0313199,0.00339832,0.0127017,0.075349
25.8404,0.999937,-0.0110703,5.69924e-05,-0.00172065,-0.000683608,0.000783687,7.27366e-05,0.0950969,-9.09814e-05,-0.0315537,0.00375302,0.0131323,-0.0193354,25.8604,1,0.020299,0.0531565,0.00271875,0.999937,-0.0110737,6.09204e-05,-0.00172033,0.250068,0.424809,0.0281459,0.0951344,4.03418e-05,-0.0317471,0.00375237,0.0130381,0.0744769
25.8604,0.999937,-0.0110617,5.58796e-05,-0.00169479,0.00144692,0.00184895,-0.000193572,0.0952701,0.000223187,-0.0320116,0.00377446,0.0132514,-0.020223,25.8804,1,0.0259186,0.00875475,0.0369785,0.999937,-0.0110544,6.51008e-05,-0.00169586,0.295601,0.0666661,0.217098,0.0953078,0.000355701,-0.0322139,0.00377382,0.0131573,0.0735893
25.8804,0.999937,-0.0110663,6.05466e-05,-0.00169407,-0.00161571,-0.000148422,-0.000726213,0.0953291,0.000351322,-0.032207,0.00347443,0.0134862,-0.0203606,25.9004,1,0.0194961,0.0230559,0.0780772,0.999937,-0.0110744,5.97781e-05,-0.00169769,0.243829,0.177305,0.448094,0.0953638,0.000486184,-0.0324106,0.00347376,0.013392,0.0734516
25.9004,0.999937,-0.0110654,6.07087e-05,-0.00169847,0.000381656,0.000117895,-0.00112568,0.095355,0.000418064,-0.0323078,0.00348565,0.0134907,-0.0207658,25.9204,1,-0.0152957,0.0359234,0.0249226,0.999937,-0.0110635,6.12326e-05,-0.00170411,-0.0344304,0.28447,0.15128,0.0953898,0.000552971,-0.0325154,0.00348497,0.0133965,0.0730465
25.9204,0.999937,-0.0110613,1.89078e-05,-0.00169055,0.00011458,-0.00321107,-0.000859407,0.0955224,0.000845942,-0.0329726,0.00372615,0.0135753,-0.0215929,25.9404,1,-0.00376926,-0.0290375,0.0275882,0.999937,-0.0110607,2.805e-06,-0.00169467,0.0586549,-0.234929,0.162145,0.0955596,0.000981695,-0.0331885,0.00372583,0.0134812,0.0722194
25.9404,0.999937,-0.0111073,3.52998e-05,-0.00169715,-0.0114702,0.00158265,-0.00112568,0.0955765,0.00102741,-0.0332188,0.00342095,0.0144979,-0.0193901,25.9604,1,-0.000290115,0.00639721,0.141994,0.999936,-0.0111646,4.32473e-05,-0.00170286,0.0855082,0.0382737,0.804921,0.0956107,0.00117239,-0.0334127,0.00342049,0.0144034,0.0744221
25.9604,0.999935,-0.0112414,2.66204e-05,-0.00169689,0.00157933,-0.000947371,0.00100482,0.0955995,0.00118716,-0.033364,0.00278116,0.0172727,-0.0223408,25.9804,1,-0.0298813,0.00626949,0.0220128,0.999935,-0.0112335,2.1927e-05,-0.00169181,-0.149258,0.0475546,0.13315,0.0956274,0.00135989,-0.0335874,0.00278077,0.017177,0.0714715
25.9804,0.999936,-0.0112163,3.45787e-06,-0.00168688,0.00370932,-0.00281142,0.00220327,0.0956116,0.00136644,-0.0335512,0.00250791,0.0170871,-0.022298,26.0004,1,0.0426896,0.0219275,0.022267,0.999936,-0.0111978,-1.0506e-05,-0.00167571,0.430803,0.173959,0.135499,0.0956367,0.00153731,-0.0337742,0.00250772,0.0169916,0.0715143
26.0004,0.999936,-0.0112154,-3.87702e-05,-0.00172346,-0.000287597,-0.000281476,-0.00192467,0.095628,0.00171431,-0.033988,0.00227667,0.0141557,-0.0230252,26.0204,1,-0.0446278,0.0174213,0.00819263,0.999936,-0.0112168,-4.02829e-05,-0.00173307,-0.26762,0.138321,0.0566196,0.0956507,0.00185587,-0.0342182,0.00227683,0.0140603,0.0707871
26.0204,0.999936,-0.0112063,-3.71552e-05,-0.00172451,0.000245025,-0.00134674,-6.04574e-05,0.0956232,0.0018745,-0.0342648,0.00229509,0.013846,-0.0230046,26.0404,1,0.0268054,0.00941004,-0.0844169,0.999936,-0.0112051,-4.3894e-05,-0.00172473,0.303569,0.0835094,-0.4625,0.0956461,0.00201296,-0.0344949,0.00229524,0.0137506,0.0708077
26.0404,0.999936,-0.0112032,-3.94436e-05,-0.00172847,0.00104397,-0.000547794,-0.000992562,0.0956197,0.00191951,-0.0343373,0.00207482,0.0141501,-0.0228578,26.0604,1,0.00109285,-0.0149836,0.0358552,0.999936,-0.011198,-4.2247e-05,-0.00173341,0.0985187,-0.122744,0.209508,0.0956405,0.00206101,-0.0345658,0.00207499,0.0140548,0.0709545
26.0604,0.999936,-0.011228,-5.42238e-05,-0.00172593,-0.00161919,0.000117996,-6.04542e-05,0.0955838,0.00219415,-0.0347238,0.00194944,0.0157372,-0.022929,26.0804,1,0.0133325,0.00934971,0.0167367,0.999935,-0.011236,-5.36233e-05,-0.00172624,0.19633,0.0739073,0.103966,0.0956033,0.00235152,-0.0349531,0.00194974,0.0156417,0.0708832
26.0804,0.999936,-0.0112203,-7.77016e-05,-0.00171917,0.000643506,-1.53841e-05,-0.000726274,0.0955502,0.0024287,-0.0349682,0.0014913,0.0165125,-0.0234082,26.1004,1,-0.0549173,0.0129071,0.0243402,0.999936,-0.0112171,-7.78248e-05,-0.0017228,-0.34988,0.100931,0.14674,0.0955651,0.00259382,-0.0352022,0.0014918,0.016417,0.0704041
26.1004,0.999936,-0.0112056,-7.16479e-05,-0.00171353,0.00237374,0.00211496,-0.000326831,0.0955362,0.00250791,-0.0350444,0.00153785,0.016161,-0.0237188,26.1204,1,0.0479349,-0.0376798,0.00197386,0.999936,-0.0111938,-6.11125e-05,-0.00171528,0.47345,-0.300366,0.0182471,0.0955516,0.00266952,-0.0352816,0.00153829,0.0160656,0.0700935
26.1204,0.999936,-0.0112107,-7.86497e-05,-0.00170848,-0.000954287,-0.00174615,0.00127104,0.0955275,0.00254858,-0.0350887,0.00142426,0.0160905,-0.0238319,26.1404,1,-0.018729,-0.00146569,0.0154407,0.999936,-0.0112155,-8.73005e-05,-0.00170202,-0.0601336,-0.0127365,0.0959432,0.0955417,0.00270949,-0.0353271,0.00142476,0.0159951,0.0699803
26.1404,0.999936,-0.0112043,-0.000105687,-0.00167639,0.000642417,-0.00454257,0.00300208,0.0954683,0.00271631,-0.0353067,0.00111315,0.015162,-0.0237279,26.1604,1,0.0446666,0.0137866,-0.00905464,0.999936,-0.0112011,-0.000128235,-0.00166113,0.44665,0.112541,-0.040487,0.0954794,0.00286793,-0.0355439,0.00111389,0.0150667,0.0700844
26.1604,0.999936,-0.0111981,-0.000110915,-0.00164089,-0.000289684,-0.000414675,0.00193682,0.0953959,0.00288664,-0.0355713,0.00131527,0.015238,-0.0242647,26.1804,1,-0.00428597,-0.0277554,0.0134323,0.999936,-0.0111996,-0.000112877,-0.00163118,0.0556323,-0.222402,0.0826627,0.0954091,0.00303902,-0.035814,0.00131606,0.0151427,0.0695475
26.1804,0.999936,-0.0111979,-0.000124958,-0.00164376,0.000376097,-0.00347731,-0.000726348,0.0953817,0.00292661,-0.0356333,0.00146493,0.0153856,-0.0242014,26.2004,1,0.00445368,0.0117059,0.0360556,0.999936,-0.011196,-0.000142387,-0.0016472,0.125027,0.0914683,0.211828,0.0953963,0.00308046,-0.0358753,0.00146584,0.0152903,0.0696108
26.2004,0.999936,-0.0112013,-0.000118684,-0.00164047,-0.000556012,0.0015827,0.000871548,0.0953687,0.00297016,-0.0356967,0.00172968,0.0157174,-0.0240724,26.2204,1,-0.0373879,0.0168672,0.0256005,0.999936,-0.0112041,-0.000110718,-0.0016362,-0.209775,0.133092,0.153613,0.095386,0.00312734,-0.0359374,0.00173053,0.015622,0.0697399
26.2204,0.999936,-0.0111646,-9.61699e-05,-0.00164015,0.0011739,0.00158242,0.00140415,0.0953215,0.00319983,-0.0360315,0.00237676,0.0155576,-0.0239904,26.2404,1,-0.00069619,-0.0128324,-0.0156398,0.999936,-0.0111587,-8.81896e-05,-0.00163321,0.0838856,-0.100496,-0.0791965,0.0953452,0.0033554,-0.0362714,0.00237743,0.0154626,0.0698218
26.2404,0.999936,-0.0111754,-9.00886e-05,-0.00161865,-0.000690317,0.00118295,0.00033889,0.0952888,0.00337856,-0.036311,0.00233403,0.0158564,-0.0242446,26.2604,1,-0.0319923,0.0100108,0.0262909,0.999936,-0.0111789,-8.41497e-05,-0.00161702,-0.166711,0.0780365,0.156918,0.0953121,0.00353712,-0.0365534,0.00233464,0.0157613,0.0695677
26.2604,0.999936,-0.0111745,-9.4518e-05,-0.00161908,0.000507811,-0.00108013,-6.12667e-05,0.0952815,0.00342086,-0.0363752,0.00233896,0.0158231,-0.0242513,26.2804,1,-0.00741828,-0.0328277,0.0483636,0.999936,-0.011172,-9.99259e-05,-0.00161933,0.0303604,-0.26627,0.27782,0.0953049,0.00357909,-0.0366177,0.00233961,0.015728,0.0695609
26.2804,0.999936,-0.0111759,-9.11416e-05,-0.00160884,-0.00162271,0.000784083,-0.00152601,0.0952627,0.00355039,-0.0365858,0.00275891,0.0156209,-0.0245817,26.3004,1,-0.00869889,-0.0470961,-0.0136036,0.999936,-0.011184,-8.72937e-05,-0.00161652,0.020306,-0.374912,-0.07012,0.0952903,0.0037066,-0.0368316,0.00275953,0.0155258,0.0692305
26.3004,0.999936,-0.0111599,-8.2698e-05,-0.00161207,0.000372041,0.00238141,0.00073762,0.0952693,0.0036031,-0.0366914,0.00232152,0.0161666,-0.0246368,26.3204,1,0.00552295,0.0345928,-0.0342473,0.999936,-0.011158,-7.07536e-05,-0.00160851,0.132884,0.280515,-0.180597,0.0952925,0.00376477,-0.0369378,0.00232207,0.0160717,0.0691754
26.3204,0.999937,-0.0111334,-7.01735e-05,-0.00159779,0.00210309,0.000384043,0.00353394,0.0952637,0.00367666,-0.0368127,0.00236447,0.0165848,-0.0252501,26.3404,1,-0.000747915,0.00227428,-0.0204221,0.999937,-0.0111229,-6.80734e-05,-0.00158014,0.0830249,0.0205638,-0.105269,0.0952874,0.0038425,-0.0370652,0.00236492,0.0164901,0.0685621
26.3404,0.999937,-0.0111265,-6.77993e-05,-0.0015962,0.0021031,0.000650368,0.000471307,0.0952624,0.00370697,-0.036861,0.00261968,0.0166204,-0.0252115,26.3604,1,-0.0299516,-0.00376704,-0.0447731,0.999937,-0.0111159,-6.45382e-05,-0.00159388,-0.150692,-0.02599,-0.242011,0.0952886,0.00387317,-0.0371131,0.00262011,0.0165257,0.0686007
26.3604,0.999937,-0.0111354,-5.41826e-05,-0.00158716,-0.000160594,-0.000281746,7.18328e-05,0.0952507,0.00387599,-0.0371472,0.00253443,0.0165316,-0.0255842,26.3804,1,-0.00228476,0.025694,0.0160975,0.999937,-0.0111362,-5.55859e-05,-0.00158678,0.0704461,0.20451,0.100627,0.0952761,0.0040413,-0.037403,0.00253474,0.0164369,0.068228
26.3804,0.999935,-0.0113023,-4.06439e-05,-0.00158668,-0.0327855,0.00091624,-0.00205884,0.0952475,0.00401132,-0.0373375,0.00174988,0.0189232,-0.0235597,26.4004,1,0.00733934,-0.00407585,-0.041308,0.999933,-0.0114662,-3.59192e-05,-0.00159703,0.149087,-0.0284517,-0.222692,0.095265,0.00420055,-0.0375731,0.00175007,0.018827,0.0702526
26.4004,0.999936,-0.0112393,-5.15067e-05,-0.00159448,0.00529767,-0.000415304,-0.000194535,0.0952329,0.00417143,-0.037491,0.0015688,0.0196119,-0.0262934,26.4204,1,-0.00502617,0.0185749,0.00919521,0.999936,-0.0112128,-5.36362e-05,-0.00159543,0.0494541,0.148111,0.0615875,0.0952486,0.00436755,-0.0377539,0.00156909,0.0195162,0.0675189
26.4204,0.999936,-0.0112296,-5.396e-05,-0.00158985,0.00276717,-0.000548528,0.00126893,0.0952263,0.00422357,-0.0375512,0.00158518,0.0188138,-0.0263112,26.4404,1,0.00132595,0.00631762,0.0342676,0.999936,-0.0112158,-5.66532e-05,-0.00158347,0.100324,0.0479075,0.201181,0.0952422,0.0044117,-0.0378143,0.00158548,0.0187182,0.0675011
26.4404,0.999936,-0.0112198,-6.84366e-05,-0.00158205,0.00196822,-0.000814838,0.000469999,0.0952106,0.00431582,-0.0376811,0.00146786,0.0174259,-0.0263918,26.4604,1,-0.0121957,-0.0135206,0.0164663,0.999936,-0.01121,-7.24997e-05,-0.00157965,-0.00764798,-0.109243,0.100217,0.0952253,0.00449008,-0.0379451,0.00146829,0.0173305,0.0674205
26.4604,0.999936,-0.0112107,-0.000102873,-0.00157996,0.000367531,-0.00148097,0.000869398,0.0951862,0.00434551,-0.0378692,0.00114311,0.0149623,-0.0264099,26.4804,1,-0.0216075,-0.0451163,0.0428566,0.999936,-0.0112089,-0.000110232,-0.00157553,-0.0827527,-0.364203,0.24599,0.0951977,0.00449514,-0.0381333,0.00114384,0.0148669,0.0674024
26.4804,0.999936,-0.0112253,-0.000112225,-0.0016062,-3.19459e-05,0.00158167,-0.00126113,0.0951517,0.0043475,-0.0380425,0.000511383,0.0157695,-0.0268204,26.5004,1,-0.00124758,-0.013061,0.035847,0.999936,-0.0112254,-0.000104388,-0.00161259,0.0799569,-0.106819,0.208898,0.0951568,0.00450519,-0.0383107,0.000512184,0.015674,0.0669918
26.5004,0.999936,-0.0112358,-0.000117754,-0.00160383,-0.00189617,-0.000548859,0.00233414,0.0951223,0.00437788,-0.0381513,0.000194239,0.0166598,-0.0270247,26.5204,1,0.0352269,-0.0222148,0.0246638,0.999936,-0.0112453,-0.000120352,-0.00159213,0.371887,-0.178531,0.145658,0.0951242,0.00454448,-0.0384215,0.000195087,0.0165641,0.0667876
26.5204,0.999936,-0.01124,-0.000123264,-0.00160059,-0.000432534,-0.000416016,0.00113568,0.095094,0.00438468,-0.0382357,0.000404259,0.0169013,-0.0269913,26.5404,1,-0.0158632,-0.0128519,0.00568736,0.999936,-0.0112422,-0.000125277,-0.00159489,-0.0368274,-0.102537,0.0400105,0.095098,0.00455369,-0.0385056,0.000405155,0.0168056,0.066821
26.5404,0.999936,-0.0112048,-0.000119324,-0.0015867,0.000632729,0.00171451,0.000469883,0.0950205,0.00446398,-0.0384742,0.000377602,0.016136,-0.0263713,26.5604,1,-0.0346586,-0.00235712,0.0138258,0.999936,-0.0112016,-0.000110731,-0.00158444,-0.187633,-0.0195811,0.0861742,0.0950243,0.00462534,-0.0387379,0.000378466,0.0160406,0.067441
26.5604,0.999936,-0.0112103,-0.000112701,-0.00159127,-0.00136464,0.000116618,-0.00059538,0.094997,0.00449786,-0.0385793,0.000765122,0.0159577,-0.0264429,26.5804,1,-0.0331753,0.0136342,0.00131644,0.999936,-0.0112171,-0.00011214,-0.00159425,-0.175933,0.109427,0.0171538,0.0950046,0.00465743,-0.0388437,0.00076593,0.0158623,0.0673693
26.5804,0.999936,-0.0112168,-0.000110955,-0.00159259,-0.00123138,0.000516088,-0.000196696,0.0949864,0.00451711,-0.0386369,0.000774156,0.0160252,-0.0264383,26.6004,1,-0.00268339,0.00935609,0.0194778,0.999936,-0.0112229,-0.000108376,-0.00159361,0.0681452,0.0739493,0.118574,0.0949941,0.00467736,-0.0389012,0.000774948,0.0159297,0.0673739
26.6004,0.999936,-0.0112431,-0.000106979,-0.00158921,-0.000299267,-0.00108181,-0.00179459,0.0949366,0.00461169,-0.0388898,0.000613025,0.0156461,-0.026122,26.6204,1,-0.000990653,-0.00935696,-0.0784237,0.999936,-0.0112446,-0.000112486,-0.00159812,0.081791,-0.0669565,-0.430861,0.0949427,0.00476816,-0.039151,0.000613783,0.0155504,0.0676902
26.6204,0.999936,-0.0112436,-9.80356e-05,-0.00158855,9.72743e-05,0.00184711,0.000602183,0.094896,0.0045818,-0.0389614,-0.000349403,0.0161048,-0.0262438,26.6404,1,-0.0141027,-0.0143899,0.0400281,0.999936,-0.0112431,-8.87676e-05,-0.00158564,-0.0227417,-0.118108,0.232131,0.0948925,0.00474285,-0.0392238,-0.00034872,0.0160091,0.0675684
26.6404,0.999936,-0.0112396,-9.19767e-05,-0.00158315,0.0012957,0.00131448,0.00220008,0.0948647,0.00457845,-0.0390176,-0.000619308,0.0161206,-0.0266283,26.6604,1,0.0327936,0.0166806,-0.046295,0.999936,-0.0112331,-8.52914e-05,-0.00157222,0.351846,0.138749,-0.249352,0.0948585,0.00473966,-0.0392839,-0.000618676,0.0160249,0.067184
26.6604,0.999936,-0.0112372,-9.18586e-05,-0.00158013,0.00102938,0.00011605,0.000868497,0.0948461,0.00458196,-0.0390534,-0.000848489,0.0163414,-0.0266409,26.6804,1,0.0255049,-0.0342135,0.0700047,0.999936,-0.0112321,-9.12378e-05,-0.00157579,0.294106,-0.278929,0.398654,0.0948376,0.00474537,-0.0393198,-0.000847858,0.0162458,0.0671714
26.6804,0.999936,-0.0112195,-7.27805e-05,-0.00157873,-0.00163517,0.0011811,0.00180056,0.094685,0.00461368,-0.0393536,-0.000806942,0.0152636,-0.0266523,26.7004,1,-0.0383013,-0.036524,-0.0174206,0.999936,-0.0112277,-6.67615e-05,-0.00156979,-0.216323,-0.290512,-0.0910013,0.0946769,0.00476632,-0.0396201,-0.000806474,0.0151681,0.06716
26.7004,0.999936,-0.0112108,-6.60445e-05,-0.00157753,9.58925e-05,0.00264584,0.000468981,0.0946335,0.00458403,-0.0394259,-0.000589539,0.0148159,-0.0266917,26.7204,1,0.00986742,0.0327971,-0.0339536,0.999936,-0.0112103,-5.27906e-05,-0.00157534,0.168084,0.266057,-0.179249,0.0946276,0.00473219,-0.0396928,-0.000589127,0.0147205,0.0671206
26.7204,0.999936,-0.0112106,-6.72993e-05,-0.00157075,0.000495368,0.000249,0.00046898,0.0945964,0.00457141,-0.039496,-0.000884616,0.0146453,-0.02684,26.7404,1,0.0118656,-0.0376767,-0.0297493,0.999936,-0.0112082,-6.60319e-05,-0.00156842,0.184951,-0.298039,-0.16017,0.0945875,0.00471786,-0.0397644,-0.000884193,0.0145499,0.0669722
26.7404,0.999936,-0.0111864,-0.000108731,-0.00155446,0.00182685,-0.00161518,0.00140108,0.0944608,0.00458634,-0.0397972,-0.000847685,0.0145289,-0.0268574,26.7604,1,-0.0595978,-0.028766,0.0306798,0.999936,-0.0111773,-0.000116742,-0.00154737,-0.387114,-0.232732,0.178712,0.0944524,0.00473163,-0.0400658,-0.000846908,0.0144337,0.0669549
26.7604,0.999936,-0.0111925,-0.000108153,-0.00155716,-0.000306602,0.00184631,-0.00059636,0.0943753,0.00447408,-0.0398832,-0.000911425,0.0143591,-0.0268783,26.7804,1,0.0155089,-0.00711313,0.017442,0.999936,-0.011194,-9.89534e-05,-0.00156025,0.21368,-0.057405,0.105931,0.0943661,0.00461767,-0.0401519,-0.000910653,0.0142638,0.0669339
26.7804,0.999936,-0.0111796,-9.73815e-05,-0.00155142,0.00368814,0.00277842,0.00153417,0.0943586,0.00445234,-0.0398989,-0.00093673,0.0143879,-0.026654,26.8004,1,0.023382,-0.00930256,-0.0221394,0.999937,-0.0111612,-8.34332e-05,-0.00154391,0.276529,-0.0713669,-0.115885,0.0943493,0.00459621,-0.0401654,-0.000936049,0.0142927,0.0671583
26.8004,0.999937,-0.0111702,-7.75843e-05,-0.00155328,0.000224897,0.00211233,-0.000995878,0.0943021,0.00428353,-0.0398493,-0.00118835,0.013353,-0.0262513,26.8204,1,-0.043346,-0.00879557,-0.0445842,0.999936,-0.0111691,-6.70806e-05,-0.00155837,-0.257479,-0.0662952,-0.241506,0.0942902,0.00441706,-0.0401118,-0.00118784,0.0132579,0.0675609
26.8204,0.999935,-0.0113103,-0.00011523,-0.0015383,0.00408648,-1.81971e-05,0.000868342,0.0942242,0.00411971,-0.0398637,-0.000545904,0.0155881,-0.0265908,26.8404,1,0.0283744,0.0289017,-0.0230278,0.999935,-0.0112899,-0.000115304,-0.00153396,0.316988,0.234552,-0.11853,0.0942187,0.00427559,-0.0401296,-0.000545071,0.0154918,0.0672215
26.8404,0.999935,-0.0112818,-0.00011228,-0.0015328,0.000890687,0.00144654,0.000202548,0.0941841,0.00410786,-0.0399522,-0.000220595,0.0145319,-0.0266897,26.8604,1,-0.025724,0.0472099,-0.0112605,0.999935,-0.0112773,-0.000105044,-0.00153187,-0.11625,0.379252,-0.051485,0.0941819,0.00425318,-0.0402191,-0.000219787,0.0144359,0.0671225
26.8604,0.999935,-0.0112772,-0.000121257,-0.00153385,0.00155582,-0.0021488,-0.000197828,0.0941723,0.00409917,-0.0399892,-0.000296922,0.013505,-0.0265938,26.8804,1,0.0459387,0.0254201,0.0223924,0.999935,-0.0112695,-0.000132024,-0.00153471,0.457266,0.20286,0.135539,0.0941693,0.00423422,-0.0402552,-0.000296037,0.013409,0.0672185
26.8804,0.999935,-0.0112939,-0.000102788,-0.00153977,-0.00177447,0.00197874,-0.0004642,0.0941306,0.00392114,-0.0400939,9.08447e-05,0.0103551,-0.0267383,26.9004,1,-0.0338739,-0.0556263,0.0236596,0.999935,-0.0113028,-9.29076e-05,-0.0015422,-0.180134,-0.446716,0.137588,0.0941315,0.00402469,-0.0403612,9.15714e-05,0.010259,0.067074
26.9004,0.999935,-0.0113122,-0.000110155,-0.00154698,0.00155337,-0.000817951,-0.000996838,0.0940942,0.00365311,-0.0401735,-0.000787183,0.00998,-0.0266936,26.9204,1,0.0115644,-0.00449497,-0.0151598,0.999935,-0.0113045,-0.000114313,-0.00155191,0.183032,-0.0335613,-0.0765198,0.0940863,0.00375291,-0.0404405,-0.000786395,0.00988373,0.0671186
26.9204,0.999935,-0.0113036,-0.000120874,-0.00155171,0.00261864,-0.002549,-0.00113,0.0940836,0.00360481,-0.0401944,-0.000777795,0.0100581,-0.0266174,26.9404,1,-0.00826978,-0.00802605,0.0271267,0.999935,-0.0112905,-0.000133702,-0.00155721,0.0243611,-0.0657933,0.160083,0.0940758,0.00370539,-0.0404606,-0.000776916,0.00996186,0.0671948
26.9404,0.999935,-0.0113071,-0.000120252,-0.00154538,-0.000443999,0.000247315,0.00166632,0.0940721,0.00356063,-0.0402198,-0.000815867,0.0103833,-0.0267466,26.9604,1,0.00936956,-0.0271608,-0.0390765,0.999935,-0.0113093,-0.000118918,-0.00153706,0.1656,-0.212661,-0.211896,0.0940639,0.00366446,-0.0404873,-0.000814992,0.0102871,0.0670656
26.9604,0.999935,-0.0112811,-0.000114346,-0.00153198,0.000486901,0.000646483,-6.47847e-05,0.094027,0.00325965,-0.040281,-0.000819012,0.010854,-0.0270653,26.9804,1,-0.0103451,-0.0230894,-0.0202937,0.999935,-0.0112786,-0.000111121,-0.00153234,0.00771053,-0.182084,-0.106515,0.0940189,0.00336819,-0.0405516,-0.000818186,0.010758,0.066747
26.9804,0.999936,-0.0112424,-0.000113143,-0.00151996,0.0020848,0.00237754,0.0021989,0.093975,0.00306074,-0.0404042,-0.000789077,0.0104117,-0.0261453,27.0004,1,0.00133511,0.0310287,0.00933286,0.999936,-0.0112319,-0.000101149,-0.00150909,0.100203,0.248295,0.0627206,0.0939671,0.00316486,-0.0406656,-0.00078826,0.010316,0.067667
27.0004,0.999936,-0.0112462,-0.000115753,-0.00151941,-0.000578364,-0.000551939,0.000201532,0.0939655,0.00302567,-0.040436,-0.000410556,0.010162,-0.0259153,27.0204,1,-0.0307867,0.00445256,-0.0129115,0.999936,-0.0112491,-0.000118497,-0.00151837,-0.156425,0.0373311,-0.0634956,0.0939614,0.00312729,-0.0406952,-0.000409716,0.0100663,0.067897
27.0204,0.999935,-0.011267,-0.000125337,-0.00153117,-0.00204267,-0.00148415,-0.00312783,0.0939514,0.00295655,-0.0405084,-0.000113034,0.00957073,-0.0258836,27.0404,1,-0.0200118,0.00358899,-0.0153635,0.999935,-0.0112772,-0.000132918,-0.00154673,-0.0700362,0.0308521,-0.0772175,0.0939503,0.00305226,-0.0407672,-0.000112115,0.00947485,0.0679286
27.0404,0.999935,-0.0112792,-0.000154384,-0.00153117,-0.00191074,0.000912306,-0.000331564,0.0939529,0.00272609,-0.0406284,0.000714252,0.00898997,-0.0260344,27.0604,1,0.0215776,0.0284687,-0.0260423,0.999935,-0.0112888,-0.000149827,-0.00153288,0.262375,0.231583,-0.135482,0.0939601,0.00281599,-0.0408888,0.000715418,0.00889398,0.0677778
27.0604,0.999935,-0.0112716,-0.00019442,-0.00154218,0.00288207,0.00104522,-0.000198411,0.0939843,0.00248039,-0.040714,0.000585635,0.00948051,-0.025719,27.0804,1,0.0187532,0.0110218,0.0279794,0.999935,-0.0112572,-0.000189227,-0.00154323,0.240039,0.0874314,0.165981,0.0939901,0.00257519,-0.0409712,0.000587141,0.00938459,0.0680933
27.0804,0.999935,-0.0112748,-0.000192338,-0.00154756,-0.000446881,0.000645749,-0.00126368,0.0939872,0.0024388,-0.0407351,0.000433873,0.00936448,-0.0256689,27.1004,1,0.0424523,0.0231469,-0.0456841,0.999935,-0.011277,-0.000189178,-0.00155392,0.429238,0.191345,-0.245751,0.0939916,0.00253244,-0.0409918,0.000435361,0.00926853,0.0681434
27.1004,0.999935,-0.0112743,-0.000205085,-0.00154852,0.0018168,-0.00108531,0.00206527,0.0939912,0.00235925,-0.0407882,0.000499412,0.00896163,-0.0254934,27.1204,1,0.015943,-0.0170642,0.0283999,0.999935,-0.0112652,-0.000210408,-0.00153814,0.217926,-0.137229,0.1666,0.0939962,0.00244886,-0.0410431,0.000501009,0.00886568,0.0683189
27.1204,0.999935,-0.011279,-0.000196814,-0.00155076,0.00314721,-0.000686106,-0.000597934,0.0940256,0.00203345,-0.0408767,0.00110669,0.00837595,-0.0252715,27.1404,1,-0.0162449,0.0218432,0.0229149,0.999935,-0.0112633,-0.000200303,-0.00155371,-0.0400108,0.174039,0.138391,0.0940367,0.00211721,-0.0411294,0.00110821,0.00827996,0.0685408
27.1404,0.999935,-0.0112763,-0.000194242,-0.00156197,0.00101668,0.000778634,-0.00272846,0.0940344,0.00198301,-0.0408834,0.00127891,0.00798084,-0.0251301,27.1604,1,-0.0136755,0.0127257,0.00537909,0.999935,-0.0112712,-0.00019051,-0.00157565,-0.0193538,0.102696,0.0396848,0.0940472,0.00206282,-0.0411347,0.00128041,0.00788487,0.0686822
27.1604,0.999935,-0.0112744,-0.000189288,-0.00156574,-4.90361e-05,-0.00228369,-0.000198819,0.0940711,0.00183361,-0.0409241,0.00190917,0.0074962,-0.0250869,27.1804,1,-0.0286984,-0.0208222,-0.00318138,0.999935,-0.0112747,-0.000200717,-0.00156661,-0.139178,-0.165126,-0.0103362,0.0940902,0.00190858,-0.0411749,0.00191063,0.00740025,0.0687254
27.1804,0.999935,-0.0112643,-0.000219154,-0.00153081,0.00234781,-0.00201738,0.00113277,0.094148,0.00160288,-0.0410223,0.00271526,0.00745154,-0.0248592,27.2004,1,-0.0226292,-0.0148195,0.0463036,0.999936,-0.0112526,-0.000229194,-0.00152503,-0.0907741,-0.121247,0.266937,0.0941751,0.0016774,-0.0412709,0.00271697,0.00735568,0.068953
27.2004,0.999935,-0.0112819,-0.000211605,-0.00153148,8.29751e-05,0.00131134,-0.00153045,0.0942759,0.00131932,-0.0409812,0.00359758,0.00718606,-0.0245895,27.2204,1,-0.0263635,0.0137072,-0.00245569,0.999935,-0.0112815,-0.000205135,-0.00153921,-0.120851,0.111241,-0.0042812,0.0943119,0.00139118,-0.0412271,0.00359923,0.00709004,0.0692227
27.2204,0.999935,-0.0112793,-0.000211069,-0.00154161,0.00101439,0.000245965,-0.00246256,0.094304,0.00126607,-0.0409739,0.0037863,0.00733395,-0.0246089,27.2404,1,7.78568e-05,0.0551144,0.0372258,0.999935,-0.0112742,-0.000209986,-0.00155393,0.0900403,0.439214,0.220546,0.0943419,0.00133941,-0.04122,0.00378795,0.00723796,0.0692034
27.2404,0.999935,-0.0112783,-0.000199984,-0.0015555,0.000748081,0.00104491,-6.57102e-05,0.0944217,0.00107762,-0.0409959,0.00402621,0.00715227,-0.0249077,27.2604,1,-0.0354163,-0.0131821,-0.00450429,0.999935,-0.0112746,-0.00019477,-0.00155588,-0.192994,-0.103886,-0.0173108,0.094462,0.00114914,-0.041245,0.00402776,0.00705629,0.0689046
27.2604,0.999934,-0.0114277,-0.000180552,-0.00154589,0.00594125,0.000911749,0.00179849,0.0945599,0.00093672,-0.0410311,0.00400237,0.00994935,-0.025199,27.2804,1,-0.0323528,-0.0204935,-0.0125322,0.999934,-0.011398,-0.000175937,-0.00153695,-0.167222,-0.161748,-0.0628047,0.0946,0.00103621,-0.0412831,0.00400376,0.0098521,0.0686133
27.2804,0.999934,-0.0114008,-0.000176537,-0.0015586,0.000613814,0.000245689,-0.00206313,0.0946623,0.00083157,-0.040997,0.00472311,0.00813291,-0.0255009,27.3004,1,0.0359774,0.0262083,-0.0136866,0.999934,-0.0113977,-0.000175431,-0.00156892,0.378561,0.21276,-0.0662836,0.0947096,0.000912899,-0.041252,0.00472446,0.00803588,0.0683114
27.3004,0.999934,-0.0113962,-0.00016782,-0.00157458,0.000214076,0.00117816,0.00126571,0.0947368,0.000742978,-0.0410003,0.00510672,0.00655575,-0.0256508,27.3204,1,-0.0158791,0.00597696,-0.0228979,0.999934,-0.0113951,-0.000161859,-0.00156832,-0.035998,0.0510421,-0.11901,0.0947879,0.000808536,-0.0412568,0.005108,0.00645877,0.0681615
27.3204,0.999934,-0.0114157,-0.000171245,-0.00156092,-0.00111751,0.000645524,0.00113256,0.0949197,0.000497793,-0.0410927,0.00515681,0.00540148,-0.0258181,27.3404,1,-0.0165857,-0.0329879,0.0189052,0.999934,-0.0114213,-0.000167944,-0.00155529,-0.0409918,-0.264451,0.112503,0.0949713,0.000551808,-0.0413509,0.00515812,0.00530433,0.0679942
27.3404,0.999934,-0.0114183,-0.000192491,-0.0015587,0.000613545,-0.00228395,0.000333606,0.095061,0.000346043,-0.0412517,0.00532403,0.00643921,-0.0263489,27.3604,1,-0.0122602,0.012028,0.0206613,0.999934,-0.0114153,-0.000203896,-0.0015569,-0.00687992,0.0957167,0.125203,0.0951142,0.000410435,-0.0415152,0.00532551,0.00634204,0.0674634
27.3604,0.999934,-0.0114205,-0.000196647,-0.00155524,0.000347233,-2.02669e-05,-6.58662e-05,0.0951315,0.000283886,-0.0413448,0.00558235,0.0065078,-0.0263581,27.3804,1,-0.0208059,0.00016477,0.0108602,0.999934,-0.0114188,-0.000196755,-0.00155556,-0.0750822,0.00163971,0.0695537,0.0951874,0.000348964,-0.0416084,0.00558388,0.00641061,0.0674542
27.3804,0.999934,-0.0114178,-0.0002039,-0.00154627,0.00141167,-0.00228367,-0.000731652,0.0952427,0.000190779,-0.0414946,0.00618665,0.00649798,-0.0265758,27.4004,1,0.0497721,0.00253782,-0.0411333,0.999934,-0.0114108,-0.00021537,-0.0015498,0.489203,0.0263019,-0.221585,0.0953045,0.000255759,-0.0417604,0.00618823,0.00640081,0.0672364
27.4004,0.999934,-0.0113913,-0.000210809,-0.00151932,0.000212086,0.000512514,0.00113252,0.0954964,-5.23022e-05,-0.0416551,0.00663652,0.00584967,-0.0275444,27.4204,1,-0.0341357,-0.0137284,0.00644861,0.999934,-0.0113902,-0.000208184,-0.00151369,-0.181823,-0.109137,0.0437766,0.0955628,6.19457e-06,-0.0419305,0.00663817,0.00575273,0.0662679
27.4204,0.999934,-0.0113924,-0.000202251,-0.00153127,0.000345235,0.000113042,-0.00206327,0.0956269,-0.000181545,-0.0417485,0.00684253,0.00535542,-0.0279155,27.4404,1,-0.0355388,0.0220371,0.0178065,0.999934,-0.0113907,-0.000201806,-0.00154159,-0.193488,0.175843,0.109722,0.0956953,-0.000127991,-0.0420277,0.00684411,0.00525847,0.0658967
27.4404,0.999934,-0.0113915,-0.00021185,-0.0015225,0.000478392,-0.00241696,0.00219779,0.0956719,-0.00022287,-0.041791,0.00700449,0.00519696,-0.0280349,27.4604,1,0.0114948,0.00433114,0.0167061,0.999934,-0.0113891,-0.000223813,-0.00151137,0.183041,0.0349589,0.102335,0.0957419,-0.0001709,-0.0420714,0.00700614,0.00510001,0.0657773
27.4604,0.999934,-0.0113808,-0.000207737,-0.00152663,7.9761e-05,-0.00374893,-0.000598048,0.0959036,-0.000404262,-0.0420611,0.00740579,0.00523028,-0.0277543,27.4804,1,-0.0473372,-0.00537139,0.0591391,0.999934,-0.0113805,-0.000226515,-0.00152941,-0.287725,-0.0472737,0.339394,0.0959776,-0.000351959,-0.0423387,0.00740741,0.00513343,0.066058
27.4804,0.999934,-0.0113611,-0.000201117,-0.00158014,0.00327456,0.00224311,-0.00259548,0.0961818,-0.00065769,-0.0421383,0.00721875,0.00573632,-0.027748,27.5004,1,-0.0061794,-0.0436149,0.00527787,0.999934,-0.0113447,-0.000190075,-0.00159324,0.0419275,-0.347847,0.0356263,0.096254,-0.000600327,-0.0424157,0.00722031,0.00563964,0.0660643
27.5004,0.999934,-0.0113654,-0.0002034,-0.0015836,-0.000853337,-0.000553204,-0.000864424,0.096228,-0.000691892,-0.042167,0.00735936,0.00575744,-0.0278987,27.5204,1,-0.00733971,0.00071032,-0.0262943,0.999934,-0.0113697,-0.000206208,-0.00158789,0.0321241,0.00960656,-0.13832,0.0963016,-0.000634317,-0.042446,0.00736094,0.00566071,0.0659136
27.5204,0.999934,-0.0113655,-0.000207777,-0.00158331,0.000211928,-0.00108584,6.76902e-05,0.0962689,-0.00072905,-0.0421826,0.00741009,0.00569778,-0.0279441,27.5404,1,-0.0066592,0.0345767,0.036865,0.999934,-0.0113644,-0.000213203,-0.0015829,0.0371588,0.274819,0.217494,0.096343,-0.000672072,-0.0424621,0.0074117,0.00560105,0.0658682
27.5404,0.999935,-0.0113327,-0.000192302,-0.00159861,0.00180864,-0.00135157,-0.000598136,0.0965155,-0.00100483,-0.0420519,0.00744585,0.00528241,-0.0283719,27.5604,1,0.0161338,-0.033569,0.08975,0.999935,-0.0113237,-0.000199108,-0.00160153,0.219862,-0.274934,0.509329,0.09659,-0.00095201,-0.0423356,0.00744733,0.00518596,0.0654403
27.5604,0.999935,-0.0113067,-0.000212507,-0.0016172,0.00287391,-0.000952093,-0.000864452,0.0967631,-0.00122949,-0.0421496,0.0073941,0.00493876,-0.0292708,27.5804,1,0.00409224,0.00124422,0.000936348,0.999935,-0.0112923,-0.000217339,-0.00162146,0.123174,0.0116214,0.0143733,0.096837,-0.0011801,-0.0424423,0.00739575,0.00484254,0.0645415
27.5804,0.999935,-0.0113084,-0.000222621,-0.00162387,-0.000189177,-0.00254964,-0.00166396,0.0968029,-0.00126143,-0.0421868,0.00744308,0.00497597,-0.029362,27.6004,1,0.019657,-0.00616869,0.0074533,0.999935,-0.0113093,-0.000235461,-0.00163205,0.247785,-0.0479847,0.0504121,0.0968773,-0.00121167,-0.0424804,0.00744482,0.00487973,0.0644502
27.6004,0.999935,-0.0113004,-0.000218255,-0.00162059,0.00220767,0.00104562,0.000866056,0.0968426,-0.00129171,-0.0422292,0.00738614,0.00493151,-0.0293689,27.6204,1,-0.0085797,0.0219013,0.0215864,0.999935,-0.0112893,-0.000212996,-0.00161631,0.0214777,0.174881,0.131343,0.0969164,-0.0012424,-0.0425229,0.00738784,0.00483534,0.0644434
27.6204,0.999935,-0.0113116,-0.000208042,-0.00161863,0.00140718,0.000779538,0.000333354,0.0970195,-0.00154967,-0.0420546,0.00735119,0.00488668,-0.0295777,27.6404,1,0.00627777,-0.0124882,0.0253731,0.999935,-0.0113046,-0.000204137,-0.00161701,0.140878,-0.10045,0.150342,0.097093,-0.00150081,-0.0423504,0.00735281,0.00479042,0.0642346
27.6404,0.999935,-0.0112834,-0.000191443,-0.00161163,0.00247245,0.00184481,0.00086598,0.0971676,-0.00173605,-0.0419537,0.00820179,0.00519359,-0.0295757,27.6604,1,0.0285369,-0.0321995,-0.00637472,0.999935,-0.011271,-0.000182191,-0.0016074,0.318867,-0.255106,-0.0287447,0.0972496,-0.00168411,-0.0422495,0.00820326,0.00509756,0.0642366
27.6604,0.999935,-0.0112708,-0.000193975,-0.00161046,0.00340456,-0.000685195,0.000333339,0.0972094,-0.0017755,-0.0419448,0.0083489,0.00531833,-0.0296921,27.6804,1,0.0202708,-0.0128867,-0.0404469,0.999935,-0.0112538,-0.00019741,-0.00160875,0.252326,-0.0976283,-0.218314,0.0972929,-0.00172232,-0.0422418,0.0083504,0.00522241,0.0641201
27.6804,0.999934,-0.0114021,-0.000216593,-0.00163339,-0.0337469,-0.000950969,-0.0016641,0.0973634,-0.00192403,-0.0419031,0.00821942,0.00626849,-0.0249189,27.7004,1,-0.0204628,0.0080605,-0.0137263,0.999932,-0.0115708,-0.000221166,-0.00164169,-0.0726345,0.0671965,-0.0671789,0.0974456,-0.00186135,-0.0421523,0.0082211,0.00617145,0.0688934
27.7004,0.999934,-0.0113996,-0.000216113,-0.00162345,0.00380362,-0.00188298,0.00166495,0.0975485,-0.00198407,-0.04196,0.00832966,0.00607928,-0.0297249,27.7204,1,0.0251087,-0.0253214,0.0149722,0.999934,-0.0113806,-0.000225463,-0.00161501,0.292339,-0.201869,0.0912762,0.0976318,-0.00192328,-0.0422573,0.00833134,0.00598227,0.0640874
27.7204,0.999934,-0.0113704,-0.000213566,-0.00163058,0.00140677,-0.000551406,-0.00126453,0.0976989,-0.00209806,-0.0421073,0.00839914,0.00323709,-0.0296222,27.7404,1,-0.0289194,-0.0136447,0.00975206,0.999934,-0.0113634,-0.000216407,-0.00163687,-0.140232,-0.108707,0.0628999,0.0977829,-0.00206568,-0.0424035,0.0084008,0.00314032,0.0641901
27.7404,0.999934,-0.0113646,-0.000213921,-0.00163551,0.00167252,-0.000152019,-0.00126294,0.0977384,-0.00213468,-0.0421549,0.00865209,0.00260911,-0.0296603,27.7604,1,-0.0241697,-0.0257,0.0432342,0.999934,-0.0113562,-0.000214767,-0.00164182,-0.102159,-0.208124,0.249633,0.0978249,-0.00210859,-0.0424515,0.00865375,0.0025124,0.064152
27.7604,0.999934,-0.0113815,-0.000220006,-0.00162518,7.46082e-05,-0.00148361,0.00219917,0.0978647,-0.00224622,-0.0423286,0.00886272,0.0024822,-0.0299837,27.7804,1,-0.00975211,-0.00227898,0.0832314,0.999934,-0.0113811,-0.000227299,-0.0016141,0.0128957,-0.0241819,0.475001,0.0979533,-0.0022214,-0.0426284,0.00886444,0.00238534,0.0638286
27.7804,0.999934,-0.0113929,-0.000204091,-0.00162307,0.000339973,0.00291098,6.86177e-05,0.0980902,-0.00253266,-0.0424264,0.00834341,0.00476691,-0.0297827,27.8004,1,-0.00460192,-0.0107475,0.0764249,0.999934,-0.0113912,-0.000189536,-0.00162289,0.0543217,-0.0913716,0.436333,0.0981736,-0.00248499,-0.0427242,0.00834499,0.00466996,0.0640296
27.8004,0.999934,-0.0113811,-0.000204416,-0.0016269,0.00313629,-0.000151652,-0.000996642,0.0981232,-0.00255502,-0.0424593,0.00847513,0.00504124,-0.0297659,27.8204,1,-0.0057688,-0.00140572,0.0350195,0.999934,-0.0113655,-0.000205257,-0.00163187,0.0449199,-0.0128743,0.205118,0.0982079,-0.0025046,-0.042757,0.00847671,0.00494439,0.0640464
27.8204,0.999934,-0.0113773,-0.000202412,-0.00163565,-0.000192659,0.000114664,-0.00152928,0.0981943,-0.00259179,-0.0425405,0.00863183,0.0050032,-0.0297442,27.8404,1,-0.0142513,0.0222518,-0.00401411,0.999934,-0.0113782,-0.000201924,-0.00164331,-0.0233149,0.179801,-0.0118873,0.0982806,-0.00254175,-0.042838,0.0086334,0.00490637,0.064068
27.8404,0.999934,-0.0113596,-0.000185504,-0.00163674,-0.000859064,0.00251224,-0.000197687,0.098318,-0.00269023,-0.0426796,0.00912885,0.00379011,-0.0295566,27.8604,1,-0.0244982,-0.0149156,-0.031491,0.999934,-0.0113639,-0.000172947,-0.00163787,-0.10503,-0.115293,-0.168104,0.0984093,-0.00265233,-0.0429752,0.00913027,0.00369343,0.0642557
27.8604,0.999934,-0.0113787,-0.00018681,-0.00159745,-0.000992896,-0.00121597,0.00033493,0.0985374,-0.00298127,-0.0426629,0.00907714,0.00287326,-0.0293527,27.8804,1,0.00120826,0.00327659,0.0520625,0.999934,-0.0113837,-0.000192862,-0.00159571,0.100607,0.0229796,0.300672,0.0986281,-0.00295254,-0.0429564,0.00907858,0.00277642,0.0644596
27.8804,0.999934,-0.0113829,-0.000186519,-0.00160936,-0.000859393,-1.73889e-05,-0.00299445,0.0985685,-0.00301821,-0.0426817,0.00895748,0.0026515,-0.0290703,27.9004,1,-0.00934894,-0.00237046,0.0529872,0.999934,-0.0113872,-0.00018677,-0.00162433,0.0162543,-0.022418,0.305567,0.0986581,-0.00299169,-0.0429724,0.00895891,0.00255463,0.0647419
27.9004,0.999934,-0.0113928,-0.00018167,-0.00161747,-0.00152518,0.000515245,-0.000198133,0.0986684,-0.00312046,-0.0427586,0.00931809,0.00285717,-0.0288466,27.9204,1,-0.0176088,0.0276754,-0.00977434,0.999934,-0.0114005,-0.000179092,-0.00161849,-0.0501445,0.223504,-0.0438965,0.0987616,-0.00309189,-0.0430471,0.00931948,0.00276021,0.0649657
27.9204,0.999934,-0.0113915,-0.000179778,-0.0016327,-0.000993165,0.000249335,-0.00086393,0.09885,-0.00334536,-0.0427416,0.00911104,0.00262505,-0.0290693,27.9404,1,-0.0260531,0.0270482,0.063605,0.999934,-0.0113964,-0.000178572,-0.00163703,-0.11779,0.211669,0.367034,0.0989411,-0.00331911,-0.0430323,0.00911241,0.00252811,0.0647429
27.9404,0.999934,-0.0113982,-0.000164053,-0.00163816,7.20979e-05,0.00198039,-0.00019814,0.0989055,-0.00341413,-0.0427626,0.00901971,0.00261777,-0.0291827,27.9604,1,-0.0167632,0.0126715,-0.00368917,0.999934,-0.0113979,-0.000154164,-0.00163927,-0.0431021,0.102794,-0.0106621,0.0989957,-0.00338796,-0.0430544,0.00902095,0.00252077,0.0646296
27.9604,0.999934,-0.0113986,-0.000153979,-0.00163161,7.21049e-05,0.00237986,0.00166607,0.0989337,-0.00344723,-0.0427825,0.00901539,0.00247039,-0.0293237,27.9804,1,-0.00924585,-9.35312e-05,0.0627813,0.999934,-0.0113983,-0.000141986,-0.00162341,0.017122,-0.00536452,0.360673,0.0990239,-0.00342252,-0.0430757,0.00901654,0.00237339,0.0644886
27.9804,0.999934,-0.0113995,-0.000168711,-0.00163118,7.1859e-05,-0.00121458,-0.00046444,0.0990599,-0.00361636,-0.042902,0.00888382,0.00183138,-0.0293774,28.0004,1,-0.00895134,0.0494452,0.103954,0.999934,-0.0113992,-0.000174811,-0.00163344,0.0184754,0.387279,0.594343,0.0991488,-0.00359805,-0.0431958,0.0088851,0.00173437,0.0644349
28.0005,0.999934,-0.0113672,-0.000172916,-0.00161668,0.00326706,0.00171533,0.00313081,0.0991272,-0.00384858,-0.0428014,0.00873401,0.000724336,-0.0291519,28.0205,1,-0.0252952,-0.0119765,0.0154389,0.999934,-0.0113508,-0.000164189,-0.00160112,-0.111281,-0.096154,0.0947628,0.0992145,-0.00384134,-0.0430929,0.00873532,0.000627599,0.0646604
28.0205,0.999934,-0.0113584,-0.000189711,-0.001607,0.0022018,-0.00148046,-0.000863927,0.0991579,-0.00394194,-0.0428027,0.00876543,0.000480029,-0.0291774,28.0405,1,0.00975452,-0.0160488,0.00331849,0.999934,-0.0113474,-0.00019718,-0.00161123,0.169093,-0.12704,0.0265487,0.0992455,-0.00393714,-0.0430945,0.00876689,0.000383366,0.0646349
28.0405,0.999934,-0.0113416,-0.000209369,-0.0016062,0.0015359,-0.00214648,0.00126696,0.0991854,-0.00404276,-0.0427672,0.0088843,0.000391278,-0.0291258,28.0605,1,-0.0472768,-0.0037398,0.00987618,0.999934,-0.011334,-0.000220041,-0.00159975,-0.287498,-0.0297471,0.064105,0.0992743,-0.00403884,-0.0430585,0.00888592,0.000294757,0.0646865
28.0605,0.999934,-0.0113389,-0.000219413,-0.00161039,0.00153542,-0.000548107,-0.00139621,0.0992547,-0.00435348,-0.042636,0.00877712,-1.47252e-05,-0.0294936,28.0805,1,0.000317425,-0.002868,0.0104596,0.999934,-0.0113312,-0.000222245,-0.00161733,0.0933005,-0.022132,0.0674052,0.0993424,-0.00435363,-0.0429309,0.00877883,-0.000111223,0.0643186
28.0805,0.999935,-0.0113291,-0.000226056,-0.00160075,0.002867,-0.00174653,-0.000597265,0.0993094,-0.0045423,-0.042683,0.00835813,-3.61932e-05,-0.0294153,28.1005,1,-0.0090385,-0.0191073,0.0562265,0.999935,-0.0113148,-0.000234845,-0.00160363,0.0185123,-0.156255,0.322595,0.099393,-0.00454267,-0.0429771,0.0083599,-0.000132608,0.064397
28.1005,0.999935,-0.0113284,-0.00023562,-0.00159931,0.000336998,-0.00254548,0.000334844,0.0993231,-0.00458566,-0.0427061,0.0083545,-5.02351e-05,-0.029401,28.1205,1,0.00842552,-0.0185498,0.0431846,0.999935,-0.0113267,-0.00024833,-0.0015975,0.158242,-0.150312,0.249576,0.0994066,-0.00458616,-0.0430002,0.00835635,-0.000146643,0.0644113
28.1205,0.999933,-0.0114911,-0.000258319,-0.00159724,0.00140225,-0.00321127,0.000734345,0.0993637,-0.00467553,-0.0427726,0.00797195,0.00304989,-0.0297134,28.1405,1,-0.0440704,0.022843,-0.019548,0.999933,-0.0114841,-0.000274343,-0.00159338,-0.261074,0.186029,-0.0989958,0.0994434,-0.00464503,-0.0430698,0.00797399,0.0029521,0.0640989
28.1405,0.999933,-0.0114628,-0.000269861,-0.00159665,0.00100224,0.001051,-0.000330949,0.099364,-0.00483015,-0.0427685,0.00788525,5.82899e-05,-0.0301641,28.1605,1,0.00549515,0.000376885,0.0474473,0.999933,-0.0114578,-0.000264633,-0.00159836,0.135654,0.00089045,0.274634,0.0994429,-0.00482957,-0.0430701,0.0078874,-3.92631e-05,0.0636482
28.1605,0.999933,-0.0114974,-0.00028782,-0.00161514,-0.00618831,-0.00387584,-0.00299411,0.0993664,-0.00492458,-0.0427782,0.00785405,-0.00140237,-0.030423,28.1805,1,-0.00789121,0.00169582,0.0194713,0.999932,-0.0115284,-0.00030732,-0.0016299,0.0288566,0.0139748,0.118197,0.0994449,-0.00493861,-0.0430824,0.00785634,-0.00150021,0.0633893
28.1805,0.999933,-0.0115016,-0.00028634,-0.00160194,6.96715e-05,0.000119206,0.00259832,0.0993728,-0.00502919,-0.0428116,0.00786162,-0.00171927,-0.030171,28.2005,1,0.0377291,-0.00608082,-0.00716983,0.999933,-0.0115013,-0.000285595,-0.00158895,0.393817,-0.045211,-0.0316365,0.0994515,-0.00504638,-0.0431133,0.0078639,-0.00181716,0.0636413
28.2005,0.999932,-0.0115023,-0.00029922,-0.00161497,0.00166726,-0.000412829,-0.000597482,0.0993888,-0.00530413,-0.0428983,0.00814063,-0.000788532,-0.0304567,28.2205,1,-0.0445573,-0.00395147,0.063179,0.999933,-0.011494,-0.000301332,-0.00161793,-0.264489,-0.0356123,0.362615,0.0994702,-0.00531202,-0.0432028,0.00814302,-0.000886421,0.0633556
28.2205,0.999933,-0.0115006,-0.000294424,-0.00163379,6.93707e-05,0.000652435,-0.00272801,0.0993912,-0.00548939,-0.042923,0.00794983,0.000133274,-0.0304448,28.2405,1,0.0380286,0.0342263,0.035196,0.999932,-0.0115002,-0.000291319,-0.00164747,0.395671,0.273402,0.208357,0.0994707,-0.00548806,-0.0432275,0.00795217,3.53989e-05,0.0633675
28.2405,0.999933,-0.0114927,-0.00028374,-0.00163905,0.00206673,0.00251665,-0.00126327,0.0993933,-0.00551929,-0.0429449,0.00784834,0.000172044,-0.0305176,28.2605,1,0.00324923,0.00497374,0.0348111,0.999933,-0.0114824,-0.000271247,-0.00164551,0.117891,0.0388977,0.204417,0.0994718,-0.00551757,-0.04325,0.00785059,7.42362e-05,0.0632947
28.2605,0.999933,-0.0114719,-0.000304391,-0.00164444,0.00113463,-0.00347547,-0.00152958,0.099411,-0.00564291,-0.0430951,0.00794351,-0.000697045,-0.0309695,28.2805,1,-0.007873,-0.0151097,-0.0122745,0.999933,-0.0114663,-0.000321865,-0.00165188,0.0289443,-0.117412,-0.0604831,0.0994904,-0.00564988,-0.0434048,0.00794594,-0.000794676,0.0628428
28.2805,0.999933,-0.0114484,-0.000295275,-0.00165408,0.000735043,0.0023846,-0.000597478,0.0993714,-0.00583463,-0.0429313,0.00869688,-0.000191291,-0.0314036,28.3005,1,-0.0249686,-0.00072322,0.0439578,0.999933,-0.0114447,-0.000283393,-0.0016572,-0.108152,-0.00778257,0.255393,0.0994584,-0.00583654,-0.0432453,0.00869924,-0.000288722,0.0624087
28.3005,0.999933,-0.0114433,-0.000313943,-0.00166949,6.90523e-05,-0.00200907,-0.00232854,0.0993609,-0.00589223,-0.0428422,0.00916084,0.000143768,-0.0319461,28.3205,1,-0.0402965,-0.00927196,0.0348067,0.999933,-0.0114429,-0.000324122,-0.00168102,-0.230727,-0.0753874,0.203717,0.0994525,-0.0058908,-0.0431616,0.00916335,4.63809e-05,0.0618662
28.3205,0.999933,-0.0114566,-0.000306638,-0.00167099,-0.0032589,0.00158689,-0.000331077,0.0993601,-0.00591631,-0.0428105,0.00947176,0.000465875,-0.0319422,28.3405,1,0.021995,0.00245672,0.0528641,0.999933,-0.0114729,-0.000298695,-0.00167274,0.267547,0.0175504,0.305481,0.0994548,-0.00591165,-0.0431299,0.0094742,0.000368374,0.0618701
28.3405,0.999933,-0.0114564,-0.000308574,-0.00167498,0.0024669,-0.000943118,-0.00099686,0.0993732,-0.00600298,-0.0427519,0.00951899,8.50408e-05,-0.0322129,28.3605,1,0.0057736,-0.00214834,0.0758204,0.999933,-0.0114441,-0.000313367,-0.0016799,0.137788,-0.0215958,0.433771,0.0994684,-0.00600213,-0.043074,0.00952145,-1.24586e-05,0.0615994
28.3605,0.999933,-0.011451,-0.000281832,-0.00169428,0.0018011,0.00358425,-0.000597402,0.0994197,-0.00611652,-0.0428747,0.00910774,-0.000195032,-0.0327562,28.3805,1,-0.0420342,-0.0105433,-0.0251878,0.999933,-0.011442,-0.000263962,-0.00169747,-0.244672,-0.0803516,-0.132176,0.0995108,-0.00611847,-0.0432023,0.00910998,-0.000292485,0.0610561
28.3805,0.999933,-0.011444,-0.000291761,-0.00169182,0.00180111,-0.00267417,0.000601021,0.0994305,-0.00613524,-0.0429188,0.00924547,-0.000219681,-0.0328564,28.4005,1,-0.045517,0.0157994,0.0829596,0.999933,-0.011435,-0.000305112,-0.00168866,-0.273002,0.120499,0.47506,0.099523,-0.00613744,-0.0432474,0.00924779,-0.000317074,0.0609559
28.4005,0.999933,-0.0114375,-0.000296482,-0.00169847,0.00166795,-0.00134259,-0.00166265,0.0994425,-0.00615341,-0.0429691,0.00908385,-0.000251105,-0.0329512,28.4205,1,-0.0142218,-0.00159591,-0.0215596,0.999933,-0.0114291,-0.000303304,-0.00170671,-0.0223275,-0.00861589,-0.111296,0.0995333,-0.00615592,-0.0432986,0.00908621,-0.000348443,0.0608611
28.4205,0.999934,-0.0114026,-0.000288406,-0.00167839,0.00100174,-0.00280589,0.00286473,0.0994392,-0.00630488,-0.0430969,0.00811058,-0.000326229,-0.0328657,28.4405,1,-0.0095884,-0.00514776,0.0318931,0.999934,-0.0113976,-0.00030228,-0.0016639,0.0146092,-0.0419114,0.18767,0.0995203,-0.00630814,-0.0434255,0.00811287,-0.00042327,0.0609466
28.4405,0.999934,-0.0113908,-0.000267647,-0.00168123,0.000868599,0.00145517,-0.000331064,0.0993991,-0.00639283,-0.0431994,0.00738228,-0.00020348,-0.0325212,28.4605,1,-0.0501985,0.024002,0.048297,0.999934,-0.0113864,-0.000260398,-0.00168297,-0.310902,0.189063,0.281441,0.099473,-0.00639486,-0.0435247,0.0073844,-0.00030042,0.0612911
28.4605,0.999934,-0.011396,-0.000278984,-0.0016716,-0.00126237,-0.00307208,0.00233324,0.0993897,-0.00640863,-0.0432364,0.00723819,-0.00017618,-0.0326431,28.4805,1,0.00527716,-0.00272822,-0.0402122,0.999934,-0.0114024,-0.0002942,-0.00165976,0.133254,-0.0158577,-0.216002,0.0994621,-0.00641039,-0.0435628,0.00724041,-0.000273165,0.0611692
28.4805,0.999934,-0.0113897,-0.000285342,-0.00166181,0.000202383,-0.00440366,-0.00152834,0.0993362,-0.00647541,-0.0434398,0.00698232,4.60684e-05,-0.0323272,28.5005,1,0.0270157,0.00641554,0.0373404,0.999934,-0.0113887,-0.000307447,-0.0016692,0.30713,0.050558,0.218755,0.099406,-0.00647495,-0.043763,0.00698458,-5.08625e-05,0.0614851
28.5005,0.999934,-0.0114065,-0.0002749,-0.00165698,-0.00246109,-0.00080783,0.000335881,0.099243,-0.00654328,-0.0434962,0.00646871,0.00025221,-0.0322744,28.5205,1,-0.0164528,-0.035174,0.0399164,0.999933,-0.0114188,-0.000278899,-0.00165526,-0.0399494,-0.283038,0.23056,0.0993077,-0.00654076,-0.043819,0.00647089,0.000155136,0.0615379
28.5205,0.999933,-0.0114474,-0.000269347,-0.00166085,-0.0101843,0.00118959,-0.00099569,0.099228,-0.00655389,-0.0435221,0.00644143,0.000545667,-0.0299659,28.5405,1,-0.0247661,-0.0161203,0.047065,0.999932,-0.0114983,-0.000263372,-0.00166591,-0.106362,-0.131441,0.271837,0.0992924,-0.00654843,-0.0438217,0.00644356,0.000448245,0.0638464
28.5405,0.999932,-0.0115276,-0.000252248,-0.00162618,0.00472944,-0.000674689,0.00379798,0.0991679,-0.00651043,-0.0436709,0.00577803,0.00300249,-0.0325134,28.5605,1,-0.0128248,-0.0305482,-0.00547928,0.999933,-0.0115039,-0.000255441,-0.00160715,-0.0100361,-0.242013,-0.0235343,0.0992256,-0.00648041,-0.043996,0.00578002,0.00290438,0.0612989
28.5605,0.999932,-0.0115102,-0.000255538,-0.00160357,0.000734545,0.00345446,0.00113483,0.0990452,-0.00651813,-0.0437617,0.00566213,-0.000526455,-0.0326894,28.5805,1,0.0667577,-0.0250388,-0.0185839,0.999933,-0.0115065,-0.000238208,-0.00159809,0.62614,-0.195691,-0.0968169,0.0991018,-0.00652339,-0.0440886,0.00566415,-0.000624411,0.0611229
28.5805,0.999932,-0.0115244,-0.000254174,-0.00158477,-0.000996505,0.00185656,0.00100167,0.098946,-0.00660101,-0.0437799,0.0059232,-0.00161105,-0.0323125,28.6005,1,0.00362051,0.0352337,0.0468835,0.999932,-0.0115293,-0.000244826,-0.00157987,0.120646,0.279604,0.273658,0.0990053,-0.00661712,-0.044103,0.00592521,-0.00170912,0.0614998
28.6005,0.999932,-0.0115302,-0.000253908,-0.00158279,-0.00139644,-0.00014078,0.000468796,0.0989244,-0.00662056,-0.043799,0.0059916,-0.00130977,-0.0324147,28.6205,1,0.044244,1.00637e-06,0.109695,0.999932,-0.0115372,-0.000254573,-0.00158044,0.445744,-0.00753311,0.622987,0.0989843,-0.00663366,-0.0441231,0.0059936,-0.00140789,0.0613976
28.6205,0.999932,-0.0115497,-0.000262297,-0.00158972,0.00113356,-0.00213815,-0.00179489,0.098838,-0.00668455,-0.0438679,0.00568092,-0.000644401,-0.0325708,28.6405,1,-0.00123434,-0.0296714,-0.116919,0.999932,-0.0115441,-0.0002731,-0.00159857,0.0819809,-0.224485,-0.647783,0.0988948,-0.006691,-0.0441936,0.005683,-0.000742694,0.0612415
28.6405,0.999932,-0.011566,-0.000257809,-0.00159607,-0.000863949,0.00172408,-0.00152858,0.0986992,-0.00672863,-0.0438333,0.00576385,9.64878e-05,-0.0326402,28.6605,1,0.0116341,-0.0102857,0.027116,0.999932,-0.0115703,-0.00024927,-0.00160382,0.185737,-0.0825793,0.16009,0.0987568,-0.00672766,-0.0441597,0.00576588,-1.94343e-06,0.0611722
28.6605,0.999932,-0.0115697,-0.000259166,-0.00159414,-0.000863955,-0.000539608,0.000468795,0.0986757,-0.00673422,-0.0438477,0.00576081,-5.42438e-05,-0.0326274,28.6805,1,-0.00916887,0.0487838,-0.048556,0.999932,-0.0115741,-0.000261829,-0.00159176,0.0182657,0.39669,-0.259815,0.0987333,-0.00673476,-0.044174,0.00576286,-0.000152706,0.0611849
28.6805,0.999932,-0.0115782,-0.000258402,-0.00159223,-0.00206238,-6.97802e-06,0.000468782,0.0986528,-0.00674117,-0.043868,0.00562495,-0.000322554,-0.0325115,28.7005,1,0.0189522,-0.0206038,0.0102021,0.999932,-0.0115885,-0.000258393,-0.00158989,0.244475,-0.163456,0.0646772,0.098709,-0.00674439,-0.0441931,0.00562699,-0.000421089,0.0613008
28.7005,0.999932,-0.0115689,-0.000255203,-0.00161024,0.00219854,-0.000805378,-0.000330165,0.098547,-0.00678634,-0.0438599,0.0055113,-0.00104155,-0.0324071,28.7205,1,0.000933153,-0.0433118,0.0110184,0.999932,-0.0115579,-0.000259266,-0.00161184,0.100504,-0.345439,0.0678999,0.0986021,-0.00679675,-0.044184,0.00551331,-0.00114,0.0614052
28.7205,0.999932,-0.0115549,-0.000271984,-0.00161482,0.00153274,-0.00266959,0.000601942,0.0984298,-0.00685147,-0.0438239,0.00502315,-0.0015142,-0.0325913,28.7405,1,-0.00471153,-0.00905209,-0.069754,0.999932,-0.0115472,-0.000285309,-0.00161165,0.0544846,-0.0638542,-0.382154,0.09848,-0.00686661,-0.0441498,0.00502531,-0.00161254,0.061221
28.7405,0.999932,-0.0115583,-0.000242816,-0.00159042,-0.00166298,0.00185817,0.0014009,0.09834,-0.00690146,-0.0438048,0.00508864,-0.00182893,-0.0323377,28.7605,1,0.00490179,0.00840716,-0.0304164,0.999932,-0.0115666,-0.000233432,-0.00158352,0.131465,0.0720691,-0.160881,0.0983908,-0.00691975,-0.0441281,0.00509055,-0.0019273,0.0614746
28.7605,0.999932,-0.011564,-0.000240845,-0.0015942,-0.000464556,0.00172502,6.93143e-05,0.098289,-0.00693293,-0.043822,0.00514028,-0.00167784,-0.0323862,28.7805,1,-0.0307327,-0.0159026,-0.0427357,0.999932,-0.0115663,-0.000232213,-0.00159395,-0.153353,-0.121727,-0.231378,0.0983404,-0.00694971,-0.0441458,0.00514217,-0.00177625,0.0614261
28.7805,0.999932,-0.0115565,-0.000243744,-0.00160799,0.00180021,0.000526595,-0.00113035,0.0982125,-0.0069811,-0.0438926,0.00455952,-0.00189216,-0.0323629,28.8005,1,0.003779,-0.0272167,-0.0143469,0.999932,-0.0115475,-0.000241191,-0.00161367,0.122959,-0.214395,-0.0731031,0.0982581,-0.00700002,-0.0442163,0.00456144,-0.00199051,0.0614494
28.8005,0.999932,-0.0115335,-0.000260318,-0.00160207,0.00140043,-0.0013372,0.00286436,0.0979785,-0.00712671,-0.0438349,0.00358166,-0.00240011,-0.0319509,28.8205,1,0.0143252,0.0147797,0.0149765,0.999932,-0.0115265,-0.00026685,-0.00158767,0.206674,0.119113,0.0937652,0.0980143,-0.00715071,-0.0441544,0.00358371,-0.00249826,0.0618614
28.8205,0.999932,-0.0115145,-0.000246452,-0.0016124,0.00246569,0.00132596,-0.000997221,0.0979151,-0.00717539,-0.0438545,0.00386651,-0.00269054,-0.031809,28.8405,1,-0.0248697,0.0119011,-0.0301706,0.999933,-0.0115022,-0.0002399,-0.00161746,-0.107118,0.0996307,-0.159121,0.0979538,-0.00720229,-0.0441726,0.00386845,-0.00278853,0.0620033
28.8405,0.999933,-0.0115053,-0.000245386,-0.00161564,0.00233253,0.000127539,-0.0007309,0.0978865,-0.00719974,-0.043872,0.00385189,-0.00273184,-0.0315371,28.8605,1,0.0448435,-0.00528967,-0.00263587,0.999933,-0.0114936,-0.00024481,-0.0016193,0.450735,-0.0395312,-0.00612396,0.097925,-0.00722706,-0.0441873,0.00385382,-0.00282976,0.0622752
28.8605,0.999932,-0.0115026,-0.0002461,-0.00163437,0.00153359,0.000793331,-0.000997216,0.0978036,-0.00727014,-0.0439488,0.00363914,-0.00261329,-0.0309272,28.8805,1,-0.0376519,-0.035694,0.0186692,0.999933,-0.0114949,-0.000242204,-0.00163939,-0.20881,-0.285778,0.111432,0.09784,-0.00729627,-0.0442581,0.00364108,-0.00271118,0.0628852
28.8805,0.999933,-0.0114901,-0.00020482,-0.00166871,-0.000863337,0.00132672,0.00166592,0.0975734,-0.00743289,-0.0438394,0.00317241,-0.00232478,-0.0302796,28.9005,1,0.023319,0.00565035,-0.0376643,0.999933,-0.0114945,-0.000198084,-0.00166046,0.278232,0.0506102,-0.201233,0.0976051,-0.00745614,-0.0441422,0.00317399,-0.00242256,0.0635327
28.9005,0.999933,-0.0114855,-0.000207897,-0.001665,-6.43872e-05,-4.86058e-06,-0.000331449,0.0975073,-0.00747514,-0.0438066,0.00314349,-0.00267858,-0.0298215,28.9205,1,0.0174277,0.00185233,0.00656644,0.999933,-0.0114858,-0.00020794,-0.00166665,0.231266,0.0161093,0.0461908,0.0975387,-0.00750192,-0.0441048,0.00314509,-0.00277633,0.0639908
28.9205,0.999933,-0.0114789,-0.000214831,-0.00166589,0.00166662,-0.00186908,-0.000197705,0.0974756,-0.00749814,-0.0437981,0.00316261,-0.00283706,-0.0296824,28.9405,1,-0.0167374,-0.0178738,-0.00209504,0.999933,-0.0114706,-0.000224201,-0.00166677,-0.0418521,-0.141293,-0.00353412,0.0975072,-0.00752651,-0.0440949,0.00316427,-0.00293475,0.0641299
28.9405,0.999933,-0.0114878,-0.000195131,-0.00165154,-0.00139612,-0.000270752,0.00140018,0.0972821,-0.0076539,-0.0437298,0.00258995,-0.00346841,-0.0296856,28.9605,1,0.00536499,-0.0248047,0.0562231,0.999933,-0.0114948,-0.000196392,-0.00164453,0.13506,-0.201963,0.322458,0.097308,-0.00768858,-0.0440266,0.00259145,-0.00356618,0.0641267
28.9605,0.999933,-0.0114837,-0.000204274,-0.00165764,-0.000597256,-0.00186835,-0.000197736,0.0970933,-0.00780976,-0.0434789,0.00261734,-0.00353533,-0.0288424,28.9805,1,-0.0424852,-0.0338539,-0.0716376,0.999933,-0.0114867,-0.000213622,-0.00165852,-0.248029,-0.263168,-0.394027,0.0971195,-0.00784512,-0.0437673,0.00261891,-0.00363306,0.0649699
28.9805,0.999933,-0.0114803,-0.000216608,-0.0016664,0.000867493,-0.00319994,-0.0021951,0.0970565,-0.0078394,-0.0434098,0.00284198,-0.00366655,-0.0288834,29.0005,1,-0.0533202,0.00192842,-0.00978685,0.999933,-0.011476,-0.00023274,-0.00167719,-0.334868,0.0173447,-0.0452959,0.0970849,-0.00787606,-0.0436986,0.00284366,-0.00376425,0.0649289
29.0005,0.999931,-0.0116575,-0.000225467,-0.00166989,-0.000197787,-0.000403614,0.00140016,0.0969222,-0.00791301,-0.04317,0.00279274,-0.00133106,-0.0286095,29.0205,1,-3.39804e-06,-0.0442301,0.00141729,0.999931,-0.0116585,-0.000227401,-0.00166286,0.0937351,-0.352147,0.0143911,0.0969502,-0.00792632,-0.0434561,0.0027945,-0.00143026,0.0652028
29.0205,0.999932,-0.0115841,-0.00021696,-0.00166998,0.00379696,0.000395334,-0.000863534,0.0967851,-0.00801112,-0.0430724,0.00281106,-0.00418143,-0.0290316,29.0405,1,0.043943,-0.0339231,-0.068432,0.999932,-0.0115651,-0.000215065,-0.00167432,0.444167,-0.262708,-0.376131,0.0968132,-0.00805294,-0.0433628,0.00281274,-0.00428001,0.0647808
29.0405,0.999932,-0.0115829,-0.000226154,-0.00167071,0.000334849,-0.00240098,-0.000197737,0.096752,-0.00804073,-0.0429943,0.00255059,-0.00450325,-0.0289033,29.0605,1,-0.035835,-0.0185685,0.0372342,0.999932,-0.0115812,-0.000238172,-0.00167156,-0.193821,-0.150661,0.21668,0.0967775,-0.00808577,-0.0432833,0.00255235,-0.00460182,0.064909
29.0605,0.999931,-0.0115877,-0.00023853,-0.00167705,-0.000330634,-0.00106899,-0.00126301,0.0966864,-0.00810792,-0.0428597,0.00244403,-0.00508041,-0.0289817,29.0805,1,-0.0134051,0.0211563,0.0353391,0.999931,-0.0115893,-0.000243945,-0.00168331,-0.0148355,0.167689,0.208659,0.0967108,-0.00815872,-0.0431495,0.00244589,-0.00517903,0.0648306
29.0805,0.999932,-0.0115688,-0.000233695,-0.00167924,0.000600924,-0.00106904,-0.000996242,0.0965351,-0.00828911,-0.0425454,0.00267685,-0.00503131,-0.0281618,29.1005,1,-0.0312134,-0.0230684,0.00435005,0.999932,-0.0115658,-0.000239103,-0.00168416,-0.156892,-0.183488,0.0323015,0.0965618,-0.00833943,-0.042827,0.00267867,-0.00512976,0.0656505
29.1005,0.999932,-0.0115772,-0.000200002,-0.00166525,-0.000863815,-0.00013693,0.00273219,0.0964025,-0.00844745,-0.0422243,0.00256768,-0.00435075,-0.0275456,29.1205,1,-0.0103983,0.0165196,0.0458967,0.999932,-0.0115815,-0.000200521,-0.00165159,0.00917454,0.129357,0.2674,0.0964282,-0.00849096,-0.0424997,0.00256922,-0.00444928,0.0662667
29.1205,0.999932,-0.011574,-0.000200749,-0.001655,-0.000597501,0.000395697,-0.000330448,0.0963544,-0.0085063,-0.0421402,0.00244221,-0.00448448,-0.0275259,29.1405,1,0.00235619,0.0570635,-0.00277912,0.999932,-0.011577,-0.000198785,-0.00165668,0.110529,0.458369,-0.00261328,0.0963788,-0.00855114,-0.0424155,0.00244376,-0.00458298,0.0662865
29.1405,0.999932,-0.0115705,-0.000205741,-0.00165568,0.000867234,-0.00133536,-0.000197291,0.096331,-0.00853608,-0.0421087,0.00257741,-0.0045211,-0.0275508,29.1605,1,-0.0281428,0.0430458,-0.0579685,0.999932,-0.0115662,-0.000212436,-0.00165658,-0.133507,0.350977,-0.312536,0.0963568,-0.00858129,-0.0423842,0.002579,-0.00461957,0.0662615
29.1605,0.999932,-0.0115626,-0.000244949,-0.00165441,0.000201445,-0.00173483,0.00126745,0.0962549,-0.00865895,-0.0420393,0.00273162,-0.00515782,-0.0269793,29.1805,1,0.0562452,0.0190296,-0.00159554,0.999932,-0.0115617,-0.000253551,-0.00164797,0.542014,0.155075,0.00146897,0.0962822,-0.00871053,-0.0423091,0.00273355,-0.00525622,0.0668331
29.1805,0.999932,-0.0115613,-0.000249604,-0.00166384,0.00046776,-0.000802724,-0.000996238,0.0961809,-0.00884575,-0.0420559,0.00301611,-0.00622476,-0.0261388,29.2005,1,-0.0214635,0.0357455,0.0307273,0.999932,-0.011559,-0.000253679,-0.00166878,-0.0797443,0.284811,0.18371,0.0962111,-0.00890799,-0.0423173,0.00301807,-0.00632315,0.0676735
29.2005,0.999932,-0.011548,-0.000244391,-0.00166376,0.00166619,0.000262544,-0.00072992,0.0961568,-0.00892619,-0.0420718,0.00266936,-0.00614981,-0.0257394,29.2205,1,-0.0145745,0.0367626,-0.0784705,0.999932,-0.0115397,-0.000243135,-0.00166742,-0.0252039,0.303084,-0.427727,0.0961834,-0.00898769,-0.0423292,0.00267127,-0.00624808,0.0680729
29.2205,0.999932,-0.0115391,-0.000220604,-0.00167712,0.00180043,0.00265983,-0.00139526,0.0961278,-0.00899568,-0.0420845,0.00250395,-0.00597172,-0.0256607,29.2405,1,-0.00763707,0.0494536,-0.0190345,0.999932,-0.0115301,-0.000207402,-0.00168425,0.0303911,0.399019,-0.0940022,0.0961528,-0.0090554,-0.0423411,0.00250567,-0.00606992,0.0681516
29.2405,0.999932,-0.0115139,-0.000224378,-0.00166635,0.00193359,0.00106193,0.000202638,0.0960837,-0.00913975,-0.0421608,0.00276102,-0.00642327,-0.0251745,29.2605,1,-0.0159481,-0.0418585,0.0438567,0.999932,-0.0115042,-0.000219073,-0.0016654,-0.0350096,-0.337306,0.252215,0.0961113,-0.00920398,-0.0424125,0.00276277,-0.00652125,0.0686378
29.2605,0.999933,-0.0115024,-0.000217112,-0.00163446,0.00140113,0.000263313,0.000335783,0.0960283,-0.00928533,-0.0420103,0.00303228,-0.00664648,-0.0246676,29.2805,1,0.00699008,-0.0334115,-0.0744757,0.999933,-0.0114954,-0.000215787,-0.0016328,0.147934,-0.258599,-0.410074,0.0960587,-0.0093518,-0.0422569,0.00303397,-0.00674437,0.0691447
29.2805,0.999933,-0.0114775,-0.000239233,-0.00162982,0.00313218,-0.00053564,-0.000330004,0.096001,-0.00939419,-0.0419528,0.00296112,-0.00656861,-0.024268,29.3005,1,-0.0103799,0.000421458,-0.0324739,0.999933,-0.0114619,-0.000241956,-0.00163144,0.00866507,0.00813061,-0.172679,0.0960306,-0.00945987,-0.0421955,0.002963,-0.00666629,0.0695443
29.3005,0.999933,-0.0114669,-0.000250135,-0.00162451,0.00259955,-0.00279932,0.00126789,0.0959923,-0.0094304,-0.0419436,0.00297097,-0.00664208,-0.024333,29.3205,1,-0.000664123,0.0156116,-0.0022884,0.999933,-0.0114539,-0.000264079,-0.00161801,0.0862038,0.127087,-0.00271465,0.096022,-0.00949682,-0.042187,0.00297294,-0.00673966,0.0694793
29.3205,0.999933,-0.0114559,-0.000239028,-0.00161456,-0.000196771,0.00226068,0.000868414,0.0959729,-0.00957978,-0.0419594,0.00347622,-0.00703965,-0.0242388,29.3405,1,-0.00824169,0.0252337,-0.0220268,0.999933,-0.0114568,-0.000227674,-0.00161035,0.0252951,0.205679,-0.112676,0.0960077,-0.00965017,-0.0422018,0.00347809,-0.00713714,0.0695735
29.3405,0.999933,-0.0114415,-0.000256683,-0.00162457,-0.000462857,-0.000402236,6.94586e-05,0.0959798,-0.00984457,-0.0417363,0.00443744,-0.00766445,-0.023818,29.3605,1,-0.00803417,-0.0338317,0.0116929,0.999933,-0.0114438,-0.000258686,-0.0016242,0.0276649,-0.269758,0.0724111,0.0960241,-0.00992122,-0.0419745,0.00443947,-0.00776182,0.0699943
29.3605,0.999933,-0.0114447,-0.000261701,-0.0016183,-0.000862329,-0.00133435,0.00153419,0.0959848,-0.00987996,-0.0416988,0.00460656,-0.0076996,-0.0236599,29.3805,1,0.0126548,-0.0112077,-0.0818866,0.999933,-0.011449,-0.000268278,-0.00161056,0.192442,-0.0799084,-0.450241,0.0960308,-0.00995696,-0.0419354,0.00460863,-0.007797,0.0701524
29.3805,0.999933,-0.011444,-0.000256626,-0.00161864,7.0012e-05,0.00119589,-6.41609e-05,0.0959923,-0.00991602,-0.0416663,0.00478534,-0.00784688,-0.0235566,29.4005,1,0.0041022,-0.030366,0.0402413,0.999933,-0.0114437,-0.000250651,-0.00161903,0.124726,-0.244493,0.232437,0.0960401,-0.00999449,-0.0419019,0.00478737,-0.00794427,0.0702557
29.4005,0.999934,-0.0114167,-0.000276531,-0.0016324,0.00113553,-0.00213291,-0.00166208,0.0960407,-0.0101502,-0.0414386,0.00505098,-0.00850634,-0.0227548,29.4205,1,-0.052117,0.0130635,0.067815,0.999933,-0.011411,-0.000287299,-0.00164059,-0.325938,0.099831,0.389762,0.0960912,-0.0102353,-0.0416661,0.00505318,-0.0086035,0.0710575
29.4205,0.999933,-0.0114256,-0.000258913,-0.00163177,-0.00126132,0.00186183,6.89766e-05,0.0961031,-0.0103203,-0.0412081,0.00585176,-0.00943591,-0.0227122,29.4405,1,-0.0122731,0.00843013,0.00772634,0.999933,-0.0114319,-0.00024959,-0.00163154,-0.00688039,0.0686411,0.0529584,0.0961616,-0.0104147,-0.0414352,0.00585381,-0.00953314,0.0711001
29.4405,0.999933,-0.0114249,-0.000258099,-0.00162945,7.02571e-05,0.000130773,0.000601607,0.0961244,-0.0103686,-0.041166,0.00602402,-0.00968023,-0.0225729,29.4605,1,-0.0277371,0.0245499,-0.0391751,0.999933,-0.0114246,-0.000257411,-0.00162645,-0.131017,0.201667,-0.208644,0.0961846,-0.0104654,-0.0413917,0.00602605,-0.00977746,0.0712394
29.4605,0.999933,-0.0114187,-0.000255233,-0.00162837,0.00260026,0.00159551,0.000335289,0.0961949,-0.0105157,-0.0410732,0.00617894,-0.00960289,-0.0226806,29.4805,1,0.0139723,-0.0546582,-0.0311665,0.999934,-0.0114057,-0.000247258,-0.00162678,0.203578,-0.43217,-0.168936,0.0962567,-0.0106117,-0.0413,0.00618096,-0.00970006,0.0711317
29.4805,0.999932,-0.0115391,-0.000272413,-0.00161236,0.000602881,-0.00239923,0.00033529,0.0963279,-0.0107298,-0.0410015,0.00610807,-0.00759467,-0.0224456,29.5005,1,0.00714421,0.00326144,0.0164278,0.999932,-0.0115361,-0.000284393,-0.00161054,0.149441,0.0268444,0.101217,0.096389,-0.0108057,-0.0412259,0.00611023,-0.00769288,0.0713667
29.5005,0.999932,-0.0115149,-0.000271943,-0.00160079,0.000736047,0.000663404,0.0012674,0.0964838,-0.0109623,-0.0410659,0.00635259,-0.0104795,-0.0218334,29.5205,1,0.0150748,0.0355093,-0.0603206,0.999932,-0.0115112,-0.000268559,-0.00159449,0.211887,0.291975,-0.326564,0.0965474,-0.0110671,-0.0412842,0.00635474,-0.0105775,0.0719789
29.5205,0.999932,-0.0115196,-0.000269716,-0.00160702,-0.00126132,0.000530247,-0.00152892,0.0965168,-0.0110232,-0.0410898,0.00663242,-0.0108966,-0.021717,29.5405,1,0.0164336,0.0258758,-0.0410803,0.999932,-0.0115259,-0.000267143,-0.0016147,0.223074,0.213144,-0.219402,0.0965831,-0.0111322,-0.0413069,0.00663455,-0.0109946,0.0720953
29.5405,0.999932,-0.0115175,-0.000263182,-0.00159728,-0.00219343,0.000929711,0.00100108,0.0966642,-0.0112832,-0.041143,0.00723946,-0.0113421,-0.0217785,29.5605,1,-0.00235039,-0.0391085,-0.00193931,0.999932,-0.0115284,-0.000258459,-0.00159233,0.0737627,-0.310594,-0.00444048,0.0967366,-0.0113966,-0.0413607,0.00724154,-0.0114401,0.0720338
29.5605,0.999932,-0.011547,-0.000260302,-0.001614,-0.000195631,-0.000401625,-0.00206157,0.0968554,-0.0115814,-0.0409733,0.00728324,-0.0115653,-0.021031,29.5805,1,0.017654,0.0603517,0.0295704,0.999932,-0.0115479,-0.000262427,-0.00162428,0.232657,0.482355,0.178476,0.0969283,-0.0116971,-0.0411836,0.0072853,-0.0116636,0.0727813
29.5805,0.999932,-0.0115453,-0.000251044,-0.00162332,0.00100278,-0.000135313,-0.00112947,0.096935,-0.0117058,-0.0409399,0.00744194,-0.0114972,-0.0208469,29.6005,1,0.0249837,-0.00266761,-0.0190529,0.999932,-0.0115403,-0.000251794,-0.00162895,0.292168,-0.0172479,-0.0978105,0.0970094,-0.0118207,-0.0411484,0.00744392,-0.0115954,0.0729654
29.6005,0.999932,-0.0115506,-0.000243134,-0.00162176,0.0012691,-0.000534783,0.000202112,0.0970632,-0.0118953,-0.0409287,0.00769249,-0.0114872,-0.0211523,29.6205,1,-0.000198026,0.0150007,-0.0691176,0.999932,-0.0115442,-0.000245807,-0.00162072,0.0902599,0.128322,-0.377003,0.0971402,-0.0120102,-0.0411402,0.0076944,-0.0115855,0.07266
29.6205,0.999932,-0.0115239,-0.000275523,-0.00162784,-0.00272496,-0.00133323,0.000335253,0.0972939,-0.0122093,-0.0408462,0.00855582,-0.0124955,-0.0212951,29.6405,1,0.0101369,0.0308931,-0.0689951,0.999932,-0.0115375,-0.000282147,-0.00162609,0.172458,0.255818,-0.375279,0.0973794,-0.0123342,-0.0410592,0.008558,-0.0125936,0.0725172
29.6405,0.999932,-0.0115186,-0.000307103,-0.00163362,-0.000328109,-0.00239849,-0.000730012,0.0974766,-0.0124488,-0.040666,0.00873414,-0.0123001,-0.0207845,29.6605,1,0.0167582,-0.0245251,-0.0426182,0.999932,-0.0115203,-0.000319134,-0.00163714,0.226297,-0.189587,-0.231121,0.0975639,-0.0125718,-0.0408738,0.00873659,-0.0123981,0.0730278
29.6605,0.999932,-0.0115164,-0.000319165,-0.00163755,0.000470831,-0.00306428,-0.000996323,0.0975248,-0.0125094,-0.040632,0.00895627,-0.0122889,-0.0205662,29.6805,1,-0.0126423,-0.0234688,-0.0660798,0.999932,-0.0115141,-0.000334547,-0.00164235,-0.00909528,-0.179269,-0.362366,0.0976143,-0.0126322,-0.0408376,0.00895883,-0.0123869,0.0732461
29.6805,0.999932,-0.0115113,-0.000337659,-0.00165568,-6.17905e-05,0.000530994,-0.00352633,0.097725,-0.012756,-0.0405428,0.00887004,-0.0121141,-0.0202969,29.7005,1,-0.0113215,0.0154091,-0.0202982,0.999932,-0.0115116,-0.000335206,-0.00167335,0.00122986,0.127684,-0.103379,0.0978137,-0.0128772,-0.0407457,0.00887275,-0.0122121,0.0735154
29.7005,0.999932,-0.0115249,-0.000329588,-0.00168227,0.000604852,0.000664791,-0.000463714,0.0979738,-0.0130531,-0.0401377,0.00888293,-0.0123018,-0.0194478,29.7205,1,-0.00148342,0.0155972,-0.0464205,0.999932,-0.0115219,-0.000326296,-0.00168462,0.0798896,0.131663,-0.249518,0.0980626,-0.0131761,-0.0403322,0.00888557,-0.0123999,0.0743645
29.7205,0.999932,-0.0115137,-0.000324611,-0.00168351,0.00180328,0.00119742,-0.000197393,0.098058,-0.0131536,-0.0400151,0.00892229,-0.0122469,-0.0189149,29.7405,1,0.00899995,0.0243199,-0.0650766,0.999932,-0.0115047,-0.000318651,-0.00168457,0.163382,0.203252,-0.353448,0.0981472,-0.013276,-0.0402043,0.00892488,-0.0123448,0.0748974
29.7405,0.999932,-0.0115132,-0.000317078,-0.00169437,0.00020538,0.00079795,-0.00126266,0.0981332,-0.0132399,-0.0398382,0.0090656,-0.0123164,-0.0187178,29.7605,1,0.015171,0.0103997,-0.0544406,0.999932,-0.0115122,-0.000313162,-0.00170073,0.213034,0.0909443,-0.29473,0.0982239,-0.0133631,-0.0400254,0.00906813,-0.0124144,0.0750945
29.7605,0.999932,-0.0115431,-0.000342762,-0.0016945,-0.000859062,-0.000932542,-0.000330565,0.098352,-0.013503,-0.0392239,0.00921256,-0.0134403,-0.0179027,29.7805,1,-0.0169741,0.0206019,-0.00669671,0.999932,-0.0115474,-0.000347436,-0.0016961,-0.0437718,0.167933,-0.0266491,0.0984442,-0.0136374,-0.0394029,0.00921531,-0.0135385,0.0759096
29.7805,0.999932,-0.0115337,-0.000324842,-0.00168301,0.00153778,0.00119799,0.000867854,0.0985771,-0.0137741,-0.0388628,0.0100612,-0.0136704,-0.0171118,29.8005,1,0.000833606,0.0388944,0.0185044,0.999932,-0.011526,-0.000318815,-0.00167874,0.0983765,0.312034,0.115544,0.0986777,-0.0139108,-0.0390339,0.0100638,-0.0137686,0.0767005
29.8005,0.999932,-0.0115317,-0.000322748,-0.0016791,0.000339355,0.000399039,0.00100101,0.0986283,-0.0138323,-0.038803,0.0102159,-0.0137609,-0.016834,29.8205,1,-0.00400509,-0.0218056,-0.00853828,0.999932,-0.01153,-0.000320698,-0.00167411,0.06046,-0.171118,-0.0398117,0.0987305,-0.0139699,-0.0389713,0.0102185,-0.0138591,0.0769783
29.8205,0.999932,-0.011531,-0.000321149,-0.00167209,7.40082e-05,0.00213087,0.00219943,0.0987514,-0.0139652,-0.0384493,0.0108479,-0.0140224,-0.0161035,29.8405,1,-0.0268521,0.0149472,-0.0359961,0.999932,-0.0115306,-0.000310369,-0.00166121,-0.12295,0.125097,-0.191198,0.0988599,-0.0141054,-0.0386103,0.0108505,-0.0141206,0.0777088
29.8405,0.999932,-0.0115187,-0.000293544,-0.00169059,0.000207878,9.01701e-07,-0.000596897,0.098937,-0.0141481,-0.0376735,0.0115306,-0.0146242,-0.0147475,29.8605,1,-0.00444331,0.0232723,-0.0334067,0.999932,-0.0115177,-0.000293575,-0.00169357,0.0561352,0.191531,-0.176097,0.0990523,-0.0142944,-0.0378209,0.0115329,-0.0147222,0.0790648
29.8605,0.999932,-0.0115182,-0.000259467,-0.00169623,0.000207871,0.0041288,-0.000730055,0.0990778,-0.0142747,-0.0372663,0.0119222,-0.0143181,-0.0141935,29.8805,1,-0.00257943,-0.0116972,0.0185874,0.999932,-0.0115172,-0.000238868,-0.00170011,0.0716865,-0.0932441,0.112828,0.099197,-0.0144179,-0.0374083,0.0119242,-0.0144161,0.0796188
29.8805,0.999932,-0.0115031,-0.000252314,-0.00170228,0.00167262,0.00106617,-0.000596893,0.0991805,-0.0143631,-0.0370209,0.0121395,-0.0141638,-0.0137407,29.9005,1,-0.00159226,-0.00911807,-0.0513641,0.999932,-0.0114947,-0.000247032,-0.00170532,0.0791827,-0.0662188,-0.278685,0.0993018,-0.0145048,-0.0371583,0.0121415,-0.0142617,0.0800716
29.9005,0.999932,-0.0115242,-0.000256735,-0.00170691,-0.00418634,0.00053353,0.000468366,0.0993497,-0.0145036,-0.0366933,0.012404,-0.0143433,-0.0135677,29.9205,1,-0.0102677,0.0235174,-0.0126181,0.999932,-0.0115452,-0.000254005,-0.0017046,0.00967299,0.191202,-0.0595692,0.0994738,-0.014647,-0.0368289,0.012406,-0.0144414,0.0802447
29.9205,0.999932,-0.0114994,-0.000250951,-0.0017054,0.00287104,-0.00173015,0.000202061,0.0998014,-0.0148912,-0.0361118,0.0133008,-0.0144299,-0.0133433,29.9405,1,0.0146034,0.00633997,-0.0234828,0.999933,-0.011485,-0.000259614,-0.00170429,0.208643,0.0550827,-0.121561,0.0999344,-0.0150355,-0.0362453,0.0133028,-0.0145278,0.080469
29.9405,0.999932,-0.0115027,-0.000244561,-0.00170684,-0.000990543,0.00146564,-0.000330586,0.0998734,-0.0149493,-0.0360486,0.0133841,-0.0143304,-0.0130562,29.9605,1,0.0156448,-0.0249691,-0.0289912,0.999932,-0.0115076,-0.000237244,-0.00170858,0.217377,-0.194903,-0.154419,0.100007,-0.0150926,-0.0361792,0.013386,-0.0144283,0.0807562
29.9605,0.999932,-0.0114969,-0.000228058,-0.00170573,0.00127314,0.00399564,0.000335213,0.0999477,-0.0150077,-0.0359886,0.0136431,-0.0141967,-0.0129119,29.9805,1,-0.0217461,0.0104378,-0.0242655,0.999932,-0.0114905,-0.000208072,-0.00170429,-0.0822227,0.0872549,-0.125631,0.100084,-0.0151497,-0.0361177,0.0136449,-0.0142946,0.0809004
29.9805,0.999933,-0.0114803,-0.000202859,-0.00172182,0.00180577,0.00133248,-0.00286059,0.100176,-0.0151933,-0.0358381,0.0134918,-0.0147028,-0.0130863,30.0005,1,0.004927,0.00332516,-0.102109,0.999933,-0.0114713,-0.000196376,-0.0017362,0.130563,0.0376597,-0.561971,0.100311,-0.0153404,-0.035969,0.0134934,-0.0148005,0.080726
30.0005,0.999934,-0.0113932,-0.000225982,-0.00175179,0.0109951,-0.000530677,-0.00192849,0.100502,-0.0154156,-0.0354206,0.0143944,-0.0153884,-0.014108,30.0205,1,-0.0481188,0.0125046,0.00478006,0.999934,-0.0113382,-0.000228842,-0.00176139,-0.29406,0.100726,0.037423,0.100646,-0.0155695,-0.0355617,0.0143962,-0.0154854,0.0797043
30.0205,0.999936,-0.0111652,-0.000220967,-0.00176411,0.036961,0.00239875,-0.00166212,0.100638,-0.0155302,-0.0352993,0.0144814,-0.0179566,-0.0167327,30.0405,1,0.0388296,0.0142787,-0.0419864,0.999938,-0.0109803,-0.000209393,-0.00177251,0.399507,0.120285,-0.224402,0.100783,-0.0157098,-0.0354666,0.0144831,-0.0180516,0.0770796
30.0405,0.999938,-0.010942,-0.000211836,-0.00177778,0.0556031,0.00226578,-0.00339326,0.10071,-0.0156139,-0.0352661,0.0149797,-0.0211865,-0.0188144,30.0605,1,0.00259125,-0.00277727,-0.00244848,0.999941,-0.010664,-0.000201188,-0.00179481,0.108299,-0.0202709,-0.00392846,0.10086,-0.0158258,-0.0354542,0.0149813,-0.0212796,0.0749978
30.0605,0.999953,-0.00957256,-7.68907e-05,-0.00180089,0.0891589,0.0117203,-0.00459138,0.101047,-0.016403,-0.0354546,0.0175803,-0.0475361,-0.0358379,30.0805,1,0.0133227,-0.0301791,-0.0383532,0.999957,-0.00912668,-1.93145e-05,-0.00182437,0.18347,-0.237678,-0.206319,0.101223,-0.0168783,-0.035813,0.0175809,-0.0476176,0.0579741
30.0805,0.999967,-0.00785727,0.0002326,-0.0018649,0.0992805,0.0145175,-0.00365971,0.101638,-0.0184038,-0.0367019,0.0244777,-0.0682841,-0.0735098,30.1005,1,0.00367955,-0.00645186,-0.0133598,0.999971,-0.00736076,0.000304115,-0.00188389,0.0924074,-0.0525791,-0.0646494,0.101883,-0.0190866,-0.037437,0.0244756,-0.068351,0.0203019
30.1005,0.999982,-0.00563427,0.000506237,-0.0018815,0.156805,0.022773,6.91806e-05,0.102244,-0.0203918,-0.0389619,0.0267775,-0.0790573,-0.113474,30.1205,1,0.0252798,-0.0094306,0.0467084,0.999986,-0.00485004,0.000618627,-0.00188219,0.247196,-0.0812123,0.271858,0.102512,-0.0211824,-0.0400967,0.0267731,-0.0791052,-0.019663
30.1205,0.999986,-0.0050043,0.000618682,-0.00188754,0.157204,0.0282331,-0.00126204,0.10241,-0.0209528,-0.0397497,0.027742,-0.0820109,-0.124629,30.1405,1,0.00954035,0.0455649,-0.0566554,0.999989,-0.00421802,0.00075833,-0.00189504,0.115841,0.36199,-0.305414,0.102687,-0.0217729,-0.040996,0.0277366,-0.0820534,-0.0308175
30.1405,0.999995,-0.00239671,0.00119498,-0.00194408,0.114861,0.0242384,-6.4539e-05,0.103339,-0.0238018,-0.0451175,0.0313438,-0.0750018,-0.187078,30.1605,1,-0.0228014,0.0333296,0.010941,0.999996,-0.00182217,0.00131506,-0.00194538,-0.163876,0.25652,0.0724414,0.103653,-0.0245518,-0.0469883,0.0313336,-0.0750222,-0.0932668
30.1605,0.999997,5.87308e-05,0.00167439,-0.00199056,0.123653,0.0270364,-0.000330193,0.104145,-0.0255414,-0.0526182,0.0272218,-0.0449592,-0.256243,30.1805,1,-0.0199753,0.00408086,-0.00383952,0.999996,0.000677259,0.00180834,-0.00199323,-0.160285,0.0189346,-0.0105452,0.104417,-0.025991,-0.0551806,0.0272075,-0.0449587,-0.162432
30.1805,0.999996,0.000493165,0.00180259,-0.00200007,0.108073,0.0319636,-0.00219408,0.104276,-0.0257279,-0.0544162,0.0265501,-0.0389908,-0.270738,30.2005,1,0.0116508,0.0435292,-0.0289834,0.999996,0.00103383,0.00196133,-0.00201194,0.0889876,0.333904,-0.151125,0.104541,-0.0261179,-0.0571236,0.0265347,-0.0389865,-0.176927
30.2005,0.999995,0.00116005,0.00202154,-0.00201236,0.0726533,0.025039,-0.000596593,0.104528,-0.0259532,-0.0583896,0.0254176,-0.0246963,-0.300305,30.2205,1,0.00438534,0.0289922,0.0220983,0.999995,0.00152356,0.00214601,-0.00201593,0.0249843,0.216051,0.134873,0.104782,-0.0262001,-0.0613927,0.0254004,-0.0246864,-0.206494
30.2205,0.999994,0.00163556,0.0023396,-0.00204971,0.000747913,0.00599758,-0.00299368,0.105137,-0.0248345,-0.0733441,0.0163704,0.040727,-0.389944,30.2405,1,0.0179372,0.000632693,-0.0338304,0.999994,0.00163933,0.0023696,-0.00206463,0.131044,-0.0137901,-0.17775,0.1053,-0.0244273,-0.0772436,0.0163505,0.0407409,-0.296133
30.2405,0.999994,0.00107296,0.00241198,-0.00205494,-0.0563769,-0.00132602,-0.00219483,0.105246,-0.0216977,-0.0891922,0.00681439,0.083721,-0.457508,30.2605,1,-0.0114702,0.0306026,-0.0397438,0.999995,0.000791034,0.00240594,-0.00206524,-0.10007,0.22502,-0.211411,0.105314,-0.0208604,-0.0937673,0.00679388,0.0837302,-0.363697
30.2605,0.999995,0.000771768,0.00241359,-0.00206247,-0.0756848,5.39728e-06,-0.00206153,0.105232,-0.0208855,-0.0926884,0.00556008,0.0915306,-0.469217,30.2805,1,0.000595975,-0.00575476,-0.0252346,0.999995,0.000393321,0.00241441,-0.00207186,-0.000822101,-0.065486,-0.129734,0.105288,-0.0199702,-0.0973806,0.00553955,0.0915372,-0.375406
30.2805,0.999995,-0.000506655,0.00231039,-0.00209008,-0.119361,-0.0141089,-0.00379248,0.105139,-0.0180733,-0.103721,0.00169456,0.1165,-0.499296,30.3005,1,0.00246786,0.0166863,-0.00345754,0.999995,-0.00110365,0.00224108,-0.00210763,0.0235803,0.115065,-0.00758016,0.105156,-0.0169083,-0.108713,0.00167489,0.116495,-0.405485
30.3005,0.999989,-0.00365786,0.00191649,-0.00212033,-0.133209,-0.0227647,0.00140009,0.104662,-0.0108688,-0.127791,-0.00759847,0.152573,-0.544127,30.3205,1,0.0358498,0.0157666,0.0645412,0.999987,-0.00432413,0.0018041,-0.00211164,0.314717,0.109563,0.373975,0.104586,-0.00934302,-0.133232,-0.00761485,0.152542,-0.450316
30.3205,0.999985,-0.00474618,0.00176346,-0.00214537,-0.136938,-0.021566,-0.00392533,0.104421,-0.00822693,-0.13627,-0.00976249,0.154883,-0.554533,30.3405,1,0.00744767,0.00489092,-0.0283572,0.999982,-0.00543112,0.00165701,-0.00216328,0.0978492,0.0262298,-0.146585,0.104323,-0.0066781,-0.141816,-0.00977759,0.154843,-0.460722
30.3405,0.999979,-0.00589546,0.00156844,-0.00215626,-0.145992,-0.0247621,-0.00179555,0.104154,-0.0055791,-0.14492,-0.0113908,0.154548,-0.562861,30.3605,1,-0.00119162,0.0147993,-0.0371356,0.999975,-0.00662568,0.00144615,-0.00216337,0.0378038,0.107586,-0.195411,0.10404,-0.00403361,-0.150548,-0.0114042,0.154498,-0.469049
30.3605,0.999959,-0.00868863,0.00102098,-0.00215462,-0.126412,-0.0280891,6.909e-05,0.103296,0.00133433,-0.166911,-0.0129188,0.148202,-0.575564,30.3805,1,0.00410094,-0.017789,0.000621623,0.999954,-0.00932097,0.000881904,-0.00215241,0.102605,-0.150446,0.0147027,0.103167,0.00281636,-0.172667,-0.0129277,0.148128,-0.481752
30.3805,0.999941,-0.0106364,0.000527581,-0.00214364,-0.0775433,-0.0224965,0.00140068,0.102462,0.00772541,-0.18932,-0.0102783,0.125824,-0.579859,30.4005,1,0.00765618,-1.09561e-05,0.0457964,0.999937,-0.0110243,0.000416011,-0.00213523,0.146052,-0.00806931,0.268458,0.102359,0.00898365,-0.195118,-0.010283,0.125734,-0.486047
30.4005,0.999938,-0.0109031,0.00044378,-0.00214337,-0.067157,-0.021298,-0.00019718,0.102318,0.00886643,-0.193827,-0.00911641,0.11955,-0.579811,30.4205,1,0.028382,-0.00531689,-3.63427e-05,0.999934,-0.0112391,0.000338005,-0.00214305,0.314322,-0.0455914,0.0115403,0.102227,0.0100619,-0.199625,-0.00912038,0.119457,-0.485999
30.4205,0.999934,-0.0113312,0.000280052,-0.00215146,-0.0497133,-0.0197002,-0.00299363,0.102061,0.0109823,-0.202849,-0.00699495,0.10651,-0.579096,30.4405,1,-0.0241184,0.0393133,-0.0257757,0.999931,-0.0115799,0.000181923,-0.00216524,-0.103031,0.314169,-0.129846,0.101992,0.0120474,-0.20864,-0.00699754,0.106414,-0.485284
30.4405,0.999928,-0.0117662,1.55207e-05,-0.00217612,0.00795263,-0.0075802,6.91724e-05,0.101408,0.0166298,-0.229381,0.00100019,0.07398,-0.572273,30.4605,1,-0.0325708,-0.0180071,-0.0701119,0.999929,-0.0117265,-2.246e-05,-0.00217533,-0.166393,-0.138138,-0.38164,0.101418,0.0173696,-0.235104,0.00099984,0.0738799,-0.47846
30.4605,0.999933,-0.0114009,2.3392e-05,-0.0022053,0.0385822,0.00254158,-0.00166179,0.101121,0.0192187,-0.242036,0.00539132,0.0601115,-0.566868,30.4805,1,-0.0166602,0.0343114,-0.00444199,0.999935,-0.0112079,3.55789e-05,-0.00221375,-0.0427375,0.274397,-0.0103445,0.101175,0.0198198,-0.247705,0.0053909,0.0600145,-0.473056
30.4805,0.999935,-0.0112171,4.70819e-05,-0.00221895,0.0447075,0.0056042,-0.00339282,0.101043,0.0200174,-0.24619,0.00698709,0.0558084,-0.564583,30.5005,1,0.0377417,-0.0175295,-0.000726663,0.999937,-0.0109935,7.44147e-05,-0.00223624,0.391884,-0.139868,0.00725515,0.101113,0.0205755,-0.251836,0.00698648,0.055713,-0.470771
30.5005,0.999952,-0.00957618,0.000374785,-0.00223539,0.0616186,0.0154579,-0.00206121,0.100873,0.0248596,-0.275058,0.0148951,0.0459759,-0.550093,30.5205,1,-0.0026679,0.0425105,-0.0222349,0.999954,-0.00926793,0.000451283,-0.00224655,0.0544852,0.338728,-0.109731,0.101022,0.0253194,-0.280559,0.0148918,0.0458944,-0.456281
30.5205,0.999962,-0.0083406,0.000750629,-0.00225551,0.0578919,0.0241148,0.000602222,0.100871,0.0284065,-0.294652,0.0166565,0.0575667,-0.538252,30.5405,1,0.0118655,-0.00769789,-0.0688283,0.999965,-0.00805087,0.00087057,-0.00225372,0.162032,-0.0627644,-0.373134,0.101038,0.0289822,-0.300034,0.0166499,0.0574957,-0.444441
30.5405,0.999964,-0.00813079,0.000838542,-0.00225214,0.051234,0.0215848,0.00100138,0.10088,0.0291714,-0.298509,0.0169551,0.0609664,-0.535772,30.5605,1,0.00174517,0.0286449,-0.00936996,0.999966,-0.00787438,0.000945926,-0.00224823,0.0785243,0.223086,-0.0385512,0.101049,0.0297811,-0.303866,0.0169478,0.0608972,-0.44196
30.5605,0.999966,-0.00793596,0.000922154,-0.00225565,0.0475056,0.0205197,-0.000729588,0.100894,0.0299586,-0.302356,0.0173454,0.0645879,-0.533182,30.5805,1,-0.0338147,-0.010324,0.0158351,0.999967,-0.00769821,0.00102418,-0.00226033,-0.206999,-0.0915762,0.100662,0.101067,0.0306045,-0.307688,0.0173374,0.0645204,-0.439371
30.5805,0.999969,-0.0074197,0.0012456,-0.00229106,0.00449674,0.0119991,-0.000862651,0.10084,0.034452,-0.320984,0.0147076,0.0901526,-0.521601,30.6005,1,-0.00545298,-0.0539193,0.00140542,0.999969,-0.00739709,0.00130551,-0.00229584,0.0166221,-0.441474,0.0184027,0.100987,0.0353536,-0.3262,0.0146968,0.0900895,-0.427789
30.6005,0.999967,-0.00762128,0.00152111,-0.00231457,-0.0233333,0.0108007,-0.0017947,0.100652,0.0399772,-0.339327,0.00960239,0.119997,-0.510298,30.6205,1,0.0208268,0.0206575,-0.0352391,0.999966,-0.00773783,0.00157531,-0.00232378,0.227561,0.155633,-0.183326,0.100748,0.0411772,-0.34443,0.00958929,0.119932,-0.416486
30.6205,0.999966,-0.00774072,0.00157075,-0.00232808,-0.0307902,0.011866,-0.00339269,0.1006,0.0412057,-0.342977,0.00900092,0.125286,-0.50838,30.6405,1,-0.056243,-0.0271506,0.0387597,0.999965,-0.00789455,0.00163031,-0.00234526,-0.388152,-0.233177,0.228377,0.10069,0.0424585,-0.348061,0.0089874,0.12522,-0.414568
30.6405,0.999959,-0.00855322,0.00165981,-0.00233229,-0.0654113,-0.00011836,-0.00126197,0.100343,0.046456,-0.357508,0.00454605,0.143714,-0.499845,30.6605,1,0.0577483,0.010171,-0.0237009,0.999956,-0.00888027,0.00165993,-0.00233806,0.530381,0.0708119,-0.118661,0.100389,0.0478931,-0.362506,0.00453175,0.143641,-0.406034
30.6605,0.999945,-0.0100672,0.00154818,-0.00235778,-0.0832545,-0.00730867,-0.00432449,0.0998155,0.0536483,-0.375504,-0.00347994,0.160676,-0.489113,30.6805,1,0.00223377,0.00476651,0.02504,0.999941,-0.0104836,0.00151241,-0.00237838,0.0979804,0.023774,0.153704,0.0997807,0.0552551,-0.380396,-0.00349332,0.160591,-0.395301
30.6805,0.999932,-0.0113619,0.00139508,-0.0023758,-0.0817897,-0.0129015,-0.00179474,0.0992532,0.059644,-0.389754,-0.00628931,0.163813,-0.481056,30.7005,1,-0.00769345,0.0662602,-0.0466562,0.999927,-0.0117709,0.00133144,-0.00238346,0.0283111,0.523017,-0.243841,0.0991903,0.0612821,-0.394564,-0.00630141,0.163717,-0.387244
30.7005,0.999928,-0.0117042,0.00134383,-0.00238707,-0.0860507,-0.0133009,-0.0031264,0.0991071,0.061135,-0.393297,-0.00684854,0.163071,-0.479058,30.7205,1,-0.0339457,0.0546398,-0.0221313,0.999923,-0.0121346,0.00127818,-0.00240135,-0.178935,0.427785,-0.107264,0.0990386,0.0627657,-0.398088,-0.00686022,0.162972,-0.385246
30.7205,0.999908,-0.0133342,0.00100216,-0.00242184,-0.0755313,-0.0208909,0.00193389,0.0983262,0.0682487,-0.410677,-0.0096265,0.155659,-0.46903,30.7405,1,-0.0197355,0.0288439,0.0250477,0.999903,-0.0137121,0.000898763,-0.0024104,-0.0520539,0.219665,0.155847,0.0982299,0.0698052,-0.415367,-0.00963531,0.155545,-0.375217
30.7405,0.999892,-0.0144913,0.000703368,-0.00243114,-0.0441134,-0.0144983,-0.00285992,0.0974369,0.0742353,-0.427032,-0.00938523,0.137865,-0.458174,30.7605,1,-0.0216102,-0.0433957,-0.0153475,0.999889,-0.014712,0.000631214,-0.00244423,-0.0561519,-0.351389,-0.0759464,0.0973431,0.075614,-0.431614,-0.00939151,0.137742,-0.364361
30.7605,0.99989,-0.0146387,0.000643901,-0.00244044,-0.0365235,-0.0151639,-0.00259351,0.0972729,0.0753343,-0.430283,-0.00883277,0.13325,-0.455794,30.7805,1,0.00788704,0.00467547,-0.0402866,0.999887,-0.0148215,0.000568346,-0.00245217,0.180215,0.0371248,-0.211514,0.0971846,0.0766668,-0.434841,-0.00883856,0.133125,-0.361981
30.7805,0.999885,-0.0149494,0.000445657,-0.00243725,-0.0208107,-0.0150309,-0.000196864,0.0968224,0.0783935,-0.439987,-0.00712989,0.118636,-0.449086,30.8005,1,0.0243334,-0.00162044,0.0336872,0.999884,-0.0150536,0.00037075,-0.00243707,0.314048,-0.0200786,0.202188,0.0967511,0.0795799,-0.444478,-0.007134,0.118508,-0.355273
30.8005,0.999885,-0.0149729,0.000228725,-0.00246243,0.0155405,-0.00477515,-0.00152816,0.0959539,0.0834931,-0.458722,-0.00286788,0.0949978,-0.436467,30.8205,1,-0.0269771,-0.00972963,0.01416,0.999886,-0.0148952,0.000204547,-0.00246973,-0.0959045,-0.0818845,0.0922188,0.0959252,0.0844431,-0.463086,-0.00287014,0.0948704,-0.342654
30.8205,0.999892,-0.0145193,0.000208615,-0.00248428,0.0339163,-0.000647244,-0.00192772,0.0954521,0.0862777,-0.470773,0.000633212,0.0824838,-0.427842,30.8405,1,-0.00201945,-0.00844077,-0.0475603,0.999894,-0.0143498,0.000204817,-0.0024939,0.100112,-0.0637016,-0.253102,0.0954584,0.0871025,-0.475052,0.00063113,0.0823603,-0.334029
30.8405,0.999894,-0.0143763,0.000218569,-0.00248451,0.0363132,0.00228222,-6.32997e-05,0.095353,0.0869157,-0.473771,0.00174077,0.0801833,-0.425786,30.8605,1,0.00450433,-0.0227731,0.0280036,0.999896,-0.0141947,0.000229523,-0.00248503,0.151369,-0.187044,0.16888,0.0953704,0.0877175,-0.478029,0.00173861,0.080061,-0.331973
30.8605,0.9999,-0.0139136,0.000228368,-0.00249133,0.039509,0.0018827,-0.00232714,0.09503,0.0887864,-0.48261,0.00342926,0.0759091,-0.420033,30.8805,1,-0.0215444,-0.0240275,0.0169847,0.999903,-0.0137161,0.000237126,-0.00250315,-0.0606549,-0.196346,0.107147,0.0950643,0.0895455,-0.48681,0.00342702,0.0757907,-0.32622
30.8805,0.999912,-0.0130422,0.000356714,-0.00250892,0.035783,0.00681343,-0.00139472,0.0942484,0.0926408,-0.499677,0.00506596,0.0789302,-0.408658,30.9005,1,0.0248481,-0.00629223,0.0133743,0.999914,-0.0128633,0.000390238,-0.0025164,0.30315,-0.0540826,0.0885236,0.094299,0.09343,-0.503764,0.00506265,0.0788192,-0.314845
30.9005,0.999913,-0.0129131,0.000387177,-0.00251455,0.0325872,0.00721295,-0.00139469,0.0941376,0.0933036,-0.50251,0.00539164,0.0805056,-0.40682,30.9205,1,0.0130435,0.00243617,-0.0108485,0.999915,-0.0127501,0.000422739,-0.00252205,0.207613,0.0177738,-0.0464626,0.0941915,0.0941086,-0.506578,0.00538807,0.0803957,-0.313007
30.9205,0.999917,-0.0126186,0.000500272,-0.0025514,0.0202035,0.00934345,-0.0023268,0.0938416,0.0953702,-0.510986,0.00601885,0.0861172,-0.401289,30.9405,1,0.0225984,0.0449081,0.0451956,0.999918,-0.0125175,0.000546581,-0.00256367,0.280392,0.35114,0.270566,0.0939018,0.0962313,-0.514999,0.00601432,0.0860098,-0.307476
30.9405,0.99992,-0.0124026,0.000622678,-0.00259303,0.00249714,0.00335585,-0.0032586,0.0929606,0.0994992,-0.524693,0.00437107,0.0988307,-0.392471,30.9605,1,0.0253028,0.00728502,0.0078818,0.99992,-0.0123901,0.000639222,-0.00260954,0.301399,0.0530387,0.0592442,0.0930043,0.100487,-0.528617,0.0043655,0.0987252,-0.298658
30.9605,0.999917,-0.012591,0.000737322,-0.0026129,-0.017876,0.0066848,-0.00192705,0.0920897,0.104118,-0.538307,0.0017247,0.112579,-0.384017,30.9805,1,0.0167492,-0.000590159,-0.0285494,0.999916,-0.0126803,0.000770855,-0.00262289,0.234836,-0.00739038,-0.145211,0.092107,0.105243,-0.542147,0.00171814,0.112471,-0.290205
30.9805,0.999916,-0.0126769,0.00075648,-0.00261277,-0.0216045,0.00402165,-6.2712e-05,0.0919162,0.105099,-0.541022,0.00121697,0.114966,-0.382678,31.0005,1,-0.0541275,-0.00280909,0.020856,0.999915,-0.0127849,0.000776864,-0.00261326,-0.331807,-0.031759,0.130962,0.0919284,0.106249,-0.544849,0.00121025,0.114858,-0.288866
31.0005,0.999915,-0.0127761,0.000761749,-0.00261406,-0.0249334,0.000559509,-0.000462319,0.0917429,0.106096,-0.543736,0.000777545,0.117015,-0.381329,31.0205,1,-0.0151461,0.00507326,0.00521707,0.999913,-0.0129008,0.000764843,-0.00261631,-0.0191018,0.0336395,0.0441482,0.0917506,0.107267,-0.547549,0.000770778,0.116907,-0.287516
31.0205,0.999904,-0.013577,0.000688599,-0.00264608,-0.0362519,-0.00529936,0.000336664,0.0906802,0.112332,-0.559961,-0.0034802,0.125153,-0.372785,31.0405,1,-0.0415342,0.0330759,-0.0411872,0.999902,-0.0137583,0.000662607,-0.00264392,-0.224344,0.26268,-0.213487,0.0906454,0.113584,-0.563689,-0.00348637,0.125037,-0.278972
31.0405,0.999894,-0.0143348,0.000562678,-0.00263077,-0.0355876,-0.00875783,0.00126901,0.0893532,0.11745,-0.573363,-0.00676002,0.123188,-0.365485,31.0605,1,0.0113275,-0.0128562,0.00961721,0.999891,-0.0145128,0.000519452,-0.0026237,0.205493,-0.108204,0.0675838,0.0892856,0.118682,-0.577017,-0.00676513,0.123066,-0.271672
31.0605,0.99989,-0.0146173,0.000502668,-0.00263167,-0.0343892,-0.00955671,0.000736545,0.088829,0.119442,-0.578693,-0.00721674,0.120174,-0.362642,31.0805,1,-0.0148247,0.00167628,0.00805544,0.999887,-0.0147893,0.000455396,-0.00262721,-0.0017303,0.00813392,0.0599362,0.0887569,0.120644,-0.582319,-0.00722135,0.120049,-0.268829
31.0805,0.999886,-0.0148754,0.000411439,-0.00262847,-0.0298618,-0.01222,-0.000328765,0.0883143,0.121374,-0.584003,-0.00776027,0.116159,-0.359682,31.1005,1,-0.053782,0.017239,0.0567474,0.999884,-0.0150249,0.000350714,-0.00262914,-0.312135,0.126731,0.333733,0.0882366,0.122536,-0.5876,-0.00776411,0.116032,-0.265869
31.1005,0.99988,-0.0152623,0.000175401,-0.00266109,-0.00682928,-0.00635892,-0.00086129,0.0866499,0.126306,-0.600114,-0.0074616,0.0993318,-0.350851,31.1205,1,-0.0222575,0.0166132,0.0728142,0.999879,-0.0152965,0.000143635,-0.0026649,-0.056768,0.122127,0.423965,0.0865753,0.127299,-0.603623,-0.00746344,0.099202,-0.257038
31.1205,0.99988,-0.0152814,0.000125011,-0.00265914,-0.000570864,-0.00755734,0.000203998,0.0861329,0.127735,-0.605451,-0.00632983,0.0929381,-0.348222,31.1405,1,-0.0400147,0.0143542,-0.0442546,0.99988,-0.0152843,8.72516e-05,-0.00265754,-0.19832,0.118381,-0.231732,0.0860696,0.128664,-0.608933,-0.00633124,0.092808,-0.254408
31.1405,0.99988,-0.0152697,9.11562e-05,-0.00265673,0.00315758,-0.00915523,0.000337173,0.0858893,0.128413,-0.60811,-0.00564423,0.0899316,-0.346787,31.1605,1,-0.0247828,0.0409993,0.0461535,0.99988,-0.015254,4.53694e-05,-0.00265434,-0.0772563,0.321063,0.276766,0.0858329,0.129312,-0.611578,-0.00564535,0.0898017,-0.252974
31.1605,0.999886,-0.0148802,-6.04857e-05,-0.00264013,0.027126,-0.0020978,0.000204021,0.0845537,0.131994,-0.623989,-0.00266745,0.0741464,-0.338133,31.1805,1,0.00442189,-0.00341273,0.0150249,0.999888,-0.0147446,-7.13164e-05,-0.00263894,0.154477,-0.0285101,0.098627,0.084527,0.132736,-0.62737,-0.00266727,0.0740197,-0.24432
31.1805,0.999894,-0.014284,-1.03231e-05,-0.00267423,0.0321848,0.00256481,-0.001527,0.0834631,0.13441,-0.637328,0.000797836,0.0661827,-0.330603,31.2005,1,-0.0287198,0.046871,-0.00420195,0.999897,-0.014123,1.96018e-06,-0.00268204,-0.116639,0.374877,-0.00482468,0.083471,0.135071,-0.640634,0.000797599,0.0660612,-0.23679
31.2005,0.999896,-0.0141568,-2.28444e-06,-0.00267881,0.032184,0.00136837,-0.00126047,0.0832432,0.134852,-0.639998,0.00128725,0.0654867,-0.329246,31.2205,1,0.0131214,0.0382491,0.00787961,0.999898,-0.0139959,4.03639e-06,-0.00268521,0.217299,0.305368,0.062142,0.0832561,0.135507,-0.64329,0.00128694,0.0653662,-0.235433
31.2205,0.999898,-0.0140381,1.9425e-05,-0.00269265,0.0300535,0.00483053,-0.00352405,0.0830322,0.13529,-0.642658,0.00179787,0.0647832,-0.327845,31.2405,1,-0.0108079,0.0296994,0.00314325,0.9999,-0.0138878,4.29232e-05,-0.00271061,0.0251536,0.23683,0.0350053,0.0830502,0.135938,-0.645937,0.00179739,0.0646637,-0.234032
31.2405,0.999906,-0.0134254,6.78607e-05,-0.00270374,0.0281893,0.00176791,-0.00139356,0.0820794,0.137509,-0.655793,0.00242071,0.0674888,-0.320365,31.2605,1,0.0185532,0.0347093,0.0138083,0.999908,-0.0132844,7.62248e-05,-0.00271083,0.254963,0.276024,0.0950634,0.0821036,0.138184,-0.658997,0.00241982,0.0673745,-0.226553
31.2605,0.999911,-0.0130436,0.000245402,-0.00274305,0.001293,0.00336809,-0.00192607,0.0806809,0.141294,-0.674081,0.00258636,0.0804616,-0.31032,31.2805,1,-0.00633877,-0.0121252,-0.0253331,0.999911,-0.0130371,0.000262098,-0.0027529,0.0539154,-0.0964509,-0.127393,0.0807067,0.142099,-0.677184,0.00258397,0.0803506,-0.216507
31.2805,0.999911,-0.013052,0.00025346,-0.00274715,-0.00190279,0.00137071,-0.00112712,0.0804924,0.14191,-0.676654,0.00227488,0.0830372,-0.308824,31.3005,1,0.00188191,0.0536052,-0.0387516,0.999911,-0.0130615,0.000260266,-0.00275287,0.118142,0.430868,-0.197719,0.0805152,0.14274,-0.679742,0.00227242,0.0829262,-0.215011
31.3005,0.999911,-0.0130594,0.00024772,-0.00274149,-0.00163648,-0.00209139,0.00126973,0.0803057,0.142546,-0.679215,0.00179047,0.0855606,-0.307311,31.3205,1,0.0244406,0.0158,-0.000879343,0.999911,-0.0130676,0.000237369,-0.00273501,0.299593,0.125036,0.0116114,0.0803236,0.143402,-0.682288,0.00178806,0.0854495,-0.213498
31.3205,0.999909,-0.0132311,0.000246118,-0.00273257,-0.0169496,0.00137072,0.000603918,0.0795513,0.145287,-0.68934,-0.000811023,0.0945592,-0.301436,31.3405,1,-0.0413057,0.0326231,-0.0537525,0.999908,-0.0133159,0.000253242,-0.00272962,-0.225474,0.263784,-0.283367,0.0795432,0.146232,-0.692355,-0.000813425,0.0944466,-0.207623
31.3405,0.9999,-0.0138408,0.000226049,-0.00274734,-0.0351923,-0.00502089,-0.0020591,0.0786017,0.149105,-0.701737,-0.00292198,0.104961,-0.294182,31.3605,1,-0.0335027,-0.0234787,-0.0220555,0.999898,-0.0140168,0.000201288,-0.00275725,-0.156833,-0.187912,-0.109992,0.0785724,0.150155,-0.704679,-0.00292423,0.104843,-0.200369
31.3605,0.999898,-0.013999,0.000206053,-0.00275011,-0.0394534,-0.00555348,-0.000860811,0.0784146,0.149915,-0.704179,-0.00347887,0.106307,-0.292589,31.3805,1,-0.054171,0.0226946,0.043212,0.999895,-0.0141964,0.000178771,-0.00275399,-0.3222,0.173863,0.259039,0.0783798,0.150978,-0.707104,-0.00348096,0.106188,-0.198776
31.3805,0.999889,-0.0146071,6.01785e-05,-0.00277944,-0.0387841,-0.0095441,-0.000993872,0.0774872,0.153373,-0.713964,-0.00599131,0.108626,-0.286557,31.4005,1,-0.0295744,0.00920724,-0.00496503,0.999887,-0.0148011,1.29297e-05,-0.0027837,-0.119972,0.0730912,-0.0115007,0.0774273,0.154459,-0.71683,-0.00599217,0.108502,-0.192744
31.4005,0.999877,-0.0154209,-7.12732e-05,-0.0028049,-0.0374525,-0.00688099,-0.00392318,0.076158,0.157812,-0.726072,-0.0065283,0.104149,-0.279229,31.4205,1,0.00298307,-0.00182618,0.0313699,0.999874,-0.0156083,-0.000105451,-0.002824,0.147227,-0.0178408,0.191191,0.0760928,0.158854,-0.728865,-0.00652806,0.104018,-0.185416
31.4205,0.999869,-0.0159358,-0.000224782,-0.00281867,-0.0305283,-0.0132726,-0.00165952,0.0751854,0.161157,-0.735511,-0.00635829,0.0966915,-0.27298,31.4405,1,-0.0364659,-0.00455022,0.0166533,0.999867,-0.0160886,-0.000290839,-0.00282594,-0.164174,-0.0375456,0.108658,0.0751218,0.162124,-0.738241,-0.00635676,0.0965559,-0.179166
31.4405,0.999867,-0.0160348,-0.000273576,-0.00282584,-0.0249357,-0.01274,-0.00205896,0.074954,0.161948,-0.737835,-0.00631508,0.0941833,-0.271438,31.4605,1,0.0128803,-0.00180419,0.0364601,0.999865,-0.0161596,-0.00033708,-0.00283514,0.231332,-0.0166305,0.219781,0.0748909,0.162889,-0.74055,-0.00631314,0.0940468,-0.177624
31.4605,0.999865,-0.0161816,-0.000373986,-0.00283055,-0.0157477,-0.0130063,-0.00165949,0.0745077,0.163461,-0.74244,-0.00587782,0.0883883,-0.268165,31.4805,1,-0.0175437,0.0366403,-0.0201327,0.999864,-0.0162605,-0.00043892,-0.00283782,-0.0119009,0.298281,-0.093536,0.0744489,0.164344,-0.745122,-0.00587502,0.0882506,-0.174351
31.4805,0.999864,-0.0162391,-0.000435424,-0.00283876,0.00742176,-0.00155107,-0.00112674,0.0732489,0.1668,-0.75397,-0.0022296,0.0721364,-0.259938,31.5005,1,-0.0336623,0.00537908,-0.0326487,0.999865,-0.016202,-0.000443376,-0.00284425,-0.13973,0.0499833,-0.166357,0.0732266,0.167521,-0.756569,-0.00222629,0.0719983,-0.166124
31.5005,0.999868,-0.0159766,-0.000467158,-0.00281864,0.0243328,-0.00341527,0.00113691,0.0723992,0.168981,-0.762963,0.00118106,0.0591352,-0.253381,31.5205,1,-0.0249262,0.0388395,-0.0339138,0.99987,-0.015855,-0.000484484,-0.00281262,-0.0727828,0.318179,-0.170594,0.072411,0.169572,-0.765496,0.00118465,0.0589993,-0.159568
31.5205,0.99987,-0.0158687,-0.000471511,-0.00283018,0.0267297,-0.00155099,-0.00299089,0.0722123,0.169463,-0.765171,0.0014799,0.0564997,-0.251795,31.5405,1,-0.021746,0.0243577,-0.0330158,0.999872,-0.0157351,-0.00047988,-0.00284495,-0.047808,0.202303,-0.16681,0.0722271,0.170028,-0.767689,0.00148353,0.0563647,-0.157982
31.5405,0.999883,-0.0150233,-0.000362113,-0.00287028,0.0364502,0.00617216,-0.0012599,0.071199,0.171989,-0.778115,0.00529411,0.0446697,-0.24239,31.5605,1,0.0290324,-0.00165869,-0.0449951,0.999886,-0.0148409,-0.000331874,-0.00287698,0.352153,-0.00430076,-0.236091,0.0712519,0.172436,-0.780539,0.00529682,0.0445419,-0.148577
31.5605,0.999895,-0.0141684,-0.000176216,-0.00287721,0.0380492,0.00750714,-0.000460767,0.0703449,0.173898,-0.788608,0.00841735,0.0429031,-0.235253,31.5805,1,-0.0274111,0.0186502,-0.0233039,0.999898,-0.0139781,-0.000139264,-0.00288002,-0.106474,0.152605,-0.112882,0.070429,0.174327,-0.790961,0.0084185,0.0427826,-0.14144
31.5805,0.999898,-0.0140179,-0.000136643,-0.00288409,0.0373834,0.00937135,-0.00165925,0.0702031,0.174276,-0.790665,0.00868058,0.043257,-0.233867,31.6005,1,0.01484,-0.0133525,0.0134452,0.9999,-0.0138308,-9.04462e-05,-0.00289302,0.231141,-0.106882,0.0903723,0.0702899,0.174709,-0.793004,0.0086814,0.0431377,-0.140054
31.6005,0.9999,-0.0138609,-9.80537e-05,-0.00287871,0.0389813,0.00910488,0.00140343,0.0700671,0.174657,-0.79271,0.00870822,0.0436953,-0.232739,31.6205,1,0.00482562,0.0278541,0.0617458,0.999902,-0.0136659,-5.29977e-05,-0.00287231,0.14864,0.216857,0.363985,0.0701542,0.175094,-0.795037,0.00870872,0.0435773,-0.138926
31.6205,0.999907,-0.0133627,4.24308e-05,-0.00286983,0.0264674,0.00777702,-0.000194355,0.0694242,0.176375,-0.800802,0.00868851,0.0493193,-0.227483,31.6405,1,-0.0221726,-0.011314,-0.0238936,0.999908,-0.0132302,8.09195e-05,-0.00287132,-0.0702589,-0.0887972,-0.118582,0.0695111,0.176869,-0.803077,0.00868782,0.0492056,-0.133671
31.6405,0.999911,-0.0130315,0.000271129,-0.00289075,0.00343108,0.00830969,-0.00205861,0.0684063,0.179585,-0.812598,0.00839484,0.0641185,-0.219624,31.6605,1,0.00116981,-0.0166518,0.00967867,0.999911,-0.0130142,0.00031249,-0.00290159,0.113954,-0.136353,0.0691675,0.0684903,0.180226,-0.814794,0.00839221,0.0640076,-0.125811
31.6605,0.999911,-0.0130381,0.000301895,-0.00289114,-0.0020284,0.0069781,-6.12148e-05,0.0682513,0.180187,-0.814519,0.00809874,0.0670008,-0.218335,31.6805,1,-0.0332933,0.0124821,0.00556634,0.999911,-0.0130481,0.000336808,-0.0028919,-0.162388,0.0960837,0.0482037,0.0683323,0.180857,-0.816702,0.00809585,0.0668899,-0.124522
31.6805,0.99991,-0.0130665,0.00031832,-0.00288921,-0.00748788,0.00338284,0.000471412,0.0680987,0.18081,-0.816428,0.00771372,0.0699832,-0.217234,31.7005,1,-0.0194066,-0.0340415,0.0114145,0.99991,-0.0131039,0.000335372,-0.00288706,-0.0500361,-0.276494,0.0775558,0.0681758,0.181509,-0.8186,0.00771069,0.069872,-0.123421
31.7005,0.999905,-0.01347,0.000401865,-0.00288855,-0.0291883,0.00458532,0.000338364,0.0670081,0.184605,-0.825833,0.00434618,0.0838649,-0.210738,31.7205,1,0.00810847,0.00551951,-0.0263306,0.999903,-0.0136158,0.000425233,-0.0028871,0.172536,0.043963,-0.130833,0.0670516,0.185443,-0.827941,0.00434243,0.0837503,-0.116925
31.7205,0.999894,-0.0142332,0.000417706,-0.00290875,-0.0425005,-0.00366707,-0.00125934,0.0656402,0.18909,-0.835014,0.000785408,0.0936267,-0.204526,31.7405,1,0.0213761,0.0424834,0.01102,0.999891,-0.0144457,0.000399902,-0.00291469,0.283695,0.335736,0.0814112,0.0656481,0.190026,-0.837059,0.000781501,0.0935055,-0.110713
31.7405,0.999889,-0.014595,0.000384742,-0.00290605,-0.0458295,-0.00459918,0.000338537,0.0650428,0.191005,-0.838619,-0.000890494,0.0955874,-0.201965,31.7605,1,-0.00131687,0.0170125,0.00822732,0.999886,-0.0148242,0.000362439,-0.00290393,0.105784,0.132016,0.0637264,0.0650339,0.191961,-0.840638,-0.000894129,0.0954632,-0.108152
31.7605,0.999878,-0.0153652,0.000222307,-0.00292169,-0.0514221,-0.0123223,-0.000460591,0.0638316,0.194826,-0.845673,-0.00499102,0.0954912,-0.197169,31.7805,1,0.00809188,-0.0130856,-0.0236321,0.999874,-0.0156225,0.000161419,-0.00292298,0.187948,-0.103356,-0.117085,0.0637817,0.195781,-0.847645,-0.0049933,0.0953604,-0.103356
31.7805,0.999866,-0.0161137,6.02568e-05,-0.00293212,-0.0443648,-0.0127217,0.00033847,0.0626085,0.19852,-0.852547,-0.00744986,0.0914495,-0.192849,31.8005,1,-0.0108956,-0.0212557,0.0583784,0.999862,-0.0163357,-2.66569e-06,-0.00292939,0.0419706,-0.178285,0.341341,0.062534,0.199435,-0.854475,-0.00745077,0.0913124,-0.0990353
31.8005,0.999859,-0.0165251,-0.000115202,-0.00293755,-0.0334458,-0.0177818,-0.00152571,0.0617216,0.201117,-0.857579,-0.00764628,0.0844278,-0.189245,31.8205,1,-0.0627217,0.0365914,-0.0534497,0.999856,-0.0166926,-0.000203734,-0.00294373,-0.37095,0.2992,-0.279466,0.0616451,0.201961,-0.859471,-0.00764572,0.0842871,-0.0954317
31.8205,0.999857,-0.0166431,-0.000189772,-0.00293112,-0.0301168,-0.0195129,0.00127055,0.0614358,0.201936,-0.859233,-0.00771967,0.081825,-0.188012,31.8405,1,-0.0141295,-0.010051,0.01445,0.999855,-0.016794,-0.000286775,-0.00292317,0.0203485,-0.0811341,0.0963969,0.0613586,0.202754,-0.861113,-0.00771847,0.0816834,-0.0941981
31.8405,0.999851,-0.0170149,-0.00050648,-0.00292497,-0.0118742,-0.0125886,0.00100419,0.060091,0.205626,-0.867321,-0.00682354,0.0662868,-0.181704,31.8605,1,-0.0265651,-0.00892062,0.0398658,0.99985,-0.0170744,-0.000569154,-0.00291891,-0.0761615,-0.0733554,0.238801,0.0600228,0.206289,-0.869138,-0.00681965,0.066142,-0.0878902
31.8605,0.999853,-0.0168952,-0.000698019,-0.00295078,0.0126284,-0.0108534,-0.000460556,0.0585542,0.208736,-0.875427,-0.00236809,0.0492297,-0.175312,31.8805,1,-0.0718595,0.05021,0.00722869,0.999854,-0.0168322,-0.000752503,-0.00295212,-0.441298,0.40451,0.0619664,0.0585305,0.209229,-0.87718,-0.00236257,0.0490859,-0.0814987
31.8805,0.999854,-0.0168271,-0.000743983,-0.00295548,0.01649,-0.012185,-0.00139265,0.0582899,0.209267,-0.877008,-0.00134696,0.0461683,-0.174221,31.9005,1,-0.0201901,0.0153497,-0.0306078,0.999855,-0.0167449,-0.00080526,-0.00296135,-0.0275317,0.13237,-0.153311,0.0582764,0.209729,-0.87875,-0.00134105,0.0460251,-0.0804071
31.9005,0.999859,-0.0165254,-0.000843739,-0.00296325,0.0255447,-0.00672547,-0.00219153,0.0575671,0.210698,-0.881686,0.00091715,0.037746,-0.171247,31.9205,1,-0.0370784,0.00810768,-0.000279319,0.999861,-0.0163977,-0.000877921,-0.00297354,-0.164672,0.0707552,0.0159438,0.0575762,0.211076,-0.883398,0.000923913,0.0376054,-0.0774336
31.9205,0.999871,-0.0157744,-0.000782782,-0.00297805,0.0435211,0.00366077,-0.00059365,0.0566339,0.212676,-0.889261,0.0068342,0.0289545,-0.1663,31.9405,1,0.0401782,-0.00640805,-0.0395785,0.999874,-0.0155567,-0.000765176,-0.00298114,0.447281,-0.0390538,-0.205703,0.0567023,0.212965,-0.890924,0.00684046,0.0288202,-0.0724869
31.9405,0.999884,-0.0149157,-0.000654048,-0.00298656,0.0428561,0.00792606,-0.00152583,0.0557294,0.214404,-0.896859,0.0117475,0.0264468,-0.162337,31.9605,1,-0.0571479,0.0356161,-0.0453287,0.999887,-0.0147013,-0.000615176,-0.00299464,-0.339286,0.294154,-0.233958,0.0558469,0.214669,-0.898482,0.0117527,0.0263198,-0.0685236
31.9605,0.999887,-0.014756,-0.0006124,-0.00299055,0.0395272,0.0097902,-0.000859881,0.0555686,0.214744,-0.898362,0.0122872,0.0271486,-0.161672,31.9805,1,-0.0195831,0.0176156,0.0210444,0.999889,-0.0145583,-0.000564109,-0.00299545,-0.0389842,0.142852,0.136095,0.0556914,0.215015,-0.899979,0.012292,0.027023,-0.0678585
31.9805,0.999895,-0.0141884,-0.000373094,-0.00301631,0.0295408,0.0169839,-0.00112619,0.0547733,0.216206,-0.904456,0.0145357,0.0327411,-0.158286,32.0005,1,0.0202328,0.0393835,-0.00297675,0.999897,-0.0140404,-0.000288709,-0.00302309,0.274281,0.318843,0.00329362,0.0549186,0.216533,-0.906038,0.0145385,0.0326203,-0.0644728
32.0005,0.9999,-0.0137945,-6.16049e-05,-0.0030457,0.0118308,0.0112582,-0.00338999,0.0540226,0.218292,-0.91183,0.0161386,0.0433602,-0.15421,32.0205,1,0.0172826,-0.0423902,0.00642469,0.999901,-0.0137352,-5.73326e-06,-0.00306342,0.249521,-0.338883,0.0497318,0.0541839,0.218726,-0.913372,0.0161388,0.0432428,-0.0603972
32.0205,0.999901,-0.0137625,0.000118412,-0.00306446,-0.00308292,0.00806243,-0.00152586,0.053509,0.22026,-0.917531,0.0136023,0.0536374,-0.151074,32.0405,1,-0.00462654,0.0142752,0.0399961,0.9999,-0.0137778,0.000158663,-0.00307264,0.0726033,0.108727,0.242198,0.053645,0.220796,-0.919042,0.0136009,0.0535203,-0.0572613
32.0405,0.9999,-0.0137916,0.000156277,-0.00306213,-0.00747717,0.00872819,0.0007378,0.0533029,0.220842,-0.918979,0.0128502,0.0561412,-0.150281,32.0605,1,0.0176355,0.0140346,-0.0149637,0.9999,-0.0138288,0.000200079,-0.00305903,0.251037,0.113099,-0.0655472,0.0534314,0.221403,-0.920482,0.0128485,0.0560238,-0.0564681
32.0605,0.999899,-0.0139098,0.000243967,-0.00307217,-0.0189266,0.00979728,7.20135e-05,0.0528963,0.222055,-0.92184,0.0116391,0.0610997,-0.148513,32.0805,1,-0.00985077,-0.00638628,0.000974323,0.999897,-0.0140043,0.000293244,-0.00307247,0.0326276,-0.0533872,0.0221477,0.0530127,0.222666,-0.923325,0.0116366,0.0609814,-0.0547
32.0805,0.999889,-0.0146035,0.00037085,-0.00306622,-0.0355714,-0.000588995,0.00233567,0.0517148,0.226064,-0.930158,0.0074696,0.0734353,-0.143354,32.1005,1,-0.0124368,-0.00351252,0.0368696,0.999886,-0.0147814,0.000368622,-0.00305443,0.0172322,-0.035674,0.223292,0.0517895,0.226799,-0.931591,0.00746607,0.0733111,-0.0495411
32.1005,0.999882,-0.0150734,0.000329638,-0.00305979,-0.0419629,-0.00591544,-0.00152596,0.0511173,0.2282,-0.93417,0.00423226,0.0763386,-0.140767,32.1205,1,0.0125994,-0.0273888,-0.0135932,0.999878,-0.0152833,0.000300591,-0.00306691,0.222011,-0.219772,-0.0612763,0.0511597,0.228964,-0.935577,0.00422906,0.0762103,-0.0469534
32.1205,0.999879,-0.0152452,0.000315774,-0.00305729,-0.0431614,-0.00431739,0.000604606,0.0509125,0.228919,-0.935487,0.00326336,0.0765852,-0.14016,32.1405,1,-0.00416695,0.00874398,0.000659069,0.999876,-0.0154611,0.000294896,-0.00305387,0.088409,0.067235,0.0215495,0.0509451,0.229685,-0.936888,0.00326027,0.0764554,-0.0463472
32.1405,0.999866,-0.0161146,0.000169096,-0.00303646,-0.0384991,-0.0115042,-0.00099323,0.0495577,0.232587,-0.94207,-0.0001228,0.074211,-0.135803,32.1605,1,-0.0230069,-0.00821036,0.0460518,0.999862,-0.0163073,0.000112088,-0.00304047,-0.0551516,-0.0735207,0.274074,0.0495564,0.233329,-0.943428,-0.000124656,0.0740739,-0.0419894
32.1605,0.999853,-0.016872,-0.000146886,-0.00306425,-0.0271807,-0.0160315,-0.00152617,0.0479223,0.236608,-0.949666,-0.00251323,0.0624856,-0.130739,32.1805,1,0.0057668,0.0333945,-0.02989,0.999851,-0.0170081,-0.000226744,-0.00307055,0.180112,0.272466,-0.147067,0.0478972,0.237233,-0.950973,-0.00251242,0.062342,-0.0369252
32.1805,0.999851,-0.0169767,-0.000201613,-0.00307345,-0.0263817,-0.0144336,-0.00245813,0.0476616,0.237205,-0.950892,-0.00264259,0.0599796,-0.129723,32.2005,1,0.0182696,0.0137396,-0.0137961,0.999849,-0.0171088,-0.000273573,-0.00308454,0.28154,0.113835,-0.058756,0.0476352,0.237805,-0.95219,-0.00264132,0.0598352,-0.035909
32.2005,0.99985,-0.0170558,-0.000260697,-0.0030783,-0.0199901,-0.0154989,-0.00139281,0.0474066,0.23778,-0.952108,-0.0026235,0.0575053,-0.128844,32.2205,1,-0.0250775,0.000123057,0.0176213,0.999848,-0.017156,-0.000337991,-0.00308397,-0.0641733,4.69795e-05,0.115943,0.0473804,0.238355,-0.953396,-0.00262173,0.0573601,-0.0350304
32.2205,0.999848,-0.0171692,-0.000540121,-0.00311843,0.00384585,-0.00990251,0.000204764,0.0458276,0.240768,-0.959291,-7.92055e-06,0.0404908,-0.122937,32.2405,1,0.00894602,0.0199896,0.00178532,0.999848,-0.0171501,-0.000589668,-0.00311655,0.208387,0.16419,0.0293502,0.0458275,0.241173,-0.96052,-3.78014e-06,0.0403447,-0.0291237
32.2405,0.999853,-0.0168525,-0.000749474,-0.00310565,0.0240858,-0.00723943,0.00286799,0.0446135,0.242589,-0.965073,0.00386344,0.0266695,-0.1189,32.2605,1,0.0253036,-0.00324291,0.000875057,0.999855,-0.0167322,-0.000785798,-0.00309061,0.337261,-0.0194349,0.0218733,0.0446522,0.242855,-0.966262,0.00386937,0.0265261,-0.0250867
32.2605,0.999855,-0.0167399,-0.000757849,-0.00310126,0.0279475,-0.00271189,0.00113698,0.0444106,0.242882,-0.9662,0.0048664,0.0241672,-0.118182,32.2805,1,0.0284435,0.011632,0.0116102,0.999857,-0.0166003,-0.000771745,-0.00309524,0.361144,0.0982529,0.083335,0.0444592,0.243123,-0.967381,0.00487241,0.0240248,-0.0243687
32.2805,0.999861,-0.0163804,-0.000727696,-0.00309214,0.0334069,0.00407909,-0.00139309,0.0438877,0.24365,-0.969526,0.00826503,0.0191817,-0.116088,32.3005,1,0.0128286,-0.00349422,0.0289786,0.999864,-0.0162133,-0.000707934,-0.00309932,0.233846,-0.0256114,0.179192,0.0439703,0.243842,-0.970686,0.00827079,0.0190423,-0.0222744
32.3005,0.999872,-0.0157032,-0.000688615,-0.00310295,0.0370042,0.00088753,-0.000993809,0.0430261,0.244833,-0.974991,0.0122166,0.0155304,-0.112162,32.3205,1,-0.00364214,-0.0128808,0.0596168,0.999875,-0.0155182,-0.00068483,-0.00310786,0.0969058,-0.105114,0.350037,0.0431482,0.244989,-0.976112,0.012222,0.0153967,-0.0183484
32.3205,0.999876,-0.0154232,-0.000660475,-0.00309021,0.034341,0.00381711,0.00180252,0.0426844,0.245298,-0.977136,0.0127536,0.0157843,-0.110631,32.3405,1,-0.0414409,-0.0125301,-0.00787997,0.999879,-0.0152514,-0.000641783,-0.00308138,-0.207952,-0.0950018,-0.0277628,0.0428119,0.245456,-0.978242,0.0127589,0.0156531,-0.016818
32.3405,0.999882,-0.0150647,-0.000529035,-0.00308498,0.0271505,0.0135376,0.000204712,0.0422499,0.246002,-0.98029,0.0145793,0.017858,-0.108867,32.3605,1,0.018608,0.0033666,-0.0167583,0.999884,-0.0149288,-0.000461758,-0.0030849,0.269171,0.0336395,-0.0763364,0.0423957,0.246181,-0.981379,0.0145834,0.0177298,-0.0150541
32.3605,0.999889,-0.0145844,-0.000260043,-0.00307336,0.0137037,0.0076828,-0.000461315,0.0413444,0.24777,-0.986557,0.0169795,0.0268133,-0.105357,32.3805,1,0.0159749,0.00330342,0.0694435,0.99989,-0.0145158,-0.000221878,-0.00307621,0.244226,0.0207899,0.406254,0.0415142,0.248038,-0.987611,0.0169813,0.0266892,-0.0115439
32.3806,0.999891,-0.0144717,-0.000117542,-0.00307587,-0.0017413,0.00981664,-0.00019514,0.0403257,0.249708,-0.991713,0.0139158,0.0355499,-0.102558,32.4006,1,0.0185678,-0.0155641,-0.0148133,0.99989,-0.0144802,-6.84512e-05,-0.00307756,0.264622,-0.121387,-0.0670008,0.0404649,0.250064,-0.992739,0.0139164,0.0354267,-0.00874547
32.4006,0.99989,-0.0144961,-7.1641e-05,-0.00308061,-0.00653498,0.0104824,-0.000860911,0.0401182,0.250137,-0.992723,0.0134857,0.0375285,-0.102024,32.4206,1,-0.0302961,0.0118803,-0.0045597,0.99989,-0.0145286,-1.91963e-05,-0.00308568,-0.126732,0.0953868,-0.00731283,0.0402531,0.250512,-0.993743,0.0134859,0.0374052,-0.0082112
32.4206,0.999889,-0.0145764,4.74914e-06,-0.00308026,-0.0119945,0.00755294,-0.000328267,0.0397164,0.251032,-0.994718,0.0129667,0.0414076,-0.100851,32.4406,1,-0.0182491,-0.00648125,-0.0129202,0.999888,-0.0146363,4.26704e-05,-0.00308245,-0.0292369,-0.0508253,-0.0556299,0.039846,0.251446,-0.995727,0.0129663,0.0412836,-0.00703755
32.4406,0.999883,-0.0149623,1.02081e-05,-0.00312014,-0.0227803,-0.0036323,-0.00299146,0.0387189,0.253492,-0.999618,0.0102541,0.049007,-0.0982949,32.4606,1,0.0122398,0.0120688,-0.0222616,0.999881,-0.0150762,-7.81968e-06,-0.00313482,0.217258,0.0994276,-0.106173,0.0388214,0.253982,-1.0006,0.0102536,0.0488797,-0.00448179
32.4606,0.999876,-0.0154007,5.9989e-07,-0.00313003,-0.0338308,-0.00163168,0.000736749,0.03773,0.255663,-1.00356,0.00734589,0.05126,-0.0964493,32.4806,1,0.00117733,-0.0252487,0.029174,0.999874,-0.0155699,-6.97132e-06,-0.00312622,0.133163,-0.205534,0.178692,0.0378034,0.256176,-1.00453,0.00734547,0.051129,-0.00263613
32.4806,0.999874,-0.0155343,-3.22565e-06,-0.00313033,-0.0338308,-0.00203117,7.11641e-05,0.037488,0.256205,-1.00453,0.00673999,0.0514564,-0.0957589,32.5006,1,0.00177221,0.0112413,-0.0394591,0.999872,-0.0157035,-1.28452e-05,-0.00312981,0.138063,0.0948931,-0.20245,0.0375554,0.256719,-1.00549,0.00673961,0.0513242,-0.0019457
32.5006,0.999869,-0.0159165,-7.92652e-05,-0.00313331,-0.029703,-0.011219,0.00140275,0.0367785,0.257809,-1.00737,0.00526693,0.0507106,-0.0938772,32.5206,1,0.0482886,-0.0443406,-0.0192023,0.999866,-0.0160652,-0.000134776,-0.00312541,0.514392,-0.35039,-0.093987,0.0368312,0.258316,-1.00831,0.00526718,0.0505752,-6.3844e-05
32.5206,0.99986,-0.0164289,-0.000272067,-0.00312923,-0.0227778,-0.0108165,-0.000461788,0.0353472,0.260386,-1.01215,0.00313503,0.0441203,-0.0905618,32.5406,1,-0.0290693,-0.0190352,0.0122168,0.999858,-0.0165429,-0.000325823,-0.00313068,-0.100677,-0.152419,0.0842091,0.0353786,0.260827,-1.01305,0.00313691,0.0439805,0.00325164
32.5406,0.999857,-0.0166298,-0.000387615,-0.00313766,-0.014522,-0.0117486,0.00166876,0.0345494,0.261732,-1.01489,0.00288025,0.0380766,-0.0884754,32.5606,1,0.020569,-0.0195004,0.0146746,0.999856,-0.0167026,-0.000445982,-0.00312837,0.298034,-0.154317,0.0978673,0.0345782,0.262112,-1.01577,0.0028831,0.0379351,0.0053381
32.5606,0.999856,-0.0166957,-0.000422851,-0.00313428,-0.0167857,-0.00975125,0.000869686,0.0342985,0.26214,-1.01579,0.00323653,0.0358173,-0.0877818,32.5806,1,0.00489842,-0.0411597,-0.0570537,0.999854,-0.0167797,-0.000471265,-0.00312915,0.173253,-0.318113,-0.305806,0.0343308,0.262499,-1.01666,0.00323969,0.0356753,0.00603171
32.5806,0.999854,-0.0167653,-0.000559364,-0.00312781,0.00292173,-0.0106833,0.00153559,0.0332013,0.263885,-1.02012,0.0060248,0.0249613,-0.0843264,32.6006,1,-0.0416823,-0.0100905,-0.0260991,0.999855,-0.0167509,-0.000612689,-0.00311923,-0.199321,-0.0737852,-0.129457,0.0332615,0.264134,-1.02097,0.00602912,0.0248186,0.00948717
32.6006,0.999859,-0.016508,-0.000718784,-0.00316029,0.019167,-0.0048244,0.000869744,0.0323549,0.265117,-1.02424,0.00814866,0.0137607,-0.081178,32.6206,1,0.00507526,0.00163909,-0.0539899,0.99986,-0.0164123,-0.000743134,-0.00315547,0.172114,0.0261111,-0.284498,0.0324364,0.265254,-1.02505,0.00815434,0.0136202,0.0126355
32.6206,0.99986,-0.016423,-0.000730209,-0.00316822,0.0210312,-0.00335961,-0.00192651,0.0322161,0.265306,-1.02504,0.00922776,0.012073,-0.0805715,32.6406,1,-0.0103136,-0.0363098,-0.0444307,0.999862,-0.0163179,-0.000747496,-0.0031775,0.0493241,-0.27903,-0.234363,0.0323084,0.265426,-1.02584,0.00923354,0.0119332,0.013242
32.6406,0.999864,-0.0161499,-0.000731935,-0.00318072,0.025026,0.00223295,-0.000728123,0.0318831,0.265783,-1.02739,0.0126024,0.00784657,-0.0789053,32.6606,1,0.0140077,-0.0223519,-0.0684492,0.999866,-0.0160247,-0.000721228,-0.00318445,0.241065,-0.163751,-0.367578,0.0320091,0.265861,-1.02818,0.0126082,0.00770913,0.0149081
32.6606,0.999872,-0.0156488,-0.000652164,-0.00321294,0.027556,0.00596139,-6.22858e-05,0.0316283,0.266411,-1.03116,0.0185598,0.00612082,-0.0764093,32.6806,1,-0.0143608,-0.0111163,0.00880155,0.999874,-0.0155109,-0.000622809,-0.00321363,0.0106242,-0.0851741,0.0663495,0.0318139,0.266472,-1.03192,0.0185649,0.00598763,0.017404
32.6806,0.99988,-0.0151791,-0.000498875,-0.00322087,0.0173038,0.0119571,-0.00152718,0.0313052,0.267069,-1.03459,0.0215526,0.00753776,-0.0742181,32.7006,1,0.0401171,-0.000614425,-0.046226,0.999881,-0.0150924,-0.000439491,-0.00322937,0.441935,0.00571574,-0.240996,0.0315207,0.267144,-1.03533,0.0215564,0.00740857,0.019595
32.7006,0.99988,-0.0151228,-0.000446237,-0.00322198,0.013842,0.012493,7.04294e-05,0.0312064,0.267217,-1.03524,0.0222904,0.00848575,-0.0737242,32.7206,1,0.0232162,0.02095,-0.033844,0.999881,-0.0150534,-0.000383997,-0.00322254,0.3059,0.175839,-0.169764,0.0314293,0.267302,-1.03597,0.0222938,0.00835704,0.020089
32.7206,0.999883,-0.0149635,-0.000247967,-0.00324999,0.0118449,0.0158244,-0.00139448,0.0308802,0.267716,-1.03713,0.0241477,0.0125937,-0.0726037,32.7406,1,0.0136195,0.014211,0.0115464,0.999884,-0.014904,-0.000169151,-0.00325813,0.228273,0.11463,0.0840195,0.0311217,0.267842,-1.03785,0.0241494,0.0124664,0.0212093
32.7406,0.999885,-0.0148146,3.30149e-05,-0.00325672,0.0029233,0.0155581,-0.000861857,0.0303714,0.268936,-1.04078,0.0234648,0.0194696,-0.0702055,32.7606,1,0.00804144,0.00534385,-0.023709,0.999885,-0.0147997,0.000110685,-0.00326218,0.182669,0.0455013,-0.114079,0.030606,0.26913,-1.04148,0.0234641,0.0193435,0.0236076
32.7606,0.999883,-0.0149452,0.000227062,-0.00325256,-0.014121,0.00943288,0.000203404,0.0301238,0.269904,-1.04314,0.0220602,0.0253696,-0.0689703,32.7806,1,-0.0135962,-0.029244,-0.0519886,0.999882,-0.0150156,0.000274466,-0.00325224,0.0114356,-0.229876,-0.275387,0.0303444,0.270157,-1.04383,0.0220579,0.0252424,0.0248428
32.7806,0.999882,-0.0150042,0.000271988,-0.00324931,-0.0149199,0.0104981,0.00113554,0.0300683,0.270172,-1.04373,0.0215432,0.0269241,-0.0686649,32.8006,1,-0.0170996,-0.01733,-0.0333408,0.999881,-0.0150786,0.0003248,-0.0032444,-0.0163261,-0.13724,-0.169988,0.0302837,0.270441,-1.04441,0.0215404,0.0267964,0.0251482
32.8006,0.99988,-0.0151395,0.000349624,-0.0032719,-0.0157189,0.00770181,-0.00325866,0.0298873,0.270746,-1.04487,0.019966,0.0295019,-0.0679788,32.8206,1,-0.0162832,-0.0314324,-0.0308966,0.999879,-0.0152179,0.000388139,-0.00328875,-0.00835862,-0.250907,-0.157394,0.030087,0.271041,-1.04554,0.0199626,0.029373,0.0258344
32.8206,0.999874,-0.0155087,0.000414877,-0.00328947,-0.02211,-1.78132e-05,-0.000196283,0.0292506,0.272275,-1.04762,0.0152762,0.0314238,-0.0664753,32.8406,1,-0.00442321,-0.00494727,-0.047225,0.999873,-0.0156192,0.000415137,-0.00329041,0.0888338,-0.0371457,-0.246467,0.0294034,0.272589,-1.04828,0.0152723,0.0312918,0.0273379
32.8406,0.999868,-0.0159116,0.00035188,-0.00328286,-0.0217105,-0.00787418,-6.31109e-05,0.0287188,0.273466,-1.04976,0.0119121,0.0300182,-0.0648583,32.8606,1,-0.0126287,-0.0478934,0.0156448,0.999866,-0.0160202,0.000312866,-0.00328251,0.0273179,-0.388231,0.101666,0.0288379,0.273767,-1.05041,0.0119086,0.0298828,0.028955
32.8606,0.999865,-0.0160779,0.000258764,-0.00328062,-0.0201127,-0.0109368,0.00100203,0.0284537,0.274028,-1.05082,0.0107334,0.0284672,-0.064198,32.8806,1,-0.0240964,-0.0174302,-0.0317615,0.999864,-0.0161786,0.000204498,-0.0032747,-0.0637209,-0.138038,-0.161091,0.0285611,0.274313,-1.05146,0.0107308,0.0283304,0.0296154
32.8806,0.999862,-0.0162617,0.000131475,-0.00328558,-0.0138543,-0.0118688,-0.000995313,0.0280663,0.274783,-1.05239,0.00950268,0.0236142,-0.0635015,32.9006,1,-0.00553146,-0.019606,-0.0268325,0.999861,-0.0163312,7.22854e-05,-0.00328958,0.0863181,-0.154533,-0.133642,0.0281613,0.27502,-1.05302,0.0095011,0.0234758,0.0303119
32.9006,0.99986,-0.0164172,-0.000116775,-0.00326694,-0.000272089,-0.0117357,-0.000196303,0.0274254,0.27587,-1.05544,0.010716,0.0125924,-0.061621,32.9206,1,-0.0124549,-0.00918651,-0.059148,0.99986,-0.0164188,-0.000175458,-0.00326696,0.0316517,-0.0651065,-0.313758,0.0275326,0.275996,-1.05606,0.0107165,0.0124527,0.0321924
32.9206,0.99986,-0.0163895,-0.00021529,-0.00325889,0.00345633,-0.0141326,0.000868881,0.0271822,0.276095,-1.05643,0.0112631,0.00903607,-0.0611805,32.9406,1,-0.0129872,-0.0117096,0.00176607,0.999861,-0.0163724,-0.000285928,-0.00325338,0.0275205,-0.0925119,0.0270765,0.0272948,0.276185,-1.05704,0.0112645,0.0088966,0.0326329
32.9406,0.999861,-0.0163795,-0.000252981,-0.00326096,0.00252359,-0.0101335,-0.000463016,0.027029,0.276176,-1.05691,0.0117283,0.00697955,-0.0608765,32.9606,1,-0.0110557,-0.00183987,0.00783428,0.999861,-0.0163671,-0.00030372,-0.00326245,0.0426546,-0.0140082,0.0619724,0.0271463,0.276246,-1.05752,0.01173,0.00684016,0.032937
32.9606,0.999866,-0.0160277,-0.00038645,-0.00327331,0.0224973,-0.00387513,-0.000729296,0.0263548,0.27633,-1.05975,0.0168705,-0.00376506,-0.0592984,32.9806,1,-0.0154626,-0.00485879,-0.0659781,0.999868,-0.0159153,-0.00040625,-0.00327661,0.00416442,-0.0277257,-0.351542,0.0265235,0.276293,-1.06035,0.0168734,-0.00390146,0.0345149
32.9806,0.999874,-0.0155371,-0.000358053,-0.00327387,0.024761,0.00344858,6.95926e-05,0.0261899,0.276073,-1.06208,0.0229118,-0.0102543,-0.0581761,33.0006,1,-0.0266709,-0.0045622,-0.015879,0.999876,-0.0154133,-0.000341213,-0.00327374,-0.0890305,-0.0323548,-0.0709303,0.026419,0.27597,-1.06266,0.0229144,-0.0103865,0.0356371
33.0006,0.999875,-0.0154382,-0.000339821,-0.00326911,0.024761,0.0041144,0.00140118,0.0262005,0.275996,-1.06254,0.0238406,-0.0106829,-0.0579987,33.0206,1,-0.0195087,0.00870644,-0.036431,0.999877,-0.0153143,-0.000319548,-0.00326238,-0.0329821,0.0763482,-0.184908,0.026439,0.27589,-1.06312,0.0238431,-0.0108143,0.0358145
33.0206,0.999879,-0.01523,-0.000285841,-0.0032497,0.0258262,0.0075765,0.00326541,0.0262593,0.275837,-1.06345,0.025747,-0.0108454,-0.0576076,33.0406,1,-0.0106382,-0.0168428,0.01067,0.999881,-0.0151008,-0.000248134,-0.00323392,0.0371762,-0.134016,0.0765192,0.0265168,0.275728,-1.06403,0.025749,-0.010975,0.0362056
33.0406,0.999888,-0.0146319,-4.19005e-05,-0.00327664,0.0198347,0.0119755,-0.00166175,0.0264101,0.2754,-1.06614,0.0297409,-0.00921869,-0.0572866,33.0606,1,-0.010406,0.00567047,0.0377906,0.999889,-0.0145325,1.75238e-05,-0.00328582,0.0335889,0.0409972,0.230406,0.0267075,0.275308,-1.06671,0.0297408,-0.0093432,0.0365263
33.0606,0.999891,-0.0143676,0.000206427,-0.00329813,0.0113126,0.0175681,-0.00192809,0.0265263,0.275225,-1.06789,0.0318869,-0.00452778,-0.0568101,33.0806,1,0.0110041,-0.00834331,-0.0448766,0.999892,-0.0143107,0.000293933,-0.00330904,0.203132,-0.0629403,-0.233491,0.0268452,0.27518,-1.06846,0.0318848,-0.00465003,0.0370029
33.0806,0.999892,-0.014328,0.000280647,-0.00329643,0.00984784,0.0179676,0.000868227,0.0265779,0.275205,-1.06833,0.0321211,-0.00290861,-0.0567978,33.1006,1,-0.000346525,0.0158108,0.0355528,0.999893,-0.0142784,0.000370375,-0.00329339,0.111268,0.120145,0.218789,0.0268991,0.275176,-1.0689,0.0321183,-0.00303053,0.0370151
33.1006,0.999893,-0.0142674,0.000420347,-0.00329924,0.00518734,0.0155708,6.93153e-05,0.0266184,0.275205,-1.06918,0.0324661,-9.12118e-05,-0.0564712,33.1206,1,-0.0518675,-0.0383913,-0.0557038,0.999893,-0.0142412,0.000498112,-0.00330002,-0.299971,-0.305459,-0.296689,0.0269431,0.275204,-1.06975,0.0324621,-0.000212611,0.0373417
33.1206,0.999891,-0.0143464,0.000739135,-0.00330714,-0.008794,0.0101153,-0.000463635,0.0265645,0.275588,-1.07207,0.0272186,0.0101609,-0.0557162,33.1406,1,-0.0108779,0.00861005,-0.0524255,0.999891,-0.0143902,0.000789819,-0.00331015,0.0276708,0.0686977,-0.274412,0.0268367,0.27569,-1.07262,0.0272119,0.0100389,0.0380967
33.1406,0.99989,-0.0144599,0.000827028,-0.00329294,-0.0154519,0.0102485,0.00286533,0.0265409,0.275785,-1.07289,0.0257164,0.0123953,-0.0554517,33.1606,1,-0.0261621,0.0073205,-0.0280579,0.999889,-0.014537,0.000878726,-0.00327929,-0.0936898,0.0545029,-0.138209,0.026798,0.275909,-1.07345,0.0257089,0.0122723,0.0383612
33.1606,0.999889,-0.0145306,0.00085039,-0.00328951,-0.0177156,0.00505534,0.00113424,0.0265301,0.275896,-1.0733,0.0252502,0.0134796,-0.0551628,33.1806,1,-0.00322634,-0.0195038,-0.0432225,0.999887,-0.0146191,0.000876037,-0.00328413,0.0911128,-0.157869,-0.225221,0.0267826,0.276031,-1.07385,0.0252426,0.013356,0.0386502
33.1806,0.999882,-0.014979,0.00087384,-0.00328279,-0.0207781,-0.00745726,0.000867577,0.0261368,0.276568,-1.07527,0.0207569,0.0173502,-0.0547138,33.2006,1,-0.0438205,-0.00668624,-0.0372499,0.99988,-0.015083,0.000836964,-0.00327781,-0.230455,-0.0571497,-0.190997,0.0263443,0.276741,-1.07582,0.0207491,0.0172228,0.0390993
33.2006,0.999875,-0.0154294,0.000756632,-0.00328194,-0.0229086,-0.00798648,0.000467855,0.0253163,0.277244,-1.07715,0.0148834,0.0145179,-0.0541455,33.2206,1,-0.00978559,0.0219655,-0.00843807,0.999874,-0.0155441,0.000717117,-0.0032789,0.0445947,0.170436,-0.0270179,0.0254651,0.277389,-1.07769,0.0148766,0.0143866,0.0396677
33.2206,0.999873,-0.0156105,0.000677049,-0.003275,-0.0203786,-0.0106496,0.000867206,0.024954,0.277469,-1.0779,0.0134597,0.012625,-0.0542984,33.2406,1,0.00991482,-0.00187754,-0.0367856,0.999871,-0.0157126,0.000624209,-0.00326977,0.20435,-0.0155771,-0.187773,0.0250886,0.277595,-1.07844,0.0134535,0.0124922,0.0395149
33.2406,0.999869,-0.0158812,0.000505081,-0.0032479,-0.0117233,-0.0119812,0.00126682,0.0242677,0.277805,-1.07941,0.0120219,0.00737983,-0.0536331,33.2606,1,0.0399781,0.0493034,-0.0502319,0.999868,-0.01594,0.000445474,-0.00324059,0.445338,0.397769,-0.258635,0.0243879,0.277879,-1.07995,0.0120171,0.0072447,0.0401803
33.2606,0.999868,-0.0159446,0.000224463,-0.00326623,-0.00147012,-0.017707,-0.00113009,0.0236355,0.27791,-1.08092,0.0100903,-0.000898659,-0.0529324,33.2806,1,-0.0258239,0.00793375,-0.0318111,0.999867,-0.0159523,0.000135873,-0.00327047,-0.0792683,0.0650504,-0.159168,0.0237364,0.277901,-1.08145,0.010088,-0.00103433,0.0408809
33.2806,0.999868,-0.0159103,4.57657e-05,-0.00325058,0.00305722,-0.0133128,0.000867281,0.0231989,0.277804,-1.08205,0.0101881,-0.00730954,-0.0522125,33.3006,1,-0.000887818,0.0173109,-0.0244981,0.999868,-0.0158953,-2.07704e-05,-0.00324518,0.119682,0.141198,-0.117434,0.0233008,0.277731,-1.08257,0.0101873,-0.00744493,0.0416008
33.3006,0.999869,-0.0158854,2.06431e-06,-0.00323827,0.00625303,-0.0117149,0.003131,0.0230681,0.277736,-1.08242,0.0106169,-0.00904343,-0.0522331,33.3206,1,0.0193455,0.0199853,0.0113291,0.999869,-0.0158543,-5.63551e-05,-0.00322169,0.281251,0.158907,0.0833388,0.0231742,0.277645,-1.08295,0.0106164,-0.00917861,0.0415803
33.3206,0.999874,-0.0155524,-0.000232878,-0.00323892,0.0232973,-0.00998388,0.000201519,0.0225886,0.277201,-1.0843,0.0144734,-0.0168465,-0.0515204,33.3406,1,0.00557878,-0.0207545,0.0388629,0.999876,-0.0154361,-0.000283153,-0.00323711,0.169531,-0.168845,0.23391,0.0227333,0.277032,-1.08482,0.014475,-0.0169789,0.0422929
33.3406,0.999881,-0.0150734,-0.000378809,-0.00325042,0.023962,-0.00452075,-0.000597785,0.0220032,0.27626,-1.08603,0.0181951,-0.0228471,-0.050489,33.3606,1,-0.00476943,0.003867,-0.0430823,0.999883,-0.0149536,-0.000401844,-0.00325302,0.0820906,0.0390311,-0.222711,0.0221851,0.276031,-1.08654,0.0181979,-0.0229753,0.0433241
33.3606,0.999884,-0.0148815,-0.000368307,-0.00324478,0.0243615,0.00133827,0.00139955,0.0218665,0.275832,-1.08672,0.0205408,-0.0238927,-0.0503749,33.3806,1,-0.0173423,-0.021742,-0.00317596,0.999886,-0.0147597,-0.000361907,-0.00323784,-0.0191619,-0.171043,-0.00139584,0.0220719,0.275593,-1.08723,0.0205436,-0.0240193,0.0434382
33.3806,0.999887,-0.014685,-0.000374715,-0.00323931,0.0236957,-0.000792268,0.000334368,0.0217911,0.275398,-1.08742,0.0228459,-0.0239601,-0.0502783,33.4006,1,0.0166354,-0.000937288,-0.00202538,0.999889,-0.0145666,-0.000379035,-0.00323753,0.25055,-0.00383112,0.00668474,0.0220196,0.275158,-1.08792,0.0228487,-0.0240851,0.0435347
33.4006,0.999896,-0.014064,-0.000225714,-0.00322468,0.0220978,0.00879517,-0.000997254,0.0218936,0.274117,-1.08954,0.0284305,-0.022792,-0.0504343,33.4206,1,0.0013129,-0.0127411,-0.0379282,0.999897,-0.0139534,-0.000182169,-0.00323026,0.123185,-0.0958131,-0.195337,0.0221779,0.273889,-1.09005,0.0284321,-0.0229117,0.0433786
33.4206,0.999899,-0.0138186,-2.82821e-05,-0.00323822,0.0105126,0.0130623,0.000467006,0.0217824,0.27333,-1.0908,0.03133,-0.0186292,-0.0506722,33.4406,1,0.0345549,-0.00466434,0.00877713,0.9999,-0.0137658,3.68848e-05,-0.00323678,0.387011,-0.03716,0.0669028,0.0220957,0.273144,-1.09131,0.0313298,-0.0187468,0.0431406
33.4406,0.9999,-0.013789,1.9726e-05,-0.00323908,0.00744994,0.0111981,0.000200733,0.0217632,0.273153,-1.09111,0.0318372,-0.0171,-0.050526,33.4606,1,-0.0312908,-0.0081699,-0.0172536,0.9999,-0.0137516,7.56041e-05,-0.00323885,-0.139849,-0.0644179,-0.0791183,0.0220815,0.272982,-1.09161,0.0318367,-0.0172174,0.0432868
33.4606,0.999901,-0.0136903,0.000237047,-0.00325118,0.00585206,0.015326,-0.000997767,0.0217638,0.272581,-1.09234,0.031864,-0.0108512,-0.0502877,33.4806,1,0.0274378,0.0237111,-0.00302655,0.999901,-0.0136608,0.000313505,-0.00325723,0.328319,0.18882,0.00310181,0.0220825,0.272472,-1.09285,0.0318616,-0.0109677,0.0435251
33.4806,0.9999,-0.0137253,0.000533303,-0.00327673,-0.00866217,0.0121302,-0.000997682,0.0218474,0.2721,-1.09388,0.0315388,-0.00568459,-0.0497732,33.5006,1,-0.0232727,0.00684908,-0.02815,0.9999,-0.0137685,0.000594021,-0.00328252,-0.0764955,0.0530046,-0.13883,0.0221628,0.272043,-1.09438,0.0315339,-0.00580138,0.0440396
33.5006,0.999899,-0.0138435,0.00061331,-0.00327813,-0.0131895,0.00813824,6.73501e-05,0.0218142,0.271968,-1.09445,0.0297121,-0.00319069,-0.0497317,33.5206,1,-0.000958828,-0.0338854,-0.0387446,0.999898,-0.0139093,0.000654218,-0.00327832,0.10401,-0.27169,-0.201245,0.0221113,0.271936,-1.09495,0.0297065,-0.00330848,0.0440811
33.5206,0.999897,-0.0139883,0.00066652,-0.00328014,-0.0195811,0.00520878,-0.000864721,0.021777,0.27188,-1.09502,0.0276583,-0.000423003,-0.049502,33.5406,1,-0.0474738,-0.0234114,-0.0224839,0.999895,-0.0140861,0.000692821,-0.00328476,-0.267296,-0.191325,-0.10957,0.0220536,0.271876,-1.09552,0.0276522,-0.000542021,0.0443109
33.5406,0.999895,-0.0141203,0.000707311,-0.00327499,-0.0171843,0.00547505,0.000466781,0.0217307,0.271832,-1.0956,0.0254375,0.00150253,-0.0493014,33.5606,1,-0.0151847,-0.016707,0.0325004,0.999893,-0.0142062,0.000734998,-0.00327298,-0.00833654,-0.143365,0.198927,0.0219851,0.271847,-1.0961,0.0254311,0.00138238,0.0445115
33.5606,0.99989,-0.0144615,0.000751134,-0.00329954,-0.0233095,-0.00264763,0.000733145,0.0215826,0.271757,-1.09708,0.0213398,0.000804368,-0.0485406,33.5806,1,0.0142021,-0.0226347,-0.0501049,0.999888,-0.0145781,0.000738335,-0.0032956,0.230008,-0.180885,-0.263882,0.021796,0.271765,-1.09756,0.021333,0.000681326,0.0452723
33.5806,0.999884,-0.0148839,0.000634627,-0.00330883,-0.0177169,-0.00957181,0.00113263,0.0214235,0.271602,-1.09857,0.017352,-0.0017737,-0.0477626,33.6006,1,-0.00736648,0.0333518,-0.0507875,0.999882,-0.0149726,0.000587151,-0.0033024,0.0592976,0.267568,-0.263128,0.021597,0.271585,-1.09904,0.0173462,-0.00190034,0.0460504
33.6006,0.999883,-0.0149433,0.000590049,-0.00331597,-0.0147874,-0.0117023,-0.00179687,0.0213076,0.271549,-1.09882,0.0163529,-0.00285511,-0.0474053,33.6206,1,-0.00195611,-0.00132777,-0.00133904,0.999882,-0.0150175,0.000531655,-0.00332404,0.103941,-0.0152331,0.0109541,0.0214712,0.27152,-1.0993,0.0163475,-0.00298226,0.0464078
33.6206,0.999882,-0.0150235,0.000521519,-0.00330816,-0.00906197,-0.00810331,6.70573e-05,0.0210736,0.271412,-1.09935,0.0147158,-0.0058555,-0.0470604,33.6406,1,-0.0215991,-0.0344318,0.00606631,0.999881,-0.015069,0.000481163,-0.0033072,-0.0517999,-0.280891,0.0495175,0.0212207,0.271354,-1.09982,0.014711,-0.00598333,0.0467527
33.6406,0.999881,-0.0150993,0.000278183,-0.0033008,-0.00267044,-0.0131633,6.71169e-05,0.020516,0.27082,-1.10068,0.0127933,-0.0151144,-0.046269,33.6606,1,-0.0156048,0.0173626,-0.0147371,0.99988,-0.0151128,0.000212424,-0.00329946,-0.00450139,0.138028,-0.0625965,0.0206439,0.270669,-1.10114,0.0127905,-0.0152429,0.0475441
33.6606,0.999883,-0.0149756,2.83093e-05,-0.00326826,0.0158386,-0.0124975,0.000732911,0.0200774,0.269909,-1.10204,0.013375,-0.0226605,-0.0460082,33.6806,1,0.00176056,0.00980098,-0.0116591,0.999884,-0.0148966,-3.43747e-05,-0.00326366,0.13362,0.079615,-0.0461608,0.0202112,0.269683,-1.1025,0.0133743,-0.022788,0.0478049
33.6806,0.999884,-0.0149014,-1.66418e-05,-0.0032706,0.0186349,-0.0116986,-0.000598685,0.0200104,0.269691,-1.10232,0.0137227,-0.0242289,-0.0458967,33.7006,1,-0.00544115,0.00988529,-0.030944,0.999885,-0.0148084,-7.54772e-05,-0.00327272,0.0753596,0.0827527,-0.154136,0.0201476,0.269449,-1.10278,0.0137224,-0.0243557,0.0479164
33.7006,0.999886,-0.0147295,-0.000103516,-0.00326783,0.0210317,-0.0116986,-0.000731936,0.0199016,0.269213,-1.10288,0.0147258,-0.0277614,-0.0453355,33.7206,1,0.00136545,-0.00746232,0.0223751,0.999888,-0.0146246,-0.000162399,-0.00327061,0.128939,-0.0614648,0.142965,0.0200489,0.268935,-1.10333,0.0147263,-0.0278868,0.0484775
33.7206,0.999892,-0.0143359,-0.000266426,-0.00326072,0.0193006,-0.00224064,-0.000998349,0.0195678,0.267851,-1.10414,0.0178577,-0.0317321,-0.0455164,33.7406,1,0.0175635,0.0325336,-0.00990841,0.999893,-0.0142394,-0.000278014,-0.00326553,0.254226,0.263965,-0.0346488,0.0197464,0.267534,-1.10459,0.0178596,-0.0318541,0.0482965
33.7406,0.999895,-0.0141022,-0.000283154,-0.00324564,0.0214311,0.00135465,0.00259694,0.0194172,0.267007,-1.10487,0.0208454,-0.0312789,-0.0455001,33.7606,1,-0.0636815,-0.0305564,0.0265936,0.999897,-0.013995,-0.000276546,-0.00323272,-0.39605,-0.246821,0.16472,0.0196256,0.266695,-1.10533,0.0208474,-0.031399,0.0483127
33.7606,0.999898,-0.0138825,-0.000262434,-0.00323857,0.0306191,0.0018873,0.000200014,0.0193895,0.266452,-1.10537,0.023316,-0.0310919,-0.0456048,33.7806,1,-0.00152445,-0.04139,-0.0502103,0.999901,-0.0137294,-0.000253481,-0.00323766,0.0995968,-0.323454,-0.266267,0.0196226,0.266141,-1.10583,0.0233179,-0.03121,0.0482081
33.7806,0.999904,-0.0134724,-0.000208764,-0.00324431,0.011178,0.00388464,-0.000332578,0.0195354,0.265072,-1.10669,0.0265762,-0.0299341,-0.04603,33.8006,1,0.0116597,0.0168465,-0.041602,0.999905,-0.0134164,-0.000189546,-0.00324622,0.200425,0.141214,-0.213543,0.0198012,0.264772,-1.10715,0.0265776,-0.0300487,0.0477827
33.8006,0.999906,-0.0133163,-4.79914e-06,-0.00325206,0.0061189,0.0132099,0.00153142,0.0194894,0.264004,-1.10773,0.0293311,-0.0214879,-0.045099,33.8206,1,-0.00142157,0.0109279,-0.0405079,0.999906,-0.0132855,6.12468e-05,-0.00324528,0.0947793,0.0917316,-0.207813,0.0197827,0.263789,-1.10818,0.0293308,-0.0216012,0.0487137
33.8206,0.999907,-0.0132731,9.59491e-05,-0.00325946,0.00651838,0.0108131,-0.000998591,0.0195477,0.263667,-1.10816,0.0306435,-0.018766,-0.0447924,33.8406,1,0.000641878,0.0121892,0.0226896,0.999907,-0.0132403,0.000149837,-0.00326517,0.110949,0.0943447,0.146203,0.0198541,0.263479,-1.10861,0.0306423,-0.018879,0.0490203
33.8406,0.999907,-0.0132622,0.000139112,-0.00326197,0.00265678,0.0101473,-0.000332772,0.0195928,0.263512,-1.10838,0.0311625,-0.0178258,-0.044524,33.8606,1,0.00172687,0.00481715,-0.0151241,0.999907,-0.0132487,0.000189778,-0.00326431,0.119788,0.0390706,-0.0660631,0.0199044,0.263334,-1.10882,0.031161,-0.0179387,0.0492887
33.8606,0.999905,-0.0133572,0.000339941,-0.00324735,-0.011324,0.0077547,0.000998622,0.0196203,0.262881,-1.10928,0.0291423,-0.0132251,-0.0439276,33.8806,1,-0.0271772,0.0295125,0.0129351,0.999905,-0.0134136,0.000378962,-0.00324286,-0.111437,0.231273,0.0927544,0.0199117,0.262748,-1.10972,0.029139,-0.0133387,0.0498851
33.8806,0.999901,-0.0136388,0.000560174,-0.00327907,-0.0131882,0.00802102,-0.00219714,0.0195417,0.262527,-1.11012,0.0270968,-0.00677054,-0.0437083,33.9006,1,-0.0315361,0.0102634,-0.00848276,0.999901,-0.0137046,0.000600342,-0.00329056,-0.143448,0.0777188,-0.0284618,0.0198127,0.262459,-1.11055,0.0270917,-0.00688659,0.0501044
33.9006,0.999901,-0.0136975,0.000581634,-0.00328186,-0.0147861,0.00455892,-0.000466151,0.0195354,0.262481,-1.1103,0.0267765,-0.00605611,-0.0438659,33.9206,1,0.0253857,-0.0391076,-0.00620303,0.9999,-0.0137713,0.000604637,-0.00328446,0.31358,-0.316131,-0.0192925,0.0198031,0.262421,-1.11073,0.0267712,-0.00617265,0.0499469
33.9206,0.999898,-0.0138663,0.000597275,-0.00325483,-0.0159837,0.000167243,0.00259663,0.0194128,0.262385,-1.11058,0.0238934,-0.00591098,-0.0438232,33.9406,1,-0.0329758,-0.00275679,-0.00576929,0.999897,-0.0139462,0.000598551,-0.00324181,-0.152812,-0.0270462,-0.0144123,0.0196517,0.262326,-1.11102,0.0238879,-0.00602897,0.0499897
33.9406,0.999893,-0.0142297,0.00058685,-0.00325713,-0.0259705,-0.00103121,-0.00126497,0.0191414,0.262274,-1.11085,0.0197667,-0.00597667,-0.0431224,33.9606,1,0.00447845,-0.028375,-0.00284616,0.999891,-0.0143595,0.000582028,-0.0032633,0.150367,-0.231228,4.91265e-05,0.019339,0.262214,-1.11129,0.0197613,-0.00609775,0.0506905
33.9606,0.99989,-0.0144587,0.000553331,-0.00326529,-0.00905918,-0.00528978,0.000199618,0.0186647,0.262161,-1.11082,0.0173563,-0.00751422,-0.0426273,33.9806,1,-0.00199813,0.0156318,-0.0400978,0.999889,-0.0145041,0.000527047,-0.00326388,0.0993483,0.125204,-0.204995,0.0188382,0.262086,-1.11125,0.0173512,-0.00763725,0.0511857
33.9806,0.999889,-0.0145262,0.000497677,-0.00325338,-0.00772764,-0.0100834,0.00352859,0.0184393,0.262064,-1.11085,0.0160409,-0.0100979,-0.0424963,34.0006,1,0.0441193,0.0108196,-0.0797153,0.999889,-0.014565,0.000447648,-0.00323499,0.468671,0.0929949,-0.427211,0.0185997,0.261963,-1.11127,0.0160363,-0.0102215,0.0513167
34.0006,0.999888,-0.0146307,0.000358993,-0.0032319,-0.00932551,-0.0135456,0.000465925,0.0181003,0.261834,-1.11094,0.0132804,-0.0140223,-0.0421374,34.0206,1,-0.0118328,-0.00279552,0.031186,0.999887,-0.0146775,0.000291458,-0.00322856,0.0223103,-0.0291881,0.192458,0.0182332,0.261694,-1.11136,0.0132769,-0.0141468,0.0516756
34.0206,0.999886,-0.0147569,0.000117264,-0.00322871,0.000794213,-0.00954875,0.000332613,0.0173644,0.261246,-1.11089,0.0109737,-0.0186318,-0.0416596,34.0406,1,0.00801146,-0.0143407,-0.0614092,0.999886,-0.0147531,6.95372e-05,-0.00322634,0.182329,-0.108192,-0.326988,0.0174741,0.261059,-1.1113,0.0109723,-0.0187574,0.0521534
34.0406,0.999887,-0.0146824,-2.37596e-05,-0.00323176,0.00851733,-0.0154077,0.0004658,0.0169619,0.260774,-1.1109,0.0118024,-0.0232744,-0.0420539,34.0606,1,-0.0352669,-0.00636715,-0.0498104,0.999888,-0.0146401,-0.000100893,-0.0032283,-0.16471,-0.0458028,-0.261362,0.0170799,0.260541,-1.11132,0.0118022,-0.0233993,0.0517591
34.0606,0.999888,-0.0145993,-0.000137043,-0.00322634,0.00931633,-0.0147419,0.000199504,0.0167346,0.260395,-1.11095,0.0122565,-0.0261358,-0.0420476,34.0806,1,0.0106406,-0.0094524,-0.0806476,0.999889,-0.014553,-0.00021088,-0.00322426,0.201673,-0.0648242,-0.43435,0.0168571,0.260134,-1.11137,0.0122573,-0.02626,0.0517654
34.0806,0.999892,-0.01435,-0.0003716,-0.00326703,0.0131779,-0.00701876,-0.00312949,0.0163125,0.25929,-1.11121,0.0146655,-0.030008,-0.0423829,34.1006,1,0.0206289,0.0117566,-0.0317825,0.999893,-0.0142842,-0.00040713,-0.00328214,0.279321,0.101201,-0.15878,0.0164591,0.25899,-1.11163,0.0146682,-0.0301301,0.05143
34.1006,0.999897,-0.013937,-0.000506759,-0.00326935,0.0183711,-0.004755,-0.00233054,0.0161783,0.257862,-1.11175,0.0206776,-0.0308523,-0.0436377,34.1206,1,0.00656669,-0.00926006,-0.0130286,0.999899,-0.0138453,-0.000530994,-0.00328062,0.164197,-0.068395,-0.0553887,0.0163851,0.257553,-1.11219,0.0206815,-0.030971,0.0501752
34.1206,0.999898,-0.0138644,-0.000512968,-0.00326823,0.0181047,-0.00195883,0.000332687,0.016203,0.257619,-1.11187,0.0220097,-0.0309738,-0.0439365,34.1406,1,-0.0145277,-0.00314142,-0.0295379,0.9999,-0.0137739,-0.000523034,-0.00326638,-0.00539412,-0.0181309,-0.147306,0.0164231,0.257309,-1.11231,0.0220137,-0.0310918,0.0498764
34.1406,0.999901,-0.0137018,-0.000474963,-0.00326505,0.00958264,0.00403338,-0.00059945,0.0163616,0.256899,-1.11227,0.0254593,-0.0296128,-0.0445576,34.1606,1,-0.0186289,-0.00251779,0.0119637,0.999901,-0.0136538,-0.000454996,-0.0032683,-0.0393179,-0.0181395,0.0851262,0.0166162,0.256603,-1.11271,0.025463,-0.0297294,0.0492552
34.1606,0.999903,-0.013551,-0.000332629,-0.00325721,0.00625369,0.00789495,0.00166423,0.0168105,0.255848,-1.11301,0.0305969,-0.0242489,-0.046009,34.1806,1,-0.00880524,-0.0161285,-0.0414928,0.999903,-0.0135196,-0.000293147,-0.00324941,0.0381711,-0.122089,-0.215323,0.0171165,0.255605,-1.11347,0.0305993,-0.0243642,0.0478038
34.1806,0.999904,-0.0134899,-0.000110542,-0.00326906,0.00199388,0.0150913,-0.00126541,0.0170681,0.255225,-1.11343,0.0337646,-0.0201378,-0.0461806,34.2006,1,-0.0499975,0.00396832,-0.0194276,0.999904,-0.0134796,-3.5211e-05,-0.0032764,-0.2923,0.0334156,-0.0901731,0.0174057,0.255023,-1.1139,0.0337652,-0.0202526,0.0476321
34.2006,0.999903,-0.0135392,8.18831e-05,-0.00326884,-0.00799294,0.0129608,-0.00099916,0.0172637,0.254868,-1.11374,0.0357024,-0.0167861,-0.0469112,34.2206,1,-0.0272315,-0.0373186,-0.0210443,0.999902,-0.0135789,0.000146744,-0.00327471,-0.108668,-0.297607,-0.102397,0.0176207,0.2547,-1.11421,0.0357014,-0.0169013,0.0469015
34.2206,0.999901,-0.0137091,0.000383172,-0.00330377,-0.0111881,0.017224,0.000731885,0.0176026,0.254476,-1.1143,0.0348447,-0.0114323,-0.0477352,34.2406,1,0.00126893,0.013908,-0.0234348,0.9999,-0.0137648,0.000469518,-0.00330127,0.119487,0.110792,-0.111657,0.0179511,0.254362,-1.11478,0.034841,-0.011549,0.0460776
34.2406,0.999898,-0.013905,0.000592616,-0.00329749,-0.0175797,0.0174902,0.000731835,0.0178484,0.254317,-1.11473,0.0341191,-0.00946986,-0.0478697,34.2606,1,-0.0374177,-0.017794,-0.0966689,0.999896,-0.0139926,0.000680398,-0.003295,-0.18776,-0.137285,-0.524437,0.0181896,0.254222,-1.11521,0.0341137,-0.00958817,0.0459431
34.2606,0.999896,-0.0140198,0.000701898,-0.00329979,-0.0154491,0.0116313,0.000465514,0.0180268,0.254228,-1.11504,0.0330151,-0.00875622,-0.048023,34.2806,1,-0.00421085,-0.0143669,0.0276826,0.999895,-0.0140968,0.000760336,-0.00329822,0.078643,-0.123752,0.172332,0.0183569,0.25414,-1.11552,0.0330088,-0.00887551,0.0457898
34.2806,0.99989,-0.0144115,0.000854753,-0.00331146,-0.0205092,0.0007123,0.000332287,0.0185154,0.253951,-1.11612,0.0274057,-0.00944781,-0.047876,34.3006,1,-0.0160069,-0.0245216,-0.0397461,0.999889,-0.0145141,0.000858678,-0.00330976,-0.0119681,-0.198823,-0.206088,0.0187895,0.253857,-1.11659,0.027398,-0.00957043,0.0459369
34.3006,0.999886,-0.014715,0.000890703,-0.0033089,-0.00745965,-0.00634505,0.0012645,0.0188495,0.253632,-1.11714,0.0237012,-0.0124286,-0.0478207,34.3206,1,-0.0200951,0.0285363,-0.0599884,0.999885,-0.0147524,0.000859198,-0.00330208,-0.0436347,0.227686,-0.31516,0.0190865,0.253508,-1.11762,0.0236932,-0.0125538,0.0459923
34.3206,0.999885,-0.0147466,0.000868079,-0.00331604,-0.00799229,-0.00607873,-0.0017982,0.0189125,0.253547,-1.11736,0.0230714,-0.0135721,-0.0477618,34.3406,1,-0.0258643,-0.0553093,-0.00777887,0.999885,-0.0147867,0.000837689,-0.00332454,-0.0876198,-0.449123,-0.0297153,0.0191432,0.253412,-1.11784,0.0230636,-0.0136976,0.0460513
34.3406,0.999885,-0.0148107,0.000772215,-0.00330672,-0.003997,-0.00887196,0.00086496,0.0189628,0.253253,-1.11799,0.0205149,-0.0174106,-0.0475294,34.3606,1,-0.0229535,0.0620471,-0.00266184,0.999884,-0.0148308,0.000727991,-0.00330172,-0.0670066,0.489864,0.0086193,0.0191679,0.253079,-1.11847,0.0205079,-0.0175366,0.0462837
34.3606,0.999884,-0.0148561,0.000550175,-0.00326533,0.00279405,-0.0119346,0.00219658,0.0189592,0.252401,-1.11932,0.0191997,-0.0240387,-0.0471232,34.3806,1,0.00960695,0.0303866,-0.0559109,0.999884,-0.0148423,0.000490627,-0.00325347,0.194901,0.245568,-0.292259,0.0191512,0.252161,-1.11979,0.0191946,-0.0241651,0.0466898
34.3806,0.999887,-0.0146848,0.000364915,-0.00325307,0.0118488,-0.0128667,-0.00139878,0.0190492,0.251652,-1.12028,0.0198376,-0.0284454,-0.0472835,34.4006,1,-0.0296013,-0.0163409,0.00271827,0.999888,-0.0146257,0.000300293,-0.00325914,-0.118956,-0.13472,0.032023,0.0192476,0.251368,-1.12075,0.0198341,-0.0285704,0.0465295
34.4006,0.999888,-0.0146356,0.000315436,-0.003255,0.0122483,-0.0127335,-0.000599786,0.0190868,0.251441,-1.12053,0.0203743,-0.0294923,-0.0473403,34.4206,1,-0.0181937,0.0278116,0.0107512,0.999888,-0.0145746,0.000251532,-0.00325709,-0.0292716,0.218213,0.0806639,0.0192906,0.251146,-1.12101,0.0203712,-0.0296168,0.0464728
34.4206,0.99989,-0.0144571,0.000167943,-0.00325967,0.0121165,-0.0046081,-0.000200251,0.0192121,0.250575,-1.12156,0.0232039,-0.0322636,-0.0474353,34.4406,1,0.0303922,-0.00598577,0.0361099,0.999891,-0.0143966,0.000144693,-0.00326034,0.358744,-0.0526067,0.219971,0.0194441,0.250252,-1.12204,0.023202,-0.0323866,0.0463776
34.4406,0.999895,-0.0141374,0.000176706,-0.00325596,0.0171766,5.24181e-05,-0.000333474,0.0195082,0.249496,-1.12291,0.0291807,-0.0327439,-0.047556,34.4606,1,-0.00578478,-0.0463102,-0.0415744,0.999896,-0.0140516,0.000176664,-0.00325765,0.06787,-0.367302,-0.218266,0.0198,0.249168,-1.12339,0.0291788,-0.0328642,0.0462569
34.4606,0.999897,-0.0140073,0.000189429,-0.00326137,0.015046,0.00244928,-0.000599794,0.0197209,0.24905,-1.12347,0.0306975,-0.0325983,-0.0473383,34.4806,1,0.000968697,-0.000904546,-0.0130381,0.999898,-0.013932,0.000201387,-0.00326455,0.119841,-0.00726462,-0.0548137,0.0200279,0.248724,-1.12395,0.0306955,-0.0327175,0.0464745
34.4806,0.999898,-0.0139006,0.000221929,-0.00325156,0.0143802,0.00351453,0.00193017,0.0199719,0.248612,-1.12404,0.0319007,-0.0314354,-0.0470204,34.5006,1,-0.00970396,0.0240271,0.027446,0.999899,-0.0138286,0.0002394,-0.00324217,0.0328278,0.187119,0.173736,0.0202909,0.248298,-1.12451,0.0318985,-0.0315537,0.0467924
34.5006,0.9999,-0.0137509,0.000358735,-0.00321047,0.00905391,0.00777561,0.00206337,0.0205823,0.247801,-1.1252,0.0349023,-0.0275944,-0.0464571,34.5206,1,0.0212207,-0.0208356,0.0331561,0.999901,-0.0137055,0.000397605,-0.00320071,0.280087,-0.172637,0.202054,0.0209314,0.247525,-1.12566,0.0348989,-0.0277114,0.0473557
34.5206,0.999902,-0.0136606,0.000566328,-0.00319376,1.4283e-06,0.00831151,0.00219653,0.0212414,0.24718,-1.12663,0.0377632,-0.0221574,-0.0460858,34.5406,1,-0.00778091,0.0048091,-0.0612516,0.999901,-0.0136605,0.000608031,-0.00318334,0.0469886,0.0404421,-0.324781,0.0216191,0.246958,-1.12709,0.037758,-0.0222737,0.047727
34.5406,0.999901,-0.0136709,0.000661154,-0.003189,-0.00332752,0.0121731,0.000598673,0.0215558,0.246984,-1.12722,0.0377049,-0.0194711,-0.0459465,34.5606,1,-0.0239447,-0.0107483,0.0250583,0.999901,-0.0136874,0.000722107,-0.00318683,-0.0821014,-0.0946153,0.157248,0.0219328,0.246789,-1.12768,0.0376989,-0.0195874,0.0478663
34.5606,0.999899,-0.0137838,0.000898173,-0.00319438,-0.00785489,0.0152357,0.00139756,0.0222348,0.246693,-1.12842,0.0377849,-0.0149264,-0.0460656,34.5806,1,0.00614321,-0.00863878,-0.0640824,0.999899,-0.0138228,0.000974566,-0.00318841,0.159859,-0.0690501,-0.34161,0.0226127,0.246544,-1.12888,0.0377769,-0.0150437,0.0477472
34.5806,0.999896,-0.0139967,0.00109026,-0.00319703,-0.0158425,0.00645086,-0.00246392,0.0226765,0.246667,-1.12967,0.0364251,-0.0111125,-0.0461413,34.6006,1,0.0442532,0.0172884,-0.0242249,0.999895,-0.0140758,0.00112259,-0.00320971,0.465572,0.133428,-0.116142,0.0230407,0.246556,-1.13013,0.0364154,-0.0112315,0.0476715
34.6006,0.999893,-0.0142611,0.00121926,-0.00317103,-0.0155761,0.00778251,0.00326184,0.0231176,0.246709,-1.13095,0.0328105,-0.00909662,-0.0460204,34.6206,1,-0.0236042,-0.00128527,-0.00221247,0.999891,-0.0143388,0.00125864,-0.00315519,-0.0747027,-0.0203787,0.00510046,0.0234457,0.246618,-1.13141,0.0327997,-0.00921795,0.0477925
34.6206,0.999892,-0.0143305,0.00123766,-0.00316686,-0.0177066,0.00392087,0.00113127,0.0232203,0.24672,-1.13127,0.0318142,-0.00917887,-0.0457884,34.6406,1,-0.0201845,0.0259741,-0.0153269,0.99989,-0.014419,0.00125763,-0.00316137,-0.0473962,0.199121,-0.0661543,0.0235385,0.246628,-1.13173,0.0318033,-0.00930079,0.0480245
34.6406,0.999886,-0.0146885,0.00130898,-0.00316368,-0.0182393,0.00019252,0.00126445,0.0237057,0.246727,-1.13287,0.0280794,-0.0102786,-0.0444083,34.6606,1,0.00117366,0.00706295,-0.0435351,0.999885,-0.0147797,0.00131032,-0.00315725,0.127059,0.051181,-0.22548,0.0239865,0.246625,-1.13331,0.0280678,-0.0104035,0.0494048
34.6606,0.999883,-0.0149585,0.00120646,-0.00313708,-0.00998129,-0.0123176,0.00246292,0.0235156,0.246809,-1.13454,0.0233928,-0.0134626,-0.0434559,34.6806,1,-0.0336357,0.0241639,-0.0474902,0.999882,-0.0150086,0.00114522,-0.00312379,-0.149772,0.188495,-0.246584,0.0237495,0.246674,-1.13497,0.0233821,-0.0135899,0.0503572
34.6806,0.999882,-0.0150199,0.00111729,-0.00315108,-0.00785074,-0.0116518,-0.00339609,0.0234039,0.24679,-1.13521,0.0214085,-0.0153999,-0.0433948,34.7006,1,0.00363379,-0.0210311,-0.116896,0.999881,-0.0150594,0.00105891,-0.00316714,0.14995,-0.162966,-0.638763,0.023618,0.246636,-1.13565,0.0213985,-0.0155277,0.0504184
34.7006,0.99988,-0.0151074,0.000989558,-0.00315477,-0.00345655,-0.00699129,0.000465516,0.0231861,0.246617,-1.13657,0.0197164,-0.0199652,-0.0430406,34.7206,1,-0.0392775,-0.0137739,-0.0198291,0.99988,-0.0151247,0.000954696,-0.0031519,-0.192947,-0.116681,-0.0947646,0.0233833,0.246418,-1.137,0.0197076,-0.0200937,0.0507725
34.7206,0.99988,-0.0151142,0.000778298,-0.00316944,0.00013869,-0.0157797,-0.000732916,0.023044,0.246276,-1.13793,0.020094,-0.0238299,-0.0422415,34.7406,1,-0.0105888,-0.0225333,-0.0745539,0.99988,-0.0151137,0.000699351,-0.00317192,0.0368743,-0.177706,-0.401711,0.023245,0.246037,-1.13835,0.0200869,-0.0239585,0.0515717
34.7406,0.999882,-0.0150474,0.000638871,-0.00318527,0.00839448,-0.0109861,-0.0027303,0.0229908,0.24592,-1.13892,0.0197217,-0.0266017,-0.0410392,34.7606,1,0.0354958,-0.0235165,0.0362104,0.999882,-0.0150057,0.000583608,-0.00319812,0.404538,-0.196667,0.218709,0.023188,0.245654,-1.13933,0.0197158,-0.0267297,0.0527739
34.7606,0.999883,-0.0149532,0.000555651,-0.0031919,0.0134545,-0.00818969,-0.00113232,0.0229797,0.245635,-1.13958,0.020314,-0.0286857,-0.0406633,34.7806,1,0.0296204,0.0155391,-0.0447573,0.999884,-0.0148861,0.000514408,-0.00319698,0.356177,0.125971,-0.231371,0.0231828,0.245348,-1.13998,0.0203089,-0.0288129,0.0531498
34.7806,0.999887,-0.0147174,0.00045015,-0.00320547,0.00879547,-0.00645628,-0.00099924,0.0229811,0.244853,-1.14125,0.0244509,-0.0318865,-0.0398673,34.8006,1,-0.0194397,-0.0455887,-0.0201517,0.999887,-0.0146735,0.000417657,-0.00321001,-0.0366872,-0.36639,-0.0987183,0.0232256,0.244534,-1.14165,0.0244466,-0.0320117,0.0539457
34.8006,0.999889,-0.0145225,0.000390289,-0.00320112,0.0162523,-0.00139627,-0.000732885,0.0231089,0.244214,-1.14261,0.0268514,-0.0313157,-0.0395217,34.8206,1,-0.0068096,-0.0109194,0.00294687,0.999891,-0.0144412,0.000382995,-0.00320472,0.0619693,-0.0909842,0.0335225,0.0233774,0.243901,-1.14301,0.0268477,-0.0314393,0.0542913
34.8206,0.99989,-0.0144505,0.000393415,-0.00319896,0.0177171,0.000201596,0.000598667,0.0231647,0.244051,-1.14295,0.0275538,-0.0313805,-0.0392905,34.8406,1,-0.0168822,-0.00264238,-0.0269881,0.999892,-0.0143619,0.000394182,-0.00319602,-0.0193451,-0.0215945,-0.133463,0.0234403,0.243737,-1.14334,0.0275501,-0.0315035,0.0545224
34.8406,0.999893,-0.0142484,0.000457468,-0.00319524,0.0113255,0.00512848,0.000731819,0.0234996,0.243382,-1.14428,0.0307712,-0.0306831,-0.0388501,34.8606,1,0.0202109,-0.020527,-0.00882936,0.999894,-0.0141917,0.000482979,-0.00319197,0.276162,-0.166334,-0.03314,0.0238073,0.243075,-1.14467,0.0307669,-0.0308043,0.0549628
34.8606,0.999895,-0.0141264,0.000655832,-0.00321164,0.00320283,0.00779163,-0.0011324,0.0242653,0.242533,-1.14623,0.0345391,-0.024568,-0.0378796,34.8806,1,0.0338352,-0.00658529,-0.0221959,0.999895,-0.0141102,0.000694654,-0.00321786,0.383854,-0.0545413,-0.10671,0.0246107,0.242287,-1.14661,0.0345331,-0.0246882,0.0559333
34.8806,0.999895,-0.0141179,0.000801786,-0.00320854,-0.00478258,0.00553196,0.000199176,0.0246106,0.242392,-1.14737,0.0341502,-0.0205283,-0.0369085,34.9006,1,0.00828457,-0.0220304,0.0258426,0.999894,-0.0141417,0.000829534,-0.00320791,0.179544,-0.185341,0.160956,0.0249521,0.242186,-1.14774,0.034143,-0.0206484,0.0569044
34.9006,0.999895,-0.014132,0.000840814,-0.00320579,-0.00398363,0.00912723,0.000864944,0.0247077,0.242367,-1.14766,0.0339273,-0.0197253,-0.0369777,34.9206,1,-0.0149262,0.000884584,-0.0193091,0.999894,-0.0141518,0.00088657,-0.00320209,-0.0062671,0.00215163,-0.0901726,0.025047,0.24217,-1.14803,0.0339198,-0.0198455,0.0568352
34.9206,0.999893,-0.0142216,0.0010392,-0.00321236,-0.00891048,0.00872775,6.60465e-05,0.0251283,0.242312,-1.1488,0.0331782,-0.01587,-0.0366581,34.9406,1,-0.000193996,-0.015121,0.0176249,0.999892,-0.014266,0.00108298,-0.0032126,0.112432,-0.131277,0.115468,0.0254601,0.242153,-1.14916,0.033169,-0.015991,0.0571548
34.9406,0.999888,-0.0146035,0.00116455,-0.00320978,-0.0184979,0.00246938,0.00286229,0.0258063,0.242384,-1.15048,0.0292851,-0.0106731,-0.035076,34.9606,1,0.00922805,0.0197187,0.00697175,0.999886,-0.0146959,0.0011774,-0.00319555,0.190042,0.147841,0.0586803,0.0260991,0.242277,-1.15084,0.0292748,-0.0107974,0.0587371
34.9606,0.999886,-0.0147166,0.00118915,-0.0032092,-0.0153021,0.00273564,-0.000200331,0.0260108,0.242426,-1.15103,0.0273274,-0.0104779,-0.0343509,34.9806,1,-0.0165795,-0.00326548,-0.0165756,0.999885,-0.0147931,0.00120306,-0.00321031,-0.0146791,-0.0341056,-0.0752257,0.026284,0.242321,-1.15138,0.0273169,-0.0106031,0.0594621
34.9806,0.999885,-0.0147589,0.00120131,-0.00321025,-0.0109078,0.0026025,-0.000200312,0.0260572,0.242469,-1.15127,0.0265631,-0.0106775,-0.033992,35.0006,1,-0.00909432,0.00341518,-0.0429657,0.999884,-0.0148134,0.00121448,-0.00321138,0.0455353,0.0225566,-0.222399,0.0263228,0.242363,-1.15161,0.0265525,-0.010803,0.059821
35.0006,0.99988,-0.015127,0.00108258,-0.00317971,-0.0129039,-0.00684923,0.00299547,0.0263158,0.242606,-1.15267,0.022274,-0.0131389,-0.0322165,35.0206,1,0.00808363,0.000220504,0.00460277,0.999879,-0.0151916,0.00104877,-0.00316414,0.185626,-0.00724779,0.0436457,0.0265385,0.242475,-1.15299,0.0222643,-0.0132676,0.0615966
35.0206,0.999877,-0.0153318,0.000940345,-0.00316283,-0.00784391,-0.00818083,0.000598671,0.0265097,0.24254,-1.15381,0.0204349,-0.0164805,-0.031278,35.0406,1,-0.00232861,0.038621,-0.0231014,0.999876,-0.0153712,0.000899616,-0.00315918,0.1031,0.30419,-0.108354,0.0267141,0.242376,-1.15412,0.0204265,-0.0166109,0.0625352
35.0406,0.999877,-0.0153552,0.000891196,-0.00316085,-0.00611285,-0.0127082,0.000332349,0.0265554,0.2425,-1.15403,0.0202358,-0.017794,-0.0312597,35.0606,1,-0.0415528,-0.0250813,-0.0620169,0.999876,-0.015386,0.000827785,-0.00315819,-0.208845,-0.201166,-0.33197,0.0267577,0.242322,-1.15435,0.0202278,-0.0179246,0.0625535
35.0606,0.999877,-0.0153565,0.000758354,-0.00314774,0.00121195,-0.0112411,-0.00139871,0.0266119,0.242345,-1.15463,0.0199175,-0.0220511,-0.0304699,35.0806,1,0.0196364,-0.0487786,-0.0112692,0.999877,-0.0153507,0.000702028,-0.00315388,0.281043,-0.39436,-0.0496092,0.0268111,0.242124,-1.15493,0.0199106,-0.0221818,0.0633433
35.0806,0.999878,-0.0153339,0.000560553,-0.00311797,0.00334246,-0.00698004,0.00219655,0.0267282,0.241887,-1.15553,0.0214001,-0.0265802,-0.0288639,35.1006,1,-0.000535139,0.0137837,0.00398612,0.999878,-0.0153173,0.000525774,-0.00310647,0.118016,0.10527,0.0409603,0.0269422,0.241621,-1.15582,0.0213949,-0.0267107,0.0649493
35.1006,0.999878,-0.0152794,0.000529213,-0.00312629,0.00813615,-0.00205321,-0.000599745,0.0268295,0.24164,-1.15588,0.0226448,-0.0281284,-0.0284251,35.1206,1,-0.00447118,-0.0128256,-0.0538459,0.999879,-0.0152388,0.000518775,-0.00312916,0.0868303,-0.100349,-0.285131,0.0270559,0.241359,-1.15617,0.0226399,-0.0282585,0.065388
35.1206,0.99988,-0.01515,0.000501757,-0.00312937,0.0173241,-0.00471634,-0.000599743,0.0269695,0.241361,-1.15624,0.0241541,-0.0296778,-0.0278285,35.1406,1,0.0374817,-0.0306458,0.00998882,0.999882,-0.0150634,0.000477862,-0.00313206,0.421597,-0.249418,0.0709391,0.027211,0.241064,-1.15651,0.0241494,-0.0298067,0.0659846
35.1406,0.999884,-0.0148954,0.000474817,-0.00311766,0.0101352,-0.00205122,0.00113128,0.0274131,0.240574,-1.15704,0.0277032,-0.033047,-0.0273465,35.1606,1,0.0196442,-0.00964621,-0.100963,0.999885,-0.0148448,0.000464488,-0.00311187,0.276285,-0.0684179,-0.548715,0.0276902,0.240244,-1.15732,0.0276988,-0.0331738,0.0664666
35.1606,0.999888,-0.0146139,0.000564007,-0.0030852,0.0178584,0.00500615,6.60061e-05,0.0281114,0.239664,-1.15795,0.0322959,-0.030868,-0.0275784,35.1806,1,-0.0322617,-0.0182415,-0.0223467,0.99989,-0.0145245,0.000588764,-0.00308529,-0.140712,-0.148607,-0.109462,0.0284343,0.239356,-1.15822,0.0322907,-0.0309923,0.0662346
35.1806,0.999889,-0.0145461,0.000598132,-0.00308877,0.0166599,0.00820198,-0.000732895,0.0282649,0.239514,-1.1581,0.0332986,-0.0306643,-0.0274779,35.2006,1,-0.011084,0.00736185,-0.0208666,0.99989,-0.0144626,0.000638827,-0.00309308,0.0275884,0.056259,-0.0989858,0.0285979,0.239208,-1.15838,0.0332932,-0.0307881,0.0663351
35.2006,0.999891,-0.0144051,0.000706379,-0.00309099,0.00800468,0.00913405,6.6019e-05,0.0287915,0.239052,-1.15857,0.0358838,-0.0302198,-0.0267241,35.2206,1,-0.0103352,-0.0138695,-0.0827084,0.999892,-0.0143649,0.000751925,-0.00309135,0.0329661,-0.107299,-0.447029,0.0291503,0.23875,-1.15884,0.0358774,-0.0303424,0.0670889
35.2206,0.999891,-0.0144143,0.000962226,-0.00309971,-0.000515044,0.015528,0.00019916,0.0297081,0.238511,-1.15932,0.0386386,-0.0240417,-0.0271822,35.2406,1,0.0310533,0.0349451,0.0183836,0.999891,-0.0144166,0.00103988,-0.00309983,0.36256,0.270492,0.123262,0.0300945,0.23827,-1.15959,0.0386301,-0.0241644,0.0666308
35.2406,0.999891,-0.0144076,0.00114918,-0.00308972,0.00134917,0.0148622,0.00153074,0.0302767,0.238337,-1.15975,0.0392122,-0.0207259,-0.0268593,35.2606,1,0.00149006,0.00481778,-0.096614,0.999891,-0.0144007,0.00122358,-0.00308314,0.127409,0.0405603,-0.52336,0.0306688,0.23813,-1.16002,0.039202,-0.0208484,0.0669537
35.2606,0.999891,-0.0144103,0.0012736,-0.0030864,-0.00131399,0.0145959,-0.000333447,0.0306845,0.23824,-1.16005,0.0393321,-0.0197209,-0.0269252,35.2806,1,-0.0190235,-0.0136893,-0.0766673,0.99989,-0.0144166,0.00134657,-0.00308911,-0.0361406,-0.11129,-0.413302,0.0310779,0.238043,-1.16032,0.0393209,-0.0198435,0.0668878
35.2806,0.999887,-0.0146155,0.00152332,-0.003066,-0.0151624,0.0121991,-0.000466568,0.0316631,0.238056,-1.16079,0.0369688,-0.0163779,-0.0263583,35.3006,1,0.00978503,-0.0158283,-0.0410558,0.999886,-0.0146911,0.00158451,-0.0030691,0.195965,-0.133746,-0.213946,0.0320328,0.237892,-1.16105,0.0369555,-0.0165022,0.0674547
35.3006,0.999883,-0.0149011,0.00170338,-0.00306126,-0.00983301,0.00661129,-0.00139878,0.0322624,0.238202,-1.16129,0.0332273,-0.0126846,-0.0252697,35.3206,1,-0.00674853,0.0113339,-0.0751716,0.999882,-0.0149502,0.00173647,-0.00306867,0.065626,0.0858691,-0.402937,0.0325946,0.238075,-1.16154,0.0332124,-0.0128114,0.0685434
35.3206,0.999882,-0.0149813,0.0017535,-0.00305641,-0.0122298,0.00394814,6.60051e-05,0.0324558,0.238282,-1.16146,0.0314148,-0.0129186,-0.0247384,35.3406,1,-0.0390768,-0.0157891,-0.0234305,0.999881,-0.0150423,0.00177343,-0.00305627,-0.192152,-0.138457,-0.115808,0.0327699,0.238152,-1.16171,0.0313995,-0.013046,0.0690747
35.3406,0.999881,-0.0150257,0.00176965,-0.00305969,-0.0115641,0.00341552,-0.000732982,0.032548,0.238312,-1.16155,0.030548,-0.0135736,-0.0245757,35.3606,1,-0.0534698,-0.00347099,-0.0462464,0.99988,-0.0150834,0.00178685,-0.00306351,-0.307064,-0.0376361,-0.242679,0.0328535,0.238176,-1.16179,0.0305325,-0.0137015,0.0692374
35.3606,0.999877,-0.0152919,0.00174159,-0.0030574,-0.0190209,-0.00763661,-0.000466679,0.032885,0.238359,-1.16192,0.0263322,-0.0151799,-0.0244429,35.3806,1,0.00182321,-0.028161,-0.0112254,0.999875,-0.0153871,0.00170367,-0.00305898,0.137707,-0.237769,-0.0481346,0.0331483,0.238207,-1.16216,0.026317,-0.01531,0.0693703
35.3806,0.999874,-0.0154781,0.00158765,-0.0030521,-0.00463983,-0.0092345,0.000199154,0.0332123,0.238297,-1.16243,0.022286,-0.0178136,-0.0241549,35.4006,1,0.010475,-0.0277597,-0.103154,0.999874,-0.0155014,0.00154157,-0.00305035,0.208887,-0.221649,-0.562912,0.0334352,0.238118,-1.16267,0.0222721,-0.0179453,0.0696583
35.4006,0.999874,-0.0154815,0.00154578,-0.00305081,-0.00117773,-0.0109656,0.000199131,0.0332739,0.238257,-1.16254,0.021827,-0.0190116,-0.024172,35.4206,1,-0.0168669,0.00503772,-0.00879635,0.999874,-0.0154875,0.00149099,-0.00304896,-0.0111044,0.0286107,-0.0318814,0.0334922,0.238067,-1.16278,0.0218134,-0.0191433,0.0696413
35.4206,0.999874,-0.015509,0.00140403,-0.00304398,-0.00490613,-0.0149603,0.0011312,0.0334575,0.238061,-1.16288,0.0204571,-0.0227407,-0.0238464,35.4406,1,-0.00102815,-0.0157397,0.0122074,0.999874,-0.0155337,0.0013294,-0.00303713,0.116069,-0.138672,0.0840205,0.0336621,0.237833,-1.16312,0.0204447,-0.0228726,0.0699669
35.4406,0.999874,-0.0155192,0.00113423,-0.003029,0.00854382,-0.0104301,0.000998126,0.0335768,0.237493,-1.16332,0.0201387,-0.0278115,-0.0237876,35.4606,1,0.000299448,0.0193261,-0.076306,0.999875,-0.0154766,0.00108203,-0.00302325,0.126388,0.155025,-0.408669,0.0337782,0.237215,-1.16356,0.0201286,-0.0279435,0.0700256
35.4606,0.999877,-0.0153372,0.000934369,-0.0030091,0.0110739,-0.0126937,0.00153071,0.0337112,0.236936,-1.16363,0.0205502,-0.0321241,-0.023301,35.4806,1,-0.00379002,0.0408285,-0.0176316,0.999878,-0.015282,0.000870858,-0.00300053,0.0914076,0.321193,-0.078404,0.0339167,0.236615,-1.16387,0.0205419,-0.0322546,0.0705122
35.4806,0.999878,-0.0152983,0.000894432,-0.00301052,0.00947598,-0.01043,-0.000466656,0.0337581,0.236769,-1.16372,0.0210678,-0.0330044,-0.0232933,35.5006,1,-0.0302604,0.00362065,-0.0344358,0.999879,-0.0152511,0.00084211,-0.0030121,-0.119637,0.0252995,-0.175817,0.0339688,0.236439,-1.16395,0.0210598,-0.0331346,0.0705199
35.5006,0.99988,-0.0151526,0.000785391,-0.00301,0.00814438,-0.00590267,0.000598633,0.0340333,0.236038,-1.16407,0.0238161,-0.0340846,-0.0232277,35.5206,1,0.00241035,-0.0296395,-0.048805,0.999881,-0.0151119,0.000755804,-0.00300659,0.141323,-0.237386,-0.258951,0.0342715,0.235697,-1.16431,0.023809,-0.0342136,0.0705854
35.5206,0.999885,-0.014885,0.000751883,-0.0029834,0.0158695,-0.000973204,0.000865008,0.0344024,0.235223,-1.16429,0.0285624,-0.0336783,-0.0228756,35.5406,1,-0.0146631,-0.0274395,-0.0413566,0.999886,-0.0148057,0.000746846,-0.00297906,0.00253274,-0.220923,-0.217235,0.034688,0.234887,-1.16452,0.0285556,-0.0338049,0.0709375
35.5406,0.999886,-0.0147789,0.000784005,-0.00299272,0.0105431,0.00355411,-0.000200318,0.0346097,0.234897,-1.16437,0.030238,-0.03363,-0.0225171,35.5606,1,-0.036121,-0.0254693,-0.0381589,0.999887,-0.0147262,0.000801601,-0.00299402,-0.170056,-0.206346,-0.199201,0.0349121,0.234561,-1.1646,0.030231,-0.0337557,0.0712959
35.5606,0.999887,-0.0147034,0.000816841,-0.00298017,0.00801313,0.00435308,0.00232968,0.03486,0.234562,-1.16446,0.031919,-0.0334336,-0.0222698,35.5806,1,0.0244649,0.0371686,-0.0561184,0.999888,-0.0146632,0.000838656,-0.00296887,0.312503,0.297981,-0.294409,0.0351792,0.234227,-1.16468,0.0319117,-0.0335587,0.0715432
35.5806,0.999888,-0.0146148,0.000948418,-0.00295735,0.00441786,0.0080815,0.002596,0.035602,0.233795,-1.16472,0.0356597,-0.0295977,-0.0222801,35.6006,1,-0.0151627,0.0125866,-0.0304753,0.999889,-0.0145926,0.000988946,-0.00294498,-0.00451318,0.0963039,-0.153143,0.0359586,0.233499,-1.16495,0.0356512,-0.0297221,0.071533
35.6006,0.999888,-0.0145832,0.00126261,-0.00296226,-0.00356833,0.0139456,-0.00126557,0.0363116,0.233269,-1.16506,0.0382219,-0.0265752,-0.0227199,35.6206,1,0.000178573,-0.00184081,-0.06047,0.999888,-0.0146008,0.00133229,-0.00296958,0.118534,-0.0177482,-0.322185,0.0366938,0.233003,-1.16529,0.0382108,-0.0266992,0.0710931
35.6206,0.999888,-0.0145999,0.00131851,-0.00295922,-0.0046336,0.0132798,0.000998047,0.0364421,0.233191,-1.16513,0.0381455,-0.0260295,-0.0226585,35.6406,1,-0.0166697,0.00803144,-0.0779664,0.999888,-0.0146228,0.00138505,-0.00295517,-0.0162871,0.0624419,-0.419511,0.0368236,0.232931,-1.16536,0.0381339,-0.0261537,0.0711545
35.6406,0.999888,-0.0146241,0.00138182,-0.00295893,-0.00649783,0.015144,0.000332367,0.0365777,0.233116,-1.1652,0.0383049,-0.0252185,-0.0227708,35.6606,1,0.00359295,0.0149498,-0.0450017,0.999887,-0.0146563,0.00145765,-0.00295834,0.145744,0.113893,-0.234178,0.0369608,0.232864,-1.16543,0.0382928,-0.0253429,0.0710422
35.6606,0.999886,-0.0147431,0.00162327,-0.00296863,-0.0034352,0.0115488,0.00193018,0.0372919,0.232772,-1.16559,0.0359069,-0.0225282,-0.0225897,35.6806,1,-0.0198837,0.0156019,-0.0567091,0.999885,-0.0147601,0.0016812,-0.00295981,-0.0409685,0.118056,-0.299835,0.037651,0.232546,-1.16582,0.0358928,-0.0226536,0.0712233
35.6806,0.999884,-0.0148629,0.00183425,-0.0029615,-0.00862699,0.0084886,0.000864907,0.0377819,0.232525,-1.166,0.0322727,-0.0216997,-0.0222178,35.7006,1,-0.00697057,-0.00924752,-0.0331833,0.999883,-0.0149059,0.00187688,-0.00295773,0.0637775,-0.084856,-0.170072,0.0381046,0.232308,-1.16623,0.0322568,-0.0218261,0.0715953
35.7006,0.999882,-0.0149514,0.00186375,-0.00295364,-0.011157,9.96401e-05,0.00232967,0.0379551,0.232428,-1.16618,0.0311725,-0.0212112,-0.0222352,35.7206,1,0.0322445,-0.0396456,-0.0790434,0.999881,-0.0150072,0.00186459,-0.0029419,0.379122,-0.321755,-0.429107,0.0382669,0.232215,-1.16641,0.0311563,-0.0213384,0.0715779
35.7206,0.999881,-0.015003,0.00186045,-0.00295981,-0.0132875,-0.00149825,-0.00153199,0.0380419,0.232378,-1.16628,0.0306221,-0.0209539,-0.0221922,35.7406,1,-0.0177817,0.021128,-0.0653577,0.99988,-0.0150695,0.00185304,-0.00296723,-0.0220425,0.161582,-0.347837,0.0383481,0.232168,-1.1665,0.0306058,-0.0210815,0.0716209
35.7406,0.999878,-0.0151908,0.00186746,-0.00297287,-0.00343382,-0.00389508,0.000465423,0.0384938,0.232021,-1.16691,0.0244749,-0.0222709,-0.0229906,35.7606,1,0.0146043,-0.0279359,-0.0831266,0.999878,-0.015208,0.00184808,-0.00297021,0.239771,-0.227891,-0.451094,0.0387386,0.231798,-1.16714,0.0244587,-0.0224002,0.0708226
35.7606,0.999878,-0.0152391,0.00173108,-0.00296174,-0.00409961,-0.0110856,0.000332235,0.0387219,0.231644,-1.16738,0.0212727,-0.0252319,-0.02331,35.7806,1,0.00507854,0.013677,-0.0408676,0.999878,-0.0152597,0.00167575,-0.0029592,0.162663,0.10067,-0.211044,0.0389346,0.231392,-1.16761,0.0212576,-0.0253615,0.0705032
35.7806,0.999878,-0.0152517,0.00169781,-0.00295577,-0.0034338,-0.00882194,0.00139752,0.0387728,0.23153,-1.16751,0.0204967,-0.0256548,-0.0233635,35.8006,1,-0.00132174,-0.00617683,-0.0613295,0.999878,-0.015269,0.00165386,-0.00294808,0.112188,-0.0555135,-0.327423,0.0389777,0.231274,-1.16774,0.0204819,-0.0257846,0.0704497
35.8006,0.999878,-0.0152864,0.00153778,-0.00294854,0.000428978,-0.0109493,-0.00193139,0.0387825,0.231103,-1.16802,0.019086,-0.0265821,-0.0235625,35.8206,1,0.00121778,-0.0213021,-0.00628125,0.999878,-0.0152844,0.00148288,-0.00295737,0.132582,-0.181898,-0.020476,0.0389733,0.230837,-1.16825,0.0190725,-0.0267122,0.0702507
35.8206,0.999879,-0.0152334,0.00129976,-0.00296463,0.00229318,-0.010683,0.000332297,0.0387896,0.230473,-1.16869,0.0192159,-0.0297248,-0.023179,35.8406,1,-0.00954094,0.0264041,-0.030508,0.999879,-0.0152221,0.00124634,-0.00296217,0.0451351,0.20431,-0.152053,0.0389818,0.230176,-1.16892,0.0192045,-0.0298544,0.0706341
35.8406,0.99988,-0.0151915,0.00119272,-0.00295691,0.00362477,-0.0120146,-6.7217e-05,0.0388288,0.230166,-1.16896,0.0195467,-0.0307197,-0.0231056,35.8606,1,-0.0100796,-0.00518889,-0.0147692,0.99988,-0.0151736,0.0011326,-0.00295636,0.041148,-0.0494898,-0.0666507,0.0390243,0.229859,-1.16919,0.0195362,-0.0308489,0.0707076
35.8606,0.99988,-0.0151588,0.00109774,-0.00294722,0.00322527,-0.0110825,0.000864876,0.0388958,0.229838,-1.16924,0.0204337,-0.0311928,-0.02289,35.8806,1,0.0367018,-0.0281504,-0.031536,0.99988,-0.0151428,0.00104235,-0.00294208,0.4156,-0.229254,-0.162266,0.0391001,0.229526,-1.16947,0.020424,-0.0313217,0.0709231
35.8806,0.999881,-0.0151229,0.00105675,-0.00294366,0.0060216,-0.00548986,-0.000200361,0.038996,0.229496,-1.16953,0.0219668,-0.0313514,-0.0229809,35.9006,1,0.0333796,0.00919734,-0.0260449,0.999881,-0.0150929,0.0010292,-0.00294428,0.387878,0.0690609,-0.128388,0.0392157,0.229182,-1.16976,0.0219574,-0.0314801,0.0708322
35.9006,0.999883,-0.0150061,0.000978215,-0.00290225,0.00748842,-0.000426536,0.00312861,0.0392897,0.228593,-1.17035,0.0273282,-0.0309758,-0.0222781,35.9206,1,-0.0422189,-0.00444068,-0.00374905,0.999883,-0.0149687,0.000976208,-0.00288661,-0.21764,-0.04387,-0.00535883,0.039563,0.228283,-1.17057,0.0273195,-0.0311035,0.071535
35.9206,0.999884,-0.014929,0.00104282,-0.00289042,0.00629001,0.00569873,0.00179703,0.0396176,0.227993,-1.1709,0.0304295,-0.0311424,-0.0225181,35.9406,1,0.0364063,-0.0288929,-0.0534499,0.999884,-0.0148975,0.00107135,-0.0028819,0.411463,-0.232212,-0.285342,0.0399219,0.227682,-1.17113,0.0304203,-0.0312694,0.071295
35.9406,0.999884,-0.0149156,0.00106179,-0.00288523,0.00309421,0.004234,0.00139756,0.0397265,0.227838,-1.17104,0.0311522,-0.0308638,-0.0222329,35.9606,1,0.0155186,-0.00611909,-0.0205185,0.999884,-0.0149,0.00108302,-0.00287857,0.243732,-0.0546319,-0.0991577,0.040038,0.227529,-1.17127,0.0311428,-0.0309907,0.0715802
35.9606,0.999884,-0.0149033,0.00122375,-0.00288678,0.00123,0.00889453,-0.00020032,0.0403233,0.227125,-1.17173,0.0337842,-0.0282113,-0.0216449,35.9806,1,-0.00155514,0.0178165,0.0194109,0.999884,-0.014897,0.00126819,-0.00288845,0.106144,0.130379,0.126325,0.0406612,0.226843,-1.17195,0.0337734,-0.0283381,0.0721681
35.9806,0.999883,-0.0149258,0.00143802,-0.00287643,-0.00196353,0.00956428,0.00139757,0.0407852,0.22663,-1.17236,0.0350601,-0.0264461,-0.0212408,36.0006,1,-0.0388721,-0.0380126,-0.0265972,0.999883,-0.0149355,0.00148597,-0.00287015,-0.190572,-0.313267,-0.136339,0.0411358,0.226365,-1.17257,0.0350475,-0.0265731,0.0725723
36.0006,0.999883,-0.0149625,0.0015221,-0.00288745,-0.00436038,0.0104964,-0.00219773,0.041014,0.226427,-1.17262,0.0350442,-0.0260178,-0.0213267,36.0206,1,-0.0225075,-0.0227265,-0.0307283,0.999882,-0.0149842,0.00157447,-0.00289919,-0.0595571,-0.190797,-0.158,0.0413645,0.226167,-1.17283,0.0350309,-0.0261451,0.0724864
36.0206,0.999882,-0.0149822,0.00158346,-0.00289564,-0.0052925,0.0147574,-0.0017982,0.0411355,0.226324,-1.17275,0.0351019,-0.0258639,-0.021341,36.0406,1,-0.00330515,-0.0134526,-0.00339095,0.999882,-0.0150085,0.00165718,-0.00290569,0.0937622,-0.119945,-0.00393115,0.0414865,0.226065,-1.17296,0.0350881,-0.0259913,0.0724722
36.0406,0.999881,-0.0150789,0.00179607,-0.00291178,-0.00316026,0.00983466,-0.00166506,0.0415271,0.2259,-1.1733,0.032883,-0.0248389,-0.0209863,36.0606,1,-0.0347892,0.0295794,-0.0177726,0.99988,-0.0150946,0.00184516,-0.00292082,-0.158227,0.22359,-0.0810805,0.0418559,0.225651,-1.1735,0.0328673,-0.0249671,0.0728268
36.0606,0.999879,-0.0151794,0.00192832,-0.00291135,-0.00608973,0.00677202,0.00033234,0.0417625,0.2255,-1.17379,0.0290321,-0.0245441,-0.0207084,36.0806,1,0.00991434,-0.0204684,-0.0509083,0.999878,-0.0152097,0.00196229,-0.00291014,0.201813,-0.172717,-0.270406,0.0420528,0.225255,-1.174,0.0290153,-0.0246732,0.0731047
36.0806,0.999878,-0.015207,0.0019392,-0.00291079,-0.00728815,0.00197835,0.000199187,0.0418052,0.225413,-1.1739,0.0282033,-0.0243853,-0.0204402,36.1006,1,0.0153104,0.00605827,-0.00842582,0.999878,-0.0152434,0.00194921,-0.00290987,0.244094,0.0343309,-0.0301991,0.0420872,0.225169,-1.1741,0.0281864,-0.0245146,0.073373
36.1006,0.999877,-0.0152761,0.00194538,-0.00290239,-0.00409127,-0.0028117,0.00392759,0.0417755,0.225184,-1.17411,0.0255898,-0.0242405,-0.0201228,36.1206,1,-0.0463158,0.0139992,-0.0351743,0.999877,-0.0152966,0.00193169,-0.0028825,-0.248268,0.0996679,-0.180034,0.0420313,0.224941,-1.17431,0.0255729,-0.0243704,0.0736904
36.1206,0.999877,-0.0153075,0.00182141,-0.0028941,-0.00062915,-0.00707278,-0.000732967,0.0415218,0.224768,-1.17436,0.0215285,-0.0261522,-0.0190336,36.1406,1,0.0323221,0.0403786,-0.0152277,0.999877,-0.0153107,0.001786,-0.00289722,0.380114,0.311052,-0.0652905,0.0417371,0.224506,-1.17455,0.0215126,-0.0262825,0.0747796
36.1406,0.999876,-0.0153665,0.00172152,-0.0028945,-0.00715323,-0.0102656,-0.000466686,0.0412254,0.224476,-1.17442,0.0199358,-0.0273308,-0.0182687,36.1606,1,0.00279491,0.0170844,-0.0540755,0.999876,-0.0154024,0.00167026,-0.00289599,0.145439,0.12962,-0.285105,0.0414248,0.224203,-1.1746,0.0199208,-0.0274615,0.0755446
36.1606,0.999876,-0.0153937,0.00166638,-0.00288873,-0.00502269,-0.00999928,0.000332282,0.0410461,0.224254,-1.17447,0.0194913,-0.0278023,-0.0179044,36.1806,1,0.0053942,0.016716,-0.0350982,0.999876,-0.015419,0.00161649,-0.00288626,0.166285,0.124838,-0.17887,0.041241,0.223976,-1.17465,0.0194767,-0.0279332,0.0759089
36.1806,0.999877,-0.0153616,0.0014741,-0.00289947,0.00363256,-0.0149261,-0.000200381,0.0407493,0.223746,-1.17459,0.0187596,-0.0296312,-0.0180414,36.2006,1,-0.0222453,0.00702265,0.00310094,0.999877,-0.0153436,0.00139941,-0.00289936,-0.0552816,0.0434877,0.0340162,0.0409369,0.22345,-1.17477,0.0187467,-0.0297619,0.0757718
36.2006,0.999879,-0.0152212,0.00119228,-0.00290072,0.00309997,-0.0103988,0.000864926,0.0403877,0.222573,-1.17492,0.0193867,-0.0333672,-0.0183349,36.2206,1,0.0109731,0.0349695,-0.0452389,0.99988,-0.0152058,0.00114032,-0.00289562,0.208957,0.275964,-0.234037,0.0405816,0.222239,-1.17511,0.0193762,-0.0334967,0.0754782
36.2206,0.99988,-0.0151929,0.00116951,-0.00289286,0.00682838,-0.00640403,0.00193018,0.040367,0.222383,-1.17498,0.019968,-0.0337626,-0.0182988,36.2406,1,0.00617326,0.0341509,-0.0125373,0.99988,-0.0151589,0.00113754,-0.00288276,0.170168,0.265492,-0.0510654,0.0405667,0.222046,-1.17517,0.0199577,-0.0338918,0.0755143
36.2406,0.99988,-0.0151578,0.00112907,-0.00287718,0.0049642,-0.00627085,0.0008649,0.0403557,0.221996,-1.17511,0.0214735,-0.0336296,-0.0183037,36.2606,1,0.0224866,-0.0228949,-0.00464613,0.999881,-0.0151331,0.00109772,-0.00287241,0.301639,-0.191084,-0.0117127,0.0405704,0.22166,-1.17529,0.0214635,-0.0337586,0.0755094
36.2606,0.999882,-0.0150656,0.00105944,-0.00286472,0.00855946,-0.00587138,-0.000599841,0.0404195,0.2214,-1.17531,0.023515,-0.0339001,-0.0181187,36.2806,1,-0.0162601,0.00583959,0.0378904,0.999883,-0.0150229,0.00102991,-0.00286733,-0.0101,0.0333037,0.228586,0.0406547,0.221061,-1.17549,0.0235056,-0.0340283,0.0756944
36.2806,0.999884,-0.0149296,0.00103701,-0.00284539,0.00350038,0.00318671,0.00339488,0.0403827,0.220244,-1.17542,0.0263874,-0.0341252,-0.0175689,36.3006,1,-0.0212112,-0.00468976,0.0229783,0.999884,-0.014912,0.00105315,-0.00282867,-0.0503771,-0.049033,0.144075,0.0406466,0.219903,-1.17559,0.0263782,-0.0342522,0.0762441
36.3006,0.999884,-0.0149031,0.00107908,-0.00284798,0.00336723,0.00505092,-0.000333547,0.04045,0.219846,-1.17548,0.0280457,-0.0333152,-0.0176294,36.3206,1,-0.00153586,-0.00762068,-0.0725704,0.999885,-0.0148862,0.00110426,-0.00285004,0.107422,-0.0609508,-0.391086,0.0407304,0.219513,-1.17565,0.0280361,-0.033442,0.0761836
36.3206,0.999885,-0.0148779,0.00112515,-0.00284476,0.00310092,0.0047846,0.00219646,0.0405679,0.219455,-1.17555,0.029952,-0.0325336,-0.0173585,36.3406,1,-0.0350895,0.0174499,-0.0136943,0.999885,-0.0148623,0.00114919,-0.00283415,-0.162037,0.131421,-0.0595296,0.0408674,0.21913,-1.17572,0.029942,-0.0326602,0.0764545
36.3406,0.999885,-0.0148386,0.00125004,-0.00284604,0.00057092,0.00505092,0.000998035,0.0410476,0.218481,-1.17576,0.0327819,-0.0312337,-0.0170098,36.3606,1,0.00220252,0.0250088,0.0360931,0.999885,-0.0148357,0.00127536,-0.00284143,0.135282,0.185822,0.220114,0.0413754,0.218168,-1.17593,0.0327709,-0.0313599,0.0768033
36.3606,0.999885,-0.0148269,0.00144175,-0.00285914,-0.00075805,0.0107836,-0.000200392,0.0411181,0.217759,-1.17564,0.0337291,-0.0288778,-0.0162032,36.3806,1,0.00303701,0.0164576,-0.00621868,0.999885,-0.0148305,0.00149566,-0.00286094,0.142585,0.12092,-0.0174209,0.0414554,0.21747,-1.17581,0.0337165,-0.029004,0.0776099
36.3806,0.999885,-0.0148388,0.00149774,-0.00286364,-0.00328806,0.0131804,-0.000866173,0.0411364,0.217627,-1.17561,0.0341547,-0.0284487,-0.0159436,36.4006,1,-0.0209237,0.00317277,0.00662833,0.999884,-0.014855,0.00156362,-0.00286893,-0.0488412,0.012134,0.053235,0.0414779,0.217342,-1.17577,0.0341416,-0.0285749,0.0778695
36.4006,0.999884,-0.0148694,0.00162973,-0.0028654,-0.00422015,0.00958517,-0.000200422,0.0412459,0.217236,-1.17553,0.0349706,-0.0269709,-0.0151986,36.4206,1,-0.0401198,-0.00536226,-0.0484135,0.999884,-0.0148903,0.0016777,-0.00286708,-0.201449,-0.0510656,-0.255883,0.0415956,0.216966,-1.17569,0.0349563,-0.0270974,0.0786145
36.4206,0.999882,-0.0149912,0.00182926,-0.00284657,-0.00941237,0.00732456,0.00246273,0.0414051,0.216669,-1.17539,0.0328247,-0.0241845,-0.0153416,36.4406,1,-0.0161336,-0.00630549,-0.0167253,0.999881,-0.0150382,0.0018662,-0.00283472,-0.00877027,-0.0634294,-0.0784094,0.0417333,0.216427,-1.17555,0.0328088,-0.024312,0.0784715
36.4406,0.99988,-0.0151256,0.00197749,-0.00281599,-0.00848027,0.00599298,0.00259588,0.0414036,0.216275,-1.17529,0.0299317,-0.0235393,-0.0158068,36.4606,1,-0.0242487,-0.00515794,0.0475393,0.999879,-0.0151679,0.00200776,-0.00280338,-0.0737711,-0.0633545,0.281229,0.0417029,0.21604,-1.17545,0.0299145,-0.023668,0.0780063
36.4606,0.999879,-0.015168,0.00200117,-0.00281358,-0.0108771,0.00506087,0.000731663,0.0414054,0.216172,-1.17527,0.0292846,-0.0235425,-0.0156676,36.4806,1,-0.0193632,-0.00494117,-0.0304601,0.999878,-0.0152223,0.00202668,-0.00281019,-0.0330251,-0.052263,-0.155447,0.0416983,0.215937,-1.17543,0.0292672,-0.0236716,0.0781456
36.4806,0.999878,-0.0152469,0.00201314,-0.00281461,-0.0100782,-0.00146385,0.000199041,0.0414076,0.215956,-1.17525,0.0275201,-0.0238271,-0.0157708,36.5006,1,-0.0653211,-0.00755183,-0.0328281,0.999877,-0.0152973,0.00200598,-0.0028134,-0.40016,-0.0739354,-0.169477,0.0416828,0.215718,-1.17541,0.0275026,-0.0239568,0.0780424
36.5006,0.999875,-0.0154506,0.00195811,-0.00282158,-0.00754816,-0.00319492,-0.00113254,0.0413746,0.21524,-1.17529,0.0223881,-0.0249432,-0.0167037,36.5206,1,-0.004885,-0.00461999,0.0341555,0.999874,-0.0154884,0.00194215,-0.00282692,0.0840239,-0.0569427,0.206585,0.0415985,0.21499,-1.17546,0.0223711,-0.0250746,0.0771096
36.5206,0.999874,-0.0154902,0.00191238,-0.00281213,-0.00501817,-0.00718965,0.00219639,0.0413558,0.214962,-1.17534,0.0208839,-0.0260421,-0.0168243,36.5406,1,-0.0754549,-0.0360112,-0.0303826,0.999874,-0.0155153,0.00187668,-0.00280055,-0.478859,-0.301224,-0.158367,0.0415646,0.214702,-1.17551,0.0208672,-0.0261739,0.0769889
36.5406,0.999874,-0.0155036,0.00187921,-0.00281045,-0.00355339,-0.00892072,0.000332195,0.0413445,0.214814,-1.17537,0.0201138,-0.0266646,-0.0168808,36.5606,1,-0.010137,0.0452932,-0.0421381,0.999874,-0.0155215,0.00183469,-0.00280806,0.0423143,0.352294,-0.21641,0.0415456,0.214547,-1.17554,0.0200975,-0.0267965,0.0769325
36.5606,0.999874,-0.0155452,0.00168896,-0.00279109,-0.00128881,-0.0105152,0.000332185,0.0409996,0.214031,-1.17543,0.016807,-0.0303031,-0.0169232,36.5806,1,-0.00309404,0.0267266,0.0039556,0.999874,-0.0155518,0.00163643,-0.0027886,0.0989161,0.199718,0.0400703,0.0411677,0.213728,-1.1756,0.0167922,-0.0304354,0.0768901
36.5806,0.999874,-0.0155592,0.00149168,-0.002793,0.000974838,-0.0133115,-0.00166517,0.0406951,0.213292,-1.17552,0.0154551,-0.0324485,-0.0169959,36.6006,1,-0.0440135,0.00733906,0.0581896,0.999874,-0.0155545,0.00142499,-0.0028003,-0.228784,0.0385773,0.341691,0.0408496,0.212968,-1.17569,0.0154421,-0.0325808,0.0768174
36.6006,0.999876,-0.0154699,0.00127597,-0.0027787,0.00563539,-0.0109146,6.5901e-05,0.0404522,0.212437,-1.17565,0.0156229,-0.0360336,-0.016659,36.6206,1,0.0154186,0.025427,0.0385921,0.999876,-0.0154418,0.00122134,-0.00277756,0.245986,0.188761,0.233944,0.0406084,0.212077,-1.17581,0.0156117,-0.0361652,0.0771542
36.6206,0.999876,-0.0154249,0.00123022,-0.00277261,0.0110949,-0.0119799,0.00139747,0.0404078,0.2122,-1.17569,0.0158615,-0.036914,-0.0168415,36.6406,1,-0.0160611,0.03965,0.0106722,0.999877,-0.0153696,0.00117028,-0.00276476,-0.00617771,0.305655,0.0785829,0.0405664,0.211831,-1.17585,0.0158507,-0.0370453,0.0769718
36.6406,0.999879,-0.0152626,0.0010378,-0.00276867,0.00936504,-0.00545157,0.000199035,0.0401578,0.210963,-1.17585,0.0182319,-0.0392636,-0.0173117,36.6606,1,-0.00514343,0.0278247,0.00397845,0.99988,-0.0152158,0.00101044,-0.00276731,0.0802589,0.213672,0.0401232,0.0403401,0.210571,-1.17602,0.0182227,-0.0393934,0.0765014
36.6606,0.999884,-0.0149778,0.000937835,-0.00275948,0.014425,-0.00465266,0.00206321,0.0399414,0.2097,-1.17598,0.0215594,-0.0402962,-0.0179083,36.6806,1,-0.0159516,-0.00265275,5.65893e-05,0.999885,-0.0149057,0.000914529,-0.00274888,-0.00773297,-0.0290802,0.0154616,0.040157,0.209297,-1.17616,0.0215511,-0.0404237,0.0759048
36.6806,0.999884,-0.0149242,0.000930005,-0.00275609,0.0132266,-0.00252208,0.000864864,0.0399306,0.209437,-1.17602,0.0221085,-0.0404679,-0.0179682,36.7006,1,0.0401751,-0.00443296,-0.00361198,0.999885,-0.0148581,0.000917278,-0.00275164,0.440783,-0.0415764,-0.00496457,0.0401517,0.209032,-1.1762,0.0221002,-0.0405948,0.0758449
36.7006,0.999887,-0.0147727,0.000914508,-0.00275176,0.00803346,-0.00119054,-0.000733082,0.0399856,0.208374,-1.17622,0.0245294,-0.039424,-0.0186995,36.7206,1,-0.0247761,0.037812,0.0161883,0.999887,-0.0147326,0.000908392,-0.00275537,-0.081092,0.292696,0.109037,0.0402309,0.20798,-1.1764,0.0245213,-0.0395497,0.0751135
36.7206,0.99989,-0.0145549,0.00103425,-0.00276741,0.00870042,0.00693685,-0.00126574,0.0399708,0.206935,-1.17626,0.0279027,-0.0362549,-0.0187824,36.7406,1,-0.0329552,0.00575522,0.00815645,0.99989,-0.0145114,0.00106871,-0.00277429,-0.147437,0.0360883,0.0614376,0.0402498,0.206573,-1.17645,0.0278935,-0.0363787,0.0750305
36.7407,0.99989,-0.0145096,0.00109175,-0.00276012,0.00350724,0.00733636,0.000864798,0.0399836,0.206486,-1.17625,0.0289916,-0.0355756,-0.018672,36.7607,1,0.0098021,0.00480685,0.0341341,0.999891,-0.014492,0.00112844,-0.00275635,0.194006,0.0259765,0.207027,0.0402736,0.20613,-1.17643,0.028982,-0.035699,0.075141
36.7607,0.999891,-0.014491,0.00115168,-0.00275815,-0.000487505,0.00573846,-0.000599931,0.0400306,0.206046,-1.17625,0.0292583,-0.0340799,-0.0185956,36.7807,1,-0.0299587,0.00392897,0.0291082,0.999891,-0.0144934,0.00118034,-0.00276156,-0.124172,0.0181874,0.178546,0.0403232,0.205706,-1.17643,0.0292481,-0.0342032,0.0752173
36.7807,0.99989,-0.0145276,0.00124955,-0.00272232,0.000178258,0.00853477,0.00432693,0.0400898,0.205248,-1.1762,0.0285618,-0.0306763,-0.0186537,36.8007,1,-0.0147956,-0.00854827,-0.0328328,0.99989,-0.0145266,0.00129253,-0.00270131,-0.00169639,-0.0748746,-0.169408,0.0403754,0.204941,-1.17638,0.0285508,-0.0307999,0.0751593
36.8007,0.999889,-0.0145641,0.00147935,-0.00270098,-0.0046136,0.00934165,0.000731602,0.0397063,0.204477,-1.17569,0.0275001,-0.0277203,-0.0189126,36.8207,1,-0.00362771,-0.00409177,-0.0123526,0.999889,-0.0145871,0.00152617,-0.00269797,0.0877187,-0.0432034,-0.0544066,0.0399814,0.2042,-1.17588,0.0274872,-0.0278442,0.0749004
36.8207,0.999888,-0.0146249,0.0015248,-0.00269626,-0.00900781,0.00295008,0.00179685,0.0395375,0.204191,-1.17547,0.0266069,-0.0270757,-0.0186347,36.8407,1,-0.0284527,-0.0521161,-0.041017,0.999888,-0.0146699,0.00153981,-0.00268742,-0.109278,-0.424864,-0.219121,0.0398036,0.20392,-1.17565,0.0265936,-0.0272001,0.0751783
36.8407,0.999888,-0.0146668,0.00154134,-0.00269538,-0.0107389,0.0030832,0.000332127,0.0394571,0.204048,-1.17536,0.0258748,-0.0266266,-0.0188132,36.8607,1,-0.0354846,-0.000777428,0.0066827,0.999887,-0.0147204,0.00155692,-0.00269387,-0.166653,-0.0200906,0.0521331,0.0397158,0.203782,-1.17555,0.0258613,-0.0267513,0.0749998
36.8607,0.999884,-0.014882,0.00155533,-0.00268675,-0.0126031,0.000819542,-6.74026e-05,0.0391328,0.203512,-1.17503,0.0220192,-0.0241075,-0.0193239,36.8807,1,0.000715832,0.000737692,0.00779162,0.999883,-0.014945,0.00155959,-0.00268705,0.124665,-0.00745368,0.058741,0.039353,0.203271,-1.17523,0.0220056,-0.0242341,0.0744892
36.8807,0.999882,-0.0150332,0.00158233,-0.00266839,-0.0103389,-0.00263916,0.00139735,0.0384511,0.202883,-1.17451,0.0183732,-0.0249126,-0.0189208,36.9007,1,-0.0320195,0.000824611,-0.0641107,0.999881,-0.0150849,0.00156938,-0.00266112,-0.135376,0.000996789,-0.344287,0.0386348,0.202634,-1.1747,0.0183594,-0.0250404,0.0748923
36.9007,0.99988,-0.0151893,0.0014771,-0.00265015,-0.0164642,-0.0102292,0.00299521,0.0380165,0.202456,-1.17425,0.0158479,-0.0256626,-0.0192274,36.9207,1,-0.0101084,0.0276597,-0.0174665,0.999879,-0.0152717,0.00142641,-0.00263428,0.0402058,0.211349,-0.0806996,0.038175,0.2022,-1.17444,0.015835,-0.0257918,0.0745857
36.9207,0.999879,-0.01524,0.00142702,-0.00265094,-0.012869,-0.0135581,-0.000333657,0.0378694,0.202309,-1.17417,0.0147332,-0.0256553,-0.019118,36.9407,1,0.0156111,-0.00303912,-0.0614922,0.999878,-0.0153045,0.00135938,-0.00265148,0.247314,-0.0278749,-0.329634,0.0380167,0.202052,-1.17436,0.0147207,-0.0257849,0.0746951
36.9407,0.999878,-0.0153835,0.00123466,-0.00264411,-0.00314839,-0.0094302,-0.00046685,0.0371363,0.201521,-1.17387,0.0119858,-0.0278227,-0.0190805,36.9607,1,-0.0234375,0.0206157,0.0453635,0.999877,-0.0153994,0.00118752,-0.00264569,-0.0654797,0.148965,0.270403,0.0372561,0.201243,-1.17406,0.011975,-0.0279536,0.0747327
36.9607,0.999877,-0.0154123,0.000998244,-0.00264082,-0.000751519,-0.0155555,-0.0016653,0.0365285,0.200536,-1.17369,0.0124754,-0.0324814,-0.0191997,36.9807,1,0.00744873,0.014603,0.0133717,0.999877,-0.0154162,0.000920357,-0.00264794,0.182438,0.107334,0.0909597,0.0366532,0.200211,-1.17388,0.0124666,-0.0326125,0.0746135
36.9807,0.999877,-0.0154153,0.000942104,-0.0026415,-0.000884708,-0.0147565,-0.000333723,0.0364264,0.200315,-1.17367,0.0124776,-0.0329262,-0.0190071,37.0007,1,-0.0195183,0.0423546,0.00344598,0.999877,-0.01542,0.000868316,-0.00264203,-0.0338606,0.330429,0.0376246,0.0365511,0.199986,-1.17386,0.0124693,-0.0330573,0.0748061
37.0007,0.999878,-0.0153794,0.000744634,-0.00264354,0.00324318,-0.00876441,0.00153051,0.0360625,0.199386,-1.17362,0.0124188,-0.034392,-0.0192873,37.0207,1,-0.0191349,-0.0260242,-0.0251902,0.999878,-0.0153633,0.000700892,-0.00263522,-0.0294284,-0.211426,-0.128578,0.0361867,0.199042,-1.17382,0.0124122,-0.0345229,0.0745259
37.0207,0.999881,-0.0151871,0.000582853,-0.00261697,0.00697261,-0.0062309,0.00286202,0.0354289,0.197933,-1.17329,0.0167221,-0.0382821,-0.0194879,37.0407,1,0.0145456,0.014151,-0.0145623,0.999882,-0.0151523,0.000551828,-0.00260221,0.237582,0.110607,-0.065638,0.0355961,0.19755,-1.17348,0.0167168,-0.0384113,0.0743252
37.0407,0.999882,-0.0151533,0.000567417,-0.00261513,0.0083042,-0.00449984,0.000465158,0.0353539,0.197671,-1.17324,0.0174864,-0.0386634,-0.0196469,37.0607,1,-0.00605936,-0.0413857,0.01249,0.999882,-0.0151118,0.000544847,-0.00261249,0.0734508,-0.337222,0.0810351,0.0355288,0.197284,-1.17343,0.0174812,-0.0387924,0.0741662
37.0607,0.999883,-0.0150478,0.000539244,-0.0026045,0.00950262,-0.00117089,0.00259569,0.0351949,0.196866,-1.17312,0.0193388,-0.0387526,-0.019765,37.0807,1,-0.0097836,-0.00935381,0.0459442,0.999884,-0.0150003,0.000533461,-0.00259146,0.0419811,-0.0848655,0.271008,0.0353883,0.196479,-1.17332,0.0193339,-0.0388807,0.0740481
37.0807,0.999886,-0.0148431,0.000526018,-0.00261896,0.0129647,0.00149228,0.00206306,0.0350686,0.195531,-1.17295,0.0228264,-0.0382339,-0.020311,37.1007,1,-0.012892,-0.0215698,-0.00645891,0.999887,-0.0147783,0.000533462,-0.00260879,0.0160599,-0.176249,-0.0233354,0.0352968,0.195148,-1.17316,0.0228216,-0.0383602,0.0735021
37.1007,0.999888,-0.0146899,0.00069182,-0.00260874,0.00697445,0.0102873,-0.000200732,0.0348191,0.194322,-1.1724,0.0273101,-0.0362075,-0.0204284,37.1207,1,-0.00208608,0.0239076,-0.0757849,0.999889,-0.0146549,0.000743145,-0.00261052,0.100381,0.194585,-0.407827,0.0350922,0.19396,-1.17261,0.0273039,-0.0363325,0.0733846
37.1207,0.999889,-0.0146802,0.000738779,-0.00261324,0.00218075,0.0109531,-0.000866557,0.0347752,0.194098,-1.17227,0.0281051,-0.0354636,-0.0205243,37.1407,1,-0.0464782,-0.0106972,0.0231177,0.999889,-0.0146691,0.000793447,-0.00261838,-0.254421,-0.0951566,0.142986,0.0350563,0.193743,-1.17248,0.0280985,-0.0355885,0.0732887
37.1407,0.999889,-0.0146325,0.000858039,-0.00261681,0.00297971,0.00988783,0.000198729,0.0347135,0.193452,-1.17192,0.0293708,-0.0330855,-0.0207715,37.1607,1,0.0185865,0.0244278,-0.0100238,0.999889,-0.0146175,0.000907448,-0.00261655,0.265232,0.190103,-0.0393896,0.0350072,0.193121,-1.17213,0.0293631,-0.03321,0.0730415
37.1607,0.999889,-0.0146095,0.00109384,-0.00261249,-0.00101504,0.0137494,-0.00046706,0.0347613,0.192451,-1.17148,0.0293511,-0.0300099,-0.0211308,37.1807,1,0.0110619,-0.0108737,-0.011563,0.999889,-0.0146144,0.00116255,-0.00261582,0.205668,-0.0941461,-0.0509401,0.0350548,0.192151,-1.1717,0.0293415,-0.0301342,0.0726822
37.1807,0.999889,-0.01465,0.00126713,-0.00261449,-0.00407769,0.0132168,-0.000467083,0.0348461,0.191885,-1.17131,0.0287867,-0.0284494,-0.021828,37.2007,1,-0.0333538,0.0281428,-0.0262998,0.999888,-0.0146702,0.00133323,-0.00261777,-0.150076,0.217378,-0.130568,0.035134,0.1916,-1.17153,0.0287756,-0.028574,0.071985
37.2007,0.999888,-0.0146879,0.00135335,-0.00261199,-0.00674084,0.00815677,0.00126401,0.0349265,0.191523,-1.17123,0.028402,-0.0271846,-0.0222474,37.2207,1,0.00949011,0.0103474,-0.0240073,0.999887,-0.0147215,0.00139431,-0.00260622,0.193414,0.0749667,-0.118881,0.0352105,0.191251,-1.17145,0.0283902,-0.0273096,0.0715656
37.2207,0.999886,-0.0147888,0.001427,-0.00258967,-0.0102026,0.00389933,0.0028618,0.0348377,0.191032,-1.17091,0.026241,-0.0254038,-0.0226135,37.2407,1,-0.0388552,-0.00368155,-0.02465,0.999885,-0.0148397,0.00144683,-0.00257558,-0.192264,-0.0387415,-0.124153,0.0351001,0.190778,-1.17114,0.0262286,-0.0255296,0.0711995
37.2407,0.999883,-0.0150183,0.00151971,-0.00257468,-0.0100683,0.00123929,0.00219593,0.0341768,0.190074,-1.16998,0.0207253,-0.024755,-0.0229456,37.2607,1,-0.000404473,0.00568953,-0.0530834,0.999882,-0.0150686,0.0015262,-0.00256372,0.117268,0.03974,-0.282359,0.034384,0.189827,-1.17021,0.0207121,-0.0248827,0.0708675
37.2607,0.999881,-0.0151099,0.00151746,-0.00256143,-0.0124652,-0.00262226,0.00192962,0.0340064,0.189782,-1.16978,0.0197871,-0.0251061,-0.0230146,37.2807,1,-0.0354446,0.00746001,-0.0194981,0.99988,-0.0151722,0.00150466,-0.00255149,-0.162663,0.0491742,-0.0945148,0.0342042,0.18953,-1.17001,0.0197738,-0.0252346,0.0707985
37.2807,0.999881,-0.0151552,0.0014923,-0.00255204,-0.011533,-0.00714967,0.00232914,0.0339246,0.189632,-1.16969,0.0192555,-0.0250265,-0.0228995,37.3007,1,0.00166427,-0.0119429,-0.02746,0.99988,-0.015213,0.00145687,-0.00253977,0.135072,-0.104102,-0.140472,0.0341172,0.189381,-1.16992,0.0192425,-0.0251554,0.0709136
37.3007,0.999879,-0.0152742,0.00131168,-0.00254106,-0.00500819,-0.0108755,0.000464753,0.0335,0.189018,-1.16925,0.016155,-0.0260111,-0.023021,37.3207,1,0.0207627,0.0293294,-0.0645448,0.999879,-0.0152994,0.00125741,-0.00253787,0.288023,0.232451,-0.344555,0.0336616,0.188758,-1.16948,0.0161435,-0.026141,0.0707922
37.3207,0.999878,-0.0153608,0.00120072,-0.00250754,-0.00420922,-0.00501655,0.00246214,0.032876,0.188105,-1.16867,0.0153919,-0.0301707,-0.023597,37.3407,1,-0.0230151,0.0101769,0.0028995,0.999878,-0.0153819,0.00117589,-0.00249482,-0.0614836,0.0709847,0.0309936,0.03303,0.187804,-1.1689,0.0153814,-0.0303014,0.0702162
37.3407,0.999878,-0.0153927,0.00105443,-0.00250881,-0.00207867,-0.0159355,-0.000334153,0.0326014,0.187478,-1.16842,0.0166675,-0.0317288,-0.0238567,37.3607,1,0.0109872,0.0201369,0.035291,0.999878,-0.0154033,0.00097476,-0.00250925,0.210217,0.148523,0.213443,0.0327681,0.187161,-1.16866,0.0166582,-0.0318598,0.0699565
37.3607,0.999878,-0.015391,0.000988131,-0.00251482,0.00031814,-0.0172671,-0.00166573,0.0325269,0.187256,-1.16835,0.0168491,-0.0325364,-0.0240011,37.3807,1,-0.0173079,-0.0161875,-0.0268621,0.999878,-0.0153896,0.000901674,-0.00252182,-0.0148593,-0.134425,-0.137826,0.0326954,0.186931,-1.16859,0.0168403,-0.0326673,0.0698121
37.3807,0.999879,-0.0152992,0.000849937,-0.00251524,0.00631027,-0.00142129,-0.000201035,0.0322571,0.186029,-1.16813,0.0181887,-0.036856,-0.0244615,37.4007,1,0.0126162,0.00628901,0.000629071,0.99988,-0.0152677,0.000842736,-0.00251616,0.223168,0.043684,0.0182052,0.032439,0.18566,-1.16837,0.0181811,-0.0369862,0.0693517
37.4007,0.999882,-0.0151315,0.000828159,-0.00251886,0.00923975,0.000176617,0.000331612,0.0322435,0.18462,-1.16806,0.0224208,-0.0401102,-0.0247049,37.4207,1,0.0275494,-0.0117789,0.0375062,0.999883,-0.0150853,0.000828951,-0.00251725,0.34127,-0.104823,0.223229,0.0324677,0.184219,-1.16831,0.0224134,-0.040239,0.0691082
37.4207,0.999883,-0.0150766,0.00081733,-0.00251872,0.013634,-0.00315236,6.52551e-05,0.032273,0.18432,-1.16806,0.0228104,-0.0406328,-0.0247682,37.4407,1,-0.0144342,0.0343934,-0.0670811,0.999884,-0.0150085,0.000801403,-0.00251822,0.00454293,0.276395,-0.358709,0.0325011,0.183914,-1.16831,0.0228031,-0.0407611,0.0690449
37.4407,0.999885,-0.0149265,0.000776716,-0.00249362,0.0116366,-0.00168763,0.0016632,0.0324103,0.183398,-1.16811,0.0243325,-0.0413702,-0.0250793,37.4607,1,-0.0138026,-0.012875,-0.0316072,0.999886,-0.0148684,0.000768258,-0.00248522,0.00937639,-0.105699,-0.164162,0.0326536,0.182984,-1.16836,0.0243256,-0.0414972,0.0687338
37.4607,0.999887,-0.0148019,0.000839625,-0.00247953,0.0111039,0.00963084,0.0011306,0.0326269,0.18246,-1.16821,0.0262437,-0.0410699,-0.0253241,37.4807,1,-0.0217344,-0.0413438,-0.0258466,0.999888,-0.0147463,0.00088772,-0.00247464,-0.0546152,-0.334791,-0.134388,0.0328893,0.18205,-1.16846,0.0262362,-0.0411958,0.0684889
37.4807,0.999891,-0.0145295,0.00105433,-0.00246519,0.00830873,0.00350893,0.0011305,0.0329325,0.180749,-1.1677,0.0301052,-0.0394271,-0.0253136,37.5007,1,-0.013557,-0.000746425,-0.0977934,0.999891,-0.014488,0.00107185,-0.00245984,0.00806343,-0.00326441,-0.533987,0.0332336,0.180355,-1.16796,0.0300959,-0.0395507,0.0684994
37.5007,0.999891,-0.0145086,0.00107866,-0.00246019,0.00511292,0.00563948,0.0013968,0.0330138,0.180465,-1.16764,0.0299581,-0.0392596,-0.0251788,37.5207,1,-0.00349711,-0.0240023,-0.0185396,0.999891,-0.0144829,0.0011069,-0.00245365,0.0886731,-0.19854,-0.0920111,0.0333134,0.180073,-1.1679,0.0299486,-0.0393831,0.0686342
37.5207,0.999892,-0.014467,0.00117838,-0.00245458,0.00364819,0.00990054,0.0013968,0.0332716,0.179631,-1.16751,0.0289751,-0.0372086,-0.0251053,37.5407,1,-0.0118923,-0.0145139,-0.0670205,0.999892,-0.0144486,0.00122793,-0.00244833,0.021244,-0.117979,-0.362816,0.0335613,0.179259,-1.16776,0.0289648,-0.0373317,0.0687077
37.5407,0.999893,-0.0143533,0.00149789,-0.00246149,-0.00141057,0.00830931,-0.00166594,0.0333397,0.177708,-1.16603,0.0268749,-0.0337082,-0.0258168,37.5607,1,-0.0112522,-0.00119323,-0.0183298,0.999893,-0.0143603,0.00153933,-0.0024704,0.0250353,-0.0196419,-0.0890449,0.0336084,0.177371,-1.16629,0.0268618,-0.0338303,0.0679961
37.5607,0.999893,-0.0143694,0.00151046,-0.00247076,-0.00420686,0.00245036,-0.00219859,0.0333204,0.177483,-1.16582,0.0258246,-0.033189,-0.0257734,37.5807,1,-0.0414483,0.0101374,-0.0458251,0.999892,-0.0143904,0.00152261,-0.00248189,-0.216468,0.0734792,-0.242319,0.0335787,0.177151,-1.16608,0.0258115,-0.0333112,0.0680395
37.5807,0.999891,-0.0144631,0.00155583,-0.00245654,-0.00447317,0.00138508,-0.00100017,0.0332198,0.176625,-1.16506,0.0220357,-0.0298625,-0.0257313,37.6007,1,-0.0181114,-0.00602762,-0.0443055,0.999891,-0.0144855,0.00156273,-0.0024616,-0.0286347,-0.0558774,-0.234989,0.0334401,0.176326,-1.16532,0.0220221,-0.0299856,0.0680817
37.6007,0.99989,-0.0145419,0.00153047,-0.00243177,-0.00354063,-0.00460402,0.00179603,0.0329364,0.175653,-1.16411,0.0174858,-0.0286626,-0.0261874,37.6207,1,0.00834963,-0.000773362,-0.0234003,0.99989,-0.0145596,0.00150762,-0.00242243,0.183391,-0.0155415,-0.117405,0.0331112,0.175366,-1.16437,0.0174725,-0.0287863,0.0676256
37.6207,0.99989,-0.0145764,0.00145267,-0.00242923,-0.00633699,-0.0120608,0.000997051,0.0327389,0.175272,-1.16367,0.0154858,-0.0283356,-0.0265397,37.6407,1,-0.0505235,0.0178232,-0.0483388,0.999889,-0.0146083,0.00139253,-0.00242332,-0.28762,0.135633,-0.256055,0.0328938,0.174988,-1.16394,0.0154732,-0.0284596,0.0672733
37.6407,0.999889,-0.0146398,0.00137175,-0.00241647,-0.00806801,-0.00979719,0.00113021,0.0325341,0.174887,-1.16328,0.0135816,-0.0286454,-0.0266288,37.6607,1,0.0183685,0.0494661,-0.0496249,0.999889,-0.0146802,0.00132295,-0.00241004,0.26333,0.390907,-0.260176,0.0326699,0.1746,-1.16354,0.0135696,-0.0287699,0.0671842
37.6607,0.999887,-0.0148207,0.00106616,-0.00241704,-0.00354064,-0.0131261,-0.00206554,0.0319206,0.173728,-1.16234,0.010634,-0.0277039,-0.0281644,37.6807,1,-0.0078123,-0.00631527,-0.0475476,0.999886,-0.0148386,0.00100043,-0.00242637,0.056462,-0.0535491,-0.253288,0.0320269,0.173451,-1.16262,0.0106246,-0.02783,0.0656487
37.6807,0.999886,-0.0148721,0.000703539,-0.00241448,-0.00580431,-0.0192514,-0.00033453,0.0314947,0.172695,-1.16187,0.0103889,-0.029867,-0.029375,37.7007,1,-0.00638613,0.00443056,-0.023154,0.999886,-0.0149014,0.000607338,-0.0024147,0.0679032,0.0324453,-0.115787,0.0315986,0.172396,-1.16216,0.0103826,-0.0299935,0.0644381
37.7007,0.999886,-0.0149003,0.000644394,-0.00240561,-0.00713597,-0.0153898,0.00206233,0.031425,0.172477,-1.1618,0.0106229,-0.0300331,-0.0296994,37.7207,1,-0.0185729,0.027874,-0.00415977,0.999885,-0.0149362,0.000567693,-0.00239413,-0.0299467,0.217953,-0.00756947,0.0315312,0.172177,-1.1621,0.0106171,-0.0301599,0.0641136
37.7207,0.999886,-0.0149216,0.000583607,-0.00239404,-0.00540483,-0.0157893,0.00272815,0.0313632,0.172258,-1.16175,0.0111481,-0.0301347,-0.0300843,37.7407,1,-0.00121623,-0.00964281,-0.0217864,0.999885,-0.0149488,0.000504937,-0.00237921,0.109897,-0.0792237,-0.109397,0.0314747,0.171956,-1.16205,0.0111428,-0.0302617,0.0637288
37.7407,0.999885,-0.0149694,0.000339341,-0.0023587,0.00165312,-0.00553308,0.00366014,0.0309496,0.170711,-1.16098,0.0183445,-0.03236,-0.0321143,37.7607,1,-0.00318209,0.00365631,-0.0371271,0.999885,-0.0149612,0.000311933,-0.00233999,0.0942493,0.0309204,-0.194388,0.031133,0.170388,-1.1613,0.0183413,-0.0324874,0.0616987
37.7607,0.999885,-0.0149482,0.000313707,-0.00235633,0.000854155,-0.00260361,-0.000201451,0.0309241,0.169987,-1.16068,0.0211101,-0.0341764,-0.0321219,37.7807,1,0.0179921,0.0134969,-0.0571281,0.999885,-0.014944,0.000300666,-0.00235714,0.263169,0.112629,-0.305548,0.0311352,0.169645,-1.16101,0.0211071,-0.0343036,0.0616912
37.7807,0.999886,-0.0149378,0.00032088,-0.00235862,0.000188363,0.00312219,0.000464337,0.0309725,0.169477,-1.16053,0.023326,-0.0346841,-0.0324324,37.8007,1,-0.0156808,0.0104259,-0.0356475,0.999886,-0.0149368,0.000336522,-0.00235653,-0.00613221,0.0847972,-0.185561,0.0312057,0.16913,-1.16086,0.023323,-0.0348113,0.0613807
37.8007,0.999886,-0.0148878,0.000400806,-0.00234545,0.00298469,0.00778272,0.000730671,0.0311498,0.168699,-1.16038,0.0270352,-0.0353066,-0.0323768,37.8207,1,0.00591596,0.00390256,-0.0471984,0.999887,-0.0148728,0.000439734,-0.00234238,0.166367,0.0337466,-0.250823,0.0314201,0.168346,-1.1607,0.0270315,-0.0354333,0.0614363
37.8207,0.999889,-0.0146675,0.000856599,-0.00233901,0.00578258,0.0121801,-0.00086732,0.0319222,0.166644,-1.15958,0.0334365,-0.0362467,-0.0334992,37.8407,1,-0.0463814,-0.0243945,-0.0227943,0.99989,-0.0146384,0.000917362,-0.00234427,-0.253249,-0.200169,-0.116783,0.0322566,0.166281,-1.15992,0.0334289,-0.0363715,0.0603139
37.8407,0.99989,-0.0146526,0.000919728,-0.0023336,0.00351889,0.0152428,0.00166269,0.032027,0.166396,-1.15944,0.0337089,-0.0359121,-0.0337481,37.8607,1,-0.00813846,-0.00722854,-0.0549366,0.99989,-0.0146348,0.000996014,-0.00232642,0.0524751,-0.0588804,-0.295198,0.0323641,0.166037,-1.15977,0.0337008,-0.0360368,0.0600649
37.8607,0.99989,-0.014628,0.000985555,-0.0023197,0.00591569,0.0159086,0.00379322,0.0320865,0.16617,-1.15914,0.0339909,-0.0354091,-0.0338832,37.8807,1,-0.00894414,0.00169041,-0.0935348,0.99989,-0.0145983,0.0010653,-0.00230192,0.0456672,0.0164521,-0.510716,0.0324264,0.165816,-1.15948,0.0339822,-0.0355336,0.0599298
37.8807,0.999891,-0.0145309,0.00134721,-0.00233751,0.00525088,0.01924,-0.000334839,0.032465,0.165079,-1.15787,0.0333361,-0.0330019,-0.0342577,37.9007,1,0.0101834,-0.05141,0.00130888,0.999891,-0.0145044,0.00144331,-0.00234061,0.198492,-0.42196,0.0162944,0.0327984,0.164749,-1.15821,0.0333244,-0.0331255,0.0595553
37.9007,0.999891,-0.014504,0.00167886,-0.00230473,-0.00153931,0.012984,0.00192869,0.032911,0.163876,-1.15649,0.0296504,-0.0297651,-0.0354457,37.9207,1,-0.0205969,0.0400066,0.0117546,0.999891,-0.0145116,0.00174393,-0.00229602,-0.049746,0.304858,0.081767,0.0332075,0.163579,-1.15685,0.0296358,-0.0298885,0.0583673
37.9207,0.999891,-0.0145026,0.00171108,-0.00230381,5.86e-05,0.00739132,0.00046396,0.0329466,0.163701,-1.15622,0.0282949,-0.0290892,-0.0356505,37.9407,1,0.00866062,-0.0107668,-0.0526705,0.999891,-0.0145022,0.00174807,-0.00230203,0.186046,-0.0935229,-0.282832,0.0332296,0.16341,-1.15658,0.0282801,-0.0292126,0.0581625
37.9407,0.999891,-0.0144981,0.00173621,-0.00231078,0.000857561,0.00566026,-0.00153342,0.0329768,0.163529,-1.15596,0.0269268,-0.0284305,-0.0355969,37.9607,1,-0.000199162,-0.0308194,-0.0201977,0.999891,-0.0144937,0.00176439,-0.00231887,0.115163,-0.25807,-0.102667,0.033246,0.163245,-1.15632,0.0269117,-0.0285538,0.0582161
37.9607,0.999889,-0.0145829,0.00181167,-0.0023144,-0.00899613,-0.0027287,0.002195,0.0330365,0.162558,-1.15469,0.0187563,-0.0251542,-0.0364091,37.9807,1,0.030975,-0.00996444,0.0102523,0.999889,-0.0146279,0.00179829,-0.00230315,0.364404,-0.0948141,0.0698599,0.0332241,0.162307,-1.15505,0.0187406,-0.0252782,0.0574039
37.9807,0.999888,-0.0147228,0.00168844,-0.00231396,-0.00872985,-0.0145798,0.000463971,0.0329603,0.161979,-1.1541,0.0136031,-0.0229029,-0.0376069,38.0007,1,0.0015739,0.00049987,-0.0143644,0.999887,-0.0147666,0.00161568,-0.00231049,0.130545,-0.00778655,-0.067419,0.0330963,0.16175,-1.15448,0.0135885,-0.0230282,0.0562061
38.0007,0.999887,-0.0147634,0.00162951,-0.0023142,-0.0103277,-0.0152456,-0.000201829,0.0329248,0.161839,-1.15399,0.012146,-0.0226236,-0.0380916,38.0207,1,-0.0027892,0.00699937,-0.0750905,0.999886,-0.0148152,0.00155339,-0.002314,0.0963086,0.0518068,-0.406984,0.0330463,0.161612,-1.15437,0.0121318,-0.0227492,0.0557215
38.0207,0.999886,-0.0148724,0.00136892,-0.00230274,-0.00580001,-0.0181726,0.0024612,0.0325719,0.161289,-1.15323,0.00731343,-0.0230023,-0.0390595,38.0407,1,0.00491174,-0.0011893,-0.0659056,0.999886,-0.0149016,0.00127831,-0.00228905,0.158752,-0.0125088,-0.356224,0.032645,0.161059,-1.15362,0.00730149,-0.0231289,0.0547536
38.0407,0.999883,-0.0150686,0.0010044,-0.0022669,-0.0109931,-0.026029,0.000597017,0.0320471,0.160562,-1.15239,0.00576567,-0.0234573,-0.0397008,38.0607,1,0.000643659,0.0045244,-0.0758099,0.999883,-0.0151239,0.000874437,-0.0022619,0.125877,0.0373295,-0.411443,0.0321047,0.160327,-1.15279,0.00575683,-0.0235855,0.0541123
38.0607,0.999882,-0.0151786,0.00062827,-0.00225244,-0.00353635,-0.0199037,0.000863351,0.03168,0.159935,-1.15196,0.00503231,-0.0250753,-0.0409,38.0807,1,0.0028237,-0.00682792,-0.0617267,0.999882,-0.0151965,0.000528869,-0.00224661,0.144214,-0.0520871,-0.33361,0.0317303,0.159684,-1.15237,0.00502667,-0.0252045,0.0529131
38.0807,0.999882,-0.0151752,0.000549435,-0.00224173,0.000724781,-0.02017,0.00246127,0.0315949,0.159764,-1.15189,0.00500581,-0.0259364,-0.0412173,38.1007,1,-0.0139147,0.0048969,-0.0858973,0.999882,-0.0151718,0.000448775,-0.0022279,0.00992471,0.0449703,-0.468089,0.0316449,0.159504,-1.1523,0.00500085,-0.0260655,0.0525959
38.1007,0.999882,-0.0152135,0.000230754,-0.00221895,-0.00579995,-0.0156426,0.000596961,0.031305,0.158787,-1.1517,0.0094663,-0.0300099,-0.0427258,38.1207,1,0.0624495,-0.0229306,-0.0793258,0.999881,-0.0152426,0.00015266,-0.00221477,0.621144,-0.174496,-0.433685,0.0313996,0.158487,-1.15213,0.00946405,-0.0301393,0.0510874
38.1207,0.999882,-0.0151923,2.88499e-05,-0.0022065,0.00724977,-0.0133769,-0.000335194,0.0311621,0.157901,-1.15127,0.0133084,-0.0325666,-0.0433983,38.1407,1,-0.0119095,-0.0351812,-0.0313632,0.999883,-0.0151562,-3.81324e-05,-0.00220716,0.0267583,-0.278045,-0.166267,0.0312952,0.157575,-1.1517,0.0133079,-0.0326959,0.0504149
38.1407,0.999883,-0.0151586,4.18142e-06,-0.00219983,0.00831505,-0.00658587,0.00166215,0.0311455,0.157666,-1.15115,0.014515,-0.0332044,-0.0434846,38.1607,1,-0.0161588,0.060574,-0.0457241,0.999883,-0.0151171,-2.87095e-05,-0.00219102,-0.00941693,0.489763,-0.238601,0.0312906,0.157334,-1.15159,0.0145147,-0.0333334,0.0503286
38.1607,0.999885,-0.0149923,9.55733e-06,-0.00218897,0.0097798,0.00326782,-0.000734709,0.0312076,0.156656,-1.15081,0.019082,-0.0364723,-0.0435298,38.1807,1,0.0339279,0.0269708,-0.0390275,0.999886,-0.0149434,2.57325e-05,-0.00219289,0.390657,0.22094,-0.204025,0.0313984,0.156291,-1.15124,0.0190816,-0.0365999,0.0502833
38.1807,0.999886,-0.0149184,9.46539e-05,-0.00218873,0.00711663,0.00846099,0.000197409,0.0314076,0.15583,-1.15067,0.0234978,-0.0376519,-0.0438408,38.2007,1,-0.0106358,-0.00132617,-0.0258981,0.999887,-0.0148828,0.000136891,-0.00218837,0.0342669,-0.00846041,-0.132877,0.0316426,0.155454,-1.15111,0.0234968,-0.0377788,0.0499723
38.2007,0.999892,-0.0145504,0.000388064,-0.00215174,0.0155065,0.0143223,0.00352626,0.0319577,0.153984,-1.14989,0.029146,-0.0378984,-0.0449579,38.2207,1,0.0274032,0.0356085,-0.0625615,0.999893,-0.0144728,0.000459758,-0.00213518,0.334841,0.289496,-0.335332,0.0322492,0.153605,-1.15034,0.0291424,-0.0380222,0.0488551
38.2207,0.999893,-0.0144995,0.000459348,-0.00213211,0.0125769,0.017385,0.0052573,0.0320753,0.153711,-1.14983,0.0297216,-0.0380601,-0.0449663,38.2407,1,0.0174599,-0.00452074,-0.0308865,0.999893,-0.0144364,0.000546511,-0.00210711,0.255776,-0.0359539,-0.161336,0.0323725,0.15333,-1.15028,0.0297174,-0.0381835,0.0488467
38.2407,0.999893,-0.0144677,0.000534735,-0.0021237,0.00778329,0.0184503,0.00246101,0.0322012,0.153437,-1.14978,0.0302761,-0.0378147,-0.0451569,38.2607,1,-0.0151321,-0.00542186,-0.0147756,0.999893,-0.0144286,0.000627072,-0.00211275,-0.00517453,-0.046194,-0.0713291,0.032504,0.153058,-1.15023,0.0302713,-0.0379378,0.0486561
38.2607,0.999894,-0.0143754,0.000902794,-0.0021277,0.00618647,0.0167216,-0.00060188,0.032753,0.152225,-1.14915,0.0324344,-0.0333371,-0.045667,38.2807,1,-0.0179828,0.00801096,-0.0806551,0.999894,-0.0143443,0.000986283,-0.00213193,-0.028795,0.065853,-0.439193,0.0330774,0.151892,-1.14961,0.0324264,-0.0334594,0.0481459
38.2807,0.999895,-0.0142637,0.00120381,-0.0021399,0.000194355,0.0131263,0.000729695,0.0333652,0.151155,-1.14871,0.030027,-0.0303084,-0.0461067,38.3007,1,0.0220485,-0.00283244,-0.0425312,0.999895,-0.0142626,0.00126948,-0.00213719,0.290805,-0.0270459,-0.226258,0.0336654,0.150852,-1.14917,0.0300165,-0.0304297,0.0477062
38.3007,0.999895,-0.0142675,0.00126189,-0.00213129,-0.00113722,0.0140584,0.00246076,0.0334841,0.150953,-1.14865,0.0291145,-0.0295778,-0.0462934,38.3207,1,-0.0139195,-0.0389501,0.0274233,0.999895,-0.014273,0.00133236,-0.00211998,0.00304186,-0.325018,0.162264,0.0337752,0.150657,-1.14912,0.0291035,-0.0296992,0.0475195
38.3207,0.999895,-0.0142777,0.00131616,-0.00212633,-0.00273517,0.0131263,0.00152866,0.0335994,0.150756,-1.14861,0.0282649,-0.0285464,-0.0465971,38.3407,1,0.00574623,0.00359881,-0.0174306,0.999895,-0.0142912,0.00138192,-0.00211961,0.160289,0.0203487,-0.0853659,0.0338821,0.150471,-1.14908,0.0282534,-0.0286679,0.0472158
38.3407,0.999894,-0.014358,0.00148142,-0.00212847,-0.00593013,0.00900044,0.000862649,0.0338727,0.150114,-1.14809,0.0251718,-0.0240024,-0.0476512,38.3607,1,-0.0234297,-0.0303291,-0.112204,0.999893,-0.0143875,0.00152654,-0.00212476,-0.0715185,-0.241885,-0.619073,0.0341244,0.149874,-1.14857,0.0251589,-0.0241246,0.0461618
38.3607,0.999891,-0.0145205,0.00156063,-0.00211831,-0.0112559,-0.000186009,-0.00206707,0.0340332,0.149485,-1.14735,0.0203049,-0.0211122,-0.0479723,38.3807,1,0.0287784,-0.00292404,-0.0808289,0.99989,-0.0145768,0.00155966,-0.00212854,0.346996,-0.0259516,-0.44076,0.0342362,0.149274,-1.14783,0.0202914,-0.0212358,0.0458407
38.3807,0.99989,-0.014612,0.00152804,-0.00210622,-0.0127206,-0.00644449,0.000995583,0.0340576,0.149253,-1.14712,0.018029,-0.0202647,-0.0482365,38.4007,1,-0.0275772,-0.0369202,-0.0391001,0.999889,-0.0146757,0.00149603,-0.00210067,-0.102811,-0.303425,-0.21042,0.0342379,0.149051,-1.1476,0.0180157,-0.020389,0.0455765
38.4007,0.999889,-0.0146674,0.00150981,-0.00210144,-0.0140522,-0.00511283,0.00126185,0.0340623,0.149139,-1.14702,0.0168581,-0.0200279,-0.0483942,38.4207,1,0.03288,0.0160811,-0.0574814,0.999888,-0.0147377,0.00148449,-0.00209465,0.380501,0.123882,-0.30852,0.0342309,0.148939,-1.1475,0.0168449,-0.0201526,0.0454189
38.4207,0.999886,-0.0148691,0.00133999,-0.00211364,-0.00859272,-0.0115045,-0.00126813,0.0340248,0.148567,-1.14672,0.0128699,-0.0199615,-0.0488183,38.4407,1,-0.0258453,0.00663677,-0.0185656,0.999886,-0.0149122,0.00128247,-0.00211907,-0.087762,0.0441453,-0.0917669,0.0341535,0.148367,-1.14721,0.0128582,-0.020088,0.0449948
38.4407,0.999883,-0.015106,0.00109127,-0.00209397,-0.0075275,-0.0168308,0.000729323,0.0340001,0.147925,-1.14672,0.0121292,-0.0216967,-0.0497217,38.4607,1,-0.00666842,-0.0117774,-0.0555891,0.999883,-0.0151438,0.00100726,-0.00208901,0.0679918,-0.0963181,-0.300592,0.0341214,0.147708,-1.14721,0.0121196,-0.0218252,0.0440914
38.4607,0.999883,-0.015134,0.00103426,-0.00207894,-0.00712798,-0.0147003,0.0036587,0.0340023,0.147784,-1.14675,0.0119375,-0.0221968,-0.0496267,38.4807,1,0.0144557,0.0175387,-0.0910206,0.999882,-0.0151698,0.000961116,-0.0020595,0.236632,0.143316,-0.496495,0.0341217,0.147562,-1.14725,0.0119284,-0.0223256,0.0441864
38.4807,0.999882,-0.0151751,0.000904352,-0.00206513,-0.00273375,-0.0154992,0.000995606,0.0340122,0.147485,-1.14685,0.0115924,-0.0232782,-0.0497366,38.5007,1,-0.00835154,0.0132047,-0.00408866,0.999882,-0.0151889,0.000826969,-0.00205896,0.0543918,0.0987495,-0.0102508,0.0341282,0.147252,-1.14734,0.0115844,-0.0234073,0.0440765
38.5007,0.999882,-0.0152277,0.000657085,-0.00202413,-0.00353247,-0.00790876,0.0028595,0.034161,0.146415,-1.14712,0.0153229,-0.0281874,-0.0506799,38.5207,1,-0.00414561,-0.0258948,-0.0593564,0.999882,-0.0152454,0.0006178,-0.00200922,0.0891353,-0.205216,-0.323269,0.0343142,0.146133,-1.14763,0.015317,-0.0283169,0.0431333
38.5207,0.999883,-0.0151714,0.000562062,-0.00201394,0.0064544,-0.00537877,0.000862132,0.0345533,0.145368,-1.1472,0.0208818,-0.0311458,-0.0504486,38.5407,1,-0.0211601,-0.0169051,-0.00401242,0.999883,-0.0151391,0.000535171,-0.00200924,-0.0476448,-0.139574,-0.0126959,0.0347621,0.145056,-1.14771,0.0208768,-0.0312749,0.0433646
38.5407,0.999883,-0.0151355,0.000548312,-0.00201078,0.00885125,-0.00364772,0.00086214,0.0346623,0.14514,-1.14725,0.0214532,-0.0320741,-0.050463,38.5607,1,0.03442,-0.0139513,-0.0144743,0.999884,-0.0150913,0.000530052,-0.00200622,0.396604,-0.113674,-0.0708717,0.0348768,0.144819,-1.14775,0.0214483,-0.0322029,0.0433501
38.5607,0.999885,-0.0150586,0.000551562,-0.00200435,0.00938388,-0.000185616,0.000728971,0.0349047,0.144659,-1.14737,0.0230675,-0.033721,-0.0506952,38.5807,1,0.0159059,-0.0145009,-0.118052,0.999885,-0.0150117,0.000550595,-0.00200071,0.247584,-0.105898,-0.651043,0.0351353,0.144322,-1.14788,0.0230625,-0.0338492,0.0431179
38.5807,0.999887,-0.0148586,0.000731174,-0.00200616,0.00845273,0.0117995,-0.0014018,0.0356378,0.143428,-1.14744,0.0279768,-0.0349406,-0.0507097,38.6007,1,-0.00111321,-0.0364493,0.0218444,0.999888,-0.0148162,0.000789976,-0.00201408,0.110314,-0.30002,0.130502,0.0359175,0.143078,-1.14795,0.0279703,-0.0350671,0.0431034
38.6007,0.999889,-0.0147386,0.000899351,-0.00201186,0.00871964,0.00980273,-0.00046999,0.036333,0.1425,-1.14715,0.0304137,-0.0339904,-0.0509055,38.6207,1,-0.00575615,-0.0173874,-0.0152438,0.99989,-0.0146949,0.000948237,-0.00201497,0.0722204,-0.144572,-0.0755567,0.0366371,0.14216,-1.14766,0.0304058,-0.0341158,0.0429075
38.6207,0.99989,-0.0146827,0.000936019,-0.00201289,0.0137796,0.00900381,6.26088e-05,0.0365179,0.142272,-1.14708,0.0306638,-0.0338069,-0.0507045,38.6407,1,-0.0438868,0.0174214,0.0291836,0.999891,-0.0146137,0.000980899,-0.00201331,-0.234274,0.127744,0.175867,0.0368246,0.141933,-1.14759,0.0306556,-0.0339318,0.0431086
38.6407,0.999891,-0.0145635,0.00108755,-0.00201169,0.00592333,0.0140638,0.00325844,0.0370953,0.141591,-1.14695,0.0308948,-0.0330905,-0.0506172,38.6607,1,-0.0113749,0.00990578,-0.00543997,0.999892,-0.0145337,0.00115804,-0.00199645,0.0253915,0.0709891,-0.0184579,0.0374042,0.14126,-1.14745,0.0308852,-0.0332144,0.0431958
38.6607,0.999892,-0.0144738,0.00130165,-0.00200679,0.00645595,0.011667,0.000861544,0.0378846,0.140711,-1.14682,0.0309528,-0.031236,-0.0508669,38.6807,1,0.0295328,-0.0112897,-0.0461903,0.999893,-0.0144414,0.00135998,-0.00200337,0.352508,-0.0948822,-0.248117,0.0381941,0.140399,-1.14733,0.0309414,-0.0313591,0.0429461
38.6807,0.999893,-0.0144347,0.00142705,-0.0019937,0.00033145,0.00940416,-0.00100288,0.038453,0.140138,-1.14662,0.0301433,-0.0284704,-0.0511053,38.7007,1,-0.0282788,-0.0303423,-0.0743478,0.999893,-0.0144329,0.00147399,-0.00199939,-0.109815,-0.245953,-0.407858,0.0387544,0.139853,-1.14713,0.0301309,-0.0285932,0.0427076
38.7007,0.999892,-0.0144517,0.00148718,-0.00199818,-0.00486169,0.00767313,0.000861328,0.0388299,0.139781,-1.14656,0.0291794,-0.0271541,-0.0512458,38.7207,1,-0.0378075,-0.00946982,-0.00332049,0.999892,-0.0144759,0.00152566,-0.00199439,-0.186712,-0.0878593,-0.00849273,0.0391217,0.13951,-1.14707,0.0291665,-0.027277,0.0425672
38.7207,0.999892,-0.0144522,0.0015149,-0.00199426,-0.000334343,0.006741,0.00126079,0.039016,0.139609,-1.14654,0.0287079,-0.0265796,-0.0511849,38.7407,1,-0.00697275,0.00478762,-0.00787487,0.999892,-0.0144538,0.0015487,-0.00198844,0.0598527,0.0269777,-0.0325991,0.0393031,0.139343,-1.14705,0.0286947,-0.0267025,0.0426281
38.7407,0.999892,-0.0144527,0.00153567,-0.00199075,-0.00033435,0.00500995,0.00112765,0.0392,0.13944,-1.14654,0.0280772,-0.0257127,-0.051437,38.7607,1,0.0330464,-0.00577944,-0.0431225,0.999892,-0.0144543,0.0015608,-0.00198548,0.380414,-0.0529853,-0.230512,0.0394808,0.139183,-1.14705,0.0280638,-0.0258356,0.042376
38.7607,0.999891,-0.0145319,0.00162512,-0.00199824,-0.00632645,0.00447732,0.00139399,0.0400739,0.138661,-1.14669,0.0249801,-0.0226356,-0.0518413,38.7807,1,-0.0186516,-0.0150863,0.0130233,0.999891,-0.0145635,0.00164767,-0.00199155,-0.0329125,-0.135485,0.0827113,0.0403237,0.138434,-1.14721,0.024966,-0.0227593,0.0419717
38.7807,0.999889,-0.0146796,0.00164875,-0.00198315,-0.00938909,-0.00231374,0.000328724,0.0407271,0.138085,-1.14701,0.0224625,-0.0213146,-0.0525448,38.8007,1,0.0195764,-0.0102994,-0.0418436,0.999888,-0.0147265,0.0016373,-0.00198126,0.274614,-0.090337,-0.223871,0.0409517,0.137872,-1.14753,0.0224482,-0.0214395,0.0412682
38.8007,0.999888,-0.014732,0.0016332,-0.0019794,-0.0132507,-0.00404482,0.000994457,0.040881,0.137945,-1.14711,0.0218013,-0.0211459,-0.0526792,38.8207,1,-0.00405425,-0.00640347,-0.0541482,0.999887,-0.0147983,0.00161319,-0.00197402,0.0860583,-0.0579506,-0.292693,0.0410991,0.137734,-1.14764,0.0217871,-0.0212713,0.0411338
38.8207,0.999887,-0.0148533,0.00156238,-0.00197093,-0.00645963,-0.00923795,0.00299189,0.0413025,0.137541,-1.14736,0.0200071,-0.0206852,-0.0528519,38.8407,1,0.0180845,-0.00446652,-0.0310661,0.999886,-0.0148857,0.00151648,-0.00195524,0.263866,-0.0442423,-0.163134,0.0415026,0.137334,-1.14789,0.0199935,-0.0208116,0.0409612
38.8407,0.999886,-0.0149045,0.00148281,-0.00197452,-0.00472799,-0.0080385,0.000461605,0.0416552,0.137129,-1.14746,0.0184657,-0.0227404,-0.0526922,38.8607,1,-0.0162051,-0.0356099,-0.00333381,0.999886,-0.0149282,0.00144271,-0.00197158,-0.00988017,-0.296559,-0.0107252,0.0418398,0.136901,-1.14799,0.0184528,-0.0228672,0.0411209
38.8607,0.999883,-0.0150967,0.00142791,-0.00197248,-0.0033964,-0.00470956,0.00166006,0.042407,0.136157,-1.14792,0.0199958,-0.0248811,-0.0526964,38.8807,1,-0.0155505,0.0522915,-0.00448577,0.999883,-0.0151137,0.00140452,-0.0019638,-0.00457121,0.407173,-0.00979163,0.042607,0.135908,-1.14845,0.0199834,-0.0250095,0.0411168
38.8807,0.999883,-0.0151072,0.00139247,-0.00197801,-0.00273062,-0.00897061,-0.00140258,0.0425475,0.135984,-1.14803,0.0200593,-0.0252935,-0.0529251,38.9007,1,-0.0184083,-0.00478613,-6.31979e-05,0.999883,-0.0151209,0.00134754,-0.00198433,-0.0263369,-0.0497059,0.0101726,0.0427481,0.135731,-1.14856,0.0200472,-0.025422,0.0408881
38.9007,0.999883,-0.0150989,0.00126538,-0.00198201,0.00179673,-0.00883746,0.000328483,0.0429818,0.135427,-1.14842,0.02,-0.027726,-0.0529527,38.9207,1,-0.00233804,-0.013693,-0.000569149,0.999883,-0.01509,0.00122121,-0.00197971,0.1023,-0.119621,0.00673695,0.0431818,0.13515,-1.14895,0.019989,-0.0278545,0.0408604
38.9207,0.999885,-0.0149933,0.0013105,-0.00196387,0.00485992,0.000483533,0.00179289,0.044134,0.133908,-1.14881,0.0247494,-0.0331199,-0.0524902,38.9407,1,-0.0184284,-0.0147111,-0.0235233,0.999885,-0.0149689,0.001313,-0.00195498,-0.027053,-0.125622,-0.122094,0.0443815,0.133577,-1.14933,0.024738,-0.0332474,0.0413228
38.9407,0.999885,-0.014976,0.00130432,-0.0019566,0.00419413,-0.00164698,0.00192605,0.0443346,0.133669,-1.14888,0.0257095,-0.033513,-0.0524388,38.9607,1,0.000668683,-0.00131729,-0.0281125,0.999885,-0.014955,0.00129618,-0.00194688,0.125423,-0.0175889,-0.146565,0.0445917,0.133334,-1.14941,0.0256982,-0.0336404,0.0413743
38.9607,0.999886,-0.0149433,0.00130761,-0.00195374,0.00805571,0.000749867,0.00086079,0.0445422,0.133426,-1.14897,0.0262354,-0.0336911,-0.052428,38.9807,1,-0.00938231,0.00736837,-0.0439313,0.999886,-0.014903,0.00131134,-0.00194955,0.0447168,0.0535954,-0.23451,0.0448045,0.133089,-1.14949,0.026224,-0.0338182,0.0413851
38.9807,0.999889,-0.0146736,0.00143348,-0.00193436,0.0113847,0.00647565,0.000328139,0.0460865,0.131639,-1.14981,0.0281692,-0.0359097,-0.0526016,39.0007,1,-0.0130207,0.0154032,-0.0901999,0.99989,-0.0146166,0.00146577,-0.00193327,0.0135285,0.12218,-0.493117,0.0463682,0.13128,-1.15033,0.0281568,-0.0360346,0.0412114
39.0007,0.999892,-0.0144929,0.00157206,-0.0019073,0.00645922,0.00887333,0.00272479,0.0470078,0.130678,-1.14991,0.0306655,-0.0354972,-0.0519055,39.0207,1,-0.00768506,0.013351,-0.0230819,0.999892,-0.0144605,0.00161656,-0.00189437,0.0545109,0.0967839,-0.117552,0.0473145,0.130323,-1.15043,0.0306519,-0.0356205,0.0419075
39.0207,0.999892,-0.0144514,0.00163687,-0.00189926,0.00539395,0.00660965,0.00165949,0.0474989,0.130197,-1.15001,0.0311797,-0.0351457,-0.0512661,39.0407,1,0.0263301,0.0428112,-0.0143631,0.999893,-0.0144243,0.00166999,-0.00189148,0.325608,0.331437,-0.0660975,0.0478107,0.129845,-1.15053,0.0311656,-0.0352687,0.0425469
39.0407,0.999894,-0.0143706,0.00174026,-0.00187655,0.00832342,0.0087402,0.0053879,0.0482239,0.129521,-1.1501,0.0306524,-0.0331157,-0.0513236,39.0607,1,-0.0221517,-0.0602929,-0.0169413,0.999894,-0.0143288,0.00178427,-0.00185031,-0.0613429,-0.494568,-0.0894437,0.0485305,0.12919,-1.15062,0.0306374,-0.033238,0.0424893
39.0607,0.999895,-0.0142238,0.00192773,-0.00186598,0.00393057,0.00834163,0.00125973,0.0493602,0.128538,-1.15002,0.0291518,-0.0311658,-0.0506239,39.0807,1,-0.0144308,0.0313129,0.0269677,0.999895,-0.0142041,0.00196948,-0.00186031,-0.00263627,0.231786,0.163781,0.0496517,0.128226,-1.15053,0.0291352,-0.0312869,0.0431891
39.0807,0.999895,-0.0142354,0.00199701,-0.00185463,-0.00179524,0.00541215,0.000727074,0.0500252,0.127971,-1.15008,0.0276704,-0.0293821,-0.0497743,39.1007,1,0.00852132,0.00224484,0.0177555,0.999895,-0.0142444,0.00202413,-0.00185136,0.181708,8.82693e-05,0.110078,0.0503019,0.127677,-1.15058,0.0276532,-0.0295032,0.0440387
39.1007,0.999895,-0.0142454,0.00201912,-0.00185737,-0.00272733,0.00541216,-0.000471323,0.0502391,0.12779,-1.15012,0.0268318,-0.0284773,-0.0498519,39.1207,1,-0.0354024,0.00460884,-0.0258207,0.999894,-0.014259,0.00204617,-0.00186008,-0.168988,0.0231461,-0.134222,0.0505074,0.127506,-1.15062,0.0268144,-0.0285985,0.043961
39.1207,0.999894,-0.0143157,0.00202976,-0.00186807,-0.0019284,-0.00377575,0.000727069,0.0514158,0.12683,-1.15057,0.0220705,-0.0244116,-0.0507924,39.1407,1,-0.0231367,-0.0223538,0.0193472,0.999894,-0.0143254,0.00201095,-0.00186415,-0.0706094,-0.197599,0.116732,0.0516365,0.126586,-1.15108,0.022053,-0.0245334,0.0430206
39.1407,0.999892,-0.014444,0.00195997,-0.00185457,-0.0096501,-0.00816854,0.000993183,0.052138,0.126192,-1.15065,0.018941,-0.022926,-0.0510587,39.1607,1,0.00578891,0.0464494,-0.0971759,0.999891,-0.0144923,0.00191929,-0.00184892,0.162019,0.367281,-0.52998,0.0523274,0.125962,-1.15116,0.0189241,-0.0230489,0.0427543
39.1607,0.999891,-0.0145282,0.00187921,-0.00185394,-0.011248,-0.0101659,0.000859997,0.052397,0.125958,-1.15069,0.0181041,-0.0218091,-0.0508237,39.1807,1,0.0102623,0.0370012,-0.0158324,0.99989,-0.0145845,0.00182855,-0.0018488,0.197904,0.282949,-0.0751604,0.052578,0.12574,-1.1512,0.0180879,-0.0219327,0.0429893
39.1807,0.999891,-0.0145653,0.00184252,-0.00185473,-0.00951696,-0.00936694,-0.000205301,0.0525242,0.125846,-1.15073,0.0177436,-0.0214604,-0.0508438,39.2007,1,-0.000248607,0.0106246,0.0813386,0.99989,-0.0146129,0.00179576,-0.00185499,0.112784,0.0608158,0.466662,0.0527017,0.125631,-1.15124,0.0177277,-0.0215843,0.0429692
39.2007,0.999889,-0.0146725,0.00164527,-0.00182453,-0.00272589,-0.00683695,0.00365628,0.0532632,0.125134,-1.15114,0.0165911,-0.0226151,-0.0496246,39.2207,1,0.0251561,0.0223367,-0.0335297,0.999889,-0.0146862,0.00161139,-0.00180572,0.318589,0.169829,-0.175473,0.0534291,0.124908,-1.15164,0.0165769,-0.0227399,0.0441885
39.2207,0.999888,-0.0147859,0.00150629,-0.00180659,-0.0113812,-0.00736961,0.00179201,0.0537967,0.124595,-1.15156,0.0181903,-0.0228791,-0.0489748,39.2407,1,-0.01554,-0.0061877,0.00653114,0.999887,-0.0148428,0.00146968,-0.001797,-0.00602731,-0.0625416,0.0460421,0.0539786,0.124366,-1.15205,0.0181772,-0.0230049,0.0448383
39.2407,0.999887,-0.0148274,0.00148065,-0.00180737,-0.0105822,-0.00657063,-0.000205254,0.0539411,0.124455,-1.15169,0.0184481,-0.0230901,-0.0491751,39.2607,1,-0.0395058,-0.0029853,-0.0651978,0.999887,-0.0148804,0.00144788,-0.00180783,-0.196922,-0.0285279,-0.35555,0.0541256,0.124224,-1.15218,0.0184353,-0.0232162,0.044638
39.2607,0.999887,-0.0148416,0.00140037,-0.00182587,0.00313307,-0.00470641,-0.00246897,0.0545601,0.12387,-1.15225,0.0203196,-0.0242056,-0.0489353,39.2807,1,-0.012123,0.00252484,-0.067478,0.999887,-0.014826,0.00137663,-0.00183789,0.0221987,0.0168546,-0.367518,0.0547633,0.123628,-1.15274,0.0203074,-0.0243318,0.0448778
39.2807,0.999887,-0.0148614,0.00145102,-0.00182505,-0.00179174,0.00341762,0.00139199,0.0555642,0.123034,-1.15199,0.0248692,-0.026691,-0.0475188,39.3007,1,-0.0104701,-0.0247339,-0.0426901,0.999887,-0.0148703,0.00146823,-0.00181833,0.0358454,-0.20452,-0.230974,0.0558129,0.122767,-1.15247,0.0248566,-0.0268174,0.0462942
39.3007,0.999887,-0.0148621,0.00146921,-0.00182202,-0.000460178,0.00434972,0.000992517,0.0557479,0.122891,-1.15189,0.0256493,-0.0266646,-0.0471562,39.3207,1,-0.0347522,0.0211997,-0.0649797,0.999887,-0.0148643,0.00149103,-0.00181737,-0.158985,0.165079,-0.352193,0.0560044,0.122625,-1.15236,0.0256366,-0.0267911,0.0466568
39.3207,0.999887,-0.0148353,0.00152073,-0.00182897,0.00246931,0.00741235,-0.00140432,0.0561304,0.122615,-1.15159,0.0269411,-0.0267426,-0.0465586,39.3407,1,0.0147482,0.0013319,0.012481,0.999887,-0.0148229,0.00155766,-0.00183656,0.236461,-0.00277501,0.080362,0.0563998,0.122347,-1.15205,0.026928,-0.0268688,0.0472545
39.3407,0.999888,-0.0147653,0.00172989,-0.00184207,0.00113839,0.0115406,-0.00167098,0.0571435,0.121921,-1.15073,0.0281627,-0.0270661,-0.0452857,39.3607,1,0.0137288,-0.0162283,0.00417401,0.999888,-0.0147595,0.00178746,-0.00185129,0.228093,-0.143939,0.0324761,0.0574251,0.121651,-1.15118,0.0281477,-0.0271917,0.0485273
39.3607,0.999888,-0.0146987,0.00196121,-0.00187438,0.00273631,0.00807848,-0.00207048,0.0584388,0.121044,-1.1501,0.0276747,-0.025681,-0.0451578,39.3807,1,0.0104047,0.0178752,-0.0503435,0.999888,-0.014685,0.00200142,-0.00188535,0.201165,0.133395,-0.269826,0.0587156,0.120787,-1.15056,0.0276578,-0.0258061,0.0486553
39.3807,0.999889,-0.0146777,0.00198977,-0.00187854,0.00499999,0.00701322,-0.000738858,0.0586522,0.120899,-1.15004,0.0273873,-0.0254717,-0.0453304,39.4007,1,-0.0030244,0.0175993,-0.056299,0.999889,-0.0146526,0.00202473,-0.00188279,0.0936555,0.131453,-0.303325,0.0589261,0.120644,-1.1505,0.0273701,-0.0255966,0.0484826
39.4007,0.999889,-0.0146609,0.00211033,-0.00187378,-6.00297e-05,0.0090106,-0.0012715,0.0592774,0.120468,-1.14993,0.0256768,-0.0247486,-0.0455174,39.4207,1,-0.00390388,0.0158914,-0.0370794,0.999888,-0.0146611,0.00215528,-0.0018808,0.086351,0.114539,-0.195878,0.0595342,0.12022,-1.15038,0.0256586,-0.0248734,0.0482956
39.4207,0.999888,-0.014704,0.00223206,-0.0018983,-0.00378845,0.00408374,-0.00113834,0.0602339,0.119795,-1.14995,0.0226901,-0.0212572,-0.0464214,39.4407,1,-0.0146634,-0.0166987,0.00286097,0.999887,-0.014723,0.00225243,-0.00190425,0.000510856,-0.151986,0.0250892,0.0604608,0.119582,-1.15042,0.0226709,-0.0213822,0.0473917
39.4407,0.999887,-0.0147362,0.00224275,-0.00191376,-0.00112528,-0.000709941,-0.00300256,0.0607551,0.119438,-1.1501,0.0198221,-0.0200896,-0.0469015,39.4607,1,0.0177598,0.0509975,-0.0211029,0.999887,-0.0147418,0.00223899,-0.00192871,0.259351,0.392782,-0.103032,0.0609533,0.119237,-1.15057,0.0198027,-0.020215,0.0469116
39.4607,0.999887,-0.0147711,0.00221635,-0.00192876,-0.00352212,-0.00310679,-0.00233678,0.0610633,0.119202,-1.15026,0.0174786,-0.0198523,-0.0476496,39.4807,1,0.0138876,0.00520105,-0.0317871,0.999886,-0.0147888,0.00220068,-0.00194018,0.229668,0.0278543,-0.166591,0.0612381,0.119003,-1.15074,0.0174595,-0.0199779,0.0461635
39.4807,0.999886,-0.0148216,0.00218242,-0.00191979,-0.00671608,-0.00576938,0.00245662,0.0613158,0.119042,-1.15013,0.0152371,-0.0195842,-0.0480593,39.5007,1,0.000484058,0.0400686,0.00607968,0.999885,-0.0148552,0.00215382,-0.00190701,0.121626,0.302354,0.048116,0.0614682,0.118846,-1.15061,0.0152183,-0.0197103,0.0457538
39.5007,0.999885,-0.0149426,0.00204456,-0.00190186,-0.00538447,-0.00883205,0.000858707,0.0618452,0.118632,-1.15002,0.0116526,-0.0186481,-0.0482807,39.5207,1,-0.0152444,-0.00664107,0.0657702,0.999884,-0.0149696,0.00200052,-0.00189685,-0.00365059,-0.0775353,0.378166,0.0619617,0.118445,-1.1505,0.0116349,-0.0187752,0.0455324
39.5207,0.999883,-0.0150564,0.00179078,-0.00187853,-0.00778135,-0.0132262,0.00258975,0.0622667,0.118211,-1.15019,0.00883875,-0.0185349,-0.048897,39.5407,1,-0.0062926,0.0206479,-0.0505331,0.999883,-0.0150955,0.00172492,-0.00186452,0.0703483,0.156851,-0.270771,0.0623551,0.118025,-1.15068,0.00882327,-0.018663,0.0449161
39.5407,0.999883,-0.0150971,0.00165138,-0.00188801,-0.00578399,-0.0198841,-0.00113867,0.062412,0.118019,-1.15034,0.0077176,-0.0196215,-0.0490279,39.5607,1,-0.0280996,0.00565477,-0.0154218,0.999883,-0.0151263,0.00155194,-0.00189215,-0.103939,0.033467,-0.0755665,0.0624892,0.117822,-1.15083,0.0077033,-0.01975,0.0447852
39.5607,0.999883,-0.015143,0.00149168,-0.00188493,-0.00258668,-0.0110952,-0.000872647,0.062584,0.117785,-1.15017,0.00776891,-0.0203905,-0.0488937,39.5807,1,0.0148593,-0.0119734,0.0424253,0.999882,-0.015156,0.00143617,-0.00188843,0.239547,-0.112612,0.247207,0.0626616,0.117581,-1.15066,0.00775597,-0.0205194,0.0449194
39.5807,0.999882,-0.0151643,0.00130456,-0.00187389,-0.000456148,-0.0134921,0.000192606,0.0628747,0.117409,-1.1501,0.010387,-0.0219879,-0.048361,39.6007,1,-0.0404536,0.0029768,-0.0186576,0.999882,-0.0151667,0.00123713,-0.0018719,-0.202247,0.0150425,-0.0940299,0.0629786,0.117189,-1.15058,0.0103757,-0.0221169,0.0454521
39.6007,0.999883,-0.015153,0.00112035,-0.00186588,0.00313909,-0.00816575,-0.000739492,0.0632525,0.116951,-1.15019,0.0119285,-0.0236004,-0.0482768,39.6207,1,-0.0448954,-0.00459918,0.0161789,0.999883,-0.0151374,0.00107944,-0.00186897,-0.238113,-0.0483731,0.100356,0.0633718,0.116715,-1.15067,0.0119187,-0.0237293,0.0455363
39.6207,0.999883,-0.0151438,0.00109917,-0.00186369,0.00207383,-0.00536942,0.000592089,0.0633572,0.116824,-1.15024,0.0126299,-0.0240539,-0.0481453,39.6407,1,-0.00295783,0.0157656,-0.00662993,0.999883,-0.0151335,0.00107235,-0.00186033,0.0972959,0.118077,-0.0253694,0.0634835,0.116583,-1.15072,0.0126204,-0.0241827,0.0456679
39.6407,0.999884,-0.0150898,0.00111964,-0.00186406,0.00407229,0.00288641,0.0007249,0.0638614,0.116314,-1.15027,0.0168336,-0.0255169,-0.0485094,39.6607,1,-0.0335823,0.0209726,-0.00456471,0.999884,-0.0150694,0.00113409,-0.00186068,-0.148277,0.158862,-0.0135673,0.0640297,0.116059,-1.15075,0.0168239,-0.0256453,0.0453037
39.6607,0.999886,-0.0149326,0.00120862,-0.00186683,0.00713573,0.00648173,-7.43671e-05,0.0648523,0.115585,-1.14967,0.0205502,-0.0268167,-0.0478356,39.6807,1,0.00561492,0.0538694,0.00857621,0.999887,-0.0148968,0.00124096,-0.00186773,0.163308,0.420311,0.0630025,0.0650578,0.115317,-1.15015,0.0205397,-0.0269437,0.0459775
39.6807,0.999886,-0.0149187,0.00124697,-0.00186798,0.00314099,0.00954437,5.87786e-05,0.0650316,0.115451,-1.14961,0.0210584,-0.027068,-0.0478417,39.7007,1,-0.000579272,0.00311342,-0.0268364,0.999886,-0.0149029,0.00129466,-0.00186841,0.114894,0.0181267,-0.139554,0.0652422,0.11518,-1.15009,0.0210475,-0.027195,0.0459714
39.7007,0.999887,-0.0148587,0.0013865,-0.0018653,0.00473889,0.0108759,-0.00180546,0.0655975,0.115034,-1.14951,0.0226578,-0.0269708,-0.0483246,39.7207,1,-0.003192,-0.0170493,-0.008614,0.999887,-0.0148349,0.00144069,-0.00187517,0.0936638,-0.146493,-0.0392327,0.0658241,0.114764,-1.14999,0.0226458,-0.0270972,0.0454885
39.7207,0.999889,-0.0147007,0.00158921,-0.00185434,0.00766835,0.00941122,-0.000873357,0.0666334,0.114335,-1.14957,0.0244266,-0.0252739,-0.0486648,39.7407,1,-0.00845756,0.00408281,-0.0315862,0.999889,-0.0146623,0.00163613,-0.00185946,0.0502301,0.0235414,-0.166224,0.0668777,0.114082,-1.15006,0.0244129,-0.025399,0.0451482
39.7407,0.999889,-0.0146773,0.00177192,-0.00187253,-0.000587465,0.00967753,-0.00220491,0.0674841,0.113795,-1.14981,0.0237102,-0.0237837,-0.0484655,39.7607,1,0.000935449,0.0107448,0.0165533,0.999889,-0.0146802,0.00182015,-0.00188425,0.124483,0.0698464,0.104065,0.0677212,0.113557,-1.15029,0.0236949,-0.0239086,0.0453476
39.7607,0.999889,-0.0146761,0.00180852,-0.0018777,7.83789e-05,0.0091449,-0.00100651,0.0676926,0.113664,-1.14989,0.0234494,-0.0233118,-0.0484221,39.7807,1,0.000388433,0.0168275,0.0174208,0.999889,-0.0146756,0.00185417,-0.0018834,0.119977,0.118101,0.109445,0.0679271,0.113431,-1.15037,0.0234338,-0.0234367,0.0453909
39.7807,0.999889,-0.0146613,0.00192851,-0.00187863,0.00154308,0.00781332,-0.000873355,0.0685105,0.113161,-1.15028,0.0221642,-0.0214187,-0.0478596,39.8007,1,-0.0181635,0.000995963,0.0601587,0.999889,-0.0146535,0.0019675,-0.00188358,-0.0291764,-0.0147598,0.347237,0.0687322,0.112947,-1.15076,0.0221475,-0.0215434,0.0459534
39.8007,0.999888,-0.0146809,0.00205834,-0.00186743,-0.00404779,0.00634887,5.8415e-05,0.0694301,0.11271,-1.15045,0.0193571,-0.0201177,-0.0475598,39.8207,1,-0.0272916,-0.000500848,-0.0339068,0.999888,-0.0147011,0.00209012,-0.00186756,-0.100406,-0.0168829,-0.179765,0.0696237,0.112509,-1.15092,0.0193394,-0.0202426,0.0462532
39.8207,0.999888,-0.014725,0.00210528,-0.00186083,-0.00657781,0.00648201,0.000724208,0.0697704,0.112551,-1.15054,0.0184124,-0.0187169,-0.0480202,39.8407,1,-0.0408729,0.00675137,-0.0126294,0.999887,-0.0147578,0.0021378,-0.00185762,-0.209145,0.0380578,-0.0602311,0.0699545,0.112364,-1.15102,0.0183943,-0.0188422,0.0457929
39.8407,0.999887,-0.0147461,0.00211376,-0.00186181,-0.00551254,0.00208781,-7.47377e-05,0.0699352,0.112477,-1.1506,0.0179872,-0.0181166,-0.0481166,39.8607,1,-0.0521987,0.00744791,0.0342968,0.999887,-0.0147736,0.00212424,-0.00186228,-0.300498,0.0378765,0.202443,0.070115,0.112296,-1.15108,0.0179689,-0.018242,0.0456965
39.8607,0.999886,-0.0148408,0.00209622,-0.00185094,-0.00711044,-0.00124113,-0.00114,0.0705552,0.112192,-1.15093,0.0154919,-0.016779,-0.048267,39.8807,1,-0.0122504,0.0130923,0.00537695,0.999885,-0.0148764,0.00208999,-0.00185647,0.0204298,0.0871401,0.0414152,0.0707101,0.112025,-1.15141,0.0154738,-0.0169053,0.0455461
39.8807,0.999885,-0.0149364,0.00204367,-0.0018695,-0.00684129,-0.00350404,-0.00260546,0.0712003,0.111986,-1.15103,0.0132879,-0.0159594,-0.0483923,39.9007,1,-0.0433929,0.0115234,0.00517933,0.999884,-0.0149707,0.00202603,-0.0018822,-0.227991,0.0745758,0.0399267,0.0713332,0.111826,-1.15151,0.0132703,-0.0160865,0.0454209
39.9007,0.999883,-0.0150801,0.00193408,-0.00186967,-0.0100371,-0.00696618,0.000989798,0.0716456,0.111917,-1.1509,0.0122636,-0.0154645,-0.0479159,39.9207,1,0.0020782,0.0304142,-0.020683,0.999882,-0.0151303,0.00189943,-0.0018641,0.137048,0.230349,-0.102757,0.0717682,0.111763,-1.15138,0.0122469,-0.0155928,0.0458972
39.9207,0.999882,-0.0151184,0.0018997,-0.00186491,-0.00990391,-0.00869722,0.00125618,0.0717538,0.111895,-1.1509,0.0123062,-0.0156736,-0.0477372,39.9407,1,-0.00560258,0.00241982,-0.0108527,0.999882,-0.0151679,0.00185641,-0.00185788,0.0762509,0.00538883,-0.05018,0.0718769,0.111738,-1.15137,0.0122898,-0.0158022,0.0460759
39.9407,0.999881,-0.01521,0.00181291,-0.00186439,-0.00217978,-0.00523502,-0.000874754,0.0721805,0.111799,-1.15081,0.0120724,-0.0168682,-0.0476324,39.9607,1,-0.0553898,0.0103587,0.00356,0.999881,-0.015221,0.00178669,-0.00186834,-0.321786,0.06712,0.0306775,0.0723013,0.11163,-1.15128,0.0120568,-0.0169976,0.0461808
39.9607,0.99988,-0.0153191,0.00168007,-0.00186345,-0.00750613,-0.00310448,-0.000342151,0.0728732,0.111512,-1.15075,0.013694,-0.0204855,-0.0475402,39.9807,1,-0.00619789,0.0470143,-0.0288543,0.999879,-0.0153567,0.0016646,-0.00186486,0.0724739,0.366093,-0.14717,0.0730101,0.111307,-1.15123,0.0136794,-0.0206159,0.046273
39.9807,0.999879,-0.0153323,0.00167711,-0.00185663,-0.00364455,-0.000840774,0.00192155,0.0729975,0.11144,-1.15078,0.0139049,-0.0208961,-0.0475262,40.0007,1,0.0153914,0.0136689,-0.0127417,0.999879,-0.0153505,0.00167308,-0.00184692,0.245707,0.0977162,-0.0596328,0.0731365,0.111231,-1.15126,0.0138904,-0.0210266,0.046287
40.0007,0.99988,-0.0153128,0.00167176,-0.00183941,0.00314652,-0.00243869,0.00192154,0.0733887,0.111185,-1.15092,0.0151992,-0.0227412,-0.0475714,40.0207,1,-0.0523244,0.00377823,0.0196777,0.99988,-0.0152971,0.00165969,-0.00182964,-0.296553,0.0136885,0.1203,0.0735407,0.110957,-1.1514,0.0151847,-0.0228714,0.0462418
40.0207,0.999881,-0.0152114,0.00165628,-0.00182198,0.00141546,0.00222184,0.0011226,0.0742505,0.110464,-1.15145,0.0161504,-0.0267771,-0.0474626,40.0407,1,-0.0285527,0.0187961,-0.072559,0.999881,-0.0152043,0.00166746,-0.00181655,-0.106408,0.145557,-0.394775,0.074412,0.110197,-1.15192,0.016136,-0.0269066,0.0463506
40.0407,0.999883,-0.0150685,0.00174601,-0.00183341,0.0124676,0.00501815,-0.000874792,0.0748669,0.109864,-1.15197,0.0177568,-0.0284894,-0.0479179,40.0607,1,-0.0448335,-0.0270543,-0.0134012,0.999884,-0.0150061,0.00177092,-0.00183827,-0.23767,-0.229399,-0.0675069,0.0750444,0.109579,-1.15245,0.0177417,-0.0286176,0.0458952
40.0607,0.999884,-0.0150091,0.00175761,-0.00183568,0.0145981,0.00288763,-0.000342152,0.075029,0.1097,-1.15212,0.017932,-0.0289338,-0.0478115,40.0807,1,-0.00848367,-0.00141357,-0.0203098,0.999885,-0.0149361,0.00177189,-0.00183774,0.0524888,-0.0230506,-0.103647,0.0752084,0.109411,-1.1526,0.0179168,-0.0290615,0.0460017
40.0807,0.999886,-0.0148511,0.00179623,-0.00183491,0.00967126,0.00115659,0.000723109,0.0755262,0.109176,-1.15261,0.0182938,-0.0299227,-0.0473317,40.1007,1,0.00317889,-0.0277568,0.00837907,0.999887,-0.0148027,0.00180197,-0.00183147,0.144474,-0.237342,0.0549121,0.0757091,0.108876,-1.15309,0.0182783,-0.030049,0.0464814
40.1007,0.999889,-0.0146986,0.00184901,-0.00183904,0.00727574,0.00248809,-0.00220673,0.0763211,0.10834,-1.15333,0.0159894,-0.0278932,-0.0468804,40.1207,1,-0.00896671,-0.0310064,0.0640156,0.999889,-0.0146622,0.00186122,-0.00185032,0.0450694,-0.270437,0.366075,0.076481,0.108061,-1.15379,0.0159735,-0.0280182,0.0469327
40.1207,0.999889,-0.014639,0.00188868,-0.00184109,0.00780838,0.00568387,0.00112222,0.0766264,0.108056,-1.15353,0.016261,-0.0267531,-0.0465327,40.1407,1,-0.00908121,-0.0277504,-0.0523272,0.99989,-0.0145999,0.00191711,-0.00183597,0.045459,-0.231067,-0.285079,0.076789,0.107788,-1.154,0.0162447,-0.0268776,0.0472804
40.1407,0.999891,-0.0145306,0.00195339,-0.00182865,0.00501306,0.0042191,-7.66067e-05,0.0770893,0.107677,-1.15372,0.0161998,-0.0261605,-0.0460276,40.1607,1,-0.0314399,-0.00563826,-0.0125195,0.999891,-0.0145055,0.00197443,-0.00182939,-0.135037,-0.0597237,-0.0606699,0.0772513,0.107415,-1.15418,0.0161829,-0.0262841,0.0477854
40.1607,0.999892,-0.0144807,0.00194734,-0.00183131,-0.000579571,-0.000574601,0.00112184,0.0778328,0.107085,-1.15406,0.0135462,-0.0234883,-0.0461406,40.1807,1,-0.00709852,0.00657426,0.0396914,0.999892,-0.0144836,0.00194455,-0.00182566,0.0582524,0.0323206,0.23295,0.0779682,0.10685,-1.15452,0.0135294,-0.0236115,0.0476724
40.1807,0.999891,-0.0145226,0.00195386,-0.00185113,-0.00377537,0.000756971,-0.000476056,0.0784369,0.106597,-1.15462,0.0108286,-0.0189784,-0.0458646,40.2007,1,0.00720883,0.0305031,-0.0460789,0.999891,-0.0145414,0.00195764,-0.00185352,0.173933,0.233852,-0.245104,0.0785451,0.106408,-1.15508,0.0108117,-0.019102,0.0479484
40.2007,0.999891,-0.0145401,0.00193231,-0.00185917,-0.00457433,-0.00536828,-0.0019408,0.0785491,0.106514,-1.15475,0.0104302,-0.0185729,-0.0456391,40.2207,1,-0.0467534,0.0249593,-0.0366421,0.99989,-0.014563,0.00190537,-0.00186844,-0.257712,0.187793,-0.193257,0.0786534,0.106328,-1.15521,0.0104135,-0.0186966,0.0481739
40.2207,0.999891,-0.0145555,0.00191662,-0.00186622,-0.00404167,-0.00390356,-0.00167448,0.0786599,0.106453,-1.15481,0.0100889,-0.0180913,-0.0455329,40.2407,1,-0.0544031,-0.0264488,-0.0313053,0.99989,-0.0145758,0.00189702,-0.00187427,-0.318129,-0.224031,-0.167604,0.0787608,0.106272,-1.15527,0.0100723,-0.0182151,0.0482801
40.2407,0.999888,-0.0147314,0.00176084,-0.00186181,-0.0128291,-0.00576783,-0.00220751,0.0792854,0.106093,-1.1553,0.00858001,-0.0164721,-0.0447805,40.2607,1,-0.0122227,0.0128539,-0.0327253,0.999887,-0.0147957,0.00173196,-0.00187231,0.0202686,0.0924176,-0.171882,0.0793712,0.105928,-1.15575,0.00856479,-0.0165974,0.0490325
40.2607,0.999886,-0.0148988,0.00167277,-0.00187498,-0.00736964,-0.00510205,-0.000343263,0.0796725,0.105863,-1.15577,0.00855882,-0.0155426,-0.0445157,40.2807,1,-0.0227449,0.0101499,-9.53971e-05,0.999885,-0.0149356,0.00164731,-0.00187626,-0.0629366,0.0674821,0.0105963,0.0797581,0.105707,-1.15622,0.00854434,-0.0156694,0.0492974
40.2807,0.999886,-0.0149168,0.00165547,-0.00188047,-0.00470648,-0.0043031,-0.00127538,0.0797715,0.105801,-1.15591,0.00882193,-0.0157311,-0.0443837,40.3007,1,-0.0249496,0.0313772,-0.0468798,0.999885,-0.0149404,0.00163391,-0.00188649,-0.0803179,0.24299,-0.249596,0.0798597,0.105644,-1.15635,0.00880761,-0.015858,0.0494294
40.3007,0.999884,-0.0150209,0.00160474,-0.00187499,-0.00923281,0.000223902,0.000322128,0.080205,0.105546,-1.15634,0.00993735,-0.0178919,-0.0439747,40.3207,1,-0.014314,-0.00826719,0.027636,0.999883,-0.015067,0.00160597,-0.00187332,0.005375,-0.0824968,0.164414,0.0803044,0.105367,-1.15678,0.00992345,-0.0180197,0.0498384
40.3207,0.999882,-0.0151491,0.00157588,-0.00187925,0.000354567,-0.000575051,-0.000609966,0.0809341,0.105082,-1.15693,0.0114159,-0.0191893,-0.0425237,40.3407,1,-0.0188416,0.0145241,-0.0505336,0.999882,-0.0151473,0.00157296,-0.00188226,-0.0292925,0.109433,-0.271381,0.0810483,0.10489,-1.15735,0.0114023,-0.0193181,0.0512895
40.3407,0.999883,-0.0151382,0.00158141,-0.001859,0.0018193,0.00328654,0.00311846,0.0811921,0.104895,-1.15717,0.0115865,-0.020062,-0.0423914,40.3607,1,-0.0338213,-0.0301345,-0.00365672,0.999883,-0.0151291,0.00159806,-0.00184367,-0.149064,-0.253746,-0.0129298,0.0813079,0.104695,-1.15759,0.0115728,-0.0201908,0.0514218
40.3607,0.999882,-0.0151408,0.00160196,-0.00185389,-0.000843861,0.00515074,0.00152057,0.0813219,0.104793,-1.1573,0.0117581,-0.0206071,-0.0423844,40.3807,1,-0.00362461,0.0371505,0.0126184,0.999882,-0.0151449,0.00162784,-0.00184667,0.0913258,0.282781,0.0841458,0.0814395,0.104587,-1.15772,0.0117443,-0.020736,0.0514287
40.3807,0.999882,-0.0151568,0.00169295,-0.00186676,0.00168725,0.000622775,0.000454891,0.0822319,0.104179,-1.15777,0.0138674,-0.0230444,-0.0419097,40.4007,1,-0.0158156,0.00467629,0.0288137,0.999882,-0.0151483,0.00169608,-0.00186455,-0.005783,0.0201398,0.172033,0.0823705,0.103948,-1.15819,0.0138527,-0.0231733,0.0519035
40.4007,0.999884,-0.0150408,0.00173619,-0.00187294,0.00528251,0.0084791,-0.000610346,0.0830013,0.103542,-1.15838,0.0132963,-0.0256051,-0.0424564,40.4207,1,-0.0238806,0.0258133,-0.0364999,0.999884,-0.0150143,0.00177848,-0.00187668,-0.0707306,0.196644,-0.191959,0.0831342,0.103286,-1.1588,0.0132812,-0.025733,0.0513567
40.4207,0.999884,-0.015021,0.00176439,-0.00187814,0.00474988,0.00714752,-0.00100986,0.0831536,0.103395,-1.15852,0.0135549,-0.0261426,-0.0424796,40.4407,1,0.0110183,-0.0101481,-0.037329,0.999884,-0.0149972,0.00180001,-0.00188376,0.208886,-0.0906275,-0.199254,0.0832892,0.103134,-1.15894,0.0135397,-0.0262704,0.0513335
40.4407,0.999885,-0.0149476,0.00185902,-0.00187179,0.00621462,0.00488385,0.00405015,0.0837951,0.102779,-1.15916,0.0151735,-0.0262087,-0.0424577,40.4607,1,-0.00646849,0.0166201,0.000519086,0.999885,-0.0149165,0.00188368,-0.00185197,0.0675636,0.117917,0.0147108,0.0839469,0.102517,-1.15958,0.0151575,-0.0263358,0.0513554
40.4607,0.999886,-0.0148458,0.00193467,-0.0018705,0.0064825,0.00448401,0.000720811,0.0844753,0.102271,-1.15952,0.0143982,-0.0262191,-0.0418339,40.4807,1,-0.0614806,-0.0160578,-0.0319654,0.999887,-0.0148133,0.00195708,-0.00186729,-0.372589,-0.141009,-0.170539,0.0846193,0.102009,-1.15994,0.0143815,-0.0263454,0.0519792
40.4807,0.999887,-0.0147492,0.00198978,-0.00188907,0.00621618,0.0051498,0.000587635,0.0851033,0.101725,-1.15999,0.0126542,-0.0261344,-0.0419173,40.5007,1,0.00144489,0.0183299,0.0253238,0.999888,-0.0147181,0.00201551,-0.00188658,0.128814,0.127746,0.153901,0.0852299,0.101464,-1.16041,0.012637,-0.0262599,0.0518958
40.5007,0.999888,-0.0147234,0.00200478,-0.00188396,0.0062162,0.00381819,0.00151976,0.0852519,0.101587,-1.16013,0.0125319,-0.0256298,-0.0417713,40.5207,1,-0.0252843,0.00976307,0.0103215,0.999888,-0.0146923,0.00202392,-0.00187671,-0.0848265,0.0604675,0.0688609,0.0853772,0.10133,-1.16054,0.0125146,-0.0257551,0.0520417
40.5207,0.999889,-0.0146722,0.0020632,-0.00187302,0.000891267,0.00368494,0.002052,0.085827,0.101104,-1.16054,0.0116287,-0.0241437,-0.0414671,40.5407,1,-0.0510378,0.0100294,0.0346822,0.999889,-0.0146676,0.00208176,-0.00186304,-0.291832,0.058917,0.204902,0.0859433,0.100862,-1.16096,0.0116109,-0.0242685,0.0523459
40.5407,0.999889,-0.0146428,0.00201944,-0.0018674,9.23229e-05,-0.00523665,0.000320939,0.0864936,0.100588,-1.16098,0.00981969,-0.0223776,-0.0404103,40.5607,1,-0.0451099,-0.0208048,0.0158509,0.999889,-0.0146424,0.00199328,-0.00186542,-0.243801,-0.185084,0.0969825,0.0865918,0.100364,-1.16138,0.00980228,-0.0225022,0.0534027
40.5607,0.999889,-0.0146421,0.00197542,-0.00186942,-4.08337e-05,-0.00350559,-7.85248e-05,0.0867313,0.100383,-1.16119,0.00843935,-0.022098,-0.0398046,40.5807,1,-0.0135395,0.0410155,0.0375215,0.999889,-0.0146424,0.00195789,-0.00186955,0.00743466,0.307712,0.223762,0.0868157,0.100162,-1.16159,0.00842231,-0.0222225,0.0540084
40.5807,0.999889,-0.0146365,0.00196802,-0.00187249,0.00115759,-0.00177454,-0.00061116,0.0868418,0.10028,-1.1613,0.00790266,-0.0217785,-0.0395843,40.6007,1,-0.00422898,-0.0338898,-0.00708449,0.999889,-0.0146307,0.0019591,-0.00187543,0.0838118,-0.286057,-0.0320136,0.0869208,0.100062,-1.1617,0.00788568,-0.021903,0.0542287
40.6007,0.999888,-0.0147097,0.00193359,-0.00187719,-0.00576556,-0.00523678,-0.00220944,0.0873748,0.0998303,-1.16167,0.00774615,-0.0206234,-0.0389879,40.6207,1,-0.0200151,-0.0240113,0.027718,0.999888,-0.0147386,0.0019073,-0.0018878,-0.0425964,-0.211086,0.163512,0.0874523,0.0996241,-1.16206,0.00772946,-0.0207485,0.0548251
40.6207,0.999887,-0.014804,0.00179281,-0.00190183,-0.0005724,-0.00297311,-0.00154363,0.0880739,0.0992234,-1.16221,0.00601115,-0.0207417,-0.0376993,40.6407,1,-0.015549,0.0278658,0.0204995,0.999887,-0.0148069,0.00177784,-0.00190932,-0.00674859,0.205905,0.127581,0.088134,0.099016,-1.16259,0.00599565,-0.0208677,0.0561138
40.6407,0.999887,-0.0148048,0.00177761,-0.00189783,-0.000439247,-0.00377206,0.00111952,0.0881657,0.0991252,-1.16231,0.00619518,-0.0208868,-0.0374882,40.6607,1,-0.0221871,0.00851735,0.0253118,0.999887,-0.014807,0.00175884,-0.00189195,-0.0595989,0.0505841,0.152837,0.0882276,0.0989164,-1.16269,0.00617981,-0.0210127,0.0563249
40.6607,0.999886,-0.0148594,0.00173022,-0.00192328,-0.00310241,-0.00323942,-0.000611519,0.0885373,0.0986905,-1.16276,0.00680347,-0.0221796,-0.0374289,40.6807,1,-0.0101577,0.000418052,0.0334167,0.999886,-0.014875,0.00171401,-0.00192607,0.0370814,-0.014618,0.197812,0.0886054,0.0984687,-1.16313,0.0067885,-0.022306,0.0563842
40.6807,0.999887,-0.0148462,0.00166895,-0.00189378,0.00195759,-0.00297311,0.00231795,0.089016,0.0980745,-1.16346,0.00704036,-0.0231205,-0.0376381,40.7007,1,-0.062558,-0.0270345,0.0172465,0.999887,-0.0148364,0.00165424,-0.00188198,-0.381753,-0.232566,0.104316,0.0890864,0.0978433,-1.16383,0.00702592,-0.0232468,0.056175
40.7007,0.999887,-0.0148339,0.00165723,-0.00189099,0.00209077,-0.000176788,-0.000611523,0.0892109,0.0978008,-1.16378,0.00756128,-0.0237278,-0.0380097,40.7207,1,0.00797841,-0.00868171,-0.0358906,0.999887,-0.0148235,0.00165628,-0.00189405,0.183014,-0.0783143,-0.19103,0.0892866,0.0975636,-1.16416,0.00754694,-0.023854,0.0558033
40.7207,0.999887,-0.0148201,0.00166007,-0.00189557,0.00328919,0.000755318,-0.00101101,0.0893097,0.0976573,-1.16395,0.00748579,-0.024224,-0.0380596,40.7407,1,-0.0181265,0.0117112,-0.00396147,0.999887,-0.0148037,0.00166374,-0.0019007,-0.0265883,0.0805964,-0.0107657,0.0893845,0.0974151,-1.16433,0.00747143,-0.0243501,0.0557534
40.7407,0.999888,-0.0147579,0.0016747,-0.00189415,0.0019576,-0.00124206,0.00111952,0.0898231,0.0968966,-1.16487,0.009048,-0.0246052,-0.0384146,40.7607,1,-0.00955406,0.0226744,0.0629537,0.999888,-0.0147481,0.00166856,-0.00188848,0.0401819,0.16043,0.364868,0.0899135,0.0966506,-1.16526,0.00903351,-0.0247308,0.0553985
40.7607,0.999889,-0.0146647,0.00167117,-0.00190697,0.00715196,0.00355093,-0.000745087,0.0906725,0.0959609,-1.16565,0.00859838,-0.0242287,-0.0379484,40.7807,1,0.0114947,-0.0279894,0.0849677,0.99989,-0.0146289,0.0016888,-0.00191101,0.208078,-0.246998,0.484211,0.0907585,0.0957186,-1.16603,0.00858392,-0.0243535,0.0558646
40.7807,0.99989,-0.0146424,0.00168882,-0.00190913,0.0054209,0.00448305,-0.000345632,0.0907903,0.0958192,-1.16579,0.009012,-0.0243923,-0.037971,40.8007,1,0.00121754,0.00806751,0.0564056,0.99989,-0.0146152,0.00171115,-0.00191123,0.125803,0.0444557,0.327183,0.0908804,0.0955753,-1.16617,0.00899739,-0.0245168,0.0558421
40.8007,0.99989,-0.0146334,0.0017039,-0.00190642,0.00209196,0.00381725,0.000852795,0.0909116,0.095675,-1.16593,0.00949432,-0.0244461,-0.038188,40.8207,1,0.00507445,-0.00774757,0.0177519,0.99989,-0.0146229,0.00172303,-0.00190245,0.157511,-0.077603,0.109487,0.0910065,0.0954305,-1.16631,0.00947958,-0.0245706,0.0556251
40.8207,0.999889,-0.0146451,0.00178721,-0.00191132,0.001293,0.00128725,-0.00207669,0.0915368,0.0949607,-1.16671,0.00988317,-0.0225694,-0.0376659,40.8407,1,-0.0087384,0.0265861,0.038261,0.999889,-0.0146386,0.00179348,-0.0019218,0.0461758,0.193767,0.227022,0.0916356,0.094735,-1.16709,0.00986772,-0.022694,0.0561472
40.8407,0.99989,-0.0146038,0.00182221,-0.00192298,-3.59941e-05,0.0060798,-0.00261013,0.0921923,0.0944901,-1.16697,0.00782424,-0.0209055,-0.036419,40.8607,1,-0.0428854,0.00365699,0.0117029,0.99989,-0.014604,0.00185241,-0.00193647,-0.226558,0.0126625,0.0761484,0.0922705,0.094281,-1.16733,0.0078085,-0.0210298,0.0573941
40.8607,0.99989,-0.0146023,0.00183324,-0.00192537,9.71444e-05,0.00288401,-0.000346429,0.0923194,0.0944097,-1.16699,0.0077094,-0.0208778,-0.0362418,40.8807,1,-0.00525894,-0.0266174,0.0769434,0.99989,-0.0146018,0.00184763,-0.00192731,0.0736435,-0.236602,0.439351,0.0923965,0.0942009,-1.16735,0.00769356,-0.021002,0.0575712
40.8807,0.999889,-0.0146345,0.00184626,-0.00193418,-0.00509602,0.00141928,0.000585664,0.0925658,0.0942447,-1.16704,0.00728896,-0.0203167,-0.0359153,40.9007,1,-0.0253424,0.0179722,0.0539813,0.999889,-0.0146599,0.00185345,-0.00193131,-0.0869439,0.122308,0.314283,0.0926387,0.0940416,-1.1674,0.007273,-0.0204412,0.0578978
40.9007,0.999889,-0.0146818,0.00184985,-0.00193001,-0.00283233,-0.00244231,0.00125148,0.0929221,0.0940115,-1.16717,0.00695402,-0.0186975,-0.0351217,40.9207,1,-0.0231441,-0.0144489,-0.0340826,0.999888,-0.014696,0.00183776,-0.00192355,-0.0670624,-0.126717,-0.181472,0.0929916,0.0938245,-1.16752,0.00693803,-0.0188224,0.0586914
40.9207,0.999888,-0.0147299,0.00179804,-0.00191196,-0.00469654,0.0019519,-0.0011454,0.0936562,0.0934544,-1.16765,0.00480062,-0.0182442,-0.0340138,40.9407,1,-0.0139073,-0.0104865,0.0732551,0.999888,-0.0147534,0.00180776,-0.00191779,0.00536572,-0.107071,0.419854,0.0937042,0.0932719,-1.16799,0.00478507,-0.0183695,0.0597992
40.9407,0.999888,-0.014752,0.00180346,-0.00190501,-0.0057618,0.00141929,0.00191727,0.0937482,0.0933703,-1.16774,0.00474847,-0.0179436,-0.0339463,40.9607,1,-0.0129264,0.0484671,-0.0422306,0.999887,-0.0147808,0.00181075,-0.00189547,0.0142334,0.378083,-0.221947,0.0937957,0.0931909,-1.16808,0.00473288,-0.0180691,0.0598668
40.9607,0.999887,-0.0147837,0.00180465,-0.00189743,-0.00815865,0.000353982,0.0020504,0.0938394,0.0932877,-1.16783,0.00473976,-0.0174221,-0.0338131,40.9807,1,-0.0190762,-0.00179232,0.0478416,0.999887,-0.0148245,0.00180665,-0.00188713,-0.035143,-0.0347028,0.278153,0.0938868,0.0931135,-1.16817,0.00472416,-0.0175479,0.0599999
40.9807,0.999885,-0.0149268,0.00170786,-0.00189815,-0.00269917,-0.00643706,0.00178409,0.094372,0.0928093,-1.1685,0.00423971,-0.0169958,-0.0334571,41.0007,1,-0.0126282,0.0131881,0.0275686,0.999885,-0.0149404,0.00167583,-0.00188873,0.0177585,0.0883531,0.165972,0.0944144,0.0926393,-1.16884,0.00422494,-0.0171228,0.060356
41.0007,0.999885,-0.014971,0.00168869,-0.0018782,-0.00496286,-0.00137705,0.000851988,0.0946939,0.0924094,-1.16905,0.00426383,-0.0192019,-0.0337481,41.0207,1,-0.00696967,0.0280537,0.0282599,0.999884,-0.0149958,0.00168192,-0.0018738,0.0631161,0.207416,0.171033,0.0947365,0.0922173,-1.16939,0.00424922,-0.0193293,0.060065
41.0207,0.999885,-0.0149849,0.00168151,-0.00186607,-0.00363127,-0.00177653,0.00311568,0.0947746,0.0922971,-1.1692,0.00439391,-0.0195061,-0.0337504,41.0407,1,-0.0144864,0.0437917,-0.0337918,0.999884,-0.0150031,0.0016729,-0.00185033,0.0036067,0.340698,-0.175241,0.0948185,0.0921021,-1.16954,0.00437936,-0.0196336,0.0600627
41.0407,0.999884,-0.0150271,0.00161497,-0.00187884,0.00103121,-0.00364168,-0.000613158,0.0951549,0.0919115,-1.16953,0.00548346,-0.0197474,-0.0334063,41.0607,1,-0.0598576,-0.0301176,0.0744377,0.999884,-0.015022,0.0015967,-0.00188164,-0.359701,-0.263616,0.424196,0.0952098,0.091714,-1.16986,0.00546947,-0.0198752,0.0604069
41.0607,0.999885,-0.0149852,0.00159179,-0.00189538,0.00156385,-0.00244326,-0.00301002,0.0957029,0.0914462,-1.16967,0.00697288,-0.0217841,-0.0321905,41.0807,1,0.0185341,0.0206582,0.0491874,0.999885,-0.0149774,0.00157933,-0.00191026,0.267007,0.146917,0.287914,0.0957726,0.0912283,-1.16999,0.0069591,-0.0219116,0.0616226
41.0807,0.999885,-0.0149495,0.00156829,-0.0018843,0.00183017,0.000885695,0.000585258,0.096062,0.0911051,-1.16982,0.00842753,-0.0227433,-0.0320379,41.1007,1,-0.0272135,0.0211886,-0.017877,0.999885,-0.0149403,0.00157274,-0.00188146,-0.0982732,0.158681,-0.0880209,0.0961463,0.0908777,-1.17014,0.00841395,-0.0228705,0.0617752
41.1007,0.999885,-0.0149461,0.00158538,-0.00187845,0.000631739,0.0043478,0.00165052,0.0961877,0.0909848,-1.16988,0.00898627,-0.0226019,-0.0320215,41.1207,1,-0.00971932,-0.0209447,0.0655259,0.999885,-0.0149428,0.00160723,-0.00187053,0.0410175,-0.188172,0.375557,0.0962776,0.0907588,-1.1702,0.00897254,-0.0227291,0.0617916
41.1208,0.999886,-0.0148675,0.00169187,-0.0018691,0.00728965,0.00527991,5.2622e-05,0.0969039,0.0904044,-1.17016,0.0118899,-0.022581,-0.0313872,41.1408,1,-0.0376355,-0.000987295,0.0530361,0.999887,-0.014831,0.0017182,-0.00186929,-0.183065,-0.0282746,0.306975,0.0970228,0.0901785,-1.17047,0.0118753,-0.0227075,0.0624259
41.1408,0.999887,-0.0147886,0.00186932,-0.00189421,0.000766666,0.00820826,-0.00114624,0.0979478,0.0898133,-1.1701,0.0130265,-0.0227068,-0.0302848,41.1608,1,-0.026244,0.00297479,0.0412892,0.999887,-0.0147847,0.00191027,-0.00190056,-0.0924241,0.00357644,0.24176,0.0980781,0.0895862,-1.1704,0.0130104,-0.0228326,0.0635283
41.1608,0.999887,-0.0147791,0.00190322,-0.00189086,0.00209825,0.00860773,0.00111744,0.0981208,0.0897086,-1.17011,0.0130012,-0.0223586,-0.0302731,41.1808,1,-0.0162577,0.0201031,0.0252729,0.999887,-0.0147685,0.00194632,-0.00188593,-0.0125805,0.142357,0.153585,0.0982508,0.089485,-1.17041,0.0129848,-0.0224843,0.06354
41.1808,0.999887,-0.0147585,0.00195963,-0.00189993,0.00183192,0.00914037,-0.00154572,0.0984659,0.0895026,-1.17016,0.0131794,-0.0215515,-0.0305227,41.2008,1,0.0192505,-0.013793,0.0158096,0.999887,-0.0147493,0.0020052,-0.00190835,0.271969,-0.127576,0.0982307,0.0985977,0.0892871,-1.17047,0.0131625,-0.021677,0.0632903
41.2008,0.999888,-0.0146826,0.00214874,-0.00191005,0.00276564,0.00567761,-0.00194561,0.0994866,0.088991,-1.17014,0.0114837,-0.0203597,-0.0298394,41.2208,1,-0.00896941,-0.018594,-0.00815596,0.999888,-0.0146687,0.00217696,-0.00192022,0.046109,-0.1651,-0.0366114,0.0996014,0.0887874,-1.17043,0.0114652,-0.0204846,0.0639736
41.2208,0.999888,-0.0146848,0.00219446,-0.0018776,-0.0016286,0.00168288,0.00511177,0.100112,0.0887195,-1.17004,0.00936945,-0.0187121,-0.0295496,41.2408,1,-0.0201483,0.00974866,0.00532156,0.999888,-0.0146928,0.00220326,-0.00185215,-0.0439612,0.0595017,0.0408632,0.100205,0.0885324,-1.17034,0.00935054,-0.018837,0.0642635
41.2408,0.999888,-0.0146884,0.0022067,-0.0018612,-0.00122912,0.00314761,0.00431283,0.100252,0.0886552,-1.17004,0.00868364,-0.0181232,-0.0294201,41.2608,1,0.0571777,0.0135391,0.0305182,0.999888,-0.0146945,0.00222277,-0.00183986,0.57388,0.0879514,0.183103,0.100339,0.088474,-1.17033,0.00866463,-0.0182482,0.064393
41.2608,0.999887,-0.014746,0.00225548,-0.00186194,-0.00482439,0.00194918,0.000983874,0.10077,0.0884429,-1.16999,0.00675509,-0.0166653,-0.0292824,41.2808,1,0.0127506,0.014677,-0.0422223,0.999887,-0.0147701,0.00226534,-0.00185711,0.220377,0.104549,-0.22463,0.100837,0.0882762,-1.17029,0.00673567,-0.0167907,0.0645306
41.2808,0.999886,-0.0148276,0.00221232,-0.00186686,-2.92994e-05,-0.00510853,-0.00367705,0.101335,0.0882924,-1.16981,0.0036956,-0.0158662,-0.0293395,41.3008,1,-0.0135995,0.00949937,0.0318442,0.999886,-0.0148279,0.00218651,-0.00188487,0.00905525,0.0543187,0.189375,0.101372,0.0881338,-1.17011,0.00367653,-0.0159923,0.0644736
41.3008,0.999885,-0.0148685,0.00213896,-0.00186256,-0.00402407,-0.00470904,0.00271454,0.101583,0.0881755,-1.1698,0.000865757,-0.0158295,-0.0292038,41.3208,1,-0.0448999,0.0161269,0.0485271,0.999885,-0.0148886,0.00211566,-0.0018486,-0.241556,0.105487,0.282932,0.101591,0.0880172,-1.17009,0.000847319,-0.0159559,0.0646093
41.3208,0.999885,-0.0148877,0.002116,-0.00185898,-0.00508932,-0.00564116,0.000983455,0.101648,0.0881322,-1.16981,0.000227594,-0.0157588,-0.0293286,41.3408,1,0.0314011,0.0165498,-0.0379813,0.999885,-0.0149131,0.00208791,-0.00185359,0.370517,0.120469,-0.200523,0.101651,0.0879746,-1.1701,0.000209352,-0.0158855,0.0644845
41.3408,0.999884,-0.0149998,0.00206848,-0.00183674,-0.00775132,-0.00484253,0.000583645,0.10191,0.0880564,-1.16954,-0.000152883,-0.0142442,-0.0291885,41.3608,1,-0.00697219,-0.00382014,0.0147257,0.999883,-0.0150386,0.00204438,-0.00183338,0.0640232,-0.0489726,0.0923372,0.101909,0.087914,-1.16983,-0.000170719,-0.0143719,0.0646247
41.3608,0.999883,-0.0150913,0.00182673,-0.0018308,-0.00282369,-0.0115007,0.000716364,0.102195,0.0879898,-1.16918,-0.00237271,-0.0149897,-0.0293018,41.3808,1,-0.00597466,0.0205609,-0.0034831,0.999883,-0.0151055,0.00176931,-0.00182632,0.0726601,0.150191,-0.0075765,0.102172,0.0878399,-1.16947,-0.00238849,-0.0151181,0.0645113
41.3808,0.999883,-0.0151179,0.00173697,-0.00182708,-0.0042884,-0.00644071,0.000583228,0.102318,0.0879134,-1.16898,-0.0029939,-0.016061,-0.0291682,41.4008,1,0.0147015,0.0363837,0.0151283,0.999882,-0.0151394,0.00170486,-0.00182364,0.237693,0.275537,0.0981542,0.102288,0.0877528,-1.16927,-0.00300891,-0.0161897,0.0646449
41.4008,0.999882,-0.0151322,0.00170976,-0.00182584,-0.00388893,-0.00670702,0.000450052,0.102356,0.0878772,-1.16893,-0.00273641,-0.0163557,-0.0292689,41.4208,1,-0.0420873,0.0142193,0.0590849,0.999882,-0.0151517,0.00167629,-0.00182304,-0.216948,0.0923329,0.341835,0.102328,0.0877136,-1.16922,-0.00275119,-0.0164844,0.0645442
41.4208,0.999881,-0.0152215,0.00156418,-0.00182094,-0.00189087,-0.00697386,0.00191443,0.102604,0.0876787,-1.16865,-0.000591022,-0.0166405,-0.0297277,41.4408,1,0.0122772,-0.014354,0.0598217,0.999881,-0.015231,0.00152948,-0.00181082,0.219199,-0.134413,0.344023,0.102598,0.0875123,-1.16894,-0.000604569,-0.01677,0.0640855
41.4408,0.999882,-0.0151861,0.00145076,-0.00180973,0.00423442,-0.00444385,-0.000349263,0.102931,0.0874221,-1.16834,0.000763953,-0.0187499,-0.0303504,41.4608,1,0.0436573,0.0266065,0.0469683,0.999882,-0.015165,0.00142848,-0.00181117,0.469483,0.196175,0.275719,0.102939,0.0872346,-1.16865,0.000751374,-0.0188791,0.0634627
41.4608,0.999882,-0.015176,0.00144465,-0.00182004,0.00223704,-0.00138122,-0.00234664,0.102999,0.087353,-1.16831,0.000987016,-0.0191962,-0.0303034,41.4808,1,-0.000137207,-0.009593,0.0321129,0.999882,-0.0151649,0.00143754,-0.00183168,0.120011,-0.0921864,0.189181,0.103008,0.087161,-1.16861,0.000974488,-0.0193253,0.0635098
41.4808,0.999883,-0.0151526,0.00142534,-0.0018126,0.00117177,0.00301299,0.000183366,0.103302,0.0870249,-1.16824,0.00347492,-0.0203046,-0.0299275,41.5008,1,0.0146471,0.00907395,0.0256945,0.999883,-0.0151467,0.00144041,-0.00181192,0.237901,0.0582835,0.154905,0.103337,0.0868219,-1.16854,0.00346256,-0.0204335,0.0638856
41.5008,0.999883,-0.0150958,0.00151936,-0.00182571,0.00543283,0.00434457,-0.00234664,0.103783,0.0865708,-1.16833,0.00673256,-0.0199343,-0.0308072,41.5208,1,-0.0210086,-0.000830108,-0.0346086,0.999884,-0.0150686,0.00154086,-0.00183781,-0.046949,-0.0149123,-0.183819,0.10385,0.0863715,-1.16864,0.0067194,-0.0200628,0.0630059
41.5208,0.999884,-0.0150633,0.00159742,-0.00181775,0.00197071,0.00407826,0.00138178,0.104225,0.0861686,-1.16853,0.00800299,-0.0203144,-0.0305845,41.5408,1,-0.00981654,0.0335893,-0.00228865,0.999884,-0.0150534,0.0016179,-0.00181116,0.0414497,0.256044,0.000103771,0.104305,0.0859654,-1.16884,0.00798917,-0.0204426,0.0632286
41.5408,0.999884,-0.0150542,0.00162679,-0.00181758,0.00210387,0.00740721,0.000316533,0.104337,0.0860616,-1.1686,0.00815584,-0.0204159,-0.0304986,41.5608,1,-0.0287411,0.00833789,0.0535442,0.999884,-0.0150436,0.00166383,-0.00181657,-0.110513,0.0468391,0.310413,0.104419,0.0858574,-1.1689,0.00814177,-0.020544,0.0633145
41.5608,0.999885,-0.0149707,0.00180928,-0.00182701,0.00649808,0.00873879,0.000183351,0.104887,0.0854898,-1.16903,0.00833193,-0.0206921,-0.0318232,41.5808,1,-0.0267722,0.00617796,-0.0544871,0.999885,-0.0149381,0.00185293,-0.0018268,-0.0939122,0.0411051,-0.294634,0.10497,0.0852829,-1.16935,0.00831631,-0.0208194,0.06199
41.5808,0.999885,-0.0149297,0.00193303,-0.00184762,-0.00175519,0.00514189,0.000182506,0.105515,0.0850738,-1.16904,0.00682912,-0.0193518,-0.0312541,41.6008,1,0.0179885,0.0149517,-0.00317693,0.999885,-0.0149384,0.00195876,-0.00184708,0.263123,0.104785,-0.00600019,0.105583,0.0848803,-1.16936,0.00681243,-0.0194788,0.062559
41.6008,0.999885,-0.0149276,0.0019552,-0.00184651,0.000242185,0.00567453,0.000581977,0.105641,0.0850094,-1.169,0.00646075,-0.0190103,-0.0313174,41.6208,1,-0.0102725,-0.0091232,0.0107192,0.999885,-0.0149264,0.00198361,-0.00184403,0.0371998,-0.0900483,0.0694844,0.105705,0.0848193,-1.16931,0.00644388,-0.0191373,0.0624957
41.6208,0.999885,-0.0149294,0.00198859,-0.00184447,-0.000689926,0.00847084,0.000848302,0.105762,0.0849453,-1.16896,0.00598982,-0.0187142,-0.0315577,41.6408,1,0.0452113,-0.0142875,0.0169625,0.999885,-0.0149327,0.00203101,-0.00184086,0.480873,-0.131534,0.104604,0.105822,0.0847581,-1.16927,0.00597266,-0.0188412,0.0622554
41.6408,0.999885,-0.0149089,0.00208454,-0.00184038,0.0023734,0.00101332,0.00231262,0.106346,0.0846961,-1.16861,0.00290702,-0.0176151,-0.0309764,41.6608,1,-0.0112922,0.0324983,0.0559889,0.999885,-0.014897,0.00208975,-0.00182891,0.0272743,0.236472,0.326367,0.106375,0.08452,-1.16892,0.00288905,-0.0177419,0.0628367
41.6608,0.999884,-0.0149502,0.00202197,-0.00186111,-0.00295292,-0.00218248,-0.00367949,0.106858,0.0842727,-1.16846,-0.00243266,-0.0166362,-0.0312063,41.6808,1,-0.00590706,-0.0196001,0.0251277,0.999884,-0.014965,0.00201081,-0.00187931,0.0721731,-0.176043,0.149408,0.106834,0.0841063,-1.16877,-0.00245011,-0.0167634,0.0626069
41.6808,0.999884,-0.0149521,0.00201154,-0.00186271,-0.000689256,-0.00244878,-0.000217372,0.106903,0.0842123,-1.16847,-0.00308001,-0.0163601,-0.0314094,41.7008,1,-0.0142455,-0.0233282,-0.0543673,0.999884,-0.0149555,0.00199929,-0.0018636,0.00666678,-0.196376,-0.296124,0.106872,0.0840487,-1.16879,-0.00309737,-0.0164873,0.0624037
41.7008,0.999885,-0.0149481,0.00197997,-0.0018528,0.000775504,-0.0077751,0.00257895,0.106941,0.0841512,-1.16849,-0.0035805,-0.0162664,-0.0314115,41.7208,1,0.0063639,-0.0230245,-0.022819,0.999885,-0.0149442,0.00194129,-0.00183934,0.171127,-0.197183,-0.119259,0.106905,0.0839885,-1.16881,-0.00359758,-0.0163936,0.0624016
41.7208,0.999885,-0.0149407,0.00182041,-0.00182161,-0.000822373,-0.00737564,0.00177997,0.107075,0.0838041,-1.16869,-0.0053701,-0.0166003,-0.0318105,41.7408,1,0.032357,0.0159248,0.0645495,0.999885,-0.0149449,0.00178368,-0.00181215,0.376853,0.105617,0.373271,0.107022,0.0836381,-1.16901,-0.00538582,-0.0167274,0.0620027
41.7408,0.999884,-0.0150315,0.00167283,-0.00180901,-0.00428453,-0.00817457,0.000448411,0.107124,0.0834346,-1.16907,-0.00607713,-0.0157619,-0.032269,41.7608,1,-0.0280601,0.0191157,-0.0257914,0.999884,-0.015053,0.00163204,-0.00180611,-0.104244,0.142233,-0.132947,0.107063,0.0832769,-1.16939,-0.0060916,-0.0158898,0.0615441
41.7608,0.999884,-0.0150347,0.00162759,-0.0017981,-0.000955532,-0.0112372,0.00271214,0.107129,0.0833589,-1.16916,-0.00609324,-0.015757,-0.0324751,41.7808,1,-0.00338367,-0.0359819,-0.0486067,0.999884,-0.0150396,0.00157162,-0.00178369,0.0941414,-0.295021,-0.265175,0.107068,0.0832014,-1.16949,-0.00610732,-0.0158849,0.061338
41.7808,0.999884,-0.0150302,0.00154246,-0.00181252,-0.000289755,-0.00950615,-0.00301372,0.107162,0.0832206,-1.1693,-0.00613886,-0.0158784,-0.032758,41.8008,1,-0.0147226,0.00613236,0.0872458,0.999884,-0.0150317,0.00149471,-0.00182687,0.000834462,0.0260582,0.499019,0.107101,0.0830619,-1.16963,-0.00615221,-0.0160063,0.0610552
41.8008,0.999884,-0.0150404,0.00141875,-0.00180113,-0.00335152,-0.00245009,-8.46232e-05,0.107293,0.0828633,-1.1696,-0.00549136,-0.0168923,-0.0327077,41.8208,1,-0.0224981,0.0129956,0.0236333,0.999884,-0.0150571,0.00140653,-0.00180134,-0.0601708,0.0894418,0.143327,0.107238,0.0826944,-1.16993,-0.00550366,-0.0170202,0.0611054
41.8208,0.999884,-0.0150888,0.00136766,-0.00179193,-0.00175361,-0.00524641,-0.00114988,0.107435,0.0825352,-1.16994,-0.00310048,-0.0162201,-0.0323001,41.8408,1,-0.0220427,0.0127604,0.0346597,0.999884,-0.0150976,0.00134136,-0.00179727,-0.0562842,0.0866401,0.205006,0.107404,0.082373,-1.17026,-0.00311235,-0.0163485,0.061513
41.8408,0.999884,-0.0150921,0.00134122,-0.0017967,-0.000954691,-0.00644483,-0.00114988,0.107475,0.0824545,-1.17004,-0.00304991,-0.0161076,-0.0324367,41.8608,1,-0.0229293,-0.00197705,-0.00750896,0.999884,-0.0150969,0.00130892,-0.00180196,-0.0626028,-0.0259642,-0.032326,0.107445,0.0822934,-1.17036,-0.00306156,-0.016236,0.0613764
41.8608,0.999884,-0.0150945,0.00129712,-0.00181145,0.000510056,-0.00378167,-0.00128305,0.1076,0.082204,-1.17036,-0.00222786,-0.0163122,-0.0320051,41.8808,1,-0.0170527,-0.00292054,0.0315973,0.999884,-0.015092,0.00127812,-0.00181758,-0.0160132,-0.0377945,0.186691,0.107578,0.0820408,-1.17068,-0.00223913,-0.0164406,0.061808
41.8808,0.999883,-0.015109,0.0013837,-0.00181902,-0.00108675,0.00154342,-0.000351367,0.108108,0.0815951,-1.1708,0.00111097,-0.0184548,-0.0317007,41.9008,1,-0.0261651,0.00823093,-0.0285472,0.999883,-0.0151144,0.0013914,-0.00182088,-0.0883229,0.0578486,-0.149173,0.108119,0.0814106,-1.17112,0.00109896,-0.0185834,0.0621124
41.9008,0.999883,-0.0151057,0.00137441,-0.00181283,0.000511142,-0.00338343,0.000314423,0.108281,0.0814043,-1.17096,0.00143732,-0.0184874,-0.0320198,41.9208,1,-0.0500171,0.00637733,-0.0288075,0.999883,-0.0151032,0.00135751,-0.00181101,-0.279224,0.0427919,-0.151014,0.108295,0.0812194,-1.17128,0.00142539,-0.018616,0.0617933
41.9208,0.999883,-0.0151057,0.00138346,-0.00182137,-0.000154641,0.00247552,-0.00194927,0.108365,0.0813051,-1.17105,0.00132521,-0.0187847,-0.0321018,41.9408,1,-0.0310741,0.0105761,0.0197549,0.999883,-0.0151065,0.00139569,-0.0018313,-0.12818,0.0706994,0.121461,0.108378,0.0811173,-1.17137,0.00131321,-0.0189133,0.0617114
41.9408,0.999884,-0.0150397,0.00148282,-0.00182047,0.0019759,0.00620394,0.00098021,0.108756,0.0807481,-1.17157,0.00140655,-0.0204312,-0.0315571,41.9608,1,-0.0389177,-0.0092769,-0.00285775,0.999884,-0.0150298,0.00151389,-0.00181605,-0.190916,-0.0862825,-0.00691961,0.10877,0.0805438,-1.17189,0.0013937,-0.0205591,0.062256
41.9608,0.999885,-0.0149758,0.00157715,-0.00181299,0.0018439,0.00580352,4.76704e-05,0.109219,0.0802457,-1.17189,0.00173378,-0.0192087,-0.0310333,41.9808,1,0.030487,-0.00790639,0.038071,0.999885,-0.0149665,0.00160615,-0.0018132,0.363162,-0.0799646,0.22292,0.109236,0.0800536,-1.1722,0.00172013,-0.0193361,0.0627799
41.9808,0.999885,-0.014953,0.00162147,-0.00181255,0.00051231,0.00606984,-0.000884424,0.109395,0.0800521,-1.17202,0.000973121,-0.0191916,-0.031353,42.0008,1,-0.0118438,0.034127,0.0212187,0.999885,-0.0149504,0.00165175,-0.00181743,0.0240098,0.257314,0.131703,0.109404,0.0798601,-1.17233,0.000959093,-0.0193188,0.0624601
42.0008,0.999885,-0.0149501,0.00164858,-0.00179471,0.000245997,0.00314036,0.00390925,0.109552,0.0798526,-1.17218,0.000236615,-0.0188583,-0.0313872,42.0208,1,0.0119959,-0.00958132,0.0166074,0.999885,-0.0149488,0.00166457,-0.00177541,0.215445,-0.0916411,0.102347,0.109555,0.079664,-1.17249,0.000222358,-0.0189855,0.0624259
42.0208,0.999886,-0.0149055,0.00169296,-0.0017783,0.00304388,-0.0015219,0.000712647,0.11006,0.0793582,-1.17231,-0.00172509,-0.0181096,-0.0306588,42.0408,1,0.0188203,-0.0284982,0.0241713,0.999886,-0.0148903,0.00168538,-0.00177465,0.269763,-0.244106,0.143093,0.110043,0.0791772,-1.17262,-0.00173972,-0.0182364,0.0631543
42.0408,0.999886,-0.0149215,0.00168803,-0.0017836,-0.00174982,0.00273916,0.000180011,0.110356,0.0790606,-1.17231,-0.00345676,-0.0176099,-0.0305109,42.0608,1,-0.0362053,0.0165423,0.0595751,0.999885,-0.0149303,0.00170175,-0.00178289,-0.171584,0.111226,0.344585,0.110322,0.0788845,-1.17261,-0.00347135,-0.0177368,0.0633022
42.0608,0.999885,-0.0149302,0.00168895,-0.00178651,-0.0024156,0.000475478,-0.000485774,0.110417,0.0789843,-1.17233,-0.00371148,-0.0174614,-0.0306563,42.0808,1,0.00954963,0.0232151,0.00960644,0.999885,-0.0149423,0.00169131,-0.00178896,0.195326,0.171182,0.0658221,0.11038,0.0788097,-1.17263,-0.00372608,-0.0175884,0.0631568
42.0808,0.999886,-0.0149175,0.00168947,-0.00176963,0.00131282,-0.00138874,0.00151159,0.110585,0.078753,-1.17243,-0.00403205,-0.0172006,-0.0308735,42.1008,1,-0.00168954,-0.033616,-0.0109435,0.999886,-0.014911,0.00168263,-0.00176198,0.106375,-0.281123,-0.0541973,0.110545,0.078581,-1.17273,-0.00404665,-0.0173276,0.0629396
42.1008,0.999886,-0.0149498,0.00155293,-0.00177024,-0.00134983,-0.00245508,-0.000219889,0.110855,0.078271,-1.17264,-0.00671558,-0.017086,-0.0299429,42.1208,1,0.00849308,0.00635598,0.00196206,0.999885,-0.0149565,0.00154065,-0.00177115,0.187414,0.0383049,0.021505,0.110788,0.0781001,-1.17294,-0.00672902,-0.0172132,0.0638702
42.1208,0.999886,-0.0149479,0.0015469,-0.00176836,0.000248082,-0.00125666,0.000712218,0.110896,0.07819,-1.17265,-0.00688297,-0.0176817,-0.0298359,42.1408,1,-0.0141902,0.00169229,0.0321388,0.999886,-0.0149466,0.00154067,-0.00176471,0.00557875,-0.00287474,0.189872,0.110827,0.0780132,-1.17295,-0.00689636,-0.0178088,0.0639772
42.1408,0.999885,-0.0149601,0.00153121,-0.00176288,-0.00214876,-0.00245508,0.00164433,0.110972,0.0780148,-1.17269,-0.00653625,-0.0179121,-0.0295672,42.1608,1,0.0274961,-0.0205839,0.00790938,0.999885,-0.0149708,0.00151908,-0.00175446,0.339743,-0.177454,0.0526647,0.110906,0.0778356,-1.17299,-0.0065495,-0.0180393,0.0642459
42.1608,0.999886,-0.0149544,0.00142174,-0.00175175,0.00171281,-0.0093793,0.000445904,0.111179,0.077532,-1.17289,-0.00506114,-0.0189625,-0.0291917,42.1808,1,0.00297559,0.0173089,-0.00765696,0.999886,-0.014946,0.00137486,-0.00174883,0.14326,0.128041,-0.0315928,0.111128,0.0773424,-1.17318,-0.00507346,-0.0190897,0.0646214
42.1808,0.999887,-0.0149009,0.00134907,-0.001747,0.00450914,0.000474396,-8.6734e-05,0.111379,0.0768333,-1.1733,-0.00488087,-0.0210788,-0.0289287,42.2008,1,-0.0152991,-0.0127195,-0.0292042,0.999887,-0.0148784,0.00135139,-0.0017475,-0.00275261,-0.109262,-0.154925,0.11133,0.0766225,-1.17359,-0.00489258,-0.0212056,0.0648843
42.2008,0.999887,-0.0148892,0.00135775,-0.00174395,0.00277808,0.0023386,0.000978536,0.111413,0.0767017,-1.17338,-0.00433856,-0.0212039,-0.028781,42.2208,1,-0.00911792,0.00845611,-0.00200475,0.999887,-0.0148753,0.00136949,-0.00173925,0.0460729,0.0568917,-0.000824239,0.11137,0.0764896,-1.17367,-0.00435034,-0.0213306,0.0650321
42.2208,0.999887,-0.0148743,0.00136181,-0.00173123,0.00357702,0.00114019,0.00337538,0.111452,0.0765678,-1.17347,-0.00362622,-0.0213549,-0.0287177,42.2408,1,-0.0178552,-0.00331146,-0.029496,0.999887,-0.0148564,0.00136773,-0.00171446,-0.0235354,-0.0341141,-0.155882,0.111415,0.0763543,-1.17376,-0.00363803,-0.0214814,0.0650954
42.2408,0.999888,-0.0148098,0.00133749,-0.00175606,0.00277841,-0.00232388,-0.0019514,0.111802,0.0758724,-1.17377,-0.00190485,-0.0221686,-0.0285439,42.2608,1,0.00524803,0.00878775,-0.0199702,0.999888,-0.0147959,0.00132571,-0.00176566,0.160518,0.0620366,-0.101221,0.111783,0.0756508,-1.17406,-0.00191646,-0.0222946,0.0652692
42.2608,0.999889,-0.0147176,0.00141882,-0.00174321,0.00610736,0.00699717,0.00151071,0.112202,0.0751518,-1.17406,-0.0015277,-0.0224513,-0.028552,42.2808,1,-0.0149846,0.0072353,0.055143,0.99989,-0.014687,0.00145386,-0.00173621,-0.00304492,0.0398427,0.31899,0.112187,0.0749273,-1.17434,-0.00154,-0.0225766,0.065261
42.2808,0.99989,-0.0146753,0.00146455,-0.00173533,0.00450946,0.00646454,0.000578608,0.112367,0.0748472,-1.17421,-0.000311841,-0.0229107,-0.0284092,42.3008,1,-0.0147207,-0.0316917,-0.0236716,0.99989,-0.0146527,0.00149687,-0.00173294,0.000262674,-0.262637,-0.125562,0.112363,0.0746181,-1.1745,-0.00032452,-0.0230356,0.0654038
42.3008,0.99989,-0.0146299,0.00148737,-0.00173288,0.00424314,0.00127139,-0.000619822,0.112538,0.0745338,-1.17438,0.000376454,-0.0228314,-0.0278152,42.3208,1,-0.0219025,0.0467188,0.0513468,0.999891,-0.0146087,0.00149365,-0.0017361,-0.0597305,0.355529,0.300834,0.112542,0.0743055,-1.17466,0.000363581,-0.0229559,0.0659979
42.3208,0.999891,-0.0145854,0.00150775,-0.00170552,0.00397744,0.00353337,0.00204288,0.11301,0.0737754,-1.17471,-0.000647636,-0.0217051,-0.0273497,42.3408,1,0.0219373,-0.023017,0.0193169,0.999891,-0.0145655,0.00152553,-0.00169559,0.292163,-0.198124,0.116012,0.113004,0.0735583,-1.17498,-0.000660678,-0.0218292,0.0664633
42.3408,0.999892,-0.0144907,0.00161128,-0.00170725,0.00637429,0.0059302,0.00057816,0.113424,0.0732096,-1.17487,0.000277098,-0.0212346,-0.0272876,42.3608,1,-0.060054,-0.00640626,-0.0331129,0.999893,-0.0144587,0.00164091,-0.00170484,-0.364216,-0.0610858,-0.176936,0.113427,0.0729972,-1.17514,0.000263176,-0.0213579,0.0665254
42.3608,0.999892,-0.0144855,0.0016382,-0.00170602,0.00118113,0.00699547,0.000578163,0.113529,0.0730681,-1.17493,0.000902037,-0.0211262,-0.0273058,42.3808,1,-0.0512237,0.0661589,0.0249053,0.999892,-0.0144795,0.0016732,-0.00170364,-0.295533,0.512574,0.153868,0.113538,0.0728568,-1.1752,0.000887886,-0.0212494,0.0665072
42.3808,0.999892,-0.0144913,0.00164865,-0.00169863,-0.0025467,-0.0029929,0.000844035,0.114069,0.0725537,-1.17493,0.000604896,-0.0200251,-0.0266342,42.4008,1,0.0090812,0.0376975,-0.0353502,0.999892,-0.0145041,0.00163377,-0.00169417,0.188367,0.292598,-0.185297,0.114075,0.0723534,-1.1752,0.000590657,-0.0201484,0.0671787
42.4008,0.999892,-0.014526,0.00170246,-0.00168758,-0.00307933,0.00552921,4.50791e-05,0.114627,0.0719534,-1.17507,-0.000890588,-0.0181088,-0.0269584,42.4208,1,-0.0429993,0.0170882,0.0157518,0.999891,-0.0145414,0.00173014,-0.00168773,-0.228333,0.120676,0.0986199,0.114618,0.0717723,-1.17534,-0.000905284,-0.0182324,0.0668546
42.4208,0.999891,-0.0145517,0.00173464,-0.00168383,-0.00334565,-0.00112869,0.00137664,0.115028,0.0714877,-1.17529,-0.000227686,-0.0181024,-0.0269992,42.4408,1,0.000335122,0.0414776,0.015282,0.999891,-0.0145685,0.00172913,-0.00167684,0.11821,0.316146,0.0983733,0.115026,0.0713066,-1.17556,-0.000242656,-0.0182262,0.0668138
42.4408,0.999891,-0.0145594,0.00172705,-0.00167251,-0.00201406,-0.00166131,0.00297456,0.115125,0.071366,-1.17536,-0.000263062,-0.0183376,-0.0268972,42.4608,1,0.0107194,-0.0136646,0.000511056,0.999891,-0.0145695,0.00171897,-0.0016575,0.202379,-0.123035,0.0112158,0.115122,0.0711826,-1.17563,-0.000277966,-0.0184614,0.0669158
42.4608,0.999891,-0.014587,0.00171357,-0.00164874,-0.0034788,-0.000196581,0.0021756,0.115349,0.0711309,-1.17543,-0.000703302,-0.0182156,-0.0266828,42.4808,1,0.0106267,0.0164456,0.0103038,0.999891,-0.0146044,0.00171278,-0.00163782,0.201314,0.116783,0.0683712,0.115342,0.0709488,-1.1757,-0.000718089,-0.0183397,0.0671302
42.4808,0.99989,-0.0146567,0.00174954,-0.00166641,-0.00321191,0.00459519,0.000976721,0.115937,0.0705474,-1.17553,-0.00118632,-0.018486,-0.0260531,42.5008,1,-0.00847994,0.0395765,0.0248205,0.999889,-0.0146727,0.00177261,-0.00166183,0.048414,0.299574,0.151466,0.115925,0.0703626,-1.17579,-0.00120142,-0.0186107,0.06776
42.5008,0.999889,-0.0146939,0.00178531,-0.00166975,-0.00254611,0.00126624,-8.85294e-05,0.116372,0.0700551,-1.17569,-0.000828052,-0.0191021,-0.0253969,42.5208,1,-0.0135667,0.0270092,-0.00233293,0.999889,-0.0147066,0.00179165,-0.00167027,0.008648,0.201867,-0.00162978,0.116363,0.069864,-1.17595,-0.000843453,-0.0192271,0.0684162
42.5208,0.999889,-0.0146952,0.00176777,-0.00167376,-0.000415586,-0.00406008,-0.000887483,0.116474,0.0699243,-1.17574,-0.00084738,-0.0194195,-0.025237,42.5408,1,-0.0241713,0.0264419,-0.00145848,0.999889,-0.0146973,0.00174741,-0.00167789,-0.076196,0.197226,0.00313711,0.116465,0.0697301,-1.176,-0.000862633,-0.0195446,0.0685761
42.5408,0.999889,-0.0147,0.00174987,-0.00166686,-0.00108092,0.00192975,-0.000355304,0.116992,0.0693804,-1.17577,-0.00160384,-0.0213876,-0.0242459,42.5608,1,0.0126589,-0.00839567,-0.0128536,0.999889,-0.0147054,0.0017595,-0.00166877,0.219129,-0.0794737,-0.0632069,0.116976,0.0691665,-1.17601,-0.00161894,-0.0215127,0.0695671
42.5608,0.999889,-0.0147042,0.00183382,-0.00166547,0.00118276,0.00392713,0.000709963,0.117627,0.0686151,-1.17582,-0.000382124,-0.0229548,-0.0234751,42.5808,1,0.00426634,-0.00897537,-0.0143373,0.999889,-0.0146983,0.0018535,-0.00166222,0.152073,-0.08472,-0.0716498,0.117624,0.0683855,-1.17606,-0.000397938,-0.0230799,0.070338
42.5808,0.999889,-0.0146932,0.00184051,-0.00166831,0.0026475,0.00206291,-0.000488464,0.117755,0.0684523,-1.17584,7.81044e-05,-0.0234213,-0.0232508,42.6008,1,-0.0227481,0.00224836,0.0444956,0.999889,-0.0146799,0.00185077,-0.00167093,-0.0652511,-0.00225466,0.258429,0.117756,0.0682181,-1.17608,6.22336e-05,-0.0235463,0.0705623
42.6008,0.99989,-0.0146436,0.0018525,-0.00166064,0.00464487,0.00219607,0.000310482,0.118122,0.0679268,-1.17594,-0.000487749,-0.0256494,-0.0228414,42.6208,1,-0.042357,-0.00631579,0.00494425,0.99989,-0.0146204,0.00186347,-0.00165929,-0.221768,-0.066469,0.0360183,0.118117,0.0676704,-1.17616,-0.00050372,-0.025774,0.0709717
42.6208,0.999891,-0.0145516,0.00189701,-0.00166935,0.00650965,0.00312582,0.000310037,0.118826,0.0669773,-1.1759,-0.00202386,-0.0284624,-0.0222777,42.6408,1,-0.0128542,0.00644542,-0.0387957,0.999891,-0.014519,0.00191261,-0.00166809,0.013993,0.0407393,-0.207503,0.118806,0.0666927,-1.17613,-0.00204021,-0.0285862,0.0715353
42.6408,0.999894,-0.0143279,0.00193256,-0.00163134,0.0119691,-0.000735767,0.00284002,0.119451,0.0659078,-1.17593,-0.00303412,-0.0304986,-0.0225912,42.6608,1,0.0084126,0.0201466,0.00955614,0.999895,-0.014268,0.00192899,-0.00161721,0.181474,0.144714,0.0643492,0.119421,0.0656028,-1.17616,-0.00305077,-0.0306205,0.0712217
42.6608,0.999895,-0.014294,0.00192526,-0.00163506,0.00837386,-0.00140153,-0.000755227,0.119562,0.0656838,-1.17596,-0.00340657,-0.0306813,-0.0227015,42.6808,1,-0.0238331,0.00256498,0.0361653,0.999895,-0.0142521,0.00191813,-0.00163882,-0.0769915,0.000682813,0.2116,0.119528,0.0653769,-1.17619,-0.00342315,-0.0308029,0.0711114
42.6808,0.999897,-0.0141148,0.00186434,-0.00162059,0.0126349,-0.00126837,0.00164165,0.119931,0.0647751,-1.1761,-0.00557272,-0.0305209,-0.0220637,42.7008,1,-0.0597577,-0.00442974,-0.0244951,0.999898,-0.0140517,0.00185801,-0.00161241,-0.364908,-0.0483265,-0.129076,0.119876,0.0644699,-1.17632,-0.00558878,-0.030641,0.0717492
42.7008,0.9999,-0.0139531,0.00182014,-0.00161414,0.00690986,-0.00286822,-0.000223091,0.12042,0.0637051,-1.176,-0.00651111,-0.0295556,-0.0213753,42.7208,1,0.0443027,-0.00675648,-0.071983,0.9999,-0.0139185,0.00180573,-0.00161511,0.466744,-0.0599479,-0.394134,0.120355,0.0634096,-1.17622,-0.00652679,-0.0296743,0.0724376
42.7208,0.999901,-0.0138867,0.00177186,-0.00161752,0.00784197,-0.00593086,-0.000223086,0.120611,0.0632886,-1.17596,-0.00610144,-0.0289864,-0.0211955,42.7408,1,-0.00730044,-0.0123892,0.000387217,0.999901,-0.0138476,0.00174213,-0.00161829,0.0528395,-0.113415,0.0101895,0.12055,0.0629987,-1.17618,-0.00611671,-0.0291045,0.0726174
42.7408,0.999902,-0.01382,0.00171148,-0.0016233,0.00624406,-0.00779508,-8.99362e-05,0.120787,0.0628781,-1.17595,-0.00666834,-0.0283368,-0.0213325,42.7608,1,-0.0407968,0.00880774,0.0174587,0.999902,-0.0137888,0.00167246,-0.00162327,-0.216249,0.0543171,0.107131,0.12072,0.0625948,-1.17616,-0.0066831,-0.0284544,0.0724803
42.7608,0.999903,-0.013719,0.00162752,-0.00163773,0.00398037,-0.00313455,-0.000223081,0.121073,0.0620857,-1.17598,-0.00761542,-0.0265157,-0.0212931,42.7808,1,-0.0110718,-0.0270576,-0.000961522,0.999904,-0.0136991,0.0016118,-0.00163866,0.0215056,-0.229494,0.0016037,0.120997,0.0618205,-1.17619,-0.00762946,-0.0266325,0.0725197
42.7808,0.999904,-0.0137122,0.00150487,-0.00161902,0.000919267,-0.00486878,-0.00182189,0.121846,0.0610479,-1.17531,-0.00675526,-0.0210636,-0.0215436,42.8008,1,-0.0219802,0.0272433,-0.00862668,0.999904,-0.0137076,0.0014804,-0.0016278,-0.0664474,0.206556,-0.0373374,0.121778,0.0608373,-1.17553,-0.00676825,-0.0211802,0.0722692
42.8008,0.999904,-0.0137136,0.00148504,-0.00162709,-0.000545478,-0.0044693,-0.00182192,0.121956,0.0609249,-1.17522,-0.00688798,-0.0201819,-0.0217264,42.8208,1,-0.028209,0.0146795,-0.0308596,0.999904,-0.0137164,0.00146257,-0.00163589,-0.115873,0.108574,-0.162801,0.121887,0.0607231,-1.17544,-0.00690081,-0.0202986,0.0720864
42.8208,0.999904,-0.0137209,0.00146276,-0.00162178,-0.00201022,-0.00513509,0.00150705,0.122061,0.0608064,-1.17513,-0.00704551,-0.0195797,-0.0218882,42.8408,1,-0.0455781,-0.0334708,0.046306,0.999903,-0.013731,0.00143721,-0.00161388,-0.255223,-0.285086,0.265401,0.121991,0.0606106,-1.17535,-0.00705814,-0.0196964,0.0719246
42.8408,0.999903,-0.013759,0.00142909,-0.00160749,-0.0058718,-0.00247193,0.00177336,0.122262,0.0605779,-1.17498,-0.0068769,-0.0186896,-0.0217092,42.8608,1,0.0223858,0.00519173,0.0332161,0.999903,-0.0137884,0.0014169,-0.00159841,0.288605,0.0267381,0.195566,0.122193,0.060391,-1.1752,-0.00688925,-0.0188067,0.0721036
42.8608,0.999901,-0.0139193,0.00141439,-0.00157997,-0.00760285,-0.00127351,0.000441772,0.122741,0.0600533,-1.17472,-0.00465542,-0.0160573,-0.0222177,42.8808,1,-0.0285866,-0.015088,-0.0200263,0.9999,-0.0139573,0.00140811,-0.00157762,-0.116979,-0.13013,-0.104697,0.122695,0.0598927,-1.17494,-0.00466764,-0.0161757,0.0715951
42.8808,0.999898,-0.0140986,0.00140613,-0.00158293,-0.00920075,0.000191228,-0.00222139,0.123228,0.0595971,-1.17465,-0.0034876,-0.014851,-0.0227714,42.9008,1,-0.00147726,0.00631186,0.0620535,0.999898,-0.0141446,0.001407,-0.00159398,0.0999742,0.032245,0.356798,0.123194,0.0594486,-1.17487,-0.00349976,-0.014971,0.0710415
42.9008,0.999898,-0.0141417,0.00140681,-0.00157869,-0.0109318,0.000457577,0.00124074,0.123369,0.0595233,-1.17455,-0.00340625,-0.0150389,-0.0226152,42.9208,1,0.0148748,-0.0374905,-0.0417396,0.999897,-0.0141964,0.00140927,-0.00157244,0.232873,-0.306219,-0.227744,0.123335,0.0593729,-1.17478,-0.00341841,-0.0151593,0.0711977
42.9208,0.999897,-0.0142094,0.00142461,-0.00157626,-0.0091998,0.00405057,-0.000623947,0.123642,0.0593668,-1.17439,-0.0030325,-0.0153418,-0.0227153,42.9408,1,-0.0027842,0.0302869,-0.00182142,0.999896,-0.0142553,0.00144489,-0.00157961,0.0909896,0.23105,0.00101185,0.123612,0.0592134,-1.17462,-0.00304481,-0.0154627,0.0710976
42.9408,0.999894,-0.0143654,0.0015384,-0.0015702,-0.00666979,0.00698005,-0.000757092,0.124347,0.058951,-1.17405,-0.00110684,-0.0162807,-0.0236574,42.9608,1,-0.0375488,0.00999703,-0.00546725,0.999894,-0.0143987,0.00157329,-0.00157444,-0.185582,0.0678268,-0.0213463,0.124336,0.0587882,-1.17429,-0.00112012,-0.0164029,0.0701556
42.9608,0.999893,-0.0144359,0.00163169,-0.00158614,-0.00307363,0.00631228,0.000973511,0.125035,0.0586126,-1.17368,0.000106987,-0.0174951,-0.0239924,42.9808,1,0.00566729,0.000304203,0.0095184,0.999893,-0.0144512,0.00166334,-0.00158171,0.160685,-0.0116467,0.0622556,0.125036,0.0584377,-1.17392,9.2907e-05,-0.017618,0.0698205
42.9808,0.999893,-0.0144537,0.00164036,-0.0015796,-0.00467155,0.00258384,0.00190561,0.125201,0.0585192,-1.1736,-2.46269e-05,-0.0177573,-0.0240731,43.0008,1,0.0295782,0.0145162,-0.0305084,0.999893,-0.014477,0.00165345,-0.00157022,0.35233,0.106909,-0.160545,0.125201,0.0583416,-1.17385,-3.87802e-05,-0.0178802,0.0697399
43.0008,0.999892,-0.0144928,0.00169278,-0.00158954,-0.00174206,0.00684491,-0.00142334,0.125673,0.0582126,-1.17343,-0.000134209,-0.0187011,-0.0235009,43.0208,1,-0.0277756,-0.0304041,0.0324274,0.999892,-0.0145014,0.00172691,-0.00159714,-0.106451,-0.260843,0.187732,0.125671,0.0580256,-1.17366,-0.000148811,-0.0188244,0.0703121
43.0208,0.999892,-0.0144847,0.00187778,-0.00162603,0.00105425,0.0101739,-0.00208913,0.12639,0.0576106,-1.17327,0.000137503,-0.0214862,-0.0242171,43.0408,1,-0.00718267,0.0173325,-0.0266758,0.999892,-0.0144794,0.00192849,-0.00163722,0.0585361,0.126628,-0.138937,0.126391,0.0573958,-1.17351,0.000121323,-0.0216094,0.0695959
43.0408,0.999892,-0.0144464,0.00195037,-0.00162095,0.00238583,0.00391543,0.0019056,0.126909,0.0570325,-1.17326,-0.000675127,-0.0233728,-0.0242214,43.0608,1,0.0257239,0.00296669,-0.00602238,0.999893,-0.0144344,0.00197006,-0.00161172,0.321354,0.00916309,-0.0241266,0.126902,0.0567988,-1.1735,-0.000691923,-0.0234957,0.0695916
43.0608,0.999893,-0.0144255,0.00196784,-0.00162655,0.005049,0.00471437,-0.00115704,0.127023,0.0568754,-1.17327,-0.00159102,-0.023941,-0.0243563,43.0808,1,0.0244059,-0.00553349,0.0341737,0.999893,-0.0144002,0.00199129,-0.00163272,0.310061,-0.0636179,0.200275,0.127007,0.056636,-1.17352,-0.00160797,-0.0240637,0.0694567
43.0808,0.999894,-0.014352,0.00200736,-0.00164347,0.005049,0.00271701,-0.00235545,0.127398,0.0562044,-1.1734,-0.00412807,-0.0254601,-0.0250402,43.1008,1,0.015689,-0.00412027,-0.0245075,0.999894,-0.0143268,0.00202074,-0.00165549,0.240713,-0.0459905,-0.128183,0.127357,0.0559498,-1.17365,-0.00414536,-0.0255822,0.0687727
43.1008,0.999896,-0.0141789,0.00203446,-0.00163385,0.00518504,-0.000484056,0.00257035,0.128168,0.0555547,-1.17275,-0.00556708,-0.0258227,-0.0252702,43.1208,1,-0.0257748,0.00967779,0.00809532,0.999896,-0.0141529,0.00203218,-0.00162102,-0.0930512,0.0598902,0.0549497,0.128112,0.0552964,-1.17301,-0.00558459,-0.0259434,0.0685427
43.1208,0.999896,-0.014166,0.00203057,-0.00161976,0.00292135,-0.000484027,0.00376878,0.128319,0.0554238,-1.17261,-0.00614139,-0.0259508,-0.025256,43.1408,1,0.00107968,-0.0309461,0.0257001,0.999897,-0.0141514,0.00202839,-0.00160091,0.121856,-0.266673,0.150526,0.128257,0.0551643,-1.17287,-0.00615887,-0.0260713,0.0685569
43.1408,0.999897,-0.0141313,0.00201144,-0.00161054,0.00398661,-0.00261457,0.00177142,0.128594,0.0551592,-1.17236,-0.00711562,-0.0253113,-0.0256389,43.1608,1,-0.0678571,0.0351861,0.00279651,0.999897,-0.0141114,0.00199847,-0.00160154,-0.43058,0.264225,0.0266716,0.128523,0.0549061,-1.17262,-0.00713293,-0.0254315,0.068174
43.1608,0.999899,-0.013976,0.00194057,-0.00162155,0.00851399,-0.00261456,-0.00115808,0.12913,0.0545053,-1.17188,-0.00962602,-0.0245554,-0.0251155,43.1808,1,0.0197718,-0.0185298,-0.00941163,0.9999,-0.0139334,0.00192735,-0.00162724,0.270307,-0.162433,-0.0448583,0.129033,0.0542598,-1.17213,-0.00964272,-0.0246743,0.0686974
43.1808,0.999901,-0.0138425,0.00180128,-0.00163484,0.00585191,-0.00727729,0.00137145,0.129641,0.0539236,-1.17129,-0.0106826,-0.0223576,-0.0250201,43.2008,1,-0.0315346,-0.0113409,-0.0795829,0.999902,-0.0138132,0.00176494,-0.00162753,-0.14063,-0.0966737,-0.437696,0.129534,0.0537,-1.17154,-0.0106981,-0.0224754,0.0687928
43.2008,0.999902,-0.0138098,0.00171775,-0.00164027,0.00225664,-0.00994045,-0.000359611,0.129837,0.0537249,-1.17103,-0.011498,-0.0207547,-0.0249652,43.2208,1,0.008053,0.0289132,-0.0338011,0.999902,-0.0137986,0.00166801,-0.0016414,0.174868,0.221395,-0.177778,0.129722,0.0535173,-1.17128,-0.0115128,-0.0208722,0.0688476
43.2208,0.999902,-0.0138092,0.00168867,-0.00163592,-0.00014022,-0.00674466,0.00123828,0.129924,0.0536333,-1.17091,-0.0120803,-0.0198895,-0.0249539,43.2408,1,-0.0367295,0.0089184,0.032159,0.999902,-0.01381,0.00165504,-0.00162926,-0.184021,0.0538141,0.189565,0.129803,0.0534344,-1.17116,-0.0120948,-0.020007,0.0688589
43.2408,0.999902,-0.0138331,0.00158056,-0.00163291,-0.00107231,-0.00621203,0.000306208,0.130306,0.053241,-1.17048,-0.0109789,-0.0164011,-0.0257344,43.2608,1,-0.0199745,0.000732186,-0.0415623,0.999902,-0.0138386,0.00154953,-0.00163094,-0.0487166,-0.00243552,-0.223712,0.130197,0.053077,-1.17073,-0.0109926,-0.0165188,0.0680785
43.2608,0.999901,-0.0139444,0.0014325,-0.0016366,-0.00812969,-0.00314939,-0.000759067,0.130697,0.0528436,-1.17025,-0.00998035,-0.0144833,-0.0269159,43.2808,1,0.00309906,-0.0140431,0.0210934,0.9999,-0.0139851,0.00141677,-0.00164011,0.136251,-0.126102,0.126202,0.130597,0.0526988,-1.17052,-0.00999273,-0.0146019,0.066897
43.2808,0.9999,-0.0139691,0.00141737,-0.00163423,-0.00639865,-0.0034157,0.000705642,0.130755,0.0527805,-1.17024,-0.00984229,-0.0141517,-0.0269504,43.3008,1,-0.0290758,0.022897,-0.0613797,0.9999,-0.0140011,0.00140039,-0.00163042,-0.120721,0.178327,-0.333003,0.130657,0.052639,-1.17051,-0.00985455,-0.0142705,0.0668624
43.3008,0.999899,-0.0140724,0.00141545,-0.00161613,-0.00852799,0.00150841,0.0032352,0.131037,0.0526458,-1.17004,-0.00870337,-0.0133062,-0.0270602,43.3208,1,-0.04765,-0.00745419,-0.044083,0.999898,-0.014115,0.00142329,-0.0016,-0.268227,-0.0665802,-0.238774,0.13095,0.0525128,-1.17031,-0.0087156,-0.0134259,0.0667527
43.3208,0.999896,-0.0142293,0.00144921,-0.00164215,-0.00852688,0.00230514,-0.00155899,0.131745,0.0525232,-1.16948,-0.00577755,-0.0129868,-0.0278987,43.3408,1,-0.0288794,0.0202333,0.026259,0.999896,-0.0142719,0.00146069,-0.00165004,-0.117857,0.146899,0.1576,0.131687,0.0523933,-1.16976,-0.00579008,-0.0131079,0.0659143
43.3408,0.999895,-0.0143232,0.00147601,-0.00162495,-0.00652952,0.00177251,0.00243573,0.132356,0.0523961,-1.16908,-0.00549435,-0.0145481,-0.0282862,43.3608,1,0.0273197,0.0119929,-0.0424084,0.999895,-0.0143558,0.0014851,-0.00161285,0.333311,0.0893556,-0.227187,0.132301,0.0522507,-1.16936,-0.00550711,-0.01467,0.0655268
43.3608,0.999895,-0.0143535,0.00149185,-0.00161525,-0.0078611,0.00443564,0.00270206,0.132497,0.0523524,-1.16901,-0.00568564,-0.0146904,-0.0285161,43.3808,1,-0.0287378,0.0284871,0.0205729,0.999894,-0.0143927,0.00151428,-0.001602,-0.115783,0.213216,0.126282,0.13244,0.0522055,-1.16929,-0.00569853,-0.0148125,0.0652969
43.3808,0.999894,-0.0144035,0.00152935,-0.00160708,-0.00706216,0.00536774,0.00123732,0.132766,0.0522551,-1.16889,-0.00526442,-0.0152173,-0.0285637,43.4008,1,0.0285173,-0.040667,-0.00935781,0.999893,-0.0144388,0.00155633,-0.00160122,0.343832,-0.336076,-0.046446,0.132714,0.0521029,-1.16917,-0.00527763,-0.0153399,0.0652493
43.4008,0.999893,-0.0144322,0.00163148,-0.00162038,-0.00253477,0.00496829,-0.00115952,0.133405,0.051928,-1.16872,-0.00417991,-0.017333,-0.0290208,43.4208,1,0.0189864,-0.0311189,-0.0395031,0.999893,-0.0144448,0.00165626,-0.00162652,0.268085,-0.257151,-0.214474,0.133363,0.0517546,-1.16901,-0.00419399,-0.0174558,0.0647921
43.4208,0.999893,-0.0144191,0.00170484,-0.00161635,0.00372366,0.0017725,-9.42574e-05,0.133862,0.0515792,-1.16873,-0.00468556,-0.0184603,-0.0293676,43.4408,1,-0.0492122,-0.0063529,0.015541,0.999894,-0.0144005,0.00171366,-0.00161698,-0.278589,-0.0668671,0.0950768,0.133815,0.0513946,-1.16903,-0.00470027,-0.018583,0.0644454
43.4408,0.999893,-0.0144103,0.00172849,-0.0016151,0.00199261,0.00629986,0.000571557,0.133964,0.0514841,-1.16876,-0.00491172,-0.0186637,-0.0296113,43.4608,1,0.00865844,-0.0225644,-0.0224661,0.999893,-0.0144003,0.00176001,-0.00161272,0.185082,-0.191614,-0.118494,0.133915,0.0512974,-1.16905,-0.00492662,-0.0187863,0.0642016
43.4608,0.999894,-0.0143593,0.00182854,-0.00160238,0.00265839,0.00510145,0.000704693,0.134406,0.0509542,-1.16899,-0.00584781,-0.0199403,-0.0309481,43.4808,1,-0.0311939,-0.00513365,-0.033373,0.999894,-0.014346,0.00185408,-0.00159925,-0.134218,-0.0522439,-0.178638,0.134347,0.0507548,-1.1693,-0.00586356,-0.0200624,0.0628648
43.4808,0.999895,-0.0142993,0.00188248,-0.00160291,0.00492436,0.00230153,-0.00155957,0.135084,0.0505878,-1.16901,-0.00745279,-0.0202728,-0.0317248,43.5008,1,-0.0139404,0.0191189,-0.0363856,0.999895,-0.0142747,0.00189384,-0.00161091,0.00307791,0.141873,-0.193386,0.135009,0.0503851,-1.16932,-0.007469,-0.0203945,0.0620882
43.5008,0.999895,-0.0142754,0.00188762,-0.00160785,0.00572332,0.00176891,-0.00102689,0.135196,0.0505065,-1.16903,-0.00795809,-0.0201574,-0.0318046,43.5208,1,-0.00814203,0.00695802,0.00729857,0.999895,-0.0142467,0.00189634,-0.00161316,0.0488641,0.0396204,0.0503411,0.135117,0.0503049,-1.16935,-0.00797435,-0.0202788,0.0620083
43.5208,0.999896,-0.0142131,0.00188381,-0.00160523,0.00692173,-0.000761101,0.00123678,0.135398,0.0503435,-1.16911,-0.00884466,-0.019635,-0.031781,43.5408,1,-0.0036702,-0.0300834,0.00156916,0.999896,-0.0141785,0.00188004,-0.00159906,0.0846569,-0.255932,0.0153384,0.13531,0.0501472,-1.16943,-0.00886089,-0.0197559,0.0620319
43.5408,0.999897,-0.0141785,0.00186471,-0.00161409,-0.00079938,-0.000231602,-0.00355745,0.135849,0.0501037,-1.16921,-0.0100733,-0.018329,-0.0321487,43.5608,1,-0.0255303,-0.0195141,0.0171457,0.999896,-0.0141826,0.00186331,-0.00163186,-0.090872,-0.173279,0.103223,0.135749,0.0499204,-1.16953,-0.0100893,-0.0184496,0.0616642
43.5608,0.999897,-0.0141571,0.00175112,-0.00161278,-0.000932535,-0.00569109,3.78215e-05,0.13653,0.0499057,-1.16935,-0.011195,-0.0156504,-0.0318645,43.5808,1,-0.00473188,0.0128079,0.0256407,0.999897,-0.0141618,0.00172267,-0.00161218,0.0748337,0.0854844,0.15357,0.136418,0.0497492,-1.16967,-0.0112101,-0.0157709,0.0619484
43.5808,0.999897,-0.0141585,0.00171936,-0.0016124,-0.000666233,-0.00742215,0.000170995,0.136623,0.0498742,-1.1694,-0.0112888,-0.0153283,-0.0318618,43.6008,1,-0.0102964,-0.0253555,-0.0164625,0.999897,-0.0141619,0.00168227,-0.00161101,0.0314011,-0.214839,-0.0852652,0.13651,0.0497209,-1.16972,-0.0113036,-0.0154488,0.0619511
43.6008,0.999897,-0.0141693,0.00168688,-0.00160989,-0.000533079,-0.00302793,0.00123626,0.136861,0.0498483,-1.16945,-0.0111082,-0.0146824,-0.0317159,43.6208,1,0.00683658,0.0351176,-0.00708638,0.999897,-0.014172,0.00167183,-0.00160349,0.16761,0.268317,-0.0278191,0.13675,0.0497015,-1.16976,-0.0111228,-0.014803,0.062097
43.6208,0.999897,-0.0142026,0.00166878,-0.00159768,-0.0034608,-0.000367855,0.000303617,0.13729,0.0498646,-1.16947,-0.0105674,-0.0135621,-0.0319072,43.6408,1,-0.0452964,0.0208096,-0.0439994,0.999896,-0.0142199,0.00166699,-0.00159611,-0.248643,0.157559,-0.236212,0.137184,0.049729,-1.16979,-0.0105818,-0.0136829,0.0619057
43.6408,0.999896,-0.014274,0.00160253,-0.00159884,-0.00345934,-0.00409878,0.00136837,0.138106,0.0499801,-1.16945,-0.00906867,-0.0121653,-0.0311681,43.6608,1,-0.00929148,0.0100903,0.0302122,0.999895,-0.0142913,0.00158216,-0.00159168,0.0392884,0.0643322,0.178843,0.138015,0.0498585,-1.16976,-0.0090825,-0.0122867,0.0626448
43.6608,0.999895,-0.0143201,0.00159666,-0.00160854,-0.00439145,2.91273e-05,-0.00036269,0.138606,0.0500712,-1.16944,-0.00883315,-0.0116815,-0.0309524,43.6808,1,-0.0347413,0.0336952,0.00103521,0.999895,-0.014342,0.00159682,-0.00161032,-0.163922,0.256209,0.0171853,0.138517,0.0499543,-1.16975,-0.00884694,-0.0118033,0.0628606
43.6808,0.999895,-0.0143401,0.00160197,-0.00160952,-0.00545671,0.0020265,3.67699e-05,0.138763,0.0500962,-1.16945,-0.00860836,-0.0118356,-0.0310598,43.7008,1,-0.0202152,0.00344213,-0.00170736,0.999894,-0.0143674,0.00161214,-0.00160943,-0.0470305,0.0146567,-0.000453729,0.138677,0.0499779,-1.16977,-0.00862218,-0.0119576,0.0627532
43.7008,0.999893,-0.0144158,0.00166225,-0.00161993,-0.00385882,0.00202649,-0.00116164,0.139531,0.0501803,-1.16962,-0.00611913,-0.0117621,-0.0314965,43.7208,1,-0.0199616,0.0347125,-0.00184416,0.999893,-0.0144351,0.00167232,-0.00162585,-0.044867,0.264337,0.00135462,0.13947,0.0500627,-1.16994,-0.00613347,-0.0118847,0.0623165
43.7208,0.999892,-0.0144874,0.00168887,-0.00162278,-0.00332618,0.00309177,0.000169941,0.140108,0.050198,-1.1699,-0.00597482,-0.0121358,-0.0325276,43.7408,1,0.0112123,-0.00415111,-0.00588004,0.999892,-0.014504,0.00170437,-0.00162212,0.205711,-0.045888,-0.0240687,0.140048,0.0500766,-1.17022,-0.00598939,-0.0122591,0.0612854
43.7408,0.999892,-0.0145086,0.0017061,-0.00161908,-0.00279355,0.00215965,-0.00089532,0.140367,0.0501861,-1.17008,-0.00635229,-0.0125622,-0.0327566,43.7608,1,-0.0218799,0.00399329,0.0256406,0.999892,-0.0145225,0.00171685,-0.00162368,-0.0594203,0.0150425,0.152749,0.140304,0.0500605,-1.17041,-0.006367,-0.0126857,0.0610564
43.7608,0.999892,-0.0145181,0.00175563,-0.00160884,-0.00186149,0.00748596,0.000702591,0.14061,0.0501564,-1.17028,-0.00601831,-0.0132365,-0.0329524,43.7808,1,-0.00575688,-0.0377447,-0.0015318,0.999892,-0.0145273,0.00179312,-0.00160585,0.0705173,-0.315856,-0.00269954,0.14055,0.050024,-1.17061,-0.00603344,-0.01336,0.0608606
43.7808,0.999891,-0.0145399,0.00185205,-0.00161144,-0.00226093,0.0101491,0.00163468,0.140956,0.0500836,-1.17063,-0.00520303,-0.0135465,-0.0328002,43.8008,1,-0.0112495,0.0227703,0.0343854,0.999891,-0.0145511,0.00190293,-0.00160398,0.0254238,0.163195,0.203291,0.140904,0.0499482,-1.17096,-0.00521899,-0.0136702,0.0610129
43.8008,0.999891,-0.0145486,0.0019029,-0.00160108,-0.00186005,0.00308819,0.00110148,0.14177,0.0500247,-1.17104,-0.00612592,-0.0138407,-0.0324285,43.8208,1,0.0126776,-0.0087535,-0.0645762,0.999891,-0.0145579,0.00191843,-0.00159578,0.218637,-0.0775316,-0.353219,0.141709,0.0498863,-1.17137,-0.00614232,-0.0139644,0.0613845
43.8208,0.999891,-0.0145487,0.00194611,-0.00160533,-0.000661614,0.00322135,-0.00222747,0.142204,0.0499647,-1.17132,-0.00748149,-0.0146315,-0.0325419,43.8408,1,-0.0316823,-0.0412439,0.00989089,0.999891,-0.014552,0.00196206,-0.00161669,-0.136829,-0.34702,0.0606547,0.142129,0.0498183,-1.17165,-0.00749825,-0.0147553,0.0612711
43.8408,0.999891,-0.0145395,0.00197121,-0.00161273,0.00200155,0.00681662,-0.00156168,0.142332,0.0499348,-1.17143,-0.00788498,-0.0148728,-0.0326389,43.8608,1,-0.0156449,0.0237859,0.0270904,0.999891,-0.0145295,0.00200516,-0.00162105,-0.00965326,0.171156,0.162478,0.142253,0.0497861,-1.17175,-0.00790195,-0.0149965,0.0611741
43.8608,0.999891,-0.0145374,0.00200363,-0.00161863,-0.00159372,0.00402031,-0.000762715,0.142567,0.0498652,-1.17165,-0.00833909,-0.0150571,-0.032968,43.8808,1,-0.0396745,0.00515008,0.0312989,0.999891,-0.0145453,0.00202369,-0.00162272,-0.201781,0.021034,0.184282,0.142483,0.0497146,-1.17198,-0.00835634,-0.0151808,0.060845
43.8808,0.999892,-0.01451,0.00197395,-0.00161024,0.00160385,-0.00423908,-0.00116278,0.143268,0.0497628,-1.17209,-0.0100877,-0.0148457,-0.0322989,43.9008,1,0.0117369,0.0341662,-0.000509437,0.999892,-0.0145021,0.00195266,-0.00161576,0.209458,0.257729,0.00906488,0.143168,0.0496144,-1.17241,-0.0101047,-0.0149692,0.0615141
43.9008,0.999892,-0.0144832,0.00192412,-0.00159233,-0.000525527,-0.00211118,0.000434593,0.143948,0.0497719,-1.1722,-0.0119681,-0.014418,-0.0316826,43.9208,1,0.0212589,-0.00698729,0.00803755,0.999892,-0.0144858,0.0019136,-0.00159,0.285851,-0.0719413,0.0535823,0.143828,0.0496277,-1.17252,-0.0119847,-0.0145412,0.0621304
43.9208,0.999892,-0.0144807,0.00190849,-0.00159043,0.000273413,-0.00317644,0.000700911,0.14411,0.0497752,-1.17223,-0.0121801,-0.0141761,-0.0314873,43.9408,1,0.0168618,0.0256957,-0.0331338,0.999892,-0.0144793,0.00189266,-0.0015867,0.250786,0.194344,-0.174368,0.143988,0.0496334,-1.17254,-0.0121965,-0.0142993,0.0623257
43.9408,0.999892,-0.0144771,0.00182575,-0.00158691,-0.00145764,-0.00397539,-9.80349e-05,0.144806,0.0497797,-1.17243,-0.0132234,-0.0129496,-0.0303248,43.9608,1,-0.00993617,0.00495679,-0.0572992,0.999892,-0.0144844,0.00180588,-0.0015871,0.0369124,0.0315791,-0.311669,0.144674,0.0496502,-1.17273,-0.0132391,-0.0130728,0.0634882
43.9608,0.999893,-0.014468,0.00170407,-0.00156562,-0.0031874,-0.00198062,0.00256459,0.145676,0.049895,-1.17236,-0.0140389,-0.0117735,-0.0292366,43.9808,1,-0.0163639,-0.0282874,0.044618,0.999892,-0.014484,0.00169437,-0.00155263,-0.0155842,-0.245256,0.25614,0.145536,0.0497773,-1.17265,-0.0140536,-0.0118966,0.0645764
43.9808,0.999893,-0.0144815,0.00170007,-0.00156978,-0.00372003,-0.000249571,-0.000764361,0.145807,0.0499132,-1.17235,-0.0141749,-0.0113877,-0.0289474,44.0008,1,0.0319659,0.00573877,0.0146629,0.999892,-0.0145001,0.0016988,-0.00157355,0.371207,0.031016,0.0916585,0.145665,0.0497993,-1.17264,-0.0141895,-0.0115109,0.0648656
44.0008,0.999892,-0.0144997,0.00169616,-0.00157178,-0.00491846,-0.00024956,-0.000231738,0.145932,0.0499316,-1.17235,-0.0141771,-0.0110404,-0.028797,44.0208,1,-0.0246903,0.0403968,-0.0528824,0.999892,-0.0145243,0.00169494,-0.00157288,-0.0815863,0.315429,-0.284284,0.14579,0.0498212,-1.17264,-0.0141917,-0.0111637,0.065016
44.0208,0.999891,-0.0146102,0.00158829,-0.00158948,-0.00372004,-0.00184746,-0.000231731,0.146598,0.0500516,-1.17247,-0.0133507,-0.00938694,-0.0284675,44.0408,1,-0.011928,-0.0247719,-0.0644859,0.999891,-0.0146288,0.00157907,-0.00159048,0.0223146,-0.203443,-0.354335,0.146465,0.0499577,-1.17275,-0.0133644,-0.00951125,0.0653455
44.0408,0.99989,-0.0146552,0.00155114,-0.00159916,-0.00252161,-0.00198062,0.00123301,0.147047,0.0500954,-1.17271,-0.0118643,-0.0103516,-0.0279815,44.0608,1,0.0137777,-0.0109512,-0.000428895,0.99989,-0.0146679,0.00154135,-0.00159283,0.227579,-0.0997808,0.00577329,0.146929,0.0499919,-1.17299,-0.0118777,-0.0104763,0.0658316
44.0608,0.999889,-0.0147012,0.00156321,-0.0016049,-0.00704898,0.00321256,3.45872e-05,0.147294,0.0501141,-1.17273,-0.0105408,-0.0105482,-0.0276324,44.0808,1,-0.00595273,0.0160865,-0.0108573,0.999889,-0.0147364,0.00157933,-0.00160491,0.0698977,0.117375,-0.0505365,0.147189,0.0500087,-1.173,-0.0105543,-0.0106733,0.0661807
44.0808,0.999889,-0.0147533,0.00157872,-0.00160372,-0.00531646,0.00307595,-9.91482e-05,0.147611,0.0501552,-1.17265,-0.00957756,-0.0100622,-0.0275174,44.1008,1,-0.0125494,0.0121345,0.0345352,0.999888,-0.0147799,0.00159414,-0.00160441,0.0169626,0.0802079,0.203241,0.147515,0.0500545,-1.17293,-0.00959119,-0.0101877,0.0662956
44.1008,0.999888,-0.0147749,0.00165087,-0.00160623,0.00214038,0.00587227,0.000966128,0.148357,0.0502215,-1.17259,-0.00782443,-0.0110261,-0.0273665,44.1208,1,-0.0259828,-0.0212704,-0.0230984,0.999888,-0.0147641,0.00168028,-0.00160185,-0.0891596,-0.180944,-0.122349,0.148279,0.0501112,-1.17286,-0.00783868,-0.0111518,0.0664466
44.1208,0.999888,-0.0147924,0.00175627,-0.00159455,-0.000256454,0.00720384,-0.00143072,0.148905,0.0501618,-1.17265,-0.0072534,-0.0133069,-0.0268455,44.1408,1,-0.0101001,0.0153467,-0.0306525,0.999888,-0.0147936,0.00179218,-0.00160223,0.0377064,0.112217,-0.161539,0.148832,0.0500287,-1.17291,-0.00726854,-0.0134327,0.0669675
44.1408,0.999888,-0.0147962,0.00178465,-0.00160092,-0.00118857,0.00760332,-0.00129755,0.149032,0.0501318,-1.17267,-0.00708407,-0.0137414,-0.0266873,44.1608,1,0.00949002,-0.0130747,-0.0727089,0.999887,-0.0148021,0.00182257,-0.00160795,0.195158,-0.110096,-0.399173,0.148961,0.0499944,-1.17294,-0.00709946,-0.0138673,0.0671258
44.1608,0.999887,-0.0148146,0.0018358,-0.0016108,-0.00451752,0.00680437,-0.000365458,0.149273,0.0500584,-1.17274,-0.00707492,-0.0141588,-0.0265917,44.1808,1,-0.0346118,0.0173604,0.0142718,0.999887,-0.0148371,0.00186983,-0.00161309,-0.158881,0.122056,0.0900103,0.149202,0.0499168,-1.173,-0.00709074,-0.0142848,0.0672214
44.1808,0.999887,-0.0147835,0.00199931,-0.00160876,0.00254139,0.00933082,0.000566066,0.150089,0.0499339,-1.17266,-0.00783454,-0.0156506,-0.0270477,44.2008,1,-0.0249765,0.0120513,-0.0668394,0.999888,-0.0147707,0.00204598,-0.00160664,-0.0809175,0.0880309,-0.364555,0.15001,0.0497774,-1.17293,-0.00785176,-0.0157763,0.0667653
44.2008,0.999888,-0.014729,0.0020685,-0.00165202,0.00453877,0.00480345,-0.00396129,0.150531,0.0498021,-1.17265,-0.00911367,-0.0175583,-0.0273279,44.2208,1,-0.014063,-0.00256588,-0.0298589,0.999888,-0.0147063,0.00209219,-0.00167223,0.00580434,-0.0337312,-0.15832,0.150439,0.0496265,-1.17293,-0.00913148,-0.0176836,0.0664852
44.2208,0.999888,-0.014712,0.00208133,-0.00164759,0.00400614,0.00373817,0.00136503,0.150658,0.0497435,-1.17266,-0.00987877,-0.0181955,-0.0271306,44.2408,1,-0.0269026,0.00707894,-0.0725549,0.999889,-0.0146919,0.00210009,-0.00164108,-0.0967417,0.0482097,-0.396794,0.150559,0.0495616,-1.17293,-0.00989669,-0.0183207,0.0666825
44.2408,0.999889,-0.0146398,0.00207828,-0.00162186,0.00640297,-0.00212077,0.00216399,0.150972,0.0495308,-1.17273,-0.012229,-0.0192935,-0.0275514,44.2608,1,0.00901517,0.00433645,-0.0569421,0.99989,-0.0146078,0.00206778,-0.00161095,0.189926,0.0248752,-0.309313,0.15085,0.0493378,-1.17301,-0.0122468,-0.019418,0.0662616
44.2608,0.999892,-0.0144653,0.00207117,-0.00158112,0.00414106,0.00187037,-0.000366602,0.151563,0.0491047,-1.17277,-0.0149612,-0.0200356,-0.0272933,44.2808,1,-0.0199027,0.0198065,0.0313025,0.999892,-0.0144446,0.00208047,-0.00158313,-0.0443528,0.138006,0.185495,0.151413,0.0489044,-1.17304,-0.014979,-0.0201587,0.0665197
44.2808,0.999893,-0.0144192,0.00205031,-0.00157604,0.00507317,-0.0035891,3.28695e-05,0.151769,0.0489789,-1.17275,-0.0155638,-0.0198608,-0.0273785,44.3008,1,-0.0353889,-0.0268196,-0.0537735,0.999893,-0.0143939,0.00203233,-0.00157567,-0.166787,-0.225139,-0.294867,0.151614,0.0487803,-1.17302,-0.0155815,-0.0199835,0.0664345
44.3008,0.999894,-0.0143477,0.00198377,-0.00157135,0.00880155,-0.0105134,0.00189707,0.151945,0.0488423,-1.17275,-0.0164418,-0.0201389,-0.027617,44.3208,1,0.0138054,-0.0108045,0.020061,0.999895,-0.0143038,0.00193127,-0.0015612,0.22499,-0.104421,0.120411,0.15178,0.0486409,-1.17303,-0.0164588,-0.020261,0.0661959
44.3208,0.999895,-0.014271,0.0018994,-0.00156312,0.00986686,-0.00944806,-0.00036658,0.152081,0.0486912,-1.17278,-0.0176463,-0.020572,-0.027638,44.3408,1,-0.0320533,-0.00607537,-0.0146936,0.999896,-0.0142218,0.00185206,-0.00156438,-0.142005,-0.0625066,-0.0743541,0.151905,0.0484855,-1.17306,-0.0176626,-0.0206934,0.066175
44.3408,0.999897,-0.014147,0.00179788,-0.00155039,0.00108154,-0.00346197,0.00149649,0.152617,0.048437,-1.17255,-0.0179357,-0.0195488,-0.027218,44.3608,1,0.0620877,-0.0197849,0.0337633,0.999897,-0.0141416,0.00178067,-0.00154267,0.609281,-0.175658,0.196771,0.152437,0.0482415,-1.17282,-0.0179511,-0.0196692,0.0665949
44.3608,0.999899,-0.0140516,0.00164434,-0.00151993,0.00414421,-0.00878828,0.00176281,0.153347,0.0483416,-1.17212,-0.016013,-0.0172855,-0.027379,44.3808,1,-0.0212925,0.00333417,0.0160832,0.999899,-0.014031,0.0016005,-0.00151053,-0.0582024,0.0114538,0.0986315,0.153187,0.0481688,-1.17239,-0.0160272,-0.0174051,0.0664339
44.3808,0.999899,-0.0140324,0.00160506,-0.00151249,0.00441048,-0.00905461,0.00202914,0.153481,0.0483241,-1.17205,-0.0158224,-0.0167184,-0.0273769,44.4008,1,-0.0382405,0.0242379,-0.00089868,0.9999,-0.0140104,0.0015599,-0.00150175,-0.19403,0.180695,0.00499009,0.153323,0.0481569,-1.17233,-0.0158363,-0.0168378,0.066436
44.4008,0.9999,-0.0140047,0.00156958,-0.00151412,0.00201366,-0.00119828,-0.00103351,0.153736,0.0482877,-1.17195,-0.0154294,-0.0163589,-0.0271625,44.4208,1,0.0336198,-0.0253136,-0.0228029,0.9999,-0.0139947,0.00156351,-0.00151922,0.381433,-0.212068,-0.120904,0.153582,0.0481241,-1.17222,-0.015443,-0.0164781,0.0666504
44.4208,0.999899,-0.0140362,0.00157325,-0.00151067,-0.00331267,0.0010654,-0.000367723,0.154099,0.0482318,-1.17185,-0.0135547,-0.0149412,-0.0272968,44.4408,1,-0.0277162,-0.0142016,-0.0308696,0.999899,-0.0140528,0.00157858,-0.00151256,-0.108966,-0.123044,-0.165761,0.153964,0.0480824,-1.17212,-0.0135683,-0.0150607,0.0665161
44.4408,0.999898,-0.014108,0.00159833,-0.00149042,-0.00344437,0.00399194,-0.000235109,0.154902,0.0482651,-1.1715,-0.00956272,-0.0124997,-0.0268956,44.4608,1,0.00479316,-0.00102785,-0.0315018,0.999898,-0.0141252,0.0016183,-0.00149185,0.151563,-0.0173895,-0.168088,0.154806,0.0481401,-1.17177,-0.0095765,-0.0126197,0.0669173
44.4608,0.999898,-0.0141396,0.00162846,-0.00147228,-0.00450965,0.00532352,0.00402594,0.155267,0.048299,-1.17133,-0.00881164,-0.0123864,-0.0269712,44.4808,1,-0.0474757,-0.00127304,-0.0414845,0.999897,-0.0141621,0.0016554,-0.00145249,-0.26632,-0.0190517,-0.224595,0.155179,0.0481752,-1.1716,-0.00882567,-0.0125067,0.0668417
44.4808,0.999897,-0.0141751,0.00168033,-0.00148256,-0.00584124,0.00745403,-0.00223248,0.155618,0.048319,-1.17119,-0.00819322,-0.0126287,-0.0268988,44.5008,1,0.015116,-0.0502648,-0.0243118,0.999897,-0.0142043,0.00171748,-0.0014942,0.23505,-0.412561,-0.131692,0.155537,0.0481927,-1.17146,-0.0082077,-0.0127493,0.0669141
44.5008,0.999895,-0.014318,0.0018408,-0.0014963,-0.00717279,0.00785353,0.00122963,0.156451,0.0483243,-1.17099,-0.00618707,-0.012043,-0.0276238,44.5208,1,0.00796234,-0.0508161,-0.0436783,0.999894,-0.0143538,0.0018802,-0.00149065,0.179227,-0.416081,-0.240205,0.156389,0.0482039,-1.17127,-0.00620292,-0.0121648,0.0661892
44.5208,0.999893,-0.0144053,0.00196545,-0.00151078,-0.00331121,0.00758721,-0.001833,0.157066,0.0482964,-1.17097,-0.00585756,-0.0125968,-0.027496,44.5408,1,-0.0392057,-0.023299,0.061337,0.999893,-0.0144218,0.00200328,-0.00152046,-0.19939,-0.209592,0.349575,0.157007,0.0481704,-1.17125,-0.00587447,-0.0127194,0.066317
44.5408,0.999893,-0.0144269,0.00200483,-0.00151258,-0.00570805,0.0103835,-0.00010195,0.157207,0.0482769,-1.17098,-0.00588328,-0.0132917,-0.0272463,44.5608,1,0.00521053,-0.019823,0.00680541,0.999892,-0.0144553,0.00205678,-0.00151378,0.157199,-0.175324,0.0450317,0.157148,0.0481439,-1.17126,-0.00590053,-0.0134144,0.0665667
44.5608,0.999892,-0.0144807,0.00218332,-0.00151454,-0.00171331,0.0089188,0.0018954,0.157719,0.0481234,-1.17108,-0.00615118,-0.0158715,-0.0274452,44.5808,1,0.00890838,-0.0136528,-0.028556,0.999891,-0.0144892,0.00222806,-0.00150569,0.187706,-0.123252,-0.152418,0.157658,0.0479647,-1.17135,-0.00616995,-0.0159947,0.0663678
44.5808,0.999891,-0.0144832,0.00231759,-0.00151426,1.97733e-05,0.0054528,0.00269377,0.158548,0.0479428,-1.17084,-0.00837109,-0.0184702,-0.0275251,44.6008,1,-0.0164747,0.00618702,-0.0194999,0.999891,-0.014483,0.00234505,-0.00150119,-0.0156708,0.0330162,-0.100423,0.158464,0.0477581,-1.17112,-0.008391,-0.0185935,0.066288
44.6008,0.999891,-0.0144692,0.00235964,-0.0014855,0.000552377,0.00598543,0.0032264,0.158838,0.0478436,-1.17075,-0.009692,-0.0191856,-0.0274856,44.6208,1,0.0765382,0.0275962,-0.0402913,0.999891,-0.0144664,0.00238979,-0.00146981,0.727947,0.20752,-0.214075,0.158741,0.0476518,-1.17103,-0.00971226,-0.0193087,0.0663274
44.6208,0.999892,-0.0144379,0.00240354,-0.00149504,0.00321557,0.00558595,-0.000368869,0.15908,0.0477143,-1.17068,-0.0112955,-0.0206203,-0.0271248,44.6408,1,-0.00853786,0.00741108,0.00106157,0.999892,-0.0144218,0.00243141,-0.00149733,0.0470914,0.0398305,0.0148001,0.158967,0.0475081,-1.17095,-0.0113162,-0.0207431,0.0666883
44.6408,0.999893,-0.0143556,0.00245201,-0.00150846,0.00827557,0.000792258,3.0557e-05,0.159366,0.0474715,-1.17063,-0.0131746,-0.0220215,-0.0270913,44.6608,1,-0.0136616,-0.0193369,-0.0122896,0.999893,-0.0143142,0.00245591,-0.00150847,0.0059971,-0.173041,-0.0621124,0.159234,0.0472513,-1.1709,-0.0131957,-0.0221436,0.0667217
44.6608,0.999895,-0.0141961,0.00237683,-0.00150773,0.00667767,-0.00333564,-0.000635178,0.15972,0.0470046,-1.17056,-0.0175227,-0.0233161,-0.0273051,44.6808,1,0.0144733,-0.00703915,0.0107559,0.999896,-0.0141627,0.00236006,-0.00151075,0.229202,-0.0763654,0.0683014,0.159545,0.0467714,-1.17083,-0.0175431,-0.0234369,0.0665078
44.6808,0.999897,-0.0140655,0.00229791,-0.00149244,0.00881223,-0.0045411,0.00109471,0.160234,0.046833,-1.16998,-0.0203003,-0.0225194,-0.0274232,44.7008,1,-0.00640926,-0.00584991,-0.00309147,0.999898,-0.0140215,0.00227522,-0.00148674,0.0613772,-0.0649057,-0.00949644,0.160031,0.0466078,-1.17026,-0.02032,-0.022639,0.0663897
44.7008,0.999898,-0.0140306,0.00225523,-0.00149186,0.0082796,-0.00986742,0.000295732,0.160349,0.0467956,-1.16984,-0.0206586,-0.0222215,-0.0275196,44.7208,1,-0.033963,-0.0314745,-0.0377309,0.999899,-0.0139893,0.00220586,-0.00148979,-0.158575,-0.26595,-0.205834,0.160143,0.0465734,-1.17012,-0.020678,-0.0223409,0.0662933
44.7208,0.9999,-0.0139043,0.00202296,-0.00148204,0.0100106,-0.0151938,0.000162648,0.160715,0.0466322,-1.16938,-0.0223499,-0.0208418,-0.0280193,44.7408,1,-0.00331067,-0.0114185,-0.103491,0.999901,-0.0138544,0.00194694,-0.00148027,0.0859571,-0.0959619,-0.572166,0.160492,0.0464238,-1.16966,-0.0223673,-0.0209601,0.0657936
44.7408,0.999902,-0.013802,0.00178611,-0.00148853,0.00548326,-0.00986744,2.94492e-05,0.160997,0.0464322,-1.16903,-0.0217128,-0.0184887,-0.028732,44.7608,1,0.00972577,0.0015611,0.00996141,0.999902,-0.0137747,0.00173673,-0.00148775,0.188043,-0.00278397,0.0643313,0.16078,0.0462473,-1.16932,-0.0217282,-0.0186061,0.0650809
44.7608,0.999903,-0.0137761,0.00170807,-0.00148289,0.000822733,-0.00573953,0.000961573,0.161141,0.0463418,-1.16893,-0.0194421,-0.0161214,-0.028672,44.7808,1,-0.0508053,0.0166252,-0.0375381,0.999903,-0.013772,0.00167944,-0.0014777,-0.296113,0.122887,-0.20111,0.160947,0.0461806,-1.16921,-0.0194568,-0.0162386,0.0651408
44.7808,0.999903,-0.0137778,0.00166933,-0.00148522,-0.000775132,-0.00906848,-0.000503172,0.16119,0.0463174,-1.16891,-0.0190063,-0.0154543,-0.0286949,44.8008,1,-0.000490839,-0.0166552,-0.0248528,0.999903,-0.0137818,0.00162396,-0.00148711,0.106777,-0.143844,-0.132138,0.161,0.0461628,-1.16919,-0.0190207,-0.0155715,0.0651179
44.8008,0.999903,-0.0137838,0.00164613,-0.00148402,-0.00184043,-0.0052069,0.000428938,0.161237,0.0462967,-1.16889,-0.0186087,-0.0145801,-0.0287476,44.8208,1,-0.00415926,0.0216028,-0.0487331,0.999902,-0.013793,0.00162014,-0.0014815,0.0772271,0.16498,-0.262951,0.161051,0.0461509,-1.16918,-0.0186229,-0.0146974,0.0650652
44.8208,0.999902,-0.01387,0.00151733,-0.00147646,-0.00729772,0.000248908,0.000561519,0.161831,0.0464707,-1.1685,-0.0157754,-0.0107025,-0.0296024,44.8408,1,-0.00660232,-0.0156632,-0.0315082,0.999901,-0.0139065,0.00151866,-0.00147362,0.0586432,-0.134006,-0.169438,0.161673,0.0463637,-1.1688,-0.0157885,-0.0108205,0.0642104
44.8408,0.999898,-0.0140833,0.0016103,-0.00146977,-0.0144882,0.00570842,0.000961006,0.162431,0.0466922,-1.16832,-0.0108041,-0.00798545,-0.0297304,44.8608,1,-0.000412755,-0.0442734,-0.0129267,0.999897,-0.0141556,0.00163901,-0.00146525,0.109932,-0.365568,-0.0676554,0.162323,0.0466124,-1.16862,-0.010818,-0.00810528,0.0640825
44.8608,0.999898,-0.0141264,0.00163498,-0.00146864,-0.0111593,0.00677365,0.000561544,0.162559,0.04674,-1.16831,-0.00999186,-0.00769514,-0.0298757,44.8808,1,-0.0414867,-0.0360955,0.0372519,0.999897,-0.0141821,0.00166896,-0.00146622,-0.219161,-0.306483,0.21356,0.162459,0.046663,-1.16861,-0.0100059,-0.00781533,0.0639372
44.8808,0.999897,-0.0142047,0.00166107,-0.00146867,-0.00729772,0.00357786,-0.000636883,0.162882,0.0468719,-1.16822,-0.0092568,-0.00706672,-0.029941,44.9008,1,0.0213811,0.0257125,-0.0322051,0.999896,-0.0142412,0.00167897,-0.00147205,0.284672,0.196316,-0.16987,0.162789,0.0468013,-1.16852,-0.00927112,-0.00718757,0.0638719
44.9008,0.999893,-0.0144485,0.00185325,-0.00146812,-0.0156848,0.0168903,0.000827357,0.1638,0.0472399,-1.16795,-0.00813243,-0.00821237,-0.0304445,44.9208,1,0.0164723,-0.0303281,-0.0379893,0.999892,-0.0145268,0.00193787,-0.00146505,0.248119,-0.252821,-0.20679,0.163718,0.0471577,-1.16826,-0.00814838,-0.0083353,0.0633685
44.9208,0.99989,-0.0146452,0.00207939,-0.00147661,-0.00889374,0.0106319,-0.000637419,0.164638,0.0474816,-1.1679,-0.00639628,-0.00948566,-0.0308465,44.9408,1,-0.0143658,-0.0147608,-0.00533617,0.999889,-0.0146896,0.00213256,-0.00148049,0.00248513,-0.134249,-0.0229899,0.164574,0.0473867,-1.16821,-0.00641416,-0.00961026,0.0629666
44.9408,0.999889,-0.014675,0.00213331,-0.00148179,-0.00782852,0.014094,-0.000903769,0.164793,0.0475114,-1.16791,-0.00633326,-0.010183,-0.0308299,44.9608,1,-0.0180714,0.0173747,-0.04488,0.999888,-0.0147141,0.00220376,-0.00148726,-0.0267501,0.126993,-0.241801,0.164729,0.0474096,-1.16822,-0.00635159,-0.0103079,0.0629831
44.9608,0.999888,-0.0147481,0.00229331,-0.00147473,-0.000103398,0.0104955,2.77774e-05,0.165582,0.0476087,-1.16788,-0.00869038,-0.0135084,-0.0304735,44.9808,1,-0.00823386,-0.0327399,-0.0174999,0.999887,-0.0147485,0.00234578,-0.00147537,0.0527433,-0.278255,-0.0925455,0.165495,0.0474736,-1.16818,-0.00871008,-0.0136339,0.0633396
44.9808,0.999888,-0.0147077,0.00251499,-0.00150098,0.00295924,0.00716652,-0.000904315,0.166337,0.0476046,-1.16773,-0.0110709,-0.0176202,-0.0304309,45.0008,1,-0.0338126,-0.00349907,-0.0221872,0.999888,-0.0146929,0.00255073,-0.00150606,-0.152417,-0.0458882,-0.1166,0.166227,0.0474284,-1.16804,-0.0110925,-0.0177453,0.0633821
45.0008,0.999888,-0.0146997,0.00252562,-0.00150885,0.00162767,0.00330493,-0.00170327,0.166459,0.0475748,-1.16773,-0.0115877,-0.0186719,-0.030499,45.0208,1,-0.0649634,0.00147002,-0.065345,0.999888,-0.0146916,0.00254201,-0.00151763,-0.401249,-0.00145991,-0.358275,0.166343,0.047388,-1.16803,-0.0116094,-0.018797,0.0633141
45.0208,0.999889,-0.014634,0.00249006,-0.00151225,0.00482346,-0.00535034,0.000560447,0.166753,0.0474311,-1.16776,-0.0145019,-0.0205457,-0.0305717,45.0408,1,0.000302804,0.00232262,-0.0268401,0.999889,-0.0146099,0.00246331,-0.00150912,0.119958,0.00181154,-0.141628,0.166608,0.0472256,-1.16806,-0.0145232,-0.0206702,0.0632413
45.0408,0.99989,-0.0145357,0.00247587,-0.00151635,0.00668767,0.000508609,0.000427278,0.166921,0.0472205,-1.16785,-0.0178379,-0.0222555,-0.0308567,45.0608,1,-0.0414678,-0.0026245,-0.0109064,0.999891,-0.0145022,0.00247839,-0.00151433,-0.21528,-0.0400172,-0.0533739,0.166743,0.0469979,-1.16816,-0.0178591,-0.0223792,0.0629564
45.0608,0.999893,-0.0143368,0.00243762,-0.0015342,0.0118834,-0.00149234,-0.00157073,0.167361,0.0469861,-1.16771,-0.0195632,-0.0246536,-0.0310654,45.0808,1,-0.000585272,0.0235109,-0.0380868,0.999894,-0.0142775,0.00242995,-0.00154209,0.110352,0.172947,-0.202801,0.167165,0.0467395,-1.16802,-0.0195842,-0.0247756,0.0627476
45.0808,0.999895,-0.0142477,0.00235973,-0.00153971,0.0109513,-0.0102808,-0.000638599,0.167481,0.0468472,-1.16771,-0.0201367,-0.025119,-0.0311738,45.1008,1,-0.00188651,-0.0275447,-0.011322,0.999895,-0.014193,0.0023082,-0.0015423,0.0993933,-0.237936,-0.0570008,0.16728,0.046596,-1.16802,-0.020157,-0.0252402,0.0626392
45.1008,0.999895,-0.0141934,0.00230217,-0.00154672,0.013215,-0.0137429,-0.00170383,0.167529,0.0467714,-1.16772,-0.020631,-0.0250959,-0.0311867,45.1208,1,-0.00657823,-0.045638,-0.0432529,0.999897,-0.0141274,0.00223324,-0.00155441,0.0620607,-0.378616,-0.237259,0.167323,0.0465204,-1.16803,-0.0206508,-0.0252166,0.0626263
45.1208,0.999897,-0.014104,0.0021855,-0.00153714,0.0102855,-0.0156071,0.000826127,0.167589,0.0466116,-1.16777,-0.0224319,-0.0248264,-0.031531,45.1408,1,0.0105198,0.00386528,0.0166442,0.999898,-0.0140526,0.00210745,-0.00153202,0.196621,0.01169,0.102238,0.167365,0.0463633,-1.16808,-0.0224507,-0.0249464,0.0622819
45.1408,0.9999,-0.0139013,0.00203609,-0.00155135,0.0100218,-0.00349336,-0.00130495,0.167894,0.0463955,-1.16766,-0.0223651,-0.0236593,-0.0313334,45.1608,1,0.0134277,-0.0320975,0.0289882,0.999901,-0.0138513,0.00201845,-0.00155773,0.218433,-0.276083,0.168651,0.16767,0.0461589,-1.16797,-0.0223826,-0.0237776,0.0624795
45.1608,0.999902,-0.0138043,0.00191873,-0.00155092,0.00655969,-0.0104176,0.00242348,0.168091,0.0462868,-1.16762,-0.0201873,-0.0221634,-0.0313386,45.1808,1,-0.00835357,0.0145183,0.00913903,0.999902,-0.0137716,0.00186677,-0.00153815,0.0432722,0.0996749,0.0608897,0.167889,0.0460652,-1.16794,-0.0202038,-0.0222808,0.0624742
45.1808,0.999902,-0.0137811,0.00187382,-0.00155491,0.0053613,-0.0105507,-0.000905489,0.168155,0.0462525,-1.16763,-0.0197584,-0.0215597,-0.0314627,45.2008,1,-0.00153575,0.000784159,-0.0213352,0.999903,-0.0137544,0.00182097,-0.00155876,0.0982491,-0.00638141,-0.110716,0.167957,0.0460369,-1.16794,-0.0197745,-0.0216769,0.0623501
45.2008,0.999903,-0.013711,0.00176571,-0.0015657,0.00123337,-0.000430735,-0.000106519,0.168376,0.0461334,-1.16773,-0.0188047,-0.0188745,-0.0318977,45.2208,1,0.00996155,-0.025994,-0.0509746,0.999903,-0.0137048,0.00176354,-0.00156621,0.190233,-0.216317,-0.278574,0.168188,0.0459446,-1.16805,-0.0188199,-0.0189912,0.0619151
45.2208,0.999903,-0.0137088,0.00178321,-0.00156255,-0.00222642,-0.000567623,0.00082503,0.168796,0.0461949,-1.16767,-0.015043,-0.0157071,-0.0314445,45.2408,1,0.00481502,-0.0488701,-0.00812256,0.999903,-0.0137199,0.00178045,-0.00155836,0.148778,-0.40422,-0.0404462,0.168645,0.0460378,-1.16799,-0.0150583,-0.0158237,0.0623683
45.2408,0.999902,-0.01383,0.0018106,-0.00156747,-0.00542007,0.00382377,0.000158726,0.169763,0.0466088,-1.16726,-0.0115269,-0.0122142,-0.0310157,45.2608,1,-0.0214661,-0.0247663,-0.0710566,0.999901,-0.0138571,0.00182977,-0.0015669,-0.0600711,-0.204959,-0.391263,0.169648,0.0464867,-1.16757,-0.0115424,-0.0123319,0.0627971
45.2608,0.999901,-0.0138423,0.00182296,-0.00157564,-0.003689,0.00395694,-0.00170551,0.169947,0.0466912,-1.16721,-0.0111773,-0.0119323,-0.0307865,45.2808,1,0.0116569,-0.02796,-0.0939796,0.999901,-0.0138608,0.00184266,-0.00158441,0.205166,-0.227616,-0.519502,0.169835,0.0465719,-1.16751,-0.011193,-0.0120501,0.0630263
45.2808,0.999901,-0.0138627,0.00185152,-0.00157547,-0.00568637,0.00795169,0.000425046,0.170127,0.0467719,-1.16716,-0.0109919,-0.0116367,-0.0306976,45.3008,1,0.015724,0.0181832,-0.0449852,0.999901,-0.013891,0.00189134,-0.00157385,0.236974,0.135846,-0.241506,0.170017,0.0466555,-1.16746,-0.0110078,-0.0117546,0.0631152
45.3008,0.999899,-0.0139998,0.00202421,-0.00156458,-0.0119448,0.0151422,0.00375398,0.170811,0.0470645,-1.16703,-0.00898161,-0.0110342,-0.0304833,45.3208,1,-0.0218372,-0.00163854,-0.0674893,0.999898,-0.0140594,0.00210026,-0.00154675,-0.0618502,-0.0219744,-0.369538,0.170722,0.0469542,-1.16734,-0.00899902,-0.0111533,0.0633296
45.3208,0.999895,-0.0142091,0.00220781,-0.00157014,-0.00848269,0.0112806,-0.000507138,0.171623,0.0473885,-1.16704,-0.00745862,-0.0100565,-0.0306432,45.3408,1,-0.0373511,0.0186399,-0.0352836,0.999895,-0.0142515,0.00226424,-0.00157338,-0.184885,0.135009,-0.187766,0.171548,0.047288,-1.16734,-0.0074776,-0.0101774,0.0631698
45.3408,0.999895,-0.0142219,0.00225139,-0.00157156,-0.003689,0.011547,2.5571e-05,0.171771,0.0474432,-1.16706,-0.00773799,-0.01047,-0.030775,45.3608,1,0.0330529,-0.0162327,-0.00968476,0.999895,-0.0142403,0.00230915,-0.00157221,0.378467,-0.146329,-0.0463107,0.171693,0.0473385,-1.16737,-0.00775734,-0.010591,0.063038
45.3608,0.999894,-0.0142568,0.00231466,-0.00158037,-0.0046211,0.00861748,-0.00277075,0.172038,0.0475324,-1.16713,-0.00879279,-0.011692,-0.0312497,45.3808,1,-0.0122406,-0.0239218,-0.029295,0.999894,-0.0142798,0.00235758,-0.00159478,0.016894,-0.20667,-0.15726,0.17195,0.0474154,-1.16745,-0.00881268,-0.0118133,0.0625633
45.3808,0.999893,-0.0143368,0.00241897,-0.00158147,-0.00741531,0.0100793,0.000291379,0.172502,0.0476849,-1.16711,-0.00942692,-0.0134305,-0.0316937,45.4008,1,-0.0204465,-0.0326047,0.0229015,0.999892,-0.0143738,0.00246944,-0.00158064,-0.0490061,-0.283028,0.134187,0.172408,0.0475506,-1.16743,-0.0094477,-0.0135524,0.0621192
45.4008,0.999891,-0.0144351,0.00253006,-0.00157869,-0.00368689,0.00435348,-0.000507596,0.173231,0.0478815,-1.16708,-0.0105448,-0.0147142,-0.0319982,45.4208,1,-0.0185051,-0.0195882,-0.0291952,0.999891,-0.0144535,0.00255182,-0.0015815,-0.0317969,-0.173775,-0.156488,0.173125,0.0477343,-1.1674,-0.0105666,-0.014837,0.0618148
45.4208,0.999891,-0.0144251,0.00255575,-0.00157402,0.00203888,0.00701665,0.00148977,0.173352,0.0479012,-1.16709,-0.0110058,-0.0154982,-0.0319948,45.4408,1,0.00641931,0.00357547,-0.0307833,0.999892,-0.0144149,0.00259092,-0.0015671,0.167277,0.0117981,-0.163177,0.173242,0.0477462,-1.16741,-0.0110277,-0.0156209,0.0618182
45.4408,0.999892,-0.0143942,0.00258964,-0.00157394,0.00243837,0.00448664,0.00148979,0.173567,0.0479139,-1.16715,-0.0120077,-0.0168199,-0.0320667,45.4608,1,-0.00254608,-0.00539809,-0.0102448,0.999892,-0.014382,0.00261216,-0.00156684,0.0950593,-0.0627481,-0.0490234,0.173447,0.0477457,-1.16747,-0.0120299,-0.0169423,0.0617463
45.4608,0.999892,-0.0143709,0.00259915,-0.00158308,0.000174686,0.00169032,-0.00197232,0.173817,0.0478689,-1.16728,-0.0139352,-0.0184245,-0.032405,45.4808,1,0.0516311,0.0172747,-0.0193761,0.999892,-0.0143701,0.00260746,-0.00159306,0.527964,0.120305,-0.0975021,0.173678,0.0476846,-1.16761,-0.0139575,-0.0185467,0.061408
45.4809,0.999893,-0.0143323,0.00256253,-0.00156079,0.00310684,-0.00230738,0.000557172,0.174301,0.0478474,-1.16736,-0.0168599,-0.0194675,-0.0323295,45.5009,1,0.00117582,0.00960919,-0.0180047,0.999893,-0.0143167,0.00255101,-0.00155788,0.124289,0.0584484,-0.0912886,0.174132,0.0476528,-1.16769,-0.0168819,-0.0195895,0.0614835
45.5009,0.999894,-0.0142698,0.0025265,-0.00157101,0.00603633,-0.00457106,-0.00210602,0.17443,0.0478356,-1.16738,-0.0178824,-0.0198197,-0.0322901,45.5209,1,-0.00324044,-0.00687822,0.00222295,0.999894,-0.0142396,0.00250345,-0.00158129,0.0882752,-0.0755258,0.0206491,0.174251,0.0476374,-1.16771,-0.0179041,-0.0199411,0.0615228
45.5209,0.999894,-0.0142402,0.00250694,-0.00158058,0.00696843,-0.00430477,-0.00223914,0.174481,0.0478214,-1.1674,-0.0180899,-0.020173,-0.0322986,45.5409,1,0.0042484,-0.00858566,-0.0333227,0.999895,-0.0142054,0.00248521,-0.00159156,0.148614,-0.0848716,-0.178366,0.1743,0.0476197,-1.16773,-0.0181114,-0.0202941,0.0615144
45.5409,0.999896,-0.0141729,0.00240816,-0.00156733,0.00324214,-0.00603823,0.00268719,0.174818,0.0478937,-1.16722,-0.0185269,-0.0199484,-0.0326028,45.5609,1,0.0162175,0.00416252,-0.0743365,0.999896,-0.0141567,0.00237813,-0.00155351,0.24416,0.0227193,-0.406941,0.174633,0.0476942,-1.16755,-0.0185476,-0.020069,0.0612101
45.5609,0.999896,-0.0141305,0.00226083,-0.00153961,0.00284268,-0.00590506,0.00228772,0.175112,0.0479293,-1.1672,-0.0177771,-0.0183127,-0.0329158,45.5809,1,0.004529,-0.0167274,0.0214422,0.999897,-0.0141163,0.00223145,-0.00152779,0.149047,-0.154253,0.127416,0.174934,0.0477462,-1.16753,-0.0177965,-0.0184329,0.0608971
45.5809,0.999897,-0.014071,0.00219521,-0.0015114,0.00204593,-0.00191252,0.00188776,0.175428,0.0480578,-1.16708,-0.0162371,-0.0177208,-0.0322815,45.6009,1,0.0298141,0.0269317,-0.0222293,0.999898,-0.0140607,0.00218577,-0.00150185,0.351002,0.200751,-0.113528,0.175265,0.0478806,-1.16741,-0.0162559,-0.0178405,0.0615314
45.6009,0.999898,-0.0140563,0.00218881,-0.00151177,0.00311119,-0.000980419,0.000156706,0.175514,0.0480941,-1.16706,-0.0155419,-0.0174966,-0.0322165,45.6209,1,-0.00399004,0.0342514,-0.0253182,0.999898,-0.0140407,0.00218389,-0.00151095,0.0804594,0.259287,-0.130662,0.175358,0.0479191,-1.16738,-0.0155607,-0.0176162,0.0615964
45.6209,0.999898,-0.0140491,0.00218519,-0.00150841,0.00124697,-0.00031463,0.00108881,0.175599,0.0481273,-1.16703,-0.0149176,-0.01736,-0.031944,45.6409,1,-0.00515759,-0.0157059,-0.019743,0.999898,-0.0140429,0.00218368,-0.00150296,0.0716338,-0.140953,-0.103404,0.17545,0.0479537,-1.16735,-0.0149364,-0.0174795,0.0618689
45.6409,0.999898,-0.0140698,0.0021968,-0.00149636,-0.000750395,0.00474537,-0.000775414,0.176029,0.0482787,-1.16705,-0.0118374,-0.0146319,-0.0326296,45.6609,1,0.0273474,-0.00754385,0.00757248,0.999897,-0.0140736,0.00222048,-0.00150056,0.331224,-0.0784365,0.0505196,0.17591,0.0481323,-1.16737,-0.0118562,-0.0147516,0.0611833
45.6609,0.999897,-0.0141114,0.00230448,-0.00150633,-0.00141619,0.00567748,0.00055618,0.176446,0.0484411,-1.16726,-0.00908199,-0.0131698,-0.0329752,45.6809,1,-0.0172972,-0.0189088,-0.0185994,0.999897,-0.0141184,0.00233291,-0.00150393,-0.0249576,-0.16779,-0.0974323,0.176356,0.0483094,-1.16759,-0.00910178,-0.0132898,0.0608377
45.6809,0.999897,-0.0141154,0.00232869,-0.00150521,-0.00141618,0.00647643,0.00055618,0.176529,0.0484665,-1.16732,-0.00859154,-0.0132273,-0.0331745,45.7009,1,-0.0325239,0.00445914,-0.024727,0.999896,-0.0141224,0.00236112,-0.00150287,-0.146929,0.0194562,-0.130106,0.176443,0.0483342,-1.16765,-0.00861154,-0.0133474,0.0606384
45.7009,0.999896,-0.0141671,0.00238679,-0.00150854,-0.00847127,0.00900402,-0.000509619,0.176795,0.0485996,-1.16731,-0.00754993,-0.013044,-0.0332501,45.7209,1,0.0125189,0.0116049,-0.0675902,0.999895,-0.0142094,0.00243183,-0.00151162,0.214353,0.0815934,-0.368951,0.17672,0.0484691,-1.16764,-0.00757042,-0.0131646,0.0605628
45.7209,0.999894,-0.0142364,0.00251716,-0.001491,-0.00687341,0.0118003,0.000955123,0.177172,0.0487702,-1.16736,-0.00707744,-0.0130037,-0.0335283,45.7409,1,0.01521,0.00801876,-0.0512923,0.999894,-0.0142706,0.00257627,-0.00148698,0.236329,0.0500587,-0.278016,0.177101,0.0486402,-1.16769,-0.00709904,-0.0131248,0.0602847
45.7409,0.999893,-0.0143195,0.00271919,-0.0014874,-0.00340945,0.00966777,-0.00077638,0.177909,0.0491645,-1.16727,-0.00774479,-0.0133657,-0.0340994,45.7609,1,-0.00714601,0.0184285,-0.0205058,0.999892,-0.0143364,0.0027675,-0.00149193,0.057574,0.127931,-0.105125,0.177832,0.0490309,-1.16761,-0.00776811,-0.0134875,0.0597135
45.7609,0.999892,-0.0143638,0.00277716,-0.00150598,-0.00514047,0.00793672,-0.0014422,0.178155,0.0492807,-1.16729,-0.00809726,-0.0140318,-0.0342507,45.7809,1,0.00323986,0.0440717,0.00287107,0.999891,-0.0143895,0.00281678,-0.00151369,0.140119,0.330049,0.0280969,0.178074,0.0491404,-1.16764,-0.00812108,-0.014154,0.0595623
45.7809,0.999891,-0.0143961,0.00284529,-0.00149907,-0.00487415,0.00980094,0.00175361,0.178372,0.049368,-1.16735,-0.00894982,-0.0146794,-0.0340959,45.8009,1,-0.0262655,0.019849,-0.0202412,0.999891,-0.0144204,0.00289445,-0.00149094,-0.0947958,0.138046,-0.103768,0.178282,0.0492212,-1.16769,-0.00897422,-0.0148018,0.0597171
45.8009,0.999891,-0.0143763,0.00292181,-0.00150059,-0.00194469,0.00314303,0.00135414,0.178749,0.0494716,-1.16761,-0.0119958,-0.0167724,-0.034325,45.8209,1,-0.00431459,0.0151058,-0.00532585,0.999891,-0.014386,0.00293764,-0.00149402,0.080425,0.0980226,-0.0202738,0.178629,0.0493039,-1.16795,-0.0120209,-0.0168947,0.059488
45.8209,0.999892,-0.0143577,0.00293812,-0.00147724,0.00324847,-0.00111803,-0.000376921,0.178898,0.0493971,-1.16802,-0.0147527,-0.0186848,-0.0339325,45.8409,1,-0.0003693,-0.0159212,-0.0391091,0.999892,-0.0143415,0.00293248,-0.0014791,0.112913,-0.146352,-0.212008,0.178751,0.0492103,-1.16836,-0.0147779,-0.018807,0.0598805
45.8409,0.999892,-0.0143375,0.00292788,-0.00147992,0.00471321,-0.0021833,-0.000510079,0.178904,0.0493648,-1.16812,-0.0153611,-0.0188692,-0.0335234,45.8609,1,0.0493979,-0.0158641,0.00933172,0.999892,-0.0143139,0.00291689,-0.00148238,0.50965,-0.150775,0.0600642,0.17875,0.0491761,-1.16846,-0.0153862,-0.0189912,0.0602896
45.8609,0.999893,-0.0142857,0.00287506,-0.00149436,0.00484637,-0.00497961,-0.00170851,0.178861,0.0492318,-1.16843,-0.0176698,-0.0201489,-0.0331617,45.8809,1,-0.00855859,-0.0192566,0.0308558,0.999893,-0.0142615,0.00285001,-0.00150262,0.0452646,-0.180649,0.179458,0.178684,0.0490304,-1.16877,-0.0176945,-0.0202704,0.0606513
45.8809,0.999894,-0.0141793,0.00278253,-0.00147683,0.00431636,-0.0076447,0.000421526,0.178797,0.0491093,-1.1687,-0.0191645,-0.02101,-0.0332093,45.9009,1,0.0193965,0.0178555,0.00900505,0.999895,-0.0141578,0.00274431,-0.00147424,0.268135,0.119785,0.06041,0.178605,0.0488992,-1.16903,-0.0191883,-0.0211306,0.0606036
45.9009,0.999896,-0.0140911,0.00264671,-0.00148196,0.00591423,-0.0099084,2.20674e-05,0.178658,0.0489861,-1.16896,-0.0205735,-0.0202891,-0.033048,45.9209,1,0.0176876,-0.0090051,-0.075918,0.999897,-0.0140616,0.00259713,-0.00148123,0.255581,-0.0843739,-0.417272,0.178452,0.0487832,-1.16929,-0.0205962,-0.0204089,0.0607649
45.9209,0.999897,-0.0140592,0.00259729,-0.00148246,0.00764532,-0.0120389,-0.000111111,0.178607,0.0489497,-1.16904,-0.0209122,-0.0204066,-0.0327871,45.9409,1,-0.0150447,0.0169168,-0.0427953,0.999897,-0.014021,0.00253704,-0.00148227,-0.00731539,0.119201,-0.230224,0.178398,0.0487457,-1.16936,-0.0209345,-0.0205262,0.0610258
45.9409,0.999897,-0.0140305,0.0025543,-0.00148408,0.00684634,-0.010441,-0.000377414,0.17855,0.0489093,-1.16912,-0.0210642,-0.0204063,-0.0324673,45.9609,1,0.0424604,-0.0226246,-0.0240645,0.999898,-0.0139964,0.00250202,-0.00148532,0.45249,-0.198178,-0.127619,0.178339,0.0487053,-1.16944,-0.0210861,-0.0205257,0.0613456
45.9609,0.999899,-0.0139658,0.0024265,-0.00146898,0.00218844,-0.000988608,0.000820521,0.178412,0.0489499,-1.1692,-0.0194936,-0.0186906,-0.0325349,45.9809,1,0.0131646,-0.0119071,-0.00922144,0.999899,-0.0139549,0.0024216,-0.00146483,0.217329,-0.11347,-0.0441625,0.178217,0.048763,-1.16952,-0.0195144,-0.0188095,0.0612779
45.9809,0.999899,-0.0139301,0.0023315,-0.00146952,0.00232161,-0.00298598,0.000154724,0.178266,0.048963,-1.16946,-0.017673,-0.0168688,-0.0328828,46.0009,1,-0.0203966,-0.0358119,-0.0497258,0.999899,-0.0139186,0.00231657,-0.00146856,-0.0505993,-0.299778,-0.273284,0.178089,0.0487943,-1.16979,-0.017693,-0.0169873,0.06093
46.0009,0.999899,-0.013923,0.00231609,-0.00147847,0.00138951,-0.00351861,-0.00210896,0.178232,0.0489627,-1.16953,-0.0174449,-0.0166953,-0.0327893,46.0209,1,-0.0134879,-0.00202568,-0.00316381,0.999899,-0.0139161,0.00229834,-0.00148879,0.00356362,-0.0345379,-0.00976981,0.178057,0.0487957,-1.16986,-0.0174648,-0.0168138,0.0610236
46.0209,0.999899,-0.0139277,0.00230469,-0.00147873,-0.000605124,0.0015396,0.000820032,0.178193,0.0490712,-1.16959,-0.016839,-0.0152699,-0.0326799,46.0409,1,0.0193776,-0.0204123,-0.0517886,0.999899,-0.0139307,0.00231245,-0.00147473,0.267429,-0.175688,-0.283063,0.178024,0.0489185,-1.16991,-0.0168588,-0.0153884,0.0611329
46.0409,0.999898,-0.0140209,0.0023547,-0.00147355,-0.00553197,0.00180594,0.000420558,0.178209,0.0494093,-1.16958,-0.0143471,-0.0119293,-0.032456,46.0609,1,-0.0149002,0.0122884,-0.0181962,0.999897,-0.0140485,0.0023638,-0.00147151,-0.00686408,0.0813315,-0.0928707,0.178066,0.04929,-1.1699,-0.0143673,-0.0120486,0.0613569
46.0609,0.999896,-0.0141201,0.00237427,-0.00146314,-0.00899176,0.000872486,0.00108587,0.178278,0.0498207,-1.16945,-0.0144831,-0.0110272,-0.0321416,46.0809,1,0.0513782,0.010031,0.0104986,0.999896,-0.014165,0.00237877,-0.00145767,0.523466,0.0606879,0.0684445,0.178133,0.0497104,-1.16977,-0.0145035,-0.0111474,0.0616713
46.0809,0.999896,-0.014151,0.00238854,-0.00146367,-0.00832597,0.00393511,0.000153752,0.178284,0.0499141,-1.16943,-0.0144762,-0.0110623,-0.0322046,46.1009,1,0.00886608,-0.00603957,-0.0333028,0.999895,-0.0141926,0.00240828,-0.00146308,0.184767,-0.0635342,-0.178645,0.178139,0.0498035,-1.16976,-0.0144967,-0.0111827,0.0616083
46.1009,0.999896,-0.0141766,0.00240499,-0.00146262,-0.00699439,0.00446775,0.000553227,0.178286,0.0500031,-1.16943,-0.0145691,-0.0109263,-0.0320337,46.1209,1,0.00567228,-0.00958253,-0.0220208,0.999895,-0.0142115,0.00242742,-0.00146008,0.159288,-0.0933225,-0.1158,0.178141,0.0498939,-1.16975,-0.0145898,-0.0110469,0.0617793
46.1209,0.999893,-0.0143283,0.00251459,-0.00148402,-0.00619545,0.00593248,-0.00184359,0.178237,0.0503832,-1.16948,-0.0148911,-0.0113913,-0.0312407,46.1409,1,0.0369713,-0.0109914,-0.0544364,0.999893,-0.0143592,0.00254416,-0.00149359,0.411335,-0.101315,-0.29688,0.178088,0.0502693,-1.1698,-0.0149127,-0.0115132,0.0625722
46.1409,0.999891,-0.0144567,0.00256118,-0.00149558,-0.00899176,0.00193775,-0.000378865,0.178095,0.0506335,-1.16968,-0.0155586,-0.0124496,-0.0308608,46.1609,1,0.00728067,0.00190918,-0.0535681,0.99989,-0.0145016,0.00257091,-0.0014975,0.174798,0.00109479,-0.291327,0.177939,0.050509,-1.16999,-0.0155806,-0.0125726,0.0629523
46.1609,0.999891,-0.0144903,0.00256946,-0.00149736,-0.0088586,0.00233722,-0.000245728,0.17805,0.0506658,-1.16974,-0.0159741,-0.0129833,-0.0308106,46.1809,1,-0.0339626,0.0180238,-0.0741523,0.99989,-0.0145345,0.00258119,-0.00149864,-0.154846,0.13188,-0.405878,0.177891,0.050536,-1.17005,-0.0159962,-0.0131065,0.0630024
46.1809,0.99989,-0.0145272,0.00259644,-0.00148404,-0.00552964,0.0020709,0.00255062,0.177941,0.0507092,-1.16987,-0.0172409,-0.013785,-0.0308815,46.2009,1,0.0401604,0.00349703,9.55176e-05,0.99989,-0.0145548,0.00260702,-0.00147136,0.437328,0.00768416,0.00970712,0.177768,0.0505714,-1.17018,-0.0172632,-0.0139086,0.0629315
46.2009,0.99989,-0.0145207,0.00259278,-0.00149162,0.00219352,-0.000192782,-0.00117781,0.177738,0.0507675,-1.17001,-0.0185266,-0.0160705,-0.0308768,46.2209,1,0.00637614,-0.0364386,-0.0653206,0.99989,-0.0145097,0.00259171,-0.00149753,0.168631,-0.304496,-0.360296,0.177552,0.0506067,-1.17032,-0.0185489,-0.0161941,0.0629362
46.2209,0.999891,-0.0145015,0.00253878,-0.0014915,0.000331886,-0.00565302,-0.000911967,0.177321,0.0508226,-1.17008,-0.0212432,-0.0203476,-0.0308053,46.2409,1,-0.000930055,-0.00568154,-0.0246864,0.999891,-0.0144999,0.00251045,-0.00149565,0.109104,-0.0628983,-0.130354,0.177109,0.0506191,-1.17038,-0.021265,-0.020471,0.0630077
46.2409,0.999891,-0.0144863,0.00250306,-0.0014913,0.00232926,-0.00418828,0.000419614,0.177104,0.0507764,-1.17014,-0.0221191,-0.021435,-0.0306427,46.2609,1,-0.0141477,-0.000970252,-0.0552564,0.999891,-0.0144746,0.00248213,-0.00148893,0.00364997,-0.0215181,-0.301341,0.176883,0.0505621,-1.17045,-0.0221406,-0.0215583,0.0631704
46.2609,0.999891,-0.0144694,0.00248557,-0.0014864,0.00379399,-0.00418828,0.00135173,0.176988,0.0507414,-1.17019,-0.0224601,-0.0218997,-0.0305709,46.2809,1,-0.0308002,0.0375,0.0158183,0.999891,-0.0144505,0.0024647,-0.00147938,-0.131531,0.277911,0.0994955,0.176763,0.0505224,-1.17049,-0.0224814,-0.0220228,0.0632421
46.2809,0.999895,-0.0141973,0.0023362,-0.00148854,0.0145827,-0.00685231,-0.000646159,0.176223,0.0504741,-1.17043,-0.0246334,-0.0259342,-0.0308239,46.3009,1,-0.00346335,0.014033,-0.0231866,0.999896,-0.0141245,0.00230179,-0.00149146,0.0860983,0.0961621,-0.120428,0.175977,0.0502148,-1.17074,-0.0246534,-0.026055,0.062989
46.3009,0.999898,-0.0140441,0.002213,-0.00149731,0.00446464,-0.00765193,-0.0019782,0.17568,0.050371,-1.17037,-0.0256101,-0.0261798,-0.0303367,46.3209,1,-0.0261914,0.0368525,0.00152872,0.999898,-0.0140219,0.00217457,-0.00150671,-0.0977402,0.276618,0.0195101,0.175424,0.0501092,-1.17068,-0.0256292,-0.0262993,0.0634762
46.3209,0.999898,-0.0140218,0.00218053,-0.00149255,0.00499724,-0.00791827,0.00135077,0.175542,0.0503576,-1.17034,-0.0255388,-0.0257177,-0.0301405,46.3409,1,-0.00867006,-0.00522192,-0.0526506,0.999899,-0.0139968,0.002141,-0.0014853,0.04364,-0.0533877,-0.286983,0.175287,0.0501004,-1.17064,-0.0255576,-0.025837,0.0636724
46.3409,0.999901,-0.0138525,0.00202617,-0.00148165,0.011522,-0.00831769,0.00228291,0.174975,0.0502931,-1.17028,-0.0250252,-0.0240672,-0.0300299,46.3609,1,-0.0105429,0.0301151,0.0193141,0.999902,-0.0137949,0.00198465,-0.00146978,0.025738,0.222434,0.118656,0.174724,0.0500524,-1.17058,-0.0250426,-0.0241851,0.0637829
46.3609,0.999904,-0.0136428,0.00191439,-0.00146097,0.0020699,-0.00112787,0.00268189,0.174285,0.0502192,-1.17024,-0.0230232,-0.0236518,-0.0301182,46.3809,1,-0.00246868,0.0148961,-0.0770227,0.999904,-0.0136324,0.00190892,-0.0014475,0.0900635,0.112267,-0.422018,0.174055,0.0499826,-1.17054,-0.0230397,-0.0237679,0.0636946
46.3809,0.999904,-0.01364,0.00188473,-0.00145785,-0.00112588,-0.00405735,1.8733e-05,0.174035,0.0502348,-1.1702,-0.0220824,-0.0217575,-0.0303,46.4009,1,-0.00403672,0.0173384,-0.0525732,0.999904,-0.0136457,0.00186445,-0.00145747,0.0772518,0.129329,-0.284949,0.173814,0.0500172,-1.17051,-0.0220986,-0.0218736,0.0635128
46.4009,0.999904,-0.013647,0.00184716,-0.00145507,-0.00232431,-0.00365787,0.000950839,0.173794,0.0502675,-1.1702,-0.0208778,-0.0193119,-0.0306444,46.4209,1,0.0168589,0.0170074,-0.0733069,0.999904,-0.0136587,0.00182895,-0.00145005,0.244595,0.129512,-0.400881,0.173586,0.0500743,-1.1705,-0.0208936,-0.019428,0.0631684
46.4209,0.999904,-0.0136548,0.00184499,-0.00144107,-0.00205801,0.00446476,-0.00131286,0.173231,0.0504023,-1.17032,-0.0178593,-0.0162403,-0.0312531,46.4409,1,-0.0183822,0.0287084,0.00500924,0.999904,-0.0136651,0.00186723,-0.00144792,-0.0382747,0.214135,0.0381195,0.173052,0.0502399,-1.17064,-0.0178752,-0.0163565,0.0625597
46.4409,0.999902,-0.013779,0.00192929,-0.00146415,-0.0127106,0.00513057,-0.00197866,0.172748,0.0504925,-1.17061,-0.0147303,-0.014874,-0.0307333,46.4609,1,0.00704844,-0.00243918,-0.0572105,0.999901,-0.0138426,0.0019549,-0.00147428,0.167342,-0.0285311,-0.312274,0.1726,0.0503438,-1.17091,-0.0147469,-0.0149913,0.0630796
46.4609,0.999901,-0.0138698,0.00196678,-0.00146913,-0.0123112,0.00339954,1.87169e-05,0.172574,0.0505312,-1.17076,-0.0138561,-0.013443,-0.0309689,46.4809,1,-0.0191365,0.00771144,-0.0574951,0.9999,-0.0139313,0.00198387,-0.00146915,-0.0415114,0.0521352,-0.313341,0.172435,0.0503967,-1.17107,-0.013873,-0.0135611,0.0628439
46.4809,0.9999,-0.0139057,0.00200193,-0.00146118,-0.00938171,0.00885899,0.00228238,0.172489,0.0505533,-1.17084,-0.0134972,-0.0127926,-0.0312823,46.5009,1,-0.00229914,-0.0121318,-0.0118673,0.9999,-0.0139525,0.00204645,-0.00145029,0.0931696,-0.111765,-0.0592393,0.172354,0.0504254,-1.17115,-0.0135144,-0.0129109,0.0625306
46.5009,0.999899,-0.0139894,0.00212272,-0.00146411,-0.00724865,0.0105894,-0.000780685,0.17228,0.0507699,-1.17092,-0.0128773,-0.0123567,-0.0312291,46.5209,1,-0.0345047,-0.0264759,-0.023821,0.999898,-0.0140255,0.00217566,-0.00146868,-0.163518,-0.226485,-0.127679,0.172151,0.0506463,-1.17124,-0.0128955,-0.0124757,0.0625838
46.5209,0.999896,-0.0141465,0.00230266,-0.0014826,-0.0115097,0.00739356,0.000284578,0.171914,0.0509878,-1.17118,-0.0129445,-0.0149466,-0.0310242,46.5409,1,0.00305734,-0.0124969,-0.0790376,0.999895,-0.014204,0.00233973,-0.00148157,0.138869,-0.109346,-0.43524,0.171785,0.0508383,-1.17149,-0.0129642,-0.0150669,0.0627887
46.5409,0.999895,-0.0142425,0.00243463,-0.0014982,-0.00352022,0.00739358,0.00174929,0.171553,0.0510471,-1.17147,-0.0148825,-0.0155468,-0.0306711,46.5609,1,-0.00348049,0.0241342,-0.0448603,0.999894,-0.01426,0.00247175,-0.00148993,0.0865351,0.178671,-0.240935,0.171404,0.0508916,-1.17178,-0.0149034,-0.015668,0.0631418
46.5609,0.999894,-0.0142588,0.0024569,-0.00149963,-0.00445236,0.00566249,-0.000114897,0.171449,0.0510472,-1.17156,-0.0152646,-0.0162105,-0.0308704,46.5809,1,0.000933618,-0.0513873,-0.107911,0.999894,-0.014281,0.00248523,-0.00150055,0.123458,-0.418249,-0.599993,0.171296,0.0508851,-1.17187,-0.0152856,-0.0163318,0.0629425
46.5809,0.999894,-0.0142745,0.00248543,-0.00150597,-0.00152286,0.00339883,0.000417716,0.171223,0.0510205,-1.17175,-0.0166308,-0.0176436,-0.0306796,46.6009,1,-0.0439924,0.0113333,-0.0623813,0.999894,-0.0142821,0.00250246,-0.00150411,-0.236943,0.0774266,-0.340596,0.171056,0.0508441,-1.17206,-0.0166521,-0.017765,0.0631334
46.6009,0.999894,-0.01425,0.0024456,-0.0015065,0.0004773,-0.00405839,1.77617e-05,0.170555,0.0509457,-1.17205,-0.0200294,-0.0217657,-0.0301087,46.6209,1,-0.0190637,-0.0564652,-0.00740268,0.999894,-0.0142477,0.00242531,-0.00150613,-0.0378736,-0.470589,-0.0377964,0.170355,0.0507281,-1.17235,-0.0200504,-0.0218869,0.0637042
46.6209,0.999895,-0.0141897,0.0024086,-0.00149937,0.00713518,-0.00219418,-0.000115375,0.169927,0.0508138,-1.17222,-0.0219324,-0.0235897,-0.0293861,46.6409,1,-0.00420506,0.000384574,-0.0064882,0.999896,-0.014154,0.00239757,-0.00149988,0.0799973,-0.0155059,-0.02796,0.169707,0.0505779,-1.17252,-0.021953,-0.0237104,0.0644268
46.6409,0.999896,-0.0141611,0.00239628,-0.00149938,0.00673572,-0.00299311,0.000150891,0.169755,0.0507621,-1.17228,-0.0227605,-0.0241738,-0.0292562,46.6609,1,-0.0344324,0.017121,-0.00539494,0.999896,-0.0141275,0.00238127,-0.0014985,-0.162329,0.117996,-0.0209226,0.169527,0.0505203,-1.17257,-0.022781,-0.0242942,0.0645567
46.6609,0.999898,-0.0140428,0.00232852,-0.00149359,0.00753466,-0.00499049,0.0014825,0.169208,0.0505528,-1.17248,-0.0240187,-0.0262391,-0.0291069,46.6809,1,-0.0233032,0.00726262,0.00366753,0.999898,-0.0140052,0.00230362,-0.00148591,-0.0742531,0.038782,0.0291649,0.168968,0.0502904,-1.17277,-0.0240387,-0.0263586,0.064706
46.6809,0.999901,-0.0138329,0.00205516,-0.00148614,0.00993459,-0.0112492,-0.00131424,0.167983,0.0502047,-1.17259,-0.0275981,-0.0271457,-0.027924,46.7009,1,-0.0176738,-0.0107549,-0.057757,0.999902,-0.0137834,0.00199875,-0.00149204,-0.0298441,-0.0962597,-0.316137,0.167708,0.0499333,-1.17287,-0.0276158,-0.0272634,0.0658889
46.7009,0.999902,-0.0137913,0.00201344,-0.00149543,0.00993462,-0.0103171,-0.00224637,0.167764,0.0501521,-1.17259,-0.0276989,-0.0271095,-0.0279245,46.7209,1,-0.0386272,-0.015889,0.00972606,0.999902,-0.0137417,0.00196163,-0.00150605,-0.198725,-0.144727,0.0611646,0.167487,0.049881,-1.17287,-0.0277162,-0.0272268,0.0658884
46.7209,0.999904,-0.0136458,0.00191245,-0.00151026,0.00940197,-0.00765392,-0.0013143,0.167109,0.0499714,-1.17264,-0.0267193,-0.026893,-0.0282545,46.7409,1,-0.0241719,0.00327206,-0.0204552,0.999905,-0.0135989,0.00187403,-0.00151639,-0.0839721,0.0128231,-0.106094,0.166842,0.0497025,-1.17292,-0.0267358,-0.0270091,0.0655583
46.7409,0.999906,-0.013547,0.00173036,-0.00150964,0.00381247,-0.0129805,0.000682648,0.166272,0.0498254,-1.17258,-0.0252836,-0.0253094,-0.0280963,46.7609,1,-0.0160355,0.00145128,-0.0381087,0.999906,-0.013528,0.00166548,-0.00150538,-0.0194794,0.0017145,-0.204987,0.166019,0.0495723,-1.17286,-0.0252985,-0.0254246,0.0657165
46.7609,0.999907,-0.0134492,0.00156908,-0.00151231,0.00221458,-0.000729964,1.68922e-05,0.165081,0.0497876,-1.1724,-0.0226656,-0.0223865,-0.0282413,46.7809,1,-0.036135,-0.0248444,-0.0393588,0.999907,-0.0134381,0.00156541,-0.00151219,-0.180852,-0.20747,-0.214124,0.164855,0.0495637,-1.17268,-0.0226791,-0.0225009,0.0655715
46.7809,0.999907,-0.0134397,0.0015647,-0.00152577,0.0018151,-0.00099628,-0.00317891,0.164896,0.0497783,-1.1724,-0.0219958,-0.0219086,-0.0283086,46.8009,1,-0.00209541,-0.0148743,-0.0225578,0.999907,-0.0134307,0.00155949,-0.00154161,0.0911806,-0.129096,-0.118909,0.164676,0.0495592,-1.17268,-0.0220093,-0.0220229,0.0655042
46.8009,0.999907,-0.0134338,0.00156633,-0.00154304,-0.000711915,-0.000996263,-0.00171461,0.164375,0.0498732,-1.17224,-0.0195413,-0.0203611,-0.0280919,46.8209,1,-0.00576716,-0.0109172,-0.0727475,0.999907,-0.0134373,0.00156124,-0.00155154,0.0620905,-0.0920789,-0.399603,0.16418,0.0496696,-1.17253,-0.0195548,-0.0204754,0.0657208
46.8209,0.999907,-0.0134672,0.00155544,-0.00155192,-0.00470667,-0.00286047,-0.000116707,0.163892,0.0500183,-1.17207,-0.0181729,-0.0189788,-0.0277131,46.8409,1,-0.0161587,0.0293754,-0.00872616,0.999907,-0.0134907,0.00154117,-0.00155227,-0.0218405,0.223285,-0.0381018,0.163711,0.0498285,-1.17234,-0.0181863,-0.0190934,0.0660996
46.8409,0.999905,-0.0135937,0.00173549,-0.00157194,-0.00616889,0.00765906,0.00161394,0.162853,0.0505974,-1.17151,-0.0143757,-0.0156955,-0.0272304,46.8609,1,-0.000793151,-0.025759,0.0150182,0.999904,-0.0136245,0.00177394,-0.00156433,0.102472,-0.221573,0.0909244,0.16271,0.0504404,-1.17178,-0.0143906,-0.0158111,0.0665824
46.8609,0.999905,-0.0136186,0.00177465,-0.0015686,-0.0069678,0.00978961,0.00121444,0.162724,0.0506821,-1.17144,-0.0135624,-0.0159111,-0.027357,46.8809,1,0.019277,-0.0188553,-0.000148707,0.999904,-0.0136533,0.00182373,-0.00156314,0.263349,-0.164762,0.00670189,0.162588,0.050523,-1.17171,-0.0135777,-0.016027,0.0664558
46.8809,0.999904,-0.0136415,0.00179996,-0.00156613,-0.0064352,0.00632747,0.00094816,0.162599,0.0507611,-1.17138,-0.0130025,-0.0158334,-0.0275209,46.9009,1,-0.0274196,0.00824245,-0.0631626,0.999904,-0.0136736,0.00183171,-0.00156176,-0.109661,0.0581178,-0.344574,0.162469,0.0506028,-1.17165,-0.013018,-0.0159495,0.0662919
46.9009,0.9999,-0.01389,0.00200356,-0.00156623,-0.00989732,0.0125859,-0.000117182,0.161869,0.0511481,-1.17118,-0.0125413,-0.0155667,-0.0279835,46.9209,1,-0.000624072,-0.0151542,-0.0352974,0.999899,-0.0139394,0.00206655,-0.00156759,0.106802,-0.133324,-0.190067,0.161743,0.0509924,-1.17146,-0.0125586,-0.0156849,0.0658294
46.9209,0.9999,-0.0139212,0.00215152,-0.00157287,-0.00124204,0.00872433,0.000814984,0.161373,0.0512954,-1.1712,-0.0126376,-0.0172045,-0.0281012,46.9409,1,-0.00802408,0.0207252,0.00846565,0.999899,-0.0139273,0.0021952,-0.00156939,0.0467453,0.147534,0.0577275,0.161247,0.0511234,-1.17148,-0.0126561,-0.0173229,0.0657117
46.9409,0.999899,-0.0139298,0.00218852,-0.0015746,-0.00270676,0.00925697,-0.000117137,0.161246,0.0513108,-1.17122,-0.0130768,-0.0179287,-0.0279279,46.9609,1,-0.0205208,-0.0141222,-0.015074,0.999899,-0.0139433,0.00223481,-0.0015758,-0.0523166,-0.129045,-0.0769449,0.161115,0.0511316,-1.1715,-0.0130956,-0.0180472,0.065885
46.9609,0.999898,-0.0139876,0.0022615,-0.00156093,-0.00763361,0.0047296,0.00188025,0.160837,0.0513015,-1.17132,-0.0144807,-0.0196261,-0.0278443,46.9809,1,-0.0169619,-0.0110241,0.00160677,0.999898,-0.0140257,0.00228534,-0.00155177,-0.0236951,-0.106664,0.0166581,0.160692,0.0511052,-1.1716,-0.0145001,-0.0197451,0.0659685
46.9809,0.999898,-0.0140245,0.00231385,-0.00155972,0.00222299,0.000869067,0.000681424,0.159957,0.0513986,-1.17119,-0.0184499,-0.0204622,-0.0272545,47.0009,1,-0.0242049,0.0318145,0.0222307,0.999898,-0.0140134,0.00231822,-0.0015564,-0.0823495,0.233202,0.13539,0.159773,0.0511939,-1.17146,-0.0184698,-0.0205815,0.0665584
47.0009,0.999899,-0.0139481,0.00228553,-0.00156541,0.00435354,-0.00485672,0.000415095,0.159136,0.0513913,-1.17111,-0.0208805,-0.0232241,-0.02688,47.0209,1,-0.0245757,0.00598554,-0.0319517,0.999899,-0.0139264,0.00226124,-0.00156304,-0.0845844,0.032868,-0.17,0.158927,0.0511591,-1.17138,-0.0209002,-0.0233428,0.0669328
47.0209,0.999899,-0.0139352,0.00225726,-0.00156938,0.00275562,-0.00712041,-0.000916488,0.158918,0.0513623,-1.17111,-0.0215444,-0.0239637,-0.0268808,47.0409,1,-0.023397,-0.0473101,-0.00122295,0.999899,-0.0139215,0.00222157,-0.0015735,-0.075215,-0.396633,-0.00205926,0.158702,0.0511227,-1.17138,-0.0215638,-0.0240823,0.0669321
47.0409,0.9999,-0.0138579,0.0021085,-0.00158352,0.00834826,-0.00871832,-0.000250653,0.157727,0.0511863,-1.17108,-0.0246239,-0.0244212,-0.0265453,47.0609,1,-0.00540581,0.0251518,-0.0595464,0.999901,-0.0138162,0.00206483,-0.00158426,0.0680733,0.190895,-0.32269,0.15748,0.0509421,-1.17135,-0.024642,-0.0245391,0.0672676
47.0609,0.999903,-0.0137128,0.0019401,-0.00157559,0.0054243,-0.011646,0.000946973,0.156344,0.0512701,-1.17069,-0.0260067,-0.0242496,-0.0267366,47.0809,1,-0.0221493,0.0236015,0.0416953,0.999903,-0.0136858,0.0018819,-0.00157011,-0.0685726,0.168441,0.243854,0.156084,0.0510276,-1.17096,-0.0260234,-0.0243662,0.0670762
47.0809,0.999903,-0.0136869,0.0018986,-0.00156743,0.00582376,-0.0105807,0.00214537,0.156053,0.0512994,-1.17059,-0.0263095,-0.0240559,-0.0266539,47.1009,1,0.0123625,0.00115706,-0.0271498,0.999904,-0.0136578,0.0018458,-0.00155604,0.208734,-0.0027986,-0.14303,0.15579,0.0510589,-1.17086,-0.0263258,-0.0241723,0.0671589
47.1009,0.999904,-0.0136754,0.0018458,-0.00156866,0.00222853,-0.013377,-0.000251468,0.15576,0.0513259,-1.1705,-0.0266937,-0.023597,-0.0265896,47.1209,1,-0.00399961,-0.00363377,-0.0260365,0.999904,-0.0136644,0.00177889,-0.00156902,0.077801,-0.0410303,-0.137329,0.155493,0.0510899,-1.17076,-0.0267095,-0.0237133,0.0672232
47.1209,0.999905,-0.0136084,0.00155506,-0.00156546,0.000896893,-0.00831704,0.000680648,0.1537,0.0514775,-1.17006,-0.0262067,-0.0202925,-0.0265568,47.1409,1,0.00107299,0.0117109,-0.0459231,0.999905,-0.013604,0.00151352,-0.0015615,0.117753,0.0862646,-0.247486,0.153438,0.0512745,-1.17033,-0.0262202,-0.0204083,0.067256
47.1409,0.999905,-0.0136389,0.0013741,-0.00156151,-0.00402993,-0.00991493,0.00147959,0.152342,0.051549,-1.16999,-0.0233426,-0.0183059,-0.0272856,47.1609,1,-0.00667276,-0.0483373,0.0167521,0.999905,-0.0136591,0.00132466,-0.00155341,0.0560088,-0.399551,0.0987923,0.152109,0.0513659,-1.17026,-0.0233545,-0.018422,0.0665272
47.1609,0.999905,-0.0136681,0.00133568,-0.00156157,-0.00775835,-0.00978178,1.4835e-05,0.152065,0.0516191,-1.16991,-0.0228513,-0.017951,-0.027265,47.1809,1,-0.00917635,0.00763983,-0.0468319,0.999904,-0.0137069,0.00128683,-0.00156078,0.0362178,0.055446,-0.252983,0.151836,0.0514395,-1.17018,-0.0228629,-0.0180673,0.0665478
47.1809,0.999904,-0.0136999,0.00129082,-0.00155301,-0.00336127,-0.00432126,0.00227817,0.151522,0.0517509,-1.16977,-0.0219869,-0.0172556,-0.0273898,47.2009,1,-0.000669126,-0.011846,0.00448556,0.999904,-0.0137168,0.0012694,-0.0015413,0.104339,-0.105584,0.0328992,0.151302,0.0515783,-1.17004,-0.0219981,-0.0173722,0.0664229
47.2009,0.999903,-0.0137883,0.00130653,-0.00156973,-0.00642391,0.00366821,-0.00211605,0.15029,0.0520392,-1.16957,-0.0172844,-0.0157657,-0.0278643,47.2209,1,-0.00971736,0.0275601,-0.0230549,0.999902,-0.0138204,0.00132477,-0.00158052,0.0323937,0.212436,-0.118254,0.150117,0.0518816,-1.16985,-0.0172957,-0.015883,0.0659485
47.2209,0.999901,-0.0138987,0.00134816,-0.00157174,-0.0089539,0.00326876,0.000813415,0.149441,0.0522222,-1.16955,-0.0152491,-0.0150741,-0.0278331,47.2409,1,-0.0240235,0.0204047,0.0283916,0.999901,-0.0139435,0.00136463,-0.00156784,-0.0816417,0.148987,0.169178,0.149288,0.0520714,-1.16983,-0.0152608,-0.0151923,0.0659798
47.2409,0.999901,-0.0139305,0.00135843,-0.00156019,-0.00842127,0.00233664,0.00307712,0.149238,0.052259,-1.16956,-0.0151793,-0.015081,-0.0277235,47.2609,1,-0.031638,0.0140866,-0.0344135,0.9999,-0.0139725,0.00137039,-0.00154491,-0.14157,0.105267,-0.183112,0.149086,0.0521082,-1.16984,-0.0151911,-0.0151995,0.0660893
47.2609,0.999899,-0.0140427,0.00148058,-0.00155888,-0.00695383,0.00926229,0.000812963,0.148143,0.0525878,-1.16933,-0.013958,-0.0160739,-0.0269853,47.2809,1,-0.00696727,-0.0127211,0.0142388,0.999899,-0.0140773,0.001527,-0.00155542,0.0565755,-0.115287,0.087399,0.148003,0.0524271,-1.1696,-0.0139708,-0.0161933,0.0668276
47.2809,0.999898,-0.0140972,0.00166798,-0.0015517,-0.00136118,0.00912912,0.000546716,0.147106,0.052794,-1.16918,-0.0129465,-0.0178205,-0.0270175,47.3009,1,-0.000879025,-0.00314209,-0.028338,0.999898,-0.0141039,0.00171367,-0.0015496,0.106117,-0.0352876,-0.150247,0.146976,0.0526158,-1.16945,-0.0129609,-0.0179404,0.0667954
47.3009,0.999898,-0.0141148,0.00173852,-0.00154809,-0.00202698,0.00686543,0.00121249,0.146698,0.0528222,-1.16917,-0.0140294,-0.0186106,-0.0270707,47.3209,1,-0.0518604,-0.0296982,-0.026773,0.999897,-0.0141249,0.00177295,-0.00154249,-0.301425,-0.249059,-0.144115,0.146557,0.0526361,-1.16944,-0.0140444,-0.0187307,0.0667423
47.3209,0.999898,-0.0141274,0.00175725,-0.0015468,-0.00362489,0.00446858,0.000546708,0.146489,0.0528235,-1.16918,-0.0145001,-0.0193872,-0.0272686,47.3409,1,-0.0390346,0.0332444,-0.00579148,0.999897,-0.0141455,0.00177966,-0.00154436,-0.199706,0.25206,-0.0215324,0.146344,0.0526296,-1.16945,-0.0145152,-0.0195074,0.0665444
47.3409,0.999898,-0.0140754,0.00188178,-0.00152736,0.0054324,0.00540249,0.00107892,0.145028,0.0528037,-1.16908,-0.0190045,-0.0227106,-0.027072,47.3609,1,-0.0235677,0.0547276,-0.0180139,0.999898,-0.0140481,0.00190882,-0.0015224,-0.0765356,0.424491,-0.0882656,0.144838,0.0525766,-1.16935,-0.0190207,-0.0228303,0.0667409
47.3609,0.999899,-0.0139964,0.00187466,-0.00151425,0.00303555,-0.00564963,0.00134526,0.143898,0.0527286,-1.16897,-0.021959,-0.0242792,-0.0277569,47.3809,1,-0.0281466,-0.00214499,0.0116395,0.999899,-0.0139813,0.00184649,-0.00150716,-0.11338,-0.0337927,0.0731869,0.143679,0.0524858,-1.16925,-0.0219751,-0.0243983,0.066056
47.3809,0.9999,-0.0139617,0.00185042,-0.00151143,0.00822873,-0.00631541,0.000812637,0.143604,0.0526916,-1.16897,-0.0228861,-0.0244371,-0.0278136,47.4009,1,-0.0250909,-0.0247934,0.00518522,0.9999,-0.0139206,0.00181884,-0.00150701,-0.0888618,-0.214004,0.0352945,0.143375,0.0524472,-1.16925,-0.022902,-0.0245559,0.0659992
47.4009,0.9999,-0.0139329,0.00181868,-0.00151114,0.00676398,-0.00817964,0.000146804,0.143303,0.0526488,-1.16897,-0.0240998,-0.0246551,-0.0280448,47.4209,1,-0.0337326,-0.000173537,-0.00507101,0.999901,-0.0138991,0.00177774,-0.0015099,-0.15836,-0.0157717,-0.0202944,0.143062,0.0524022,-1.16925,-0.0241154,-0.0247737,0.065768
47.4209,0.999902,-0.0137822,0.00166825,-0.00149778,0.00742976,-0.010177,0.000679472,0.141687,0.0523593,-1.1691,-0.028785,-0.0249757,-0.0284837,47.4409,1,-0.00633062,0.000775815,-0.0324048,0.999903,-0.0137451,0.00161736,-0.00149375,0.0599807,-0.00363575,-0.173066,0.141399,0.0521095,-1.16938,-0.0287994,-0.0250929,0.0653291
47.4409,0.999905,-0.0136652,0.00136772,-0.00150726,0.00769908,-0.0186977,-0.000785621,0.13982,0.0522965,-1.169,-0.0317676,-0.0238792,-0.0293325,47.4609,1,-0.0102257,0.021417,-0.0184244,0.999905,-0.0136268,0.00127413,-0.00150996,0.0274176,0.162274,-0.0931696,0.139502,0.0520577,-1.16929,-0.0317794,-0.0239955,0.0644803
47.4609,0.999906,-0.01361,0.00121667,-0.00149911,0.00530222,-0.0190972,0.000146438,0.139059,0.0522519,-1.16901,-0.0324691,-0.0232532,-0.02926,47.4809,1,-0.0395925,0.0044498,0.0109543,0.999906,-0.0135836,0.00112116,-0.00149711,-0.208084,0.0242025,0.0697953,0.138734,0.0520193,-1.16931,-0.0324797,-0.023369,0.0645528
47.4809,0.999906,-0.0135966,0.000927675,-0.00149863,-0.00361932,-0.0144366,0.000545975,0.137159,0.0521795,-1.16907,-0.0313774,-0.0210077,-0.0289759,47.5009,1,-0.0106554,0.0364733,0.0108363,0.999906,-0.0136148,0.000855563,-0.0014949,0.0229348,0.283037,0.071785,0.136846,0.0519694,-1.16936,-0.0313855,-0.0211234,0.0648368
47.5009,0.999907,-0.013573,0.000688206,-0.00149541,-0.0012171,-0.0131028,0.000145744,0.135252,0.0524762,-1.1688,-0.028894,-0.0189622,-0.0287592,47.5209,1,-0.0153371,0.00244341,0.0290961,0.999906,-0.0135792,0.000622717,-0.00149379,-0.0143497,0.0107,0.171419,0.134963,0.0522866,-1.16909,-0.0289001,-0.0190777,0.0650536
47.5209,0.999906,-0.0136031,0.00059594,-0.00147186,-0.00481063,-0.0117704,0.00374068,0.134468,0.0526904,-1.16859,-0.028518,-0.018192,-0.0289013,47.5409,1,-0.022644,-0.045653,-0.0670417,0.999906,-0.0136272,0.000537383,-0.00145234,-0.0718393,-0.362911,-0.370739,0.134183,0.0525084,-1.16887,-0.0285232,-0.0183077,0.0649115
47.5409,0.999906,-0.0136198,0.00055779,-0.00147775,-0.00494379,-0.0099062,-0.00131935,0.134085,0.0527917,-1.16849,-0.0278398,-0.0179179,-0.0287555,47.5609,1,0.005074,0.0181098,0.000138242,0.999906,-0.0136446,0.00050821,-0.00148365,0.149313,0.140448,0.0104451,0.133806,0.0526125,-1.16878,-0.0278447,-0.0180338,0.0650573
47.5609,0.999905,-0.0137146,0.000499901,-0.00146131,-0.00574276,-0.000585137,0.000944352,0.132312,0.0532647,-1.16815,-0.0230168,-0.0157024,-0.0288311,47.5809,1,-0.0168343,0.00307465,-0.0270371,0.999904,-0.0137433,0.000497082,-0.00145653,-0.024929,0.0233673,-0.143025,0.132082,0.0531077,-1.16844,-0.0230212,-0.0158191,0.0649816
47.5809,0.999902,-0.0138937,0.000537909,-0.00147323,-0.00987065,0.0044749,0.00200961,0.130502,0.0537158,-1.16802,-0.018468,-0.0154494,-0.0294422,47.6009,1,-0.0262618,0.0156963,-0.0256779,0.999902,-0.0139431,0.000560493,-0.00146347,-0.0990871,0.123803,-0.134396,0.130318,0.0535613,-1.16831,-0.0184728,-0.0155677,0.0643706
47.6009,0.999902,-0.0139373,0.000585109,-0.00147933,-0.00467748,0.00554014,-0.000786724,0.129959,0.0538284,-1.16804,-0.0175566,-0.0153459,-0.0296976,47.6209,1,0.0266551,-0.00802834,-0.0123782,0.999901,-0.0139606,0.000612787,-0.00148364,0.32482,-0.0672035,-0.0615697,0.129784,0.0536749,-1.16833,-0.0175618,-0.0154645,0.0641152
47.6209,0.9999,-0.0140199,0.000765751,-0.00149253,-0.00534124,0.00940364,0.000145062,0.128271,0.054202,-1.16803,-0.0169257,-0.0167089,-0.0301811,47.6409,1,-0.0351065,-0.0171736,0.0269129,0.9999,-0.0140466,0.000812815,-0.00149244,-0.168751,-0.146932,0.157547,0.128102,0.0540349,-1.16833,-0.0169324,-0.0168282,0.0636317
47.6409,0.999899,-0.0141075,0.000879768,-0.00148132,-0.00440913,0.0019468,0.00121033,0.126868,0.0543973,-1.16813,-0.0175872,-0.0174096,-0.0307334,47.6609,1,-0.0202997,0.0406198,0.00870687,0.999899,-0.0141296,0.000889619,-0.00147539,-0.0501844,0.316672,0.0601491,0.126693,0.0542233,-1.16844,-0.0175949,-0.0175296,0.0630795
47.6609,0.999899,-0.0141158,0.000897181,-0.00148309,0.000517713,0.00154731,-0.00131968,0.126303,0.0544321,-1.16822,-0.0191594,-0.0182768,-0.0306084,47.6809,1,-0.0410694,-0.0233968,-0.010922,0.999899,-0.0141132,0.00090482,-0.0014898,-0.215372,-0.193578,-0.0549174,0.126111,0.0542493,-1.16853,-0.0191672,-0.0183969,0.0632044
47.6809,0.999899,-0.0141038,0.000909349,-0.00147867,0.00251508,0.00274573,0.00134348,0.126014,0.0544372,-1.16828,-0.0199687,-0.0187892,-0.0304087,47.7009,1,0.0110903,-0.0094627,0.00168921,0.999899,-0.0140912,0.000923152,-0.00147216,0.201631,-0.0830274,0.0170474,0.125814,0.0542493,-1.16858,-0.0199766,-0.0189092,0.0634042
47.7009,0.9999,-0.0140596,0.000954071,-0.00149103,0.000650869,0.000482048,0.00107717,0.124833,0.0543584,-1.16854,-0.0218932,-0.0216798,-0.0301977,47.7209,1,-0.0174789,0.0021802,-0.00652111,0.9999,-0.0140564,0.000956552,-0.00148568,-0.0273365,0.0103336,-0.028088,0.124614,0.0541416,-1.16884,-0.0219015,-0.0217994,0.0636152
47.7209,0.9999,-0.0140165,0.000868356,-0.00147185,-0.000414377,-0.0060427,0.00160979,0.123311,0.0541022,-1.16898,-0.0250373,-0.0224812,-0.0297191,47.7409,1,-0.0174245,-0.0149263,0.0134614,0.9999,-0.0140186,0.000838261,-0.00146337,-0.0272073,-0.128058,0.0823595,0.123061,0.0538774,-1.16927,-0.0250448,-0.0226004,0.0640937
47.7409,0.999901,-0.014002,0.000844445,-0.001472,0.00331403,-0.00617585,1.19429e-05,0.122995,0.0540369,-1.16908,-0.0258559,-0.0225147,-0.0294725,47.7609,1,-0.0294585,0.0291943,0.0639625,0.999901,-0.0139855,0.000813546,-0.00147152,-0.124731,0.219284,0.368524,0.122737,0.0538117,-1.16937,-0.0258633,-0.0226339,0.0643403
47.7609,0.999901,-0.0139759,0.000811034,-0.00146188,0.0062435,-0.00857271,0.00254188,0.122676,0.0539686,-1.16918,-0.0262664,-0.0224533,-0.0296062,47.7809,1,-0.0868528,0.017487,-0.00912393,0.999901,-0.0139447,0.000768307,-0.0014486,-0.583536,0.133424,-0.0419608,0.122413,0.0537441,-1.16948,-0.0262735,-0.0225723,0.0642067
47.7809,0.999902,-0.013898,0.000720823,-0.0014537,0.00664298,-0.00737427,0.00147667,0.121393,0.0536304,-1.16964,-0.0272565,-0.024476,-0.0291914,47.8009,1,0.0168595,0.0191711,-0.0561789,0.999903,-0.0138649,0.000684009,-0.00144583,0.245936,0.154041,-0.304886,0.121121,0.0533857,-1.16993,-0.0272628,-0.0245943,0.0646214
47.8009,0.999904,-0.0137997,0.000517442,-0.00143733,0.00637945,-0.0120328,0.00227528,0.119584,0.0533474,-1.16991,-0.0287652,-0.0252782,-0.0292232,47.8209,1,-0.0314061,0.00401968,-0.0341648,0.999904,-0.0137679,0.000457395,-0.00142514,-0.140851,0.0314299,-0.183045,0.119296,0.0530946,-1.1702,-0.0287698,-0.0253956,0.0645896
47.8209,0.999904,-0.0137777,0.000467682,-0.00142912,0.00518112,-0.0126986,0.00200886,0.119222,0.0532781,-1.16998,-0.0288736,-0.0251468,-0.0294036,47.8409,1,0.0125772,0.0451007,0.0249936,0.999904,-0.0137519,0.000404297,-0.00141822,0.210066,0.354424,0.151455,0.118933,0.0530266,-1.17027,-0.0288777,-0.025264,0.0644092
47.8409,0.999906,-0.0136529,0.000303154,-0.00141951,0.00824373,-0.0100354,0.000677329,0.117809,0.0529628,-1.17033,-0.0280457,-0.0251797,-0.0296948,47.8609,1,-0.0315636,0.0136809,0.0191468,0.999906,-0.0136118,0.000252969,-0.00141545,-0.143548,0.104564,0.116147,0.117529,0.052711,-1.17062,-0.0280485,-0.0252959,0.064118
47.8609,0.999907,-0.013556,0.000140838,-0.00141743,0.0013195,-0.0091033,-0.000521109,0.116147,0.0525081,-1.17088,-0.0259685,-0.0239954,-0.0297726,47.8809,1,-0.0101682,0.00235315,-0.0347505,0.999907,-0.0135495,9.52815e-05,-0.00141942,0.0270512,0.0213508,-0.186482,0.115888,0.0522682,-1.17118,-0.0259698,-0.0241108,0.0640401
47.8809,0.999908,-0.0134987,7.1804e-05,-0.00141682,0.00464844,0.00128301,0.00107682,0.114641,0.052049,-1.17154,-0.0230928,-0.0221334,-0.0295026,47.9009,1,-0.0690946,0.00448299,0.0471551,0.999908,-0.0134754,7.82583e-05,-0.00141152,-0.445174,0.0294128,0.272261,0.11441,0.0518276,-1.17183,-0.0230935,-0.0222483,0.0643101
47.9009,0.999908,-0.0134841,6.80819e-05,-0.00140742,0.00345002,-0.00111381,0.00240838,0.114336,0.0520253,-1.17159,-0.022485,-0.0219786,-0.0294832,47.9209,1,-0.0118868,0.0348857,-0.0446006,0.999908,-0.0134668,6.26514e-05,-0.00139531,0.0122378,0.283194,-0.239243,0.114111,0.0518055,-1.17189,-0.0224857,-0.0220934,0.0643295
47.9209,0.999908,-0.013483,6.45112e-05,-0.00140675,-0.000141898,-0.00111273,0.000277531,0.114039,0.0519983,-1.17166,-0.021726,-0.0218372,-0.0296445,47.9409,1,-0.022444,0.0408882,-0.038921,0.999908,-0.0134837,5.89678e-05,-0.00140529,-0.0723107,0.330506,-0.206995,0.113822,0.0517799,-1.17195,-0.0217267,-0.0219519,0.0641683
47.9409,0.999908,-0.0134913,9.31164e-05,-0.00140144,-0.00213927,0.00208306,0.000277535,0.113198,0.0518989,-1.17188,-0.0196469,-0.0212781,-0.029265,47.9609,1,-0.0360756,-0.0317133,-0.0428063,0.999908,-0.0135019,0.000103564,-0.00140019,-0.180484,-0.250211,-0.234276,0.113001,0.0516861,-1.17217,-0.0196479,-0.021393,0.0645478
47.9609,0.999907,-0.0135466,0.000153076,-0.00142375,-0.00147347,0.0051457,-0.000654566,0.111927,0.0516977,-1.17233,-0.0171224,-0.0198363,-0.0288109,47.9809,1,0.0313884,0.0236457,-0.0321725,0.999907,-0.013554,0.000178768,-0.00142737,0.359087,0.191769,-0.170366,0.111756,0.0514993,-1.17262,-0.0171239,-0.0199515,0.0650018
47.9809,0.999907,-0.0135544,0.000168465,-0.00142375,-0.00227243,0.00368096,0.000144379,0.111689,0.0516528,-1.17243,-0.0168621,-0.0197892,-0.0286767,48.0009,1,-0.0408086,-0.0268355,0.0151276,0.999907,-0.0135657,0.000186894,-0.00142328,-0.21786,-0.218115,0.090594,0.111521,0.0514549,-1.17272,-0.0168637,-0.0199045,0.065136
48.0009,0.999907,-0.0135638,0.00019289,-0.00142386,-0.00267189,0.00594465,0.000144377,0.111456,0.0516042,-1.17254,-0.0164561,-0.0199345,-0.0285694,48.0209,1,0.0225076,-0.0322957,-0.0124978,0.999907,-0.0135771,0.000222639,-0.00142354,0.288849,-0.258271,-0.0644431,0.111291,0.0514049,-1.17282,-0.0164579,-0.0200499,0.0652434
48.0209,0.999906,-0.0136238,0.000337278,-0.00141085,-0.00466623,0.00514692,-0.000521781,0.110035,0.0515356,-1.17285,-0.0144602,-0.0206014,-0.027857,48.0409,1,-0.0165485,0.00582716,-0.0254965,0.999906,-0.0136471,0.000363007,-0.00141381,-0.0234341,0.046508,-0.134457,0.10989,0.0513296,-1.17313,-0.0144633,-0.0207173,0.0659557
48.0409,0.999905,-0.0136899,0.000437252,-0.00141036,-0.00546517,0.00634535,1.08649e-05,0.109151,0.0514273,-1.1731,-0.0138216,-0.0214001,-0.0272707,48.0609,1,-0.00278149,0.0101337,-0.0257885,0.999905,-0.0137172,0.000469015,-0.00141072,0.0872026,0.0803585,-0.135737,0.109012,0.0512133,-1.17337,-0.0138255,-0.0215166,0.0665421
48.0609,0.999905,-0.0137029,0.000485273,-0.0014432,-5.69372e-06,0.00261691,-0.00238599,0.10851,0.0512761,-1.17332,-0.0142687,-0.0228436,-0.0268909,48.0809,1,-0.0448171,0.0102925,-0.000540031,0.999905,-0.0137029,0.000498192,-0.00145531,-0.249113,0.0779959,0.00571752,0.108368,0.0510477,-1.17359,-0.014273,-0.0229602,0.0669219
48.0809,0.999905,-0.013698,0.000506398,-0.00145243,0.000793251,0.00514692,-0.00211966,0.108271,0.0512687,-1.17333,-0.0146588,-0.0235809,-0.0266037,48.1009,1,0.000652436,-0.0300396,0.0146968,0.999905,-0.013694,0.000531979,-0.00146338,0.115031,-0.245946,0.0881208,0.108125,0.0510329,-1.17359,-0.0146633,-0.0236974,0.0672091
48.1009,0.999906,-0.0136086,0.000598573,-0.00144879,0.00279337,-0.000977144,-0.00118791,0.10683,0.0510096,-1.17346,-0.0165166,-0.0276059,-0.0262694,48.1209,1,-0.0164129,-0.0288807,0.0305083,0.999906,-0.0135947,0.000593587,-0.00145467,-0.0223445,-0.239319,0.17668,0.106664,0.0507336,-1.17372,-0.0165218,-0.0277217,0.0675434
48.1209,0.999908,-0.0134978,0.000570613,-0.00144851,0.00838601,-0.00310766,1.05362e-05,0.105848,0.0506689,-1.17366,-0.0187546,-0.0285546,-0.026453,48.1409,1,0.0411851,0.0161378,0.0119929,0.999908,-0.0134559,0.000555016,-0.00144828,0.437078,0.123713,0.0766084,0.105661,0.0503833,-1.17392,-0.0187597,-0.0286694,0.0673598
48.1409,0.999908,-0.0134571,0.00056102,-0.00144838,0.00971758,-0.00257506,0.000143664,0.105596,0.0505717,-1.17372,-0.0191422,-0.0286607,-0.0263571,48.1609,1,-0.00454206,0.00641506,-0.0237532,0.999909,-0.0134085,0.000548085,-0.00144752,0.071322,0.0493336,-0.124428,0.105405,0.0502851,-1.17399,-0.0191472,-0.0287752,0.0674556
48.1609,0.99991,-0.0133522,0.000488023,-0.00144091,0.010117,-0.00710244,-0.000788469,0.104836,0.050242,-1.17393,-0.0199048,-0.0298159,-0.0259046,48.1809,1,-0.00621849,-0.0109661,0.0501961,0.99991,-0.0133017,0.000452389,-0.0014444,0.0568617,-0.0970538,0.288294,0.104637,0.0499438,-1.17419,-0.0199091,-0.0299295,0.0679081
48.1809,0.999912,-0.0131806,0.000365319,-0.00142731,0.00732385,-0.00523732,0.000675973,0.10354,0.0497269,-1.17419,-0.0201953,-0.0296214,-0.0254089,48.2009,1,-0.0248595,-0.0190122,-0.0510987,0.999913,-0.0131441,0.000339127,-0.0014236,-0.0932361,-0.149897,-0.279603,0.103338,0.0494307,-1.17445,-0.0201986,-0.0297336,0.0684038
48.2009,0.999914,-0.0130519,0.000201178,-0.00143813,0.00332912,-0.010031,-0.00105505,0.102247,0.0493696,-1.17432,-0.019858,-0.026819,-0.0249251,48.2209,1,-0.0567198,0.000347588,0.0424439,0.999914,-0.0130354,0.000150935,-0.00144276,-0.349639,-0.00390929,0.24566,0.102048,0.0491014,-1.17457,-0.0198598,-0.02693,0.0688875
48.2209,0.999914,-0.0130309,0.000169047,-0.00144728,0.00479384,-0.00816682,-0.00225346,0.101995,0.0493006,-1.17436,-0.0197614,-0.0262819,-0.0247607,48.2409,1,-0.0421558,-0.023138,0.0305752,0.999914,-0.0130069,0.000128035,-0.00145802,-0.232913,-0.190114,0.17757,0.101798,0.0490378,-1.1746,-0.019763,-0.0263928,0.0690519
48.2409,0.999914,-0.0130039,0.000150352,-0.00144488,0.00625855,-0.00483788,0.000675981,0.101748,0.0492315,-1.1744,-0.0191675,-0.0258534,-0.0248702,48.2609,1,0.0122984,0.0211938,0.0154966,0.999915,-0.0129727,0.000126163,-0.00144119,0.202103,0.166864,0.0964151,0.101556,0.048973,-1.17465,-0.019169,-0.0259641,0.0689424
48.2609,0.999915,-0.0129809,0.000102056,-0.00142786,-0.00292933,0.000222144,0.00187441,0.100615,0.0489112,-1.1747,-0.0156224,-0.0221499,-0.0253129,48.2809,1,-0.0125598,0.00501708,-0.0101698,0.999915,-0.0129955,0.000103309,-0.0014185,0.00331305,0.0402296,-0.0485938,0.100459,0.0486897,-1.17496,-0.0156234,-0.0222604,0.0684997
48.2809,0.999913,-0.0130836,9.10754e-05,-0.00142587,-0.00585881,-0.00137575,-0.000256115,0.0996607,0.048639,-1.17513,-0.0127257,-0.0188753,-0.0250902,48.3009,1,-0.0110734,0.0216574,-0.0221517,0.999913,-0.0131129,8.42222e-05,-0.00142706,0.0158016,0.174709,-0.114477,0.0995335,0.0484503,-1.17538,-0.0127266,-0.0189867,0.0687225
48.3009,0.999913,-0.0130987,9.88085e-05,-0.00142738,-0.00412775,0.00182004,-0.000256119,0.0994877,0.0485902,-1.17523,-0.0121811,-0.0184638,-0.0251666,48.3209,1,-0.00355262,-0.0274311,0.0230214,0.999913,-0.0131193,0.000107921,-0.00142878,0.0765981,-0.222673,0.134883,0.0993659,0.0484056,-1.17548,-0.0121821,-0.0185753,0.068646
48.3209,0.999913,-0.0131424,0.000103749,-0.00141796,-0.00519302,0.00115423,0.000276506,0.0991462,0.0485697,-1.17536,-0.0111975,-0.017882,-0.0250403,48.3409,1,0.0170003,0.0176378,-0.0442783,0.999912,-0.0131683,0.000109574,-0.00141665,0.240832,0.145109,-0.238698,0.0990342,0.0483909,-1.17561,-0.0111986,-0.0179938,0.0687723
48.3409,0.999912,-0.0131701,0.000123286,-0.00142082,-0.00745322,0.0047501,-0.000522723,0.0989773,0.0485933,-1.17539,-0.0106693,-0.0177183,-0.0250109,48.3609,1,-0.040607,0.00194024,0.0020116,0.999912,-0.0132073,0.000147053,-0.00142374,-0.219578,0.0138615,0.0193291,0.0988706,0.0484161,-1.17564,-0.0106705,-0.0178304,0.0688018
48.3609,0.99991,-0.0133349,0.000263392,-0.00143014,-0.0078527,0.00608167,9.91088e-06,0.0982363,0.0486693,-1.17564,-0.00744322,-0.0165792,-0.0245705,48.3809,1,-0.0209057,0.0181001,0.0215242,0.99991,-0.0133741,0.000293855,-0.00143048,-0.0608697,0.140147,0.12985,0.0981618,0.0485035,-1.17588,-0.00744563,-0.0166927,0.0692422
48.3809,0.999908,-0.0134663,0.000373999,-0.00140482,-0.00918429,0.00661429,0.00267306,0.0977479,0.0486803,-1.17591,-0.00585114,-0.0166371,-0.0243612,48.4009,1,-0.0356454,-0.00820357,-0.0352881,0.999908,-0.0135122,0.000407312,-0.00139189,-0.177348,-0.0652096,-0.190432,0.0976894,0.0485139,-1.17615,-0.00585449,-0.0167517,0.0694515
48.4009,0.999908,-0.0134897,0.000417469,-0.00139668,-0.00625483,0.0107422,0.00227354,0.0976354,0.0486713,-1.17599,-0.00570261,-0.0167956,-0.0240229,48.4209,1,-0.0289663,-0.00110672,-0.00606161,0.999907,-0.0135209,0.000471372,-0.00138603,-0.123806,-0.0118607,-0.0262752,0.0975783,0.0485033,-1.17623,-0.00570632,-0.0169104,0.0697899
48.4209,0.999908,-0.0135056,0.000455539,-0.00139219,-0.00439059,0.00941061,0.00134151,0.0975247,0.0486577,-1.17607,-0.00568864,-0.0168972,-0.0238757,48.4409,1,-0.0256331,-0.0100752,0.00277638,0.999907,-0.0135275,0.000502708,-0.0013861,-0.0969403,-0.0848222,0.0225122,0.0974678,0.0484888,-1.17631,-0.00569267,-0.0170122,0.0699371
48.4409,0.999906,-0.0136361,0.000652717,-0.00136695,-0.00412429,0.00941061,0.00160779,0.0969903,0.0485048,-1.17651,-0.00623506,-0.0185996,-0.0237755,48.4609,1,-0.0290799,-0.0127107,-0.0361972,0.999906,-0.0136566,0.000699904,-0.00135954,-0.123327,-0.103261,-0.196116,0.0969279,0.0483188,-1.17675,-0.00624078,-0.0187156,0.0700373
48.4609,0.999905,-0.0136863,0.000756458,-0.00136345,-0.00412429,0.00541587,0.00107518,0.0965376,0.0482633,-1.17694,-0.00811822,-0.0206105,-0.0239508,48.4809,1,0.0395469,0.013855,0.0160874,0.999905,-0.0137068,0.000783637,-0.00135843,0.425476,0.103454,0.0989381,0.0964564,0.0480572,-1.17718,-0.00812482,-0.020727,0.069862
48.4809,0.999905,-0.0136952,0.000777277,-0.00136394,-0.00252638,0.00514955,9.90407e-06,0.096418,0.0481852,-1.17706,-0.00842595,-0.0211787,-0.0239254,48.5009,1,0.0200661,0.0431842,-0.00290924,0.999905,-0.0137078,0.000803041,-0.00136423,0.269497,0.339767,-0.00526152,0.0963337,0.0479734,-1.1773,-0.00843273,-0.0212952,0.0698873
48.5009,0.999905,-0.0136952,0.000794854,-0.00136598,-0.0002627,0.0043506,-0.000389575,0.0962957,0.0480995,-1.17718,-0.00901854,-0.021775,-0.0239776,48.5209,1,0.0129789,0.00881145,-0.031303,0.999905,-0.0136964,0.00081658,-0.00136823,0.213419,0.0677014,-0.166902,0.0962055,0.0478817,-1.17742,-0.00902546,-0.0218915,0.0698352
48.5209,0.999905,-0.0136739,0.000807373,-0.00134089,0.00173468,-0.0016415,0.000808862,0.0956294,0.0475706,-1.17781,-0.011831,-0.0239656,-0.0231676,48.5409,1,-0.0328422,0.00468401,0.0179432,0.999905,-0.0136652,0.00079921,-0.00133675,-0.153566,0.028699,0.108186,0.0955111,0.047331,-1.17804,-0.011838,-0.024082,0.0706452
48.5409,0.999907,-0.013559,0.000715132,-0.00132842,0.00719785,-0.00483583,0.000941754,0.0945373,0.0472256,-1.17819,-0.0145506,-0.0265449,-0.0227759,48.5609,1,0.0189063,0.0138321,-0.00201052,0.999907,-0.0135231,0.000690971,-0.00132341,0.259543,0.105346,-0.0026948,0.0943918,0.0469602,-1.17842,-0.0145568,-0.0266603,0.0710369
48.5609,0.999907,-0.0135304,0.000697877,-0.00132259,0.00679837,-0.00443636,0.0014744,0.0943486,0.047141,-1.17827,-0.0149723,-0.0268711,-0.0225564,48.5809,1,0.0176641,-0.0232557,0.064287,0.999908,-0.0134964,0.000675752,-0.00131494,0.249159,-0.198369,0.365669,0.0941989,0.0468723,-1.17849,-0.0149784,-0.0269862,0.0712564
48.5809,0.999908,-0.0134785,0.000619703,-0.00130871,0.0050673,-0.0126922,0.00147436,0.0939702,0.0469531,-1.17843,-0.0151324,-0.0274357,-0.0224829,48.6009,1,-0.0348689,-0.0462306,-0.00919777,0.999909,-0.0134533,0.000556314,-0.0013005,-0.170753,-0.374133,-0.0477971,0.0938188,0.0466788,-1.17865,-0.0151378,-0.0275504,0.0713298
48.6009,0.99991,-0.0133194,0.000451244,-0.00129229,0.00906524,-0.0065661,0.00134089,0.0929989,0.0465436,-1.17872,-0.0156349,-0.02769,-0.0214915,48.6209,1,0.0216427,0.00861203,0.0285174,0.999911,-0.0132741,0.000418447,-0.00128517,0.279417,0.0624676,0.167612,0.0928425,0.0462667,-1.17894,-0.0156388,-0.0278034,0.0723212
48.6209,0.999912,-0.0131756,0.000351778,-0.00126951,0.00653726,-0.00576631,0.000408459,0.0921612,0.0464611,-1.17863,-0.0143804,-0.0270689,-0.0202579,48.6409,1,-0.0305271,-0.0573812,0.00244957,0.999913,-0.0131429,0.000322934,-0.0012671,-0.138438,-0.462386,0.0165167,0.0920174,0.0461904,-1.17883,-0.0143835,-0.027181,0.0735548
48.6409,0.999913,-0.013155,0.000322583,-0.00126758,0.0045399,-0.00749736,0.000541613,0.0919583,0.0464422,-1.1786,-0.0141316,-0.0268474,-0.0200327,48.6609,1,0.0254411,-0.0207286,0.0227032,0.999913,-0.0131324,0.000285106,-0.00126439,0.308819,-0.170524,0.132739,0.0918169,0.0461738,-1.1788,-0.0141345,-0.0269593,0.07378
48.6609,0.999913,-0.0131281,0.000298661,-0.00126892,0.00613779,-0.00616578,-0.000257308,0.0917591,0.0464207,-1.17857,-0.0138432,-0.0264073,-0.0198414,48.6809,1,0.00644916,0.00869903,0.0331376,0.999913,-0.0130974,0.000267778,-0.00126981,0.156382,0.0637836,0.193306,0.0916207,0.0461566,-1.17877,-0.0138459,-0.026519,0.0739712
48.6809,0.999914,-0.0130553,0.000204665,-0.00126354,0.00280884,-0.00443473,0.000807935,0.091022,0.0463231,-1.17853,-0.0115263,-0.0242341,-0.0200284,48.7009,1,-0.0366186,0.00394646,-0.0125667,0.999914,-0.0130412,0.000182529,-0.00125921,-0.18858,0.0308753,-0.0630507,0.0909067,0.0460808,-1.17873,-0.0115282,-0.0243452,0.0737842
48.7009,0.999914,-0.0130395,0.000191648,-0.00125342,-0.00184965,0.0020903,-0.00158927,0.0902501,0.0463217,-1.17847,-0.00753635,-0.0204909,-0.019785,48.7209,1,-0.0303704,0.0071048,0.0929476,0.999914,-0.0130487,0.000202006,-0.0012615,-0.139343,0.0453073,0.527934,0.0901748,0.0461168,-1.17867,-0.00753812,-0.0206019,0.0740276
48.7209,0.999914,-0.0130432,0.000198634,-0.00125371,-0.00158333,0.00155767,0.00014178,0.0901161,0.0463511,-1.17843,-0.00683462,-0.0198625,-0.0197345,48.7409,1,-0.0169577,0.00197411,0.0029182,0.999914,-0.0130511,0.000206441,-0.0012531,-0.0313446,0.0137281,0.0234855,0.0900477,0.0461525,-1.17863,-0.00683645,-0.0199735,0.0740781
48.7409,0.999914,-0.0130546,0.000226544,-0.00124538,-0.00358072,0.00422081,0.00027495,0.0898721,0.0464079,-1.17838,-0.00507962,-0.0189842,-0.0196077,48.7609,1,-0.00308088,0.00249569,0.011985,0.999914,-0.0130724,0.000247686,-0.00124428,0.0797367,0.0168692,0.0742622,0.0898213,0.046218,-1.17858,-0.00508169,-0.0190953,0.0742049
48.7609,0.999913,-0.0131553,0.000314562,-0.00124355,-0.00970597,0.00568557,0.00253863,0.0893691,0.0465417,-1.17833,-0.00306879,-0.0161023,-0.019296,48.7809,1,-0.0305304,-0.00329574,0.0422648,0.999912,-0.0132038,0.000343214,-0.00123122,-0.139197,-0.0336285,0.24332,0.0893385,0.0463807,-1.17852,-0.0030716,-0.0162142,0.0745166
48.7809,0.999911,-0.0133091,0.000511837,-0.00124491,-0.00810806,0.0107456,-0.00185565,0.0889756,0.046682,-1.17839,-0.000806597,-0.0136496,-0.0194804,48.8009,1,-0.0324963,0.00416423,-0.0318124,0.99991,-0.0133496,0.000565487,-0.00125488,-0.153497,0.032284,-0.170952,0.0889675,0.0465455,-1.17859,-0.000811093,-0.0137629,0.0743323
48.8009,0.99991,-0.0133359,0.000560589,-0.0012541,-0.00717598,0.0120772,-0.00198868,0.0889126,0.0467074,-1.17842,-0.00032966,-0.0135276,-0.0196371,48.8209,1,0.0266158,0.00164213,-0.0377078,0.99991,-0.0133717,0.000620882,-0.00126482,0.319634,0.0129459,-0.203923,0.0889093,0.0465722,-1.17862,-0.000334573,-0.0136411,0.0741756
48.8209,0.99991,-0.0133756,0.000590683,-0.00126408,-0.0103718,0.00741662,-0.00225507,0.0888538,0.0467303,-1.17845,-0.000143742,-0.0133231,-0.0196216,48.8409,1,0.0017641,0.0118776,0.0231121,0.999909,-0.0134274,0.000627677,-0.00127582,0.120851,0.0878333,0.137388,0.0888523,0.0465971,-1.17865,-0.000148913,-0.0134369,0.0741911
48.8409,0.999907,-0.0135423,0.000762859,-0.00126612,-0.00783989,0.00848203,-0.000258105,0.0885347,0.046919,-1.17843,-0.00223555,-0.013435,-0.0200768,48.8609,1,-0.0104662,0.0215381,0.00189315,0.999907,-0.0135814,0.000805297,-0.00126796,0.0243556,0.165877,0.0192776,0.0885123,0.0467847,-1.17863,-0.00224219,-0.0135503,0.073736
48.8609,0.999904,-0.0137499,0.00091162,-0.00125185,-0.00916999,0.00129146,0.00267099,0.0880527,0.0472581,-1.17805,-0.00551683,-0.0146091,-0.0195998,48.8809,1,-0.0293922,-0.00331797,0.0657149,0.999904,-0.0137957,0.000918318,-0.00123854,-0.125848,-0.0413382,0.374555,0.0879976,0.047112,-1.17824,-0.00552473,-0.0147261,0.074213
48.8809,0.999903,-0.0138243,0.000912515,-0.00125239,-0.00637368,0.00049251,7.79826e-06,0.0878597,0.0473195,-1.17796,-0.00716337,-0.0156505,-0.0192791,48.9009,1,-0.0257079,-0.00370953,0.0148747,0.999903,-0.0138561,0.000915017,-0.00125235,-0.0951701,-0.0388729,0.0898821,0.0877881,0.047163,-1.17815,-0.00717128,-0.0157682,0.0745337
48.9009,0.999903,-0.013832,0.000908536,-0.00124088,-0.00237895,-0.00110539,0.00307043,0.0877558,0.0473364,-1.17793,-0.00773911,-0.0163811,-0.0190767,48.9209,1,-0.0448284,0.0138746,0.00209835,0.999903,-0.0138439,0.000903236,-0.00122544,-0.248212,0.103048,0.0195375,0.0876784,0.0471726,-1.17812,-0.00774699,-0.0164988,0.0747361
48.9209,0.999903,-0.0138465,0.000916639,-0.00125181,0.00174895,-0.000439607,-0.00212273,0.087417,0.0473245,-1.17785,-0.00973117,-0.019095,-0.0190197,48.9409,1,0.0107737,-0.0338426,0.0186598,0.999903,-0.0138378,0.000914283,-0.0012624,0.197066,-0.28,0.108921,0.0873196,0.0471336,-1.17804,-0.00973912,-0.0192128,0.0747931
48.9409,0.999903,-0.0138531,0.000808379,-0.00123238,0.0018821,-0.010027,0.00426885,0.0869174,0.047153,-1.17783,-0.011707,-0.0222711,-0.0193791,48.9609,1,-0.00510174,0.019041,-0.015153,0.999903,-0.0138438,0.000758533,-0.00121035,0.0698912,0.147477,-0.0764955,0.0868004,0.0469303,-1.17802,-0.011714,-0.022389,0.0744337
48.9609,0.999904,-0.0138137,0.000679684,-0.00120754,0.00587834,-0.00643181,0.00120582,0.0865253,0.0470303,-1.17773,-0.012417,-0.0237463,-0.0194135,48.9809,1,-0.0264109,0.00346399,0.044876,0.999904,-0.0137843,0.000647576,-0.00120108,-0.101185,0.0170648,0.258202,0.0864011,0.0467929,-1.17792,-0.0124229,-0.0238638,0.0743993
48.9809,0.999904,-0.0137849,0.00064021,-0.00120469,0.00681042,-0.00989394,0.000806304,0.0863917,0.0469725,-1.17771,-0.0127901,-0.0244823,-0.0193492,49.0009,1,-0.0361007,0.0110655,0.00588523,0.999905,-0.0137509,0.00059076,-0.0012,-0.178716,0.0824003,0.0404202,0.0862638,0.0467277,-1.1779,-0.0127957,-0.0245996,0.0744636
49.0009,0.999906,-0.0136585,0.000523478,-0.00121282,0.00681044,-0.00816287,-0.00172369,0.0858667,0.0466491,-1.17767,-0.0123004,-0.02716,-0.0192143,49.0209,1,-0.0262279,-0.00602561,-0.0184068,0.999906,-0.0136245,0.000482508,-0.00122089,-0.100458,-0.0506292,-0.0968179,0.0857437,0.0463775,-1.17786,-0.012305,-0.0272763,0.0745985
49.0209,0.999908,-0.0135227,0.000333651,-0.0012062,0.00934189,-0.0129569,0.000539685,0.0853946,0.0462897,-1.17759,-0.0113995,-0.0285738,-0.0189678,49.0409,1,0.0341308,0.0222558,-0.0342311,0.999908,-0.0134761,0.000268853,-0.00120264,0.380926,0.179397,-0.183182,0.0852806,0.0460039,-1.17778,-0.0114025,-0.0286889,0.074845
49.0409,0.99991,-0.0133378,0.000208218,-0.00121871,0.0109398,-0.0049674,0.000140185,0.0849781,0.0458729,-1.17756,-0.00945736,-0.0290491,-0.0194467,49.0609,1,-0.000105234,-0.0202562,0.00732249,0.999911,-0.0132832,0.000183326,-0.00121769,0.106021,-0.164483,0.0463123,0.0848835,0.0455824,-1.17776,-0.00945927,-0.0291626,0.074366
49.0609,0.999911,-0.0132959,0.000203627,-0.00122107,0.0101408,-0.00110582,-0.000392482,0.0848882,0.0457576,-1.17757,-0.00859476,-0.0292507,-0.0193917,49.0809,1,-0.0175822,0.0229783,-0.0471417,0.999911,-0.0132453,0.00019801,-0.00122297,-0.0345883,0.187026,-0.255452,0.0848022,0.0454651,-1.17776,-0.00859663,-0.0293639,0.074421
49.0809,0.999912,-0.0131942,0.00019421,-0.00124067,0.0110729,-0.00177161,-0.00185724,0.0847356,0.0455117,-1.1776,-0.00622051,-0.0293302,-0.0198692,49.1009,1,0.00865695,0.00132354,0.0536156,0.999913,-0.0131388,0.000185162,-0.00124985,0.174551,0.0034626,0.307266,0.0846734,0.0452184,-1.1778,-0.0062223,-0.0294424,0.0739435
49.1009,0.999914,-0.0130278,0.000221319,-0.00124838,0.00428189,0.00302207,0.00187119,0.0845016,0.0448535,-1.17777,-0.00227341,-0.028489,-0.0202164,49.1209,1,0.0153538,-0.0185964,-0.0169639,0.999915,-0.0130063,0.000236523,-0.00123923,0.227212,-0.148607,-0.0893395,0.0844788,0.0445686,-1.17797,-0.00227544,-0.0285999,0.0735962
49.1209,0.999916,-0.0129277,0.000289684,-0.00126135,0.00521401,0.00741628,-0.00185725,0.0844037,0.044324,-1.17799,-0.000687707,-0.0265082,-0.0202142,49.1409,1,-0.0224665,0.0167071,-0.00252632,0.999916,-0.0129016,0.00032661,-0.00127112,-0.0764991,0.131364,-0.00591237,0.0843968,0.044059,-1.17819,-0.000690311,-0.0266182,0.0735984
49.1409,0.999916,-0.0128969,0.000320285,-0.00125912,0.00747768,0.00768261,0.000805938,0.0843874,0.0441934,-1.17805,-0.000298674,-0.0260735,-0.0201879,49.1609,1,-0.0405511,0.0290554,-0.0129542,0.999917,-0.0128594,0.0003587,-0.0012556,-0.221603,0.230793,-0.0634698,0.0843844,0.0439326,-1.17825,-0.000301538,-0.0261833,0.0736247
49.1609,0.999917,-0.0128349,0.00048677,-0.00127152,0.00228631,0.0104783,-0.00132505,0.0844195,0.0438281,-1.1782,0.00182471,-0.0244237,-0.0207399,49.1809,1,0.00229107,0.0112557,-0.0331594,0.999917,-0.0128234,0.000539057,-0.00127882,0.120958,0.0895748,-0.177746,0.0844377,0.0435839,-1.1784,0.00182043,-0.0245329,0.0730726
49.1809,0.999916,-0.0128627,0.000677141,-0.00124393,-0.00303852,0.00967874,0.000938168,0.0845485,0.0434468,-1.17848,0.00227555,-0.0216568,-0.0206433,49.2009,1,0.00864493,0.0587944,-0.0036904,0.999916,-0.0128778,0.00072561,-0.00123986,0.171307,0.465374,-0.00944302,0.0845712,0.0432302,-1.17868,0.00226965,-0.0217662,0.0731693
49.2009,0.999916,-0.0128512,0.000803415,-0.00122763,0.0013557,0.00794769,-0.000127084,0.0846758,0.043217,-1.17874,0.00187961,-0.020796,-0.0200402,49.2209,1,-0.0571677,-0.00316275,-0.0398957,0.999916,-0.0128444,0.000843134,-0.00122878,-0.354457,-0.0281714,-0.217024,0.0846946,0.043009,-1.17894,0.00187264,-0.0209054,0.0737724
49.2209,0.999916,-0.012853,0.000839111,-0.00122461,-0.000774837,0.00901295,0.00107134,0.0847029,0.0431535,-1.17881,0.00139772,-0.0207992,-0.0198804,49.2409,1,0.00823335,0.00708468,0.00938258,0.999916,-0.0128569,0.000884245,-0.00121983,0.168543,0.0490764,0.0599438,0.0847169,0.0429455,-1.17901,0.00139044,-0.0209086,0.0739322
49.2409,0.999916,-0.0128624,0.00088603,-0.00121959,-0.00263902,0.0118093,0.001604,0.0847258,0.0430872,-1.17889,0.00086988,-0.0207399,-0.019753,49.2609,1,-0.0328894,-0.014396,-0.0336614,0.999916,-0.0128755,0.000945191,-0.00121232,-0.15994,-0.119095,-0.182867,0.0847345,0.0428798,-1.17909,0.000862206,-0.0208494,0.0740596
49.2609,0.999914,-0.0129964,0.00100017,-0.0012132,-0.0115606,0.00515137,6.06082e-06,0.0847835,0.0428166,-1.17921,-0.000720616,-0.0189608,-0.0196837,49.2809,1,-0.0141291,0.0408652,-0.0159467,0.999914,-0.0130542,0.00102599,-0.00121345,-0.00943151,0.320422,-0.0796119,0.0847763,0.0426269,-1.1794,-0.000729262,-0.0190714,0.074129
49.2809,0.999913,-0.0130895,0.00102876,-0.00119172,-0.00197326,-0.00124023,0.00240291,0.084747,0.0424471,-1.17968,-0.00450029,-0.0200787,-0.0198247,49.3009,1,-0.00852522,0.024257,0.0632317,0.999913,-0.0130993,0.00102273,-0.00117961,0.0355239,0.179126,0.362454,0.084702,0.0422463,-1.17988,-0.00450917,-0.0201901,0.073988
49.3009,0.999913,-0.0131002,0.00102663,-0.00119334,-0.00290536,-0.000441276,-0.000260236,0.0847191,0.0423551,-1.17979,-0.00545435,-0.020727,-0.0197354,49.3209,1,0.038326,0.00582801,-0.00671483,0.999913,-0.0131147,0.00102443,-0.0011946,0.411301,0.0394829,-0.0302743,0.0846646,0.0421479,-1.17998,-0.00546322,-0.0208384,0.0740773
49.3209,0.999913,-0.0131046,0.00100473,-0.00120055,-0.00130747,-0.00536812,-0.00172498,0.0846837,0.0422543,-1.17989,-0.00628214,-0.0216254,-0.0197516,49.3409,1,-0.0380205,-0.0117417,-0.0425552,0.999913,-0.0131111,0.000977783,-0.00120881,-0.199024,-0.0978536,-0.232652,0.0846209,0.0420381,-1.18009,-0.00629083,-0.0217369,0.0740611
49.3409,0.999912,-0.0131677,0.000914367,-0.00120408,-0.00490273,-0.00749865,-0.000792859,0.0844764,0.0417815,-1.18035,-0.00940913,-0.0233884,-0.0201242,49.3609,1,-0.00747068,0.0464593,-0.0578001,0.999912,-0.0131922,0.000876854,-0.00120753,0.0452634,0.370364,-0.31354,0.0843823,0.0415476,-1.18055,-0.00941705,-0.0235004,0.0736884
49.3609,0.999913,-0.0130984,0.00060036,-0.00119263,0.00428776,-0.0096302,5.22354e-06,0.0840236,0.0410102,-1.18118,-0.0113681,-0.0259879,-0.0193138,49.3809,1,-0.0047788,0.0364204,0.020052,0.999914,-0.013077,0.000552187,-0.00119198,0.0660245,0.284393,0.12161,0.0839099,0.0407503,-1.18137,-0.0113733,-0.0260993,0.0744988
49.3809,0.999914,-0.0130759,0.000548482,-0.00119864,0.00535302,-0.012826,-0.00145955,0.0839621,0.0408859,-1.18129,-0.0111683,-0.0266429,-0.019205,49.4009,1,0.0134822,0.0136972,-0.0264191,0.999914,-0.0130492,0.00048423,-0.00120511,0.212385,0.108075,-0.140181,0.0838504,0.0406195,-1.18148,-0.0111731,-0.0267541,0.0746076
49.4009,0.999914,-0.0130588,0.000438533,-0.00120038,0.00255674,-0.0136249,-0.000793727,0.0838379,0.0406192,-1.18151,-0.011217,-0.0272225,-0.0190345,49.4209,1,0.0120828,0.00897637,-0.0401765,0.999914,-0.0130461,0.000370347,-0.00120346,0.201083,0.072613,-0.217567,0.0837258,0.040347,-1.1817,-0.0112209,-0.0273336,0.0747781
49.4209,0.999915,-0.0129996,0.000293225,-0.00116842,0.00735041,-0.0073665,0.00173629,0.0836016,0.0400499,-1.18198,-0.00968495,-0.0268815,-0.0184149,49.4409,1,0.0169814,-0.0178479,0.0606146,0.999915,-0.0129629,0.000256466,-0.00115927,0.239638,-0.151257,0.34467,0.0835048,0.0397811,-1.18216,-0.00968757,-0.0269922,0.0753977
49.4409,0.999916,-0.0128786,0.000194214,-0.00116906,0.00735189,-0.00750057,0.000271077,0.083477,0.0395081,-1.18242,-0.00624054,-0.0268566,-0.0183588,49.4609,1,-0.0153898,0.0337482,-0.0141476,0.999917,-0.0128419,0.000156689,-0.00116723,-0.0204537,0.269724,-0.0702614,0.0834146,0.0392396,-1.1826,-0.00624232,-0.0269661,0.0754538
49.4609,0.999917,-0.0128496,0.000168417,-0.00116644,0.00695239,-0.00630217,0.000803712,0.083473,0.0393818,-1.18252,-0.00534584,-0.0268035,-0.0182334,49.4809,1,-0.00522863,0.0416393,-0.00168865,0.999917,-0.0128149,0.00013692,-0.00116202,0.0604944,0.331866,6.19636e-05,0.0834195,0.0391138,-1.1827,-0.0053474,-0.0269128,0.0755791
49.4809,0.999917,-0.012795,0.000153876,-0.00115265,0.00175925,0.000755229,0.0014695,0.0835101,0.0388653,-1.18295,-0.00236754,-0.0252075,-0.0176081,49.5009,1,-0.0265514,0.0728338,0.00845405,0.999918,-0.0127861,0.000157736,-0.00114535,-0.111028,0.580285,0.0589697,0.0834864,0.0386132,-1.18313,-0.00236897,-0.0253164,0.0762045
49.5009,0.999918,-0.0127396,0.000226771,-0.00113977,0.00189241,0.00594839,0.00213529,0.0836914,0.0382689,-1.18352,0.00194244,-0.0225676,-0.017432,49.5209,1,0.00158914,0.027091,-0.000960688,0.999918,-0.0127301,0.000256635,-0.00112948,0.114346,0.215009,0.00293569,0.0837108,0.0380432,-1.18369,0.00194039,-0.022676,0.0763806
49.5209,0.999918,-0.0127258,0.00028736,-0.00113337,-0.000238128,0.00967682,4.79575e-06,0.0838062,0.0380333,-1.18376,0.00367807,-0.0218772,-0.0175241,49.5409,1,-0.00236873,-0.0141887,-0.00144927,0.999918,-0.0127269,0.000335742,-0.00113397,0.0829791,-0.115673,-0.00278398,0.083843,0.0378145,-1.18393,0.0036755,-0.0219855,0.0762885
49.5409,0.999918,-0.0127546,0.000374613,-0.00113202,-0.00543128,0.00980997,0.000137947,0.08394,0.0378078,-1.184,0.00468669,-0.020488,-0.0174369,49.5609,1,-0.013791,0.0189686,0.0346447,0.999918,-0.0127817,0.000423698,-0.00113194,-0.0086476,0.145082,0.201654,0.0839868,0.0376029,-1.18418,0.00468337,-0.0205966,0.0763757
49.5609,0.999917,-0.0128374,0.000531529,-0.0011448,-0.00662972,0.0126063,-0.000128379,0.0841961,0.037536,-1.18436,0.00643886,-0.0187264,-0.0175306,49.5809,1,-0.0134379,-0.0466054,-0.0268307,0.999916,-0.0128705,0.000594584,-0.00114623,-0.00441214,-0.374425,-0.147229,0.0842605,0.0373487,-1.18454,0.00643421,-0.0188356,0.0762819
49.5809,0.999916,-0.0128608,0.000785989,-0.00116256,-0.00343181,0.0124719,-0.00172672,0.0847522,0.0372505,-1.18489,0.0074363,-0.0171312,-0.0165774,49.6009,1,0.00454948,0.0137433,0.0100529,0.999916,-0.0128779,0.000848252,-0.00117198,0.139072,0.102658,0.0638105,0.0848266,0.0370792,-1.18506,0.00742948,-0.0172406,0.0772352
49.6009,0.999916,-0.0129129,0.000921607,-0.00116629,-0.00542921,0.00847717,-0.000128846,0.0850732,0.0370563,-1.18522,0.00662574,-0.016998,-0.0159593,49.6209,1,-0.0293546,-0.00127079,0.0140305,0.999915,-0.01294,0.000964012,-0.00116746,-0.13166,-0.0192577,0.0848484,0.0851394,0.0368864,-1.18538,0.00661777,-0.0171079,0.0778534
49.6209,0.999915,-0.0129813,0.00100721,-0.001151,-0.00982343,0.00980875,0.00240117,0.0852692,0.0369247,-1.18543,0.00592455,-0.0162236,-0.0155769,49.6409,1,-0.0136316,-0.0224294,-0.0437073,0.999914,-0.0130304,0.00105646,-0.00113958,-0.00476945,-0.183053,-0.24001,0.0853284,0.0367625,-1.18559,0.00591585,-0.0163341,0.0782357
49.6409,0.999913,-0.0131099,0.00117999,-0.00117644,-0.00502804,0.00927497,-0.000928285,0.0857846,0.0367361,-1.18583,0.00417566,-0.0155096,-0.0143758,49.6609,1,-0.0310722,-0.0225398,-0.0177684,0.999912,-0.013135,0.00122633,-0.00118165,-0.143391,-0.188163,-0.0947724,0.0858263,0.036581,-1.18597,0.00416549,-0.0156212,0.0794369
49.6609,0.999912,-0.0131685,0.00126542,-0.00117323,-0.00156595,-0.000845057,-0.00026249,0.0862176,0.0364829,-1.1862,0.00131678,-0.0172014,-0.0133431,49.6809,1,-0.011172,0.0363613,0.0189697,0.999912,-0.0131763,0.00126118,-0.00117448,0.0153514,0.278647,0.115387,0.0862308,0.0363109,-1.18633,0.00130588,-0.0173135,0.0804696
49.6809,0.999911,-0.0132112,0.00125595,-0.00115311,-0.00769122,-0.0017772,0.00280013,0.0863415,0.0363428,-1.18635,-0.000260193,-0.0179567,-0.0128882,49.7009,1,-0.013656,-0.0191698,-0.017311,0.999911,-0.0132496,0.0012473,-0.00113894,-0.00324342,-0.161684,-0.0919928,0.0863389,0.0361632,-1.18648,-0.00027101,-0.0180691,0.0809245
49.7009,0.99991,-0.0132736,0.00124074,-0.00114886,-0.00622648,-0.00124454,0.000802762,0.0864706,0.0360986,-1.18657,-0.00222509,-0.0182996,-0.0121303,49.7209,1,-0.0378626,0.0167134,-0.0551754,0.99991,-0.0133048,0.00123461,-0.00114473,-0.196543,0.129304,-0.301557,0.0864483,0.0359156,-1.1867,-0.00223578,-0.0184126,0.0816824
49.7209,0.999911,-0.0132299,0.00114476,-0.00115075,0.00283076,-0.00524145,-0.000396635,0.0868275,0.0356999,-1.18692,-0.00304489,-0.020787,-0.0115579,49.7409,1,-0.016152,-0.00184503,0.00944471,0.999911,-0.0132158,0.00111851,-0.0011524,-0.0234533,-0.0250637,0.0590885,0.0867971,0.035492,-1.18704,-0.00305476,-0.0208996,0.0822547
49.7409,0.999912,-0.0132045,0.00107922,-0.00116002,0.00336335,-0.00843726,0.000801781,0.0869482,0.0355485,-1.18702,-0.00383582,-0.0213877,-0.0115852,49.7609,1,-0.00232297,-0.0161433,-0.0230532,0.999912,-0.0131877,0.00103707,-0.00115547,0.0873603,-0.135351,-0.123801,0.0869098,0.0353347,-1.18713,-0.00384514,-0.0215001,0.0822275
49.7609,0.999912,-0.0131987,0.00104721,-0.00115051,0.00109968,-0.00777147,0.00253283,0.0870017,0.0354663,-1.18707,-0.00412051,-0.0216145,-0.0115581,49.7809,1,0.00359271,0.00820276,-0.0153741,0.999912,-0.0131932,0.00100852,-0.00113734,0.134365,0.0588964,-0.079018,0.0869605,0.0352501,-1.18719,-0.00412955,-0.0217268,0.0822545
49.7809,0.999913,-0.0131389,0.00092796,-0.00113942,0.00429549,-0.00337724,0.000934937,0.087247,0.0350026,-1.18734,-0.00319514,-0.0219126,-0.0108395,49.8009,1,-0.0196555,0.0311694,0.0207412,0.999913,-0.0131175,0.000911112,-0.00113455,-0.0526512,0.239557,0.124707,0.0872151,0.0347835,-1.18745,-0.00320316,-0.0220244,0.0829732
49.8009,0.999914,-0.0130282,0.000814016,-0.00113716,0.00389713,-0.00191389,0.00146707,0.0876925,0.0345721,-1.18757,0.000602209,-0.0226276,-0.0100791,49.8209,1,0.0201931,-0.00126007,0.048404,0.999914,-0.0130087,0.00080452,-0.00112971,0.26531,-0.0214441,0.277399,0.0876986,0.0343459,-1.18767,0.000595155,-0.0227385,0.0837335
49.8209,0.999915,-0.0130017,0.000801856,-0.00114506,0.00629399,-0.00271282,-0.00172872,0.0877949,0.034474,-1.18761,0.00134525,-0.0225879,-0.00984102,49.8409,1,-0.0222253,-0.0165806,-0.0096039,0.999915,-0.0129703,0.000788145,-0.00115355,-0.0736052,-0.13825,-0.0486747,0.0878084,0.0342481,-1.18771,0.0013383,-0.0226985,0.0839716
49.841,0.999915,-0.0129489,0.000815738,-0.00115704,0.00163345,0.002214,-0.00079662,0.0881226,0.0341748,-1.18776,0.00338476,-0.0216282,-0.00946719,49.861,1,-0.0382419,0.0229033,0.0568107,0.999915,-0.0129408,0.000826746,-0.00116118,-0.203171,0.170463,0.326061,0.0881564,0.0339585,-1.18785,0.00337769,-0.0217384,0.0843454
49.861,0.999916,-0.0129083,0.000906837,-0.00112803,0.00216606,0.00594243,0.0026655,0.0887473,0.0336833,-1.18801,0.00706791,-0.0197255,-0.0092913,49.881,1,-0.0394575,-0.0520764,-0.00531106,0.999916,-0.0128974,0.000936706,-0.0011151,-0.212081,-0.423623,-0.0274008,0.0888179,0.0334861,-1.18811,0.00706007,-0.0198353,0.0845213
49.881,0.999916,-0.0129017,0.0010418,-0.00114394,-0.00209347,0.00793789,-0.00132977,0.0895406,0.0332705,-1.18832,0.00957958,-0.0181107,-0.00942726,49.901,1,0.0100995,0.0112889,0.0202426,0.999915,-0.0129121,0.00108141,-0.00115109,0.183698,0.0799748,0.120628,0.0896364,0.0330894,-1.18841,0.00957059,-0.0182205,0.0843853
49.901,0.999915,-0.012912,0.00108193,-0.00113807,-0.00289242,0.0103347,0.00186598,0.0897296,0.0332058,-1.18839,0.0101954,-0.0181057,-0.00959269,49.921,1,-0.00498303,-0.0400129,0.0577459,0.999915,-0.0129264,0.00113374,-0.00112939,0.0630428,-0.33472,0.326784,0.0898315,0.0330247,-1.18849,0.0101861,-0.0182156,0.0842199
49.921,0.999915,-0.012918,0.0011235,-0.00114605,-0.00182719,0.0107342,-0.00159608,0.0899202,0.0331399,-1.18847,0.0105732,-0.0178359,-0.00978919,49.941,1,0.00258842,-0.000304677,-0.0354697,0.999915,-0.0129271,0.00117707,-0.00115471,0.124306,-0.00773018,-0.192206,0.0900259,0.0329615,-1.18857,0.0105635,-0.0179458,0.0840234
49.941,0.999915,-0.012936,0.00133669,-0.0011371,-0.00462348,0.0112668,0.00120022,0.0908772,0.0328062,-1.18888,0.011634,-0.0162288,-0.0103516,49.961,1,-0.00989739,0.0294894,-0.0179391,0.999914,-0.0129591,0.00139313,-0.00113179,0.0241728,0.226975,-0.0920245,0.0909936,0.0326439,-1.18898,0.0116225,-0.0163388,0.083461
49.961,0.999913,-0.0130727,0.00161074,-0.00113891,-0.00462349,0.00886999,-0.00252818,0.0919418,0.0324244,-1.1894,0.0102543,-0.014403,-0.00991523,49.981,1,-0.00156028,0.0283326,0.0184223,0.999912,-0.0130957,0.00165495,-0.00115209,0.0915447,0.211822,0.11159,0.0920443,0.0322803,-1.1895,0.0102405,-0.0145142,0.0838974
49.981,0.999912,-0.0130956,0.00164802,-0.00113688,-0.00595506,0.00953578,0.000800742,0.0921055,0.0323608,-1.18949,0.00976575,-0.0141956,-0.00985735,50.001,1,-0.0412493,0.02322,0.0568991,0.999912,-0.0131253,0.00169578,-0.00113345,-0.22645,0.166259,0.326278,0.0922032,0.0322188,-1.18959,0.0097516,-0.014307,0.0839553
50.001,0.999912,-0.0131262,0.00170507,-0.00113147,-0.00116139,0.00700578,0.000933887,0.0924143,0.0322288,-1.18967,0.0085829,-0.0143731,-0.0093199,50.021,1,-0.00699726,0.0508493,0.0313166,0.999912,-0.013132,0.00174017,-0.00112725,0.0479591,0.38979,0.185353,0.0925001,0.032085,-1.18976,0.00856826,-0.0144848,0.0844928
50.021,0.999911,-0.0132025,0.00177509,-0.00114588,-0.0064877,0.00167946,-0.000397681,0.0930576,0.0318321,-1.19009,0.00501531,-0.0156604,-0.0090407,50.041,1,-0.0168914,-0.0329332,-0.0057181,0.99991,-0.0132349,0.00178349,-0.00114792,-0.0291903,-0.277184,-0.0282089,0.0931078,0.0316755,-1.19018,0.00500008,-0.0157728,0.084772
50.041,0.99991,-0.0132264,0.00175292,-0.001116,-0.00222665,-0.000584236,0.00226548,0.0934483,0.0314576,-1.19044,0.00265052,-0.0160262,-0.00841248,50.061,1,0.0132259,0.023209,-0.0129216,0.99991,-0.0132375,0.00175016,-0.00110461,0.211536,0.173124,-0.0642587,0.0934748,0.0312974,-1.19053,0.00263548,-0.0161388,0.0854002
50.061,0.99991,-0.0132332,0.00174851,-0.00110888,-0.00182716,-0.000983713,0.00186602,0.0935313,0.0313587,-1.19053,0.00209896,-0.0161503,-0.00816465,50.081,1,-0.0202528,-0.0109885,0.0199066,0.99991,-0.0132424,0.00174373,-0.00109947,-0.056372,-0.104169,0.116661,0.0935523,0.0311972,-1.19061,0.00208396,-0.0162629,0.085648
50.081,0.99991,-0.0132418,0.0017005,-0.00111303,3.70359e-05,-0.00457898,0.000134975,0.093754,0.0310396,-1.19077,0.00111088,-0.0172337,-0.00740204,50.101,1,0.00710784,0.0357191,-0.01936,0.99991,-0.0132416,0.00167762,-0.00111206,0.162647,0.274249,-0.0994623,0.0937651,0.0308672,-1.19085,0.00109628,-0.0173464,0.0864107
50.101,0.999911,-0.0132005,0.00155653,-0.0011107,0.00243522,-0.00378241,0.000267536,0.0942867,0.0305497,-1.19144,-0.000524576,-0.0190217,-0.00801648,50.121,1,-0.0234505,0.00945984,0.00279784,0.999911,-0.0131883,0.00153763,-0.00110913,-0.0821367,0.0627199,0.0223793,0.0942814,0.0303595,-1.19152,-0.000537946,-0.019134,0.0857962
50.121,0.999913,-0.0131049,0.00144109,-0.00108047,0.00709577,-0.00657872,0.00226488,0.0947481,0.029966,-1.19209,0.000444982,-0.019729,-0.00778331,50.141,1,0.0349015,0.00728913,0.0323699,0.999913,-0.0130695,0.00140831,-0.00106876,0.38347,0.0437006,0.188116,0.0947526,0.0297687,-1.19217,0.000432598,-0.0198405,0.0860293
50.141,0.999913,-0.0130889,0.00140917,-0.00107841,0.00389994,-0.00777716,0.00053384,0.0948407,0.0298411,-1.19222,0.00084237,-0.0197763,-0.00795414,50.161,1,0.0104202,0.0344343,-0.0270055,0.999913,-0.0130694,0.0013703,-0.00107526,0.187967,0.267106,-0.142578,0.0948491,0.0296433,-1.1923,0.000830258,-0.0198876,0.0858585
50.161,0.999913,-0.0130456,0.00133176,-0.00106386,0.00243522,-0.00391557,0.00106649,0.0951218,0.0294588,-1.19261,0.001831,-0.0196569,-0.00845467,50.181,1,-0.00920478,0.0108335,0.0421463,0.999914,-0.0130334,0.00131224,-0.00105828,0.0300882,0.0715402,0.242673,0.0951401,0.0292623,-1.19269,0.00181955,-0.0197679,0.085358
50.181,0.999915,-0.0129568,0.00133584,-0.00107123,0.0049669,0.00447041,-0.000132506,0.0958805,0.0289622,-1.19347,0.00485485,-0.0182042,-0.00857068,50.201,1,0.00324006,0.0223385,0.0464069,0.999915,-0.0129319,0.00135816,-0.00107221,0.128747,0.163237,0.267492,0.0959291,0.0287802,-1.19356,0.00484337,-0.0183144,0.0852419
50.201,0.999915,-0.0129102,0.00137496,-0.00108991,0.00403591,0.00300368,-0.000133073,0.0965328,0.02876,-1.19412,0.00677318,-0.0169878,-0.00834901,50.221,1,-0.00946928,0.00586652,0.0536745,0.999915,-0.01289,0.00138994,-0.0010908,0.0267373,0.0303189,0.306998,0.0966006,0.0285901,-1.1942,0.00676136,-0.0170977,0.0854636
50.221,0.999915,-0.0129041,0.00138849,-0.00108295,0.000573797,0.00340317,0.00186429,0.0969711,0.0286307,-1.19454,0.00754119,-0.016198,-0.00817132,50.241,1,0.0104788,0.0336946,0.0104341,0.999915,-0.0129012,0.00140562,-0.00107386,0.186579,0.257447,0.0670029,0.0970465,0.0284687,-1.19462,0.00752925,-0.0163078,0.0856413
50.241,0.999915,-0.0128949,0.00139608,-0.00108027,0.00203854,0.0023379,0.000932196,0.0971897,0.0285677,-1.19474,0.00798251,-0.015739,-0.00812205,50.261,1,0.00934158,0.00155617,0.0350171,0.999915,-0.0128847,0.00140781,-0.00107577,0.177413,-0.00224459,0.20231,0.0972696,0.0284103,-1.19482,0.00797051,-0.0158487,0.0856906
50.261,0.999915,-0.0129451,0.00152264,-0.00108523,-0.00461935,0.0109932,-0.000266219,0.098278,0.0282741,-1.19573,0.0101834,-0.0136639,-0.0074367,50.281,1,0.00527467,0.0470903,0.0158729,0.999914,-0.0129681,0.0015776,-0.00108724,0.145023,0.362926,0.0984092,0.0983799,0.0281375,-1.1958,0.0101704,-0.013774,0.0863759
50.281,0.999914,-0.0129694,0.00166977,-0.00107872,-0.00315465,0.00886263,0.000133238,0.0991794,0.0280559,-1.19646,0.0124926,-0.0127807,-0.00704314,50.301,1,0.0185442,0.0254193,0.00241158,0.999914,-0.0129851,0.0017141,-0.00107861,0.251793,0.189895,0.0215611,0.0993043,0.0279281,-1.19653,0.0124783,-0.012891,0.0867695
50.301,0.999914,-0.0129785,0.00170305,-0.00108421,-0.00248884,0.00872949,-0.00106516,0.0994071,0.0279982,-1.19663,0.012803,-0.012892,-0.00709687,50.321,1,-0.0232573,0.0111445,0.0306308,0.999914,-0.0129909,0.00174663,-0.00109008,-0.0828118,0.0721528,0.178172,0.0995351,0.0278693,-1.1967,0.0127884,-0.0130024,0.0867158
50.321,0.999912,-0.0130724,0.00184983,-0.00109163,-0.00515073,0.0108583,0.000398966,0.100443,0.0278556,-1.19749,0.0126673,-0.0122629,-0.00637558,50.341,1,-0.0245648,0.0362815,-0.0402027,0.999912,-0.0130981,0.00190417,-0.0010903,-0.0918285,0.279444,-0.216611,0.100569,0.0277329,-1.19755,0.0126514,-0.0123742,0.0874371
50.341,0.999911,-0.0131588,0.00208389,-0.00110169,-0.00302021,0.0116573,0.000798466,0.101639,0.0276793,-1.19848,0.0118102,-0.0114212,-0.0058867,50.361,1,0.0172047,-0.0164071,-0.0286952,0.99991,-0.0131738,0.00214224,-0.00109843,0.243446,-0.144733,-0.155522,0.101758,0.0275651,-1.19854,0.0117924,-0.0115332,0.087926
50.361,0.99991,-0.0132028,0.00216171,-0.00110054,-0.00555021,0.00153727,0.000265845,0.102299,0.0275417,-1.19903,0.0103621,-0.0125363,-0.00517423,50.381,1,0.0224497,0.0305594,-0.0400262,0.99991,-0.0132305,0.00216944,-0.00109926,0.285466,0.231611,-0.215442,0.102402,0.0274164,-1.19908,0.0103435,-0.0126486,0.0886385
50.381,0.99991,-0.0132161,0.00216273,-0.00109766,-0.00355284,0.00060516,0.000931625,0.102502,0.0274863,-1.19921,0.00943752,-0.0127245,-0.00502259,50.401,1,-0.00691352,0.0179287,-0.00921233,0.999909,-0.0132339,0.00216584,-0.001093,0.0504036,0.127032,-0.0441957,0.102596,0.027359,-1.19926,0.009419,-0.0128369,0.0887901
50.401,0.999909,-0.0132924,0.00219959,-0.00110644,-0.0055494,0.00419911,-0.000799989,0.103325,0.0272982,-1.20004,0.0058767,-0.0135796,-0.00476969,50.421,1,-0.00443381,-0.0232544,-0.0113096,0.999908,-0.0133202,0.00222056,-0.00111066,0.0712405,-0.202445,-0.0589199,0.103383,0.0271624,-1.20008,0.00585786,-0.0136927,0.089043
50.421,0.999909,-0.0132812,0.00217545,-0.00111291,0.00124165,-0.00472249,0.00133052,0.104181,0.0269623,-1.20097,0.00407684,-0.015859,-0.00358589,50.441,1,-0.0137281,0.0168071,0.000627512,0.999909,-0.013275,0.00215192,-0.00110596,-0.003751,0.116856,0.0108274,0.104222,0.0268037,-1.20101,0.0040582,-0.015972,0.0902268
50.441,0.999909,-0.0132457,0.00212279,-0.00111098,0.00417112,-0.00538829,0.00133053,0.10448,0.026786,-1.20131,0.00293951,-0.0169895,-0.0027787,50.461,1,-0.0602009,0.0189929,0.0161042,0.99991,-0.0132248,0.00209591,-0.00110402,-0.376265,0.132741,0.0970767,0.10451,0.0266161,-1.20134,0.00292132,-0.0171022,0.091034
50.461,0.99991,-0.0132378,0.00209841,-0.00110944,0.00177429,-0.00578775,0.00053157,0.104619,0.0266883,-1.20147,0.00230461,-0.0176191,-0.00267694,50.481,1,0.0182479,0.0248109,0.0130428,0.99991,-0.013229,0.0020695,-0.00110642,0.251374,0.180472,0.081296,0.104642,0.0265121,-1.2015,0.00228663,-0.0177317,0.0911358
50.481,0.999911,-0.0131499,0.00195372,-0.00111323,0.00630229,-0.0015282,-0.00106687,0.10545,0.0260467,-1.20254,0.00203841,-0.0192233,-0.00130735,50.501,1,-0.0132234,-0.00948532,0.000495185,0.999911,-0.0131184,0.00194598,-0.00111852,-0.000515504,-0.0916734,0.00816288,0.105471,0.0258545,-1.20256,0.00202166,-0.0193352,0.0925053
50.501,0.999913,-0.0130234,0.00186193,-0.00110517,0.00670176,-0.00991716,0.00212892,0.106043,0.0255873,-1.20327,0.00332671,-0.0194645,-0.00045183,50.521,1,-0.0197504,-0.00606474,0.0742771,0.999913,-0.0129899,0.00181245,-0.00109394,-0.055165,-0.0712781,0.421438,0.106077,0.0253926,-1.20327,0.00331074,-0.0195753,0.0933608
50.521,0.999913,-0.0129867,0.00180322,-0.00110422,0.00377229,-0.00605557,-0.000267916,0.106337,0.025345,-1.20361,0.0038827,-0.0196125,-0.000286229,50.541,1,-0.0384548,-0.00190844,-0.0733553,0.999914,-0.0129678,0.0017729,-0.0011052,-0.203001,-0.022361,-0.405119,0.106376,0.0251489,-1.20361,0.00386723,-0.019723,0.0935264
50.541,0.999914,-0.0129292,0.00177535,-0.00111798,0.0063023,-0.00179451,-0.00133319,0.10663,0.025095,-1.20393,0.00462001,-0.0195425,-3.1637e-05,50.561,1,0.0182145,-0.0106413,0.0242924,0.999915,-0.0128978,0.00176626,-0.00112458,0.248834,-0.101669,0.141694,0.106676,0.0248996,-1.20393,0.00460478,-0.0196525,0.093781
50.561,0.999915,-0.0128653,0.00177857,-0.00112164,0.00603598,-0.000329753,-0.000933736,0.107081,0.024723,-1.20438,0.00648922,-0.0185659,0.00092041,50.581,1,0.0144887,-0.00745493,0.036711,0.999915,-0.0128352,0.00177683,-0.00112635,0.218284,-0.0774998,0.211448,0.107146,0.0245373,-1.20437,0.00647396,-0.0186754,0.094733
50.581,0.999916,-0.0127664,0.00181279,-0.00113095,0.00563696,0.00366319,-0.000401667,0.108096,0.0241973,-1.20526,0.0101065,-0.016104,0.00190306,50.601,1,0.0117796,0.0307918,0.0207111,0.999917,-0.0127382,0.00183105,-0.00113325,0.195703,0.229814,0.124622,0.108197,0.0240362,-1.20524,0.0100909,-0.0162126,0.0957157
50.601,0.999916,-0.012756,0.00183797,-0.00114924,0.000177484,0.00486161,-0.00173325,0.108516,0.0239998,-1.20558,0.0113299,-0.0154891,0.00215508,50.621,1,-0.0170176,0.0260135,0.026918,0.999916,-0.0127551,0.00186216,-0.00115822,-0.0348033,0.190496,0.158842,0.108629,0.0238449,-1.20556,0.0113142,-0.0155976,0.0959677
50.621,0.999916,-0.0127615,0.0019009,-0.00114284,-0.00128726,0.00752477,0.00172885,0.108944,0.0238121,-1.20589,0.0124663,-0.0141323,0.0023974,50.641,1,0.0312094,0.00690442,0.038485,0.999916,-0.0127679,0.00193864,-0.00113466,0.35097,0.0363989,0.222716,0.109068,0.0236707,-1.20586,0.01245,-0.0142409,0.09621
50.641,0.999915,-0.0127834,0.00208608,-0.00115501,-0.00208572,0.00952074,-0.000402248,0.110106,0.0234361,-1.20666,0.0150962,-0.0106146,0.00288726,50.661,1,-0.0302178,0.0302396,0.0626694,0.999915,-0.0127938,0.00213366,-0.00115761,-0.141075,0.218568,0.35918,0.110257,0.02333,-1.20663,0.0150784,-0.0107234,0.0966999
50.661,0.999914,-0.0129045,0.00225363,-0.00116869,-0.00701212,0.00925339,-0.000136515,0.111427,0.0232048,-1.20758,0.0158242,-0.00816239,0.0027104,50.681,1,-0.0328207,-0.0122258,0.0173906,0.999913,-0.0129396,0.00229993,-0.00116989,-0.159585,-0.117916,0.102621,0.111585,0.0231231,-1.20755,0.0158049,-0.00827219,0.096523
50.681,0.999913,-0.0129294,0.00229675,-0.00117211,-0.00634632,0.0111176,-0.000402795,0.111692,0.0231705,-1.20776,0.0157712,-0.00769233,0.00285021,50.701,1,-0.0189732,-0.0171754,-0.0146597,0.999913,-0.0129611,0.00235235,-0.00117477,-0.0479517,-0.154419,-0.0770137,0.111849,0.0230936,-1.20774,0.0157516,-0.00780234,0.0966628
50.701,0.999912,-0.0129945,0.00242165,-0.00116177,-0.00727849,0.0179086,0.001195,0.112213,0.0231058,-1.20812,0.0160889,-0.00702028,0.00300883,50.721,1,-0.0398602,-0.0269498,0.0558874,0.999911,-0.0130307,0.00251131,-0.00115687,-0.216013,-0.24108,0.316929,0.112374,0.0230356,-1.20809,0.0160682,-0.00713084,0.0968215
50.721,0.99991,-0.0131111,0.00260364,-0.00116963,-0.0102079,0.0116502,-0.00106863,0.11298,0.0230114,-1.2086,0.0163387,-0.006864,0.00395507,50.741,1,-0.00749653,-0.0550399,-0.0161949,0.999909,-0.0131621,0.00266188,-0.0011756,0.045599,-0.459446,-0.088295,0.113143,0.0229427,-1.20856,0.0163164,-0.00697555,0.0977678
50.741,0.999908,-0.0132552,0.00270955,-0.00117249,-0.00807739,0.00499232,-0.000136509,0.113934,0.022866,-1.20917,0.0135832,-0.00714008,0.00505682,50.761,1,-0.00650233,0.00428448,-0.0773437,0.999907,-0.0132955,0.00273454,-0.00117339,0.055343,0.0208025,-0.42632,0.11407,0.0227946,-1.20912,0.01356,-0.00725286,0.0988696
50.761,0.999906,-0.0133802,0.00282596,-0.00117677,-0.00967526,0.00951972,-0.000136487,0.114725,0.0226743,-1.20966,0.00995739,-0.00856359,0.00546704,50.781,1,0.00839607,-0.000576688,-0.0255589,0.999905,-0.0134285,0.0028736,-0.00117795,0.174748,-0.0243976,-0.136439,0.114825,0.0225887,-1.2096,0.0099332,-0.00867742,0.0992798
50.781,0.999905,-0.0134079,0.00284027,-0.00117306,-0.00701212,0.0037939,0.00119509,0.114916,0.0226204,-1.2098,0.00934594,-0.00890729,0.00558046,50.801,1,0.013146,0.0465779,-0.0440201,0.999905,-0.0134429,0.00285936,-0.00116724,0.212754,0.35476,-0.236228,0.11501,0.0225314,-1.20974,0.00932164,-0.00902136,0.0993932
50.801,0.999905,-0.0134372,0.00287562,-0.00118517,-0.00181877,0.00259481,-0.00066967,0.115454,0.0224315,-1.21019,0.00826404,-0.0103296,0.00652111,50.821,1,0.0185426,-0.0134927,0.00652004,0.999905,-0.0134462,0.00288856,-0.00118867,0.255772,-0.131455,0.0424272,0.115536,0.0223282,-1.21013,0.00823943,-0.0104439,0.100334
50.821,0.999905,-0.0134423,0.00278733,-0.00117408,-0.00088665,-0.00592731,-3.87499e-06,0.116207,0.0220018,-1.21072,0.00462057,-0.0136725,0.00817343,50.841,1,-0.0256079,-0.0245659,-0.0334882,0.999905,-0.0134467,0.00275771,-0.00117369,-0.0964563,-0.21542,-0.183198,0.116254,0.021865,-1.21064,0.00459671,-0.0137869,0.101986
50.841,0.999906,-0.0134086,0.00271477,-0.0011852,0.00217598,-0.00419625,0.00092823,0.116561,0.021677,-1.21098,0.00281996,-0.0149704,0.00879412,50.861,1,-0.0323602,0.0207964,-0.00203999,0.999906,-0.0133977,0.00269384,-0.0011803,-0.151821,0.144565,-0.00372112,0.116589,0.0215273,-1.21089,0.00279673,-0.0150844,0.102607
50.861,0.999906,-0.0133988,0.0026836,-0.00118022,0.00164334,-0.00299783,0.00186034,0.116772,0.0214399,-1.21112,0.00271485,-0.0157303,0.00933,50.881,1,0.00238897,-0.00734388,-0.00746173,0.999906,-0.0133905,0.00266873,-0.00117074,0.126523,-0.0793907,-0.035688,0.116799,0.0212826,-1.21103,0.00269188,-0.0158443,0.103143
50.881,0.999907,-0.0133709,0.00262852,-0.00117805,0.00377388,-0.00792467,0.0006619,0.116975,0.0211843,-1.21125,0.00288253,-0.0167032,0.00965707,50.901,1,-0.012768,0.0115891,0.0307996,0.999907,-0.0133521,0.00258892,-0.00117426,0.00400884,0.0682741,0.179735,0.117004,0.0210173,-1.21115,0.00286003,-0.0168169,0.10347
50.901,0.999909,-0.0132353,0.00251236,-0.00114455,0.0108313,-0.00686028,0.00239243,0.117405,0.020611,-1.21148,0.00296386,-0.0190506,0.00987797,50.921,1,0.0107557,-0.0016863,0.0241134,0.999909,-0.0131811,0.00247816,-0.00113227,0.191413,-0.0360357,0.141456,0.117434,0.0204205,-1.21138,0.00294235,-0.0191632,0.103691
50.921,0.999911,-0.0130983,0.00242098,-0.00115079,0.00896706,-0.00219978,-0.000670197,0.117836,0.0199726,-1.21169,0.00314736,-0.0198607,0.0103434,50.941,1,-0.0301835,0.00287761,-0.00376926,0.999911,-0.0130535,0.00240989,-0.00115411,-0.136663,0.00377709,-0.0148627,0.117868,0.0197739,-1.21159,0.00312663,-0.0199721,0.104156
50.941,0.999911,-0.0130676,0.00241214,-0.00114633,0.00763547,-0.00206665,0.00132715,0.117942,0.0198101,-1.21173,0.00357272,-0.0197459,0.0104456,50.961,1,-0.0246866,0.0118195,-0.0584164,0.999912,-0.0130294,0.00240185,-0.00113965,-0.0921335,0.081171,-0.320165,0.117978,0.0196126,-1.21163,0.00355207,-0.0198571,0.104258
50.961,0.999914,-0.0128876,0.00235982,-0.00113341,0.0113639,-0.00366453,0.00172661,0.11837,0.0191593,-1.21187,0.00488791,-0.0191788,0.0106063,50.981,1,-0.0141353,0.0398439,-0.0202971,0.999914,-0.0128307,0.00234154,-0.00112467,-0.0100635,0.30183,-0.104625,0.118419,0.0189675,-1.21176,0.0048677,-0.0192884,0.104419
50.981,0.999916,-0.0127437,0.00231964,-0.00113593,0.00403991,0.00126114,-0.00160336,0.119019,0.0183835,-1.21211,0.00700773,-0.0161214,0.0106404,51.001,1,-0.0338626,0.0393742,-0.0255258,0.999916,-0.0127236,0.00232582,-0.00114408,-0.168983,0.298736,-0.134212,0.119089,0.0182223,-1.212,0.00698787,-0.0162299,0.104453
51.001,0.999916,-0.0127177,0.00233378,-0.00113887,0.00124358,-0.000203599,-0.000804422,0.119454,0.0179795,-1.21226,0.0087799,-0.0132899,0.0106711,51.021,1,-0.00455371,0.00388802,0.0348678,0.999916,-0.0127115,0.0023327,-0.00114289,0.0645648,0.00885402,0.201834,0.119542,0.0178466,-1.21216,0.00875992,-0.0133981,0.104484
51.021,0.999916,-0.0126764,0.0023649,-0.0011423,0.00497201,0.00259272,-5.49932e-06,0.119759,0.0177461,-1.21235,0.0100342,-0.011483,0.0106802,51.041,1,-0.0512034,0.00985962,0.0537991,0.999916,-0.0126515,0.00237783,-0.00114255,-0.309575,0.0540806,0.30765,0.119859,0.0176313,-1.21225,0.0100139,-0.0115909,0.104493
51.041,0.999917,-0.0126462,0.00239515,-0.00113654,0.00297463,0.00498956,0.000793484,0.120073,0.0175386,-1.21243,0.0109299,-0.00983743,0.010884,51.061,1,0.0170127,-0.00153957,-0.0254028,0.999917,-0.0126313,0.00242013,-0.00113292,0.237713,-0.0287431,-0.135763,0.120182,0.0174402,-1.21232,0.0109094,-0.00994503,0.104697
51.061,0.999915,-0.0127739,0.00250554,-0.00114699,-0.010075,0.00578819,-0.0028023,0.120898,0.0171232,-1.21261,0.0128818,-0.00504856,0.010951,51.081,1,-0.0359931,0.00972675,0.0309086,0.999914,-0.0128243,0.00253435,-0.00116124,-0.186557,0.0542977,0.17968,0.121027,0.0170727,-1.2125,0.0128604,-0.00515724,0.104764
51.081,0.999913,-0.0129057,0.00263017,-0.00117341,-0.0094092,0.0113809,-0.0024029,0.121413,0.0169722,-1.21272,0.0136159,-0.0020619,0.0109618,51.101,1,0.0121452,-0.00920686,0.0455195,0.999912,-0.0129527,0.00268697,-0.00118603,0.199408,-0.0992512,0.260964,0.121549,0.0169516,-1.21261,0.0135934,-0.0021717,0.104774
51.101,0.999912,-0.012945,0.00267839,-0.00117517,-0.0098087,0.0121798,-5.97858e-06,0.121586,0.0169337,-1.21275,0.0138664,-0.00148914,0.0109469,51.121,1,-0.00978944,-0.0165747,0.0372161,0.999911,-0.012994,0.00273934,-0.00117586,0.0245187,-0.15794,0.213618,0.121725,0.0169188,-1.21264,0.0138435,-0.00159927,0.10476
51.121,0.999909,-0.0131374,0.00283651,-0.00115119,-0.0107412,0.00485602,0.00225721,0.122439,0.0167369,-1.21293,0.0130399,-0.00127186,0.0112222,51.141,1,-0.0189624,0.0268307,0.0106351,0.999908,-0.0131911,0.002861,-0.00114007,-0.0471373,0.190655,0.0676666,0.122569,0.0167242,-1.21282,0.0130156,-0.00138363,0.105035
51.141,0.999904,-0.0134484,0.00300657,-0.00114954,-0.0123391,0.00818496,-0.000539157,0.123151,0.0165235,-1.21309,0.00990847,-0.000610602,0.0118266,51.161,1,-0.0141623,0.00942253,0.0553252,0.999903,-0.0135101,0.00304752,-0.0011526,-0.00729785,0.0452782,0.316689,0.12325,0.0165174,-1.21297,0.00988275,-0.000725016,0.105639
51.161,0.999903,-0.013507,0.00305829,-0.00113597,-0.00541489,0.00498918,0.00119194,0.123394,0.0164427,-1.21312,0.00901051,-0.0013353,0.012168,51.181,1,-0.0507697,0.00106285,0.0560091,0.999903,-0.013534,0.00308335,-0.00113026,-0.299752,-0.0224078,0.319175,0.123484,0.0164293,-1.213,0.00898435,-0.00145021,0.105981
51.181,0.999903,-0.0135283,0.00306987,-0.00113837,-0.0015533,0.00179339,-0.000805442,0.123618,0.0163461,-1.21314,0.00776475,-0.00255979,0.0124396,51.201,1,-0.00328859,-0.0336979,0.015857,0.999903,-0.0135361,0.00307879,-0.0011425,0.0817623,-0.295845,0.0925517,0.123696,0.0163205,-1.21302,0.0077385,-0.00267488,0.106252
51.201,0.999901,-0.0136749,0.00305573,-0.0011254,-0.00994225,-0.00126925,0.00172459,0.124023,0.0159997,-1.21314,0.00299609,-0.00593423,0.0133921,51.221,1,-0.0150671,0.0174718,-0.0230976,0.999901,-0.0137246,0.00304956,-0.00111654,-0.0107767,0.117719,-0.121955,0.124053,0.0159404,-1.213,0.00296996,-0.00605057,0.107205
51.221,0.999901,-0.0137202,0.00304098,-0.00112515,0.000444061,-0.0030003,0.000526144,0.124175,0.0157551,-1.21309,0.00117447,-0.00613421,0.0135875,51.241,1,0.0194402,-0.0256499,-0.00888968,0.999901,-0.013718,0.00302602,-0.00112232,0.265654,-0.228342,-0.0451197,0.124187,0.0156938,-1.21296,0.00114846,-0.00625093,0.1074
51.241,0.999901,-0.0137069,0.00300232,-0.00111835,0.00177565,-0.00446504,0.000259825,0.124243,0.0155826,-1.21306,-0.000262768,-0.00742954,0.0133299,51.261,1,-0.0192083,0.0190859,-0.0228613,0.999901,-0.0136981,0.00298,-0.00111677,-0.043686,0.131004,-0.12061,0.12424,0.0155083,-1.21292,-0.000288448,-0.00754615,0.107143
51.261,0.999902,-0.013643,0.00292911,-0.00110522,0.00989832,-0.00992449,0.00265665,0.124284,0.0153835,-1.21301,-0.00177056,-0.00941097,0.0134073,51.281,1,-0.000918377,-0.0450902,-0.0150435,0.999903,-0.0135936,0.00287961,-0.00109141,0.102426,-0.382459,-0.081513,0.124266,0.0152894,-1.21288,-0.00179561,-0.00952704,0.10722
51.281,0.999903,-0.0135925,0.00274744,-0.00110076,0.00337355,-0.0100577,-0.000539114,0.124289,0.0148985,-1.2129,-0.00396274,-0.0118274,0.0135706,51.301,1,0.0077038,-0.00912964,-0.0083206,0.999904,-0.0135757,0.0026971,-0.00110281,0.170616,-0.0940346,-0.0410037,0.12425,0.0147802,-1.21276,-0.00398625,-0.011943,0.107383
51.301,0.999905,-0.0134911,0.00252429,-0.0010874,0.00776692,-0.00912538,0.00065883,0.124219,0.0141976,-1.21291,-0.00325642,-0.0113156,0.0131116,51.321,1,-0.0129802,0.00929044,0.0672851,0.999906,-0.0134523,0.00247867,-0.00108359,0.00239917,0.0467956,0.383354,0.124187,0.0140844,-1.21278,-0.00327803,-0.0114304,0.106924
51.321,0.999906,-0.013409,0.00243819,-0.00110279,0.0121611,-0.0107233,-0.000539589,0.124205,0.0139175,-1.2129,-0.00256781,-0.0115919,0.0130609,51.341,1,-0.028234,0.0493967,-0.00385899,0.999908,-0.0133482,0.00238447,-0.00110492,-0.119114,0.375828,-0.0121191,0.124179,0.0138016,-1.21277,-0.00258868,-0.0117059,0.106874
51.341,0.999908,-0.0133225,0.00234968,-0.00110048,0.00963113,-0.0109896,-6.99268e-06,0.124193,0.0136332,-1.21289,-0.00232756,-0.0122338,0.0131964,51.361,1,-0.0178154,-0.0378315,-0.0418146,0.999909,-0.0132744,0.00229469,-0.0010999,-0.0349974,-0.317089,-0.231045,0.12417,0.0135109,-1.21275,-0.00234768,-0.0123471,0.107009
51.361,0.999909,-0.0132766,0.00225942,-0.00109587,0.00190796,-0.00619592,-0.00173801,0.124188,0.0132073,-1.21284,-0.000921733,-0.0113847,0.0135301,51.381,1,0.0192822,-0.0201778,-0.023913,0.999909,-0.0132672,0.00222832,-0.00110417,0.260994,-0.176762,-0.129024,0.124179,0.0130934,-1.21271,-0.000941085,-0.0114977,0.107343
51.381,0.99991,-0.0132166,0.0022347,-0.00111993,0.00630138,0.000329075,-0.000406943,0.124229,0.0126731,-1.21284,0.0019633,-0.00895644,0.0143914,51.401,1,0.00772853,0.00478999,0.0405674,0.99991,-0.0131851,0.00223628,-0.00112205,0.166696,0.0162343,0.233874,0.124249,0.0125835,-1.21269,0.00194416,-0.00906889,0.108204
51.401,0.999911,-0.0131304,0.00220905,-0.0011116,0.00470348,0.00152752,-0.000140615,0.124354,0.0121737,-1.21287,0.00451979,-0.00783987,0.0144679,51.421,1,-0.0301559,-0.0145642,-0.0192028,0.999911,-0.0131069,0.00221666,-0.00111246,-0.135792,-0.132414,-0.10275,0.124399,0.0120953,-1.21273,0.00450087,-0.00795158,0.108281
51.421,0.999911,-0.013135,0.00219934,-0.00111005,-0.00102232,-0.00246723,0.000525169,0.124393,0.0120548,-1.21287,0.0050573,-0.00759677,0.0144275,51.441,1,-0.00531463,0.00601478,-0.00730681,0.999911,-0.0131401,0.00218705,-0.00110725,0.0626356,0.0312408,-0.0343216,0.124444,0.0119788,-1.21273,0.00503846,-0.00770853,0.10824
51.441,0.99991,-0.0131586,0.00225535,-0.00111328,-0.00248705,0.00751963,0.000525178,0.124519,0.0117076,-1.21291,0.00621182,-0.00557271,0.0137906,51.461,1,-0.0414831,-0.00520593,-0.0486954,0.99991,-0.013171,0.00229299,-0.00111112,-0.225858,-0.0548926,-0.267356,0.124581,0.0116519,-1.21278,0.0061925,-0.00568467,0.107603
51.461,0.99991,-0.0131895,0.00238319,-0.00113842,-0.00129016,0.012847,-0.00147314,0.124613,0.0113454,-1.2131,0.00766604,-0.00376124,0.0132302,51.481,1,0.0042163,0.0641964,-0.0299316,0.999909,-0.0131959,0.00244733,-0.00114662,0.138964,0.497704,-0.156445,0.124689,0.0113078,-1.21297,0.00764563,-0.00387346,0.107043
51.481,0.999908,-0.0132439,0.00252496,-0.0011399,-0.00222227,0.00778704,-0.000407868,0.124777,0.0109095,-1.21332,0.00775513,-0.00330434,0.0132057,51.501,1,-0.0057704,-0.00300225,0.0352343,0.999908,-0.013255,0.00256387,-0.00114243,0.0590401,-0.0479882,0.203369,0.124855,0.0108765,-1.21319,0.00773351,-0.00341702,0.107018
51.501,0.999908,-0.0132557,0.00255171,-0.00114239,-0.0027549,0.00658862,-0.000274699,0.124816,0.0108045,-1.21336,0.00738629,-0.00341347,0.0132797,51.521,1,-0.0151606,0.0161323,-0.0269299,0.999908,-0.0132694,0.00258465,-0.00114416,-0.0148906,0.111363,-0.143419,0.12489,0.0107703,-1.21323,0.00736445,-0.00352625,0.107092
51.521,0.999907,-0.013326,0.00258635,-0.00113842,-0.00648332,0.00432495,0.00132319,0.124906,0.0104949,-1.21347,0.00544382,-0.00323115,0.0136209,51.541,1,-0.0509087,-0.0426032,0.0228983,0.999907,-0.0133584,0.0026081,-0.00113201,-0.300973,-0.364339,0.130661,0.12496,0.0104626,-1.21334,0.00542168,-0.00334453,0.107434
51.541,0.999906,-0.0134073,0.00268727,-0.001126,-0.00315438,0.00725441,0.000790565,0.124959,0.0100985,-1.21357,0.00401477,-0.00365415,0.0135855,51.561,1,-0.0278353,-0.0351218,-0.00820627,0.999906,-0.013423,0.00272361,-0.00112249,-0.115021,-0.301795,-0.0427076,0.124999,0.010062,-1.21344,0.00399177,-0.00376822,0.107398
51.561,0.999905,-0.0134586,0.00273942,-0.00109957,-0.00355512,-0.00286464,0.000790124,0.124871,0.00934671,-1.21384,0.000861602,-0.00562596,0.0135447,51.581,1,-0.00914756,0.0180015,-0.0422243,0.999905,-0.0134764,0.00272517,-0.00109538,0.0351446,0.126573,-0.229066,0.124879,0.00929045,-1.2137,0.000838164,-0.00574046,0.107357
51.581,0.999905,-0.0134631,0.0027185,-0.00109666,-0.000891955,-0.00539464,0.000923302,0.124833,0.00921176,-1.21388,-0.000103837,-0.00593505,0.0135341,51.601,1,-0.0433443,0.00841639,0.0350329,0.999905,-0.0134676,0.00269159,-0.00109167,-0.240023,0.0414579,0.202272,0.124832,0.00915241,-1.21374,-0.000127097,-0.0060496,0.107347
51.601,0.999905,-0.013474,0.00268839,-0.00110263,-0.00248984,-0.00765833,-0.00134041,0.124789,0.00907599,-1.21391,-0.000996909,-0.00613275,0.0134026,51.621,1,-0.00331701,0.0217813,-0.0518979,0.999905,-0.0134865,0.00265003,-0.00110878,0.082011,0.158326,-0.282842,0.124779,0.00901467,-1.21378,-0.00101991,-0.00624739,0.107215
51.621,0.999905,-0.0134581,0.00265227,-0.00108476,0.00350226,-0.000867264,0.000257499,0.124492,0.00837802,-1.21404,-0.00373782,-0.00800887,0.0138611,51.641,1,-0.0384781,0.0279334,-0.01905,0.999906,-0.0134406,0.00264793,-0.00108346,-0.20011,0.203973,-0.0990697,0.124455,0.00829793,-1.2139,-0.00376052,-0.00812337,0.107674
51.641,0.999907,-0.0133998,0.00247987,-0.00107567,0.00363542,-0.0101883,0.00212175,0.124133,0.00760291,-1.21409,-0.00535183,-0.011188,0.0136374,51.661,1,-0.00986488,0.0231969,-0.0147691,0.999907,-0.0133817,0.00242906,-0.00106443,0.0283343,0.167226,-0.0750741,0.124079,0.00749103,-1.21396,-0.00537306,-0.011302,0.10745
51.661,0.999907,-0.013379,0.00242538,-0.00107599,0.00203751,-0.00539465,0.000124361,0.123969,0.00727133,-1.21409,-0.00615745,-0.011735,0.0140471,51.681,1,-0.013628,-0.000167992,-0.0187316,0.999907,-0.0133689,0.00239841,-0.00107503,-0.00164567,-0.0188541,-0.0990608,0.123907,0.00715398,-1.21395,-0.00617821,-0.0118488,0.10786
51.681,0.999908,-0.0133347,0.00238939,-0.0010829,0.00576593,-0.0061936,0.000257514,0.123797,0.00693673,-1.21408,-0.0061801,-0.0123701,0.0142749,51.701,1,-0.016714,-0.000926382,0.00998867,0.999908,-0.0133059,0.00235841,-0.00108127,-0.0272253,-0.0277322,0.0617017,0.123736,0.00681303,-1.21394,-0.00620056,-0.0124836,0.108088
51.701,0.99991,-0.0131574,0.00224156,-0.00106594,0.00736157,-0.0101868,-0.000808156,0.123244,0.0058637,-1.21429,-0.00657622,-0.0148629,0.0135681,51.721,1,0.00410144,0.0255467,-0.0400859,0.999911,-0.0131206,0.00219054,-0.00106939,0.138449,0.190697,-0.216565,0.123178,0.00571508,-1.21416,-0.00659541,-0.0149748,0.107381
51.721,0.999912,-0.0130839,0.00210135,-0.00105154,0.0065626,-0.00938785,0.00252086,0.1229,0.00517858,-1.21444,-0.00659299,-0.0153008,0.0134189,51.741,1,0.0158053,0.029526,0.0314321,0.999912,-0.0130511,0.00205454,-0.00103839,0.230215,0.216237,0.184236,0.122834,0.00502557,-1.2143,-0.00661098,-0.0154122,0.107232
51.741,0.999913,-0.013003,0.00206227,-0.00104295,0.0114895,-0.00299628,-9.17154e-06,0.122677,0.00473258,-1.21451,-0.00632915,-0.0149452,0.0135064,51.761,1,-0.0182211,0.0201844,-0.0116503,0.999914,-0.0129456,0.00204723,-0.00104292,-0.0417536,0.14603,-0.058139,0.122613,0.00458312,-1.21438,-0.00634682,-0.0150559,0.107319
51.761,0.999916,-0.0127959,0.00199942,-0.0010455,0.0102911,-0.00512677,-0.00107442,0.1222,0.00365411,-1.21465,-0.00346823,-0.0144672,0.0137568,51.781,1,-0.0422042,-0.000434124,0.0432966,0.999916,-0.0127444,0.00197367,-0.00105065,-0.236114,-0.024224,0.247781,0.122165,0.00350944,-1.21451,-0.00348536,-0.0145761,0.107569
51.781,0.999917,-0.0126989,0.00196494,-0.00104635,0.00775928,0.000999701,0.000523063,0.121771,0.00260295,-1.21484,-0.00228925,-0.0119422,0.013905,51.801,1,-0.00780017,0.0221293,-0.0622759,0.999917,-0.0126601,0.00196994,-0.00104387,0.0397638,0.167596,-0.341382,0.121748,0.00248353,-1.2147,-0.00230608,-0.0120503,0.107718
51.801,0.999917,-0.012684,0.00197614,-0.0010488,0.00403085,0.00259761,-0.000409042,0.121679,0.0023904,-1.21492,-0.00204825,-0.011177,0.013819,51.821,1,-0.0367804,-0.00959722,-0.0398036,0.999917,-0.0126638,0.00198908,-0.00105105,-0.192191,-0.0888262,-0.218106,0.121658,0.00227863,-1.21478,-0.00206518,-0.011285,0.107632
51.821,0.999918,-0.0126482,0.00200238,-0.00104093,0.00389769,0.00339656,0.001322,0.121507,0.00198601,-1.21506,-0.00105324,-0.0100475,0.0133823,51.841,1,-0.0510918,0.00305987,-0.004991,0.999918,-0.0126287,0.00201942,-0.00103458,-0.307594,0.00855867,-0.022482,0.121497,0.00188553,-1.21493,-0.00107039,-0.0101551,0.107195
51.841,0.999918,-0.0126221,0.00209285,-0.00102483,-0.00116231,0.00273076,0.00158832,0.121052,0.000888917,-1.21549,-6.97571e-05,-0.00725965,0.0132148,51.861,1,-0.0449738,-0.0374469,-0.0641868,0.999918,-0.0126279,0.00210661,-0.00101705,-0.257784,-0.310117,-0.356873,0.121051,0.00081632,-1.21536,-8.76772e-05,-0.00736704,0.107027
51.861,0.999917,-0.0126981,0.00214488,-0.0010193,-0.00582433,0.00273202,-0.000409457,0.120671,0.000169446,-1.21589,-0.00157276,-0.00504472,0.0134355,51.881,1,-0.0387658,0.000166323,-0.051378,0.999916,-0.0127272,0.00215854,-0.00102146,-0.207846,-0.0108899,-0.28245,0.120656,0.000118999,-1.21576,-0.00159112,-0.00515276,0.107248
51.881,0.999916,-0.0127188,0.00215362,-0.00101529,-0.00489223,0.00193306,0.00118843,0.120573,6.70214e-06,-1.21598,-0.00195467,-0.00454752,0.0135619,51.901,1,-0.0339086,0.0150084,-0.0619869,0.999916,-0.0127433,0.00216339,-0.00100942,-0.168815,0.108905,-0.340767,0.120553,-3.8773e-05,-1.21584,-0.0019731,-0.00465573,0.107374
51.901,0.999915,-0.0128098,0.00219483,-0.000999199,-0.00595749,0.0031315,0.00198737,0.120168,-0.000596776,-1.21628,-0.00287111,-0.00387008,0.0136887,51.921,1,0.0289446,-0.00348725,-0.0338656,0.999915,-0.0128395,0.00221064,-0.000989398,0.334535,-0.0417349,-0.183935,0.120139,-0.000635476,-1.21614,-0.00288989,-0.00397907,0.107501
51.921,0.999914,-0.0128993,0.00218297,-0.000986468,-0.00435959,-0.00312694,-0.00147474,0.119742,-0.0011806,-1.2165,-0.0049067,-0.00489711,0.0142504,51.941,1,-0.06677,-0.0356271,-0.0275726,0.999914,-0.0129212,0.00216727,-0.000993592,-0.430492,-0.300081,-0.152277,0.119693,-0.00122957,-1.21636,-0.00492538,-0.00500686,0.108063
51.941,0.999912,-0.0130284,0.00213815,-0.000986822,-0.00782171,-0.00259432,-0.000808907,0.119257,-0.00175303,-1.21665,-0.00747995,-0.00505114,0.0146455,51.961,1,0.0519292,-0.0405253,-0.0451481,0.999912,-0.0130675,0.00212517,-0.000990614,0.520384,-0.336109,-0.249634,0.119182,-0.00180354,-1.21651,-0.00749825,-0.00516199,0.108458
51.961,0.999912,-0.0130478,0.00210927,-0.000989602,-0.00462591,-0.00738801,-0.000675749,0.119127,-0.00189295,-1.21668,-0.00791798,-0.00521595,0.0147381,51.981,1,-0.00434948,-0.0385232,-0.086655,0.999912,-0.013071,0.00207232,-0.000992449,0.0708857,-0.315946,-0.482575,0.119048,-0.0019451,-1.21653,-0.00793604,-0.00532697,0.108551
51.981,0.999913,-0.0130347,0.00198475,-0.00100167,0.00482635,-0.00831835,-0.00174145,0.118474,-0.00259813,-1.21691,-0.00931998,-0.00762656,0.0152665,52.001,1,-0.0221067,-0.00692478,0.00622564,0.999913,-0.0130106,0.00194303,-0.00100989,-0.0726342,-0.0720932,0.0397171,0.118381,-0.00267439,-1.21676,-0.00933698,-0.00773746,0.109079
52.001,0.999913,-0.0130145,0.00182321,-0.00100134,-0.00116577,-0.00605467,-0.00227408,0.117628,-0.00358432,-1.21716,-0.00920402,-0.00982049,0.0157634,52.021,1,-0.00816724,-0.0223335,-0.025582,0.999913,-0.0130204,0.00179279,-0.0010123,0.0392723,-0.190631,-0.139354,0.117536,-0.00368252,-1.217,-0.00921965,-0.00993123,0.109576
52.021,0.999914,-0.0129774,0.00173991,-0.00099412,0.00575843,-0.00778574,0.00185382,0.117158,-0.00416599,-1.21726,-0.00817367,-0.00957521,0.0158369,52.041,1,-0.0347722,-0.0184103,-0.00993999,0.999914,-0.0129486,0.00170108,-0.000984397,-0.174135,-0.160422,-0.0517734,0.117076,-0.00426174,-1.2171,-0.00818859,-0.00968563,0.10965
52.041,0.999914,-0.0129517,0.00170418,-0.000999592,0.00669062,-0.00911727,-0.00134195,0.117007,-0.00435529,-1.21728,-0.00816851,-0.00980845,0.0159735,52.061,1,-0.0088048,0.0159726,-0.0362021,0.999915,-0.0129183,0.00165847,-0.00100577,0.0334615,0.117829,-0.196047,0.116926,-0.00445338,-1.21712,-0.00818312,-0.00991865,0.109786
52.061,0.999916,-0.0128197,0.00159101,-0.000986851,0.00375938,-0.00445554,0.00105444,0.116207,-0.0054059,-1.21753,-0.00736232,-0.0109846,0.0161861,52.081,1,0.00740196,-0.0200007,-0.0166238,0.999916,-0.0128009,0.00156878,-0.000981323,0.162101,-0.170952,-0.0889312,0.116133,-0.00551574,-1.21737,-0.00737597,-0.0110937,0.109999
52.081,0.999917,-0.0127704,0.00153952,-0.000966833,0.00615466,-0.00338908,0.00171981,0.115503,-0.00639106,-1.21798,-0.00574257,-0.009611,0.0164729,52.101,1,-0.0320716,-0.00547503,-0.00796393,0.999917,-0.0127396,0.00152266,-0.000958065,-0.154306,-0.0555403,-0.0398511,0.115446,-0.00648717,-1.21782,-0.00575578,-0.00971966,0.110285
52.101,0.999917,-0.0127569,0.00152504,-0.000968697,0.00375779,-0.00392174,-0.000277565,0.115343,-0.00662144,-1.21808,-0.00519783,-0.00910642,0.0166884,52.121,1,-0.0293768,0.0406249,-0.0149783,0.999917,-0.0127381,0.0015054,-0.000969863,-0.133211,0.31409,-0.0758032,0.115291,-0.0067125,-1.21791,-0.00521092,-0.00921496,0.110501
52.121,0.999917,-0.0127327,0.00151536,-0.000967958,0.00642096,-0.0027233,0.000388233,0.115189,-0.00684506,-1.21816,-0.00453052,-0.00872628,0.0166762,52.141,1,-0.0471751,-0.012733,0.00827638,0.999918,-0.0127007,0.00150173,-0.000965892,-0.275635,-0.115172,0.0504495,0.115144,-0.00693232,-1.218,-0.00454353,-0.00883462,0.110489
52.141,0.999918,-0.0126704,0.00155595,-0.000990825,0.00415728,0.0042009,-0.00160915,0.114639,-0.00769954,-1.21847,-0.00237702,-0.00824745,0.0166798,52.161,1,0.00305506,0.00832053,-0.0800436,0.999918,-0.0126496,0.00157683,-0.000999168,0.126403,0.0622894,-0.44206,0.114616,-0.00778201,-1.2183,-0.00239037,-0.00835526,0.110492
52.161,0.999918,-0.0126944,0.00164954,-0.00102917,-0.0035659,0.00313564,-0.000677043,0.114104,-0.00866982,-1.21875,0.000366384,-0.00639064,0.0164315,52.181,1,0.00968713,0.00507104,-0.0395076,0.999917,-0.0127122,0.00166519,-0.00103272,0.17944,0.0314718,-0.215016,0.114108,-0.00873372,-1.21859,0.000352235,-0.00649866,0.110244
52.181,0.999917,-0.0126998,0.00169248,-0.00103447,-0.00010378,0.00606512,-0.000277567,0.113925,-0.00901302,-1.21884,0.000574652,-0.00534573,0.0162357,52.201,1,-0.00023462,-0.0183835,-0.0756418,0.999917,-0.0127003,0.00172279,-0.00103624,0.10059,-0.152872,-0.419093,0.11393,-0.00906647,-1.21868,0.000560137,-0.00545379,0.110048
52.201,0.999917,-0.0126863,0.00178489,-0.00104752,0.000695183,0.00832881,-0.00134283,0.113669,-0.00948688,-1.21894,0.000459785,-0.0047345,0.0162715,52.221,1,-0.021192,0.00942477,-0.0155244,0.999917,-0.0126828,0.00182644,-0.00105476,-0.0679277,0.0625164,-0.0806081,0.113674,-0.00953422,-1.21878,0.000444483,-0.00484245,0.110084
52.221,0.999916,-0.0127382,0.00194273,-0.00106868,-0.00343416,0.00713199,-0.000810602,0.113166,-0.0103051,-1.21922,0.000121117,-0.00374267,0.0168214,52.241,1,0.0389871,-0.00355016,-0.0223983,0.999916,-0.0127554,0.00197835,-0.00107316,0.414051,-0.0413091,-0.11927,0.113167,-0.0103425,-1.21905,0.000104469,-0.00385105,0.110634
52.241,0.999915,-0.0128058,0.00203467,-0.00108171,-0.00237005,0.00367118,0.00145266,0.112525,-0.0111183,-1.21964,-0.00210628,-0.00189895,0.0168529,52.261,1,-0.0478043,0.0116674,-0.0443465,0.999915,-0.0128176,0.00205313,-0.00107466,-0.27956,0.0812194,-0.241983,0.112504,-0.0111373,-1.21947,-0.00212371,-0.00200791,0.110665
52.261,0.999915,-0.0128081,0.00203949,-0.00107904,-0.000239527,0.000874857,0.000920026,0.112379,-0.0112767,-1.21973,-0.00262671,-0.00184682,0.0167573,52.281,1,0.0296246,0.0062492,-0.0324447,0.999915,-0.0128093,0.00204392,-0.00107449,0.339816,0.0372697,-0.174852,0.112353,-0.0112952,-1.21956,-0.00264418,-0.0019558,0.11057
52.281,0.999915,-0.0128082,0.00204049,-0.00108003,0.000293104,-5.72498e-05,-1.20823e-05,0.112232,-0.0114321,-1.21981,-0.0030107,-0.00193299,0.0167836,52.301,1,0.0226795,-0.0438663,0.0310501,0.999915,-0.0128067,0.00204021,-0.00108009,0.283584,-0.370182,0.177017,0.112202,-0.0114514,-1.21964,-0.00302818,-0.00204197,0.110596
52.301,0.999915,-0.0128483,0.00206106,-0.00106529,-0.000905319,-0.000723043,0.00158581,0.111624,-0.012029,-1.22008,-0.0052446,-0.00190153,0.0176415,52.321,1,-0.0191853,-0.0132637,0.00954848,0.999915,-0.0128528,0.00205755,-0.0010573,-0.0507604,-0.123729,0.0582549,0.111572,-0.012048,-1.2199,-0.00526226,-0.00201085,0.111454
52.321,0.999914,-0.012932,0.00200281,-0.00104726,-0.00396941,-0.00551541,0.00278382,0.110937,-0.0126387,-1.22036,-0.00708751,-0.00123147,0.0170883,52.341,1,-0.0370743,-0.0237792,-0.00515211,0.999914,-0.0129519,0.00197544,-0.00103294,-0.192933,-0.206002,-0.0251284,0.110866,-0.012651,-1.22019,-0.00710467,-0.0013415,0.110901
52.341,0.999914,-0.0129259,0.00190237,-0.00104162,0.00322112,-0.00831171,0.000786427,0.110163,-0.0132574,-1.22066,-0.00924388,-0.0020796,0.0175349,52.361,1,-0.0435223,0.0159329,0.0306462,0.999914,-0.0129099,0.00186084,-0.00103718,-0.2455,0.108725,0.178118,0.11007,-0.0132782,-1.22048,-0.00926018,-0.00218958,0.111348
52.361,0.999914,-0.0129229,0.00187091,-0.00104167,0.00109058,-0.00817856,0.000120654,0.109966,-0.0134107,-1.22072,-0.00948317,-0.00233501,0.017688,52.381,1,-0.0201189,-0.0151633,-0.0383638,0.999914,-0.0129175,0.00183002,-0.00104055,-0.056963,-0.132449,-0.2103,0.109872,-0.013434,-1.22054,-0.0094992,-0.00244497,0.111501
52.381,0.999914,-0.0129321,0.0018031,-0.00104377,-0.00263783,-0.00831172,-0.000412003,0.109573,-0.0137172,-1.22082,-0.0102167,-0.00300105,0.018196,52.401,1,-0.0450264,0.00307822,-0.0638459,0.999914,-0.0129454,0.00176153,-0.00104527,-0.256145,0.0164723,-0.351911,0.109471,-0.0137472,-1.22063,-0.0102322,-0.00311109,0.112009
52.401,0.999914,-0.0129783,0.00165361,-0.00104562,-0.000906795,-0.00831172,0.00105278,0.108591,-0.0144514,-1.22096,-0.0111963,-0.00304507,0.0187399,52.421,1,-0.0308115,-0.0275824,-0.0744796,0.999914,-0.0129829,0.00161213,-0.00103981,-0.141806,-0.226346,-0.413506,0.108479,-0.0144819,-1.22077,-0.0112105,-0.0031555,0.112553
52.421,0.999915,-0.0129377,0.00147198,-0.00106506,0.00561795,-0.011907,-0.000278803,0.10781,-0.0150126,-1.221,-0.0122322,-0.0042204,0.019011,52.441,1,-0.0173472,-0.012096,-0.0483572,0.999915,-0.0129097,0.0014124,-0.00106572,-0.0347353,-0.103661,-0.265841,0.107688,-0.0150548,-1.22081,-0.0122448,-0.00433049,0.112824
52.441,0.999915,-0.0129348,0.00142886,-0.00107268,0.000957456,-0.0109749,-0.00187675,0.107616,-0.0151548,-1.22099,-0.0122606,-0.00470061,0.0192332,52.461,1,-0.0181654,-0.0349951,-0.00182643,0.999915,-0.0129301,0.00137387,-0.00108136,-0.0415914,-0.291326,-0.00690505,0.107494,-0.0152018,-1.2208,-0.0122729,-0.00481067,0.113046
52.461,0.999915,-0.0129176,0.00127784,-0.00106912,0.00402006,-0.00937698,0.00171856,0.106878,-0.015731,-1.22094,-0.0106885,-0.00580877,0.0192901,52.481,1,-0.0335966,-0.012267,0.0381198,0.999916,-0.0128975,0.00123105,-0.00105995,-0.165836,-0.112563,0.218304,0.106771,-0.015789,-1.22074,-0.0106995,-0.00591869,0.113103
52.481,0.999916,-0.0128783,0.0011492,-0.00105789,0.00441741,-0.0043153,0.00211765,0.105919,-0.0166561,-1.22108,-0.00780435,-0.00639019,0.0193773,52.501,1,0.00762228,0.0274771,-0.0364407,0.999916,-0.0128563,0.00112774,-0.00104705,0.163992,0.214433,-0.196102,0.105841,-0.01672,-1.22089,-0.00781425,-0.00649978,0.11319
52.501,0.999916,-0.012858,0.00113573,-0.00104514,0.00534952,-0.0036495,0.00331607,0.105748,-0.0168353,-1.22109,-0.00734005,-0.00681015,0.0194896,52.521,1,-0.0224292,-0.0180634,-0.0297215,0.999916,-0.0128313,0.00111767,-0.00102836,-0.0762216,-0.150703,-0.162022,0.105675,-0.0169034,-1.2209,-0.00734983,-0.00691956,0.113302
52.521,0.999918,-0.0127381,0.0011096,-0.00104652,0.00708059,7.89177e-05,0.00105235,0.105136,-0.0175531,-1.2211,-0.00471081,-0.00753145,0.0194438,52.541,1,-0.0124293,0.000535939,-0.0267356,0.999918,-0.0127027,0.00111003,-0.00104131,0.00266724,-0.00196537,-0.143888,0.105089,-0.0176284,-1.22091,-0.00472037,-0.00763984,0.113256
52.541,0.999919,-0.012638,0.00120075,-0.00104183,0.00468195,0.00753747,0.000652532,0.104471,-0.0184512,-1.22113,-0.00152989,-0.00592822,0.0197873,52.561,1,-0.00621102,-0.0117996,-0.0221564,0.999919,-0.0126145,0.00123845,-0.00103907,0.0516971,-0.101803,-0.119111,0.104456,-0.0185104,-1.22094,-0.00154022,-0.00603576,0.1136
52.561,0.99992,-0.0125655,0.00128832,-0.00103504,0.00494686,0.00767186,-0.000546334,0.103924,-0.0192079,-1.2213,0.000304773,-0.00373789,0.0195836,52.581,1,0.00347423,-0.0129113,-0.0781831,0.99992,-0.0125408,0.00132662,-0.00103828,0.128912,-0.105668,-0.432896,0.103927,-0.0192453,-1.2211,0.000293699,-0.00384481,0.113396
52.581,0.99992,-0.0125435,0.00131664,-0.00103478,0.00587895,0.00673976,0.000385787,0.103787,-0.0193925,-1.22135,0.000310242,-0.00335228,0.0197527,52.601,1,0.0324694,0.000352801,-0.0167739,0.99992,-0.0125141,0.00135033,-0.00103331,0.36019,-0.00575187,-0.087871,0.103791,-0.019426,-1.22115,0.000298927,-0.00345901,0.113565
52.601,0.99992,-0.0125239,0.00145171,-0.00102258,0.000153167,0.0106013,0.00198369,0.103263,-0.0200638,-1.2215,-8.52812e-05,-0.00151602,0.0203879,52.621,1,-0.0522449,-0.0264144,-0.00831108,0.99992,-0.012523,0.00150484,-0.00101332,-0.317597,-0.222486,-0.0430992,0.103262,-0.020079,-1.22129,-9.77442e-05,-0.00162259,0.1142
52.621,0.999919,-0.0125932,0.00158582,-0.00101899,-0.0066379,0.00700607,0.000385797,0.102781,-0.020611,-1.22156,2.52018e-05,0.00133619,0.0204307,52.641,1,-0.019786,0.00745138,0.00843995,0.999918,-0.0126264,0.0016209,-0.00101745,-0.0577228,0.0459114,0.0533145,0.102781,-0.0205976,-1.22135,1.15973e-05,0.00122904,0.114243
52.641,0.999918,-0.012673,0.00164857,-0.0010102,-0.00530632,0.00207922,0.00105156,0.102202,-0.0211232,-1.22153,-0.00168526,0.00365089,0.0207676,52.661,1,-0.0217143,0.0141463,-0.0146543,0.999917,-0.0126995,0.00165905,-0.00100503,-0.0722821,0.101289,-0.0755992,0.102185,-0.0210867,-1.22132,-0.0016994,0.00354306,0.11458
52.661,0.999917,-0.0127039,0.00166586,-0.00101696,-0.00743685,0.0040766,-0.00147844,0.102083,-0.0212097,-1.22151,-0.00212022,0.00383113,0.0208616,52.681,1,-0.0424789,-0.0259411,-0.0305432,0.999917,-0.012741,0.00168619,-0.00102454,-0.237728,-0.218057,-0.167584,0.102062,-0.0211714,-1.2213,-0.00213451,0.00372303,0.114674
52.681,0.999917,-0.0127336,0.00168805,-0.00101364,-0.00717053,0.00527502,0.00105157,0.10193,-0.0213297,-1.22154,-0.00250454,0.00385184,0.0211453,52.701,1,-0.0582486,-0.00498276,-0.0442759,0.999916,-0.0127695,0.00171452,-0.00100866,-0.363717,-0.0492888,-0.243169,0.101904,-0.0212912,-1.22132,-0.00251901,0.00374349,0.114958
52.701,0.999915,-0.0128708,0.00172691,-0.00100644,-0.00504174,-0.00151447,0.00238273,0.101315,-0.0217603,-1.22159,-0.00384337,0.00508648,0.0213378,52.721,1,-0.0276213,0.0218004,-0.036825,0.999915,-0.012896,0.00171951,-0.000994386,-0.117785,0.16416,-0.199269,0.101276,-0.0217094,-1.22137,-0.00385818,0.00497697,0.11515
52.721,0.999914,-0.0129612,0.00165921,-0.000983469,-0.00331069,-0.00311237,0.00038534,0.100541,-0.0222065,-1.22154,-0.00585594,0.0048165,0.0213831,52.741,1,0.00693075,0.0138553,-0.0563427,0.999914,-0.0129777,0.00164369,-0.000981313,0.159592,0.103479,-0.308924,0.100483,-0.0221583,-1.22133,-0.00587017,0.00470622,0.115196
52.741,0.999914,-0.0129884,0.00165588,-0.000981483,-0.00650647,-0.001115,0.000651666,0.100383,-0.0222903,-1.22152,-0.00632472,0.00462111,0.0212854,52.761,1,-0.0267429,0.0269123,-0.0377431,0.999913,-0.0130209,0.00165038,-0.000978098,-0.109878,0.205764,-0.204145,0.10032,-0.0222441,-1.22131,-0.00633892,0.00451059,0.115098
52.761,0.999913,-0.0130801,0.00159596,-0.000991782,-0.00570753,-0.00590868,-0.000413599,0.0998763,-0.022572,-1.22149,-0.0071886,0.00443944,0.0210361,52.781,1,-0.0103219,0.0258103,-0.00441406,0.999912,-0.0131086,0.00156642,-0.000993418,0.0218826,0.194081,-0.0173665,0.0998045,-0.0225276,-1.22128,-0.0072023,0.00432814,0.114849
52.781,0.999912,-0.013151,0.00149171,-0.000987414,0.000682237,-0.00497514,0.000917549,0.0989218,-0.0231078,-1.22153,-0.00874948,0.00398641,0.0207069,52.801,1,-0.0482735,-0.0167974,0.0142845,0.999912,-0.0131476,0.0014669,-0.000982504,-0.281132,-0.148168,0.0838676,0.0988344,-0.0230679,-1.22133,-0.00876228,0.00387451,0.11452
52.801,0.999912,-0.0131578,0.00130713,-0.000995458,-0.00104883,-0.0114999,0.00105074,0.0980089,-0.0236501,-1.22148,-0.00932364,0.00140623,0.0207637,52.821,1,-0.00118826,0.001102,0.0108654,0.999912,-0.0131631,0.00124971,-0.000989441,0.0956287,-0.00279443,0.0664875,0.0979157,-0.0236361,-1.22127,-0.00933488,0.00129427,0.114576
52.821,0.999912,-0.0131473,0.00127281,-0.00099364,0.00294593,-0.00883672,0.000518066,0.0978285,-0.0237598,-1.22145,-0.00953388,0.00113454,0.0207437,52.841,1,-0.0331001,-0.0255206,-0.00626926,0.999913,-0.0131326,0.00122865,-0.000990487,-0.159427,-0.213924,-0.0316602,0.0977331,-0.0237484,-1.22124,-0.00954482,0.00102267,0.114556
52.841,0.999912,-0.0131462,0.00123964,-0.000983813,0.000549076,-0.0085704,0.00251546,0.0976496,-0.023869,-1.22142,-0.00952136,0.000950906,0.0205316,52.861,1,0.0154436,-0.00480947,-0.0140437,0.999912,-0.0131435,0.00119695,-0.000970676,0.228861,-0.0467887,-0.0733767,0.0975544,-0.0238595,-1.22122,-0.00953202,0.000839043,0.114344
52.861,0.999913,-0.0131185,0.00116029,-0.000969131,0.00347673,-0.00617234,0.000917111,0.0967341,-0.0244954,-1.22137,-0.00825356,0.000625774,0.0205797,52.881,1,-0.00660934,0.0437865,0.0505428,0.999913,-0.0131012,0.00112947,-0.000964161,0.0510322,0.335645,0.291603,0.0966515,-0.0244891,-1.22116,-0.00826355,0.000514147,0.114392
52.881,0.999915,-0.0129679,0.00103073,-0.000932997,0.00693883,-0.00257707,0.00171607,0.0958726,-0.0251574,-1.2213,-0.00757045,-0.000664534,0.0207298,52.901,1,-0.0413798,-0.0234237,-0.0019481,0.999915,-0.0129332,0.00101792,-0.000924286,-0.227194,-0.195717,-0.00762944,0.0957969,-0.025164,-1.2211,-0.00757932,-0.000774882,0.114542
52.901,0.999915,-0.0129504,0.0010294,-0.000928995,0.00467514,-0.000579724,0.00118341,0.0957111,-0.0252872,-1.22128,-0.00729868,-0.000598463,0.0207624,52.921,1,-0.0133294,-0.0404763,-0.01461,0.999915,-0.012927,0.00102656,-0.000923065,-0.0027072,-0.330595,-0.079624,0.0956381,-0.0252932,-1.22107,-0.00730755,-0.000708662,0.114575
52.921,0.999915,-0.0129585,0.00102645,-0.000909882,-0.00171644,8.6086e-05,0.00158289,0.0952572,-0.0256506,-1.22117,-0.0059472,0.000488095,0.0210088,52.941,1,0.00300963,-0.0170184,-0.00502227,0.999915,-0.0129671,0.00102699,-0.000901965,0.127891,-0.143803,-0.0242455,0.0951977,-0.0256457,-1.22096,-0.00595604,0.000377828,0.114821
52.941,0.999916,-0.012889,0.000990216,-0.000904305,0.00627141,-0.00204299,0.00158247,0.0945165,-0.0262252,-1.22101,-0.00445706,0.0021985,0.0210168,52.961,1,0.00340773,0.0371614,-0.0517799,0.999916,-0.0128577,0.000980076,-0.000896293,0.130303,0.294724,-0.282188,0.094472,-0.0262032,-1.2208,-0.00446558,0.00208882,0.114829
52.961,0.999917,-0.0128335,0.000995614,-0.000906714,0.00573879,0.00141911,0.00118298,0.0942251,-0.0264569,-1.22094,-0.0041423,0.0019163,0.0207253,52.981,1,0.0172785,-0.00968118,-0.0252534,0.999917,-0.0128048,0.00100276,-0.000900919,0.241103,-0.0826858,-0.136932,0.0941837,-0.0264377,-1.22073,-0.00415087,0.00180709,0.114538
52.981,0.999917,-0.0128338,0.00103354,-0.000902492,-0.00211754,0.00528071,0.000250879,0.0939508,-0.0266794,-1.22086,-0.00360066,0.00209703,0.0208335,53.001,1,-0.0126039,-0.0036996,-0.00575284,0.999917,-0.0128443,0.00105997,-0.000901566,0.00191096,-0.0373622,-0.0274986,0.0939148,-0.0266584,-1.22066,-0.00360955,0.00198782,0.114646
53.001,0.999916,-0.0129053,0.00107201,-0.000909007,-0.00757702,0.00168546,-0.000281758,0.0935747,-0.0269663,-1.22072,-0.00271097,0.00409916,0.0210626,53.021,1,-0.0209398,0.0274051,-0.00664059,0.999915,-0.0129431,0.00108046,-0.000910483,-0.0644681,0.211185,-0.030242,0.0935476,-0.0269253,-1.2205,-0.00272019,0.00398935,0.114875
53.021,0.999915,-0.012937,0.00108676,-0.000897539,0.00147599,0.00182021,-0.00201325,0.0928896,-0.0274232,-1.22051,-0.00260765,0.0063904,0.0210479,53.041,1,-0.0274522,-0.0419522,-8.60754e-05,0.999915,-0.0129297,0.00109573,-0.00090773,-0.115931,-0.344461,0.00133152,0.0928636,-0.0273593,-1.2203,-0.00261699,0.00628032,0.11486
53.041,0.999915,-0.0129623,0.00113433,-0.000878096,-0.0030527,0.00182137,0.00238049,0.0922639,-0.0278705,-1.22041,-0.00209115,0.00558961,0.0207795,53.061,1,-0.0125425,0.00284359,0.025639,0.999915,-0.0129775,0.0011436,-0.000866295,0.00307134,0.010929,0.148608,0.092243,-0.0278146,-1.2202,-0.0021009,0.00547932,0.114592
53.061,0.999915,-0.0129787,0.00114925,-0.000888475,-0.00371849,0.00341927,-0.00228005,0.0921197,-0.0279755,-1.22037,-0.00173424,0.00561119,0.0209053,53.081,1,-0.0169957,-0.00924976,-0.0308007,0.999914,-0.0129973,0.00116621,-0.000900075,-0.0318439,-0.0801025,-0.168279,0.0921023,-0.0279194,-1.22016,-0.00174412,0.00550076,0.114718
53.081,0.999913,-0.0131188,0.00119536,-0.000893846,-0.00691428,0.00182139,-0.000682158,0.0915829,-0.0283329,-1.2202,-0.00157556,0.00726347,0.0204345,53.101,1,-0.00253582,-0.0410989,-0.00610015,0.999912,-0.0131533,0.00120445,-0.000897335,0.0849266,-0.337695,-0.032193,0.0915672,-0.0282603,-1.22,-0.00158583,0.00715184,0.114247
53.101,0.999913,-0.0131268,0.00125171,-0.000903101,0.000674044,0.000357834,-0.0010821,0.0908983,-0.02876,-1.21993,-0.00251237,0.00607665,0.0208361,53.121,1,0.0155515,-0.000356982,0.0499518,0.999913,-0.0131234,0.00125343,-0.000908539,0.228774,-0.0179889,0.284839,0.0908731,-0.0286992,-1.21972,-0.00252312,0.00596495,0.114649
53.121,0.999912,-0.0131663,0.00125808,-0.000901487,-0.00478543,0.00155626,0.00144792,0.0904708,-0.029081,-1.21973,-0.00237457,0.00489134,0.0215002,53.141,1,0.0321187,-0.00939394,-0.0577709,0.999912,-0.0131902,0.00126598,-0.00089432,0.362672,-0.0788705,-0.318918,0.0904471,-0.0290321,-1.21952,-0.00238537,0.00477931,0.115313
53.141,0.999912,-0.0131859,0.0012663,-0.000893166,-0.00451912,0.00168941,0.00238002,0.0903325,-0.0291859,-1.21966,-0.00245413,0.00471922,0.0214562,53.161,1,-0.0128871,-0.0152543,0.000782638,0.999912,-0.0132085,0.00127492,-0.00088135,0.00247954,-0.132327,0.00816534,0.090308,-0.0291387,-1.21945,-0.002465,0.00460702,0.115269
53.161,0.999911,-0.0132153,0.00128678,-0.000876126,0.00413432,-0.000839599,0.00251268,0.0896217,-0.029792,-1.21929,-0.00269266,0.00378519,0.0212187,53.181,1,0.00846989,0.00726278,-0.0161911,0.999912,-0.0131946,0.00128273,-0.000863534,0.173571,0.049576,-0.0851585,0.0895948,-0.0297541,-1.21907,-0.00270371,0.00367274,0.115031
53.181,0.999913,-0.0131109,0.00125197,-0.000873121,0.00746328,-0.00243749,-0.00134891,0.0889037,-0.0304767,-1.21885,-0.00362509,0.000305893,0.0219188,53.201,1,0.00896691,-0.00324826,-0.000813854,0.999913,-0.0130736,0.00123967,-0.000879752,0.176642,-0.0358511,0.000156447,0.0888674,-0.0304737,-1.21863,-0.00363584,0.00019433,0.115731
53.201,0.999913,-0.0131055,0.00124762,-0.000877993,0.00173748,-0.00137222,-0.00094944,0.0887643,-0.0306199,-1.21875,-0.00373773,-0.00013026,0.0219658,53.221,1,-0.0140967,-0.0114492,0.00608856,0.999913,-0.0130969,0.00124069,-0.00088266,-0.00791863,-0.102302,0.0380701,0.0887269,-0.0306212,-1.21853,-0.00374844,-0.000241778,0.115778
53.221,0.999913,-0.0131034,0.00124394,-0.000870592,0.000938523,-0.00123907,0.00211321,0.0886265,-0.030762,-1.21865,-0.00376521,-0.000224109,0.0221727,53.241,1,0.00398747,-0.0268089,-0.0365499,0.999913,-0.0130987,0.00123788,-0.000859952,0.137166,-0.220535,-0.201731,0.0885889,-0.0307642,-1.21843,-0.0037759,-0.000335608,0.115985
53.241,0.999914,-0.013057,0.00126012,-0.000893391,0.0070638,0.000891453,-0.00254733,0.0881089,-0.031298,-1.21822,-0.0028703,-0.00024726,0.022232,53.261,1,-0.0456345,-0.0383776,0.0221029,0.999914,-0.0130217,0.00126438,-0.00090623,-0.260748,-0.31969,0.12563,0.0880802,-0.0313005,-1.218,-0.00288112,-0.000358365,0.116045
53.261,0.999916,-0.0128445,0.00123725,-0.000928057,0.0102596,-0.00243751,-0.00228101,0.0875482,-0.0319534,-1.21763,-0.00273016,-0.00253653,0.0222852,53.281,1,-0.0148948,0.00098523,0.0492595,0.999917,-0.0127932,0.00122487,-0.000939368,-0.017024,-0.00717602,0.280988,0.0875209,-0.0319788,-1.21741,-0.00274079,-0.00264583,0.116098
53.281,0.999917,-0.0127674,0.00120423,-0.000946807,0.00693064,-0.00150539,-0.000416771,0.0872264,-0.0323566,-1.21726,-0.00306524,-0.00314356,0.0221605,53.301,1,-0.0386791,0.0143919,0.0241419,0.999918,-0.0127328,0.00119665,-0.000948837,-0.207726,0.102744,0.141248,0.0871958,-0.0323881,-1.21704,-0.00307559,-0.0032522,0.115973
53.301,0.999918,-0.0127487,0.00120745,-0.000946062,0.00493327,0.00062514,0.000382149,0.0871229,-0.0324856,-1.21713,-0.00286761,-0.0029872,0.0218654,53.321,1,-0.0414682,0.0144857,0.00624269,0.999918,-0.012724,0.00121058,-0.000944221,-0.229999,0.105276,0.0410027,0.0870942,-0.0325154,-1.21691,-0.00287799,-0.00309568,0.115678
53.321,0.999919,-0.0126339,0.00123574,-0.000915835,0.00932749,0.00129095,0.000382145,0.0867616,-0.0329364,-1.21663,-0.000828848,-0.000946048,0.0214088,53.341,1,-0.0297771,0.0260484,-0.0412313,0.99992,-0.0125873,0.00124217,-0.000914064,-0.137075,0.20245,-0.22412,0.0867533,-0.0329459,-1.21641,-0.000839462,-0.00105355,0.115221
53.341,0.999921,-0.0124791,0.0012217,-0.000913075,0.00453131,-0.000172892,-0.00161573,0.0863421,-0.0336439,-1.2162,0.000249853,4.1841e-05,0.0206407,53.361,1,-0.00877765,-0.0269499,-0.0254507,0.999921,-0.0124565,0.00122072,-0.00092117,0.0299904,-0.222872,-0.139346,0.0863446,-0.0336435,-1.216,0.00023936,-6.43463e-05,0.114453
53.361,0.999921,-0.0124804,0.00122734,-0.000919533,-0.000262388,0.00142498,0.000248467,0.0861903,-0.033888,-1.21603,6.20427e-05,0.00119888,0.020269,53.381,1,-0.0211007,-0.00753419,0.0323292,0.999921,-0.0124817,0.00123448,-0.000918378,-0.069288,-0.073463,0.185503,0.0861909,-0.0338761,-1.21582,5.15005e-05,0.00109269,0.114082
53.381,0.999921,-0.0124896,0.00122834,-0.000916031,-0.00199344,9.33985e-05,0.00104742,0.0860978,-0.0340354,-1.21597,8.73074e-06,0.00203984,0.0201744,53.401,1,0.00508225,0.00902938,-0.0350972,0.999921,-0.0124995,0.00122888,-0.000910788,0.140783,0.0659532,-0.190736,0.0860979,-0.034015,-1.21577,-1.81978e-06,0.00193356,0.113987
53.401,0.99992,-0.0125295,0.00129384,-0.000896793,-0.000930031,0.0010264,0.00144638,0.0857017,-0.0346137,-1.21569,0.00164314,0.00597708,0.0195564,53.421,1,0.00872068,-0.0610092,0.0491429,0.99992,-0.0125341,0.00129907,-0.00088962,0.169613,-0.503217,0.275967,0.0857182,-0.0345539,-1.2155,0.00163203,0.00587047,0.113369
53.421,0.999919,-0.0126188,0.00127744,-0.000900609,-0.00892101,-0.000703797,0.000380591,0.0853198,-0.0351656,-1.21552,0.00216706,0.0070075,0.0185965,53.441,1,-0.00540162,0.00607942,-0.00011946,0.999919,-0.0126634,0.00127398,-0.000898605,0.0576953,0.0383854,0.00476529,0.0853414,-0.0350955,-1.21534,0.00215609,0.00690013,0.112409
53.441,0.999918,-0.0126759,0.0013054,-0.000900522,-0.00772259,0.00355726,0.000247468,0.0851843,-0.0353477,-1.21544,0.00220212,0.00764292,0.0184794,53.461,1,0.0412052,-0.043847,-0.00107791,0.999918,-0.0127145,0.00132324,-0.00089946,0.431165,-0.360766,-0.00381327,0.0852063,-0.0352713,-1.21526,0.00219091,0.00753506,0.112292
53.461,0.999918,-0.0127169,0.00132214,-0.000892219,-0.00985311,0.00395676,0.00237799,0.0851197,-0.0354303,-1.2154,0.00217538,0.00796046,0.0183738,53.481,1,-0.00226516,-0.00489571,0.0147849,0.999917,-0.0127662,0.00134212,-0.000880516,0.0834817,-0.0512586,0.087419,0.0851415,-0.0353507,-1.21521,0.00216403,0.00785225,0.112186
53.481,0.999916,-0.0128338,0.00138049,-0.000889639,-0.00439364,0.00355726,-1.88595e-05,0.0848947,-0.0357099,-1.21521,0.00298168,0.0085002,0.0175322,53.501,1,-0.0299433,0.000759017,0.0268829,0.999916,-0.0128558,0.00139829,-0.000889931,-0.137241,-0.00793655,0.155333,0.0849245,-0.0356249,-1.21503,0.00296983,0.00839099,0.111345
53.501,0.999915,-0.0129018,0.00139338,-0.000877168,-0.00572522,-0.000836944,0.000913243,0.0847077,-0.0359453,-1.21499,0.00255623,0.0074055,0.0173361,53.521,1,0.0288926,-0.0060023,-0.0150916,0.999915,-0.0129304,0.00138928,-0.000872508,0.334489,-0.0573948,-0.0798048,0.0847332,-0.0358713,-1.21482,0.00254428,0.00729572,0.111149
53.521,0.999914,-0.0130142,0.00139254,-0.000844575,-0.0107852,9.51404e-05,0.00237796,0.0845623,-0.0361227,-1.21482,0.0012182,0.00666992,0.0167805,53.541,1,-0.0501367,-0.0244243,-0.0134434,0.999913,-0.0130681,0.00139322,-0.000832617,-0.296802,-0.205439,-0.0727256,0.0845745,-0.036056,-1.21465,0.00120626,0.00655918,0.110593
53.541,0.999914,-0.013042,0.00140149,-0.000844451,-0.00665732,0.00209252,0.000247456,0.0845108,-0.0361803,-1.21476,0.00120937,0.00639537,0.0166202,53.561,1,0.0128414,0.00148585,-0.00836771,0.999913,-0.0130753,0.001412,-0.000843303,0.20713,0.00163501,-0.0419175,0.0845229,-0.0361163,-1.21459,0.00119735,0.0062844,0.110433
53.561,0.999914,-0.0130446,0.00144114,-0.000820006,0.00425979,0.0019606,0.00237748,0.084252,-0.0365315,-1.21463,0.00155707,0.00404872,0.0159946,53.581,1,-0.0387225,-0.0220972,0.0684149,0.999914,-0.0130233,0.00145107,-0.000808278,-0.206389,-0.195646,0.385741,0.0842676,-0.036491,-1.21447,0.00154472,0.00393772,0.109807
53.581,0.999914,-0.0129921,0.00140288,-0.000824615,0.00212928,-0.00389835,-0.00268252,0.0840063,-0.0369781,-1.21451,0.000887369,0.000465104,0.0156959,53.601,1,-0.00985563,-0.00115415,0.0331244,0.999914,-0.0129815,0.00138321,-0.000837788,0.0246725,-0.0239566,0.189934,0.0840152,-0.0369734,-1.21436,0.00087534,0.000354552,0.109509
53.601,0.999915,-0.0129745,0.0013606,-0.000837095,0.0038603,-0.00483047,0.000779605,0.0838757,-0.0372164,-1.21444,-1.90553e-05,-0.000410974,0.0160823,53.621,1,-0.0236184,0.0056607,0.0437773,0.999915,-0.0129552,0.00133649,-0.00083291,-0.0857799,0.0297084,0.250045,0.0838755,-0.0372205,-1.21428,-3.07263e-05,-0.000521376,0.109895
53.621,0.999915,-0.0129412,0.00135985,-0.000845238,0.00452611,0.0012948,-0.00254936,0.0837365,-0.0374523,-1.21435,-0.000668962,-0.000550156,0.0162697,53.641,1,-0.014797,0.00369695,0.0135508,0.999915,-0.0129185,0.00136613,-0.000858098,-0.015031,0.0171936,0.0807659,0.0837298,-0.0374578,-1.21418,-0.000680627,-0.000660275,0.110082
53.641,0.999917,-0.0127541,0.00136118,-0.000853637,0.0113172,-0.00230047,0.000513282,0.0834356,-0.0380207,-1.21407,0.000712926,-0.00215482,0.0165183,53.661,1,-0.00317459,-0.00450853,-0.0401574,0.999918,-0.0126976,0.00134966,-0.000851001,0.0770228,-0.04287,-0.220433,0.0834427,-0.0380422,-1.2139,0.00070125,-0.00226335,0.110331
53.661,0.99992,-0.0125515,0.00128368,-0.000853716,0.0079863,0.00102928,0.000645906,0.0830458,-0.0389281,-1.21393,-0.000118769,-0.00254991,0.0153011,53.681,1,-0.00147292,0.0281329,-0.0112963,0.999921,-0.0125115,0.00128883,-0.000850602,0.0885068,0.215905,-0.0565087,0.0830446,-0.0389536,-1.21377,-0.000129784,-0.00265671,0.109114
53.681,0.99992,-0.0125229,0.00128362,-0.000853593,0.00745368,-0.000169105,0.000246393,0.0829822,-0.039065,-1.2139,-0.000427991,-0.00216997,0.015121,53.701,1,-0.027332,0.0252543,0.027631,0.999921,-0.0124856,0.00128275,-0.000852398,-0.119019,0.188806,0.161071,0.082978,-0.0390867,-1.21375,-0.000439005,-0.00227653,0.108934
53.701,0.999921,-0.0124602,0.00129998,-0.000850289,0.00745367,0.00289352,0.000912181,0.0828621,-0.0393231,-1.21384,0.000319651,-0.00166262,0.0147698,53.721,1,0.00215154,0.00549746,0.0253308,0.999922,-0.0124229,0.00131447,-0.000845957,0.116558,0.0310695,0.147,0.0828653,-0.0393398,-1.2137,0.000308498,-0.00176864,0.108582
53.721,0.999923,-0.0123462,0.00129878,-0.000855751,0.00652156,-0.00336492,-0.00108518,0.0826729,-0.039816,-1.21375,0.00202454,-0.000646772,0.0142954,53.741,1,0.0377556,0.00796338,0.0352574,0.999923,-0.0123137,0.00128186,-0.000861012,0.400236,0.0501022,0.203037,0.0826931,-0.0398224,-1.21361,0.0020134,-0.000751829,0.108108
53.741,0.999924,-0.0122545,0.0012407,-0.000833216,0.00359038,-0.00176643,0.00304218,0.0824487,-0.0404486,-1.2137,0.00162631,0.00109768,0.014412,53.761,1,0.0457053,-0.0196944,0.0022537,0.999924,-0.0122366,0.00123204,-0.000817921,0.463638,-0.167373,0.016246,0.082465,-0.0404376,-1.21355,0.00161567,0.000993403,0.108224
53.761,0.999924,-0.0122336,0.00127156,-0.000819072,0.00239197,0.00675568,0.00157745,0.0823654,-0.0406533,-1.21366,0.00151689,0.00252111,0.0140124,53.781,1,0.00604328,0.0216766,-0.0303681,0.999924,-0.0122216,0.00130542,-0.000811614,0.146308,0.166246,-0.163937,0.0823806,-0.0406281,-1.21352,0.00150599,0.00241701,0.107825
53.781,0.999924,-0.0122274,0.00128955,-0.000818659,0.00185933,0.00435884,0.000379009,0.0823277,-0.0407434,-1.21364,0.00208178,0.00320531,0.0140757,53.801,1,-0.0137774,0.0094831,-0.0447138,0.999924,-0.012218,0.00131136,-0.000817043,-0.0121043,0.069838,-0.245249,0.0823485,-0.0407113,-1.2135,0.00207072,0.00310127,0.107888
53.801,0.999924,-0.0122644,0.00130761,-0.000804014,-0.00413416,-0.00323041,-0.000686779,0.0821636,-0.0411993,-1.21357,0.00377554,0.00567611,0.0136889,53.821,1,0.0263822,0.0127278,0.000279507,0.999923,-0.012285,0.00129143,-0.000807222,0.30903,0.0915001,0.007133,0.0822014,-0.0411425,-1.21343,0.00376433,0.00557175,0.107501
53.821,0.999922,-0.0123755,0.00130826,-0.000813677,-0.00479994,0.00529173,0.00210953,0.0819868,-0.0415709,-1.21342,0.00316835,0.00754737,0.0138539,53.841,1,-0.00318318,-0.00984397,0.0879087,0.999922,-0.0123995,0.00133487,-0.000803426,0.0722961,-0.0978947,0.496083,0.0820185,-0.0414954,-1.21328,0.00315714,0.00744206,0.107666
53.841,0.999922,-0.0124012,0.00132947,-0.000813875,-0.00613155,0.00515853,0.000245318,0.0819641,-0.041616,-1.21339,0.00356919,0.00793713,0.0137186,53.861,1,-0.0192911,-0.0179347,-0.0553565,0.999921,-0.0124318,0.0013553,-0.000812927,-0.0545879,-0.148716,-0.306812,0.0819998,-0.0415366,-1.21325,0.00355779,0.00783161,0.107531
53.861,0.999921,-0.012487,0.0014,-0.000826976,-0.00799723,0.00436043,-0.00215206,0.0818899,-0.0417797,-1.21329,0.00486381,0.00880392,0.0140812,53.881,1,-0.0058407,0.00499893,-0.0501385,0.99992,-0.0125269,0.0014217,-0.000837952,0.0535737,0.0337727,-0.275824,0.0819386,-0.0416917,-1.21315,0.00485181,0.00869767,0.107894
53.881,0.999919,-0.012626,0.00136519,-0.000854308,-0.00666564,0.000498885,0.000511054,0.0817799,-0.0420679,-1.21308,0.00409082,0.00782161,0.0145761,53.901,1,-0.012498,-0.0316939,0.0144636,0.999919,-0.0126593,0.00136774,-0.000851739,0.00102146,-0.265991,0.083434,0.0818208,-0.0419897,-1.21294,0.00407911,0.00771417,0.108389
53.901,0.999918,-0.0127125,0.00140988,-0.000855258,-0.00453634,0.00302951,-0.000687891,0.0816477,-0.042365,-1.2129,0.00399976,0.0064448,0.0147043,53.921,1,-0.0114794,-0.0181477,-0.0320891,0.999918,-0.0127352,0.00142501,-0.000858858,0.0102827,-0.153255,-0.176281,0.0816877,-0.0423005,-1.21275,0.00398767,0.00633662,0.108517
53.921,0.999918,-0.0127395,0.00142538,-0.000858402,-0.00640055,0.0036953,-0.000421569,0.0816215,-0.0424395,-1.21284,0.00436041,0.00599931,0.0147678,53.941,1,-0.00800307,0.00597855,-0.00354228,0.999917,-0.0127715,0.00144385,-0.000860699,0.0378905,0.0367281,-0.0146657,0.0816651,-0.0423795,-1.2127,0.00434819,0.00589091,0.10858
53.941,0.999917,-0.0127778,0.00142443,-0.000858601,-0.00200633,-0.00309577,-0.000554722,0.0815646,-0.0426657,-1.21268,0.00516278,0.00457542,0.0146723,53.961,1,-0.000546464,-0.0202661,-0.00710997,0.999917,-0.0127878,0.00140893,-0.000861162,0.0980473,-0.172785,-0.03646,0.0816163,-0.0426199,-1.21253,0.00515056,0.00446669,0.108485
53.961,0.999917,-0.0127968,0.00142282,-0.000890259,-0.00293845,0.00196425,0.00117632,0.0815164,-0.0430669,-1.21236,0.00506841,0.00208393,0.0144416,53.981,1,0.000743388,0.0104295,0.000854284,0.999916,-0.0128115,0.00143273,-0.000884483,0.108232,0.0719653,0.0105221,0.081567,-0.043046,-1.21222,0.00505621,0.00197505,0.108254
53.981,0.999917,-0.0127964,0.00145728,-0.000890315,0.00172209,0.00329583,0.000244209,0.0815055,-0.0432402,-1.21223,0.00522533,0.000819092,0.0144686,54.001,1,0.00967791,-0.00267065,-0.00174752,0.999917,-0.0127878,0.00147376,-0.000889317,0.179822,-0.0327732,-0.00491217,0.0815578,-0.043232,-1.21208,0.00521283,0.000710206,0.108281
54.001,0.999917,-0.0127773,0.00147462,-0.000898581,0.00505104,0.00422793,-0.00175316,0.0815035,-0.0433299,-1.21216,0.00539501,0.000359882,0.0143833,54.021,1,0.00491915,-0.0221034,-0.0310378,0.999917,-0.012752,0.00149562,-0.000907654,0.142018,-0.185392,-0.17031,0.0815575,-0.0433263,-1.21201,0.00538236,0.00025116,0.108196
54.021,0.999917,-0.0127586,0.0014931,-0.000899906,0.00491788,0.00449425,-2.2097e-05,0.0815057,-0.0434213,-1.21209,0.00590723,-0.000214715,0.0142866,54.041,1,-0.0239361,0.000820311,-0.0265238,0.999917,-0.012734,0.00151555,-0.00090034,-0.0891587,-0.00284033,-0.143626,0.0815648,-0.0434234,-1.21194,0.00589442,-0.000323278,0.108099
54.041,0.999921,-0.0124797,0.0015488,-0.000921236,0.0110419,0.00382889,0.00170845,0.081558,-0.0441814,-1.21159,0.00539513,-0.00404854,0.0135774,54.061,1,-0.00206703,0.0110334,-0.0191029,0.999921,-0.0124245,0.001568,-0.000913019,0.0834338,0.0777644,-0.101057,0.081612,-0.0442218,-1.21146,0.00538185,-0.00415473,0.10739
54.061,0.999921,-0.0123975,0.00161473,-0.000922315,0.00837878,0.00808994,-0.00108794,0.0815694,-0.0445537,-1.21139,0.00584953,-0.00295233,0.0139284,54.081,1,-0.0400079,-0.0582387,0.00755141,0.999922,-0.0123556,0.00165507,-0.000928324,-0.220776,-0.479802,0.0430314,0.0816279,-0.0445832,-1.21125,0.00583569,-0.00305782,0.107741
54.081,0.999923,-0.0122944,0.00165991,-0.000928295,0.0147704,0.0051605,-0.000555325,0.081591,-0.0447713,-1.21124,0.00628487,-0.00194851,0.0135956,54.101,1,-0.00715318,-0.0110188,0.0426634,0.999923,-0.0122206,0.00168561,-0.000931511,0.0405517,-0.105659,0.243265,0.0816538,-0.0447908,-1.2111,0.00627064,-0.00205313,0.107408
54.101,0.999924,-0.012203,0.00167878,-0.000946593,0.0117077,0.00116571,-0.0021532,0.0816197,-0.044971,-1.21109,0.00621757,-0.00172823,0.0140593,54.121,1,0.00466012,-0.00431816,-0.0270187,0.999924,-0.0121445,0.00168442,-0.000957528,0.13526,-0.0452947,-0.146246,0.0816819,-0.0449882,-1.21095,0.00620318,-0.00183206,0.107872
54.121,0.999925,-0.0120813,0.00167234,-0.000953438,0.00385141,-0.00109797,-2.26596e-05,0.0816628,-0.0454595,-1.21058,0.00371917,0.00163909,0.0142658,54.141,1,-0.0380184,-0.0222923,-0.00656148,0.999925,-0.012062,0.00166683,-0.000953517,-0.207312,-0.191347,-0.0332718,0.0817,-0.0454431,-1.21044,0.00370484,0.00153629,0.108078
54.141,0.999926,-0.0120234,0.0016716,-0.000966007,0.0047827,0.00209802,-0.00162111,0.0816503,-0.0456563,-1.2104,0.00331873,0.0041815,0.0135648,54.161,1,-0.0103056,-0.0302254,-0.000975963,0.999926,-0.0119995,0.00168197,-0.000974278,0.0139463,-0.255137,-0.00218969,0.0816835,-0.0456144,-1.21027,0.0033044,0.00407919,0.107377
54.161,0.999926,-0.0120143,0.0016729,-0.00096633,0.00251835,0.000234062,0.000242558,0.0816422,-0.0457138,-1.21035,0.00313998,0.00466749,0.0136092,54.181,1,0.0410696,0.0049278,0.040357,0.999926,-0.0120017,0.00167407,-0.000965152,0.423908,0.0224973,0.232101,0.0816736,-0.0456672,-1.21022,0.00312564,0.00456526,0.107422
54.181,0.999926,-0.0120382,0.00163351,-0.000991791,-0.00320745,-0.00589121,-0.00215428,0.0816097,-0.0458682,-1.21016,0.00281442,0.00787838,0.0127198,54.201,1,-0.0341517,-0.0241936,-0.0200227,0.999926,-0.0120543,0.00160394,-0.00100218,-0.176538,-0.204931,-0.108514,0.0816378,-0.0457894,-1.21003,0.00280042,0.00777595,0.106532
54.201,0.999924,-0.0121715,0.00153582,-0.000985588,-0.00507164,-0.00589121,-0.00295325,0.0815794,-0.0458476,-1.20995,0.00231572,0.0126738,0.0120549,54.221,1,-0.00671229,0.0090121,-0.0211879,0.999924,-0.0121969,0.00150621,-0.000999955,0.0438386,0.0618184,-0.112569,0.0816025,-0.0457209,-1.20983,0.00230255,0.0125702,0.105867
54.2211,0.999922,-0.0123448,0.00153542,-0.000975966,-0.0139937,0.000900136,0.000508403,0.0815339,-0.0456617,-1.20959,0.00325146,0.0158777,0.0117993,54.2411,1,-0.0143894,-0.00797562,-0.0238,0.999921,-0.0124147,0.00154002,-0.000973372,-0.0160343,-0.0738401,-0.128481,0.0815665,-0.045503,-1.20947,0.00323829,0.0157726,0.105612
54.2411,0.999921,-0.0124079,0.00153238,-0.000982481,-0.0155916,-0.000830863,-0.00135579,0.0815336,-0.045604,-1.20951,0.00346327,0.0165126,0.0116651,54.2611,1,-0.0634508,0.00874371,0.0171844,0.99992,-0.0124858,0.00152821,-0.000989088,-0.408801,0.0555076,0.101778,0.0815682,-0.0454389,-1.2094,0.00345013,0.016407,0.105478
54.2611,0.999921,-0.0124795,0.0015204,-0.000978732,-0.0177221,-0.00309452,0.0011742,0.081536,-0.0455399,-1.20944,0.00361985,0.0170338,0.0115725,54.2811,1,-0.0327437,-0.00644387,-0.000783711,0.999919,-0.0125681,0.00150509,-0.000972533,-0.162089,-0.0638815,0.000360295,0.0815722,-0.0453695,-1.20932,0.00360681,0.0169277,0.105385
54.2811,0.999917,-0.0127449,0.00144287,-0.000983437,-0.0154585,-0.00469245,-0.00148896,0.0815502,-0.0452224,-1.20915,0.00302484,0.0187346,0.0103601,54.3011,1,-0.0195544,-0.00589924,0.00827809,0.999916,-0.0128222,0.00141939,-0.000990471,-0.054537,-0.0597281,0.0512803,0.0815805,-0.0450351,-1.20904,0.00301246,0.0186261,0.104173
54.3011,0.999914,-0.0129887,0.0014277,-0.000978911,-0.01173,0.00223178,0.00117417,0.0815741,-0.0447906,-1.2088,0.0041084,0.0163343,0.0100857,54.3211,1,-0.0181858,0.0108729,-0.0373092,0.999913,-0.0130473,0.001439,-0.000973101,-0.0413191,0.0792988,-0.202791,0.0816152,-0.0446273,-1.2087,0.00409614,0.0162238,0.103898
54.3211,0.999913,-0.0130419,0.00144279,-0.000975796,-0.0131948,0.00369646,0.00104105,0.0815912,-0.0447148,-1.20873,0.00467462,0.015744,0.00991774,54.3411,1,-0.0277809,0.0357006,-0.0538285,0.999913,-0.0131079,0.0014614,-0.000970737,-0.117808,0.279466,-0.293579,0.081638,-0.0445573,-1.20863,0.00466224,0.015633,0.10373
54.3411,0.999911,-0.0132091,0.00142809,-0.000986262,-0.01426,-0.000697685,-2.4254e-05,0.0816677,-0.0445142,-1.2085,0.00576896,0.0144225,0.0098187,54.3611,1,0.0209838,-3.12734e-05,-0.0763122,0.99991,-0.0132804,0.00142467,-0.000986236,0.274069,-0.00340937,-0.421639,0.0817254,-0.0443699,-1.2084,0.00575669,0.0143101,0.103631
54.3611,0.99991,-0.013333,0.00139927,-0.000987202,-0.00334186,0.000767243,0.00157317,0.0817765,-0.0443272,-1.20817,0.00565117,0.0120071,0.0100031,54.3811,1,0.0189549,0.0188754,0.0270983,0.999909,-0.0133497,0.00140323,-0.000979365,0.25776,0.137063,0.158819,0.081833,-0.0442071,-1.20807,0.00563915,0.0118937,0.103816
54.3811,0.99991,-0.0133351,0.00148694,-0.000985513,0.00225078,0.0043625,0.00037474,0.0819701,-0.0442365,-1.20774,0.00822956,0.00523581,0.0100953,54.4011,1,-0.0537156,-0.0153046,-0.0765112,0.99991,-0.0133239,0.00150877,-0.000983947,-0.322454,-0.126529,-0.42452,0.0820524,-0.0441841,-1.20764,0.0082168,0.00512234,0.103908
54.4011,0.99991,-0.0133313,0.0014982,-0.000982341,0.00105234,0.00276461,0.00104053,0.0820257,-0.0442465,-1.20765,0.00898141,0.00405842,0.0102764,54.4211,1,-0.0102789,0.0140497,0.014541,0.99991,-0.0133261,0.00151209,-0.000977331,0.0241152,0.0987731,0.0878844,0.0821155,-0.0442059,-1.20755,0.00896855,0.00394498,0.104089
54.4211,0.99991,-0.0133265,0.00150656,-0.000996682,0.00131866,0.00209882,-0.00335369,0.0820879,-0.0442633,-1.20756,0.00962225,0.00309838,0.0104426,54.4411,1,0.00319875,-0.0389477,-0.0362992,0.99991,-0.0133199,0.00151682,-0.0010136,0.132796,-0.319693,-0.200563,0.0821841,-0.0442323,-1.20746,0.00960932,0.00298498,0.104255
54.4411,0.999912,-0.0131678,0.0015636,-0.000980812,0.0167647,0.00516119,0.00423583,0.082445,-0.0444365,-1.20712,0.0097374,-0.000771863,0.0097338,54.4611,1,-0.00176841,-0.022183,0.0152629,0.999913,-0.013084,0.0015896,-0.000960105,0.0911414,-0.191574,0.0893041,0.0825424,-0.0444442,-1.20702,0.00972398,-0.000883906,0.103546
54.4611,0.999916,-0.0128211,0.00174195,-0.000972819,0.016232,0.00955544,0.000374195,0.0828177,-0.0447696,-1.2067,0.00992107,-0.00521118,0.00914726,54.4811,1,0.0319769,0.0172832,-0.0186769,0.999917,-0.0127398,0.00178967,-0.000971702,0.358402,0.126495,-0.097586,0.0829169,-0.0448218,-1.20661,0.00990614,-0.00532027,0.10296
54.4811,0.999917,-0.0127538,0.0017689,-0.000977419,0.0168978,0.00675907,-0.000824253,0.0828963,-0.0448486,-1.20662,0.0101341,-0.00522461,0.00911895,54.5011,1,-0.0315393,0.0199818,0.0202964,0.999918,-0.0126693,0.00180256,-0.00098212,-0.150799,0.143385,0.120234,0.0829977,-0.0449009,-1.20652,0.010119,-0.00533313,0.102932
54.5011,0.999918,-0.0126347,0.00180794,-0.000981524,0.0150336,0.00462857,-0.000291615,0.0830557,-0.0449981,-1.20645,0.0100538,-0.00462285,0.00895343,54.5211,1,-0.00604345,-0.00751333,-0.0694524,0.999919,-0.0125595,0.00183099,-0.000983411,0.0535487,-0.067557,-0.384012,0.0831562,-0.0450443,-1.20636,0.0100383,-0.00473036,0.102766
54.5211,0.999923,-0.0122666,0.00186869,-0.000996918,0.0145009,0.000366925,-0.000691603,0.0835078,-0.0453223,-1.20598,0.00688958,-0.00128491,0.00849999,54.5411,1,0.00310581,-0.012026,-0.00553056,0.999923,-0.0121941,0.00187041,-0.00100053,0.123146,-0.110581,-0.0261801,0.0835767,-0.0453352,-1.20589,0.00687358,-0.00138929,0.102312
54.5411,0.999925,-0.0120624,0.00192234,-0.00100615,0.00517985,0.000766408,-0.000691601,0.0838284,-0.045434,-1.20562,0.00624985,0.00247083,0.00762281,54.5611,1,-0.0323602,0.0137032,0.00728434,0.999925,-0.0120365,0.0019261,-0.0010097,-0.162648,0.0932851,0.0469973,0.0838909,-0.0454093,-1.20554,0.00623339,0.0023682,0.101435
54.5611,0.999925,-0.012053,0.00192782,-0.00101196,0.00238353,0.0014322,-0.00122421,0.0838917,-0.0454318,-1.20555,0.00625029,0.00360119,0.00761207,54.5811,1,0.0271561,-0.0264878,-0.0169614,0.999925,-0.0120411,0.0019349,-0.00101819,0.31405,-0.22544,-0.0908092,0.0839542,-0.0453958,-1.20547,0.00623378,0.00349863,0.101425
54.5811,0.999925,-0.0120341,0.00190511,-0.00100852,-0.000146469,-0.00123097,0.000639991,0.0840696,-0.0453565,-1.20535,0.00524464,0.00782357,0.00692799,54.6011,1,-0.029293,-0.0281375,0.00956795,0.999925,-0.0120348,0.00189899,-0.00100524,-0.138057,-0.241468,0.0570106,0.084122,-0.0452783,-1.20528,0.00522832,0.00772117,0.10074
54.6011,0.999925,-0.0120199,0.00190771,-0.00101708,-0.000679395,0.0012988,-0.000559034,0.0842346,-0.0451882,-1.20523,0.00390871,0.0119536,0.00649098,54.6211,1,0.00540195,-0.00460061,0.0258461,0.999925,-0.0120233,0.00191417,-0.00101995,0.13898,-0.0544997,0.150169,0.0842737,-0.0450686,-1.20517,0.00389237,0.0118513,0.100303
54.6211,0.999923,-0.0122023,0.0018677,-0.00102068,-0.012131,-0.00629118,0.00143831,0.0844616,-0.0447152,-1.20505,0.0026485,0.0168656,0.0056697,54.6411,1,-0.0244415,0.0247692,0.00991712,0.999923,-0.0122629,0.0018364,-0.00101299,-0.0983133,0.182039,0.0626806,0.0844881,-0.0445465,-1.20499,0.0026325,0.0167618,0.0994822
54.6411,0.999923,-0.012268,0.00185522,-0.00101558,-0.016392,-0.00309544,0.00143833,0.0845,-0.0445923,-1.20501,0.00237998,0.0180002,0.0055975,54.6611,1,-0.00606421,0.00126753,0.0161066,0.999922,-0.01235,0.00183992,-0.00100805,0.0493702,-0.00633017,0.0959007,0.0845238,-0.0444123,-1.20496,0.00236409,0.0178958,0.09941
54.6611,0.999922,-0.0123343,0.00182077,-0.00102138,-0.0165252,-0.00855492,-0.00135792,0.0845353,-0.0444607,-1.20498,0.00187182,0.0189379,0.00570359,54.6811,1,-0.0230614,0.0137701,-0.0732217,0.999921,-0.012417,0.001778,-0.00102749,-0.0851489,0.102667,-0.403591,0.084554,-0.0442713,-1.20492,0.00185622,0.018833,0.0995161
54.6811,0.999919,-0.0126014,0.00171657,-0.00102119,-0.0138626,-0.00655793,0.000372523,0.0846848,-0.0439227,-1.20496,0.00102329,0.0205507,0.00485127,54.7011,1,-0.0096451,-0.013087,0.027927,0.999918,-0.0126707,0.00168388,-0.00101879,0.0233272,-0.121307,0.161078,0.0846951,-0.0437171,-1.20491,0.00100857,0.0204435,0.0986638
54.7011,0.999914,-0.0130023,0.00158214,-0.00105614,-0.0158601,-0.00429457,-0.000693235,0.0850262,-0.0429866,-1.20503,0.00332855,0.0180732,0.00484551,54.7211,1,0.00169107,-0.00242229,0.0290757,0.999913,-0.0130816,0.00156071,-0.00105921,0.117154,-0.0350385,0.16856,0.0850594,-0.0428059,-1.20498,0.00331497,0.0179626,0.0986582
54.7211,0.999913,-0.0130553,0.00157632,-0.00106056,-0.0131969,-0.00136515,-0.000826436,0.0850861,-0.0428625,-1.20503,0.00373472,0.0177284,0.00494955,54.7411,1,-0.0342542,0.0268401,0.024986,0.999912,-0.0131213,0.00156951,-0.0010645,-0.170242,0.199207,0.147501,0.0851235,-0.0426852,-1.20498,0.00372118,0.0176173,0.0987622
54.7411,0.999912,-0.0131535,0.00155251,-0.0010649,-0.0105338,-0.00256356,-0.00069328,0.0852139,-0.0426223,-1.20504,0.00446747,0.0166943,0.00475322,54.7611,1,0.020503,0.0221107,0.0322162,0.999911,-0.0132062,0.0015397,-0.00106811,0.268546,0.161247,0.18816,0.0852586,-0.0424553,-1.20499,0.00445414,0.0165824,0.0985659
54.7611,0.99991,-0.0133052,0.0015414,-0.00109951,-0.0054738,-0.00149826,-0.00269062,0.0855624,-0.0421041,-1.20504,0.00534541,0.0121936,0.0046617,54.7811,1,-0.00682612,-0.0213857,0.0260192,0.999909,-0.0133326,0.00153376,-0.00111282,0.0516422,-0.186224,0.150195,0.0856158,-0.0419822,-1.20499,0.00533217,0.0120804,0.0984744
54.7811,0.999909,-0.0133409,0.00159509,-0.00110256,0.00025201,0.00529278,-0.000826419,0.0858691,-0.041837,-1.2049,0.00679681,0.00781016,0.0280154,54.8011,1,0.0118403,0.0141004,0.011942,0.999909,-0.0133396,0.00162149,-0.00110705,0.201138,0.0988654,0.0742011,0.0859371,-0.0417589,-1.20462,0.00678311,0.00769665,0.121828
54.8011,0.999909,-0.0133429,0.00163076,-0.00108328,-0.00161222,0.00409435,0.00183675,0.0860436,-0.0417342,-1.20405,0.00799727,0.00757182,0.0889677,54.8211,1,-0.0136657,-0.0175468,0.037711,0.999909,-0.013351,0.00165136,-0.00107436,-0.00301432,-0.157539,0.215787,0.0861235,-0.0416584,-1.20316,0.00798327,0.00745828,0.18278
54.8211,0.999909,-0.013348,0.00163565,-0.00108701,-0.00121273,0.00129804,-0.000693246,0.0861371,-0.0416805,-1.20322,0.00848994,0.0079713,0.127199,54.8411,1,-0.0050232,0.0130346,-0.0138014,0.999909,-0.0133541,0.0016421,-0.00109055,0.0666486,0.0926151,-0.0702662,0.086222,-0.0416008,-1.20194,0.0084759,0.00785773,0.221012
54.8411,0.999909,-0.0133398,0.00169516,-0.00105987,0.00185018,0.00449324,0.00316782,0.0866837,-0.0412859,-1.19403,0.00973965,0.0130471,0.345443,54.8611,1,-0.0215365,0.00177341,0.0123987,0.999909,-0.0133305,0.00171782,-0.00104435,-0.0657744,-0.000876826,0.0752878,0.0867811,-0.0411555,-1.19058,0.0097251,0.0129336,0.439256
54.8611,0.999909,-0.0133424,0.00179453,-0.00106424,-0.00494087,0.0062243,0.00183624,0.0872961,-0.0406182,-1.17611,0.0118001,0.0203752,0.557021,54.8811,1,-0.0279138,0.0101726,0.00801024,0.999908,-0.0133671,0.0018258,-0.00105543,-0.116803,0.065931,0.0512897,0.0874141,-0.0404144,-1.17054,0.0117847,0.0202617,0.650834
54.8811,0.999908,-0.0133649,0.00182189,-0.00105912,-0.00560667,0.00689007,0.00156993,0.0874287,-0.0404455,-1.17154,0.0124454,0.0222141,0.595211,54.9011,1,-0.00884981,-0.0166533,-0.00327222,0.999908,-0.0133929,0.00185647,-0.00105168,0.0362962,-0.147512,-0.0137294,0.0875531,-0.0402233,-1.16558,0.0124298,0.0221004,0.689024
54.9011,0.999906,-0.0135546,0.00194757,-0.00103144,-0.0131967,0.00808848,0.00103727,0.0880011,-0.0395712,-1.15036,0.0143906,0.0313167,0.733223,54.9211,1,0.00459067,0.0515914,-0.0141661,0.999905,-0.0136206,0.00198815,-0.00102668,0.144797,0.398708,-0.069589,0.088145,-0.0392581,-1.14303,0.0143739,0.0312013,0.827036
54.9211,0.999901,-0.0139005,0.00210863,-0.00107464,-0.0287752,0.00795452,-0.00335746,0.0888799,-0.0379672,-1.11798,0.0158253,0.0420581,0.871926,54.9411,1,-0.0265587,0.00836898,-0.00601234,0.999898,-0.0140444,0.00214832,-0.00109168,-0.10126,0.0505233,-0.0273124,0.0890381,-0.0375466,-1.10927,0.0158072,0.0419398,0.965739
54.9411,0.999899,-0.0140226,0.00215529,-0.0010827,-0.0306389,0.0118154,-0.00162688,0.0890709,-0.0375875,-1.11086,0.0160152,0.0443082,0.895742,54.9611,1,-0.0458574,-0.0468141,0.0513909,0.999897,-0.0141758,0.00221441,-0.00109134,-0.255511,-0.39782,0.289572,0.0892311,-0.0371444,-1.10191,0.0159967,0.0441889,0.989555
54.9611,0.999897,-0.0141448,0.00220045,-0.0010838,-0.0306389,0.0114158,0.000104186,0.0892611,-0.0371899,-1.10356,0.0158763,0.0466205,0.917984,54.9811,1,-0.0118504,-0.0394083,0.00417025,0.999895,-0.0142979,0.0022577,-0.00108375,0.0185356,-0.333397,0.0261475,0.0894199,-0.0367237,-1.09438,0.0158574,0.0465001,1.0118
54.9811,0.999886,-0.0148601,0.00241817,-0.00107577,-0.0371637,0.01075,-2.90503e-05,0.0902111,-0.0349678,-1.06467,0.0165489,0.0548008,1.00953,55.0011,1,-0.0402521,0.0078029,-0.00523153,0.999883,-0.0150459,0.00247211,-0.00107626,-0.203167,0.0433628,-0.0231698,0.0903766,-0.0344197,-1.05457,0.0165282,0.0546744,1.10334
55.0011,0.999868,-0.0160062,0.00266772,-0.00110261,-0.041691,0.00795377,-0.00149374,0.0914912,-0.0315876,-1.00534,0.0151334,0.0567001,1.09018,55.0211,1,0.0125448,-0.0378697,0.0278775,0.999864,-0.0162146,0.00270759,-0.00111015,0.227982,-0.327693,0.159054,0.0916425,-0.0310206,-0.994442,0.0151106,0.056564,1.184
55.0211,0.999865,-0.0161842,0.00271837,-0.0011039,-0.0446205,0.0127475,-2.8998e-05,0.0916619,-0.0311038,-0.996549,0.0149562,0.0564415,1.09803,55.0411,1,0.0104925,0.0261951,-0.0216005,0.999861,-0.0164072,0.00278234,-0.00110447,0.213559,0.190689,-0.112235,0.0918114,-0.0305394,-0.985569,0.0149329,0.0563038,1.19184
55.0411,0.999862,-0.0163435,0.00276426,-0.00110249,-0.03996,0.011549,0.000636749,0.0918311,-0.0306241,-0.987694,0.0148768,0.0556815,1.1052,55.0611,1,-0.0384488,0.00148602,0.065476,0.999859,-0.0165432,0.00282226,-0.0010997,-0.178639,-0.0190636,0.372312,0.0919799,-0.0300673,-0.976642,0.0148532,0.0555424,1.19902
55.0611,0.999852,-0.01695,0.00290748,-0.00112757,-0.0270438,0.00502292,-0.00202686,0.0927391,-0.0283884,-0.942792,0.0128434,0.047705,1.12821,55.0811,1,-0.0126431,0.0149321,-0.00355301,0.999849,-0.0170852,0.00293257,-0.00113774,0.0343916,0.0965512,-0.0123693,0.0928676,-0.0279114,-0.93151,0.0128185,0.0475608,1.22202
55.0811,0.999846,-0.0172853,0.00296756,-0.00115358,-0.0113312,0.00382448,-0.000828412,0.0935069,-0.0265744,-0.897379,0.0087835,0.035643,1.13232,55.1011,1,-0.0153757,0.0468465,-0.0110972,0.999844,-0.0173419,0.00298667,-0.00115788,0.0149499,0.352397,-0.0514036,0.0935947,-0.026218,-0.886056,0.00875808,0.035496,1.22614
55.1011,0.999845,-0.0173133,0.00297102,-0.00115451,-0.00707011,0.00102822,-2.94903e-05,0.09364,-0.0262726,-0.888293,0.00826561,0.0332207,1.13141,55.1211,1,-0.0318984,0.0193987,0.0286334,0.999844,-0.0173486,0.0029762,-0.00115464,-0.117654,0.127163,0.168131,0.0937227,-0.0259404,-0.876979,0.00824015,0.0330734,1.22523
55.1211,0.999845,-0.0173195,0.00297123,-0.00115862,-0.00161062,0.000229246,-0.000828435,0.0937669,-0.025991,-0.879217,0.00753297,0.0305976,1.13014,55.1411,1,0.00322052,-0.0398671,-0.0136569,0.999845,-0.0173275,0.00297231,-0.00116276,0.164886,-0.340714,-0.0737976,0.0938423,-0.025685,-0.867916,0.00750752,0.0304502,1.22395
55.1411,0.999849,-0.0171261,0.00287116,-0.00115632,0.016631,-0.00722873,0.000635743,0.0943981,-0.0250251,-0.834536,0.00398406,0.0151749,1.11658,55.1611,1,-0.000551012,-0.0146255,-0.0280837,0.99985,-0.017043,0.00283498,-0.00115276,0.133313,-0.136101,-0.152184,0.094438,-0.0248733,-0.82337,0.00395946,0.0150292,1.21039
55.1611,0.999858,-0.0166082,0.00273409,-0.00113843,0.0304795,-0.00789451,0.000902117,0.09488,-0.024658,-0.790659,0.00133478,0.00209808,1.09324,55.1811,1,-0.0223054,-0.00355096,0.0172334,0.99986,-0.0164558,0.00269452,-0.00113368,-0.0459512,-0.0527604,0.102194,0.0948933,-0.024637,-0.779726,0.00131135,0.00195678,1.18706
55.1811,0.999863,-0.0163114,0.00266452,-0.00116031,0.0395342,-0.00856029,-0.00389161,0.0950399,-0.0246453,-0.773383,0.00079254,-0.00225925,1.08167,55.2011,1,0.00222125,0.000512795,0.00984809,0.999866,-0.0161139,0.00262117,-0.00117959,0.148038,-0.0184777,0.0617191,0.0950479,-0.0246679,-0.762566,0.000769706,-0.00239803,1.17548
55.2011,0.999868,-0.0159897,0.00258353,-0.00116651,0.0412653,-0.0106908,-0.000296379,0.0951842,-0.0246932,-0.756294,-2.00616e-05,-0.00587568,1.06907,55.2211,1,-0.0194058,-0.00144264,-0.0269849,0.999872,-0.0157835,0.00252982,-0.00116767,-0.0268079,-0.0289256,-0.144977,0.095184,-0.024752,-0.745604,-4.22049e-05,-0.00601172,1.16288
55.2211,0.999883,-0.0150832,0.00233648,-0.00116501,0.0460576,-0.00936008,-0.000296802,0.0955398,-0.0251034,-0.715579,-0.000780711,-0.0114761,1.03249,55.2411,1,-0.0316344,-0.0214416,-0.00517949,0.999886,-0.014853,0.00228939,-0.00116633,-0.132173,-0.18986,-0.0247075,0.095532,-0.0252181,-0.705254,-0.000800743,-0.0116044,1.12631
55.2411,0.999896,-0.0142263,0.00221593,-0.00118335,0.0435275,-0.0101591,-3.06244e-05,0.095917,-0.0256312,-0.676955,0.000912647,-0.0101134,0.991355,55.2611,1,-0.0143297,0.00440233,0.0198428,0.999899,-0.0140087,0.00216488,-0.00118326,-0.00124441,0.0150991,0.117906,0.0959262,-0.0257324,-0.667041,0.000893647,-0.0102344,1.08517
55.2611,0.9999,-0.0139251,0.00213296,-0.00119065,0.0379349,-0.0101591,-0.000829498,0.096081,-0.0258057,-0.66192,0.00163804,-0.00829302,0.974085,55.2811,1,0.00649068,-0.0049987,0.00366395,0.999903,-0.0137355,0.00208188,-0.00119449,0.163302,-0.057395,0.0268712,0.0960973,-0.0258886,-0.652179,0.00161975,-0.0084115,1.0679
55.2811,0.999904,-0.0136601,0.00206043,-0.00118407,0.0318097,-0.00856109,0.000635239,0.0962431,-0.0259454,-0.647132,0.00138438,-0.00611329,0.956611,55.3011,1,0.0122325,0.0514564,0.0399177,0.999906,-0.0135011,0.00201748,-0.00118063,0.205745,0.390918,0.234211,0.0962569,-0.0260066,-0.637566,0.00136671,-0.00622952,1.05042
55.3011,0.99991,-0.0132111,0.00206803,-0.00116757,0.0136986,0.0058187,-0.000164334,0.0967182,-0.0261899,-0.61234,0.00340646,0.00153292,0.911816,55.3211,1,0.00328894,-0.0273061,0.0607983,0.999911,-0.0131426,0.00209703,-0.00116892,0.131012,-0.241332,0.344982,0.0967522,-0.0261745,-0.603222,0.00338873,0.00142052,1.00563
55.3211,0.999911,-0.0131112,0.00206974,-0.00118115,0.00104854,-0.0033692,-3.11632e-05,0.0972164,-0.0261691,-0.586164,0.00585881,0.00926875,0.874647,55.3411,1,-0.0218092,0.00154824,0.0503323,0.999911,-0.013106,0.00205288,-0.0011811,-0.0705748,-0.00963358,0.288301,0.097275,-0.0260764,-0.577418,0.00584107,0.0091572,0.96846
55.3411,0.999911,-0.0131175,0.00205933,-0.00118415,-0.00134831,-0.00243709,-0.000563785,0.0973437,-0.026124,-0.579773,0.00586018,0.0109745,0.865376,55.3611,1,-0.0126893,-0.0572124,0.0126575,0.999911,-0.0131243,0.00204711,-0.00118679,0.00357966,-0.475552,0.073146,0.0974023,-0.0260142,-0.571119,0.00584252,0.0108629,0.959189
55.3611,0.99991,-0.0131965,0.0020533,-0.00119479,-0.00787306,0.000625534,0.000368316,0.097704,-0.0259088,-0.560966,0.00483595,0.0151553,0.838072,55.3811,1,-0.022456,-0.0103267,0.0291179,0.99991,-0.0132359,0.0020565,-0.00119291,-0.0745164,-0.102309,0.16871,0.0977524,-0.0257573,-0.552585,0.00481835,0.015043,0.931885
55.3811,0.999907,-0.0134379,0.00213861,-0.00119559,-0.0177287,0.0071492,0.00263151,0.0982378,-0.0256472,-0.538035,0.00546569,0.0185454,0.800845,55.4011,1,-0.0237272,0.029865,-0.00251632,0.999905,-0.0135264,0.00217464,-0.00118272,-0.0826181,0.221845,-0.00543643,0.0982925,-0.0254617,-0.530027,0.00544736,0.018431,0.894657
55.4011,0.999903,-0.0136835,0.00222246,-0.00121069,-0.0211908,0.00714929,0.000367808,0.0986563,-0.0253772,-0.521418,0.00710755,0.0196923,0.77407,55.4211,1,0.00131636,-0.0099921,0.0340083,0.999902,-0.0137894,0.00225836,-0.0012091,0.119421,-0.101408,0.196455,0.0987273,-0.0251803,-0.513678,0.0070885,0.0195759,0.867883
55.4211,0.999902,-0.0137822,0.00224625,-0.00121186,-0.0243866,0.00608391,-3.16261e-05,0.0987995,-0.0252809,-0.515986,0.00738221,0.0197492,0.765366,55.4411,1,-0.0568842,-0.00673029,-0.0264785,0.9999,-0.0139041,0.00227681,-0.00121216,-0.34445,-0.0694032,-0.142727,0.0988733,-0.0250834,-0.508332,0.00736295,0.0196319,0.859179
55.4411,0.999897,-0.0141482,0.00229416,-0.00121253,-0.020525,0.00208927,0.00129991,0.0993497,-0.0248905,-0.494793,0.00613068,0.0183652,0.731141,55.4611,1,-0.0246951,0.0258327,0.0204014,0.999895,-0.0142508,0.00230483,-0.00120595,-0.0850757,0.185754,0.12275,0.099411,-0.0247069,-0.487481,0.00611101,0.0182448,0.824954
55.4611,0.999891,-0.014508,0.0024228,-0.00120348,-0.0130714,0.0103434,0.00129884,0.10001,-0.024707,-0.470679,0.00432691,0.0117852,0.688997,55.4811,1,-0.0168946,0.0558488,0.0458605,0.99989,-0.0145733,0.00247468,-0.00119758,-0.020824,0.421928,0.26782,0.100053,-0.0245891,-0.463789,0.00430615,0.0116618,0.78281
55.4811,0.999888,-0.0146802,0.00248793,-0.00120694,-0.00574763,-0.000309193,0.000766268,0.100543,-0.0248857,-0.453157,0.0038804,0.00362158,0.655764,55.5011,1,-0.0177421,0.0462138,0.0235596,0.999888,-0.014709,0.00248647,-0.00120302,-0.0255711,0.346858,0.14222,0.100581,-0.0248495,-0.446599,0.00385908,0.00349668,0.749577
55.5011,0.999888,-0.0146905,0.00248766,-0.00120133,-0.00215237,9.02986e-05,0.00169837,0.100667,-0.0249689,-0.448882,0.00351213,0.0010959,0.648067,55.5211,1,-0.0120923,-0.00514228,0.00235339,0.999888,-0.0147012,0.00248825,-0.00119282,0.0207881,-0.0614259,0.0193129,0.100702,-0.024958,-0.442401,0.00349081,0.000970916,0.74188
55.5211,0.99989,-0.0145677,0.00245438,-0.00121331,0.0135603,-0.00017606,0.00223103,0.101175,-0.0256488,-0.428104,0.000126166,-0.0108802,0.61116,55.5411,1,-0.0290409,0.0188156,-0.0916249,0.999891,-0.0144998,0.00245358,-0.00120231,-0.114704,0.141364,-0.505146,0.101176,-0.0257576,-0.421993,0.000105129,-0.0110042,0.704973
55.5411,0.999897,-0.0140834,0.00243207,-0.00120497,0.0288735,-0.00390447,-0.000299031,0.101561,-0.0267475,-0.40826,-0.000517459,-0.0223344,0.577361,55.5611,1,0.0253127,0.00773673,-0.00480284,0.999899,-0.0139391,0.00241235,-0.00120654,0.315126,0.0432231,-0.0191928,0.101556,-0.0269708,-0.402487,-0.0005383,-0.0224542,0.671174
55.5611,0.999899,-0.013957,0.00241367,-0.0012029,0.0319361,-0.00443707,0.000766294,0.101632,-0.0270121,-0.404399,-0.000672996,-0.0240421,0.570772,55.5811,1,0.00053352,-0.0109594,0.0290003,0.999901,-0.0137974,0.00239134,-0.00119914,0.115416,-0.110199,0.168269,0.101625,-0.0272525,-0.398692,-0.000693679,-0.0241609,0.664585
55.5811,0.999905,-0.0135296,0.00237812,-0.0012028,0.0365966,-0.00124134,-3.2552e-05,0.10182,-0.027868,-0.393025,-0.00177254,-0.0281752,0.551971,55.6011,1,-0.00919999,0.0254136,0.0100661,0.999907,-0.0133467,0.00237169,-0.00120331,0.0341632,0.183094,0.0649009,0.101803,-0.0281498,-0.387506,-0.00179291,-0.0282903,0.645784
55.6011,0.999915,-0.0127981,0.00229917,-0.00120539,0.0369957,-0.00244101,-0.00229686,0.102126,-0.0294295,-0.375318,-0.00352311,-0.0302744,0.522061,55.6211,1,0.00972054,0.0293143,0.0131588,0.999917,-0.0126132,0.0022866,-0.00121714,0.17956,0.214858,0.0826556,0.102091,-0.0297323,-0.370098,-0.00354281,-0.0303833,0.615873
55.6211,0.999924,-0.0120424,0.0022129,-0.00121282,0.0348652,-0.00417205,0.00169781,0.102392,-0.03096,-0.358734,-0.00404621,-0.0284923,0.493396,55.6411,1,-0.0637217,0.00584239,0.0224113,0.999926,-0.011868,0.00219193,-0.00120447,-0.414071,0.0262958,0.131874,0.102352,-0.031245,-0.3538,-0.00406517,-0.0285948,0.587208
55.6411,0.999926,-0.0119134,0.00218276,-0.00121103,0.0324683,-0.00736769,0.000632506,0.102438,-0.0312466,-0.355501,-0.00417682,-0.0273732,0.487943,55.6611,1,0.0122852,0.042801,-0.0259001,0.999928,-0.0117511,0.00214577,-0.00120779,0.193492,0.327532,-0.135251,0.102396,-0.0315204,-0.350622,-0.00419552,-0.0274746,0.581755
55.6611,0.999928,-0.011788,0.00215588,-0.00120659,0.0315362,-0.00656892,0.00129844,0.102481,-0.0315231,-0.352295,-0.00447139,-0.0263015,0.482566,55.6811,1,-0.0131542,0.0198184,-0.04101,0.999929,-0.0116304,0.00212292,-0.00120005,-0.0105112,0.145048,-0.22174,0.102436,-0.0317861,-0.347469,-0.00448986,-0.0264018,0.576379
55.6811,0.999932,-0.0114153,0.00206559,-0.00119644,0.0200846,-0.00630255,0.000499501,0.102655,-0.0324697,-0.33973,-0.00473873,-0.0189536,0.46153,55.7011,1,-0.0156321,0.00610799,-0.047506,0.999933,-0.0113149,0.00203399,-0.00119379,-0.0331153,0.0365456,-0.259114,0.102608,-0.0326592,-0.335114,-0.00475642,-0.0190507,0.555342
55.7011,0.999934,-0.0112436,0.00194052,-0.00121116,0.00104381,-0.00497259,-0.000566308,0.102968,-0.0331689,-0.324575,-0.00416795,-0.00649041,0.436967,55.7211,1,0.0290556,0.000835106,0.00897569,0.999934,-0.0112385,0.00191562,-0.00121372,0.322189,-0.00936242,0.0574082,0.102926,-0.0332338,-0.320206,-0.00418458,-0.00658608,0.530779
55.7211,0.999934,-0.0112499,0.00191555,-0.00121821,-0.00148621,-0.00603785,-0.00163158,0.10303,-0.0332435,-0.32162,-0.00368892,-0.0040312,0.432134,55.7411,1,-0.0717001,0.0367636,-0.0350094,0.999934,-0.0112574,0.00188528,-0.00122602,-0.483733,0.281277,-0.187697,0.102993,-0.0332838,-0.317299,-0.00370534,-0.00412691,0.525947
55.7411,0.999934,-0.0113001,0.00188307,-0.00121934,-0.00747796,-0.00271035,-3.41452e-05,0.103218,-0.0333187,-0.315717,-0.00305713,0.00062941,0.423166,55.7611,1,-0.0111377,-0.014298,0.00267771,0.999933,-0.0113375,0.00186956,-0.00121929,0.00138873,-0.129789,0.0207991,0.103187,-0.0333124,-0.311486,-0.00307327,0.000533265,0.516978
55.7611,0.99993,-0.0115856,0.00187034,-0.00119705,-0.0235901,8.59504e-05,0.000897931,0.103601,-0.0332457,-0.304204,-0.00138414,0.00898638,0.405318,55.7811,1,0.00116814,-0.00234872,0.00255503,0.999929,-0.0117035,0.00187096,-0.00119234,0.102013,-0.0339767,0.0208704,0.103588,-0.0331558,-0.300151,-0.00140018,0.0088878,0.499131
55.7811,0.999923,-0.0121701,0.00189241,-0.00120556,-0.0305143,-4.72089e-05,0.00196326,0.104105,-0.0327979,-0.290365,0.000676147,0.0170055,0.384005,55.8011,1,-0.00321301,-0.00168043,0.00162594,0.999922,-0.0123226,0.00189248,-0.00119545,0.0716496,-0.0287709,0.0157071,0.104111,-0.0326278,-0.286525,0.000659918,0.016902,0.477818
55.8011,0.99992,-0.0124273,0.0018958,-0.0012102,-0.0337101,0.00234963,-0.00123267,0.104311,-0.0325494,-0.284993,0.00107292,0.017934,0.375763,55.8211,1,-0.0220966,0.0216653,0.00706636,0.999918,-0.0125958,0.00190767,-0.00121619,-0.0777069,0.157234,0.0476154,0.104322,-0.0323701,-0.281236,0.00105666,0.0178282,0.469575
55.8211,0.999918,-0.0125711,0.00191239,-0.00121691,-0.0359738,0.00434707,-0.00149883,0.104414,-0.0324188,-0.282341,0.0011254,0.0183019,0.371991,55.8411,1,0.00883128,0.02132,-0.0204964,0.999916,-0.0127509,0.00193425,-0.00122434,0.171271,0.157402,-0.106363,0.104425,-0.0322358,-0.278621,0.00110899,0.0181949,0.465804
55.8411,0.999908,-0.0133322,0.00200345,-0.00122534,-0.0358407,0.0059426,-0.000833441,0.105124,-0.0317345,-0.267484,0.00383752,0.0207144,0.506459,55.8611,1,-0.0057924,-0.0202131,0.0161968,0.999906,-0.0135113,0.00203332,-0.00122955,0.0602235,-0.179496,0.0959792,0.105162,-0.0315273,-0.26242,0.00382034,0.0206009,0.600272
55.8611,0.999899,-0.0140127,0.00210133,-0.00123286,-0.0365065,0.00474423,-0.000567238,0.105932,-0.0308377,-0.240774,0.00615075,0.0267632,0.882527,55.8811,1,-0.0237688,0.0189089,-0.0269671,0.999896,-0.0141952,0.00212523,-0.00123565,-0.0778549,0.137248,-0.142898,0.105994,-0.0305701,-0.231949,0.00613272,0.026644,0.97634
55.8811,0.999897,-0.0141537,0.00211761,-0.00124009,-0.0353081,0.00434471,-0.00163251,0.106096,-0.0306275,-0.233569,0.00619278,0.027936,0.960641,55.9011,1,-0.00877972,0.00883233,0.0155345,0.999894,-0.0143302,0.00213943,-0.00124819,0.042626,0.0518678,0.094523,0.106158,-0.0303481,-0.223963,0.00617461,0.0278156,1.05445
55.9011,0.999895,-0.0142985,0.00213979,-0.00124631,-0.0362401,0.00580958,-0.00136621,0.106258,-0.0304071,-0.225734,0.00652951,0.0292074,1.0387,55.9211,1,0.0102102,-0.0240779,0.0278982,0.999892,-0.0144796,0.00216896,-0.00125317,0.195739,-0.212798,0.161382,0.106323,-0.030115,-0.215347,0.00651114,0.0290857,1.13251
55.9211,0.999885,-0.0149873,0.00219184,-0.00124904,-0.0339761,0.00460784,-0.00030135,0.107273,-0.0290902,-0.1767,0.00842532,0.0375076,1.43092,55.9411,1,-0.0271214,0.0481356,0.00896139,0.999882,-0.0151571,0.00221506,-0.00125052,-0.0978736,0.366187,0.0608687,0.107357,-0.0287152,-0.16239,0.00840651,0.03738,1.52474
55.9411,0.999874,-0.0156328,0.00227991,-0.0012547,-0.0341092,0.00713796,0.000497596,0.108424,-0.0273798,-0.111659,0.0109325,0.0475792,1.82307,55.9611,1,0.0293156,-0.0327228,-0.0869374,0.999872,-0.0158032,0.00231585,-0.00125238,0.360877,-0.268735,-0.482286,0.108534,-0.026904,-0.0934285,0.0109129,0.0474462,1.91689
55.9611,0.999906,-0.0135015,0.00225263,-0.00120447,0.565901,-0.00950486,0.0132779,0.108891,-0.026622,-0.0813664,0.00943906,0.0292567,1.914,55.9811,1,0.00203846,-0.0728122,0.0169834,0.99994,-0.0106721,0.00220259,-0.00114382,0.124411,-0.602228,0.0963447,0.108986,-0.0263294,-0.0622264,0.00941975,0.0291418,2.00781
55.9811,0.999993,-0.00279005,0.00202731,-0.00115555,2.67792,-0.0529265,0.0176993,0.109094,-0.026811,-0.0651895,-0.00463017,-0.0841859,2.15581,56.0011,1,-0.00164027,-0.0109144,-0.022748,0.999942,0.0105984,0.0017473,-0.00109336,0.00966106,-0.103035,-0.121108,0.109048,-0.0276529,-0.0436314,-0.00464745,-0.0842096,2.24962
56.0011,0.999988,0.00426072,0.00200285,-0.00119093,1.76259,-0.00354062,-0.00505946,0.109201,-0.0278501,-0.0468958,-0.012365,-0.182138,2.28935,56.0211,1,-0.00757838,0.0159187,-0.0427528,0.999912,0.013073,0.00197468,-0.0012339,-0.0941423,0.109813,-0.233216,0.109078,-0.0296715,-0.0240023,-0.012382,-0.182102,2.38316
56.0211,0.999941,0.0106184,0.00200797,-0.00121314,1.58935,0.00367688,-0.0021664,0.109265,-0.0297008,-0.0282884,-0.0149932,-0.286945,2.30122,56.0411,1,-0.0319319,-0.0193166,0.0039747,0.999825,0.0185641,0.00201677,-0.0012397,-0.340204,-0.170549,0.0298354,0.109115,-0.0325703,-0.00527621,-0.0150102,-0.286855,2.39503
56.0411,0.999634,0.0269378,0.00206433,-0.00129232,0.730352,0.0056707,-0.000167837,0.109461,-0.0435682,0.0470149,-0.0129536,-0.515186,2.34108,56.0611,1,-0.0181543,0.00577259,0.000888354,0.999529,0.0305881,0.00208796,-0.00129993,-0.360719,0.0296559,0.011128,0.109332,-0.0487201,0.0704257,-0.0129709,-0.514957,2.4349
56.0611,0.999397,0.0346532,0.0020143,-0.00132574,0.225017,-0.00418262,0.00102987,0.109839,-0.0597884,0.1432,-0.00628513,-0.228054,2.42371,56.0811,1,-0.0188576,-0.0460008,0.0103788,0.999357,0.0357776,0.00199173,-0.00132358,-0.427317,-0.381201,0.074215,0.109776,-0.0620689,0.167437,-0.00630187,-0.227759,2.51753
56.0811,0.999358,0.0357536,0.00199763,-0.00135092,0.107838,-0.000720699,-0.00216616,0.110031,-0.0619536,0.182776,-0.00491294,-0.0503812,2.47028,56.1011,1,-0.00809529,0.0205996,-0.0276009,0.999338,0.0362924,0.00199369,-0.00136294,-0.350352,0.140737,-0.15112,0.109982,-0.0624575,0.207478,-0.00492952,-0.0500771,2.5641
56.1011,0.999375,0.0352701,0.00196149,-0.00136267,-0.120395,-0.00218522,-0.00296552,0.110324,-0.0604007,0.243503,-0.00443569,0.158703,2.53736,56.1211,1,-0.026437,-0.0553574,-0.0321918,0.999396,0.0346685,0.00195191,-0.00137669,-0.491738,-0.467608,-0.161906,0.11028,-0.0588136,0.268877,-0.00445196,0.159003,2.63118
56.1211,0.999578,0.0289695,0.00195604,-0.00134867,-0.576603,-5.28038e-05,9.4966e-05,0.110479,-0.0533264,0.325022,-0.00449131,0.285913,2.60704,56.1411,1,-0.00298806,0.0158138,-0.0443168,0.999657,0.0260876,0.00195964,-0.00134255,-0.25487,0.100523,-0.243124,0.110435,-0.0504672,0.351092,-0.00450762,0.286159,2.70086
56.1411,0.999821,0.0187794,0.0019667,-0.00134981,-0.992988,0.000749347,-0.000701819,0.110531,-0.046424,0.387124,-0.00450297,0.322971,2.64838,56.1611,1,0.0674186,-0.0424587,-0.0236326,0.999902,0.0138152,0.00197719,-0.00134347,0.390367,-0.35811,-0.119578,0.110486,-0.0431943,0.413608,-0.00451948,0.323131,2.74219
56.1611,0.999896,0.0142402,0.00197974,-0.00134415,-1.13453,0.00181288,-0.000703679,0.110545,-0.0439198,0.40806,-0.00459869,0.336604,2.66157,56.1811,1,0.0376115,0.0337343,-0.0471488,0.99996,0.00856799,0.00199645,-0.00133629,0.187595,0.24908,-0.25877,0.110499,-0.0405537,0.434675,-0.00461537,0.336725,2.75538
56.1811,0.999952,-0.00945527,0.00201727,-0.00128601,-1.68568,-0.000185657,0.00248916,0.110706,-0.0324489,0.491567,-0.00349469,0.438513,2.71341,56.2011,1,0.0169409,0.00376321,0.00164308,0.999837,-0.0178826,0.00202722,-0.00125651,0.211086,0.0140186,0.016792,0.110671,-0.0280637,0.518701,-0.00351196,0.438432,2.80722
56.2011,0.99977,-0.0213006,0.00202354,-0.00117635,-0.141318,-0.000589102,-0.00110054,0.111273,-0.0167371,0.599609,-0.00283711,0.185753,2.44579,56.2211,1,0.000325618,0.00510078,0.0427739,0.999755,-0.022007,0.00202131,-0.00118036,0.17211,0.0173377,0.246673,0.111244,-0.0148795,0.624067,-0.00285454,0.185571,2.53961
56.2211,0.999766,-0.0215027,0.00200792,-0.00116728,-0.0495725,-0.00378471,0.00209528,0.111379,-0.0158467,0.617857,-0.00209899,0.10601,2.46583,56.2411,1,0.0388176,-0.000909803,-0.0761177,0.999761,-0.0217505,0.00198951,-0.0011559,0.483092,-0.0098249,-0.41932,0.111358,-0.0147866,0.642515,-0.00211629,0.105827,2.55964
56.2411,0.999769,-0.0213502,0.00200324,-0.00115275,0.0391108,-0.000988393,0.00369298,0.111488,-0.0155833,0.636299,-0.00172969,0.0278886,2.48599,56.2611,1,-0.0529214,0.0275466,-0.0457672,0.999774,-0.0211547,0.00199847,-0.00113457,-0.252476,0.211671,-0.2471,0.11147,-0.0153044,0.661159,-0.00174695,0.027707,2.5798
56.2611,0.999858,-0.0167087,0.00192832,-0.00112378,0.459886,-0.00352608,0.000632245,0.112271,-0.0201667,0.711972,-0.00173791,-0.219404,2.56447,56.2811,1,0.0307909,0.00577724,-0.00888225,0.999894,-0.0144096,0.00190816,-0.00112475,0.379976,0.032257,-0.0425706,0.112254,-0.0223607,0.737617,-0.00175448,-0.219546,2.65829
56.2811,0.999954,-0.00938672,0.00184656,-0.00120428,-0.0288037,-6.53731e-05,-0.000168429,0.113612,-0.0330691,0.807143,-0.004165,-0.262495,2.4615,56.3011,1,0.00353624,-0.0563245,-0.0573851,0.999952,-0.00953074,0.0018464,-0.00120485,0.104529,-0.460957,-0.317544,0.11357,-0.035694,0.831758,-0.00418081,-0.262574,2.55531
56.3011,0.999937,-0.0110065,0.00184726,-0.00119825,-0.253975,0.00086376,0.000497043,0.1142,-0.0369244,0.844631,-0.00278553,-0.132772,2.49387,56.3211,1,-0.0375997,-0.0379037,0.00308791,0.999922,-0.0122763,0.00185313,-0.00119346,-0.212535,-0.3186,0.0212666,0.114173,-0.0382521,0.86957,-0.00280136,-0.132866,2.58768
56.3211,0.99992,-0.0124795,0.00181903,-0.0011507,-0.0622277,-0.00472761,0.00902007,0.114785,-0.0383942,0.882431,-0.00153684,0.0191878,2.47305,56.3411,1,0.0411501,0.0131824,0.0226489,0.999916,-0.0127906,0.00179631,-0.00110474,0.428441,0.0890338,0.1346,0.114769,-0.0382023,0.907162,-0.00155245,0.0190816,2.56686
56.3411,0.999942,-0.010524,0.00179681,-0.00115357,0.127123,0.000197698,-3.54216e-05,0.116272,-0.0350788,0.976424,0.00332161,0.153066,2.46645,56.3611,1,-0.028606,-0.0236058,0.0676602,0.999949,-0.00988842,0.00179706,-0.0011549,-0.145649,-0.209127,0.383637,0.116306,-0.0335482,1.00109,0.00330622,0.152976,2.56026
56.3611,0.999956,-0.00916939,0.00175628,-0.00115154,0.0496251,-0.00326423,-0.000168637,0.117432,-0.0324675,1.05191,0.00361039,0.0599068,2.46651,56.3811,1,-0.00889358,-0.0655309,-0.0172503,0.999958,-0.00892129,0.00173967,-0.00115267,0.00288413,-0.537058,-0.0936164,0.117468,-0.0318684,1.07658,0.00359536,0.0598288,2.56032
56.3811,0.999956,-0.00915077,0.00175979,-0.00115877,-0.0198834,0.00232834,-0.00043497,0.118244,-0.0326842,1.10874,0.00328626,-0.0148692,2.46642,56.4011,1,-0.0357118,0.00714665,-0.0501519,0.999955,-0.00925017,0.00177153,-0.00116087,-0.211976,0.0464597,-0.274347,0.118277,-0.0328329,1.1334,0.0032712,-0.0149471,2.56023
56.4011,0.999954,-0.00929896,0.00176952,-0.00117234,-0.0362618,0.00312733,-0.0034975,0.118504,-0.0330848,1.12771,0.00336004,-0.029987,2.46616,56.4211,1,-0.0250347,0.0216783,0.0196845,0.999953,-0.00948027,0.00178521,-0.00118965,-0.126414,0.157573,0.117669,0.118537,-0.0333847,1.15237,0.00334489,-0.0300662,2.55997
56.4211,0.999951,-0.00966049,0.00176655,-0.00118001,-0.0458492,0.000996889,-0.000168775,0.119011,-0.0341128,1.16571,0.00350284,-0.0424364,2.46547,56.4411,1,0.0171573,-0.0439406,-0.106635,0.999949,-0.00988972,0.00177179,-0.0011805,0.21593,-0.35714,-0.592769,0.119046,-0.0345372,1.19036,0.00348771,-0.0425186,2.55928
56.4411,0.999946,-0.0101941,0.00177581,-0.00117896,-0.038126,-0.00179958,0.00116303,0.119862,-0.0356329,1.2228,0.00457395,-0.0258908,2.46392,56.4611,1,-0.0152788,0.0205597,-0.0487558,0.999944,-0.0103847,0.0017671,-0.00117271,-0.040296,0.154116,-0.265404,0.119908,-0.0358918,1.24744,0.00455874,-0.0259775,2.55773
56.4611,0.999944,-0.0103625,0.00177355,-0.00119409,0.00754513,0.000458831,-0.00163369,0.121617,-0.0367111,1.3182,0.00650488,0.0245368,2.46131,56.4811,1,0.0257113,-0.00463532,0.00199788,0.999944,-0.0103248,0.00177571,-0.00120235,0.288566,-0.051184,0.0178585,0.121682,-0.0364657,1.34281,0.00648968,0.0244486,2.55512
56.4811,0.999945,-0.0102336,0.00177424,-0.0012031,0.0187304,0.00245618,0.000763177,0.122296,-0.0366428,1.35643,0.00762066,0.0337688,2.46064,56.5011,1,-0.0109369,-0.0417225,-0.109042,0.999946,-0.0101399,0.00178645,-0.00119957,-0.00423768,-0.339036,-0.606411,0.122372,-0.0363051,1.38104,0.00760546,0.0336817,2.55446
56.5011,0.999946,-0.0101596,0.00178102,-0.00121461,0.0189967,0.00245621,-0.00283212,0.122633,-0.036565,1.37557,0.00803068,0.0348456,2.46032,56.5211,1,-0.0323362,0.0111597,-0.0533377,0.999947,-0.0100647,0.00179304,-0.00122906,-0.176911,0.0790739,-0.291574,0.122714,-0.0362166,1.40017,0.00801541,0.0347591,2.55413
56.5211,0.999949,-0.00989404,0.00175177,-0.00122241,0.00887671,0.000325631,-0.00176684,0.124386,-0.0366379,1.47143,0.00958228,0.0198791,2.45956,56.5411,1,-0.0014844,-0.0556204,-0.00581307,0.999949,-0.00984967,0.00175325,-0.00123134,0.0677791,-0.458487,-0.028813,0.124481,-0.0364391,1.49602,0.00956727,0.0197949,2.55338
56.5411,0.999948,-0.00998527,0.00173243,-0.00122852,-0.00858188,-0.00114427,-0.00150059,0.126481,-0.0385286,1.56755,0.0110026,0.00539691,2.45842,56.5611,1,-0.0195172,-0.0515991,-0.0784192,0.999947,-0.0100282,0.00172669,-0.00123589,-0.0750212,-0.420495,-0.435351,0.126591,-0.0384746,1.59213,0.0109877,0.00531195,2.55223
56.5611,0.999948,-0.0100114,0.00171844,-0.00123007,-0.00551926,-0.00274214,-0.00043531,0.126885,-0.0389232,1.5868,0.0112272,0.0048841,2.45844,56.5811,1,-0.0353982,-0.0240179,-0.0538034,0.999947,-0.010039,0.00170474,-0.00123206,-0.202293,-0.201888,-0.296099,0.126997,-0.0388744,1.61139,0.0112124,0.00479892,2.55225
56.5811,0.999947,-0.0100321,0.0017179,-0.00122432,-0.00418767,0.000586808,0.00142887,0.127283,-0.0393091,1.60607,0.0114473,0.00520859,2.45813,56.6011,1,-0.0218742,0.00899729,-0.0627925,0.999947,-0.0100531,0.00172093,-0.00121717,-0.094133,0.0630876,-0.344484,0.127397,-0.039257,1.63065,0.0114325,0.00512323,2.55194
56.6011,0.999947,-0.0101236,0.00171982,-0.00123186,-0.00511977,0.0019184,0.00209468,0.12922,-0.0409795,1.70249,0.0133942,0.011555,2.45661,56.6211,1,-0.038339,-0.00324704,-0.064794,0.999946,-0.0101491,0.00172955,-0.00122144,-0.225014,-0.0348247,-0.356501,0.129354,-0.040864,1.72706,0.0133794,0.0114688,2.55042
56.6211,0.999947,-0.0100665,0.00171928,-0.00123857,0.00127181,0.000986275,-3.58544e-05,0.131073,-0.0422173,1.79912,0.0146782,0.0145017,2.45619,56.6411,1,0.00936263,-0.0173682,-0.0655319,0.999947,-0.0100602,0.0017242,-0.00123881,0.156314,-0.14729,-0.360928,0.131219,-0.0420723,1.82369,0.0146634,0.014416,2.55001
56.6411,0.999947,-0.0100647,0.00172487,-0.00124221,0.000461778,0.000851919,-0.00016921,0.131843,-0.0431382,1.83782,0.015491,0.0132432,2.45619,56.6611,1,0.00140547,0.0164788,-0.0168396,0.999947,-0.0100624,0.00172912,-0.0012431,0.0918067,0.119398,-0.0864001,0.131998,-0.0430058,1.86238,0.0154762,0.0131576,2.55
56.6611,0.999947,-0.0100578,0.00173158,-0.00124435,0.00245915,0.00364824,0.000363427,0.132604,-0.0440343,1.87655,0.016062,0.0115368,2.45619,56.6811,1,-0.0204578,0.0156931,0.0521253,0.999947,-0.0100455,0.00174982,-0.00124274,-0.0842053,0.107311,0.299529,0.132764,-0.0439189,1.90111,0.0160472,0.0114512,2.55
56.6811,0.999947,-0.0100831,0.00172471,-0.0012286,0.000728094,0.00178403,-0.000968158,0.134797,-0.0465932,1.99292,0.0176296,0.00771531,2.45571,56.7011,1,-0.0302492,-0.00481236,0.0359919,0.999947,-0.0100794,0.00173357,-0.00123354,-0.161855,-0.0554797,0.207853,0.134973,-0.046516,2.01748,0.0176148,0.00762952,2.54952
56.7011,0.999947,-0.0101161,0.00174185,-0.00120782,-0.00313349,0.00178402,0.00222763,0.136205,-0.0481522,2.0706,0.0189052,0.00752577,2.45559,56.7211,1,0.0274078,-0.0151674,-0.0432312,0.999946,-0.0101318,0.00175091,-0.00119674,0.300813,-0.131484,-0.23592,0.136394,-0.048077,2.09516,0.0188902,0.00743969,2.5494
56.7211,0.999947,-0.0101237,0.00173922,-0.00120588,-0.0008698,-0.000346505,0.000496584,0.136552,-0.0485182,2.09004,0.0190853,0.00748453,2.45567,56.7411,1,0.00985107,-0.0640294,-0.026573,0.999946,-0.0101281,0.00173752,-0.00120337,0.160583,-0.52384,-0.145598,0.136743,-0.0484433,2.1146,0.0190704,0.0073984,2.54948
56.7411,0.999946,-0.010134,0.00172868,-0.00121581,0.000461782,-0.00127861,-0.00229974,0.137236,-0.04922,2.12894,0.0194082,0.00789204,2.45552,56.7611,1,-0.0363057,0.0479579,-0.0142149,0.999946,-0.0101317,0.00172217,-0.00122725,-0.209783,0.370639,-0.0704334,0.13743,-0.0491411,2.1535,0.0193934,0.00780581,2.54933
56.7611,0.999947,-0.0100905,0.00175947,-0.00122487,0.00219046,0.00178954,0.000496375,0.138497,-0.0514255,2.24567,0.0195997,0.00692882,2.45458,56.7811,1,0.0161938,-0.0431935,0.0119737,0.999947,-0.0100795,0.00176843,-0.0012225,0.21043,-0.360397,0.0716196,0.138693,-0.0513562,2.27022,0.0195846,0.00684297,2.54839
56.7811,0.999947,-0.0100887,0.0017671,-0.00122043,0.000459404,0.00112375,0.00116217,0.13891,-0.052101,2.28461,0.0199667,0.00632956,2.45456,56.8011,1,0.0239504,-0.0395306,0.0155203,0.999947,-0.0100863,0.00177278,-0.00121468,0.272373,-0.331367,0.0917388,0.13911,-0.0520377,2.30915,0.0199515,0.00624372,2.54838
56.8011,0.999947,-0.0101012,0.00175677,-0.00122377,-0.00100534,0.000191645,-0.000302571,0.139319,-0.0527513,2.32355,0.0201133,0.0058675,2.45448,56.8211,1,0.00529606,0.0263173,-0.0351559,0.999947,-0.0101062,0.00175772,-0.00122528,0.123333,0.199379,-0.188475,0.13952,-0.0526926,2.3481,0.0200983,0.00578156,2.54829
56.8211,0.999947,-0.0101127,0.00176508,-0.00122661,5.99294e-05,0.00125691,9.69059e-05,0.139931,-0.0536738,2.382,0.0206753,0.0055728,2.45397,56.8411,1,-0.0183716,-0.0170133,0.100365,0.999947,-0.0101124,0.00177137,-0.00122618,-0.0677478,-0.158444,0.567701,0.140137,-0.0536181,2.40654,0.0206601,0.00548676,2.54778
56.8411,0.999947,-0.0101084,0.0017741,-0.00123417,0.00113235,0.000863886,-0.000835677,0.140512,-0.0545998,2.47945,0.0207071,0.00545599,2.45371,56.8611,1,0.0689699,-0.0274203,-0.0253796,0.999947,-0.0101028,0.00177837,-0.0012384,0.632979,-0.230766,-0.136095,0.140719,-0.0545452,2.50399,0.0206919,0.00536999,2.54752
56.8611,0.999947,-0.0100854,0.00176878,-0.00124088,0.0028634,0.000863886,-0.000702519,0.140775,-0.0549987,2.55747,0.0212324,0.00602607,2.45395,56.8811,1,-0.0376742,0.0309509,-0.00375119,0.999947,-0.0100711,0.00177305,-0.00124446,-0.221045,0.233389,-0.0126901,0.140988,-0.0549385,2.58201,0.0212173,0.00594026,2.54776
56.8811,0.999947,-0.0100759,0.00176958,-0.00124484,0.00246393,-0.000334536,-0.000835687,0.140845,-0.0550857,2.57696,0.0210552,0.00618915,2.45371,56.9011,1,-0.0262816,-0.0261567,0.0609308,0.999947,-0.0100636,0.00176785,-0.00124902,-0.130442,-0.228536,0.346411,0.141056,-0.0550239,2.6015,0.0210401,0.00610342,2.54752
56.9011,0.999947,-0.0100572,0.00180933,-0.00122376,-0.00192533,0.00406485,0.000495484,0.141048,-0.0553038,2.69402,0.0206082,0.00638204,2.45357,56.9211,1,-0.0257313,0.00524137,0.0179744,0.999947,-0.0100668,0.00182969,-0.00122147,-0.125735,0.0257633,0.107535,0.141254,-0.0552399,2.71856,0.0205927,0.00629648,2.54738
56.9211,0.999947,-0.0100619,0.00184329,-0.00122226,0.00100415,0.00153485,0.000495471,0.140915,-0.0551002,2.77209,0.0203485,0.00672696,2.45297,56.9411,1,-0.0512926,-0.0113873,0.0422214,0.999947,-0.0100569,0.00185098,-0.00121987,-0.330517,-0.109706,0.242085,0.141119,-0.055033,2.79662,0.0203327,0.00664135,2.54678
56.9411,0.999947,-0.0100425,0.00186026,-0.00121005,0.00233573,0.0023338,0.00156073,0.140862,-0.0549896,2.81112,0.0199509,0.00698337,2.45314,56.9611,1,0.016487,0.000272557,0.0300958,0.999947,-0.0100308,0.00187199,-0.00120239,0.211732,-0.0149513,0.175487,0.141062,-0.0549198,2.83565,0.019935,0.00689792,2.54696
56.9611,0.999948,-0.00999199,0.0019031,-0.00120305,0.00326784,-0.000196205,0.00129442,0.140672,-0.0546942,2.90877,0.0190796,0.00798244,2.45267,56.9811,1,-0.0150123,0.0170558,-0.00796529,0.999948,-0.00997564,0.00190217,-0.0011966,-0.0402223,0.121711,-0.0370738,0.140863,-0.0546144,2.9333,0.0190633,0.00789743,2.54648
56.9811,0.999948,-0.00995622,0.00191447,-0.00120501,0.0006032,-0.000591792,-0.000436963,0.140285,-0.0545073,2.98683,0.0187726,0.00868583,2.4524,57.0011,1,-0.0454936,0.0132829,0.00679444,0.999948,-0.00995321,0.00191149,-0.00120717,-0.284604,0.0899795,0.04504,0.140473,-0.0544204,3.01136,0.0187562,0.00860112,2.54621
57.0011,0.999948,-0.00995084,0.00191787,-0.00121623,-0.000462077,-0.000991268,0.000894619,0.140114,-0.0543944,3.02588,0.0185658,0.00888371,2.45204,57.0211,1,-0.0346488,-0.00796365,-0.0446801,0.999948,-0.00995315,0.00191296,-0.00121171,-0.196936,-0.0758041,-0.244212,0.140299,-0.0543056,3.0504,0.0185493,0.00879905,2.54585
57.0211,0.999948,-0.00992892,0.00192543,-0.00121256,0.0047311,0.000340322,-0.00123589,0.139953,-0.054274,3.06495,0.0183345,0.00895493,2.4521,57.0411,1,-0.0641269,-0.0182889,-0.00455147,0.999948,-0.00990527,0.00192704,-0.0012188,-0.433488,-0.161933,-0.0204201,0.140136,-0.0541844,3.08947,0.018318,0.00887045,2.54591
57.0411,0.999949,-0.00988302,0.00193111,-0.0012308,0.00126401,-0.00058946,9.53283e-05,0.139252,-0.0542952,3.20158,0.0177675,0.00956694,2.4517,57.0611,1,-0.0162566,-0.0312895,0.0664579,0.999949,-0.0098767,0.00192816,-0.0012303,-0.051925,-0.271123,0.377111,0.139429,-0.0541995,3.2261,0.017751,0.00948286,2.54551
57.0611,0.999949,-0.00986267,0.00195428,-0.0012394,-6.75669e-05,0.00260633,-0.000170984,0.138764,-0.054351,3.29917,0.016616,0.0100056,2.45167,57.0811,1,-0.0443402,0.0170597,-0.0192477,0.999949,-0.00986299,0.0019673,-0.00124038,-0.275774,0.121936,-0.100393,0.13893,-0.054251,3.32368,0.0165993,0.00992173,2.54548
57.0811,0.999949,-0.00986238,0.00194811,-0.00124243,6.55914e-05,-0.00218736,-0.000570459,0.138673,-0.054351,3.31867,0.0164071,0.0102196,2.45188,57.1011,1,0.0176468,0.0509355,0.00627627,0.999949,-0.00986207,0.00193715,-0.00124518,0.219346,0.391582,0.0450983,0.138837,-0.0542488,3.34319,0.0163904,0.0101357,2.54569
57.1011,0.999949,-0.00984647,0.00193552,-0.00124525,0.00299507,-0.00258683,-0.000570455,0.138501,-0.0543397,3.3577,0.0162846,0.0103635,2.45186,57.1211,1,-0.0209213,-0.00354306,0.0271616,0.999949,-0.00983151,0.00192254,-0.001248,-0.0890224,-0.046166,0.158644,0.138664,-0.054236,3.38222,0.016268,0.0102797,2.54567
57.1211,0.999949,-0.00982936,0.00198577,-0.00121991,0.00285943,0.00194111,0.000361196,0.138078,-0.0544747,3.4553,0.0157786,0.0100981,2.45191,57.1411,1,-0.00688163,0.0195733,-0.0426452,0.999949,-0.00981505,0.00199547,-0.00121823,0.0239827,0.143997,-0.230976,0.138236,-0.0543737,3.47982,0.0157616,0.0100144,2.54572
57.1411,0.999949,-0.00980416,0.00200236,-0.00124655,0.00152785,-0.000455748,-0.000704076,0.137784,-0.0545573,3.53329,0.0152767,0.0109285,2.45152,57.1611,1,-0.0608514,0.00896233,0.035667,0.999949,-0.00979653,0.00200004,-0.00125006,-0.409213,0.0523123,0.206498,0.137936,-0.054448,3.55781,0.0152595,0.0108451,2.54533
57.1611,0.999949,-0.00979097,0.00199433,-0.00123786,0.00352521,-0.00245312,0.00235857,0.137715,-0.0545676,3.5528,0.0151609,0.0108726,2.45138,57.1811,1,0.0135736,-0.0113509,-0.0214546,0.99995,-0.00977333,0.00198216,-0.00122598,0.187336,-0.104936,-0.113681,0.137867,-0.0544588,3.57732,0.0151439,0.0107893,2.54519
57.1811,0.999949,-0.00977449,0.00200702,-0.001224,0.00179416,0.000343203,0.00209224,0.137473,-0.0545793,3.63076,0.0153234,0.0111583,2.45106,57.2011,1,-0.000775674,-0.0293771,-0.0324415,0.99995,-0.0097655,0.00200883,-0.00121357,0.0727244,-0.248517,-0.176432,0.137626,-0.0544677,3.65527,0.0153062,0.0110751,2.54488
57.2011,0.999948,-0.00994634,0.00201355,-0.001233,0.00232108,0.0027426,-0.000438045,0.137028,-0.0549241,3.72821,0.0146791,0.0145934,2.45048,57.2211,1,-0.0270011,0.0281407,0.0292233,0.999948,-0.00993473,0.00202722,-0.00123535,-0.13727,0.206433,0.171801,0.137175,-0.0547782,3.75271,0.0146618,0.0145088,2.54429
57.2211,0.999948,-0.00993498,0.00202176,-0.00123348,0.00338635,0.00167734,9.45884e-05,0.136937,-0.0549922,3.74764,0.0145407,0.0141491,2.45054,57.2411,1,0.00421019,0.00206074,0.0652769,0.999948,-0.00991803,0.00203013,-0.00123313,0.111913,-0.00480103,0.372587,0.137082,-0.0548507,3.77215,0.0145234,0.0140645,2.54435
57.2411,0.999948,-0.009915,0.00203805,-0.00123711,0.000190554,0.00247628,-0.000970677,0.136612,-0.0552661,3.82544,0.0147858,0.0115839,2.4504,57.2611,1,-0.0251899,0.0151747,0.0245166,0.999948,-0.00991404,0.00205038,-0.00124209,-0.122797,0.102905,0.144764,0.13676,-0.0551502,3.84994,0.0147683,0.0114995,2.54421
57.2611,0.999948,-0.0099295,0.00205186,-0.00121861,-0.00233945,-0.000186879,-0.000438047,0.136289,-0.0555898,3.92273,0.0143451,0.0108355,2.45052,57.2811,1,-0.0165537,-0.00327561,-0.0099287,0.999948,-0.00994121,0.00205092,-0.00122077,-0.0528073,-0.041988,-0.0491473,0.136433,-0.0554815,3.94724,0.0143275,0.010751,2.54433
57.2811,0.999948,-0.00991479,0.00206033,-0.0012169,0.00165474,0.000479893,0.00195836,0.135979,-0.0558249,4.0199,0.0135281,0.0121185,2.45034,57.3011,1,0.0116714,0.0318272,-0.0100374,0.999948,-0.00990649,0.00206282,-0.00120715,0.172491,0.239041,-0.0474945,0.136114,-0.0557037,4.0444,0.0135104,0.0120341,2.54415
57.3011,0.999948,-0.00991337,0.00205211,-0.00121342,0.000855792,-0.00231643,0.00102626,0.135912,-0.0558615,4.03935,0.0134627,0.0124771,2.4501,57.3211,1,0.0270865,0.021343,0.0276793,0.999948,-0.00990909,0.00204058,-0.00120819,0.295248,0.152402,0.16328,0.136046,-0.0557368,4.06385,0.0134451,0.0123927,2.54391
57.3211,0.999948,-0.00990349,0.00206128,-0.00121732,0.00245368,8.04229e-05,0.000893107,0.135661,-0.0559547,4.11703,0.0125056,0.0131519,2.44914,57.3411,1,-0.0661229,0.0115127,-0.0179743,0.999948,-0.00989121,0.00206171,-0.00121288,-0.449735,0.0764265,-0.0939749,0.135786,-0.0558231,4.14152,0.012488,0.0130677,2.54296
