t,cur_e0,cur_e1,cur_e2,cur_e3,cur_wx,cur_wy,cur_wz,cur_x,cur_y,cur_z,cur_vx,cur_vy,cur_vz,u0_x,u0_y,u0_z,u0_yaw,u1_x,u1_y,u1_z,u1_yaw,u2_x,u2_y,u2_z,u2_yaw,u3_x,u3_y,u3_z,u3_yaw,u4_x,u4_y,u4_z,u4_yaw,u5_x,u5_y,u5_z,u5_yaw,u6_x,u6_y,u6_z,u6_yaw,u7_x,u7_y,u7_z,u7_yaw,u8_x,u8_y,u8_z,u8_yaw,u9_x,u9_y,u9_z,u9_yaw,u10_x,u10_y,u10_z,u10_yaw,u11_x,u11_y,u11_z,u11_yaw,u12_x,u12_y,u12_z,u12_yaw,u13_x,u13_y,u13_z,u13_yaw,u14_x,u14_y,u14_z,u14_yaw,u15_x,u15_y,u15_z,u15_yaw,u16_x,u16_y,u16_z,u16_yaw,u17_x,u17_y,u17_z,u17_yaw,u18_x,u18_y,u18_z,u18_yaw,u19_x,u19_y,u19_z,u19_yaw,u20_x,u20_y,u20_z,u20_yaw,u21_x,u21_y,u21_z,u21_yaw,u22_x,u22_y,u22_z,u22_yaw,u23_x,u23_y,u23_z,u23_yaw,u24_x,u24_y,u24_z,u24_yaw,u25_x,u25_y,u25_z,u25_yaw,u26_x,u26_y,u26_z,u26_yaw,u27_x,u27_y,u27_z,u27_yaw,u28_x,u28_y,u28_z,u28_yaw,u29_x,u29_y,u29_z,u29_yaw,u30_x,u30_y,u30_z,u30_yaw,u31_x,u31_y,u31_z,u31_yaw,u32_x,u32_y,u32_z,u32_yaw,u33_x,u33_y,u33_z,u33_yaw,u34_x,u34_y,u34_z,u34_yaw,u35_x,u35_y,u35_z,u35_yaw,u36_x,u36_y,u36_z,u36_yaw,u37_x,u37_y,u37_z,u37_yaw,u38_x,u38_y,u38_z,u38_yaw,u39_x,u39_y,u39_z,u39_yaw,u40_x,u40_y,u40_z,u40_yaw,u41_x,u41_y,u41_z,u41_yaw,u42_x,u42_y,u42_z,u42_yaw,u43_x,u43_y,u43_z,u43_yaw,u44_x,u44_y,u44_z,u44_yaw,u45_x,u45_y,u45_z,u45_yaw,u46_x,u46_y,u46_z,u46_yaw,u47_x,u47_y,u47_z,u47_yaw,u48_x,u48_y,u48_z,u48_yaw,u49_x,u49_y,u49_z,u49_yaw,u50_x,u50_y,u50_z,u50_yaw,u51_x,u51_y,u51_z,u51_yaw,u52_x,u52_y,u52_z,u52_yaw,u53_x,u53_y,u53_z,u53_yaw,u54_x,u54_y,u54_z,u54_yaw,u55_x,u55_y,u55_z,u55_yaw,u56_x,u56_y,u56_z,u56_yaw,u57_x,u57_y,u57_z,u57_yaw,u58_x,u58_y,u58_z,u58_yaw,u59_x,u59_y,u59_z,u59_yaw,u60_x,u60_y,u60_z,u60_yaw,u61_x,u61_y,u61_z,u61_yaw,u62_x,u62_y,u62_z,u62_yaw,u63_x,u63_y,u63_z,u63_yaw,u64_x,u64_y,u64_z,u64_yaw,u65_x,u65_y,u65_z,u65_yaw,u66_x,u66_y,u66_z,u66_yaw,u67_x,u67_y,u67_z,u67_yaw,u68_x,u68_y,u68_z,u68_yaw,u69_x,u69_y,u69_z,u69_yaw,target_x,target_y,target_z,px4_sp_vx,px4_sp_vy,px4_sp_vz,px4_sp_acc_x,px4_sp_acc_y,px4_sp_acc_z,px4_sp_q0,px4_sp_q1,px4_sp_q2,px4_sp_q3,px4_sp_roll_rate,px4_sp_pitch_rate,px4_sp_yaw_rate,px4_sp_thrust_x,px4_sp_thrust_y,px4_sp_thrust_z,hover_thrust,hover_thrust_valid,takeoff_state,takeoff_tilt_limit,landed,ground_contact,maybe_landed,rollspeed_integ,pitchspeed_integ,yawspeed_integ,angular_accel_x,angular_accel_y,angular_accel_z,torque_sp_x,torque_sp_y,torque_sp_z,actuator_motor_0,actuator_motor_1,actuator_motor_2,actuator_motor_3,actuator_motor_4,actuator_motor_5,actuator_motor_6,actuator_motor_7,actuator_motor_8,actuator_motor_9,actuator_motor_10,actuator_motor_11,model_vel_int_x,model_vel_int_y,model_vel_int_z,model_motor_speed_0,model_motor_speed_1,model_motor_speed_2,model_motor_speed_3,model_acc_bias_x,model_acc_bias_y,model_acc_bias_z,model_acc_nominal_x,model_acc_nominal_y,model_acc_nominal_z,model_acc_measured_x,model_acc_measured_y,model_acc_measured_z
0,0.999762,-0.0170299,-0.00962933,0.0096904,0.023075,0.015681,0.0327513,-0.112994,0.171064,-0.936396,0.0458825,-0.0439065,-0.0732582,0.102523,0.0219177,-0.999725,5.52715e-05,0.0855557,0.0249571,-0.999777,0.000190178,0.132722,0.0298418,-1.0007,-9.35639e-05,0.118928,-8.78958e-05,-1.00178,0.000177583,0.0698138,0.00582289,-1.00134,0.000157526,0.1332,-0.0279628,-1.00128,0.000155531,0.0892879,0.0189309,-1.00039,0.000159908,0.10553,0.0354357,-1.00039,-2.49427e-05,0.138398,0.0233907,-0.999611,0.000100067,0.11279,0.0298204,-0.998523,-8.49638e-05,0.100111,0.0434136,-1.00031,2.82859e-05,0.0988801,0.0136523,-1.00024,3.78518e-05,0.118587,0.00246481,-1.00196,2.2066e-05,0.137833,-0.00269067,-1.0001,-1.26214e-05,0.100933,0.0111347,-1.00052,-0.000138504,0.127898,0.0216853,-1.00077,0.000180915,0.123724,0.040453,-1.00087,-0.000174514,0.120028,-0.0163516,-1.00146,5.65374e-06,0.0565915,-0.00209972,-0.999538,0.00011894,0.100597,-0.0206545,-1.00057,-9.61879e-05,0.0960705,0.00331478,-1.00021,0.00012984,0.0835149,-0.00935525,-0.999627,0.000100678,0.123064,0.0384808,-1.00114,4.48506e-05,0.119937,0.0368524,-0.999148,-0.000135433,0.0958323,0.0371604,-0.997833,-0.000122534,0.0830252,0.0164925,-0.999971,0.000104408,0.0835731,-0.0370288,-0.999645,-5.60767e-05,0.0935768,0.0540633,-1.00035,-5.99372e-06,0.0745885,0.0175879,-0.999526,1.05177e-05,0.124963,0.0202689,-0.999721,-0.000101275,0.0606475,0.0220221,-1.00002,-4.33278e-05,0.107601,0.0081089,-0.999084,-3.94213e-05,0.0926953,0.0162705,-1.00097,4.17619e-05,0.0776617,0.0424785,-0.998444,-0.000185571,0.0487587,0.0112109,-0.9994,-1.72696e-05,0.0799031,-0.000948742,-0.998364,-4.68863e-05,0.0893784,-0.000932921,-0.999593,4.43171e-05,0.0728006,0.0268212,-1.0005,-2.69333e-05,0.0786985,0.019029,-1.00069,0.000183038,0.0585037,0.0180029,-1.00143,-0.000193655,0.039114,0.00290614,-0.999848,-4.40935e-05,0.053385,0.0294777,-1.00006,-2.95185e-05,0.0942386,0.00101522,-1.00012,-3.24119e-05,0.0934314,0.0368709,-0.99858,1.09138e-05,0.040939,0.0273415,-1.0013,0.000218822,0.0705585,0.015003,-0.99801,-4.06136e-05,0.0558807,0.0505058,-1.00188,-1.04592e-05,0.0569078,-0.02396,-1.00201,0.000141389,0.0501527,0.00514502,-0.999861,2.23047e-06,0.049294,0.00659446,-1.00006,9.57821e-05,0.0624314,0.00662224,-1.00202,7.54597e-05,0.0357996,-0.0281449,-0.999748,-4.13792e-05,0.0102115,0.00186525,-1.00005,0.000112242,0.0288689,-0.0421021,-1.00128,0.000186308,0.0402203,-0.0259597,-0.999624,1.71361e-05,0.0136437,0.0341327,-1.00113,3.81495e-05,-0.0298873,-0.00470729,-0.999424,-0.00011809,0.0427888,0.0101409,-0.999553,-0.000130024,0.0397384,0.0243116,-0.998076,-0.000100646,0.00606842,0.00200169,-1.00096,-5.126e-06,0.012573,-0.0359409,-0.998401,-0.000160812,0.00344408,-0.0236794,-0.999416,-2.1174e-05,0.0322343,0.032833,-0.999749,2.76897e-05,0.00943878,-0.0182684,-0.997021,-9.54642e-05,0.0267957,0.0212235,-0.999733,6.35953e-05,-0.0237415,0.023327,-1.00055,3.84421e-05,0.00484647,0.000399746,-1.00096,4.00532e-05,0.00529296,0.0296824,-0.999408,-2.18415e-05,0.00529382,0.035056,-0.9975,6.95775e-05,-0.0208819,-0.0178322,-0.999304,9.59062e-05,0.7,0,-1,0.102998,-0.161931,-0.0643345,0.165346,-0.26201,1.35265,0.999823,-0.0134382,-0.00828917,0.0102427,-0.0122304,0.0117084,0.00221062,0,0,-0.387238,0.45,1,5,0.785398,0,0,0,0.00737578,0.176656,0.0499161,0.243172,-0.449611,0.0475933,0.00488913,0.180471,0.0465244,0.544272,0.323705,0.470808,0.210049,nan,nan,nan,nan,nan,nan,nan,nan,0.228161,-0.195383,1.31696,711.436,452.157,629.472,303.107,0,0,0,0.156387,-0.270426,1.82738,0,0,0
0.02,0.999752,-0.0173683,-0.00937307,0.0103396,0.00789059,0.0188609,0.0191784,-0.110822,0.170591,-0.936591,0.0339481,-0.0578709,-0.0709589,0.195378,0.00385424,-0.99829,0.000159868,0.24497,0.0335048,-1.00005,-8.6485e-05,0.222773,0.0408323,-1.00251,0.00026587,0.208793,0.0117397,-1,0.000212563,0.216214,0.0185295,-0.999785,0.000362759,0.172978,-0.0104966,-0.999087,0.000204434,0.203953,0.031644,-1.00029,-0.000199209,0.213949,0.0220766,-0.999493,-3.02978e-05,0.194969,0.0602594,-0.998004,-5.26903e-05,0.18585,0.0388156,-1.00099,2.29407e-05,0.207518,-0.0138559,-0.998838,7.12898e-05,0.225676,0.0235912,-1.00029,-5.26618e-05,0.205305,0.0155106,-0.998951,-0.000148777,0.211654,-0.0153094,-1.00233,-0.00018546,0.193143,0.00823936,-1.00151,0.000308038,0.20958,0.0565678,-1.00005,-3.88743e-05,0.191275,0.0390087,-1.00166,0.000148478,0.145125,0.0299311,-0.9993,-0.000104034,0.155163,0.00500376,-1.00128,-9.31762e-06,0.207004,0.00800404,-1.0024,0.000312799,0.177646,0.0479053,-0.998617,0.00019872,0.181754,0.0672306,-0.999403,0.000211091,0.192423,0.100203,-0.999236,0.000137143,0.174345,0.0496112,-0.999124,-8.10162e-05,0.172175,0.0372299,-0.999504,0.000143154,0.190137,-0.0328816,-1.00074,-5.71918e-05,0.187841,0.0503908,-1.00086,-2.5759e-05,0.217513,0.0467429,-0.998625,1.67698e-05,0.242296,0.0181486,-0.999074,-5.42867e-06,0.153671,0.00358539,-1.00021,-6.75834e-05,0.160116,0.0430452,-0.9981,5.30664e-05,0.122439,0.0460139,-1.00081,7.9681e-05,0.132196,0.029319,-0.996435,-0.000121924,0.0978941,0.053722,-0.999909,3.7816e-05,0.130229,0.00105377,-0.997048,-7.74565e-05,0.138509,-0.00739413,-0.998526,0.00021075,0.157023,0.0344249,-0.998922,9.62151e-05,0.136576,0.0713484,-1.00114,0.000344192,0.124571,0.0320975,-1.00306,-0.000278407,0.10802,0.014839,-1.00039,-0.000103998,0.122226,0.0532662,-1.00046,-5.71286e-05,0.181118,0.0255751,-0.999017,0.00018355,0.14058,0.0207656,-0.99708,5.36528e-05,0.0999818,0.0286513,-1.00044,0.000225359,0.130428,-0.00210601,-0.997947,7.21299e-05,0.166207,0.019979,-1.00254,-2.23961e-05,0.0865143,-0.000646859,-1.00011,0.00010628,0.0900499,0.0206826,-0.998742,0.000105325,0.111752,0.020351,-0.999854,-5.25243e-05,0.133009,0.0330774,-1.00072,5.17e-05,0.0778255,-0.0117847,-1.00058,0.000103019,0.117736,-0.0172968,-0.99892,0.000172305,0.0738876,-0.041953,-1.00156,0.000271508,0.0709306,-0.0365629,-0.998231,5.42323e-05,0.0299572,0.0278478,-1.00003,-1.89267e-05,0.0243464,0.0186467,-1.00083,-0.000262948,0.0736007,0.0196819,-0.999466,-0.000274758,0.0315223,-0.0309239,-0.997996,-0.000158452,0.0197302,-0.00775855,-1.00176,9.17467e-06,0.0433782,-0.0583191,-0.999326,-0.000131406,0.0319341,0.0108178,-1.00049,-8.59062e-05,0.0458955,0.0230064,-1.00016,-8.93082e-05,0.0261476,0.000847292,-0.997441,-3.19997e-05,0.0206436,0.0655861,-1.00133,2.64394e-06,-0.00340008,0.0148804,-1.00035,0.000164391,0.0178769,0.0113812,-1.00158,-0.000121203,0.0164679,0.0227313,-0.999552,-3.15644e-07,-0.0201346,-0.00142552,-0.99736,-2.51137e-05,-0.0119567,-0.00722864,-0.99866,2.53993e-05,-0.0251392,-0.0139313,-1.00047,0.000257168,0.7,0,-1,0.101145,-0.1617,-0.064877,0.13197,-0.320782,1.35412,0.999791,-0.0164157,-0.00655755,0.0102473,0.00150633,-0.0183446,-0.00206121,0,0,-0.388156,0.45,1,5,0.785398,0,0,0,0.00760383,0.176624,0.0498118,0.744507,1.83911,-0.678047,0.000869877,0.165589,0.0462604,0.547216,0.321314,0.469563,0.215039,nan,nan,nan,nan,nan,nan,nan,nan,0.0602556,-0.271055,1.32979,714.606,451.405,629.117,309.825,-0.07502,-0.0420724,-0.166251,0.153482,-0.277496,1.77747,-0.596718,-0.69822,0.114965
0.04,0.999757,-0.016997,-0.00935425,0.0105002,0.0320691,0.00734862,0.00396095,-0.109267,0.170531,-0.935904,0.0294268,-0.0590372,-0.0693243,0.381739,0.0328846,-1.0007,0.000101385,0.333571,0.0635621,-1.00446,6.81195e-05,0.36638,0.0216412,-1.00212,1.85835e-05,0.304997,0.018744,-1.00159,0.00056314,0.277503,0.0173191,-1.00017,4.46057e-05,0.290182,0.029282,-0.999689,-9.21335e-05,0.307166,0.0334562,-0.999168,-0.000123048,0.275014,0.0509035,-0.996856,4.16362e-07,0.269528,0.052856,-1.00118,-6.39673e-05,0.321264,-0.00228957,-0.999868,3.29176e-05,0.288133,0.0381643,-1.00113,-0.000249707,0.275187,0.0226565,-0.998907,-0.000144728,0.286657,0.026663,-1.00165,-6.63729e-05,0.27079,0.0477428,-1.00186,0.000143446,0.346321,0.0441979,-0.998712,-0.000163804,0.262798,0.0507797,-1.0008,0.000208078,0.257404,0.0394144,-0.998779,-5.92321e-05,0.246577,0.0378361,-0.999958,-0.000130369,0.266017,-0.00568485,-1.00226,0.000568819,0.272651,0.0373136,-0.999065,0.00017057,0.24776,0.0624084,-1.00097,0.000177063,0.238387,0.100682,-1.00036,0.000138938,0.239875,0.057431,-0.998048,-0.000102256,0.24511,0.00077602,-0.999175,0.000240266,0.277919,0.000570395,-1.00069,-5.68363e-05,0.276565,0.0543146,-0.998993,6.15846e-05,0.281839,0.0515937,-1.00049,-6.95482e-05,0.305332,0.0333198,-0.998873,3.83524e-05,0.242575,0.0295367,-1.00011,-7.67477e-05,0.192836,0.0363437,-0.996647,-8.51828e-06,0.190494,0.0544944,-1.00171,0.000191,0.194467,0.0584339,-0.994665,-0.000103086,0.169821,0.0413608,-0.996948,7.47552e-05,0.217051,0.0124818,-0.996682,-0.00017905,0.181022,-0.0042084,-0.999773,0.000169686,0.210621,0.0291987,-0.999239,7.42519e-05,0.182925,0.0493928,-1.00071,0.000442211,0.20212,0.0607602,-1.00446,-0.000100783,0.183147,0.0311417,-0.99953,-0.000105,0.195426,0.048565,-1.00136,-0.000170077,0.234234,0.0445977,-1.00047,0.000309934,0.187127,0.0419448,-0.996586,-3.50717e-05,0.204772,0.0265972,-0.999475,0.000146011,0.185643,-0.00711298,-0.998089,7.34038e-07,0.189757,-0.00148911,-1.00222,-0.000177325,0.127421,0.0159076,-1.00106,-0.000108813,0.150012,-0.0111269,-0.99984,0.000121831,0.164003,0.0312239,-0.999401,-9.571e-05,0.178139,0.0154922,-1.00213,0.000212712,0.11799,-0.00887732,-0.999973,0.000134281,0.14763,-0.00230764,-0.998557,0.000181646,0.105381,-0.0589744,-1.00063,0.000273048,0.0902288,-0.0601725,-0.997533,2.31335e-05,0.0799213,0.0307941,-0.999825,-5.13956e-05,0.0620428,0.0468122,-1.00188,-0.000414004,0.124491,0.0200063,-0.997737,-0.000421848,0.0868377,-0.0119211,-0.999037,-5.43029e-05,0.0642802,0.0126504,-1.0013,1.47569e-05,0.072833,-0.0521856,-0.999283,-0.000230827,0.0558465,-0.0112261,-1.00258,-1.35182e-05,0.0587501,0.00902596,-1.00162,2.02235e-05,0.0551846,0.0174384,-0.997966,-0.000102215,0.010324,0.0527445,-1.0012,-9.73718e-05,0.00906381,0.0324068,-1.00059,0.000235581,0.0190214,0.0102078,-1.00069,-0.000111793,0.021819,-0.00921811,-1.00016,-0.000108566,0.0141713,-0.0166823,-0.995796,-4.23658e-05,-0.0076189,0.0164251,-0.997216,3.1136e-05,0.0056638,-0.00208468,-0.997216,0.000219978,-0.0243965,-0.0188759,-1.00135,0.000187375,0.7,0,-1,0.100242,-0.161711,-0.0654247,0.240249,-0.289775,1.38651,0.999764,-0.0148898,-0.0120914,0.0101731,0.00629378,0.00618488,-2.40293e-05,0,0,-0.387879,0.45,1,5,0.785398,0,0,0,0.00741282,0.176494,0.0497886,-0.069394,1.65641,-0.701472,0.002102,0.171801,0.0477432,0.548282,0.323634,0.46351,0.21707,nan,nan,nan,nan,nan,nan,nan,nan,0.119665,-0.185919,1.37091,715.775,452.062,627.122,312.6,-0.112962,-0.0207193,-0.334815,0.153351,-0.271846,1.76737,-0.226065,-0.0583157,0.0817299
0.06,0.999771,-0.0162148,-0.00940927,0.0103643,0.103005,-0.025032,-0.0159855,-0.108419,0.170453,-0.935666,0.0372368,-0.0592181,-0.0682802,0.470774,0.0663075,-1.00385,9.47931e-05,0.441206,0.0308674,-1.00139,5.39619e-05,0.388781,0.0141039,-1.00104,0.000599794,0.354454,0.0263971,-1.00005,6.09371e-06,0.353284,0.0142472,-0.999071,-0.000196283,0.378617,0.00758759,-0.999092,-2.89012e-05,0.31539,0.062212,-0.998958,3.7358e-05,0.345621,0.0570186,-1.00148,6.7e-05,0.372691,0.0311338,-1.00083,-2.18546e-05,0.364402,0.0316491,-1.00156,-7.44534e-06,0.353102,0.0379651,-1.00011,-0.000180514,0.35537,0.0573268,-0.999617,-4.83328e-05,0.338658,0.0240263,-1.00456,-9.46044e-05,0.393314,0.0331655,-0.997867,-7.97761e-05,0.325251,0.0684528,-1.00195,0.000283072,0.282627,0.064488,-0.996883,-7.08811e-05,0.304502,0.0346292,-1.00055,-0.000230892,0.323814,0.0172076,-1.00181,0.000485606,0.319329,0.0295316,-0.998789,0.000213353,0.291745,0.063469,-1.00295,0.000189141,0.299578,0.092885,-0.998938,0.000182966,0.301078,0.076294,-0.997171,-0.000153105,0.29303,0.0163463,-0.99887,0.000301158,0.309381,0.0281698,-1.00185,-0.000151595,0.312482,0.0623886,-0.999622,2.71519e-05,0.350723,0.061354,-0.99982,-2.97828e-05,0.341833,0.0234243,-0.99854,0.00011584,0.300045,0.0363559,-1.00127,-1.69096e-05,0.240054,0.0429678,-0.996904,-0.000113404,0.241723,0.0946217,-1.00022,0.000181466,0.227444,0.0785428,-0.993933,-0.000178053,0.257858,0.0619632,-0.996108,5.07887e-05,0.283681,-0.0144594,-0.995785,-7.75101e-05,0.222434,0.00497375,-0.999203,0.00034554,0.272338,0.0546518,-0.999067,8.08949e-05,0.249011,0.052032,-1.0015,0.000358553,0.252906,0.0660616,-1.00544,-5.3108e-05,0.248369,0.0255365,-1.00023,-0.000108738,0.254309,0.0614752,-1.00229,-0.000138978,0.25217,0.0226603,-1.00009,0.000459689,0.286629,0.0599803,-0.996079,6.10264e-05,0.250585,0.0387122,-0.999458,0.000255465,0.201601,-0.0157124,-0.998348,2.15255e-05,0.231787,-0.00508437,-1.00104,-0.000224265,0.210004,0.024943,-1.00035,-2.04006e-05,0.19992,0.0113021,-0.997892,0.000159769,0.212721,0.0626832,-0.999119,-0.000206848,0.206029,0.00393556,-1.00144,4.4054e-05,0.130094,0.00525399,-0.9991,0.000176706,0.170696,-0.0076241,-0.998101,0.000215663,0.145694,-0.039522,-1.00047,0.000485566,0.112061,-0.0481917,-0.99624,5.96241e-07,0.129872,0.0443975,-0.999798,-0.000109867,0.104452,0.055006,-1.00268,-0.00020156,0.100352,0.0292597,-0.998673,-0.000569001,0.106624,0.00557317,-0.998367,-5.22509e-05,0.104278,-0.00333389,-1.0012,3.88676e-05,0.0940349,-0.0292993,-0.998572,-0.000234391,0.0855899,-0.00766205,-1.00369,0.000106761,0.0996672,0.011607,-1.00139,-0.000116863,0.0819582,0.0168651,-0.997886,-0.000131851,0.0482019,0.0466413,-0.998659,-4.66995e-05,0.00870781,0.0536526,-1.00157,0.000194826,0.0159251,0.00860797,-1.00114,-0.000150071,0.00857599,-0.00128666,-1.00033,2.42514e-06,0.01426,-0.0305302,-0.996846,-0.000100336,0.00473887,0.0101961,-0.99727,0.000119007,0.00203819,-0.0187296,-0.99924,8.47789e-05,0.00868576,-0.0380976,-1.00031,0.000184318,0.0109839,-0.0137744,-1.00188,2.58689e-05,0.7,0,-1,0.0994512,-0.161541,-0.0657154,0.226275,-0.355253,1.36995,0.999718,-0.0182164,-0.0113445,0.0101473,-0.0137001,-0.00704606,0.000703967,0,0,-0.387637,0.45,1,5,0.785398,0,0,0,0.0070716,0.176565,0.0498393,0.740372,-0.804305,0.161054,-0.0064677,0.180555,0.0494339,0.563902,0.310361,0.466778,0.209506,nan,nan,nan,nan,nan,nan,nan,nan,0.144908,-0.213633,1.35969,732.48,447.872,626.557,310.057,-0.0895503,0.00469328,-0.494221,0.156384,-0.263171,1.64627,0.390497,-0.00904482,0.0522077
0.08,0.999787,-0.0153485,-0.00946119,0.0100545,0.0257959,-0.0313862,-0.0201789,-0.106932,0.170211,-0.935513,0.0338834,-0.0487768,-0.0663274,0.531524,0.0245329,-1.00343,0.000238505,0.476687,-0.00308008,-1.00179,0.000592678,0.424997,-0.00250692,-1.00185,9.8165e-05,0.428502,0.0225499,-0.999488,-0.000379191,0.429445,0.00449588,-0.999646,-6.84994e-05,0.382007,0.0769001,-0.998475,-3.02449e-05,0.423027,0.082503,-1.00291,0.00016018,0.39766,0.0699503,-0.999198,4.26273e-06,0.442581,0.054648,-1.00305,1.78048e-06,0.410222,0.0758334,-0.999872,-0.000115711,0.38626,0.0331837,-0.999863,2.96977e-05,0.391169,0.0275118,-1.00374,-9.88796e-05,0.409528,0.0473,-0.99679,7.01619e-05,0.350564,0.0635316,-1.00168,0.000171126,0.347011,0.0634302,-0.996587,2.80379e-05,0.356395,0.0116336,-1.00323,-0.000204842,0.354543,0.0242443,-0.999929,0.000724174,0.366948,0.0503738,-0.997547,0.000259915,0.340032,0.0449847,-1.00324,0.000213037,0.378148,0.0541065,-0.998764,0.000148836,0.336752,0.0733517,-0.996191,-0.00027843,0.321181,0.0362003,-0.998569,0.000119066,0.341679,0.0335348,-1.00258,-0.000179239,0.332768,0.0661773,-0.999689,0.000155595,0.366858,0.0439404,-0.999372,-9.56687e-05,0.365571,0.0209102,-0.997474,4.42216e-05,0.341793,0.00388442,-1.00093,6.90433e-05,0.27705,0.0362627,-0.996823,-0.00022782,0.303727,0.0753039,-1.00082,0.000283228,0.26624,0.0791096,-0.993072,-0.000241219,0.313004,0.0520622,-0.99611,0.000136487,0.30863,-0.0240884,-0.99734,-0.000176074,0.286412,0.0163302,-1.00188,0.00054813,0.320232,0.0544238,-0.998675,2.73557e-05,0.293173,0.0527899,-1.00115,0.000355573,0.298595,0.0723149,-1.00897,3.10194e-05,0.328663,0.0799517,-0.998929,-0.000141065,0.319271,0.0624543,-1.00224,-0.000117205,0.339259,0.0175505,-1.00105,0.000388401,0.285865,0.0516523,-0.996049,0.000167498,0.281773,0.0543365,-1.00039,0.000187357,0.274322,-0.000262807,-0.999799,0.000226641,0.282017,0.00795485,-1.00311,-9.54228e-05,0.253869,0.0293828,-0.999837,-6.89463e-05,0.2593,0.0258944,-0.998521,0.000198942,0.249745,0.0370828,-1.00073,-6.67782e-05,0.257108,0.0113771,-0.999989,8.00254e-05,0.200453,0.0383144,-0.999445,0.000360644,0.220332,0.0101806,-0.99707,0.000193416,0.162999,-0.0117795,-0.998166,0.000419464,0.166262,-0.0237975,-0.996132,5.09719e-05,0.175987,0.027168,-0.999281,-3.06973e-05,0.137913,0.0408148,-1.00375,-0.000151277,0.143983,0.0320585,-0.997565,-0.000669433,0.138453,0.0213171,-0.997845,-0.000207158,0.149892,0.00582765,-1.00187,-3.71713e-05,0.151335,-0.0143004,-0.999354,-0.000379447,0.112996,0.0142312,-1.00477,2.19642e-05,0.116383,0.0370522,-0.998994,-0.000155306,0.111956,0.0359004,-0.998516,-0.000121886,0.0483445,0.0514961,-0.998664,-1.88042e-05,0.0345392,0.0281667,-1.00232,0.000181765,0.0181108,-0.0158327,-1.0023,-0.000168255,0.011449,-0.00429777,-0.999529,-0.000136136,-0.0103077,-0.00933864,-0.998413,-0.000187164,0.00171445,-0.00342697,-0.998366,0.000232458,0.00208866,-0.000282099,-0.9991,0.000249466,0.0133727,-0.0088794,-1.0008,0.000264105,0.00120008,-0.00082485,-1.00136,-5.68735e-05,0.0554073,0.0109734,-1.00321,1.00354e-05,0.7,0,-1,0.196062,-0.140639,-0.0658287,0.344644,-0.243557,1.35054,0.999769,-0.0124058,-0.0175619,-0.000190295,-0.00991428,0.0221986,0.00207494,0,0,-0.388106,0.45,1,5,0.785398,0,0,0,0.0069765,0.176577,0.0498566,-2.81818,3.0443,-0.0784511,0.0102517,0.170895,0.0498841,0.551955,0.324971,0.466475,0.210961,nan,nan,nan,nan,nan,nan,nan,nan,0.0337922,-0.0582504,1.34854,729.317,453.718,626.046,308.638,-0.122007,0.0817887,-0.649622,0.156898,-0.248891,1.65164,-0.167666,0.522064,0.0976387
0.1,0.99979,-0.0152201,-0.00943049,0.0099935,0.0273927,0.00675075,-0.0134866,-0.106468,0.17021,-0.935123,0.0413177,-0.0497404,-0.0690611,0.571344,0.000139328,-1.00118,0.000451314,0.522903,-0.00674521,-1.00156,-4.22585e-06,0.453291,-0.00689502,-0.996961,-0.000469501,0.430506,-0.0155117,-0.999843,-0.000161619,0.433703,0.0325327,-0.99756,-0.000182633,0.446429,0.0725061,-1.0032,0.00028563,0.447654,0.079592,-0.996606,0.000102058,0.454403,0.0647682,-1.00323,-0.000218122,0.441768,0.0641698,-1.00084,-4.38097e-05,0.44642,0.0401868,-0.998515,0.000102148,0.424859,0.0373403,-1.00365,-4.21717e-05,0.431462,0.0574214,-0.997033,0.000211382,0.405011,0.0433072,-0.999809,0.000245004,0.39839,0.0420643,-0.997155,0.000177226,0.395356,0.0365126,-1.00532,-7.65497e-05,0.370139,0.0257561,-0.999219,0.000831543,0.398156,0.00706787,-0.998697,0.000237063,0.367696,0.02803,-1.00259,0.000231931,0.381617,0.0347804,-0.998028,-3.93211e-05,0.374239,0.0283475,-0.996686,-0.000251356,0.368042,0.0481378,-0.999182,0.000167896,0.3838,0.00816684,-1.00174,-0.000407601,0.37073,0.0626677,-0.999389,-2.2276e-05,0.377585,0.0295966,-0.998838,-0.000150247,0.37615,0.0366764,-0.997097,8.59234e-05,0.373297,0.0258795,-1.00322,6.63549e-05,0.321129,0.0413493,-0.997976,-0.000187742,0.31398,0.0461102,-0.99965,0.000335596,0.291991,0.0735103,-0.99174,-0.000130553,0.331874,0.06463,-0.996962,-2.18473e-05,0.335497,0.00614065,-0.998749,-0.000128239,0.319419,0.0266698,-1.00347,0.000628212,0.342431,0.0770832,-0.99883,3.58307e-05,0.325506,0.0886459,-1.00213,0.000311215,0.342808,0.0872167,-1.00748,0.000205137,0.376135,0.074253,-1.00051,-0.000325709,0.356537,0.0285606,-1.0028,-9.94995e-05,0.369822,0.0594356,-1.00206,0.000353195,0.326166,0.0837323,-0.997095,0.000190548,0.302918,0.0474898,-1.00033,0.000208881,0.293673,0.00827135,-0.999804,0.000225323,0.295602,0.00325247,-1.0039,6.55615e-05,0.281593,0.00846535,-0.999578,-4.91606e-05,0.274073,0.0268683,-0.998013,0.000245196,0.270296,0.0596513,-1.00159,-0.000124963,0.281717,0.032529,-0.999399,0.000149534,0.237906,0.0401225,-0.999592,0.000385763,0.22291,-0.00404974,-0.997267,0.000211612,0.185516,-0.00575857,-0.99612,0.000364647,0.188064,-0.0127776,-0.996221,-0.000252752,0.19454,0.0436859,-0.997919,-5.68417e-05,0.174518,0.0257905,-1.00421,-0.000294511,0.16645,0.0607203,-0.995957,-0.000719761,0.191179,0.034773,-0.996921,-0.000188423,0.175269,-0.013763,-1.00101,-0.0001219,0.153037,-0.0111732,-0.998968,-0.000424293,0.114371,0.0140105,-1.00602,-3.79254e-05,0.104422,0.0415795,-0.99952,-9.58298e-05,0.132434,0.0351262,-0.996407,-0.000125974,0.0785866,0.0410532,-1.00051,-1.26624e-05,0.0737021,0.0369063,-1.00297,8.98502e-05,0.0454502,0.00612574,-1.00118,0.000122555,0.0210828,-0.0188501,-1.00051,4.5638e-05,0.0326528,-0.0157542,-0.998273,-0.00011531,0.0119106,0.00251376,-0.997608,0.000343804,0.0143236,0.0148694,-1.00124,0.000182032,-0.00297076,-0.00462575,-1.00131,0.000323169,0.0457841,-0.0269935,-1.00154,-0.000166324,0.0494908,-0.00232914,-1.00205,-1.60067e-05,0.09663,0.016779,-1.00247,6.07716e-05,0.7,0,-1,0.282156,-0.157412,-0.0654268,0.557674,-0.331328,1.35116,0.999455,-0.016854,-0.0283937,-0.000398961,0.01592,-0.0211549,0.00175659,0,0,-0.387351,0.45,1,5,0.785398,0,0,0,0.00696477,0.176618,0.0498817,-0.361844,0.35306,0.40199,0.0117506,0.175061,0.0504582,0.546042,0.32905,0.469753,0.203445,nan,nan,nan,nan,nan,nan,nan,nan,0.112979,-0.11873,1.33663,725.35,458.872,628.248,305.031,-0.100465,0.101641,-0.828792,0.156295,-0.246707,1.65502,0.371713,-0.048182,-0.136686
0.12,0.999793,-0.0151036,-0.00934937,0.00990179,0.00812731,-0.0051983,-0.00628478,-0.105518,0.170222,-0.934575,0.0273566,-0.0554635,-0.0776457,0.605009,-0.0524854,-1.00191,5.69037e-05,0.51048,-0.0226405,-0.998218,-0.000203916,0.489359,0.0111921,-1.00031,-0.000206447,0.498196,0.0110059,-0.998822,-9.02746e-05,0.485261,0.0718478,-1.00246,0.000367007,0.505823,0.078158,-0.994914,0.000168403,0.49407,0.0703558,-1.00567,-0.000323355,0.466476,0.0615522,-1.00219,-4.62149e-05,0.493594,0.0535997,-0.99909,0.000176887,0.450185,0.0217671,-1.00403,-8.66437e-05,0.425048,0.0770722,-0.996361,3.62672e-05,0.40942,0.0853691,-0.999938,-8.12979e-05,0.440941,0.0490659,-0.997334,-7.80134e-05,0.437005,0.0553792,-1.00643,-0.000372916,0.406271,0.0587233,-0.999546,0.000892914,0.416447,0.0315015,-0.998244,0.000114699,0.397485,0.0507719,-1.00339,0.000119839,0.417277,0.0210476,-0.995873,0.000140991,0.403204,0.0496245,-0.996954,-0.000305876,0.396582,0.012088,-0.996805,-9.09791e-05,0.363264,0.0156544,-1.0019,-0.000301727,0.411799,0.0301142,-1.00234,-4.27178e-05,0.38472,0.0278932,-0.998823,-0.000315955,0.388853,0.0577056,-0.996383,-6.01624e-05,0.383729,0.0733506,-1.00431,0.000181024,0.391409,0.0721024,-0.99905,-5.82375e-05,0.352737,0.071204,-0.999895,0.000230434,0.336143,0.0333448,-0.992162,-2.83145e-05,0.323247,0.0242304,-0.997069,-4.34637e-05,0.339858,0.0162264,-0.998412,-0.000327875,0.336047,0.0638293,-1.00414,0.000574784,0.348736,0.0736157,-0.997974,-0.000223473,0.339329,0.0939132,-1.00233,0.000288215,0.344475,0.0940072,-1.0096,0.000448834,0.385547,0.0570569,-1.00097,-0.000381762,0.373051,0.074587,-1.00295,-0.000143553,0.384846,0.0599325,-1.00149,0.000213144,0.329266,0.0619703,-0.996748,6.06899e-05,0.332289,0.0299499,-0.998924,0.000220635,0.317259,0.0111866,-1.00104,0.00045962,0.322422,-0.00593927,-1.00272,0.000177737,0.335567,0.02839,-0.998393,-6.59721e-05,0.333129,0.0268742,-0.997887,0.00020358,0.328752,0.0513535,-1.00214,-0.000119578,0.311226,0.0330821,-1.0003,-8.65691e-05,0.253866,0.0263787,-0.999911,0.000401572,0.21796,0.0190238,-0.996048,0.000284986,0.2256,-0.0217669,-0.995396,0.00041866,0.221586,-0.00844195,-0.995872,-0.000188183,0.215029,0.0170865,-0.999003,0.000115797,0.211919,0.021687,-1.00383,-0.000317844,0.189358,0.0529097,-0.994357,-0.000883709,0.213725,0.086663,-0.99735,-0.000256679,0.205401,0.0164814,-1.00022,-0.000114111,0.189154,-0.0034168,-0.998831,-0.000420525,0.163665,0.0222458,-1.0052,-0.000163429,0.142965,0.0224316,-0.999783,-8.12217e-05,0.174048,0.00652328,-0.996537,-0.000369874,0.103841,0.0124118,-1.00041,0.000117437,0.106757,0.0214076,-1.00355,1.85309e-05,0.0823327,0.0108798,-0.999827,-2.0782e-06,0.0586326,-0.0405721,-1.0012,3.57267e-05,0.0287936,-0.0280659,-0.998971,-0.000146917,0.0335654,0.0181646,-0.999196,0.000221353,0.0147898,0.0349856,-1.00132,0.000268341,0.0438687,-0.0364723,-1.00156,0.000396332,0.0524558,-0.030408,-1.00148,1.04401e-05,0.0690242,0.00220058,-1.00266,-2.64617e-05,0.0791626,0.0154397,-1.00271,7.65216e-05,0.116437,0.0364446,-1.00202,-0.000113585,0.7,0,-1,0.458267,-0.129748,-0.0687668,0.880353,-0.229405,1.28836,0.99893,-0.0116378,-0.0447469,-0.000470768,0.0174575,-0.084727,-0.0573029,0,0,-0.388271,0.45,1,5,0.785398,0,0,0,0.00703743,0.176542,0.0498913,-1.85272,2.50447,0.110151,0.0216496,0.159806,0.0506827,0.539523,0.335043,0.468578,0.203501,nan,nan,nan,nan,nan,nan,nan,nan,-0.0126294,-0.104606,1.25284,720.608,466.399,627.917,302.339,-0.185739,0.0974704,-1.0385,0.154685,-0.244447,1.66788,-0.698054,-0.286155,-0.429228
0.14,0.999786,-0.015661,-0.00929794,0.00982202,-0.0447362,0.0131836,-0.00883737,-0.104309,0.170008,-0.934098,0.0293524,-0.0538405,-0.0698075,0.562597,0.00387862,-0.998206,-0.000163039,0.565733,0.00785037,-0.999853,-0.000207211,0.549565,-0.00879938,-0.998345,-0.000169947,0.527004,0.0383047,-1.00323,0.000554584,0.519817,0.0557639,-0.994077,9.27182e-05,0.4988,0.0715191,-1.00415,-0.000422317,0.474017,0.0583578,-1.00485,-5.56553e-05,0.510436,0.0629102,-0.99816,0.000164837,0.487408,0.0238275,-1.00493,0.000111686,0.455314,0.0797473,-0.995862,0.000107657,0.467155,0.0772651,-0.996878,-0.000101606,0.426241,0.0457851,-0.999441,-0.000204876,0.449528,0.0528565,-1.00541,-0.000413176,0.397767,0.055444,-1.00017,0.00106431,0.431699,0.0313825,-0.99862,8.51035e-05,0.413035,0.0503865,-1.00401,0.000140778,0.403159,0.053598,-0.996466,0.000282769,0.441434,0.0423765,-0.996845,-9.03368e-05,0.406945,0.0188443,-0.998633,0.000254517,0.380903,0.0178134,-1.00327,-0.000307249,0.388461,0.0263461,-1.0049,6.66031e-05,0.40473,0.0238827,-0.999039,-0.00026553,0.393268,0.075452,-0.998142,6.96198e-06,0.399384,0.0850212,-1.00502,6.02537e-06,0.383079,0.0655501,-1.00008,2.55249e-06,0.35621,0.0427694,-0.999922,9.04152e-05,0.366212,0.0141536,-0.990366,-3.32541e-05,0.344444,0.0421107,-0.995755,-6.56153e-05,0.362828,0.027907,-0.996333,-0.000355273,0.366843,0.0505487,-1.00557,0.000513929,0.358204,0.0811751,-0.997538,-6.01293e-05,0.356146,0.11817,-1.00237,0.000382433,0.360463,0.0838707,-1.00967,0.000418099,0.374133,0.0641988,-0.999269,-0.000576845,0.393144,0.061926,-1.00437,-0.000324968,0.377547,0.0443178,-1.00048,0.000148804,0.386069,0.0669835,-0.995851,5.088e-05,0.352676,0.0484552,-0.998479,0.000357943,0.35123,0.0148103,-0.999894,0.000358309,0.349483,0.0335177,-1.0028,0.000181394,0.359022,0.00778866,-0.998315,2.09903e-05,0.357155,0.027365,-0.998424,5.22228e-05,0.339043,0.0484658,-1.00199,-0.000140362,0.303564,0.0203446,-0.999278,-9.6866e-05,0.276952,-0.00345421,-0.999845,0.000346751,0.238051,-0.00551195,-0.994855,0.000116297,0.264468,-0.00947471,-0.99527,0.000420822,0.245166,0.0181686,-0.996257,-9.88551e-05,0.254154,0.0410338,-0.999103,0.00011446,0.235803,0.0613891,-1.00426,-0.000487022,0.23284,0.0746498,-0.995525,-0.000888843,0.262086,0.102267,-0.995653,-5.51124e-05,0.223684,0.0215713,-1,-0.00018199,0.220701,0.00669566,-0.999538,-0.000415326,0.180368,0.0289712,-1.00392,-0.000173274,0.187869,0.018833,-0.998114,-3.80644e-05,0.171728,0.0234312,-0.996277,-0.000331834,0.153566,-0.00725415,-1.00187,0.000122206,0.152345,0.0395939,-1.00167,1.10975e-05,0.0815723,-0.0324258,-1.00057,-0.000105594,0.0883068,-0.0359153,-1.00002,-2.09958e-05,0.0297017,-0.0283949,-0.999365,3.7598e-06,0.041979,0.0228885,-0.998753,0.000106584,0.0339751,0.0134099,-1.00192,0.000342714,0.0538405,-0.0198551,-1.00076,0.000508458,0.0695159,-0.0285866,-1.0011,4.39666e-05,0.104602,0.0129055,-1.00252,-3.55838e-05,0.123885,0.0148885,-1.00196,4.64746e-05,0.0932561,0.0287052,-1.00296,-6.24305e-05,0.107884,0.0232441,-1.00271,-0.000288933,0.7,0,-1,0.541915,-0.0978562,-0.0727139,1.14212,-0.0719162,1.31811,0.998314,-0.00363865,-0.0579382,-0.000164015,0.0615211,-0.0726152,-0.0564154,0,0,-0.38931,0.45,1,5,0.785398,0,0,0,0.00714532,0.176448,0.0498987,1.96092,-1.71357,-0.274652,0.0115304,0.168438,0.0483679,0.534011,0.343214,0.457283,0.218576,nan,nan,nan,nan,nan,nan,nan,nan,0.105562,0.00778022,1.32974,715.549,476.615,624.434,314.572,-0.191221,0.131055,-1.16243,0.154615,-0.254693,1.63117,0.0997906,0.0811527,0.391909
0.16,0.999786,-0.0158646,-0.00901375,0.0097917,-0.0462236,0.0643217,-0.00510648,-0.103859,0.169958,-0.933897,0.0352154,-0.0559625,-0.0689097,0.599433,-0.0203678,-0.998317,-0.000158722,0.584237,-0.0424797,-0.99759,-0.000224528,0.549895,0.0183837,-1.0015,0.000398256,0.527253,0.0611257,-0.993983,3.73696e-05,0.515482,0.075049,-1.00255,-0.000451155,0.509354,0.087987,-1.00418,-0.00015517,0.529129,0.0627738,-0.997821,0.000321359,0.500139,0.0541218,-1.00565,0.000263516,0.471504,0.100448,-0.994781,7.98148e-05,0.480472,0.0832713,-0.996721,-4.72455e-05,0.446209,0.0747903,-1.00155,-0.000225277,0.46222,0.0693061,-1.00498,-0.00047951,0.441432,0.0557246,-1.00038,0.00109914,0.449275,0.0636032,-0.99813,-1.43156e-05,0.420132,0.0681396,-1.00528,3.00794e-05,0.413085,0.0644071,-0.99712,0.000242184,0.436247,0.0251278,-0.998967,0.000148126,0.393842,0.0411525,-0.999582,0.000259501,0.379064,0.00724806,-1.00297,-0.000480424,0.413355,0.0259378,-1.00427,0.000258594,0.41125,0.0621435,-0.998513,-0.000165172,0.405281,0.0830777,-0.997625,-4.70213e-05,0.393074,0.0683574,-1.00287,8.60241e-05,0.39473,0.0821831,-0.999708,-0.000103278,0.367717,0.0269907,-0.998971,-0.000109014,0.395557,0.0430004,-0.989311,9.49104e-05,0.354052,0.0359268,-0.996423,-0.000116991,0.365703,0.0505454,-0.998094,-0.000295124,0.377921,0.0402389,-1.00605,0.000553006,0.370818,0.0825146,-0.999058,0.000103475,0.376806,0.094296,-1.00259,0.000414554,0.376314,0.0801239,-1.01181,0.000294746,0.379361,0.0916869,-1.0011,-0.000574538,0.401577,0.0405928,-1.00591,-0.000394712,0.397742,0.0320241,-0.999584,0.000100152,0.39971,0.0427456,-0.994208,1.22742e-05,0.381894,0.065504,-0.996416,0.000444736,0.388551,0.0384729,-0.998397,0.000561446,0.351738,0.0427107,-1.00217,0.000364953,0.371003,0.0194891,-0.999189,-1.38093e-05,0.366924,0.0344984,-0.997734,-8.99397e-05,0.318535,0.0523006,-1.00177,-2.88484e-05,0.312259,0.0271373,-1.00129,-5.94539e-05,0.297861,0.0183928,-0.999103,0.000199289,0.253698,0.0137696,-0.993452,9.87661e-05,0.286793,-0.0062687,-0.997127,0.000439044,0.293095,-0.0118738,-0.997448,-0.000176725,0.281856,0.0470948,-1.00146,-5.46888e-05,0.248415,0.0815384,-1.00466,-0.000362144,0.267893,0.0849065,-0.995793,-0.000743653,0.294686,0.0741635,-0.996669,-9.60934e-05,0.26809,0.0287103,-1.00069,-0.000215472,0.235002,-0.00517508,-1.00063,-0.000564478,0.190569,0.0314148,-1.00249,-0.00031909,0.212999,0.0202375,-0.997544,-0.000192483,0.196866,0.0151265,-0.996753,-0.00017052,0.21228,0.0296733,-1.00256,0.000201155,0.16725,0.0302818,-0.999612,-0.000185642,0.110882,0.00354605,-1.00011,8.28878e-06,0.0985417,-0.00706635,-1.00016,0.000129432,0.0800849,-0.0107858,-0.999236,4.48245e-06,0.07918,0.018229,-0.999549,3.22918e-05,0.0815765,0.00416831,-1.0025,0.000271498,0.0991097,-0.0159724,-1.0009,0.00059714,0.100073,-0.0124963,-0.999496,0.000157551,0.122426,0.0216116,-1.00075,-4.00744e-05,0.104941,0.017016,-1.00454,-5.68988e-05,0.0993329,0.0164318,-1.00363,-7.831e-05,0.138117,-0.0115817,-1.00159,-0.00017402,0.158117,0.0111981,-1.00246,-0.000301295,0.7,0,-1,0.598255,-0.137244,-0.0733741,1.12576,-0.280422,1.2753,0.998064,-0.0150499,-0.0603484,-0.000685555,0.0137431,-0.145701,-0.0575251,0,0,-0.388368,0.45,1,5,0.785398,0,0,0,0.00729837,0.176153,0.0498422,2.74664,-3.66358,-0.0685418,-0.00366618,0.174042,0.0463967,0.543272,0.331453,0.469918,0.212596,nan,nan,nan,nan,nan,nan,nan,nan,0.015279,-0.131166,1.29316,714.257,472.967,628.425,312.581,-0.176886,0.14622,-1.3221,0.149801,-0.257747,1.64158,0.29315,-0.106101,0.0448897
0.18,0.999786,-0.0155566,-0.00963867,0.00967474,0.0310871,-0.0838188,-0.00877565,-0.102078,0.16959,-0.933333,0.0314309,-0.0499968,-0.0751309,0.638752,-0.0765311,-0.996499,-0.00011356,0.59802,0.0110586,-1.00119,0.000470931,0.557739,0.0571784,-0.993898,-0.000110723,0.523345,0.0527884,-1.00363,-0.000446173,0.551081,0.0891022,-1.00478,-5.02608e-05,0.504106,0.0328937,-0.996195,0.000293322,0.506412,0.0341416,-1.0048,0.000353668,0.494232,0.0608349,-0.99568,0.000185351,0.509732,0.0718787,-0.997439,-0.000156836,0.506363,0.0462414,-1.00013,-0.000179031,0.463983,0.0757825,-1.00405,-0.000439388,0.443915,0.0358359,-1.00088,0.00110719,0.484815,0.0281718,-0.997603,-9.64974e-05,0.44462,0.037215,-1.00541,2.54281e-05,0.427939,0.0548748,-0.997728,0.000198128,0.429725,0.0442255,-0.999976,0.000133649,0.397072,0.0638007,-0.998944,0.000146751,0.393281,0.0388447,-1.00374,-0.000710559,0.408214,0.0528306,-1.00341,0.000267498,0.402603,0.0707844,-0.999205,-9.12437e-05,0.430173,0.0957508,-0.998823,-3.02721e-05,0.388793,0.106487,-1.00197,0.000236177,0.403492,0.070058,-1.00006,-2.68193e-05,0.363032,0.0256299,-0.998995,-7.77402e-05,0.368975,0.0398504,-0.989142,8.39418e-05,0.348809,0.0514005,-0.99523,-8.30882e-05,0.364754,0.109653,-0.996814,-0.000166884,0.36549,0.081273,-1.00554,0.000635827,0.371215,0.0589577,-0.998949,0.000317327,0.364822,0.0996129,-1.004,0.000398936,0.375095,0.0803057,-1.0126,0.000278833,0.380053,0.0616188,-1.00057,-0.000520505,0.43695,0.0570004,-1.0057,-0.000422563,0.408783,0.03522,-1.00215,0.000173808,0.417233,0.0488585,-0.994943,0.000151967,0.372507,0.059585,-0.997574,0.000382258,0.373154,0.0376852,-0.999533,0.000763355,0.374507,0.000955266,-1.00192,0.000217683,0.384166,0.0364671,-0.997957,-0.000176962,0.381988,0.0429354,-0.998689,-9.68393e-05,0.346573,0.0602287,-1.0017,-0.000140656,0.314466,0.0466566,-1.00152,2.6533e-05,0.282618,0.059915,-0.997902,0.000133579,0.279433,0.00936456,-0.992094,0.000117826,0.32784,0.0255718,-0.99668,0.000567251,0.310861,0.0299672,-0.996646,-0.000151751,0.325344,0.0334243,-1.00226,-2.26581e-05,0.332073,0.0800434,-1.00586,-0.000329925,0.285095,0.0862061,-0.996168,-0.000515765,0.297431,0.0688086,-0.996353,-9.52777e-06,0.301666,0.0405306,-1.00214,-0.000252572,0.248338,0.0213883,-1.0002,-0.000386782,0.223764,0.0354595,-1.00302,-0.000196113,0.199273,0.0255917,-0.997974,-0.000341237,0.19548,-0.00222354,-0.99536,-0.000414371,0.236439,0.00763932,-1.00391,0.000217817,0.201835,0.00888233,-1.00063,7.82656e-05,0.147713,-0.00876882,-1.00022,0.000167019,0.119678,0.0146603,-1.00074,-0.000192458,0.114641,0.0196177,-1.00044,-5.75393e-05,0.100177,0.00858477,-1.00096,0.000107759,0.0774531,0.004716,-1.00477,0.000232529,0.113909,0.0183336,-1.00078,0.000598366,0.116881,0.0182402,-0.997645,0.000150055,0.136811,0.00434778,-0.99877,-5.34056e-05,0.12014,-0.0027933,-1.00553,-3.85228e-05,0.141467,0.00636823,-1.00411,5.93311e-05,0.146479,-0.0179842,-1.00118,-6.72252e-05,0.153799,-0.00228372,-1.00143,-0.000197719,0.16629,0.0447461,-1.00237,-2.83745e-05,0.7,0,-1,0.635001,-0.160141,-0.0717466,1.19035,-0.297724,1.29641,0.998064,-0.0150499,-0.0603484,-0.000685555,-0.00644344,-0.275677,-0.0592284,0,0,-0.391092,0.45,1,5,0.785398,0,0,0,0.00753083,0.175771,0.0496927,0.363114,-1.92881,-0.701455,-0.00517932,0.172545,0.0453395,0.54714,0.319354,0.448853,0.235088,nan,nan,nan,nan,nan,nan,nan,nan,-0.0218113,-0.0625873,1.28287,714.544,466.425,622.386,336.682,-0.211833,0.20136,-1.51579,0.160239,-0.253118,1.62591,-0.189227,0.298287,-0.31106
0.2,0.99979,-0.0148822,-0.0105322,0.00932517,0.0376842,-0.056359,-0.0378313,-0.100648,0.169462,-0.931936,0.0362681,-0.055491,-0.0562146,0.649393,-0.0320744,-0.999287,0.000467465,0.620205,0.0396251,-0.992289,-1.44919e-05,0.589598,0.0319802,-1.00301,-0.000398505,0.59269,0.0601771,-1.00557,-2.44819e-05,0.539143,0.0522008,-0.996677,0.000287401,0.47987,0.0200923,-1.00435,0.000526444,0.514402,0.0625018,-0.993997,0.000221008,0.52809,0.0784168,-0.996551,4.98869e-05,0.504884,0.0488165,-0.998502,-8.61283e-05,0.480855,0.12025,-1.00358,-0.000343929,0.466904,0.0432234,-1.00037,0.0012605,0.475086,0.0432621,-0.999317,-3.01461e-05,0.446265,0.0308066,-1.0071,4.87852e-05,0.422541,0.050061,-0.997606,0.00034521,0.429162,0.0281388,-0.999849,7.84657e-05,0.39095,0.0528769,-0.998862,4.62857e-05,0.381969,0.0523064,-1.00334,-0.000801856,0.406653,0.048759,-1.0032,0.000363651,0.402567,0.0665079,-0.998742,-0.000164964,0.438108,0.0969805,-0.99745,-8.53879e-05,0.4038,0.0854249,-1.00356,4.209e-05,0.4157,0.0705456,-0.999989,6.63411e-06,0.365298,0.0526062,-0.998836,-8.54636e-05,0.346841,0.0402205,-0.99007,-1.7568e-05,0.337225,0.0647476,-0.993362,-0.000133676,0.37441,0.104099,-0.99752,-0.00010458,0.370349,0.0707894,-1.00617,0.000694954,0.395901,0.0450947,-0.99773,0.000172335,0.390753,0.0959398,-1.00319,0.000528444,0.400584,0.080978,-1.01246,0.000220437,0.427841,0.0642071,-1.00108,-0.000569032,0.438053,0.0314334,-1.00507,-0.000282975,0.40184,0.0527022,-1.00227,0.000131567,0.425919,0.044578,-0.994798,5.73025e-05,0.384857,0.0574244,-0.998083,0.000280379,0.40186,0.0376747,-0.999271,0.000760873,0.405464,0.0228497,-1.0026,0.000288568,0.386262,0.0450335,-0.99765,-0.000265627,0.38923,0.0537845,-0.99976,0.00017656,0.338774,0.0660584,-1.00049,-0.00027721,0.324223,0.0552825,-0.999199,0.000133006,0.345663,0.0575856,-0.996905,0.000182074,0.323604,0.0274519,-0.992116,0.000194236,0.369283,0.0342983,-0.9962,0.000543289,0.350701,0.0309741,-0.995484,-5.79972e-05,0.353224,0.0339086,-0.999878,0.000110956,0.33356,0.090216,-1.00545,-0.000314821,0.285951,0.0926035,-0.994946,-0.00057379,0.318086,0.0615238,-0.996301,-1.01024e-05,0.332411,0.0343688,-1.00378,-0.000340009,0.301172,0.0424192,-0.999072,-0.00029987,0.236522,0.0453322,-1.00308,-0.000107632,0.218382,0.0308107,-0.997143,-0.000283423,0.195657,0.0145823,-0.996349,-0.000444534,0.186796,-0.00162593,-1.00131,0.000273817,0.179859,0.00232159,-1.00033,0.000170283,0.159412,0.00239787,-1.00082,0.000134441,0.127653,0.027575,-1.00038,-0.000344805,0.127578,0.0193824,-1.00115,-0.000219875,0.14456,-0.000761662,-1.00069,0.00027704,0.142886,0.0228194,-1.00502,6.48845e-05,0.165595,0.00403563,-1.00041,0.000733457,0.138941,0.00270284,-0.997239,0.000380784,0.151399,0.0219552,-0.998871,-6.95382e-05,0.14038,-0.0152157,-1.00653,-1.82686e-05,0.153648,-0.00548579,-1.0071,7.66569e-05,0.149987,-0.0311306,-1.00149,-0.000214021,0.177557,0.0329263,-1.00356,-5.92028e-05,0.131546,0.0689604,-1.00074,-8.52777e-05,0.169521,0.0426307,-1.00289,3.30347e-05,0.7,0,-1,0.66577,-0.209783,-0.0732813,1.25586,-0.331298,1.26437,0.997833,-0.0167155,-0.0636319,-0.00103767,0.0482492,-0.281614,-0.0555174,0,0,-0.391436,0.45,1,5,0.785398,0,0,0,0.00740167,0.175579,0.0496475,0.318683,-4.32769,-0.948161,0.000207255,0.166049,0.0452901,0.549436,0.323065,0.442922,0.248946,nan,nan,nan,nan,nan,nan,nan,nan,0.0124352,-0.0347962,1.33264,717.015,462.678,616.129,355.174,-0.205187,0.198189,-1.5804,0.175399,-0.243003,1.59191,0.241859,-0.274714,0.945814
0.22,0.99979,-0.0144016,-0.0115005,0.00891216,0.057357,-0.136741,-0.050665,-0.099663,0.169314,-0.931133,0.0238462,-0.0706068,-0.067684,0.663621,0.00923151,-0.991633,9.14491e-05,0.643594,0.011646,-1.00313,-0.000474772,0.623709,0.0255694,-1.00636,-0.000293166,0.564449,0.0284826,-0.998103,0.000197681,0.515787,0.0300179,-1.00226,0.000547151,0.527589,0.0345517,-0.992558,0.000298685,0.544023,0.0459061,-0.996613,0.000144686,0.520763,0.0219703,-0.997653,-5.42368e-05,0.489963,0.0696268,-1.00314,-0.000391972,0.484787,0.0452017,-1.00131,0.00128252,0.447296,0.0218139,-0.995536,-8.73732e-06,0.437558,0.00478593,-1.00677,-8.38675e-05,0.411151,0.0258642,-0.996689,0.000571371,0.402923,0.042729,-0.999907,0.000117489,0.399058,0.0617272,-0.998089,0.000116749,0.394977,0.0525018,-1.00175,-0.000928868,0.38131,0.0625802,-1.00304,0.000362957,0.389046,0.0692002,-0.998627,-0.000139972,0.442392,0.0984303,-0.997247,-0.000117678,0.415235,0.0952421,-1.00198,4.11119e-06,0.420668,0.104202,-1.00057,-4.39462e-05,0.367292,0.0830727,-0.998756,-0.000403479,0.362653,0.0476838,-0.990033,-0.000250739,0.332938,0.0860992,-0.993251,-0.000128706,0.374681,0.0930532,-0.9966,4.96471e-05,0.362179,0.0881063,-1.00653,0.000758609,0.381741,0.0834548,-0.996439,0.000120017,0.384888,0.121103,-1.00334,0.00060011,0.394516,0.08445,-1.01261,0.000367772,0.421687,0.059954,-1.00243,-0.000657883,0.442126,0.0355446,-1.00366,-0.000321697,0.424216,0.0504734,-1.00087,0.000110637,0.426337,0.0311575,-0.994562,0.000173696,0.394829,0.0281327,-0.998374,0.000268396,0.416516,0.0256298,-0.999329,0.000607081,0.400193,0.00757802,-1.00169,0.000295491,0.408863,0.0505161,-0.998652,-0.000156741,0.422816,0.032534,-1.00039,4.01767e-06,0.373496,0.021212,-1.00003,-0.000305836,0.33815,0.0266601,-1.00063,8.88015e-05,0.361435,0.0396755,-0.996895,-1.59557e-05,0.304657,0.0494774,-0.99107,8.17635e-05,0.363718,0.068429,-0.996733,0.00052617,0.348563,0.0542062,-0.995551,0.00013006,0.369917,0.0664297,-0.999508,1.83741e-05,0.352898,0.104539,-1.00454,-0.000423346,0.336104,0.112935,-0.995001,-0.000584224,0.334028,0.077466,-0.996131,-1.32455e-05,0.364453,0.0401574,-1.00351,-0.000442553,0.332924,0.0260401,-0.999514,-0.000164777,0.300902,0.0488355,-1.00087,-0.00010103,0.259411,0.050706,-0.999314,-0.000358831,0.226734,0.0541255,-0.997085,-0.000428019,0.218621,0.027898,-1.00094,0.000176159,0.185274,0.022241,-1.00032,7.69188e-05,0.164765,0.0102005,-0.999704,-1.89416e-05,0.149894,0.0114301,-0.999535,-0.000349869,0.161085,0.00768782,-1.00086,6.54607e-05,0.169926,0.0190286,-1.00193,0.000262828,0.155449,0.00716637,-1.00595,0.000115828,0.163707,0.0131933,-1.00015,0.000690068,0.129825,0.016509,-0.99638,0.00061604,0.142154,0.00926839,-0.998388,1.40353e-05,0.144085,-0.0140284,-1.00693,-3.58602e-05,0.166365,-0.0256263,-1.0073,0.000105701,0.17053,-0.0354004,-1.00057,-8.6126e-05,0.191179,0.0306912,-1.00222,-0.000161368,0.143791,0.102286,-1.00116,-6.08109e-06,0.146415,0.0842644,-1.00301,-0.000157287,0.172772,0.0620093,-1.00267,2.3768e-05,0.7,0,-1,0.624168,-0.156051,-0.0707934,1.14484,-0.290775,1.30512,0.998204,-0.014691,-0.0580698,-0.000935754,0.0657869,-0.351792,-0.0534814,0,0,-0.392281,0.45,1,5,0.785398,0,0,0,0.00704176,0.174742,0.0495723,-1.87323,-5.42832,-0.467253,0.0161869,0.171244,0.046687,0.533887,0.343163,0.47161,0.220467,nan,nan,nan,nan,nan,nan,nan,nan,-0.0941638,-0.185634,1.31756,712.815,476.526,630.294,345.738,-0.28669,0.146457,-1.78494,0.193939,-0.23847,1.47192,-0.621096,-0.755786,-0.573472
0.24,0.999747,-0.0140386,-0.0156582,0.0079269,-0.0121363,-0.271657,-0.0583655,-0.0976669,0.168842,-0.929713,0.0441058,-0.0574805,-0.061453,0.700162,-0.030673,-1.00233,-0.000371292,0.636643,0.0124374,-1.00856,-0.000328654,0.592464,0.00507924,-0.997215,0.00018748,0.530375,0.0314525,-1.00487,0.000478252,0.543645,0.00869695,-0.992098,0.000421423,0.555594,0.0236271,-0.995232,0.000119274,0.527781,0.0349104,-0.995447,-0.000122285,0.501035,0.0414806,-1.00274,-0.000302734,0.500755,0.0155033,-1.00117,0.00127021,0.444886,0.0150297,-0.994218,0.00015974,0.434214,0.0155413,-1.00721,4.06626e-07,0.376341,0.0566419,-0.995763,0.000609358,0.393883,0.0860715,-0.998559,0.000194411,0.374212,0.092711,-0.996581,0.000246835,0.386533,0.0508163,-0.999848,-0.000941706,0.351268,0.0643538,-1.00191,0.000179065,0.392378,0.083158,-0.996992,-0.00032801,0.421605,0.120468,-0.996302,-0.000210131,0.415504,0.0873547,-1.00171,-6.2588e-06,0.398147,0.098454,-1.00231,-4.96825e-05,0.379837,0.0868319,-1.00003,-0.000344336,0.354247,0.0547823,-0.988825,-0.000218095,0.352488,0.0806719,-0.992885,-0.000167342,0.370816,0.070044,-0.9974,-7.48796e-05,0.352651,0.0733561,-1.00847,0.000760608,0.344475,0.0590608,-0.997925,8.20482e-05,0.401317,0.0939128,-1.00408,0.000717549,0.413421,0.0920768,-1.01143,0.000580925,0.415061,0.0637025,-1.00406,-0.00058906,0.430754,0.0299608,-1.00326,-0.000330244,0.450078,0.0408777,-1.00048,0.000215676,0.432229,0.0337927,-0.995398,0.000131283,0.404538,0.0288714,-0.998134,0.000301731,0.413485,0.018346,-0.998611,0.000646806,0.4237,0.0178407,-1.00276,0.000418765,0.41336,0.0537924,-0.999427,3.44968e-05,0.409064,0.0364677,-1.00013,-3.9263e-05,0.38845,0.00705764,-0.998625,-0.000287998,0.361238,0.0236962,-0.999195,6.03303e-05,0.359051,0.0419435,-0.997389,8.3416e-05,0.325091,0.0559467,-0.990357,-5.81565e-05,0.368763,0.0628731,-0.996029,0.000652235,0.361511,0.0574607,-0.997411,0.000171872,0.386972,0.0638174,-1.00143,0.000146531,0.381663,0.0894088,-1.00555,-0.00035925,0.385416,0.109182,-0.995257,-0.000639886,0.364252,0.0452857,-0.994849,2.84689e-05,0.376472,0.0400281,-1.00319,-0.000407067,0.33381,0.0568041,-1.00038,-0.000122861,0.358184,0.0558152,-1.0001,-0.000110019,0.292141,0.0980611,-0.998725,-0.000309314,0.288379,0.0625583,-0.997645,-0.000280454,0.235834,0.0366131,-0.99894,0.000139303,0.24112,0.0426176,-1.00137,5.73884e-06,0.195583,0.0409952,-0.999248,-0.000158899,0.169953,0.014506,-0.996443,-0.000516494,0.18391,-0.00124143,-1.00251,6.38551e-06,0.17775,0.00178736,-1.00326,0.000403809,0.185118,0.0300459,-1.00733,7.68142e-05,0.153962,0.00644246,-1.00143,0.000610116,0.125464,0.039576,-0.996244,0.000535958,0.149341,0.038114,-0.997498,-0.000247243,0.153234,0.00741216,-1.00736,7.02291e-05,0.180163,-0.0206399,-1.00495,2.92992e-05,0.18349,-0.00191611,-1.0018,4.26792e-05,0.175613,0.0251179,-1.00223,-0.000116698,0.147011,0.0917831,-1.00087,0.000108046,0.155193,0.0733728,-1.00381,-0.000101643,0.170568,0.0840658,-1.0025,1.91696e-05,0.18818,0.0571149,-1.003,0.000105172,0.7,0,-1,0.657238,-0.178722,-0.0723215,1.20962,-0.356793,1.28484,0.997955,-0.018007,-0.0613167,-0.00118532,-0.00685857,-0.3307,-0.0514387,0,0,-0.39421,0.45,1,5,0.785398,0,0,0,0.00718584,0.174018,0.0495707,-0.320849,-3.86502,0.103565,0.00353111,0.178562,0.0479414,0.574151,0.309048,0.476789,0.216852,nan,nan,nan,nan,nan,nan,nan,nan,0.0379749,-0.104037,1.32831,743.308,465.84,636.269,337.434,-0.212452,0.235965,-1.87704,0.27059,-0.23876,1.23251,1.01298,0.656313,0.311552
0.26,0.999728,-0.0140713,-0.0169543,0.00762082,-0.011743,-0.285902,-0.0714235,-0.0970787,0.168709,-0.929438,0.0456979,-0.0592594,-0.0615268,0.67694,-0.0218536,-1.00728,-0.000204577,0.617509,-0.0203677,-0.99606,0.000319637,0.553698,0.032807,-1.00536,0.000558872,0.553074,0.0314531,-0.992441,0.000408487,0.588291,0.0537573,-0.994288,2.39149e-05,0.538835,0.0361863,-0.996997,-0.000264362,0.524888,0.0191691,-1.00099,-0.000484673,0.499309,0.00372161,-1.00164,0.00115115,0.454097,0.0098597,-0.993403,0.000246536,0.436125,0.0523261,-1.00804,-8.52744e-05,0.373988,0.0772488,-0.997816,0.000474791,0.385831,0.0646487,-0.998341,0.000300403,0.394549,0.0883212,-0.995651,0.000467976,0.382981,0.0696866,-1.00063,-0.000963243,0.370948,0.0756476,-1.00406,0.000123508,0.386373,0.0765517,-0.997093,-0.00043119,0.371323,0.107481,-0.997547,-0.000425281,0.382965,0.108151,-1.00258,-3.4886e-05,0.382411,0.0918297,-1.00126,7.53975e-05,0.370441,0.070401,-0.999256,-0.000136782,0.354098,0.0995358,-0.988657,1.29261e-05,0.35504,0.0859253,-0.99066,-7.99343e-05,0.351078,0.110906,-0.996033,3.64561e-05,0.373312,0.092619,-1.00618,0.000666058,0.376362,0.0601308,-0.995973,4.13634e-05,0.407359,0.0781408,-1.00459,0.000812895,0.409049,0.0899134,-1.01066,0.000484189,0.418019,0.0760004,-1.00478,-0.000510021,0.440201,0.038695,-1.00264,-0.000436129,0.423272,0.0474271,-1.00208,0.000138944,0.419391,0.0159775,-0.997389,0.000245539,0.405486,-0.00146078,-0.995744,0.000378063,0.430106,0.025529,-0.999315,0.000597981,0.426637,0.0166143,-1.00336,0.000477421,0.397804,0.0210806,-0.998433,0.000101785,0.434455,0.0249951,-1.00121,-2.86439e-05,0.422723,-0.00159129,-0.999172,-0.000460421,0.392838,0.0093748,-0.997984,-4.97664e-06,0.378404,0.0688393,-0.996945,-2.68506e-05,0.352631,0.0781291,-0.990152,-3.03972e-05,0.382834,0.0739433,-0.995782,0.000693556,0.398862,0.0464691,-0.999337,0.000167694,0.386201,0.0582633,-1.00042,-0.00010093,0.411826,0.0598526,-1.00516,-0.000213343,0.384153,0.0993128,-0.996422,-0.000720378,0.40045,0.0378304,-0.995574,0.000139733,0.397708,0.0696009,-1.00216,-0.000451055,0.3801,0.0772101,-1.00201,-0.000184447,0.375158,0.0705278,-0.999623,-1.24455e-05,0.294827,0.0633311,-0.997858,-0.000452651,0.274656,0.0636988,-0.997926,-0.000266336,0.277101,0.0463636,-0.999039,9.03538e-05,0.243137,0.068496,-1.00176,-9.25718e-05,0.216873,0.0251186,-0.998806,-0.000273592,0.169538,-0.00910956,-0.995995,-0.000416305,0.218882,0.0126299,-1.00269,-9.94645e-05,0.206653,0.0205121,-1.00383,0.000386882,0.188597,0.0159485,-1.00683,2.49968e-05,0.169355,0.0605412,-1.0006,0.000616449,0.175825,0.0399158,-0.996141,0.000694374,0.173301,0.0244917,-0.994696,-7.73346e-05,0.173284,-0.0173574,-1.00911,9.15948e-05,0.195423,-0.003689,-1.00559,-0.000106824,0.161287,-0.0312122,-1.00028,-3.80076e-07,0.1811,0.0172668,-1.00302,-0.000115509,0.144651,0.0622995,-1.00053,4.68835e-05,0.159663,0.0588285,-1.00155,-0.00021166,0.200245,0.0726645,-1.00308,3.2183e-05,0.234793,0.0283795,-1.00281,4.6764e-05,0.214721,0.0293886,-1.00158,-1.45616e-05,0.7,0,-1,0.693058,-0.231799,-0.0713837,1.27253,-0.372473,1.32251,0.997742,-0.0187802,-0.0644657,-0.00126985,-0.013589,-0.333897,-0.047917,0,0,-0.393556,0.45,1,5,0.785398,0,0,0,0.00725439,0.173576,0.0495899,-1.5669,-2.57672,-0.155895,0.00957973,0.180022,0.0485601,0.564079,0.319009,0.478862,0.212148,nan,nan,nan,nan,nan,nan,nan,nan,0.0174968,-0.0279491,1.36194,740.692,460.96,638.656,329.611,-0.233526,0.250797,-2,0.290352,-0.237264,1.30366,0.0796048,-0.0889445,-0.00368915
0.28,0.999703,-0.0140428,-0.0185013,0.00731633,0.00142394,-0.345185,-0.0728436,-0.096442,0.168424,-0.929261,0.041824,-0.0717098,-0.0609463,0.650322,-0.0175672,-0.995015,0.00035624,0.600038,0.0209739,-1.00464,0.000644355,0.595804,0.0262489,-0.993707,0.000252644,0.591622,0.0518051,-0.994649,7.26924e-05,0.53442,0.0802135,-0.995936,-0.000315144,0.542203,0.0637345,-1.00096,-0.000517364,0.509194,0.00870848,-1.00023,0.0011954,0.491438,0.007343,-0.993318,0.0002767,0.454478,0.0556164,-1.00741,-0.000133791,0.382542,0.0688643,-0.998655,0.00055282,0.400116,0.0831805,-0.997305,0.000267661,0.4294,0.101247,-0.995483,0.000329417,0.388582,0.0824473,-0.998553,-0.00102193,0.390198,0.076673,-1.0027,0.00031693,0.380599,0.0461212,-0.996761,-0.000247239,0.337941,0.0450426,-0.996818,-0.000558855,0.3477,0.0701475,-1.00197,-4.28406e-05,0.420085,0.0671209,-1.00138,6.23915e-05,0.366749,0.0719678,-1.00023,-0.000300778,0.369239,0.123702,-0.988361,0.000134405,0.348985,0.101417,-0.990581,-0.000119122,0.320607,0.0856063,-0.996944,-0.00020498,0.35833,0.102876,-1.00818,0.000507523,0.369241,0.0791687,-0.995973,3.5033e-05,0.400908,0.072568,-1.0045,0.00093608,0.398729,0.0771975,-1.01056,0.000107821,0.410146,0.0809887,-1.0046,-0.000643997,0.417069,0.065175,-1.00097,-0.000430853,0.429969,0.0378386,-1.00375,0.000129698,0.425164,0.0407941,-0.997593,0.000280605,0.398824,0.017712,-0.996737,0.000481048,0.440866,0.0321466,-1.00016,0.000542916,0.421995,0.031969,-1.00433,0.000520945,0.399542,0.0498217,-0.997212,1.86559e-05,0.409447,0.00543093,-1.0021,1.67947e-05,0.430429,0.0280987,-0.99906,-0.000306027,0.38746,0.0286193,-0.997154,0.000180423,0.392299,0.0634701,-0.996903,-0.000115431,0.370748,0.0587058,-0.990124,9.66355e-05,0.385834,0.0663716,-0.996327,0.00077422,0.40654,0.055678,-0.999822,0.000311544,0.394911,0.0654573,-1.0014,-7.34914e-05,0.40099,0.0385329,-1.00383,-0.000335564,0.421071,0.0900102,-0.99492,-0.000650741,0.423125,0.0563622,-0.996211,5.40628e-05,0.396429,0.0787011,-1.00089,-0.000378809,0.357629,0.0656945,-1.00354,-0.00035778,0.387549,0.0678126,-1.00046,-9.45058e-05,0.320695,0.0741139,-1.00049,-0.000426117,0.313665,0.0890561,-0.996741,-0.00032919,0.289906,0.0473175,-0.998739,-4.13455e-05,0.311707,0.0663626,-1.00154,0.000171296,0.22015,0.0349162,-0.999057,-0.000309647,0.204108,-0.00594715,-0.996848,-0.000124691,0.216996,0.00870815,-1.0019,-0.000169623,0.205582,0.00641317,-1.00305,0.000233385,0.209885,0.0133312,-1.00859,4.23901e-05,0.201045,0.0532342,-1.00156,0.000680669,0.210875,0.0416925,-0.994735,0.000735723,0.181593,0.00442718,-0.995738,1.04779e-05,0.221224,0.00678507,-1.01117,9.99158e-05,0.213708,0.00989776,-1.00536,-0.000120205,0.189157,0.00271246,-0.999704,7.96046e-05,0.200941,0.0270431,-1.00336,5.60161e-05,0.174423,0.0661299,-1.0006,9.99321e-05,0.185539,0.0630722,-0.99935,-0.000315515,0.199264,0.0719772,-1.00286,0.000112439,0.22279,0.0329917,-1.0018,-0.000168415,0.208703,0.0198991,-1.00183,1.65235e-05,0.216924,0.063273,-1.00113,0.000159706,0.7,0,-1,0.691477,-0.231509,-0.0719923,1.25203,-0.430735,1.28725,0.997748,-0.0217217,-0.0634357,-0.00143749,0.0196597,-0.286993,-0.0439156,0,0,-0.39379,0.45,1,5,0.785398,0,0,0,0.00714186,0.173469,0.0496284,-0.680186,-1.86873,0.485116,0.00424455,0.183675,0.0497979,0.565236,0.322246,0.468457,0.221545,nan,nan,nan,nan,nan,nan,nan,nan,-0.0378566,-0.15952,1.33143,739.034,458.314,635.703,326.889,-0.284296,0.212018,-2,0.314008,-0.234735,1.37403,-0.193691,-0.622522,0.0290243
0.3,0.999676,-0.0138777,-0.0201645,0.00701152,0.0316556,-0.369462,-0.0734518,-0.0958017,0.168339,-0.928626,0.0478035,-0.0699935,-0.0551522,0.666984,0.0503561,-1.00295,0.000635041,0.655297,-0.0198063,-0.995016,0.000301906,0.618783,0.016672,-0.994536,-1.70052e-05,0.567183,0.0633456,-0.994635,-0.000307091,0.548939,0.0254412,-0.999856,-0.000511149,0.527297,0.013258,-1.00276,0.00107115,0.486907,0.0207081,-0.993629,0.00025663,0.472712,0.0547769,-1.00941,-0.000164723,0.427643,0.0524294,-0.998331,0.000415179,0.416468,0.0502398,-0.994711,0.000207623,0.403359,0.0684492,-0.994572,0.000304142,0.376163,0.0947927,-0.999691,-0.000981018,0.386608,0.0917204,-1.00432,0.00040421,0.36668,0.0511833,-0.996436,-0.000405429,0.338175,0.0534064,-0.995934,-0.00040093,0.351225,0.0605913,-1.00207,-2.25841e-05,0.417623,0.0771642,-1.00042,0.00014726,0.354561,0.0681576,-1.00083,-0.000104767,0.364273,0.0946864,-0.988357,9.96413e-06,0.341062,0.0899318,-0.990169,-0.000184399,0.321626,0.0840541,-0.997187,-8.64528e-05,0.353983,0.113035,-1.00766,0.000481177,0.380466,0.0704237,-0.995549,-0.000115058,0.39348,0.0431087,-1.00337,0.00107748,0.370199,0.0797106,-1.01016,0.000265666,0.398648,0.0965266,-1.00484,-0.000741313,0.418993,0.0550144,-1.00136,-0.000454394,0.423913,0.0548333,-1.00376,0.000159523,0.420741,0.0542575,-0.996255,0.000197512,0.434894,0.0354305,-0.996256,0.000489814,0.448124,0.0246537,-0.999017,0.000531782,0.410053,0.0657022,-1.00347,0.000505154,0.405328,0.0596061,-0.997691,0.000205404,0.38958,0.0205342,-1.00285,0.00010963,0.402636,0.0187492,-0.99991,-0.000276524,0.389489,0.0204246,-0.995948,0.000149462,0.381405,0.061265,-0.995465,-4.1218e-05,0.429409,0.074885,-0.988716,0.000217762,0.401557,0.0404286,-0.99733,0.000881199,0.399297,0.0953682,-1.00196,0.000280685,0.417151,0.0891814,-1.00213,-0.000235112,0.427509,0.0578605,-1.00459,-0.00031423,0.435129,0.0839859,-0.994274,-0.000661824,0.444141,0.0627544,-0.99754,0.00024895,0.417641,0.071337,-1.00167,-0.000395199,0.430856,0.0399907,-1.00274,-0.000262176,0.391288,0.0888616,-0.999969,-0.000250869,0.33514,0.074895,-1.00042,-0.000416059,0.318891,0.104303,-0.998807,-0.000207491,0.322662,0.0632024,-0.998926,-4.03494e-05,0.280156,0.0735006,-1.002,0.000157278,0.258201,0.0360877,-0.999189,-0.000213679,0.232158,0.0166664,-0.996881,-5.60851e-05,0.242487,-0.00738428,-1.00162,-0.00013961,0.221506,0.0175068,-1.00266,0.000265706,0.251654,0.0354491,-1.0103,-5.35678e-05,0.233584,0.0506225,-1.00333,0.000802593,0.230765,0.0338196,-0.993144,0.000794604,0.233863,0.00825261,-0.995685,4.1166e-05,0.210308,-0.00236778,-1.01069,0.000212435,0.209644,-0.0157278,-1.00638,-9.11693e-05,0.207748,0.000567389,-1.00182,0.000102903,0.227941,0.00196237,-1.00576,8.6771e-06,0.201708,0.0572945,-1.0002,0.000150019,0.21309,0.0741852,-0.997003,-0.000318385,0.206251,0.0711502,-1.00182,6.97693e-05,0.232294,0.0626171,-1.00198,-0.000140845,0.214928,0.0459189,-1.00092,-3.5893e-05,0.225749,0.0662052,-1.00081,4.13844e-05,0.21774,0.0592912,-1.00338,0.000267416,0.7,0,-1,0.745765,-0.187192,-0.0802317,1.28499,-0.22842,1.25798,0.997812,-0.0115087,-0.0650967,-0.000935297,-0.00968406,-0.272721,-0.0430636,0,0,-0.392931,0.45,1,5,0.785398,0,0,0,0.00706935,0.173445,0.0496504,-2.88059,0.732825,0.16185,0.0234405,0.181373,0.050347,0.553651,0.336882,0.471301,0.219784,nan,nan,nan,nan,nan,nan,nan,nan,-0.0820761,-0.0171137,1.35829,734.697,468.687,634.295,324.254,-0.288589,0.243778,-2,0.341904,-0.231789,1.3769,0.298975,0.0858173,0.289703
0.32,0.999647,-0.0137535,-0.0217181,0.00672821,0.0225391,-0.345011,-0.0681209,-0.0951241,0.168235,-0.927984,0.0533823,-0.0723596,-0.0573202,0.705341,-0.0296403,-0.993082,0.000513874,0.660047,-0.0039243,-0.994208,-7.52057e-05,0.558763,0.0374627,-0.993974,-0.000248769,0.55502,0.0547152,-0.999742,-0.0005205,0.536806,0.049317,-1.0001,0.00104032,0.511487,0.042177,-0.994468,0.000151561,0.468751,0.0425664,-1.00785,-0.000238426,0.406917,0.036393,-0.997686,0.000579859,0.390886,0.0572156,-0.993837,0.00023005,0.372764,0.0770006,-0.995972,0.000219694,0.372585,0.0925287,-1.00009,-0.000844641,0.384231,0.0831444,-1.00498,0.000464074,0.367854,0.0481382,-0.998104,-0.000286533,0.360967,0.0750903,-0.994262,-0.000403461,0.352244,0.0715676,-1.00303,-6.81481e-05,0.396651,0.0809536,-0.998937,-1.11369e-05,0.362899,0.083768,-1.00081,-0.000160554,0.347856,0.0920579,-0.989042,5.3407e-05,0.343814,0.0731807,-0.989832,-0.000223622,0.358459,0.0640602,-0.996892,-0.000147077,0.354958,0.102841,-1.00631,0.000484388,0.403474,0.0901775,-0.995652,-0.000154997,0.413136,0.0403884,-1.00575,0.00103272,0.373837,0.0516763,-1.01217,0.000290152,0.416406,0.0776149,-1.00571,-0.000782882,0.433196,0.0465223,-1.00079,-0.000535285,0.444318,0.0745035,-1.00383,0.000163283,0.434635,0.0647316,-0.995321,0.000246116,0.410777,0.0600472,-0.995199,0.000534282,0.43318,0.0495557,-0.998832,0.000524648,0.429449,0.0264352,-1.00228,0.000321756,0.418141,0.0240552,-0.998195,9.52082e-05,0.392313,0.0143723,-1.00168,0.000245701,0.400384,0.0227225,-0.99982,-0.000369744,0.387958,0.0550949,-0.995267,0.000193102,0.413838,0.0678026,-0.994725,2.99185e-06,0.4166,0.0761997,-0.989142,0.00025601,0.39637,0.0625784,-0.996863,0.000606745,0.451991,0.0682293,-1.00212,0.000377839,0.458635,0.0853165,-1.00109,-0.000263363,0.455413,0.0787665,-1.00365,-0.000308046,0.4525,0.0989842,-0.994744,-0.000627638,0.454609,0.103124,-0.995548,0.000303258,0.433957,0.0685665,-1.00326,-0.000322019,0.414542,0.0298808,-1.00419,-0.000370717,0.397804,0.106834,-0.998486,-0.00039081,0.347611,0.0821444,-0.999983,-0.000626741,0.324746,0.119577,-0.998797,-0.000253443,0.324518,0.0696918,-0.996487,0.000194257,0.295941,0.0490562,-1.00172,0.000226269,0.288713,0.0498241,-0.996355,-0.000190738,0.26845,-0.000406893,-0.997856,-1.65278e-05,0.249628,0.0108557,-1.00108,-0.000123334,0.212386,0.0409943,-1.00267,0.000276211,0.281938,0.0373583,-1.01108,-8.87829e-05,0.261658,0.0122758,-1.00193,0.000826453,0.261411,0.0213916,-0.994211,0.000851147,0.250312,0.00650636,-0.996684,-0.00012393,0.220104,-0.0100123,-1.00909,0.000181166,0.217041,-0.0137398,-1.00612,-9.75355e-05,0.178578,0.00245823,-1.00449,7.19206e-05,0.215981,0.00832602,-1.00625,-0.000156728,0.236192,0.0268223,-0.998604,0.000129925,0.223923,0.0558854,-0.997442,-0.000258535,0.203337,0.0302832,-1.00074,7.53342e-05,0.254381,0.0333101,-1.00293,-0.000311505,0.22029,0.0571882,-1.00103,5.15545e-05,0.218449,0.0698938,-1.00022,1.81257e-05,0.218489,0.0597961,-1.00185,0.000331636,0.240904,0.0925406,-1.00388,0.000476315,0.7,0,-1,0.720322,-0.178292,-0.0870633,1.17585,-0.370084,1.22272,0.998045,-0.0186856,-0.0596227,-0.00121803,-0.0329698,-0.254473,-0.0398344,0,0,-0.394263,0.45,1,5,0.785398,0,0,0,0.00701815,0.173465,0.0496701,-1.19752,3.24184,0.660295,0.0116008,0.173572,0.0508899,0.55531,0.331382,0.47942,0.205613,nan,nan,nan,nan,nan,nan,nan,nan,-0.118782,-0.18153,1.3417,731.882,466.987,639.273,317.5,-0.29739,0.254841,-2,0.36695,-0.228934,1.40264,0.27894,-0.118305,-0.108398
0.34,0.999491,-0.0142654,-0.0279422,0.00574943,-0.0345588,-0.34967,-0.0480434,-0.0923965,0.167761,-0.925995,0.060268,-0.0588004,-0.059543,0.711356,-0.0232317,-0.993402,-0.000130359,0.628951,0.0199752,-0.995561,-0.000371576,0.594787,0.0398076,-1.00057,-0.000378819,0.546884,0.0706968,-1.00101,0.00101852,0.514692,0.0486659,-0.99376,0.000203597,0.455875,0.022744,-1.00795,-0.000488246,0.417103,0.0135412,-0.998276,0.00062915,0.357357,0.0141069,-0.994586,0.000216102,0.361295,0.063877,-0.995351,0.00026073,0.347017,0.0590887,-1.0001,-0.000957127,0.381154,0.0854442,-1.00412,0.000443877,0.377726,0.060227,-0.998264,-0.000281911,0.356381,0.078787,-0.996378,-0.000301835,0.378455,0.0793353,-1.00291,-0.000224712,0.371049,0.0370285,-0.998207,0.000129449,0.343882,0.0955912,-1.00196,-0.00014663,0.363015,0.109952,-0.98943,5.07413e-05,0.346551,0.0940123,-0.989019,-4.97087e-05,0.331825,0.0719469,-0.995907,-0.000179661,0.348707,0.0875437,-1.00572,0.000420269,0.38909,0.105148,-0.99507,-0.000203743,0.415635,0.0762979,-1.00619,0.00069863,0.385003,0.0710234,-1.01243,0.000310825,0.401291,0.0600634,-1.00705,-0.000812511,0.407871,0.0304599,-0.998953,-0.000507832,0.397405,0.0549251,-1.0044,-6.27124e-05,0.427186,0.0643957,-0.994072,0.000132276,0.43867,0.0544288,-0.994694,0.000537523,0.446421,0.0375943,-1.00079,0.000534893,0.401027,0.0277251,-1.00311,0.00031661,0.392047,0.0459663,-0.997676,7.19576e-05,0.374811,0.0487101,-1.00276,0.000355265,0.388897,0.0278505,-1.00096,-0.000524338,0.39139,0.0436745,-0.995827,2.71976e-05,0.432868,0.0737735,-0.995428,-0.000242004,0.434874,0.0739399,-0.99096,8.3303e-05,0.423602,0.0587572,-0.997473,0.000600027,0.462422,0.0553832,-1.00294,0.000504217,0.442201,0.0847318,-0.999674,-0.000210494,0.432197,0.0963111,-1.00303,-0.000429747,0.458836,0.0753881,-0.995681,-0.000542597,0.463677,0.101551,-0.996284,0.000506113,0.454854,0.0661677,-1.00475,-0.000336882,0.428211,0.059166,-1.00331,-0.000395844,0.398066,0.0868705,-0.997543,-0.000368266,0.375356,0.0986025,-1.00092,-0.000701256,0.343326,0.0901076,-0.99955,-0.000306539,0.347296,0.0639663,-0.997683,0.0002193,0.343408,0.0469312,-1.00326,3.34197e-05,0.323995,0.0494831,-0.995312,-0.000185445,0.30258,0.0324395,-0.99961,-6.06766e-05,0.266783,0.00905813,-1.00199,-0.000158003,0.241805,0.0420832,-1.00362,0.000329735,0.296022,0.0334684,-1.01004,-0.000126439,0.282442,0.00294617,-1.00058,0.000812367,0.289354,0.0439663,-0.993644,0.000868133,0.267132,0.00370139,-0.996678,-0.000118966,0.257203,0.0057989,-1.01068,0.000323416,0.241746,-0.0122922,-1.00525,-0.000100705,0.213936,0.0122596,-1.00428,-1.05405e-05,0.223196,0.0182422,-1.00741,-0.000219679,0.23773,0.0150079,-0.998775,0.000104399,0.227536,0.0287435,-0.997459,-0.00018309,0.20576,0.0294832,-0.999458,0.000122148,0.261916,0.0331273,-1.00212,-0.000307322,0.247231,0.0143713,-1.00002,0.000125652,0.234316,0.0424978,-1.00179,0.000107254,0.203764,0.0659789,-1.00124,0.000417646,0.233552,0.0784662,-1.00466,0.000565998,0.229906,0.087433,-1.00559,0.000352124,0.7,0,-1,0.692516,-0.173771,-0.0759067,1.08594,-0.347246,1.26444,0.998326,-0.0175719,-0.0551034,-0.000792563,-0.03885,-0.254805,-0.0387093,0,0,-0.392856,0.45,1,5,0.785398,0,0,0,0.00709133,0.174164,0.0497291,0.611783,-0.610574,0.704657,0.00351907,0.188388,0.050566,0.57644,0.314658,0.475788,0.212437,nan,nan,nan,nan,nan,nan,nan,nan,-0.127882,-0.0792987,1.3299,745.848,460.448,638.253,314.728,-0.310533,0.34658,-2,0.475713,-0.239428,1.33151,0.344286,0.67796,-0.111142
0.36,0.999448,-0.0144185,-0.0293989,0.00558529,-0.0382624,-0.323497,-0.0399194,-0.0916102,0.167617,-0.925507,0.0645012,-0.0666995,-0.0571018,0.697338,-0.00629265,-0.996548,-0.000390011,0.599837,0.0410463,-1.00127,-0.000470669,0.577023,0.0433242,-1.00241,0.00100578,0.526382,0.0212622,-0.992589,1.13115e-05,0.443359,0.0491769,-1.00624,-0.000635855,0.406285,0.0353633,-0.997516,0.000583946,0.354189,0.0323128,-0.993983,6.25044e-05,0.36498,0.0292352,-0.994959,0.000356776,0.333035,0.043657,-0.998146,-0.000988559,0.344327,0.0600738,-1.0057,0.000417184,0.377069,0.0249011,-0.997066,-0.000361758,0.359254,0.0589617,-0.995041,-0.000355199,0.383878,0.0644738,-1.00293,-0.000186723,0.382006,0.0382788,-0.999156,0.000244699,0.376102,0.105962,-0.999791,-0.000186428,0.356028,0.142626,-0.989577,-7.33702e-05,0.354834,0.0904476,-0.988902,-6.53028e-05,0.347417,0.073781,-0.99632,-0.000116193,0.333472,0.0654619,-1.006,0.000560869,0.353269,0.0989397,-0.996165,-0.000397258,0.372882,0.0713182,-1.00536,0.000394885,0.385526,0.0604385,-1.01274,0.000475964,0.386368,0.0542918,-1.00558,-0.000908167,0.403405,0.0545136,-0.998431,-0.000452038,0.411687,0.0239921,-1.0043,-1.46584e-05,0.443535,0.0349661,-0.995613,-0.000128875,0.442746,0.0511788,-0.993579,0.000428384,0.437113,0.0390432,-1.00232,0.000665349,0.416873,0.0574964,-1.00164,0.000243334,0.409019,0.0828993,-0.997555,-3.32495e-05,0.378432,0.043583,-1.00261,0.000483409,0.381943,0.0641441,-1.00055,-0.000754983,0.387851,0.0619075,-0.995085,-7.62449e-05,0.398388,0.0568014,-0.996486,-0.000208213,0.459763,0.0822522,-0.989308,-2.37234e-05,0.431457,0.0627165,-0.995631,0.000347069,0.459255,0.0621766,-1.0038,0.000499242,0.46981,0.0738029,-0.999635,-3.48267e-05,0.44117,0.0750107,-1.00327,-0.00053183,0.439074,0.069783,-0.993748,-0.000643371,0.475837,0.0814768,-0.995668,0.000575171,0.462816,0.0923209,-1.00364,-0.000397215,0.437502,0.0647548,-1.0043,-0.000562048,0.384772,0.0784531,-0.997838,-0.000263603,0.387099,0.114578,-1.00186,-0.000777756,0.363352,0.0750132,-0.999281,-0.000196972,0.359797,0.0879897,-0.995858,8.30227e-05,0.346511,0.0478716,-1.00179,0.000165795,0.344511,0.0323387,-0.995529,-6.27325e-05,0.293395,0.0247805,-0.99861,-0.000106162,0.265175,0.00929329,-1.00251,-0.000383045,0.219279,0.0168963,-1.00366,0.000345227,0.289848,0.0599033,-1.00892,-9.11312e-05,0.286826,-0.00396207,-1.00003,0.000786167,0.30019,0.0265151,-0.992775,0.000839736,0.266705,0.00379033,-0.995521,1.16086e-06,0.245102,0.00303357,-1.00903,0.000253424,0.24449,0.00503932,-1.00433,-6.17543e-05,0.218148,0.0302462,-1.0054,-6.56155e-05,0.232411,0.0319243,-1.00637,-0.000106901,0.229921,0.0166435,-0.998652,0.000214547,0.250259,0.0255653,-0.996522,-0.000103948,0.239279,0.0182778,-1.0002,6.77521e-05,0.244112,0.00642888,-1.00198,-0.000352481,0.24581,0.00552755,-1.00094,0.000445911,0.222516,-0.00478446,-1.00299,0.00011062,0.215367,0.0471057,-0.999403,0.000301525,0.208609,0.0772875,-1.00334,0.000329602,0.207043,0.0888869,-1.00605,0.000497706,0.213688,0.0994271,-1.00467,0.000460664,0.7,0,-1,0.705681,-0.10885,-0.0847766,1.18846,-0.126481,1.22746,0.998162,-0.00640889,-0.0602607,-7.11199e-05,-0.0488723,-0.254827,-0.0383186,0,0,-0.392515,0.45,1,5,0.785398,0,0,0,0.0070271,0.174468,0.0497216,-0.142333,0.342926,-0.205939,0.00271293,0.19097,0.0502729,0.568468,0.317237,0.472666,0.21169,nan,nan,nan,nan,nan,nan,nan,nan,-0.0464457,-0.0493209,1.33816,743.766,456.35,636.599,312.393,-0.338997,0.331082,-2,0.496299,-0.239976,1.40235,0.211659,-0.394956,0.12206
0.38,0.999353,-0.0144618,-0.0325084,0.00533356,0.00307619,-0.368977,-0.030412,-0.0899584,0.16731,-0.924817,0.0630885,-0.0686432,-0.0714863,0.66639,-0.00610823,-1.00245,-0.000434883,0.577193,0.00697846,-1.00311,0.00105534,0.518402,-0.00682274,-0.989733,-5.71305e-05,0.457969,0.0253479,-1.00643,-0.000436783,0.421723,0.0240725,-0.998508,0.000561815,0.386496,0.0403173,-0.993181,0.000130492,0.370349,0.0410605,-0.995276,0.000498521,0.330706,0.0598321,-0.998745,-0.00106482,0.362038,0.0695464,-1.00637,0.0005056,0.382059,0.0190365,-0.998056,-0.000470059,0.355014,0.0504709,-0.99442,-0.000329287,0.392326,0.0753946,-1.00298,-0.000183018,0.403243,0.0664143,-0.997838,3.93339e-05,0.422274,0.0987918,-0.99973,-0.000215765,0.394447,0.123131,-0.988466,-3.55573e-05,0.390505,0.109202,-0.989065,-0.000221929,0.357768,0.0981091,-0.997966,-8.9875e-05,0.347711,0.0720434,-1.00378,0.000526164,0.358803,0.100062,-0.994974,-0.000350714,0.363183,0.0689097,-1.00278,0.000602487,0.355104,0.0558557,-1.01274,0.000441714,0.355954,0.0446468,-1.00463,-0.0011573,0.383747,0.0230483,-0.997087,-0.000505337,0.388471,0.026355,-1.00393,1.79269e-05,0.405767,0.0178966,-0.996281,-0.000192969,0.421662,0.0515614,-0.995663,0.000326287,0.429049,0.0746992,-1.00218,0.000475772,0.426655,0.0832078,-1.0013,0.000187281,0.44216,0.098338,-0.99396,-6.67239e-05,0.401272,0.0489525,-1.003,0.000349102,0.419185,0.0461839,-1.00103,-0.000848855,0.38824,0.0397713,-0.996063,-6.48335e-05,0.413017,0.0732993,-0.998065,-0.000412435,0.425696,0.0594799,-0.989022,8.23772e-05,0.431447,0.0644303,-0.994281,0.000292515,0.454392,0.0746978,-1.00345,0.000499106,0.483371,0.0553487,-0.998643,0.000110788,0.442995,0.0747329,-1.00085,-0.000516153,0.448801,0.0753558,-0.993265,-0.000559497,0.512431,0.0246441,-0.99564,0.00046166,0.475452,0.0523913,-1.00296,-0.000550194,0.435854,0.061406,-1.00449,-0.000407317,0.401154,0.0941961,-0.997905,-0.000240135,0.418042,0.106936,-1.00185,-0.000728454,0.406155,0.0834205,-0.998927,-7.15731e-05,0.391051,0.0871446,-0.996077,1.58974e-05,0.345782,0.0507163,-1.00137,0.000105606,0.345208,0.041194,-0.995905,-0.000161965,0.325273,0.0200148,-0.998486,-0.000148726,0.304479,0.0150819,-1.00193,-0.000429617,0.29413,0.0149849,-1.00417,0.000454162,0.306594,0.0635289,-1.01027,-0.000116298,0.31468,-0.0126619,-0.999841,0.000858164,0.317203,0.00560814,-0.991238,0.000901923,0.29179,-0.0133802,-0.993918,-4.06067e-05,0.267853,0.0092855,-1.0094,0.000220664,0.250886,0.000992264,-1.005,-8.70164e-05,0.207637,0.023302,-1.00738,-0.000140639,0.209597,0.0107385,-1.00886,-0.000155099,0.214637,-0.0159945,-0.997755,0.000258804,0.239338,0.00613428,-0.996014,-0.000119282,0.240444,-0.00831513,-0.999136,0.000169986,0.230483,0.0113013,-1.00139,-0.000251355,0.24054,0.0323185,-1.00002,0.000451708,0.22413,0.0116984,-1.00231,7.39016e-05,0.217903,0.0180558,-0.999216,0.000427221,0.20372,0.079865,-1.00179,0.000170001,0.186943,0.104076,-1.00824,0.000696921,0.222257,0.131929,-1.00608,0.000481816,0.248837,0.110771,-1.00402,0.000238984,0.7,0,-1,0.739138,-0.184423,-0.0761869,1.0911,-0.346365,1.27101,0.998312,-0.0175306,-0.0553615,-0.000716367,-0.0264117,-0.173718,-0.0326754,0,0,-0.395159,0.45,1,5,0.785398,0,0,0,0.00697074,0.174688,0.049721,0.29997,-0.0835682,-0.168258,0.00949254,0.199376,0.0504079,0.573895,0.315553,0.481228,0.207239,nan,nan,nan,nan,nan,nan,nan,nan,-0.237306,-0.12669,1.28982,743.636,452.738,641.332,309.137,-0.400938,0.345427,-2,0.548777,-0.24063,1.40197,-0.0706382,-0.0971854,-0.719226
0.4,0.99924,-0.0147164,-0.0357361,0.00503404,-0.0347765,-0.336428,-0.037718,-0.0882286,0.166997,-0.924156,0.082826,-0.0596165,-0.0602009,0.608646,0.0170815,-1.00293,0.000909573,0.496645,-0.0208189,-0.98913,7.54862e-05,0.466165,-0.0235415,-1.00601,-0.000308127,0.439651,0.0110112,-0.997231,0.00050027,0.406263,0.0374639,-0.994298,4.16092e-05,0.364116,0.0402255,-0.995141,0.000547013,0.344995,0.0201827,-0.998746,-0.00093969,0.361374,0.0496638,-1.00802,0.000445944,0.358,0.0131051,-0.99693,-0.000416692,0.365201,0.0380839,-0.993864,-0.000265319,0.362616,0.0576187,-1.0018,-0.000175607,0.408241,0.0668935,-0.997259,5.48708e-05,0.415381,0.102531,-1.00171,-0.000244642,0.374217,0.127894,-0.988346,-0.000203724,0.363714,0.118418,-0.989243,-0.00030447,0.369568,0.147486,-0.998042,-1.20522e-07,0.354951,0.0929059,-1.00204,0.000314426,0.356685,0.0988794,-0.995861,-0.000280613,0.387331,0.0693241,-1.00339,0.00062789,0.355273,0.0420722,-1.01303,0.000482279,0.356926,0.0313885,-1.00385,-0.00105404,0.39139,0.0025554,-0.995878,-0.000455699,0.425309,0.0105804,-1.00459,-6.40703e-05,0.391829,0.03239,-0.995947,-0.000133718,0.407992,0.0231238,-0.995156,0.000147061,0.404533,0.0421398,-1.00103,0.000348768,0.418636,0.0801772,-1.00234,4.2698e-05,0.429081,0.0924453,-0.993916,-9.58892e-05,0.425691,0.0681701,-1.00347,0.000389525,0.40024,0.0266573,-1.00102,-0.00104026,0.423304,0.0249064,-0.998102,-7.09001e-05,0.436073,0.0757163,-0.996969,-0.000357921,0.432684,0.0624112,-0.987512,0.000275202,0.423672,0.0539107,-0.993469,0.000135497,0.488729,0.0759157,-1.00329,0.000586198,0.466094,0.0419325,-0.997212,0.000114894,0.446552,0.0747399,-0.999888,-0.000551629,0.484934,0.0312907,-0.99405,-0.00057293,0.5277,0.0553575,-0.996753,0.000624649,0.470569,0.0324976,-1.00002,-0.000600484,0.451726,0.0361702,-1.00337,-0.000229016,0.414214,0.0791971,-0.997594,-0.000353188,0.422437,0.0956103,-1.00164,-0.000791171,0.430528,0.0743147,-0.998915,-4.83809e-05,0.408715,0.0720442,-0.997161,5.11638e-05,0.377922,0.03556,-1.00377,0.000219466,0.342902,0.0473001,-0.995507,-0.000198557,0.357575,0.00640506,-0.998067,8.18974e-05,0.319145,0.042855,-1.00108,-0.000474529,0.312109,0.0405339,-1.00443,0.000346649,0.320808,0.0483373,-1.00973,-3.32112e-05,0.331459,-0.00117525,-0.999508,0.000710872,0.314549,0.0350133,-0.991497,0.000807895,0.30084,-0.00962021,-0.992323,1.45392e-05,0.302441,-0.0140023,-1.01071,-1.49611e-05,0.290157,-0.00660096,-1.00476,0.000102804,0.22217,0.0065348,-1.00785,-0.000163445,0.236446,0.00715746,-1.00781,-0.000125584,0.211989,-0.0223796,-0.997862,-5.03112e-05,0.282295,0.00889135,-0.997511,-0.000347099,0.294931,-0.021396,-0.997853,0.000127964,0.277188,0.0235399,-0.999471,-0.000232135,0.279533,0.0381727,-0.998312,0.000699959,0.279401,0.0278024,-1.0012,0.000160125,0.242332,0.0469481,-0.998854,0.000734323,0.226052,0.0886742,-1.00063,0.00016289,0.21826,0.134778,-1.00969,0.000796226,0.277631,0.116595,-1.00663,0.000426421,0.267367,0.107709,-1.00599,0.000197829,0.265225,0.0897225,-1.00363,0.000214712,0.7,0,-1,0.739632,-0.177649,-0.0785046,1.11659,-0.241223,1.29927,0.998319,-0.012194,-0.0566521,-0.000756847,0.0291541,-0.196541,-0.032985,0,0,-0.395734,0.45,1,5,0.785398,0,0,0,0.0070454,0.175249,0.0497338,-0.669549,0.946589,-0.0428579,0.0275823,0.190494,0.0505469,0.568622,0.321919,0.496757,0.19209,nan,nan,nan,nan,nan,nan,nan,nan,-0.106315,0.0223747,1.37248,742.145,452.032,658.805,301.546,-0.363278,0.415333,-2,0.610277,-0.247728,1.30467,0.98688,0.451335,0.564272
0.42,0.999133,-0.0152853,-0.0384263,0.004696,-0.0842817,-0.285313,-0.0388256,-0.0859825,0.166544,-0.922781,0.0874199,-0.0780964,-0.0533532,0.518802,-0.0302167,-0.988524,3.11528e-05,0.494135,-0.0239699,-1.0059,-0.000457415,0.45953,0.0263019,-0.996183,0.000479041,0.390071,0.03864,-0.994295,0.000131234,0.350898,0.0187194,-0.994203,0.000602649,0.360322,0.051509,-0.997359,-0.00108688,0.388227,0.0612592,-1.00737,0.000356052,0.366875,0.0306842,-0.997144,-0.000384089,0.345095,0.0401252,-0.993572,-0.000223603,0.351195,0.0577647,-1.00151,-0.000179035,0.390333,0.0606504,-0.997039,0.000255182,0.389028,0.100974,-1.00214,-0.000202996,0.372156,0.108149,-0.988687,-9.69226e-05,0.356911,0.14728,-0.989485,-0.000262034,0.353995,0.124617,-0.996571,0.000108116,0.356379,0.122919,-1.00284,0.000159916,0.382846,0.087726,-0.995102,-0.000240237,0.354061,0.0520307,-1.00391,0.000632761,0.369671,0.0453655,-1.01085,0.000550697,0.369534,0.0229867,-1.0044,-0.00115329,0.376591,0.00417372,-0.995794,-0.000354699,0.401763,-0.00825223,-1.00302,-0.000127251,0.402861,0.049083,-0.997203,-3.01001e-05,0.422598,0.0246358,-0.994159,0.000186461,0.42253,0.0334415,-1.00145,0.000506785,0.408751,0.0801366,-1.00139,1.57721e-05,0.416264,0.0589792,-0.99334,-8.16691e-05,0.419683,0.0761821,-1.00334,0.000382582,0.419353,0.0544475,-0.999903,-0.00100203,0.401397,0.0565645,-0.999711,-0.000181424,0.424117,0.0680444,-0.998284,-0.000262743,0.432619,0.0672422,-0.988007,0.000342356,0.466254,0.0347333,-0.993838,6.28824e-05,0.468285,0.0733812,-1.00346,0.000733887,0.467587,0.0224347,-0.998007,0.000299981,0.476398,0.0499938,-0.999384,-0.00046492,0.498501,0.0308649,-0.992098,-0.000573315,0.533171,0.0318948,-0.997625,0.000653355,0.482798,0.0136617,-0.999881,-0.000521101,0.453901,0.0266255,-1.00394,-0.000168554,0.406337,0.0595265,-0.99692,-0.000426651,0.419973,0.0743364,-1.00301,-0.000793575,0.397178,0.0754722,-0.998649,0.000130041,0.418447,0.0493221,-0.997205,0.000117013,0.404709,0.0309843,-1.00383,0.00022261,0.338743,0.0335004,-0.997379,-0.000174649,0.335019,0.0278019,-0.99995,-7.26744e-05,0.31692,0.0583144,-1.00218,-0.000654144,0.33088,0.0353691,-1.00389,0.000192327,0.33753,0.0249678,-1.00922,6.66592e-05,0.34303,-0.00506395,-0.997892,0.000633717,0.338225,0.0254958,-0.991173,0.000868367,0.350357,0.0157285,-0.99235,6.93316e-05,0.318328,-0.00574857,-1.00932,-5.99762e-05,0.289183,0.0351504,-1.00591,1.58883e-05,0.237093,0.0180609,-1.00778,-0.000103845,0.239501,0.0248113,-1.0065,0.000103316,0.247361,0.010445,-0.996724,-0.000135478,0.284266,0.0282897,-0.998058,-0.00042765,0.309458,-0.0031251,-0.996965,0.000118128,0.330636,0.0183029,-1.00048,-0.000248272,0.281677,0.0263074,-0.997291,0.000781458,0.279834,0.0114158,-1.00056,6.41107e-05,0.258199,0.0279388,-1.00019,0.000738847,0.254428,0.0737755,-1.00066,0.00021335,0.229325,0.118531,-1.00911,0.000539641,0.267652,0.111431,-1.00815,0.000497343,0.281903,0.105898,-1.00665,0.000113856,0.274983,0.0949389,-1.00575,0.000207517,0.267617,0.104314,-1.00398,0.000284195,0.7,0,-1,0.739632,-0.177649,-0.0785046,1.11659,-0.241223,1.29927,0.998319,-0.012194,-0.0566521,-0.000756847,-0.0142838,-0.138798,-0.0303014,0,0,-0.397469,0.45,1,5,0.785398,0,0,0,0.00729759,0.175486,0.0497443,3.63691,-0.122605,0.477825,0.000383053,0.200227,0.050685,0.556121,0.33651,0.498153,0.19215,nan,nan,nan,nan,nan,nan,nan,nan,-0.114404,-0.0965171,1.39987,737.696,468.182,660.482,295.863,-0.406274,0.348815,-2,0.659648,-0.258812,1.26127,0.229691,-0.923994,0.342383
0.44,0.998954,-0.0160595,-0.0426115,0.00416802,-0.0605762,-0.314609,-0.0368603,-0.0825118,0.166025,-0.92084,0.106277,-0.0660679,-0.0568308,0.503764,-0.0182819,-1.00469,-0.000637276,0.463992,0.0122869,-0.995918,0.000477827,0.399444,0.0164509,-0.995195,-8.87484e-05,0.35309,0.0414022,-0.993017,0.000668368,0.362429,0.0537786,-0.996126,-0.000938962,0.347621,0.0513855,-1.00622,0.000130197,0.336646,0.045432,-0.999086,-0.000401752,0.343223,0.0383064,-0.993686,-0.000180556,0.344809,0.049544,-1.00081,-6.00033e-05,0.404015,0.0359554,-0.996306,0.00019615,0.402124,0.0886058,-1.00113,-0.000262023,0.364645,0.115985,-0.988742,4.31382e-05,0.350031,0.133847,-0.98977,-0.000244638,0.340839,0.15268,-0.996754,0.000165375,0.364232,0.113256,-1.00176,0.000259084,0.372783,0.0861144,-0.994857,-0.000243007,0.354209,0.0433332,-1.00354,0.000561015,0.339219,0.0195023,-1.01124,0.000709458,0.373745,0.0241401,-1.00516,-0.0011433,0.376447,-0.00258376,-0.996347,-0.000365399,0.389325,-0.0132468,-1.00293,-0.000114333,0.404197,0.0467773,-0.997088,-0.000199911,0.400417,0.0488962,-0.993772,-3.75418e-05,0.439001,0.0573522,-1.00141,0.000588756,0.403385,0.0809184,-1.00342,0.000100762,0.426481,0.0769109,-0.995308,-0.00010488,0.436187,0.0989221,-1.00248,0.000447786,0.413423,0.0737929,-0.999227,-0.00104626,0.410092,0.0494984,-0.9974,-0.000253261,0.443256,0.0565738,-0.99864,-0.000144575,0.463552,0.0565458,-0.988904,0.000331484,0.463575,0.0569364,-0.99299,-9.36965e-05,0.467601,0.072445,-1.00197,0.00074118,0.473244,0.0371701,-0.998037,0.00031733,0.48525,0.0560218,-0.997373,-0.000477065,0.485164,0.0400907,-0.992837,-0.000518769,0.501581,0.0325658,-1.00043,0.000645361,0.460015,0.048977,-0.998078,-0.000473946,0.464335,0.0441695,-1.0036,-8.1122e-05,0.436087,0.0453264,-0.994902,-0.000334817,0.453444,0.0357196,-1.00289,-0.000727574,0.449111,0.0749823,-0.999027,0.000159414,0.428181,0.0612287,-0.998395,0.000227999,0.406297,0.0266259,-1.00436,0.000299109,0.373314,0.0297163,-0.996395,-0.000308305,0.33366,0.0338538,-1.00181,5.96459e-05,0.338568,0.0524282,-1.00292,-0.000602339,0.364088,0.0331655,-1.0047,0.000283971,0.36384,0.0078633,-1.0112,-0.000115439,0.356622,0.00186478,-0.998935,0.000757409,0.364086,0.0117308,-0.989768,0.00111802,0.33989,0.000223668,-0.991084,0.000161851,0.337282,0.0203519,-1.00961,3.98945e-05,0.303096,0.0139416,-1.00569,-0.000118119,0.270571,0.00767643,-1.00809,-7.79138e-05,0.288337,-0.00755406,-1.00557,-1.19939e-06,0.312098,0.00216223,-0.995581,-0.000205307,0.295084,0.0256329,-0.997836,-0.000427515,0.318075,0.0181641,-0.997316,0.000201706,0.346767,0.0185165,-1.00088,-0.000360987,0.278787,-0.00737993,-0.99589,0.000898834,0.307739,0.0110473,-1.00074,9.34225e-05,0.291428,0.0160654,-1.00128,0.000590333,0.28566,0.0670729,-0.998742,0.000394778,0.250351,0.118539,-1.00952,0.000486893,0.304557,0.0970209,-1.00794,0.000262156,0.293637,0.0692139,-1.00623,-5.31644e-05,0.306366,0.075789,-1.0072,0.00030898,0.27282,0.0942531,-1.00374,0.000315359,0.28352,0.100964,-1.00361,8.1888e-05,0.7,0,-1,0.689499,-0.160477,-0.0899432,0.919873,-0.329095,1.22596,0.998767,-0.0166704,-0.0467436,-0.000996955,-0.0014721,-0.0825789,-0.026515,0,0,-0.395566,0.45,1,5,0.785398,0,0,0,0.00765589,0.175935,0.0497582,0.8927,2.85249,0.500535,0.0111429,0.190763,0.0505366,0.580475,0.315873,0.492456,0.201073,nan,nan,nan,nan,nan,nan,nan,nan,-0.128711,-0.127271,1.35841,750.128,461.73,658.891,294.626,-0.385654,0.436369,-2,0.736638,-0.274122,1.20336,0.942835,0.601422,-0.173878
0.46,0.998899,-0.0163192,-0.0438076,0.00400816,-0.0616935,-0.265371,-0.0370169,-0.0812938,0.165822,-0.920218,0.114217,-0.0624167,-0.059472,0.474727,-0.026889,-0.994499,0.000597685,0.406285,-0.0079206,-0.995922,-8.29975e-05,0.349204,0.0224709,-0.994259,0.000674407,0.345864,0.0453097,-0.995783,-0.000791713,0.300191,0.0733326,-1.00656,0.000262051,0.300211,0.0466439,-0.998502,-0.00010318,0.323037,0.0353971,-0.993073,-0.000237438,0.345369,0.0430416,-1.00091,0.000134757,0.39751,0.024687,-0.997584,0.00014405,0.3826,0.0602512,-0.999561,-0.00032874,0.371092,0.0853297,-0.988322,-4.68093e-05,0.335852,0.0856439,-0.990881,-0.000209656,0.330918,0.147252,-0.995831,0.000116645,0.354597,0.0991818,-1.00325,0.000261243,0.33962,0.0569746,-0.994183,-0.000114176,0.327034,0.0517048,-1.00241,0.000521778,0.336815,0.0368201,-1.0127,0.000791929,0.354589,0.0195762,-1.00423,-0.000968573,0.345673,0.0299973,-0.994679,-0.000487018,0.39463,0.00361908,-1.00134,-0.000132901,0.377485,0.0531864,-0.998812,-6.50566e-05,0.411879,0.0530306,-0.992935,-5.33926e-05,0.394397,0.0470699,-1.00246,0.000495161,0.428063,0.0698119,-1.00259,0.000199331,0.418856,0.105143,-0.994143,-0.00028434,0.434132,0.106476,-1.00244,0.000702536,0.410172,0.0760282,-0.998511,-0.000911731,0.41535,0.0619714,-0.998891,-0.00024407,0.43615,0.0275497,-0.997498,-0.000349707,0.47379,0.037077,-0.98823,0.000169651,0.452887,0.0439299,-0.989851,-0.000116566,0.471156,0.0343304,-1.00275,0.000740243,0.469607,0.0443293,-0.999058,0.000351222,0.508368,0.0355001,-0.996388,-0.000355061,0.488584,0.0396953,-0.993309,-0.000555669,0.502366,0.0722345,-0.999707,0.000737509,0.473733,0.0499948,-0.996718,-0.000575316,0.458769,0.0435908,-1.0035,-0.000139603,0.45219,0.076964,-0.993962,-0.000199267,0.431769,0.0577184,-1.00151,-0.000486689,0.417509,0.0685413,-0.997679,0.00013945,0.442538,0.0760093,-0.997172,-2.17065e-06,0.407525,0.0265383,-1.00429,0.000271548,0.368208,0.0380639,-0.994775,-0.000390942,0.330438,0.0570468,-1.00102,-8.85226e-05,0.357105,0.0303252,-1.00246,-0.000512025,0.36277,0.0163015,-1.00625,8.1976e-05,0.41367,0.00899505,-1.00882,-0.000100967,0.38784,0.0246902,-0.996785,0.000850031,0.35951,-0.0148106,-0.988907,0.0010074,0.354738,-0.00836103,-0.992281,-5.65793e-05,0.364264,0.023169,-1.01037,0.000130107,0.30664,0.0072557,-1.0057,-7.5223e-05,0.307718,0.0135159,-1.00917,-0.000411024,0.32051,0.0170704,-1.00476,-0.000114316,0.277463,-0.0258601,-0.993318,2.10096e-05,0.290299,-0.00547072,-0.997561,-0.000555703,0.334112,0.0167099,-0.998722,3.55627e-05,0.341058,-0.0134392,-0.999632,-0.000371039,0.33323,-0.0372361,-0.995435,0.000968447,0.312725,0.0307299,-1.00122,7.07089e-05,0.291002,0.0446224,-1.00325,0.00037385,0.282534,0.0588979,-0.997705,0.000514443,0.266731,0.0809011,-1.01028,0.000387955,0.305011,0.0684176,-1.00716,0.000385804,0.304912,0.0578545,-1.00624,-0.000209344,0.318496,0.0980932,-1.0064,0.000214169,0.28693,0.0932527,-1.00223,0.000305344,0.280643,0.0878758,-1.00446,0.000143904,0.291974,0.0601558,-1.00459,-8.01168e-05,0.7,0,-1,0.630587,-0.137948,-0.091459,0.860224,-0.161813,1.19325,0.99901,-0.00822974,-0.0437282,9.32678e-05,0.0886669,-0.0544949,-0.0235479,0,0,-0.395938,0.45,1,5,0.785398,0,0,0,0.00782422,0.176546,0.0497584,1.32824,4.32985,0.470973,0.0157055,0.171138,0.0499641,0.57448,0.317613,0.489237,0.200936,nan,nan,nan,nan,nan,nan,nan,nan,-0.0694973,0.0113251,1.3212,748.571,457.432,656.792,293.651,-0.421114,0.482281,-2,0.751598,-0.276555,1.26909,0.397001,0.182561,-0.13206
0.48,0.998701,-0.0170095,-0.0478935,0.00362652,0.0200713,-0.231458,-0.0203441,-0.0758374,0.164935,-0.918174,0.124432,-0.0745062,-0.0587826,0.43794,0.00272182,-0.995193,-0.000126683,0.366687,0.0261805,-0.992962,0.00070536,0.302567,0.0310018,-0.995388,-0.000601759,0.283653,0.0545073,-1.00541,0.000214033,0.284039,0.0357278,-0.99645,-0.000114168,0.298186,0.0225886,-0.993884,-0.000309316,0.344798,0.0384586,-1.00021,0.000129237,0.345341,0.0133058,-0.996701,0.00011327,0.327722,0.0553965,-1.00138,-0.000235003,0.349958,0.0869799,-0.988253,-0.000113517,0.32078,0.0743563,-0.991594,-0.000232382,0.311305,0.122138,-0.99494,8.44956e-05,0.319238,0.103556,-1.00399,0.000468072,0.325504,0.0644765,-0.995462,-0.000143224,0.32253,0.0532064,-1.00189,0.000567955,0.352408,0.043282,-1.01262,0.000609211,0.337118,-0.00801428,-1.0035,-0.000909401,0.348254,0.0231441,-0.994888,-0.000674999,0.376699,0.0232243,-1.00058,3.1243e-06,0.390877,0.0529644,-1.00012,-0.000106573,0.414128,0.0559913,-0.992612,-7.02459e-05,0.374492,0.0599635,-1.0014,0.0004021,0.42595,0.0557103,-1.00349,0.00030091,0.427711,0.114917,-0.992979,-0.000118092,0.434948,0.113177,-1.00093,0.000571652,0.435029,0.0759853,-0.997344,-0.000879003,0.433798,0.0256698,-0.999587,-9.5487e-05,0.438443,0.0400164,-0.996323,-0.000532473,0.440392,0.0359397,-0.987921,0.000140212,0.448052,0.0326101,-0.990671,-4.15368e-05,0.467925,0.0339792,-1.00348,0.000739473,0.483035,0.0441912,-0.999141,0.000463966,0.492488,0.0230142,-0.997264,-0.000340259,0.512321,0.027819,-0.994926,-0.000618744,0.502684,0.0729512,-0.999346,0.00064925,0.49713,0.0647678,-0.996906,-0.000644301,0.501467,0.0365035,-1.00441,-8.68216e-05,0.474841,0.057515,-0.993593,-0.000131491,0.435482,0.0588263,-0.999004,-0.000403774,0.419088,0.0819519,-0.999406,0.000115192,0.424989,0.0805203,-0.997305,0.000165219,0.432231,0.0348518,-1.0041,0.00039467,0.401282,0.0277183,-0.994448,-0.00030766,0.397299,0.0377038,-1.00089,-0.00011199,0.421279,0.0492345,-0.999814,-0.00072351,0.394601,0.0166791,-1.00523,7.37323e-05,0.418986,-0.00128451,-1.01022,-0.000267189,0.411638,0.00551042,-0.995341,0.00082696,0.403181,-0.00517061,-0.989502,0.000833583,0.396668,-0.025559,-0.991767,-1.6028e-05,0.366663,0.0057363,-1.01148,0.000111365,0.343957,0.0112891,-1.00417,-4.10835e-05,0.323588,0.0368246,-1.00786,-0.000439299,0.366607,0.025642,-1.00395,-0.000245904,0.34213,-0.00181633,-0.992581,0.000141201,0.330993,0.035693,-0.996121,-0.000435854,0.362582,0.00238241,-0.998749,3.87596e-05,0.339508,-0.0136251,-0.999764,-0.000229742,0.332853,-0.0111343,-0.995103,0.000975537,0.343545,0.0211942,-1.00125,0.000279413,0.309073,0.018927,-1.00182,0.000300444,0.289012,0.0450265,-0.997399,0.000625202,0.304352,0.0644158,-1.00972,0.000350306,0.333975,0.0885678,-1.00792,0.000344269,0.350822,0.0433406,-1.00637,-0.000176822,0.294653,0.103411,-1.00518,0.000162193,0.292109,0.0932453,-1.00197,0.000243595,0.319266,0.0951445,-1.00715,0.00025039,0.312722,0.0730715,-1.00468,-3.02071e-05,0.289171,0.0831994,-1.00629,-0.000287188,0.7,0,-1,0.630587,-0.137948,-0.091459,0.860224,-0.161813,1.19325,0.99901,-0.00822974,-0.0437282,9.32678e-05,-0.00675542,-0.0499568,-0.0241444,0,0,-0.394336,0.45,1,5,0.785398,0,0,0,0.0080161,0.177015,0.04975,1.73096,2.72832,0.431978,-0.00245964,0.175996,0.0492567,0.562921,0.330546,0.479042,0.213885,nan,nan,nan,nan,nan,nan,nan,nan,-0.0494033,-0.0680218,1.32395,744.34,460.771,652.34,308.211,-0.452155,0.450662,-2,0.821165,-0.288285,1.27802,0.510747,-0.604473,0.0344694
0.5,0.998644,-0.0167698,-0.0491539,0.0035587,0.0161446,-0.116683,-0.00915227,-0.0726987,0.16449,-0.916895,0.154018,-0.0677631,-0.061309,0.344105,0.0312094,-0.993897,0.00055742,0.285481,0.0525834,-0.99674,-0.000720855,0.283559,0.0423131,-1.00759,0.000248239,0.275898,0.0509114,-0.997389,-3.20569e-05,0.315366,0.00849727,-0.994621,-0.000255016,0.33255,0.0378849,-1.00003,0.000225751,0.322847,0.0424541,-0.996114,0.000173095,0.351782,0.0547683,-0.999718,-3.40954e-05,0.318148,0.0705137,-0.990069,-0.000163729,0.310902,0.0938702,-0.991484,-0.000509824,0.279882,0.0794768,-0.99315,1.01601e-05,0.308124,0.0837488,-1.00404,0.000542611,0.342158,0.0597766,-0.994703,-0.000172498,0.339878,0.0630457,-0.999871,0.000538868,0.337984,0.0510009,-1.01332,0.000645713,0.325024,-0.0183564,-1.00442,-0.000850409,0.347529,0.0196364,-0.996587,-0.000419355,0.387815,0.0372209,-1.00168,0.000121704,0.392136,0.0699562,-0.999282,-1.79732e-05,0.373676,0.0626468,-0.991636,-0.000123531,0.354791,0.0880742,-1.00174,0.000454727,0.399023,0.0718009,-1.00559,0.000303974,0.42365,0.0944508,-0.992446,0.000122498,0.419024,0.106292,-0.999408,0.000624689,0.422319,0.0932941,-0.996533,-0.00072619,0.43508,0.0371171,-0.99772,3.4907e-06,0.463582,0.0559625,-0.997123,-0.000602453,0.460915,0.0389594,-0.988866,0.00023619,0.468638,0.0448516,-0.990122,-0.000114832,0.500401,0.0546986,-1.0046,0.000757194,0.500341,0.0506397,-0.999364,0.000662596,0.50679,0.0380764,-0.997503,-0.000291048,0.518612,0.0794159,-0.995356,-0.000756728,0.518595,0.0773384,-0.999435,0.000526821,0.493969,0.0786137,-0.996545,-0.00035852,0.474865,0.0636414,-1.00391,-0.000229733,0.468585,0.0889507,-0.994057,-0.000302711,0.466272,0.080965,-0.999068,-0.000486886,0.426472,0.0999176,-0.997658,3.10702e-05,0.449433,0.0519771,-0.995886,9.67279e-05,0.462594,0.0390869,-1.00184,0.000158108,0.461691,0.0391731,-0.995556,-0.000530946,0.440448,0.0546011,-1.00045,-9.32966e-05,0.446743,0.0194965,-1.0007,-0.000788132,0.428504,-0.0233969,-1.00534,0.000222253,0.429628,-0.0216745,-1.01016,-0.000182853,0.407283,-0.0203378,-0.993096,0.000671917,0.428768,-0.0297514,-0.989933,0.000783888,0.42647,-0.0220989,-0.992685,0.000160495,0.356958,-0.0124259,-1.00987,6.88483e-05,0.367518,0.0133485,-1.00209,-4.91124e-05,0.376422,0.0236643,-1.00549,-0.000309062,0.389189,3.48332e-05,-1.00359,-0.000486783,0.39095,-0.00170124,-0.993006,0.000195098,0.359427,0.0224058,-0.99405,-0.000257712,0.382079,0.00337508,-0.998099,4.21577e-05,0.375309,0.0148392,-0.997718,-0.000453562,0.351411,-0.0160874,-0.995654,0.000957794,0.337785,0.0106599,-1.00204,0.000144762,0.294932,0.053029,-1.00063,0.000410398,0.323017,0.0516142,-0.995982,0.000746487,0.330783,0.0716359,-1.01107,0.000379087,0.349521,0.0982871,-1.00677,0.000477768,0.370408,0.0442124,-1.00385,-0.000145737,0.298849,0.0934166,-1.00577,1.3421e-05,0.297048,0.0641764,-1.00175,0.000219533,0.331687,0.0668039,-1.00651,0.000384775,0.287145,0.0739314,-1.0045,-0.000206497,0.26275,0.108808,-1.00677,-0.00037555,0.274914,0.0936497,-1.00656,-0.00033926,0.7,0,-1,0.524161,-0.170753,-0.0955718,0.482565,-0.324805,1.18684,0.999561,-0.0165208,-0.0245836,-0.000724712,-0.0139047,-0.0580708,-0.0260464,0,0,-0.393053,0.45,1,5,0.785398,0,0,0,0.00831062,0.177264,0.0497293,-0.0995095,2.666,0.148001,0.00504014,0.172064,0.0482806,0.568589,0.319247,0.469059,0.22045,nan,nan,nan,nan,nan,nan,nan,nan,-0.0804944,-0.113128,1.3239,742.664,457.226,646.158,317.123,-0.387953,0.512611,-2,0.837297,-0.282333,1.33429,1.47932,0.337154,-0.12632
0.52,0.998632,-0.0167622,-0.0494111,0.00353864,8.2661e-05,-0.0563464,-0.00514944,-0.0709719,0.164259,-0.916128,0.157784,-0.0645609,-0.068869,0.300613,0.0260659,-0.997922,-0.000586784,0.287152,0.0588494,-1.00587,0.000535517,0.279741,0.04539,-0.997734,0.000103779,0.294548,0.03216,-0.992866,-7.83845e-05,0.337536,0.00344389,-0.999044,0.000124476,0.299734,0.0466767,-0.998076,0.000174933,0.301661,0.0721003,-1.00011,-3.03367e-05,0.308264,0.0688667,-0.989565,-0.000303103,0.320821,0.0905495,-0.99205,-0.000594075,0.300826,0.0717138,-0.993069,-4.56098e-05,0.289301,0.0681587,-1.00468,0.000516291,0.33462,0.0522074,-0.994279,-0.000280774,0.315476,0.0548423,-0.99773,0.000286064,0.326555,0.0488553,-1.01305,0.000634306,0.334531,-0.00530291,-1.00538,-0.00077507,0.337505,-0.0024506,-0.996962,-0.000518137,0.370564,0.0254612,-1.00017,0.000177541,0.373253,0.0624421,-0.999455,-0.000135775,0.359379,0.07499,-0.990602,-0.00014002,0.348101,0.0923139,-1.00152,0.000266522,0.409399,0.0775004,-1.00647,0.000219766,0.429619,0.11963,-0.992773,0.00024549,0.436177,0.107873,-1.00213,0.000625103,0.433172,0.093331,-0.995035,-0.00059673,0.441718,0.0598501,-0.996776,6.7517e-05,0.448065,0.0492566,-0.996464,-0.00074044,0.472213,0.0359517,-0.988579,0.000408052,0.469386,0.0724479,-0.990321,-0.000156956,0.512178,0.0609852,-1.00608,0.000709961,0.4747,0.0311374,-0.999146,0.000839891,0.508002,0.0608789,-0.996169,-0.000653786,0.529924,0.0732863,-0.994857,-0.000923362,0.506545,0.0678249,-0.999778,0.000533352,0.484914,0.0711581,-0.996222,-0.000327003,0.472072,0.0819233,-1.00495,-0.000203428,0.471734,0.0719934,-0.994276,-0.000324106,0.469919,0.046577,-1.00064,-0.000628775,0.467024,0.0498584,-0.997351,-3.6597e-05,0.487992,0.0838054,-0.997245,3.43043e-05,0.462959,0.058889,-1.00128,9.24989e-05,0.458772,0.034327,-0.996522,-0.000590661,0.451466,0.0313136,-0.999601,-0.000233226,0.47348,0.0169745,-1.00055,-0.000635274,0.449645,-0.0404837,-1.00398,0.000253944,0.441578,-0.00514562,-1.01033,-0.000268842,0.421584,-0.00740562,-0.994454,0.000472408,0.418608,-0.0182978,-0.989565,0.000755211,0.432499,-0.00526407,-0.992931,0.000118061,0.416584,0.00727344,-1.01049,0.000153973,0.405573,0.0179971,-1.00178,7.9873e-05,0.396449,0.027344,-1.00467,-0.000328227,0.394333,0.0157887,-1.00244,-0.000543685,0.395418,0.0181108,-0.992597,0.000159977,0.375261,0.0409389,-0.993636,-0.000306449,0.406109,0.0385382,-0.999088,9.35791e-05,0.411737,0.0181696,-0.997943,-0.000508604,0.382891,-0.000333284,-0.994565,0.000943073,0.369597,0.0209057,-1.00234,-2.99826e-05,0.348481,0.0319737,-1.00004,0.000359748,0.360144,0.0519629,-0.99653,0.000698822,0.356157,0.0473515,-1.0093,0.000581681,0.337668,0.075668,-1.00767,0.000309702,0.34609,0.0767831,-1.00136,-4.4123e-05,0.309914,0.0948762,-1.00726,2.01163e-05,0.304959,0.0635057,-0.999109,0.000273475,0.318655,0.0587716,-1.00648,0.000165334,0.276706,0.0746594,-1.00422,-0.000275107,0.262047,0.0827954,-1.00844,-0.000305887,0.258408,0.0912864,-1.00776,-0.000185258,0.283105,0.10412,-1.0078,-0.000254987,0.7,0,-1,0.519281,-0.170224,-0.097277,0.523496,-0.309484,1.17533,0.99952,-0.0157369,-0.0266641,-0.000738148,0.0257478,-0.0375816,-0.0264097,0,0,-0.393749,0.45,1,5,0.785398,0,0,0,0.00822067,0.177372,0.0497083,1.54564,-0.331512,0.230688,-0.00378752,0.185665,0.0478337,0.574481,0.310094,0.461577,0.226573,nan,nan,nan,nan,nan,nan,nan,nan,-0.0761238,-0.082302,1.28896,743.858,451.668,639.375,325.373,-0.452846,0.556694,-2,0.837248,-0.280723,1.3791,0.188318,0.160111,-0.378
0.54,0.998555,-0.0152583,-0.0514026,0.00361747,0.0705431,-0.0733733,-0.000826787,-0.0614793,0.163083,-0.913066,0.193419,-0.0614802,-0.0660931,0.289574,0.0617412,-1.00619,0.000488757,0.256556,0.0350434,-0.997168,0.000199662,0.260935,0.0350461,-0.992451,8.01293e-05,0.301542,0.0204995,-1.00009,0.000206274,0.301864,0.0521346,-0.999307,0.000103611,0.281336,0.0345228,-0.998323,-0.00018013,0.271293,0.0488506,-0.989426,-0.000253025,0.29627,0.0677731,-0.992044,-0.000570005,0.307299,0.0343736,-0.995134,-5.42127e-06,0.298381,0.0637749,-1.00467,0.000599778,0.309649,0.0608433,-0.995822,-0.000424234,0.287994,0.0412464,-0.997487,0.000222405,0.30064,0.0131562,-1.01293,0.000712433,0.333432,0.0224573,-1.00761,-0.000705822,0.315821,0.0192488,-0.99689,-0.000541933,0.383528,0.036628,-1.00049,0.000396983,0.361049,0.0417136,-0.999631,-6.73508e-05,0.359691,0.0510539,-0.988853,-8.07854e-05,0.364432,0.0747456,-1.00073,0.000413425,0.387164,0.0655584,-1.00671,0.000342275,0.421319,0.0862852,-0.994715,0.000154034,0.41087,0.120796,-1.00108,0.000737971,0.414855,0.0899359,-0.995377,-0.000762083,0.407397,0.0855009,-0.995114,7.44501e-05,0.446165,0.0425776,-0.996992,-0.000764105,0.478969,0.0600268,-0.988203,0.000422281,0.497799,0.0510454,-0.99161,-0.000291199,0.507472,0.0270402,-1.00666,0.000562369,0.49607,0.0139922,-0.997504,0.000757734,0.46818,0.0699745,-0.997566,-0.000712357,0.533253,0.0618546,-0.996323,-0.000938779,0.485459,0.0660699,-0.999425,0.000495477,0.476958,0.0599802,-0.997492,-0.000215863,0.497459,0.0948586,-1.00538,1.66072e-05,0.48673,0.0879119,-0.993733,-0.000253242,0.498487,0.0828683,-0.999397,-0.000648425,0.456598,0.0770814,-0.996407,-6.22098e-05,0.460927,0.0618263,-0.997849,0.000101879,0.475459,0.058604,-1.00165,0.00014477,0.503746,0.0441512,-0.996117,-0.000615813,0.480198,0.0182857,-1.00038,-8.26329e-05,0.50433,-0.000965951,-1.00176,-0.000531894,0.495057,-0.0209337,-1.00521,0.000309429,0.473111,-0.0183556,-1.01017,-0.000216818,0.471495,-0.0190686,-0.994193,0.000443391,0.444395,-0.00670325,-0.989166,0.000577971,0.453008,-0.010152,-0.992799,0.00032164,0.443372,0.013493,-1.00837,0.000263396,0.420591,0.0247301,-1.00057,-2.07251e-06,0.445033,9.00721e-05,-1.00539,-0.000265202,0.399332,-0.00811336,-1.0038,-0.000702991,0.409937,0.0231648,-0.991375,1.95679e-05,0.39059,0.0570373,-0.99338,-0.000326921,0.415911,0.0473199,-0.999558,3.27459e-05,0.43206,0.0190672,-0.997926,-0.000504299,0.422487,0.0188792,-0.991544,0.000777678,0.410842,0.0217417,-1.00147,-7.36602e-05,0.40564,0.0142954,-0.999886,0.000299735,0.380127,0.0334609,-0.995233,0.000764663,0.376283,0.0808991,-1.0103,0.000441722,0.351806,0.0942742,-1.00822,0.000409632,0.355742,0.0635149,-0.999963,-9.2669e-05,0.328556,0.0930681,-1.00837,-3.5171e-05,0.319161,0.0651845,-0.998398,0.000179582,0.313343,0.0651114,-1.00683,-8.22833e-05,0.318734,0.0634027,-1.00242,-0.000292808,0.281977,0.0903185,-1.0078,-0.000294325,0.281307,0.10707,-1.00872,-0.000209474,0.288579,0.123102,-1.007,-0.000261504,0.259381,0.0899017,-1.00714,-0.00020601,0.7,0,-1,0.486278,-0.177727,-0.0884479,0.453768,-0.265849,1.23386,0.999641,-0.0135395,-0.0231109,-1.43918e-05,-0.0156388,0.0417958,-0.024703,0,0,-0.395693,0.45,1,5,0.785398,0,0,0,0.0077968,0.177725,0.0496076,0.212541,0.96646,-0.47341,-0.00615844,0.191825,0.0471772,0.567521,0.316947,0.479658,0.215472,nan,nan,nan,nan,nan,nan,nan,nan,0.0813225,-0.0117314,1.32328,742.019,449.66,639.576,321.666,-0.361296,0.59747,-2,0.866242,-0.253723,1.42594,1.78174,0.154032,0.138796
0.56,0.99853,-0.0149106,-0.0519888,0.0035334,0.0284811,-0.0818165,-0.0146586,-0.0572777,0.162558,-0.911978,0.200975,-0.0651368,-0.0631881,0.241516,0.0380868,-0.999193,0.000289241,0.222865,0.0306571,-0.990376,0.000150438,0.265619,0.0288037,-1.00095,-2.68989e-06,0.271853,0.0506994,-0.999477,0.000165407,0.23292,0.0290264,-0.99758,-0.000169527,0.226855,0.0491043,-0.989402,-0.000330018,0.272553,0.0682756,-0.992177,-0.000517483,0.286026,0.0647841,-0.996658,-0.000140141,0.274265,0.0597289,-1.00395,0.000576963,0.286168,0.0613471,-0.993772,-0.00037193,0.304952,0.0401846,-0.99655,0.000232909,0.288622,0.0431127,-1.01323,0.000852276,0.299976,0.0411462,-1.00756,-0.000591935,0.321227,0.0288198,-0.996733,-0.000539363,0.35059,0.0415113,-0.998408,0.000422538,0.335434,0.0571551,-0.998272,0.000101323,0.35125,0.0248361,-0.991598,-3.09739e-05,0.392158,0.0722423,-1.00073,0.00029819,0.403284,0.0730152,-1.00596,0.000260328,0.411553,0.0933002,-0.993718,0.000160931,0.393385,0.128214,-1.0006,0.000986267,0.445148,0.0645509,-0.996263,-0.000663683,0.421161,0.0703426,-0.993813,0.000183835,0.437234,0.0249029,-0.997323,-0.00071942,0.459761,0.0379752,-0.987039,0.000317705,0.485631,0.0357979,-0.991365,-0.00018792,0.505664,0.057367,-1.00725,0.000710508,0.470189,0.0321785,-0.998881,0.00059416,0.477588,0.0574992,-0.999214,-0.000721828,0.510834,0.063954,-0.996816,-0.000849722,0.477049,0.0606307,-0.998703,0.000537714,0.464052,0.0712487,-0.995253,-0.000136603,0.522275,0.092741,-1.00554,-8.96528e-05,0.49372,0.053191,-0.99372,-0.000318259,0.484995,0.0767368,-0.999931,-0.000547768,0.48843,0.0720164,-0.995344,-0.000132087,0.480051,0.0751466,-0.997268,0.000155969,0.490622,0.0736634,-1.00198,0.000130341,0.528455,0.0389687,-0.997594,-0.000545254,0.497716,0.049291,-1.00188,-0.000164389,0.519383,0.0365483,-1.00156,-0.000425467,0.532088,0.0094349,-1.00494,0.000288569,0.496591,0.00121839,-1.0104,-8.07234e-05,0.474248,-0.00357408,-0.99456,0.000381448,0.466878,0.0103115,-0.989888,0.000732345,0.471346,0.018547,-0.992584,0.000227252,0.46641,0.00124176,-1.0089,0.000312044,0.449391,0.0100014,-0.999206,7.78751e-05,0.452706,0.00463708,-1.00653,-0.000310639,0.42263,-0.00744134,-1.00376,-0.000804782,0.414419,0.0206873,-0.989442,-2.32155e-05,0.427459,0.0660909,-0.993006,-0.000459138,0.431125,0.0603501,-1.00189,-5.27268e-05,0.44767,0.0275866,-0.998807,-0.000556894,0.454738,0.0220694,-0.993431,0.000987724,0.41531,0.0161044,-1.00135,0.000114378,0.426133,0.0109937,-1.00108,0.000192368,0.385219,0.0251418,-0.99296,0.000535783,0.379765,0.0921895,-1.00968,0.000350153,0.36301,0.103847,-1.00912,0.000392946,0.342979,0.0515895,-0.998936,-0.000171641,0.340005,0.0709246,-1.00585,-0.000165475,0.347818,0.0666039,-0.999735,0.000184065,0.322289,0.0957271,-1.00685,-0.000106277,0.310659,0.0906896,-1.00358,-0.000263312,0.309344,0.0951515,-1.00641,-0.000355511,0.307838,0.0916389,-1.00974,-9.11314e-05,0.29077,0.113798,-1.00749,-0.000302772,0.277812,0.0945959,-1.0078,-0.000112276,0.261261,0.125438,-1.00571,-4.70193e-05,0.7,0,-1,0.446068,-0.148974,-0.0904498,0.278123,-0.312283,1.21176,0.999773,-0.0159077,-0.0141758,-0.000288886,0.0491612,0.070407,-0.0199586,0,0,-0.396816,0.45,1,5,0.785398,0,0,0,0.00749246,0.178177,0.0495735,-0.37986,0.256157,-0.589521,0.00398621,0.199905,0.0472352,0.583025,0.302509,0.483016,0.214223,nan,nan,nan,nan,nan,nan,nan,nan,-0.051932,-0.145439,1.32081,752.83,443.57,643.37,318.461,-0.41206,0.604242,-2,0.885418,-0.250554,1.33714,0.377777,-0.182832,0.145247
0.58,0.998513,-0.0147693,-0.0523566,0.00346417,0.0293863,-0.0813255,-0.017947,-0.0551301,0.162289,-0.911467,0.202256,-0.0771214,-0.0577937,0.265223,0.0267416,-0.988935,0.000102107,0.267983,-0.0111596,-0.998456,-4.63253e-05,0.242338,0.0145054,-0.999622,0.000129815,0.184706,0.0350663,-0.996679,-0.000383653,0.212264,0.0493399,-0.990166,-0.00022003,0.252534,0.0539165,-0.992175,-0.000410045,0.255139,0.0735886,-0.997246,-5.37738e-05,0.246713,0.0433684,-1.00297,0.000662167,0.282366,0.086256,-0.994737,-0.000422466,0.293679,0.048756,-0.994741,7.01217e-05,0.281549,0.0756896,-1.01416,0.000823708,0.289418,0.0420639,-1.00788,-0.000470043,0.294655,0.0101136,-0.998635,-0.00046355,0.299319,0.0126299,-0.995573,0.000367684,0.323678,0.035774,-0.996631,-8.47971e-05,0.320049,0.023552,-0.992959,-7.93144e-05,0.354591,0.0739592,-1.00154,0.000213506,0.385882,0.0702727,-1.00801,0.000255767,0.392521,0.0836762,-0.993364,0.000228458,0.393455,0.0938154,-1.00063,0.000861805,0.443411,0.0850615,-0.997008,-0.000467076,0.449892,0.0548603,-0.995713,0.000277137,0.436446,0.0278241,-0.999671,-0.000698073,0.462645,0.0268598,-0.985631,0.000447017,0.443788,0.0426834,-0.992339,-1.32176e-05,0.490679,0.0434556,-1.00459,0.000616078,0.472765,0.0361316,-0.997534,0.000575074,0.489924,0.0570043,-0.998254,-0.000739705,0.504478,0.0673721,-0.997871,-0.000723973,0.509269,0.0673538,-0.998349,0.000573132,0.486494,0.0862275,-0.992713,-0.000115216,0.505558,0.0729792,-1.00412,0.000136213,0.515244,0.0617524,-0.993612,-0.000307379,0.499092,0.065882,-0.998917,-0.000628128,0.497259,0.0692221,-0.996391,-0.00038697,0.502326,0.0860623,-0.997619,3.61492e-05,0.514454,0.0716548,-1.00195,5.4242e-05,0.524854,0.0439533,-0.998406,-0.000536006,0.525823,0.0310893,-1.00355,-5.00809e-05,0.521469,0.00983318,-1.00039,-0.000420989,0.520084,0.0316908,-1.00456,0.000376768,0.493966,-0.00626346,-1.01008,-0.000107896,0.511339,0.00226891,-0.992567,0.000285751,0.463058,0.0270351,-0.991199,0.000626393,0.481927,0.00827049,-0.989773,0.00013825,0.4915,0.0126013,-1.00921,0.000511428,0.477722,-0.00737645,-1.00024,7.85616e-05,0.479371,0.0101919,-1.00548,-0.00027047,0.440756,-0.00933625,-1.00307,-0.000862133,0.440695,0.0382081,-0.98934,0.000172682,0.43462,0.0607136,-0.994062,-0.000312736,0.441567,0.0375401,-1.002,2.967e-06,0.470543,0.0160492,-0.99861,-0.00068616,0.472826,0.0169644,-0.993265,0.000989204,0.445621,0.00137158,-1.00118,0.000294914,0.455552,0.00928485,-1.00167,0.00018793,0.415169,0.0298036,-0.993541,0.000745441,0.375022,0.0872006,-1.0119,0.000424414,0.349886,0.127049,-1.00938,0.000477577,0.3719,0.0679697,-0.999424,-0.000227506,0.370851,0.0686635,-1.00586,-0.000208209,0.339066,0.0760442,-1.00176,0.000190189,0.356551,0.110888,-1.00844,-3.34051e-05,0.326587,0.10945,-1.00334,-0.000429377,0.341007,0.0736546,-1.00682,-0.000521003,0.333115,0.0890693,-1.00932,-2.5388e-05,0.276772,0.108797,-1.00929,-0.000401981,0.263744,0.0962551,-1.00726,1.36913e-06,0.266566,0.113215,-1.00581,5.25056e-05,0.289407,0.133562,-1.00543,-1.62467e-05,0.7,0,-1,0.351406,-0.121298,-0.0903627,0.145661,-0.180937,1.21055,0.99993,-0.00922449,-0.00742287,0.000210222,0.0121263,0.187805,-0.0188673,0,0,-0.393244,0.45,1,5,0.785398,0,0,0,0.00744681,0.178473,0.0495708,-3.03604,2.46161,-0.273981,0.0198582,0.202133,0.0478408,0.566051,0.322211,0.491623,0.207381,nan,nan,nan,nan,nan,nan,nan,nan,-0.0493522,-0.139338,1.34083,748.372,450.22,653.075,313.744,-0.495433,0.569309,-2,0.897805,-0.249903,1.27911,0.064075,-0.599227,0.269721
0.6,0.998492,-0.0144063,-0.0528826,0.00326273,-0.00835887,-0.0115026,-0.0182291,-0.0479842,0.161459,-0.909117,0.23872,-0.0693015,-0.0606216,0.251801,-0.0087087,-0.997063,9.91719e-05,0.209025,0.0141211,-1.00028,0.000111099,0.167735,0.0399747,-0.996969,-0.0002521,0.197888,0.018032,-0.98925,-0.000190249,0.209623,0.0519541,-0.991887,-0.000660167,0.208303,0.0697427,-0.998006,-3.72365e-05,0.226723,0.0737499,-1.0028,0.000679917,0.245402,0.077547,-0.994176,-0.000513234,0.269445,0.0878837,-0.996195,4.8443e-05,0.275665,0.0774045,-1.0166,0.000747092,0.246174,0.081697,-1.00787,-0.000521794,0.278527,0.035989,-1.00016,-0.000563148,0.301199,0.0461385,-0.997079,0.00047784,0.316742,0.0325062,-0.997454,-0.000141849,0.317605,0.0172806,-0.994011,-2.91966e-05,0.310482,0.0570551,-1.00024,0.000305206,0.355927,0.0732474,-1.00904,0.000187374,0.379037,0.104352,-0.991913,0.000426563,0.389612,0.073114,-0.999135,0.000694967,0.421952,0.0389391,-0.997174,-0.000508436,0.447632,0.0333984,-0.993495,0.000405564,0.471005,0.0145587,-0.999092,-0.000762098,0.445217,0.0252389,-0.987583,0.00031976,0.465261,0.0333252,-0.993115,1.13906e-05,0.47982,0.027946,-1.00633,0.00061956,0.481917,0.0234604,-0.998483,0.000397152,0.482552,0.0487123,-0.998012,-0.000929391,0.498428,0.0363892,-0.996954,-0.000400359,0.530631,0.0409322,-1.00075,0.000583375,0.504733,0.068679,-0.992432,3.84337e-05,0.49886,0.0408987,-1.00324,3.86916e-05,0.45839,0.0700432,-0.993031,-0.000409183,0.499642,0.0511717,-0.999832,-0.00046781,0.505913,0.0719786,-0.997488,-0.00052247,0.517731,0.0779119,-0.998465,-8.74322e-05,0.499539,0.0544129,-1.00143,4.55703e-05,0.511211,0.0549642,-0.999033,-0.000603724,0.523415,0.0439988,-1.00099,3.05652e-05,0.519704,0.015304,-1.00059,-0.000292004,0.538249,0.0215401,-1.00267,0.000392615,0.525058,0.00980077,-1.01031,-0.000264399,0.517138,-0.0132546,-0.993792,0.00031123,0.50212,0.0208951,-0.99148,0.000453438,0.498465,0.0138375,-0.988668,-7.73776e-06,0.511069,0.0352747,-1.00977,0.000440742,0.513846,0.00175947,-1.0022,-0.000228536,0.471333,-0.00708258,-1.00458,-0.000256467,0.437727,0.0164862,-1.00209,-0.000868852,0.41761,0.03488,-0.989597,0.000159064,0.453962,0.0635239,-0.99359,-0.000139686,0.469429,0.0515193,-1.00188,2.58836e-05,0.467872,0.025868,-0.998102,-0.000540232,0.486135,0.0367162,-0.992774,0.00112784,0.502832,0.0227028,-1.00389,0.00044705,0.493148,0.00699552,-1.00155,-0.000124666,0.431664,0.00633063,-0.991931,0.000748632,0.443805,0.0686502,-1.01174,0.000308353,0.367448,0.0936463,-1.00771,0.000337058,0.356365,0.0651706,-1.001,-0.000251951,0.38691,0.0627233,-1.00431,4.53244e-06,0.358661,0.0829128,-1.00329,0.000249458,0.352441,0.123713,-1.00791,-0.000213447,0.32869,0.111537,-1.00174,-0.000547533,0.338894,0.0818832,-1.00768,-0.00054857,0.336716,0.105701,-1.0094,2.26087e-05,0.278463,0.109041,-1.00982,-0.000189917,0.28946,0.0817636,-1.00752,6.11674e-05,0.258252,0.0910558,-1.00371,-4.46589e-05,0.250895,0.132285,-1.00591,0.000131956,0.271255,0.127268,-1.00522,1.05789e-05,0.7,0,-1,0.301164,-0.125248,-0.0968443,-0.0794926,-0.193547,1.17836,0.999943,-0.00986694,0.00404957,-0.00025344,-0.0159254,0.22519,-0.0188885,0,0,-0.396234,0.45,1,5,0.785398,0,0,0,0.00752138,0.179304,0.0495734,-0.606329,3.34834,0.449977,0.0155406,0.209171,0.0480113,0.561965,0.320421,0.501805,0.188786,nan,nan,nan,nan,nan,nan,nan,nan,-0.000249162,-0.080193,1.32325,743.935,449.668,664.513,303.881,-0.403919,0.632827,-2,0.908034,-0.244183,1.26756,1.82317,0.390993,-0.141397
0.62,0.998502,-0.0145707,-0.0526517,0.00316235,-0.0385244,0.0527546,-0.0194305,-0.0454177,0.161174,-0.908237,0.241635,-0.0685096,-0.0602297,0.232844,-0.0116838,-0.998911,0.000213058,0.15251,0.0238052,-0.994155,-0.00030301,0.163306,0.0277826,-0.988321,1.8205e-05,0.194188,0.0612895,-0.990705,-0.000588438,0.206402,0.0717446,-0.997365,-3.36787e-05,0.19518,0.0745216,-1.00354,0.00056198,0.204557,0.0808242,-0.992919,-0.000385504,0.240817,0.0983543,-0.996829,1.05362e-05,0.235173,0.0897445,-1.01734,0.000465385,0.229462,0.060627,-1.00912,-0.000557292,0.265233,0.0308255,-0.998749,-0.000631607,0.289876,0.00925337,-0.996414,0.000537162,0.304907,0.0139387,-0.996884,-0.000169067,0.322822,0.020875,-0.993912,0.000122112,0.313613,0.0512459,-1.00028,0.000343265,0.3396,0.0544819,-1.0087,-0.000100913,0.353693,0.0343418,-0.989641,0.000421261,0.383623,0.0417304,-0.999124,0.00057721,0.387809,0.0543425,-0.996058,-0.000538159,0.426428,0.0324785,-0.992485,0.000440599,0.43864,0.0149037,-0.998461,-0.000852524,0.432112,0.0169061,-0.987257,0.000184499,0.447644,0.0175025,-0.992776,8.31516e-05,0.46898,0.0325937,-1.00698,0.000677193,0.502017,0.02717,-0.998397,0.000381169,0.507746,0.038513,-0.997986,-0.000897672,0.504924,0.0301092,-0.996213,-0.000497486,0.513561,0.0436727,-0.999838,0.000554129,0.507076,0.0545573,-0.991089,0.000166586,0.499929,0.0443,-1.00454,0.000270838,0.478136,0.0717561,-0.992867,-0.000370334,0.501401,0.0705062,-1.00116,-0.000438804,0.509573,0.082686,-0.997858,-0.000508569,0.541759,0.0751736,-0.999827,-2.43402e-05,0.511345,0.0737177,-0.99958,-0.00010479,0.505678,0.0699574,-0.999633,-0.000578598,0.561441,0.0811592,-0.998422,0.00016492,0.549696,0.0164702,-1.00012,-0.000246117,0.56939,-0.00966739,-1.00122,0.000453761,0.535238,-0.0057144,-1.01087,-0.000363493,0.545564,-0.0177727,-0.992615,0.000355526,0.509339,0.0167134,-0.991846,0.000328743,0.528864,0.0065511,-0.987076,-6.8948e-05,0.549134,0.0379153,-1.00732,0.000406424,0.515181,0.00138301,-1.002,-0.000265468,0.469905,0.00993256,-1.00429,-0.000321353,0.451395,0.0316965,-1.00187,-0.00087276,0.448404,0.0418474,-0.989134,0.000166959,0.474718,0.078469,-0.991915,-0.000407026,0.478247,0.0735011,-1.00134,-0.000230602,0.477138,0.0556395,-0.996857,-0.000597383,0.513888,0.0557994,-0.994305,0.00098441,0.530464,-0.00457148,-1.0058,0.000513185,0.504575,0.0579763,-1.00108,-8.11289e-05,0.445918,0.0288739,-0.992472,0.000798016,0.427693,0.0955721,-1.01264,0.000243303,0.401051,0.0662969,-1.00631,0.000107592,0.391977,0.0317063,-1.00072,-0.00025093,0.388419,0.0716466,-1.00678,2.82294e-05,0.362276,0.067484,-1.0027,0.000126761,0.369697,0.121783,-1.00734,-0.00015942,0.341938,0.116331,-1.00185,-0.000460317,0.316451,0.0723313,-1.00475,-0.00050572,0.336018,0.085335,-1.0088,-0.000117986,0.285039,0.111325,-1.00974,-0.000258264,0.286437,0.0870247,-1.00707,0.000150828,0.273988,0.0882913,-1.00499,-5.05127e-05,0.284053,0.112008,-1.00781,-2.63753e-05,0.296763,0.117637,-1.00558,0.00010457,0.284614,0.160133,-1.00527,-0.000104604,0.7,0,-1,0.284345,-0.0907224,-0.106868,-0.0451281,-0.167731,1.17631,0.999961,-0.00855025,0.00230286,0.000264076,-0.000367256,0.224938,-0.0148495,0,0,-0.393962,0.45,1,5,0.785398,0,0,0,0.00771466,0.180463,0.0495442,-0.978237,3.32753,0.381858,0.018163,0.188939,0.0479681,0.568428,0.315307,0.483168,0.208944,nan,nan,nan,nan,nan,nan,nan,nan,0.00606414,-0.119353,1.36286,742.318,447.639,659.308,303.316,-0.478947,0.661278,-2,0.896035,-0.244914,1.3431,0.145758,0.039595,0.0195986
0.64,0.998544,-0.015158,-0.0516904,0.00301939,-0.0256957,0.070049,0.00311004,-0.0371445,0.160192,-0.906052,0.25413,-0.0777772,-0.0658405,0.158728,0.0223444,-0.991587,-0.000203674,0.120813,0.0270594,-0.986281,-9.68199e-05,0.159875,0.0471102,-0.990814,-0.000513499,0.156987,0.088282,-0.997927,-0.00016776,0.165168,0.0799358,-1.00258,0.000631225,0.170591,0.0875558,-0.992728,-0.000448444,0.193443,0.0618935,-0.995217,-2.85969e-05,0.216534,0.0636317,-1.01803,0.000681301,0.239969,0.0555012,-1.00778,-0.000567258,0.292886,0.021946,-0.998515,-0.000619948,0.285456,-0.0127175,-0.995173,0.000352693,0.297717,0.0109711,-0.998995,-0.000214021,0.320941,-0.0123544,-0.994257,7.05428e-05,0.310604,0.0348455,-1.00201,0.000247177,0.322211,0.0514593,-1.00718,-9.83177e-05,0.346999,0.0318321,-0.988056,0.000326824,0.375108,0.0554291,-0.998263,0.000515608,0.361285,0.0316322,-0.996101,-0.000495233,0.433042,0.0352064,-0.991503,0.000505136,0.426488,0.0123214,-0.997361,-0.000926508,0.423215,0.00895684,-0.98755,0.000142151,0.450078,0.00944136,-0.990828,6.16892e-05,0.483447,0.0295338,-1.00735,0.000826471,0.48689,0.00643146,-0.997805,0.000339074,0.50313,0.0252101,-0.998833,-0.00113065,0.499282,0.0222305,-0.997301,-0.000611625,0.489774,0.0521676,-0.999075,0.000431138,0.500046,0.0599638,-0.98951,0.000156939,0.520021,0.0394643,-1.00491,0.000342314,0.513885,0.0773501,-0.990364,-0.000262246,0.519427,0.0561821,-1.00068,-0.00056667,0.51854,0.0567148,-0.999344,-0.000539785,0.553447,0.0732071,-1.0001,0.000154002,0.532918,0.0468134,-1.00029,-0.000173542,0.556181,0.0805106,-0.999937,-0.000754745,0.562808,0.0742537,-0.99945,0.000225847,0.579872,0.0441949,-0.999978,-0.000310033,0.564732,-0.0146354,-0.998934,0.000452055,0.55508,-0.0314841,-1.00688,-0.000544334,0.55587,-0.0172907,-0.991824,0.000515668,0.528793,0.0217692,-0.991356,0.000359446,0.548881,0.0107445,-0.98808,-1.24647e-05,0.576059,-0.00483435,-1.00682,0.000417994,0.511774,0.0128973,-1.00169,-0.000151579,0.494995,0.0404036,-1.0039,-0.000486682,0.487584,0.0180674,-1.00224,-0.00105907,0.450877,0.0467776,-0.987412,0.000165332,0.48075,0.0650449,-0.992879,-0.000538893,0.490413,0.0592372,-1.00339,-0.000274054,0.478838,0.0560865,-0.995923,-0.000550248,0.509344,0.0468222,-0.995848,0.000940542,0.519605,0.0247733,-1.00453,0.000699582,0.494271,0.0467949,-1.00288,-0.000159086,0.452348,0.0219137,-0.992948,0.000833949,0.442593,0.0593585,-1.01244,0.000305839,0.426174,0.0501969,-1.00459,2.1686e-05,0.415202,0.0602836,-1.00004,-0.000338145,0.356582,0.0553536,-1.00601,3.2586e-05,0.386095,0.0732161,-1.00137,0.000229579,0.397019,0.105043,-1.00808,-0.000162108,0.339236,0.100687,-1.00106,-0.00069403,0.329198,0.07543,-1.00576,-0.000486537,0.342516,0.0843771,-1.00642,-1.93354e-05,0.288222,0.129161,-1.01082,-0.000309765,0.286917,0.0874329,-1.00743,5.39507e-05,0.284811,0.0858545,-1.00549,8.13678e-05,0.262659,0.0811108,-1.00805,5.88215e-06,0.327828,0.112397,-1.00683,0.000238257,0.305916,0.150194,-1.00597,-0.00019282,0.243254,0.149352,-1.00446,-0.00015706,0.7,0,-1,0.232327,-0.112542,-0.101352,-0.15826,-0.126255,1.17683,0.999947,-0.00643374,0.00806788,0.000196519,-0.00372927,0.284216,-0.0153114,0,0,-0.394754,0.45,1,5,0.785398,0,0,0,0.00785634,0.18081,0.0495119,0.167646,5.0722,-0.0502584,0.0118716,0.177348,0.04758,0.55628,0.326942,0.478638,0.21444,nan,nan,nan,nan,nan,nan,nan,nan,0.0174567,-0.0900588,1.31888,737.869,456.19,654.116,309.022,-0.504295,0.640405,-2,0.878218,-0.254652,1.35613,0.62474,-0.463379,-0.280542
0.66,0.998575,-0.0152019,-0.0510596,0.00304732,-0.00983798,0.142162,0.0090784,-0.0344119,0.15988,-0.905387,0.26647,-0.0693791,-0.0655257,0.138214,0.0397853,-0.985381,-0.000152091,0.132055,0.0488241,-0.990794,-0.000519931,0.140373,0.0727254,-0.997038,-0.000145151,0.127508,0.102844,-1.00189,0.000412942,0.129919,0.091524,-0.993364,-0.000575043,0.162844,0.0471649,-0.995008,-0.000151967,0.198362,0.0798117,-1.0184,0.000822468,0.232567,0.0565157,-1.00984,-0.000698455,0.263049,0.0524756,-0.995587,-0.000595129,0.294742,0.0135611,-0.994891,0.000356055,0.277383,0.00384478,-1.00098,-0.000148317,0.299953,0.0134458,-0.995751,-8.51704e-05,0.311297,0.0207568,-1.0048,0.000314165,0.298579,0.0415176,-1.00638,-9.22954e-06,0.321396,0.0369366,-0.989416,0.000351468,0.375508,0.0456678,-0.997645,0.000670086,0.358683,0.0464898,-0.99556,-0.000410877,0.40657,0.0327951,-0.990783,0.000519273,0.438497,0.0324749,-0.996818,-0.000676021,0.443651,0.0164837,-0.988573,0.000118797,0.463385,-0.0153215,-0.991726,-8.02672e-05,0.483608,0.0055205,-1.00728,0.00070296,0.4901,0.036926,-0.997408,0.000559118,0.509324,0.0357152,-0.999512,-0.00111977,0.498732,0.0523067,-0.997483,-0.000484269,0.500617,0.0557657,-0.998426,0.000330373,0.493115,0.049586,-0.989881,0.000256946,0.52999,0.061855,-1.00511,0.000581673,0.514611,0.099077,-0.989734,-0.000215338,0.525991,0.0597381,-0.998388,-0.000692032,0.521583,0.0709547,-0.998935,-0.000445065,0.554493,0.062058,-0.999678,0.000182112,0.529901,0.0410409,-0.999039,-5.68328e-05,0.521118,0.0636072,-0.998686,-0.000937718,0.568422,0.0328209,-1.00021,0.000150157,0.583492,0.0753113,-1.00006,-0.000204203,0.582048,-0.00937365,-0.998944,0.00022006,0.579628,0.00393278,-1.0083,-0.000339726,0.557187,-0.00371032,-0.990335,0.000655134,0.528968,0.0108189,-0.992118,0.000259435,0.57795,0.0275562,-0.98926,0.000120204,0.564741,0.00519178,-1.00675,0.000297481,0.546532,0.0244291,-1.00124,-3.70622e-05,0.515165,-0.00836551,-1.00321,-0.000559856,0.512845,-0.0122432,-1.00286,-0.00104604,0.475353,0.0372018,-0.986756,0.000319665,0.462785,0.0689351,-0.989882,-0.000429742,0.502888,0.0727523,-1.00367,-7.87597e-05,0.508922,0.0601127,-0.994833,-0.000396106,0.534801,0.0448837,-0.995271,0.00103346,0.510551,0.0346821,-1.00515,0.000925878,0.51847,0.0324992,-1.00315,-0.000126762,0.486191,0.0253415,-0.993663,0.000800818,0.423865,0.0389778,-1.01303,0.000378257,0.433192,0.0480316,-1.00366,-9.18053e-05,0.404281,0.0666235,-0.999064,-0.000346254,0.367087,0.0510488,-1.00553,0.000157002,0.346561,0.101177,-1.00084,0.000158861,0.390825,0.112194,-1.00676,-9.74371e-05,0.37464,0.080141,-1.00152,-0.000627861,0.34574,0.0964914,-1.00292,-0.000626529,0.332724,0.0985949,-1.00808,-3.58209e-05,0.304296,0.121158,-1.00908,-0.000333016,0.305296,0.0874391,-1.00562,1.12043e-05,0.295336,0.0855789,-1.00564,7.38112e-05,0.27753,0.0799065,-1.00572,-2.29857e-06,0.301387,0.0954332,-1.0062,0.000319881,0.27549,0.158487,-1.0059,-0.000201611,0.215334,0.154693,-1.00341,-0.000280507,0.218482,0.165398,-1.00569,-0.000270938,0.7,0,-1,0.247842,-0.122531,-0.0923732,-0.175428,-0.266631,1.22859,0.999868,-0.0135879,0.00894342,0.00017259,0.0495505,0.321818,-0.0138314,0,0,-0.394562,0.45,1,5,0.785398,0,0,0,0.00787815,0.180995,0.0494921,1.56204,2.49856,0.0598376,0.00712801,0.18924,0.0472395,0.575634,0.30928,0.489129,0.206533,nan,nan,nan,nan,nan,nan,nan,nan,-0.00942299,-0.148392,1.33598,745.04,450.631,653.173,306.365,-0.529536,0.707992,-2,0.869403,-0.25596,1.33699,0.616993,0.419906,0.0157416
0.68,0.998717,-0.0155665,-0.0480919,0.00297423,-0.0311997,0.234453,0.00284578,-0.0257959,0.158891,-0.903534,0.280179,-0.0720618,-0.0624039,0.0900129,0.049184,-0.990884,-0.000678395,0.114181,0.0806391,-0.998359,-4.9453e-05,0.110279,0.0863257,-1.00317,0.000336622,0.12345,0.0814597,-0.99379,-0.000474544,0.137975,0.066071,-0.995685,-0.000177586,0.170853,0.0832792,-1.01963,0.000762834,0.201025,0.0777402,-1.00988,-0.000902042,0.228803,0.0395352,-0.997019,-0.000544524,0.249925,0.00896614,-0.993939,0.00020415,0.260447,-0.0097668,-1.00115,-8.84838e-05,0.284531,0.0104492,-0.994732,-7.08148e-05,0.300168,0.0275728,-1.00344,0.000510942,0.32487,0.0331302,-1.00661,0.000163707,0.311659,0.0149509,-0.988208,0.000372559,0.378609,0.038757,-0.997956,0.000627742,0.360987,0.0383716,-0.994373,-0.000461604,0.373401,0.0408989,-0.990471,0.000293203,0.407215,0.0301501,-0.998552,-0.000570928,0.4309,0.0313779,-0.986555,-0.000117817,0.432248,0.00844567,-0.992895,-0.000262323,0.464296,-0.00139616,-1.00855,0.00055731,0.483069,0.0227843,-0.999635,0.000597991,0.503724,0.0345126,-1.0013,-0.0012029,0.459073,0.0609749,-0.997937,-0.0004796,0.50441,0.0952578,-0.999216,0.000324764,0.486998,0.0616624,-0.99045,0.000253942,0.518685,0.0755172,-1.00692,0.000451415,0.51273,0.0758975,-0.990949,-0.000375536,0.530438,0.0704235,-0.997322,-0.000665808,0.54861,0.0615276,-0.997964,-0.000532982,0.553689,0.0529941,-0.99747,3.53002e-05,0.56225,0.0695589,-0.999211,-0.000122364,0.548853,0.0909715,-0.997248,-0.00097251,0.55416,0.0847499,-1.0003,4.87526e-05,0.592371,0.0851973,-1.00046,-4.94245e-05,0.617781,0.0579901,-0.998154,0.000318118,0.594829,-0.000157076,-1.00922,-0.000353462,0.581832,-0.00549239,-0.98981,0.00061622,0.578939,0.0257722,-0.994822,0.000453042,0.561596,0.0222902,-0.987542,0.000271912,0.55337,0.0148111,-1.00702,0.000443902,0.571584,0.0107739,-1.00013,1.19059e-05,0.539753,0.0235272,-1.0032,-0.000613359,0.535306,-0.0112924,-0.999975,-0.00116717,0.494607,0.0332905,-0.985767,0.000366965,0.487219,0.0427521,-0.990163,-0.000333946,0.50999,0.0713598,-1.00318,-5.44059e-05,0.554057,0.0677288,-0.995164,-0.000277926,0.529095,0.056706,-0.995677,0.000915758,0.536457,0.0209801,-1.0059,0.00103259,0.529738,0.0452708,-1.00076,-0.000177043,0.506211,0.0405118,-0.993199,0.000668681,0.434448,0.0183678,-1.01278,0.000482872,0.435933,0.0147372,-1.00416,-0.000248142,0.438726,0.0604163,-0.998126,-0.000301792,0.404466,0.0581869,-1.00525,-7.10705e-05,0.383248,0.08773,-0.999678,0.000152221,0.405862,0.104653,-1.00509,-7.15444e-05,0.357034,0.0761591,-1.00105,-0.000601046,0.372575,0.130118,-1.00271,-0.000602711,0.366899,0.0953605,-1.00751,3.24295e-06,0.341791,0.0862463,-1.00925,-0.000302139,0.304078,0.0751745,-1.00365,-8.88931e-05,0.267972,0.0768356,-1.00649,-1.80646e-05,0.282454,0.101033,-1.00668,7.74068e-05,0.288373,0.115981,-1.00496,0.000349088,0.278743,0.159425,-1.00703,-0.000168893,0.240941,0.140608,-1.00234,-0.000211624,0.237424,0.152336,-1.00582,-0.00033016,0.221519,0.157871,-1.0053,-0.000402033,0.7,0,-1,0.207036,-0.157908,-0.104165,-0.189093,-0.22284,1.16204,0.999889,-0.0113555,0.00964004,0.000216001,0.0586933,0.349618,-0.0164906,0,0,-0.395021,0.45,1,5,0.785398,0,0,0,0.00817386,0.181501,0.0494428,0.0258263,1.85489,-0.140655,0.0160588,0.187873,0.0469922,0.574743,0.309196,0.491964,0.20418,nan,nan,nan,nan,nan,nan,nan,nan,0.0891637,-0.0541705,1.32909,744.818,446.427,653.523,303.571,-0.542548,0.72071,-2,0.815605,-0.261316,1.36763,0.68548,-0.134137,0.156091
0.7,0.998766,-0.0155293,-0.0470776,0.00294958,0.00804629,0.225798,-0.00220977,-0.0228613,0.158574,-0.90302,0.284532,-0.0807264,-0.0637989,0.0898425,0.0931709,-0.997527,-9.39776e-05,0.084435,0.0829182,-1.00417,0.000459937,0.0904643,0.0627246,-0.993878,-0.000631974,0.126953,0.0588074,-0.995904,-0.000199077,0.154552,0.079226,-1.02206,0.000809327,0.172701,0.0547782,-1.01043,-0.000883774,0.197597,0.0592033,-0.996617,-0.000580171,0.19409,0.0364008,-0.994683,0.000250454,0.226404,0.00230975,-1.00005,-7.6346e-05,0.26142,0.0227302,-0.993844,-1.11026e-05,0.306193,0.0360627,-1.00419,0.000417891,0.298222,0.0378091,-1.00509,-0.000116584,0.33143,0.0314008,-0.989739,0.000350978,0.356116,0.0277269,-0.997819,0.000409483,0.352404,0.0169408,-0.995194,-0.000483161,0.322701,0.0241848,-0.988973,0.000303861,0.385732,0.0402915,-0.999841,-0.00045781,0.430213,0.00983695,-0.984789,-0.000149209,0.450133,0.0121226,-0.99272,-0.000318554,0.472085,0.020051,-1.0079,0.000579931,0.476754,0.0336899,-0.999603,0.000591412,0.490682,0.02987,-1.00184,-0.00118764,0.460249,0.0688994,-0.997738,-0.000341432,0.479985,0.0909842,-0.999045,0.000393969,0.489471,0.0544378,-0.990239,0.000216168,0.5086,0.0620751,-1.00733,0.000405107,0.49722,0.0372452,-0.991664,-0.000457088,0.521814,0.0760754,-0.995659,-0.000740048,0.541511,0.0861168,-0.997492,-0.000572642,0.532809,0.0690651,-0.996483,0.000126135,0.555645,0.0458325,-0.998647,0.000113323,0.552448,0.102516,-0.997304,-0.00108168,0.562377,0.0827038,-1.00097,5.96414e-05,0.600717,0.0687436,-0.999485,-2.24942e-05,0.619897,0.0510814,-0.998788,0.000315122,0.589523,0.0148393,-1.00951,-0.000396295,0.577683,0.0267617,-0.98901,0.000658061,0.609067,0.00693543,-0.995277,0.00039946,0.58411,0.0425442,-0.98746,0.000247117,0.577458,0.0341164,-1.00577,0.000523354,0.573726,0.00903146,-1.00019,-5.2092e-06,0.538528,0.0324544,-1.00293,-0.00072894,0.526064,-0.0020203,-1.0024,-0.00107982,0.494254,0.0211836,-0.988116,0.00031113,0.485448,0.0421715,-0.989376,-0.000344483,0.510542,0.0481885,-1.00378,-5.24665e-05,0.554382,0.0510956,-0.994499,-0.000340871,0.549644,0.0242568,-0.996564,0.00107873,0.566564,-0.00180823,-1.008,0.000914164,0.541251,0.0304786,-1.00092,-0.000394453,0.48489,0.023384,-0.992775,0.000605791,0.439901,0.0225748,-1.01171,0.000450636,0.424628,0.0404709,-1.00248,-0.000132438,0.458579,0.0660687,-0.99943,-0.000395383,0.419733,0.0684284,-1.004,-1.99356e-05,0.397548,0.0675189,-1.00059,1.92067e-05,0.388199,0.0789547,-1.00342,-9.57006e-05,0.354723,0.10283,-1.00109,-0.000682177,0.371251,0.118059,-1.00293,-0.000508652,0.390907,0.0862717,-1.00724,-3.91676e-05,0.34123,0.0889473,-1.0114,-0.000338746,0.317134,0.0606134,-1.00369,-0.000127734,0.286062,0.0798431,-1.00616,-2.01499e-05,0.305239,0.101033,-1.00717,-0.000117511,0.296605,0.104245,-1.00532,0.000241471,0.255613,0.145062,-1.00908,-0.000423841,0.266587,0.147261,-1.00455,-7.12753e-05,0.229097,0.167535,-1.00541,-0.000354929,0.224832,0.15827,-1.00286,-0.000418878,0.218619,0.158017,-1.00576,-0.000492632,0.7,0,-1,0.129726,-0.124784,-0.0983161,-0.371431,-0.137195,1.18745,0.999796,-0.00699041,0.0189271,3.05502e-05,0.0491815,0.34176,-0.0125876,0,0,-0.396084,0.45,1,5,0.785398,0,0,0,0.00817867,0.181929,0.0494042,1.43595,3.77007,-0.170825,0.00376277,0.179777,0.0469032,0.574307,0.311708,0.476567,0.221756,nan,nan,nan,nan,nan,nan,nan,nan,0.0360249,-0.0843702,1.32551,744.535,444.064,649.182,318.841,-0.600712,0.703491,-2,0.799282,-0.26104,1.35719,0.217648,-0.433229,-0.0697507
0.72,0.998876,-0.0152269,-0.0447836,0.0029828,0.0286561,0.275823,0.00329084,-0.016402,0.157906,-0.901078,0.308839,-0.0750841,-0.0612388,0.0421782,0.0720043,-1.00304,0.0003095,0.0706039,0.0563585,-0.99518,-0.000679243,0.103692,0.0557232,-0.996956,-6.74953e-05,0.106918,0.0654484,-1.02128,0.000663429,0.120234,0.0313452,-1.0089,-0.000783613,0.141241,0.068166,-0.996091,-0.000660043,0.165187,0.0174245,-0.993514,0.00034747,0.212716,0.0307859,-0.999391,3.2076e-05,0.246478,0.0446831,-0.992743,-0.000107133,0.304861,0.0439465,-1.0031,0.000562294,0.299515,0.0259602,-1.00486,-0.000325939,0.323404,0.037609,-0.988006,0.000316941,0.327888,-0.0142202,-0.997593,0.000351599,0.326775,0.0228368,-0.9948,-0.000411769,0.343262,-0.000122216,-0.98826,0.000166707,0.367914,0.0158243,-1.00017,-0.000500902,0.376955,0.0235302,-0.983433,-0.000218773,0.391673,0.0379474,-0.99148,-0.000120779,0.446267,0.0218084,-1.00781,0.000705005,0.45482,0.0243383,-0.996992,0.000535291,0.475349,0.0117317,-1.00227,-0.0011701,0.442864,0.0824622,-0.996146,-0.00035564,0.466308,0.0878115,-1.00005,0.000463374,0.47996,0.0457079,-0.988298,0.000162763,0.507976,0.055872,-1.00531,0.000423315,0.502036,0.0762901,-0.991094,-0.000389295,0.481914,0.068839,-0.994706,-0.000788751,0.516656,0.090357,-0.994958,-0.000431047,0.520585,0.0829666,-0.996194,-1.4715e-05,0.575769,0.0522951,-0.997494,0.000189716,0.564153,0.089323,-0.998283,-0.00115366,0.581577,0.0525223,-1.00074,-1.00698e-06,0.598133,0.0665591,-0.999529,-3.97667e-05,0.603581,0.052072,-0.998151,0.000337852,0.593965,0.0162065,-1.00816,-0.000448194,0.607231,0.0171897,-0.987864,0.000856849,0.607343,0.0195527,-0.993996,0.00049944,0.597245,0.0428478,-0.988283,0.000611927,0.602411,0.0400236,-1.00593,0.000775357,0.556499,0.00961445,-1.00108,0.00011009,0.527355,-0.00640095,-1.00424,-0.000728055,0.536409,0.00326738,-1.00239,-0.00115177,0.519612,0.0288546,-0.987997,0.000497353,0.535029,0.00973128,-0.987497,-0.000547475,0.552581,0.063164,-1.00343,-0.000142487,0.548238,0.0717604,-0.994715,-0.000289817,0.554628,0.026476,-0.997183,0.00102658,0.578543,-0.00673077,-1.00728,0.00109821,0.558761,0.00532131,-1.0016,-0.000337173,0.53884,0.0326005,-0.992185,0.00052745,0.506515,0.0280043,-1.01001,0.000372767,0.479361,0.0444832,-1.00158,-0.000163438,0.439717,0.0640354,-1.00085,-0.000493851,0.425783,0.0695349,-1.00224,-8.22958e-05,0.362836,0.0455054,-0.999493,0.000193995,0.380046,0.077662,-1.0023,-0.000147235,0.370066,0.120735,-0.999208,-0.000467048,0.372635,0.10593,-1.00263,-0.000519184,0.380916,0.0881677,-1.00868,-0.000125864,0.345313,0.0566709,-1.01065,-0.00027859,0.304309,0.095387,-1.00358,-6.73109e-05,0.289798,0.0938588,-1.00532,1.516e-05,0.305131,0.10437,-1.00619,-0.000166105,0.290148,0.0975023,-1.00347,0.000136699,0.275908,0.145959,-1.00874,-0.000503475,0.262896,0.138815,-1.00614,0.000280303,0.26357,0.178639,-1.0067,-0.000389237,0.263769,0.147107,-1.00228,-0.000430875,0.248589,0.129143,-1.0035,-0.000411287,0.220751,0.154229,-1.00655,-0.000317562,0.7,0,-1,0.122445,-0.124006,-0.100175,-0.472678,-0.225854,1.17309,0.999644,-0.0114991,0.0240767,0.000175204,0.0249207,0.356817,-0.0125832,0,0,-0.394028,0.45,1,5,0.785398,0,0,0,0.00809768,0.18195,0.0493896,1.27664,3.03483,-0.340811,-0.00178797,0.176138,0.0469071,0.575837,0.309931,0.474523,0.22371,nan,nan,nan,nan,nan,nan,nan,nan,0.0539952,-0.12791,1.32884,745.299,441.725,645.34,321.56,-0.554971,0.757222,-2,0.757963,-0.255194,1.38109,1.21537,0.282113,0.128003
0.74,0.999072,-0.0146156,-0.0404082,0.00289088,0.0748813,0.294023,0.00021528,-0.00641886,0.156895,-0.898571,0.31439,-0.0678976,-0.0724548,0.0337086,0.0591142,-0.994686,-0.000753314,0.0765287,0.0633568,-0.996226,6.60222e-06,0.084975,0.0443644,-1.02155,0.000605678,0.105077,0.0422767,-1.00922,-0.000963605,0.111242,0.0630259,-0.997194,-0.000872608,0.158946,0.0539118,-0.994832,0.000201165,0.192566,0.0222095,-1.00073,2.47745e-05,0.230878,0.0466197,-0.991442,-0.000294209,0.26636,0.0372155,-1.00102,0.000500988,0.288511,0.0370869,-1.00455,-0.000411119,0.318767,0.0567725,-0.989665,0.000297528,0.330551,0.0219552,-0.997696,0.000183501,0.322082,0.0128153,-0.994674,-0.000235828,0.319782,0.00291644,-0.987994,0.000313807,0.376127,0.032287,-1.00023,-0.000480771,0.385458,0.0450001,-0.983288,-0.000346244,0.394043,0.0350222,-0.994027,-0.000191432,0.448853,-0.00114015,-1.00804,0.000677547,0.447012,0.02957,-0.997618,0.000591448,0.479795,0.0321174,-1.00437,-0.00121681,0.445004,0.0550591,-0.99722,-0.000421951,0.462156,0.0963246,-0.998904,0.000524934,0.49242,0.0610052,-0.987332,0.000133003,0.539388,0.0688737,-1.00317,0.000575185,0.503826,0.0728303,-0.992327,-0.000520546,0.494129,0.0917944,-0.994245,-0.000888704,0.533868,0.0962054,-0.99532,-0.000374645,0.521981,0.0780834,-0.996157,-9.68047e-06,0.557618,0.0590851,-0.996782,0.000268509,0.568379,0.0809958,-0.999435,-0.00111307,0.575049,0.101483,-1.00407,-7.80461e-05,0.607367,0.0670013,-0.99927,-0.00018335,0.608835,0.0430409,-0.999229,0.000214336,0.599028,0.0299926,-1.0079,-0.00047788,0.606176,0.0323291,-0.987034,0.000798171,0.614921,0.0356176,-0.994122,0.000455288,0.620088,0.04868,-0.987374,0.000552578,0.597769,0.050757,-1.00628,0.000799267,0.564377,-0.0164253,-1.00091,0.00017825,0.527777,-0.0198361,-1.00576,-0.00093063,0.511878,0.01602,-1.00195,-0.00121693,0.54932,0.000707279,-0.988723,0.000622233,0.535544,0.0168162,-0.988951,-0.000497124,0.548046,0.0681608,-1.00402,-9.08831e-05,0.544154,0.049994,-0.994837,-0.000467958,0.601994,0.0317275,-0.995152,0.000971445,0.597877,-0.00804924,-1.0044,0.00101584,0.584468,0.029473,-1.00161,-0.000528423,0.579581,0.0265165,-0.991666,0.00056543,0.508027,0.029245,-1.01006,0.000466002,0.493067,0.0355307,-1.00206,-0.0002922,0.469521,0.082136,-1.00072,-0.000589954,0.445162,0.0468781,-1.00053,-0.000122875,0.373523,0.0843192,-1.00071,8.93634e-05,0.408842,0.0852012,-1.00309,-0.000241418,0.402839,0.11073,-0.998337,-0.000539927,0.391759,0.12086,-1.003,-0.000691412,0.385255,0.0985605,-1.00797,8.66134e-05,0.352557,0.0720018,-1.01021,-0.000389478,0.283398,0.060523,-1.00466,-6.76746e-05,0.244845,0.0829917,-1.00558,0.000167584,0.287812,0.121497,-1.00459,-0.000197432,0.304905,0.117449,-1.0026,0.000268394,0.307069,0.153444,-1.00769,-0.000836005,0.321763,0.174318,-1.00643,0.000209698,0.284463,0.175346,-1.00821,-0.000604049,0.254905,0.173889,-1.00215,-0.00053602,0.273589,0.128855,-1.00343,-0.000460266,0.228877,0.145398,-1.00787,-0.000460102,0.259732,0.160235,-1.00582,-0.0003254,0.7,0,-1,0.0425366,-0.096922,-0.102537,-0.522834,-0.154358,1.14341,0.999615,-0.00786455,0.0266257,-0.000129367,-0.0198811,0.352321,-0.0106108,0,0,-0.396911,0.45,1,5,0.785398,0,0,0,0.00790116,0.18194,0.0493772,0.024925,4.71085,-0.62476,-0.00249831,0.161181,0.0471088,0.5692,0.312765,0.467436,0.225928,nan,nan,nan,nan,nan,nan,nan,nan,0.136798,-0.0685178,1.26373,743.547,440.866,640.435,324.542,-0.595205,0.817524,-2,0.679895,-0.243694,1.42589,0.277551,0.359329,-0.5608
0.76,0.99913,-0.0142023,-0.0390975,0.00290015,0.0927885,0.2946,0.00253699,-0.0030391,0.156552,-0.897841,0.319396,-0.0784043,-0.066026,0.0588906,0.0477493,-0.994663,-0.000389981,0.0305248,0.050311,-1.02195,0.000621055,0.0632304,0.0532396,-1.00918,-0.000965738,0.0860085,0.0836588,-0.99736,-0.000856204,0.109908,0.0612208,-0.994032,7.55337e-05,0.154673,0.0676324,-1.00016,1.27781e-05,0.215201,0.0428291,-0.990502,-0.000301203,0.241131,0.0518342,-0.998002,0.000290471,0.270232,0.0549706,-1.00542,-0.000523502,0.316587,0.0371317,-0.989758,0.000354724,0.312315,0.0267403,-0.997784,0.00028516,0.315384,0.0140604,-0.993727,-0.000306395,0.305348,-0.000966392,-0.988907,0.000386513,0.360919,0.013258,-0.997358,-0.000622037,0.368635,0.0271451,-0.983586,-0.000399141,0.394275,0.0308044,-0.992205,-0.00028373,0.430775,0.0395807,-1.00818,0.000646612,0.429247,0.0493266,-0.99592,0.000477555,0.464579,0.0381771,-1.00297,-0.00132131,0.453457,0.0737013,-0.99443,-0.000701529,0.474875,0.0915924,-0.999075,0.000760661,0.485434,0.0743894,-0.986906,-0.000111673,0.522998,0.0711327,-1.00325,0.000426337,0.510107,0.0699399,-0.993442,-0.000380166,0.507992,0.0838788,-0.992862,-0.000962203,0.493006,0.0550237,-0.995781,-0.000464645,0.532754,0.0547995,-0.995084,-8.39612e-05,0.494905,0.0620898,-0.999821,0.000137149,0.556331,0.0986435,-1.00074,-0.00124404,0.578809,0.0853791,-1.00444,-0.000118373,0.607369,0.061692,-0.999324,-0.000109081,0.593025,0.058492,-0.996975,6.8168e-05,0.624286,0.0432045,-1.00914,-0.000612143,0.607658,0.041821,-0.988266,0.000850042,0.626073,0.0312534,-0.994316,0.000665335,0.616762,0.0312816,-0.985532,0.000343455,0.599643,0.0363957,-1.00645,0.000712346,0.588842,-0.0249295,-1.00032,9.37964e-05,0.519498,0.013101,-1.00545,-0.000903927,0.518399,0.0323504,-1.00145,-0.0011944,0.572051,0.0334982,-0.98644,0.000692802,0.55048,0.0223548,-0.988881,-0.000625841,0.55796,0.0749903,-1.00449,5.01591e-05,0.564772,0.0632236,-0.99442,-0.000528312,0.589743,0.0443493,-0.994084,0.000913857,0.610681,0.023509,-1.00263,0.00112486,0.608093,-0.00130316,-1.00158,-0.000452906,0.586815,0.0232558,-0.991305,0.00074386,0.523155,0.0606864,-1.00987,0.000441938,0.549988,0.0427972,-1.00412,-0.000126222,0.503576,0.0546514,-1.00033,-0.000500943,0.447158,0.0277557,-0.99758,0.00019179,0.431238,0.0736169,-1.00075,-0.000118618,0.416189,0.0912381,-1.00219,-0.000345788,0.381201,0.10809,-0.995043,-0.000536662,0.398638,0.0964494,-1.00296,-0.000772275,0.402357,0.0776129,-1.00745,0.000225329,0.367607,0.0921707,-1.01262,-0.000408894,0.323921,0.0890787,-1.00296,0.000101008,0.273465,0.0968001,-1.00717,0.000247769,0.274162,0.119143,-1.00409,-0.00018161,0.294748,0.0968985,-1.00163,0.000317099,0.30918,0.116207,-1.00652,-0.000744251,0.29596,0.146262,-1.00655,9.64979e-05,0.270351,0.163957,-1.00725,-0.000521376,0.271345,0.154595,-1.00094,-0.000670042,0.291521,0.119701,-1.00137,-0.000371028,0.264618,0.164751,-1.00735,-0.000546437,0.262613,0.14707,-1.00398,-0.00025094,0.283619,0.135975,-1.00369,-0.000267721,0.7,0,-1,-0.0143641,-0.0739243,-0.116671,-0.683937,-0.163207,1.07981,0.99936,-0.00828973,0.0348074,0.000443203,0.00648294,0.308659,-0.0109506,0,0,-0.396853,0.45,1,5,0.785398,0,0,0,0.00770148,0.181862,0.0493715,0.919376,1.21259,0.134447,-0.0100567,0.167606,0.0474491,0.577741,0.310659,0.474105,0.225139,nan,nan,nan,nan,nan,nan,nan,nan,0.0740933,-0.195641,1.28239,747.296,439.552,638.648,324.283,-0.636067,0.788709,-2,0.658915,-0.237191,1.4108,0.250301,-0.525337,0.321444
0.78,0.999334,-0.0129118,-0.0340242,0.00280921,0.0790851,0.419329,-0.0102325,0.00786066,0.155335,-0.895914,0.338396,-0.0657289,-0.062761,0.0311829,0.0436064,-1.02092,0.000633396,0.0168906,0.0282526,-1.01009,-0.00103629,0.0668111,0.0475916,-0.996715,-0.00073753,0.0839065,0.0729848,-0.992809,1.09072e-05,0.159043,0.0858786,-1.0013,0.000256128,0.190651,0.0663332,-0.988336,-0.000365181,0.200634,0.0639068,-0.99812,0.000317644,0.241094,0.0347823,-1.00375,-0.000622359,0.285329,0.0178435,-0.989103,0.000195528,0.268908,-0.004358,-0.998633,0.000117489,0.299318,-0.0159947,-0.993931,-0.000256614,0.30393,-0.0177506,-0.987966,0.000404848,0.301871,-0.00504254,-0.995061,-0.000506617,0.371314,0.00377862,-0.985024,-0.000375521,0.394414,0.027129,-0.992178,-0.000460198,0.454603,0.0218109,-1.008,0.000511196,0.427354,0.0594183,-0.99841,0.000447084,0.429727,0.0383229,-1.00415,-0.0012197,0.459458,0.0778493,-0.993768,-0.000636989,0.478207,0.0536373,-0.998569,0.000554181,0.496758,0.0804949,-0.987217,-0.000102863,0.515645,0.0745355,-1.00143,0.000488283,0.496607,0.0928031,-0.993456,-0.000341418,0.502522,0.086168,-0.992441,-0.00104973,0.497461,0.0739782,-0.997849,-0.000542167,0.550495,0.0473106,-0.994708,-4.32248e-05,0.50961,0.0492962,-0.998886,2.18084e-05,0.538341,0.0528955,-0.999644,-0.00117207,0.582212,0.083335,-1.00304,6.46859e-05,0.558922,0.0475486,-1.00023,-7.42964e-05,0.589816,0.0666429,-0.997652,0.000138871,0.581021,0.0582011,-1.00852,-0.000645029,0.62126,0.0695473,-0.987828,0.00071402,0.625446,0.0124888,-0.99341,0.000668717,0.643862,0.00783547,-0.984845,0.000335809,0.618078,0.0186338,-1.00491,0.000826316,0.594301,0.0081242,-1.00149,4.34756e-05,0.559968,0.0137675,-1.00639,-0.00104489,0.562394,0.0494238,-1.0015,-0.00127818,0.578753,0.0344686,-0.985862,0.000702341,0.574161,0.0193688,-0.988084,-0.00078512,0.581282,0.0353491,-1.00449,4.90132e-05,0.623175,0.0369591,-0.994717,-0.000738735,0.612561,0.0323807,-0.994591,0.000839206,0.620206,0.0362636,-1.00332,0.0012305,0.591231,0.0215111,-1.00018,-0.000526165,0.559969,-0.00346144,-0.992722,0.00083107,0.54801,0.041391,-1.0116,0.000524944,0.526518,0.0416794,-1.00326,0.000113983,0.51624,0.0434901,-1.00034,-0.000505785,0.447011,0.0393502,-0.996519,0.000174874,0.460022,0.0494709,-1.00065,-4.39498e-05,0.431784,0.0937626,-1.00245,-0.000290441,0.433618,0.101524,-0.996057,-0.000617557,0.386243,0.0799211,-1.00184,-0.000667433,0.397855,0.0755387,-1.00735,0.000418267,0.382064,0.0710847,-1.01461,-0.000506094,0.331196,0.0804676,-1.0015,0.000122058,0.311766,0.0847169,-1.00697,0.000425888,0.251408,0.118921,-1.00391,-0.000194425,0.307124,0.113592,-0.998954,0.000410986,0.300353,0.100556,-1.00811,-0.000731592,0.312192,0.109167,-1.00618,2.65039e-05,0.266287,0.142251,-1.00521,-0.00046869,0.284015,0.139461,-0.999191,-0.000497033,0.280576,0.122609,-1.00154,-0.000300798,0.256171,0.144286,-1.00688,-0.000522399,0.282246,0.154062,-1.00467,-0.000318658,0.291027,0.147136,-1.00386,-0.000168707,0.262597,0.124734,-1.00283,-0.000275397,0.7,0,-1,-0.0143641,-0.0739243,-0.116671,-0.683937,-0.163207,1.07981,0.99936,-0.00828973,0.0348074,0.000443203,0.037586,0.35661,-0.0121269,0,0,-0.395834,0.45,1,5,0.785398,0,0,0,0.00737676,0.181594,0.0493689,-2.47442,0.902483,-0.0357119,0.00967881,0.164826,0.0478532,0.566835,0.322227,0.476227,0.222124,nan,nan,nan,nan,nan,nan,nan,nan,0.150481,-0.112322,1.29545,744.421,450.214,637.907,323.08,-0.59858,0.873726,-2,0.575113,-0.216401,1.38088,0.94998,0.63377,0.16325
0.8,0.999456,-0.0123902,-0.0304638,0.00266823,0.0711021,0.384782,-0.0116125,0.0149116,0.154535,-0.894746,0.335013,-0.0764876,-0.0658342,0.0176942,0.018079,-1.00906,-0.0010854,0.0707042,0.0604817,-0.997302,-0.00070928,0.117549,0.0534286,-0.992461,0.000138704,0.153505,0.0771576,-0.998294,0.000344568,0.20584,0.0661351,-0.988277,-0.000456966,0.143496,0.0836808,-0.996957,0.000559623,0.197121,0.0536376,-1.00159,-0.000499178,0.257528,0.0246681,-0.988648,8.36422e-05,0.240784,0.00252026,-0.999191,0.000110504,0.265334,0.00914709,-0.991759,-0.000265141,0.28804,-0.00512418,-0.986798,0.000606391,0.317993,0.018689,-0.995907,-0.000565805,0.37385,0.0284126,-0.985432,-0.000440117,0.396247,0.0154803,-0.993093,-0.000575694,0.408306,0.0505932,-1.00744,0.00070447,0.445625,0.0874394,-1.00002,0.000657375,0.435851,0.0524238,-1.00176,-0.00136662,0.436892,0.0757064,-0.994855,-0.00048708,0.461451,0.0887549,-0.99723,0.000601808,0.487898,0.0582461,-0.986807,7.39661e-05,0.511542,0.0913397,-0.999876,0.000495305,0.479869,0.117745,-0.99305,-0.000246258,0.485689,0.0842976,-0.991465,-0.00106812,0.493698,0.0542727,-0.995496,-0.000411609,0.511818,0.059209,-0.995271,7.77429e-05,0.523787,0.0672172,-1.00099,0.0001767,0.565012,0.0441094,-0.996665,-0.00140889,0.576967,0.0556324,-1.00394,-0.000106229,0.589693,0.0588257,-0.998994,-3.44941e-05,0.602488,0.0724075,-0.99681,0.000290641,0.583352,0.0552478,-1.00845,-0.000474958,0.632418,0.0610298,-0.987607,0.000839842,0.625056,0.0306818,-0.99262,0.00063092,0.63002,0.0286116,-0.984406,0.00031199,0.614555,0.0299119,-1.00643,0.000739491,0.61748,0.0410991,-1.00034,4.09066e-05,0.577037,0.0253989,-1.00455,-0.000896914,0.60032,0.0401119,-1.00319,-0.00128762,0.584682,0.0297366,-0.986743,0.000624237,0.567388,0.0161942,-0.987434,-0.000585838,0.604596,0.0121259,-1.00339,0.000311142,0.635159,0.0384818,-0.99474,-0.000720186,0.609257,0.0364341,-0.996439,0.000784565,0.613436,-0.0107786,-1.00322,0.00138076,0.585374,-0.0294883,-1.00043,-0.000487389,0.578884,-0.00513383,-0.992286,0.00081392,0.558631,0.00406241,-1.01204,0.000507955,0.539178,0.0536138,-1.00479,8.29601e-05,0.520015,0.0385143,-1.00041,-0.000480523,0.490895,0.041625,-0.996039,-0.000105148,0.485052,0.065297,-1.00148,-0.00017417,0.441382,0.0893763,-1.00375,-0.000453646,0.462208,0.104791,-0.995501,-0.000444873,0.419878,0.066823,-1.00084,-0.000458358,0.398782,0.101214,-1.00818,0.000498312,0.381186,0.0710426,-1.01464,-0.000372834,0.361217,0.0658827,-1.00005,0.000380603,0.36501,0.101873,-1.00779,0.000159343,0.303054,0.121128,-1.00555,-0.000261766,0.318004,0.119671,-0.999179,0.0001944,0.340111,0.10352,-1.00791,-0.000861959,0.326308,0.0943268,-1.00578,0.000164004,0.310524,0.101871,-1.00412,-0.000634788,0.301951,0.086736,-0.99906,-0.000398758,0.306286,0.114125,-1.00189,-0.00045855,0.306396,0.120905,-1.00699,-0.000302825,0.287487,0.133171,-1.00535,-0.000249746,0.301784,0.116332,-1.00371,-0.000331894,0.275216,0.115225,-1.00155,-0.000383269,0.268303,0.117851,-1.00355,-0.000163142,0.7,0,-1,-0.0219179,-0.0731262,-0.118192,-0.700928,-0.0706706,1.09725,0.999357,-0.0035862,0.0356698,0.000282457,0.00148811,0.381151,-0.0104674,0,0,-0.397031,0.45,1,5,0.785398,0,0,0,0.00724887,0.181383,0.0493609,-0.40545,-4.01984,0.633683,0.00284255,0.202855,0.0477775,0.559175,0.328238,0.484702,0.211219,nan,nan,nan,nan,nan,nan,nan,nan,0.0790401,-0.0977242,1.30668,740.223,457.832,645.26,318.511,-0.667288,0.840837,-2,0.517923,-0.209039,1.329,-0.169152,-0.537936,-0.153663
0.82,0.999601,-0.0115803,-0.0256503,0.00259506,0.0495267,0.373017,0.00293988,0.0259794,0.153295,-0.892346,0.355756,-0.0720104,-0.06242,0.0823459,0.0474424,-0.997827,-0.000771069,0.106541,0.0472174,-0.994985,0.000251931,0.146755,0.0397214,-0.998703,0.000242227,0.16792,0.0691869,-0.988368,-0.000346483,0.180564,0.0722048,-0.996824,0.000609652,0.18182,0.0501073,-1.00239,-0.000411172,0.231209,0.00619759,-0.987039,0.000173582,0.223357,-0.0184444,-0.998513,0.000201374,0.236025,0.00106991,-0.991393,-0.00027374,0.285313,0.00509932,-0.985391,0.000482477,0.30302,0.0260645,-0.995077,-0.0004252,0.379408,0.023324,-0.987352,-0.000478086,0.398366,0.00566106,-0.992893,-0.000761109,0.388463,0.0269982,-1.00618,0.000400472,0.420517,0.067782,-0.998865,0.000611448,0.43769,0.0669328,-1.00413,-0.0013888,0.463903,0.0769444,-0.99389,-0.00045615,0.468791,0.0951063,-0.997224,0.000698034,0.487255,0.0699751,-0.988489,3.00322e-05,0.483409,0.0698145,-1.00031,0.00041709,0.489442,0.105857,-0.991685,-0.000323893,0.468804,0.101002,-0.991957,-0.000967057,0.486747,0.0615021,-0.995359,-0.000382338,0.536755,0.0664716,-0.994914,2.7246e-05,0.527538,0.0726292,-1.00107,0.000200641,0.543774,0.0410602,-0.99631,-0.00137065,0.554137,0.0587514,-1.00172,-5.49565e-05,0.586645,0.0779622,-0.998531,7.82577e-05,0.57884,0.0530621,-0.994623,0.0003058,0.599772,0.0476704,-1.00705,-0.000620631,0.612215,0.0401977,-0.986157,0.000863591,0.613074,0.0143694,-0.992859,0.000611242,0.652729,0.0270575,-0.984415,0.000263177,0.627798,0.0550323,-1.00725,0.000773419,0.62659,0.0509834,-1.00007,-2.08513e-05,0.609034,0.0606489,-1.00576,-0.00100027,0.565131,0.0239082,-1.00396,-0.00139574,0.609072,0.015952,-0.987143,0.000898553,0.577326,0.0498822,-0.98832,-0.000711968,0.63271,0.0337298,-1.00493,9.08731e-05,0.644576,0.0422349,-0.995127,-0.0007973,0.620982,0.0214774,-0.996051,0.00102681,0.624332,0.00391583,-1.00212,0.00139182,0.600532,0.00978849,-1.00069,-0.000394256,0.589595,0.0188496,-0.990306,0.000951036,0.57137,0.0373606,-1.012,0.000396805,0.541415,0.0617693,-1.00404,-0.00013556,0.510983,0.0605565,-0.998922,-0.000444974,0.514524,0.0464934,-0.994983,0.000109769,0.478844,0.0519791,-1.00243,-2.47717e-05,0.492699,0.0847904,-1.0034,-0.000453361,0.47007,0.106406,-0.99497,-0.000563278,0.422836,0.0592425,-0.99948,-0.000476042,0.412556,0.0625921,-1.00796,0.000567442,0.378659,0.0670037,-1.014,-0.000597133,0.378065,0.09465,-0.999808,0.000369446,0.362658,0.107662,-1.00713,-2.28061e-05,0.325963,0.0971033,-1.00603,-0.000269441,0.317212,0.128461,-0.997488,0.000168766,0.330926,0.105828,-1.00809,-0.000939247,0.355898,0.10236,-1.00402,0.000175145,0.311268,0.111758,-1.00162,-0.000463655,0.32922,0.0739546,-0.997702,-0.000262947,0.31418,0.114316,-1.00322,-0.000407075,0.319001,0.124509,-1.00829,-0.000214881,0.314712,0.14282,-1.00742,-0.000115231,0.316426,0.142411,-1.00287,-0.000200243,0.288104,0.121469,-1.00071,-0.000429621,0.251698,0.109094,-1.00221,-0.000208189,0.277821,0.10969,-1.0045,-0.000228301,0.7,0,-1,-0.0376361,-0.0846322,-0.111388,-0.667995,-0.177819,1.14669,0.999381,-0.00905178,0.0339947,-6.81164e-05,0.00429804,0.361235,-0.0110488,0,0,-0.39511,0.45,1,5,0.785398,0,0,0,0.00713017,0.181567,0.0493289,-0.788659,-2.38865,0.517526,0.00360673,0.204101,0.0472941,0.581692,0.306722,0.485096,0.213429,nan,nan,nan,nan,nan,nan,nan,nan,0.239426,-0.147785,1.34256,751.422,451.052,645.753,315.822,-0.607517,0.882924,-2,0.439428,-0.197017,1.26106,1.03713,0.22386,0.170708
0.84,0.999739,-0.0110568,-0.0197935,0.00266081,0.0432051,0.267329,0.00946792,0.0414388,0.151628,-0.889067,0.35264,-0.0765858,-0.0672574,0.101307,0.036678,-0.995286,0.000461172,0.138616,0.0447511,-0.99845,0.000130006,0.157348,0.0619702,-0.988303,-0.00034201,0.165229,0.0697247,-0.996204,0.000600135,0.165155,0.0292534,-1.00252,-0.000360138,0.218146,0.024047,-0.986593,0.000188703,0.254236,-0.0148508,-0.998865,0.000146701,0.223551,0.0174179,-0.991627,-0.000236016,0.284101,-0.0155322,-0.985915,0.000479446,0.341587,-0.0115162,-0.994813,-0.000261859,0.403219,0.0188089,-0.988681,-0.000395807,0.448829,0.00840451,-0.992878,-0.000756773,0.419005,0.0182714,-1.00635,0.000383175,0.38795,0.0484647,-0.997748,0.000783986,0.428388,0.0744159,-1.00449,-0.00150303,0.476314,0.0834462,-0.992177,-0.000476081,0.496849,0.0942091,-0.995938,0.000478964,0.502629,0.0605636,-0.989079,0.000170112,0.499387,0.0783792,-1.00036,0.000394457,0.502255,0.105057,-0.992459,-0.000263576,0.489677,0.0813942,-0.991848,-0.00107484,0.50906,0.0568644,-0.994628,-0.000357428,0.515671,0.0296094,-0.99414,6.63221e-05,0.526349,0.0692837,-1.00053,0.000226489,0.547095,0.0216844,-0.996932,-0.0014666,0.585572,0.0586514,-1.00149,-0.000284593,0.584369,0.0638147,-0.997307,0.000279476,0.60691,0.0639665,-0.994795,0.000277298,0.627862,0.0319133,-1.00621,-0.000750725,0.637067,0.0586717,-0.985102,0.000865617,0.638176,0.0149754,-0.992242,0.000555247,0.636012,0.0585253,-0.983305,0.000195578,0.627742,0.0248341,-1.00752,0.000735877,0.660258,0.0296998,-0.999094,8.88065e-06,0.638707,0.0430421,-1.00551,-0.00106823,0.613241,0.0273449,-1.00514,-0.0014509,0.617387,-0.0121279,-0.986753,0.000901783,0.571266,0.0477532,-0.986178,-0.000747418,0.631967,0.00556994,-1.00512,-4.35634e-05,0.623261,-0.00304549,-0.993115,-0.000716789,0.628202,0.0165685,-0.994395,0.000804492,0.611548,0.0208721,-1.00022,0.00142585,0.62083,0.00414307,-0.998518,-0.000439385,0.630849,0.0121039,-0.99153,0.0009665,0.603951,0.0512802,-1.01332,0.000456871,0.568288,0.0760382,-1.00322,-0.000203622,0.523341,0.0492442,-0.998465,-0.00035176,0.506266,0.0633032,-0.994297,0.000183286,0.487424,0.0733939,-1.00485,0.000161498,0.483317,0.0903822,-1.00396,-0.00039604,0.494678,0.0998646,-0.99342,-0.000626895,0.457214,0.0505691,-0.999794,-0.000445379,0.413808,0.0788431,-1.00846,0.00064293,0.405675,0.0791043,-1.0143,-0.000596488,0.413373,0.0960716,-0.999415,0.000541654,0.386544,0.120144,-1.00624,9.42365e-05,0.36419,0.0938113,-1.00549,-0.000165902,0.344116,0.113922,-0.997828,-0.000125571,0.322998,0.129843,-1.0071,-0.00100059,0.341452,0.0928578,-1.00399,2.84293e-05,0.331885,0.113864,-1.00138,-0.000485982,0.347091,0.0939908,-0.99862,-0.000307976,0.324744,0.127407,-1.00237,-0.000433875,0.280333,0.111018,-1.00682,-0.000251774,0.280658,0.111156,-1.00812,-0.000168776,0.302933,0.121259,-1.00247,-0.000179672,0.302697,0.106334,-1.00109,-0.000239066,0.237002,0.0918199,-1.00396,-0.000192805,0.263524,0.109295,-1.0056,-0.000341265,0.281531,0.120798,-1.0043,-0.000373758,0.7,0,-1,-0.0212907,-0.0946616,-0.112808,-0.681328,-0.201837,1.11671,0.999346,-0.0102649,0.0346712,0.00016148,0.0250952,0.35545,-0.0132792,0,0,-0.398146,0.45,1,5,0.785398,0,0,0,0.00702724,0.181831,0.0492887,-0.214098,0.591845,-0.111929,0.0132573,0.191894,0.0467967,0.560537,0.326853,0.485963,0.213527,nan,nan,nan,nan,nan,nan,nan,nan,0.128598,-0.180398,1.29891,745.847,456.101,646.733,313.834,-0.656921,0.878825,-2,0.338255,-0.187772,1.28128,-0.155789,-0.228768,-0.241866
0.86,0.999815,-0.0105922,-0.0157902,0.00275503,0.027278,0.334206,0.00536956,0.053478,0.150266,-0.887011,0.36403,-0.0668637,-0.0597865,0.13389,0.0321307,-0.997423,0.000173597,0.150206,0.0582309,-0.988072,-0.000349675,0.169117,0.042353,-0.995543,0.000659319,0.203701,0.0157085,-1.00272,-0.000280188,0.205255,0.00567682,-0.986827,0.000178661,0.238708,0.00450038,-0.998944,0.000165849,0.226348,0.0259438,-0.993654,-0.000129473,0.242365,-0.00679271,-0.987182,0.000554224,0.313711,0.0182694,-0.995862,-0.000214523,0.376813,0.0258747,-0.988428,-0.000477201,0.429257,0.0164146,-0.993099,-0.000753387,0.421921,0.0177486,-1.00439,0.000367043,0.412519,0.0284414,-0.995965,0.000669111,0.435883,0.0836826,-1.00221,-0.00151306,0.486036,0.0883905,-0.993261,-0.000457205,0.497443,0.0964479,-0.996536,0.000688518,0.492876,0.100386,-0.988566,0.000173158,0.496953,0.0847736,-0.999311,0.000215478,0.506171,0.12049,-0.992328,-0.000245788,0.505982,0.117665,-0.993391,-0.000954683,0.518097,0.0678411,-0.993311,-0.000367021,0.511124,0.0257708,-0.994698,-3.92344e-05,0.532,0.0479451,-1.00022,-9.99062e-05,0.57475,0.0385636,-0.997995,-0.00148373,0.60553,0.0821351,-1.00433,-0.000137134,0.581365,0.0607017,-0.996098,0.00023534,0.616076,0.0555934,-0.994592,0.000482292,0.635518,0.0287015,-1.00678,-0.000796873,0.668433,0.0319135,-0.986168,0.00080715,0.659003,0.021715,-0.99287,0.000461485,0.652843,0.041882,-0.983369,0.00019697,0.644524,0.0251436,-1.00781,0.00073908,0.684069,0.016864,-1.00071,0.000123934,0.668737,0.0426474,-1.00445,-0.00108811,0.6261,0.038188,-1.00371,-0.00127973,0.613,-0.0286453,-0.986538,0.000878128,0.599161,0.0444922,-0.984486,-0.000729507,0.623088,0.0130045,-1.00302,-6.50562e-06,0.62981,0.0245436,-0.99362,-0.000553054,0.637138,0.0136032,-0.997032,0.000695775,0.630204,0.0282177,-0.999254,0.00141864,0.618102,0.000676817,-0.999637,-0.000443844,0.632365,0.0386317,-0.991665,0.000784744,0.601674,0.0760405,-1.01234,0.000293226,0.593555,0.0670917,-1.00401,-4.3622e-05,0.563989,0.0554038,-0.997603,-0.000150455,0.521848,0.0611917,-0.993643,0.000562561,0.510228,0.0690192,-1.0069,0.000147026,0.501076,0.0970689,-1.00448,-0.00040133,0.499173,0.0916903,-0.993303,-0.000487881,0.497534,0.0469511,-0.998945,-0.000258343,0.463396,0.0602837,-1.00781,0.000623816,0.412298,0.0522579,-1.01478,-0.000597694,0.394618,0.0936346,-0.998593,0.00037385,0.380049,0.0836978,-1.00844,0.000203708,0.425665,0.0964886,-1.00481,-5.83825e-05,0.377283,0.102475,-0.998049,-0.000367381,0.348402,0.0955029,-1.00834,-0.00092377,0.326111,0.0806345,-1.00331,0.000211451,0.356843,0.0787591,-1.00096,-0.000585157,0.361521,0.0916352,-0.999024,-0.000303732,0.337283,0.124501,-1.00203,-0.000353959,0.303882,0.0971844,-1.00368,-0.000177046,0.306592,0.105189,-1.00749,-0.000261439,0.314421,0.100364,-1.00174,-0.000266623,0.307984,0.108605,-1.00105,-0.000244051,0.306712,0.0829586,-1.00557,-7.39746e-05,0.28841,0.0940189,-1.00493,-0.000289111,0.299881,0.096685,-1.00388,-0.000528186,0.307023,0.105821,-1.00367,-0.000335546,0.7,0,-1,-0.0717396,-0.121778,-0.128992,-0.698965,-0.224418,1.09144,0.999302,-0.0114231,0.0355615,-0.000135198,0.0654772,0.367257,-0.01324,0,0,-0.400288,0.45,1,5,0.785398,0,0,0,0.00709597,0.182048,0.049243,-1.23607,-0.62117,-0.297015,0.0192393,0.193339,0.0465737,0.577232,0.316338,0.498816,0.208765,nan,nan,nan,nan,nan,nan,nan,nan,0.254641,-0.0861113,1.36827,746.776,452.799,661.14,310.735,-0.627289,0.945652,-2,0.273182,-0.182164,1.17688,0.569509,0.486106,0.373541
0.88,0.999836,-0.0106741,-0.0143503,0.00276442,-0.017758,0.322139,0.00545321,0.0572983,0.149819,-0.886367,0.364538,-0.0635953,-0.0596306,0.168483,0.0307437,-0.987611,-0.00017053,0.186957,0.0320732,-0.996102,0.000900349,0.183914,0.0290053,-1.00308,-0.000295794,0.216368,0.0381769,-0.986151,0.000191019,0.274039,0.0206892,-0.997624,0.000182231,0.252063,-0.0044014,-0.993827,6.81432e-05,0.268247,0.00610375,-0.986131,0.0005227,0.325489,0.0164754,-0.99781,-0.000154561,0.369404,0.00703433,-0.987966,-0.000617106,0.403162,0.037773,-0.991586,-0.000747088,0.42411,0.0373187,-1.00573,0.000570312,0.408856,0.0194164,-0.994945,0.000553464,0.438696,0.0770122,-1.00186,-0.00159178,0.481658,0.0809975,-0.992025,-0.000440121,0.479606,0.102755,-0.995923,0.000727731,0.50599,0.0901344,-0.989346,7.26833e-05,0.47897,0.0967884,-1.00024,0.000186671,0.495451,0.111752,-0.991638,-0.000305493,0.478041,0.0791501,-0.995191,-0.000946306,0.509835,0.0535847,-0.993156,-0.000451809,0.500146,0.0188953,-0.994323,-0.000315821,0.557402,0.0504548,-1.00092,-5.99774e-05,0.580422,0.0596262,-0.998529,-0.00132422,0.593578,0.0682822,-1.00464,-0.000149754,0.583861,0.0294488,-0.994743,0.000210745,0.625529,0.035061,-0.995386,0.00059883,0.653368,0.026248,-1.0094,-0.000867479,0.671405,0.0173089,-0.984971,0.00098879,0.676904,0.0485073,-0.994715,0.000432426,0.652388,0.0182387,-0.983958,0.000200253,0.669295,0.00314924,-1.00672,0.000611502,0.686961,-0.00944959,-0.998357,-1.43245e-05,0.669028,0.0240481,-1.00501,-0.00115515,0.648208,0.0567635,-1.00272,-0.00134686,0.626197,-0.00384117,-0.986449,0.000772466,0.623453,0.0330749,-0.983298,-0.00072401,0.644766,0.01899,-1.00338,-2.83343e-05,0.628828,0.0276753,-0.99648,-0.000400468,0.645278,0.0445697,-0.99782,0.000620694,0.659554,0.0101033,-1.00019,0.00142629,0.660083,0.0420487,-1.00051,-0.000358116,0.635997,0.0445973,-0.991968,0.000855529,0.639223,0.0305931,-1.01261,0.000162965,0.606389,0.0445987,-1.00299,4.46125e-05,0.565183,0.0649106,-0.997542,-0.000187612,0.531583,0.0555724,-0.994161,0.000640707,0.512828,0.077733,-1.00625,0.000104733,0.523057,0.0445185,-1.00366,-0.000552121,0.50296,0.0684201,-0.992735,-0.000162098,0.517555,0.0693813,-1.00026,-0.000176827,0.472745,0.0656551,-1.00734,0.000399372,0.448417,0.0299079,-1.01512,-0.000684452,0.447579,0.0361075,-0.999828,0.000251975,0.386594,0.0805401,-1.00699,0.000177553,0.414364,0.0907831,-1.00386,2.11123e-05,0.380827,0.10122,-0.998943,-0.000129234,0.359781,0.110476,-1.00649,-0.0010459,0.355205,0.105971,-1.00188,0.000131523,0.360147,0.073591,-1.00104,-0.000548474,0.378814,0.104512,-0.998814,-0.000144554,0.344842,0.118568,-1.00303,-0.000368967,0.345245,0.101442,-1.00211,1.74281e-06,0.312513,0.0796673,-1.00894,-0.000352657,0.33333,0.101163,-1.00156,-0.000178982,0.325476,0.103605,-1.00256,-0.000108354,0.328757,0.0603788,-1.00501,-0.000134013,0.291587,0.0699266,-1.00462,-0.000200789,0.305634,0.0930313,-1.00474,-0.000314908,0.321876,0.0965015,-1.00392,-0.000355542,0.326806,0.120414,-1.00397,-0.00030354,0.7,0,-1,-0.0790254,-0.12109,-0.12989,-0.743688,-0.303155,1.10618,0.999166,-0.0154161,0.0378227,4.19681e-05,0.0209117,0.380184,-0.0104954,0,0,-0.401478,0.45,1,5,0.785398,0,0,0,0.0072318,0.18224,0.0492013,-1.29331,-0.346045,-0.223518,0.0125612,0.188146,0.046195,0.571027,0.324249,0.501539,0.209098,nan,nan,nan,nan,nan,nan,nan,nan,0.195801,-0.158063,1.38721,745.14,452.845,664.27,308.518,-0.649587,0.980364,-2,0.2484,-0.183702,1.17364,0.0254169,0.16342,0.00779945
0.9,0.999876,-0.0107146,-0.0112224,0.00284102,0.0091653,0.333234,0.0125457,0.0652497,0.148979,-0.884846,0.366675,-0.0747732,-0.0660365,0.18853,0.0535921,-0.99605,0.000864671,0.19396,0.0486866,-1.00431,-0.000342276,0.237113,0.0362809,-0.987065,3.91881e-05,0.271276,0.0138261,-0.995977,0.000234691,0.256328,0.00548469,-0.992461,0.000102227,0.269237,0.0245982,-0.984589,0.000435043,0.342186,-0.00494441,-0.998562,-0.000183257,0.353093,0.00979989,-0.988893,-0.000785845,0.38827,0.0304253,-0.991765,-0.000779531,0.398748,0.0481305,-1.00428,0.000676445,0.395069,0.0196639,-0.993686,0.000756952,0.430541,0.088017,-1.00201,-0.00161053,0.45089,0.0888001,-0.9921,-0.000416218,0.464376,0.0950948,-0.99581,0.000926105,0.49688,0.103094,-0.9892,0.000235109,0.466816,0.100861,-1.00144,0.000174095,0.479591,0.102327,-0.992443,-0.000334823,0.486574,0.0938937,-0.995787,-0.000871174,0.498721,0.0598,-0.994217,-0.000330214,0.519315,0.0324616,-0.993485,-0.000355612,0.538589,0.0275893,-0.99948,-0.000135173,0.577048,0.052687,-1.00053,-0.00125141,0.578765,0.0544784,-1.00419,-0.000215899,0.583607,0.0178945,-0.993934,0.0002643,0.590178,0.0578002,-0.995817,0.000663278,0.625428,0.0371475,-1.01043,-0.000825079,0.698517,0.0284111,-0.984041,0.000983241,0.700451,0.0449469,-0.993651,0.000400098,0.642332,0.0158615,-0.981772,0.000342598,0.659463,0.0131593,-1.00662,0.000627441,0.678113,-0.0210946,-0.996773,9.71592e-06,0.641758,-0.00941942,-1.00327,-0.00114684,0.702312,0.0164745,-1.00326,-0.0012526,0.673104,0.0456042,-0.987246,0.000747446,0.653429,0.0425143,-0.985173,-0.000742386,0.663375,0.00220427,-1.00316,-0.00022967,0.650933,0.0136046,-0.997637,-0.000485652,0.67952,0.0261027,-0.997672,0.000612035,0.669396,0.0351375,-1.00181,0.00143493,0.663474,0.0427437,-0.999889,-0.000208268,0.651661,0.0452891,-0.990645,0.000982809,0.674257,0.0360442,-1.01315,2.82353e-05,0.638895,0.0480817,-1.0033,0.000292345,0.561401,0.0812284,-0.998688,-0.000179257,0.547879,0.0639039,-0.991481,0.000853696,0.552509,0.0778581,-1.00537,-0.000101259,0.528682,0.0882713,-1.00252,-0.000660449,0.520385,0.0846379,-0.994663,-0.000189571,0.51338,0.0402918,-1.00069,-0.000375718,0.4997,0.0540268,-1.00904,0.000440799,0.491136,0.0229192,-1.0145,-0.000508876,0.440042,0.0406212,-0.999843,0.000306879,0.418015,0.0840737,-1.00746,4.68876e-05,0.384,0.0675793,-1.00386,0.000129087,0.4022,0.113961,-0.999829,-0.000200864,0.359681,0.100227,-1.00784,-0.00108655,0.391274,0.0945617,-0.999689,0.000156806,0.373668,0.0897312,-1.00015,-0.000519687,0.382478,0.0982962,-0.998706,-0.000283672,0.382156,0.111247,-1.00199,-0.000269631,0.334982,0.0898539,-1.00125,0.000149437,0.323,0.111582,-1.01011,-0.000255694,0.332986,0.105482,-1.00118,-0.000108098,0.355017,0.0861067,-1.00377,-0.0003526,0.350989,0.0659989,-1.00364,-0.000237333,0.28499,0.06232,-1.00565,-0.000223412,0.296171,0.0848912,-1.00464,-0.000416821,0.288795,0.12516,-1.00482,-0.000428277,0.349792,0.097037,-1.00537,-0.000274895,0.328613,0.0835994,-1.00116,-0.000333636,0.7,0,-1,-0.0255099,-0.0924237,-0.119609,-0.601319,-0.15837,1.12793,0.999499,-0.00806668,0.0306115,-0.000137948,0.0121265,0.333075,-0.0149223,0,0,-0.398368,0.45,1,5,0.785398,0,0,0,0.00729219,0.182335,0.0491764,-0.901499,1.21847,-0.210559,0.00371545,0.17818,0.0454777,0.579407,0.316504,0.496891,0.215229,nan,nan,nan,nan,nan,nan,nan,nan,0.223451,-0.147715,1.34222,749.057,450.404,662.979,310.118,-0.658388,0.94297,-2,0.194831,-0.18496,1.1528,0.10682,-0.558894,-0.320296
0.92,0.999907,-0.01032,-0.00837459,0.00298674,0.0459341,0.328074,0.0193169,0.0733255,0.148201,-0.883298,0.358339,-0.0638632,-0.071992,0.226478,0.0130902,-1.00502,-0.000430744,0.237799,0.0546997,-0.986904,9.39699e-05,0.235189,0.046112,-0.996544,0.000297203,0.245623,0.0225617,-0.993503,8.631e-05,0.26838,0.0199835,-0.985094,0.000465748,0.291024,-0.0123779,-0.995448,-0.000225991,0.3385,0.00291183,-0.988412,-0.000829364,0.387249,0.0244756,-0.991917,-0.000753327,0.425539,0.0272879,-1.00508,0.000561387,0.399103,-0.00335809,-0.995461,0.00081233,0.404971,0.0520375,-1.00362,-0.00140924,0.440462,0.09781,-0.99153,-0.00044132,0.465985,0.122054,-0.995105,0.000620427,0.475345,0.0651574,-0.990747,0.000187875,0.454139,0.0856046,-1.00182,0.000215509,0.448969,0.100833,-0.991249,-0.000437832,0.458155,0.0432844,-0.997804,-0.000940872,0.487811,0.0529006,-0.99481,-0.000394368,0.538724,0.0392015,-0.994667,-0.000400202,0.550481,0.0495067,-0.999047,-0.000339133,0.552784,0.0448621,-0.999245,-0.00123163,0.598514,0.0317491,-1.00388,-0.000363956,0.587626,0.00951563,-0.992627,0.000335511,0.607029,0.0291817,-0.995251,0.000529601,0.619696,0.0123814,-1.0104,-0.000952313,0.646457,0.00433707,-0.984509,0.00100921,0.704916,0.0233681,-0.991894,0.000308441,0.68266,0.00913417,-0.980948,0.000462895,0.664705,-0.0017649,-1.00789,0.000769253,0.68781,-0.0162414,-0.997279,9.22157e-05,0.695033,-0.0112105,-1.00462,-0.00106049,0.674929,0.0259295,-1.00486,-0.00124187,0.66558,0.0275075,-0.986905,0.000970744,0.65485,0.0319211,-0.983795,-0.000791694,0.634031,0.0406296,-1.00234,-0.000305687,0.676498,0.0105749,-0.996848,-0.00034192,0.692452,0.0327972,-0.997389,0.000555618,0.692972,0.0484271,-1.00002,0.00128369,0.685001,0.0619362,-1.00096,-0.000208365,0.663743,0.0864791,-0.990971,0.00108001,0.683406,0.0488325,-1.01551,8.61468e-05,0.668962,0.0566712,-1.00271,9.9705e-05,0.581432,0.0766661,-0.999786,-0.000226237,0.552935,0.0751924,-0.991286,0.000592944,0.574605,0.0634756,-1.00357,-2.8254e-05,0.574025,0.0527995,-1.0035,-0.000562457,0.543627,0.0513166,-0.995309,-0.00015568,0.546246,0.0279594,-1.00048,-0.000323439,0.520949,0.030964,-1.00884,0.00043808,0.520522,0.0300199,-1.01448,-0.000549485,0.473062,0.0372632,-1.00042,0.000319669,0.42474,0.057866,-1.00612,0.000131714,0.393398,0.07114,-1.00319,0.000210253,0.396242,0.084709,-0.99767,-0.000254786,0.440762,0.0993393,-1.01012,-0.00115991,0.423259,0.088667,-0.99881,4.66439e-05,0.39738,0.0698803,-0.999898,-0.000276165,0.408632,0.0863713,-0.997529,-0.000342506,0.40497,0.065316,-1.00121,-0.000254907,0.356644,0.0891164,-1.00212,4.2821e-05,0.345063,0.108711,-1.00862,-0.000271172,0.344615,0.118287,-1.00078,-3.97124e-05,0.358705,0.105198,-1.00493,-0.000315169,0.380859,0.0968748,-1.0038,-0.000289916,0.319837,0.0674034,-1.00593,-2.48847e-05,0.310374,0.117626,-1.00529,-0.000208045,0.294884,0.126433,-1.00468,-0.000489333,0.302587,0.0703271,-1.00548,-0.000377072,0.329373,0.0885338,-1.00058,-0.000300948,0.324007,0.0649058,-1.0017,-0.000303678,0.7,0,-1,-0.014962,-0.102003,-0.11834,-0.568341,-0.175546,1.11879,0.999541,-0.00892386,0.0289417,0.000488695,-0.00150639,0.311908,-0.014852,0,0,-0.399803,0.45,1,5,0.785398,0,0,0,0.00732532,0.182343,0.0490813,-0.0568565,3.13954,-0.130003,-0.00129899,0.168039,0.0446814,0.5703,0.316118,0.477221,0.22946,nan,nan,nan,nan,nan,nan,nan,nan,0.170909,-0.0723036,1.30418,746.663,448.448,656.473,329.177,-0.714599,1.01532,-2,0.14534,-0.178013,1.16328,-0.416774,0.5455,-0.297773
0.94,0.999931,-0.0100284,-0.00516397,0.00314154,0.0318214,0.364312,0.0153557,0.0813019,0.147393,-0.881855,0.364162,-0.0610603,-0.0662675,0.25729,0.0664822,-0.98504,5.73387e-05,0.242432,0.0536583,-0.995468,0.000213082,0.267661,0.0087462,-0.993815,5.03306e-05,0.27548,-0.000439448,-0.985696,0.00057506,0.3126,0.00892674,-0.994956,-0.000163992,0.312021,0.00496092,-0.986125,-0.000790885,0.370752,0.0365998,-0.990632,-0.000779309,0.446801,0.0137013,-1.00511,0.000549147,0.427926,0.0233059,-0.994084,0.00080237,0.423041,0.0829347,-1.0032,-0.00138452,0.446135,0.127771,-0.990542,-0.000423924,0.460116,0.110078,-0.995381,0.000518401,0.484572,0.0604999,-0.990315,0.000244126,0.477396,0.076205,-1.00101,0.000408333,0.456892,0.0513116,-0.993227,-0.000480354,0.475434,0.0600501,-0.998134,-0.00108834,0.512287,0.0615402,-0.994449,-0.000401855,0.569792,0.057801,-0.993082,-0.000404972,0.541188,0.0624694,-1.00068,-0.000402972,0.562695,0.0563657,-0.996475,-0.00133207,0.595637,0.0519356,-1.00482,-0.000410907,0.591838,0.013414,-0.991694,0.000515406,0.625745,0.0125036,-0.994656,0.000563649,0.650266,0.005431,-1.00991,-0.000803175,0.64982,-0.0107814,-0.983856,0.000782378,0.701397,-0.00103133,-0.990492,0.000319254,0.681581,0.0153648,-0.980313,0.000570836,0.681049,0.0258135,-1.00826,0.000687399,0.69893,0.00135184,-0.99715,0.000174756,0.710133,0.00838083,-1.00521,-0.000904093,0.6969,0.0430716,-1.00577,-0.00125122,0.657367,0.0156099,-0.988099,0.00100134,0.627742,0.0110509,-0.983785,-0.000740594,0.617199,0.0311026,-1.00103,-0.000217187,0.651572,0.00464777,-0.99466,-0.000520334,0.696172,0.00512261,-0.995636,0.000359219,0.704334,0.0468962,-1.00042,0.00126635,0.697138,0.0453269,-1.0018,-0.000519613,0.686765,0.123087,-0.98884,0.00114132,0.684958,0.0503232,-1.01292,0.000152557,0.670066,0.065937,-1.00267,0.000100698,0.610236,0.0769854,-1.00091,-0.000349433,0.590573,0.0457144,-0.992087,0.000547345,0.593705,0.0437868,-1.00429,-0.000287043,0.585232,0.0555753,-1.00321,-0.000647914,0.550509,0.0557552,-0.996892,-0.0001321,0.540004,0.0258448,-1.00228,-0.000302357,0.535135,0.0101236,-1.00742,0.000366457,0.518896,0.00959833,-1.01447,-0.000460106,0.483258,0.0489558,-1.00131,0.000311458,0.444872,0.0690597,-1.00698,0.000103467,0.407491,0.0967494,-1.00396,0.000165198,0.4255,0.0897036,-0.997433,-0.000216111,0.412466,0.0955933,-1.00867,-0.00130803,0.421153,0.0647586,-0.999067,-1.47264e-05,0.42653,0.0641812,-0.998322,-0.00026535,0.421511,0.0973563,-0.995735,-0.000432078,0.416218,0.0238742,-0.999247,-0.000298,0.354612,0.0941431,-1.00248,-1.67725e-05,0.343168,0.0965057,-1.00793,-0.000341164,0.360284,0.137185,-1.00216,-0.000173646,0.359422,0.133891,-1.00427,-0.000370011,0.354358,0.10866,-1.00303,-0.000291877,0.33391,0.0559129,-1.00637,-3.68722e-05,0.317369,0.0881753,-1.00575,-0.000205116,0.309081,0.109023,-1.00452,-0.000608232,0.309341,0.0773825,-1.00589,-0.000474762,0.354038,0.0591877,-1.00213,-0.000245752,0.347457,0.0689857,-1.00171,-0.000617303,0.350556,0.038141,-1.00178,-0.000395737,0.7,0,-1,0.00860245,-0.105685,-0.12176,-0.553762,-0.276116,1.09204,0.999504,-0.0140434,0.0281988,0.000482908,0.0274153,0.291226,-0.0142899,0,0,-0.403846,0.45,1,5,0.785398,0,0,0,0.00724588,0.182244,0.0490494,0.815296,0.805332,0.0722559,0.003784,0.167883,0.0440914,0.569017,0.319828,0.475078,0.235289,nan,nan,nan,nan,nan,nan,nan,nan,0.17531,-0.159492,1.31402,744.523,448.149,650.977,337.061,-0.694432,1.04658,-2,0.0894653,-0.172409,1.19834,0.291134,0.140145,0.286224
0.96,0.999949,-0.00951933,5.22222e-05,0.00344537,0.0602396,0.369144,0.0273311,0.0932095,0.146266,-0.880068,0.353449,-0.0639179,-0.0769662,0.248662,0.0488767,-0.995447,0.000361139,0.275847,0.00324685,-0.991859,0.000179898,0.265001,-0.00385554,-0.983276,0.000665095,0.305074,-0.000349682,-0.994265,-0.000142651,0.316939,0.0206286,-0.9879,-0.00069623,0.384662,0.017612,-0.990092,-0.000665833,0.441039,-0.00204979,-1.00435,0.000536275,0.433159,0.0354166,-0.993222,0.000727505,0.456882,0.0949096,-1.00375,-0.00154052,0.451936,0.085062,-0.990125,-0.000501659,0.469965,0.069461,-0.995172,0.000612562,0.455252,0.0567128,-0.990959,0.000138452,0.482911,0.0793253,-1.0009,0.000248975,0.49435,0.0447266,-0.993594,-0.000577558,0.497534,0.0675964,-0.996557,-0.00120343,0.509821,0.0778588,-0.995039,-0.000395634,0.538813,0.0611436,-0.992931,-0.00044022,0.53158,0.0861807,-0.999856,-0.000507664,0.562223,0.0695143,-0.994067,-0.00150392,0.568264,0.0439228,-1.00584,-0.0007119,0.570491,0.0272954,-0.991109,0.000491584,0.623986,0.0229009,-0.995715,0.000585897,0.624711,0.0490545,-1.00836,-0.00078308,0.637121,0.00553577,-0.986978,0.00104514,0.697651,0.0099411,-0.991461,0.000186775,0.702213,0.0387349,-0.979989,0.000630703,0.696748,0.0277252,-1.0089,0.00067153,0.692694,0.0101013,-0.998188,0.000119622,0.716175,0.0178031,-1.00523,-0.000795862,0.695038,0.0291432,-1.00639,-0.00108477,0.638522,0.0471294,-0.988135,0.00097012,0.635143,0.0339815,-0.983661,-0.000661694,0.64979,-0.00205162,-1.00002,-0.000204465,0.653214,4.9737e-06,-0.993389,-0.000561234,0.692385,0.0343056,-0.995155,0.00042583,0.729396,0.0300105,-0.999298,0.0011261,0.719537,0.0515789,-1.00105,-0.000371423,0.698742,0.088647,-0.988725,0.00128196,0.69395,0.067305,-1.01323,-3.39125e-05,0.674105,0.00876855,-1.00466,2.2733e-05,0.622439,0.0135387,-1.00078,-0.000432473,0.625754,0.0625961,-0.991471,0.000441461,0.582436,0.0411775,-1.0021,-0.000263698,0.564767,0.0609447,-1.00159,-0.000668061,0.550937,0.0416325,-0.997579,2.97964e-05,0.568148,0.0335247,-1.00407,-0.000318876,0.553696,0.00572632,-1.00633,0.000268861,0.530258,0.00953492,-1.01317,-0.000527074,0.493706,0.0745177,-1.00319,9.64691e-05,0.461423,0.097858,-1.00755,0.000286651,0.415242,0.0770807,-1.00457,0.00020887,0.46115,0.0959934,-0.996171,-0.000425571,0.419279,0.0587641,-1.00996,-0.00121904,0.434073,0.0606385,-1.00088,0.000165635,0.451633,0.032473,-0.998092,-0.000195906,0.455181,0.0759432,-0.995535,-0.000584669,0.431652,0.0398914,-1.00119,-0.000303382,0.391938,0.112945,-1.00319,-0.000192085,0.358575,0.115136,-1.00588,-0.000180005,0.384105,0.117355,-1.00234,-0.00024154,0.36573,0.133289,-1.00448,-0.000281506,0.385404,0.118859,-1.00322,-0.000279543,0.369042,0.0736909,-1.00667,-0.00015596,0.349914,0.0909849,-1.00581,-0.000342617,0.346192,0.115615,-1.00428,-0.000578451,0.311926,0.0917036,-1.00555,-0.000387141,0.348891,0.0863439,-1.0022,-8.49471e-05,0.331577,0.082645,-1.00326,-0.000427323,0.329928,0.0680768,-1.00009,-0.000460355,0.351951,0.0497414,-1.0002,-0.000341825,0.7,0,-1,0.0496673,-0.0842687,-0.121855,-0.343373,-0.177326,1.08077,0.999806,-0.00902551,0.0175022,0.000590152,-0.013831,0.261918,-0.0197969,0,0,-0.400637,0.45,1,5,0.785398,0,0,0,0.00707687,0.181973,0.0489737,0.847866,-2.62936,0.141194,-0.0105831,0.182476,0.0425491,0.561399,0.334211,0.483944,0.235833,nan,nan,nan,nan,nan,nan,nan,nan,0.233879,-0.13084,1.26033,740.892,465.287,649.354,337.836,-0.747962,1.04879,-2,-0.00033671,-0.165027,1.13993,-0.535634,-0.142881,-0.534938
0.98,0.999948,-0.0090491,0.0030654,0.00367869,0.0444706,0.337077,0.0283002,0.100879,0.145543,-0.87917,0.353996,-0.052684,-0.0820019,0.287217,0.0135631,-0.991378,0.000155932,0.256263,-0.0139741,-0.982913,0.000639004,0.329715,-0.0072658,-0.993019,-0.000167415,0.360015,0.0255527,-0.988018,-0.000575425,0.405924,0.0397858,-0.988857,-0.000703731,0.426034,0.00879461,-1.00671,0.000469442,0.442451,0.0556807,-0.993175,0.000599993,0.471482,0.08302,-1.00484,-0.00146732,0.488031,0.0869137,-0.989826,-0.000366836,0.453311,0.0582775,-0.994143,0.000690532,0.455377,0.0592784,-0.989126,-5.89962e-05,0.470407,0.0630618,-1.00061,0.000508327,0.492842,0.0824542,-0.992061,-0.000487715,0.482853,0.0569731,-0.997953,-0.0011862,0.519272,0.0696315,-0.993572,-0.00038792,0.526207,0.0523616,-0.993278,-0.000420135,0.551975,0.0782298,-0.998115,-0.000487735,0.573149,0.0857779,-0.994975,-0.00169795,0.543867,0.0696456,-1.0068,-0.000770138,0.568662,0.0415727,-0.990647,0.000410574,0.633555,0.034527,-0.994934,0.000470725,0.634116,0.0146034,-1.00801,-0.000833864,0.669156,0.00549836,-0.986069,0.000975327,0.677792,0.0157395,-0.990515,0.000256103,0.700019,0.0437415,-0.980067,0.000463885,0.683083,0.0603449,-1.00801,0.000931791,0.68244,0.0442054,-0.999077,0.000285593,0.696769,-0.0112502,-1.00632,-0.000884344,0.682389,0.0418603,-1.00406,-0.000842502,0.657692,0.0150027,-0.991125,0.00086479,0.646862,-0.0175931,-0.984557,-0.000622882,0.660697,-0.0297445,-1.00049,-0.00046952,0.660871,0.0187948,-0.994757,-0.0005277,0.671737,0.033531,-0.996074,0.000449981,0.713712,0.0203116,-0.999487,0.00118131,0.766629,0.0412692,-1.00099,-0.000363587,0.698655,0.0530958,-0.987536,0.0015238,0.695755,0.0848892,-1.01073,-0.000108403,0.684091,0.0555831,-1.00359,0.000139406,0.640093,0.0259236,-1.00072,-0.000282659,0.634244,0.0157991,-0.99107,0.000557958,0.604281,0.0583691,-1.00182,-0.000462731,0.5787,0.0517476,-1.00311,-0.000487807,0.567344,0.00853006,-0.99797,0.00027471,0.576859,0.0197882,-1.00245,-0.000124005,0.566528,0.00969824,-1.00597,4.75248e-05,0.526872,0.0260235,-1.01144,-0.000630456,0.501332,0.0202057,-1.00383,0.000224113,0.436222,0.0448173,-1.00641,0.000195862,0.442726,0.0633178,-1.00399,0.000251874,0.46223,0.085944,-0.994389,-0.00043475,0.44582,0.0358022,-1.01193,-0.00122655,0.449243,0.0477635,-1.00194,0.000157725,0.464916,0.0455882,-0.997254,-0.000299171,0.413329,0.0847272,-0.995619,-0.000570844,0.435769,0.0395388,-0.998567,-0.000480822,0.392383,0.0914694,-1.00143,0.0001109,0.374829,0.0974342,-1.0049,-0.000157532,0.376938,0.0899896,-1.00238,-0.000334334,0.399907,0.131629,-1.00411,-0.000295258,0.436751,0.117645,-1.00209,-0.000270889,0.417551,0.100856,-1.00605,-0.000207175,0.337681,0.0807568,-1.00673,-0.000311002,0.323528,0.0917833,-1.00336,-0.000488616,0.347028,0.0628102,-1.00498,-0.000422887,0.358522,0.0683231,-1.00308,-0.000138622,0.347292,0.0752876,-1.0021,-0.00048535,0.364314,0.085033,-0.999677,-0.00052122,0.352732,0.0483366,-1.00207,-0.000440349,0.375397,0.0575634,-1.00189,-0.000281464,0.7,0,-1,0.0718424,-0.121531,-0.13276,-0.364016,-0.246791,1.05765,0.999749,-0.0125733,0.0185462,1.79677e-05,0.00657168,0.195242,-0.0221202,0,0,-0.399042,0.45,1,5,0.785398,0,0,0,0.00671843,0.181519,0.0488247,0.118582,-3.35813,-0.0215766,0.00379545,0.181528,0.0415709,0.574735,0.311165,0.486864,0.229545,nan,nan,nan,nan,nan,nan,nan,nan,0.183783,-0.0621959,1.26068,744.113,458.065,648.958,335.745,-0.73999,1.12062,-2,-0.0524097,-0.156608,1.16531,0.0273094,0.561696,-0.251784
1,0.999936,-0.00887587,0.00585302,0.0039518,0.0175952,0.295328,0.0294416,0.109198,0.14473,-0.878218,0.347537,-0.0613322,-0.0775646,0.289171,-0.0399402,-0.981961,0.000781289,0.329315,-0.00813374,-0.993265,-0.000180902,0.357357,0.0217687,-0.987845,-0.000546976,0.407788,0.0337289,-0.988048,-0.00103421,0.441248,0.0233334,-1.00719,0.000437345,0.459688,0.0415711,-0.996114,0.000493135,0.502165,0.0634907,-1.00672,-0.00156539,0.515851,0.0818159,-0.98903,-0.000498329,0.471905,0.0619446,-0.992711,0.000709981,0.481946,0.0661399,-0.987726,-0.000181397,0.508997,0.0542871,-1.00039,0.000494308,0.509433,0.0518767,-0.992722,-0.000440286,0.514435,0.0425281,-0.998498,-0.00134199,0.524755,0.0737407,-0.992227,-0.000365199,0.518158,0.0743369,-0.993754,-0.000500541,0.550193,0.0612478,-0.99735,-0.000501128,0.572774,0.0929682,-0.994248,-0.00168836,0.531381,0.0507423,-1.00577,-0.000663962,0.569612,0.0406339,-0.990248,0.000385434,0.608,0.0256206,-0.995826,0.000656924,0.640059,0.0116546,-1.00823,-0.000827932,0.626742,0.0110377,-0.987992,0.00104142,0.648849,0.00729298,-0.990131,0.000307454,0.678238,0.0211056,-0.979924,0.000465263,0.684329,0.043461,-1.0086,0.000846899,0.683342,0.0372699,-0.998039,0.000396035,0.682171,0.023411,-1.00644,-0.000872268,0.673565,0.0510838,-1.0038,-0.000907684,0.639885,0.0586462,-0.991758,0.000868933,0.623309,0.0147784,-0.985372,-0.000447698,0.638635,-0.0375237,-0.99951,-0.000386764,0.704287,0.00668885,-0.994655,-0.000743326,0.706196,0.0172279,-0.996058,0.000205126,0.715871,0.0160999,-1.00105,0.00104305,0.739227,0.0339398,-1.00065,-0.000403374,0.709053,0.0345241,-0.989667,0.00147665,0.729808,0.0758919,-1.01209,2.00221e-05,0.718678,0.0804192,-1.00268,7.28295e-05,0.649509,0.0089816,-1.00198,-0.000255691,0.654239,0.0105389,-0.989639,0.000470058,0.600047,0.0338224,-1.00203,-0.000366044,0.608232,0.0175619,-1.00254,-0.000298095,0.583068,0.0158194,-0.995665,0.000401882,0.574246,0.00325324,-1.00256,-0.000276856,0.569437,-0.0174798,-1.0064,5.32412e-05,0.556113,0.0531023,-1.01161,-0.00044289,0.51358,0.00114594,-1.00301,0.000268728,0.479336,0.0596891,-1.00673,0.000344836,0.463067,0.0501601,-1.00379,0.000258289,0.461973,0.0834818,-0.995922,-0.000256049,0.477514,0.0237039,-1.01174,-0.00119739,0.462537,0.0435389,-1.00155,0.000228232,0.437273,0.046312,-0.99625,-0.000278098,0.440456,0.0622989,-0.994179,-0.000577161,0.42817,0.0630091,-0.997175,-0.000582053,0.411053,0.0602016,-1.00243,5.20961e-05,0.395484,0.101713,-1.00641,-1.34157e-05,0.366103,0.103626,-1.00159,-0.000303565,0.402933,0.118043,-1.00262,-0.000342278,0.454743,0.104293,-1.00282,-0.000302377,0.420086,0.131728,-1.00553,-0.000295949,0.376803,0.0761482,-1.0075,-0.000385661,0.373247,0.0625462,-1.00257,-0.00054335,0.365512,0.0848838,-1.00343,-0.000321395,0.364812,0.0960395,-1.00323,-0.000210566,0.3574,0.0725642,-1.00273,-0.000520568,0.380476,0.0587433,-0.998764,-0.000479689,0.390147,0.0800248,-1.00263,-0.00046502,0.37907,0.0334789,-1.00136,-0.000281972,0.326107,0.0324567,-1.00386,-0.000542835,0.7,0,-1,0.0937404,-0.0702464,-0.113726,-0.244617,-0.167576,1.15165,0.999886,-0.00853903,0.0124684,0.000135144,0.000376766,0.165144,-0.0201078,0,0,-0.399395,0.45,1,5,0.785398,0,0,0,0.00658237,0.181253,0.0487229,-3.31944,-2.95131,-0.120699,0.0217415,0.182034,0.041124,0.572498,0.308584,0.492961,0.222126,nan,nan,nan,nan,nan,nan,nan,nan,0.227916,-0.154315,1.2963,743.528,451.819,654.611,331.694,-0.762243,1.09274,-2,-0.100415,-0.153593,1.17826,-0.322939,-0.432409,0.221867
1.02,0.999912,-0.00879155,0.00892743,0.00428172,0.00681001,0.209644,0.0200082,0.120946,0.143724,-0.876301,0.347028,-0.0590811,-0.0651604,0.396456,-0.0346576,-0.992487,-0.000288893,0.417439,-0.0177804,-0.987437,-0.000527799,0.456097,0.0128073,-0.987505,-0.00108738,0.430548,0.024128,-1.00622,0.000462894,0.452495,0.0215074,-0.993802,0.000483033,0.477982,0.0559132,-1.00595,-0.00146301,0.501756,0.074733,-0.988376,-0.000410719,0.489107,0.0732323,-0.992713,0.000470901,0.491301,0.0640566,-0.98623,-0.000234754,0.506057,0.0307379,-1.00148,0.000401302,0.518969,0.095883,-0.990197,-0.000627793,0.510001,0.0634462,-0.998295,-0.00154314,0.517804,0.0559568,-0.99208,-0.000166455,0.530505,0.0658632,-0.991828,-0.000512338,0.561348,0.0684419,-0.99645,-0.000658144,0.578393,0.0585977,-0.994429,-0.00172328,0.575872,0.0483727,-1.0062,-0.000468665,0.569606,0.0358699,-0.990931,0.00039325,0.584241,0.0218995,-0.995678,0.000484585,0.624262,0.00167848,-1.0076,-0.000960727,0.645385,0.0140524,-0.988709,0.000878158,0.636211,0.00219568,-0.991152,0.000254642,0.65273,0.0135629,-0.979777,0.000491798,0.678563,0.0529685,-1.00755,0.000690768,0.65324,0.0526547,-0.995604,0.00046868,0.684975,0.0332036,-1.00437,-0.000829111,0.694795,0.0770209,-1.00344,-0.000984726,0.650038,0.0467723,-0.991012,0.000854343,0.634227,0.0218188,-0.984956,-0.000461233,0.678065,0.0144495,-0.999423,-0.000242407,0.696931,-0.000694351,-0.995038,-0.000631587,0.704515,0.0250727,-0.996347,0.000197289,0.707913,0.0453307,-1.00141,0.00113912,0.731755,0.024929,-1.00142,-0.000563615,0.715942,0.0210329,-0.992267,0.00143885,0.756848,0.0543082,-1.01322,9.29289e-05,0.712856,0.0733933,-1.00455,9.7977e-05,0.677727,0.0190369,-1.00487,-0.000155839,0.68551,0.0289834,-0.988219,0.000570202,0.611124,0.0589422,-1.00059,-0.000346552,0.61518,0.0507974,-1.00175,-0.000241738,0.592381,0.0360973,-0.993981,0.00045199,0.590579,-0.00771367,-1.00071,-0.000404206,0.589145,0.00845638,-1.00683,-4.84037e-05,0.557869,0.0481323,-1.01204,-0.000461278,0.530621,0.0363423,-1.00358,0.000282229,0.493976,0.0703074,-1.00591,0.000449827,0.479679,0.0529431,-1.00187,0.000165669,0.500677,0.0795328,-0.997369,-0.000168804,0.482316,0.0442364,-1.01019,-0.00146322,0.480822,0.0783549,-1.00223,0.00021832,0.46128,0.0582213,-0.998145,-0.000382014,0.456325,0.0780692,-0.991919,-0.000536149,0.439588,0.0676392,-0.996188,-0.000699894,0.438704,0.0822452,-1.00202,0.000138427,0.412323,0.0725809,-1.00593,0.0001083,0.39433,0.107538,-1.0029,-0.000234105,0.412775,0.115438,-1.00046,-0.000233401,0.433264,0.087236,-1.00032,-0.000203058,0.440927,0.116046,-1.00556,-0.000288738,0.375885,0.0780674,-1.00891,-0.000436478,0.376758,0.0755409,-1.00271,-0.000762922,0.367565,0.0732642,-1.00431,-0.000251672,0.371044,0.118311,-1.00436,-0.000143116,0.349724,0.0890917,-1.00017,-0.000440421,0.376521,0.0474599,-0.996795,-0.000486076,0.375559,0.0836182,-1.00164,-0.000576045,0.398252,0.0302053,-1.00218,-0.0001966,0.362786,0.0169601,-1.00352,-0.000487194,0.334783,0.00834126,-1.0052,-0.000305465,0.7,0,-1,0.0937404,-0.0702464,-0.113726,-0.244617,-0.167576,1.15165,0.999886,-0.00853903,0.0124684,0.000135144,-0.0375431,0.143461,-0.0214988,0,0,-0.400684,0.45,1,5,0.785398,0,0,0,0.00666548,0.180963,0.0486277,-0.00153237,-4.239,-0.22569,0.00838888,0.188916,0.0409758,0.566237,0.319215,0.501502,0.219692,nan,nan,nan,nan,nan,nan,nan,nan,0.238463,-0.139364,1.34591,741.431,450.489,664.186,327.834,-0.749376,1.1193,-2,-0.154113,-0.153073,1.14061,-0.0254422,0.112553,0.620206
1.04,0.999878,-0.00955756,0.0115483,0.00452107,-0.0950892,0.182685,0.0139606,0.132514,0.142643,-0.874638,0.337099,-0.0502237,-0.0782032,0.46418,-0.0390136,-0.986035,-0.000494506,0.476614,0.0195217,-0.987081,-0.00113804,0.452698,0.0311196,-1.00463,0.000374478,0.452675,0.0429484,-0.993813,0.000647651,0.494518,0.0397376,-1.00602,-0.00152735,0.478462,0.0906586,-0.988395,-0.000317283,0.495852,0.0537944,-0.993404,0.00027234,0.516894,0.0495823,-0.985952,-0.00013848,0.552219,0.0409345,-1.00179,0.000567585,0.530619,0.0759158,-0.98976,-0.000572052,0.534047,0.060343,-0.998956,-0.00151535,0.517698,0.0617261,-0.992245,-0.000134775,0.525783,0.0710512,-0.992073,-0.000664955,0.546669,0.0499627,-0.999996,-0.000625393,0.559186,0.0474033,-0.993228,-0.00169738,0.588095,0.0359268,-1.00719,-0.000571947,0.574951,0.0306194,-0.991452,0.000122639,0.612777,-0.000858709,-0.993107,0.000672933,0.629981,-0.00493033,-1.00621,-0.00110361,0.63589,-0.0128878,-0.988675,0.00109244,0.638251,-0.00506647,-0.991401,0.000334301,0.619168,0.0203824,-0.981757,0.000387796,0.679868,0.0440679,-1.004,0.000708315,0.66478,0.0648225,-0.995778,0.000583806,0.711,0.0384138,-1.0047,-0.00084066,0.699494,0.0699781,-1.00327,-0.000947196,0.687406,0.0464533,-0.991336,0.000777681,0.653037,-0.000686347,-0.986901,-0.000443097,0.6821,0.0218917,-0.999935,-0.000212414,0.696872,0.0257978,-0.996053,-0.000429343,0.677712,0.0460957,-0.996948,9.1143e-05,0.700455,0.0597505,-1.00238,0.00121178,0.731392,0.000322533,-1.00019,-0.000636088,0.73037,0.0262715,-0.992178,0.00133197,0.762939,0.0484669,-1.01366,0.000122483,0.715379,0.0631181,-1.00451,6.05194e-05,0.70191,0.0342289,-1.00228,4.00875e-06,0.696798,0.0452257,-0.98867,0.0006587,0.657533,0.0771641,-1.00046,-0.000279174,0.652318,0.0461204,-1.00128,-0.000170357,0.635379,0.0536971,-0.993985,0.000523956,0.600483,-0.00400838,-1.00247,-0.000328778,0.589239,0.0296885,-1.00863,-3.53723e-05,0.595412,0.0461974,-1.01193,-0.000466977,0.541034,0.0355506,-1.00061,0.000186722,0.526139,0.0601756,-1.00608,0.000499927,0.509381,0.0338644,-1.00265,-0.000110689,0.507802,0.0829799,-0.996946,-0.000181063,0.496808,0.107202,-1.00949,-0.00151962,0.511465,0.0785676,-1.00256,0.000173697,0.478594,0.0477639,-0.997883,-0.000359098,0.473291,0.0638116,-0.990942,-0.00058796,0.447466,0.0684178,-0.996845,-0.000729908,0.45438,0.0802816,-1.00207,0.00021433,0.436271,0.0978959,-1.00498,9.27478e-05,0.376686,0.0986672,-1.00201,-0.000232687,0.434445,0.0753035,-1.00168,-7.6716e-05,0.458779,0.0666226,-1.00031,-0.000160745,0.459353,0.0790162,-1.00463,-0.000280287,0.418034,0.0592952,-1.00952,-0.00045927,0.404802,0.062618,-1.00176,-0.000568012,0.365848,0.0879899,-1.00482,-0.000227628,0.364719,0.106894,-1.00375,-0.000302396,0.36961,0.0646794,-0.999878,-0.000598024,0.379672,0.062426,-0.996586,-0.000612154,0.343967,0.0720866,-1.00052,-0.000487113,0.391434,0.0216464,-1.00251,-0.000595451,0.354566,0.00451528,-1.00536,-0.000492427,0.355329,0.0181313,-1.00483,-0.000382523,0.350735,-0.0188137,-1.00549,-0.000300405,0.7,0,-1,0.0787615,-0.0865511,-0.125104,-0.319488,-0.111663,1.07445,0.999851,-0.00568619,0.0162835,0.000273106,-0.0226963,0.112797,-0.0234291,0,0,-0.398452,0.45,1,5,0.785398,0,0,0,0.00668189,0.180903,0.04859,-1.0704,-4.15667,-0.267825,0.0149184,0.189745,0.0409927,0.570298,0.313018,0.495333,0.224088,nan,nan,nan,nan,nan,nan,nan,nan,0.144447,-0.00121784,1.26205,740.931,447.532,662.48,326.405,-0.779175,1.18016,-2,-0.198435,-0.165745,1.18569,-0.496432,0.442872,-0.652138
1.06,0.999868,-0.00993474,0.0120077,0.00455413,-0.0840403,0.104443,0.00676042,0.136249,0.142296,-0.874195,0.323209,-0.0532569,-0.0694047,0.50789,-0.0234465,-0.985971,-0.00107934,0.462549,0.0203041,-1.00548,0.000201929,0.454157,0.0435929,-0.994562,0.000650149,0.479036,0.0547408,-1.00336,-0.001361,0.486548,0.0555208,-0.987236,-0.000324249,0.527721,0.0620906,-0.993422,0.000290707,0.53056,0.0397937,-0.985387,3.6999e-05,0.548642,0.0337926,-1.00127,0.00047569,0.527864,0.0460897,-0.989897,-0.000483556,0.564406,0.0652828,-0.996933,-0.00145032,0.529992,0.0465564,-0.99202,-0.00025912,0.506405,0.0648115,-0.992073,-0.00045974,0.534722,0.0560864,-1.0011,-0.000530453,0.570097,0.0330708,-0.993995,-0.00155751,0.576549,0.0370493,-1.00692,-0.000600422,0.586144,0.0265319,-0.991272,0.000228865,0.604485,0.00936614,-0.993161,0.000566964,0.646752,0.0168248,-1.00663,-0.00102678,0.63179,-0.00730388,-0.989115,0.00106535,0.632117,-0.00861959,-0.990735,0.000366014,0.625614,0.022453,-0.980697,0.000288012,0.672509,0.0578162,-1.00264,0.000667836,0.702021,0.0756215,-0.995747,0.000439271,0.726045,0.0557227,-1.00625,-0.000798823,0.712925,0.0339362,-1.00192,-0.000922874,0.709167,0.0218338,-0.993256,0.00067814,0.651793,0.0171495,-0.987305,-0.000542986,0.687382,0.0221743,-0.99966,-0.000307387,0.700088,0.0117354,-0.997124,-0.000461219,0.729553,0.0301218,-0.996122,0.000150394,0.715056,0.0109475,-1.00455,0.00108136,0.755345,0.0161495,-0.997863,-0.000694004,0.738036,0.0301513,-0.99381,0.00127828,0.725587,0.0696417,-1.01125,-4.51902e-05,0.692533,0.080979,-1.00497,9.79689e-05,0.718669,0.0407449,-1.00247,-3.73291e-05,0.693032,0.0511445,-0.987639,0.000562289,0.684011,0.0343074,-0.999898,-0.00015518,0.669272,0.0411674,-1.00041,-0.000141683,0.628859,0.0252852,-0.992115,0.000668987,0.598254,0.022295,-1.00131,-0.000417932,0.6032,0.0802867,-1.00814,2.18069e-05,0.601669,0.0586816,-1.01156,-0.000615313,0.535575,0.039343,-0.999667,0.000102959,0.531553,0.0688317,-1.00568,0.000391251,0.514585,0.0653061,-1.00255,-0.000102418,0.540473,0.082637,-0.996799,-0.000228961,0.510379,0.106531,-1.00739,-0.00159929,0.51808,0.0973872,-1.00113,0.00018162,0.520098,0.0540821,-0.995882,-0.00030836,0.473124,0.05109,-0.991943,-0.000564024,0.439177,0.0474252,-0.996076,-0.000658882,0.463827,0.0786535,-1.00075,0.000206896,0.465903,0.0960118,-1.00705,0.000111819,0.439585,0.109328,-1.00237,-0.000157834,0.426395,0.0725382,-1.00278,-0.000159261,0.4551,0.0505299,-1.00175,-0.000315194,0.45208,0.0828817,-1.00717,-0.000322237,0.442201,0.0733887,-1.01025,-0.000652376,0.41759,0.0702998,-1.0021,-0.000319619,0.379345,0.0714187,-1.00458,-0.000238116,0.363095,0.080111,-1.00361,-0.000298158,0.38438,0.0630529,-1.00054,-0.000746094,0.384388,0.0739487,-0.998691,-0.000485057,0.399106,0.0667203,-0.999574,-0.00058593,0.370007,0.0421559,-1.00354,-0.000727067,0.361326,0.0128128,-1.00432,-0.000524807,0.366802,-0.0088101,-1.00424,-0.000412093,0.339991,-0.0396559,-1.00666,-0.000349907,0.3371,-0.0072219,-1.00441,-0.000340991,0.7,0,-1,0.105469,-0.119399,-0.122068,-0.180549,-0.300593,1.17289,0.99984,-0.0153162,0.00920413,0.00021896,0.0105175,0.0415676,-0.022114,0,0,-0.400717,0.45,1,5,0.785398,0,0,0,0.00670686,0.180825,0.0485498,-0.671151,-3.5481,-0.169434,0.0299831,0.182432,0.0411475,0.546088,0.332743,0.491138,0.223842,nan,nan,nan,nan,nan,nan,nan,nan,0.168943,-0.156805,1.38354,734.09,463.45,660.023,325.25,-0.827989,1.18223,-2,-0.206386,-0.172346,1.18329,-0.694527,-0.15166,0.439926
1.08,0.999843,-0.0108259,0.0132035,0.00476724,-0.0781531,0.114561,0.0187071,0.147102,0.141268,-0.872882,0.316555,-0.0604434,-0.072289,0.513519,-0.0157885,-1.00651,0.000385582,0.501549,0.0127068,-0.995075,0.000730118,0.484509,0.0537666,-1.00127,-0.00149299,0.514412,0.0408712,-0.985953,-0.000538793,0.511289,0.0687168,-0.994412,0.000117582,0.532282,0.0621365,-0.984345,1.90037e-05,0.540699,0.0405954,-1.00026,0.00049938,0.527813,0.0346615,-0.98749,-0.000565936,0.560437,0.053761,-0.998457,-0.00161101,0.530052,0.0520976,-0.99199,0.000109545,0.5012,0.0507609,-0.993021,-0.000590532,0.560112,0.0640862,-1.00054,-0.000559681,0.59928,0.0292849,-0.994795,-0.00160013,0.598655,0.0289689,-1.00571,-0.000561859,0.625289,0.00779536,-0.990973,9.5668e-05,0.630812,0.0058977,-0.993692,0.000770573,0.659728,0.0085103,-1.00698,-0.00103543,0.637121,-0.015271,-0.990231,0.0010828,0.65346,0.0144251,-0.98995,0.0004466,0.652082,0.0208812,-0.981497,0.00037229,0.690896,0.0491449,-1.00064,0.000699723,0.697504,0.096152,-0.995523,0.00048563,0.708535,0.0626203,-1.00533,-0.000893646,0.70503,0.041951,-1.00079,-0.000896592,0.696432,0.0307436,-0.990493,0.000698871,0.662289,0.021498,-0.987134,-0.000510646,0.667448,0.0289058,-1.00009,-0.000195215,0.702303,0.000788761,-0.997524,-0.000353222,0.759952,0.0229972,-0.994872,0.000276431,0.743639,0.0240839,-1.00405,0.00112926,0.752283,0.0430036,-0.997308,-0.000701409,0.722944,0.0279462,-0.99422,0.00139484,0.723082,0.0422485,-1.01206,-7.38125e-05,0.728088,0.0505566,-1.00606,0.000156149,0.714567,0.0329726,-1.00266,-4.646e-05,0.720408,0.0395591,-0.987655,0.000699598,0.677306,0.0241902,-0.999355,-0.000307723,0.673902,0.0419595,-0.999327,-0.000243849,0.642434,0.036746,-0.991292,0.00052121,0.63364,0.0179547,-1.0011,-0.000351278,0.611684,0.0814714,-1.00935,-0.000181191,0.587681,0.0772587,-1.01014,-0.000635956,0.561437,0.0610654,-0.999019,0.000241637,0.539448,0.0756099,-1.00429,0.000423205,0.53803,0.105482,-1.00152,-0.000155512,0.545614,0.0700519,-0.996993,-0.000421571,0.494549,0.0947397,-1.00653,-0.00152515,0.515485,0.0949505,-1.00098,0.000320621,0.535518,0.0572135,-0.99325,-0.000531929,0.498957,0.0470701,-0.992359,-0.000808244,0.49069,0.0507298,-0.998171,-0.000771369,0.475786,0.060594,-1.00159,0.000101976,0.481982,0.0793354,-1.00613,0.000205708,0.476989,0.103346,-1.00068,-3.75374e-05,0.437951,0.0703799,-1.00273,-0.00014619,0.445701,0.0542266,-1.00156,-0.000439492,0.460161,0.0688434,-1.00766,-0.000371182,0.4685,0.0919821,-1.01138,-0.000767531,0.429875,0.0859574,-1.00317,-0.000397868,0.41156,0.0947716,-1.00571,-0.000339754,0.372529,0.0685259,-1.00359,-0.00039986,0.370633,0.0550686,-1.00112,-0.000676355,0.38243,0.0824937,-0.999271,-0.00040623,0.383097,0.058977,-0.999581,-0.000489133,0.372245,0.0448523,-1.00114,-0.000642449,0.386269,0.0292786,-1.00563,-0.000476094,0.343408,0.0141826,-1.00289,-0.000249527,0.359522,0.000964064,-1.00777,-0.000222911,0.360121,-0.0251122,-1.00249,-0.000251165,0.353807,-0.0514518,-1.0036,-0.000330673,0.7,0,-1,0.10111,-0.16978,-0.113051,-0.172535,-0.414369,1.14218,0.999738,-0.0211047,0.00880187,0.000576496,-0.00794538,0.0381946,-0.027016,0,0,-0.401871,0.45,1,5,0.785398,0,0,0,0.00745333,0.180357,0.0484085,-0.917909,-0.541607,0.462577,0.0254769,0.170719,0.041005,0.541163,0.343246,0.501838,0.217925,nan,nan,nan,nan,nan,nan,nan,nan,0.179875,-0.216362,1.30523,727.62,476.635,664.596,322.398,-0.838441,1.16519,-2,-0.228155,-0.188896,1.13653,-0.332668,-0.359327,-0.144216
1.1,0.999832,-0.0112699,0.0136429,0.0048506,-0.0995484,0.100319,0.0178399,0.150854,0.141018,-0.872262,0.319421,-0.0558738,-0.0755401,0.518336,-0.00102713,-0.996031,0.000746959,0.510269,0.0432127,-1.00181,-0.00158191,0.528611,0.0649631,-0.986145,-0.000652487,0.517748,0.0738562,-0.993882,5.02792e-05,0.563209,0.0470476,-0.985712,2.2257e-05,0.539096,0.0421189,-0.999307,0.000505963,0.532237,0.0177648,-0.988488,-0.000668554,0.555257,0.0306487,-0.997688,-0.00142533,0.519655,0.0646484,-0.990253,4.5344e-05,0.530169,0.0634097,-0.992937,-0.00055227,0.558779,0.0523761,-0.998347,-0.000737325,0.632987,0.0276856,-0.994034,-0.0016957,0.604937,0.0328483,-1.00516,-0.000612264,0.636577,-0.00431561,-0.991016,0.000259016,0.662702,0.00433657,-0.995314,0.00071663,0.636516,0.01285,-1.00707,-0.000978432,0.632082,-0.0286601,-0.989708,0.00116058,0.644217,-0.0121969,-0.98986,0.000275096,0.650844,0.0137157,-0.97956,0.000392783,0.675632,0.0167562,-1.00241,0.000775164,0.692826,0.0527792,-0.993495,0.000381586,0.685742,0.0752752,-1.00418,-0.00089826,0.680691,0.0445525,-0.999391,-0.00102524,0.660146,0.0433793,-0.98871,0.000743082,0.6643,0.0511763,-0.987974,-0.000539748,0.673789,0.0602468,-0.999399,-0.000300902,0.714135,-0.0223971,-0.997284,-7.88624e-05,0.72566,0.0157369,-0.992957,0.000153605,0.724029,0.00483489,-1.00585,0.00135064,0.741009,0.031954,-0.996802,-0.00102516,0.756277,0.0134152,-0.993635,0.00141761,0.712868,0.00972132,-1.00941,-1.16336e-05,0.736681,0.0271563,-1.00718,0.000240557,0.725855,0.0099717,-1.00107,0.000127077,0.722232,0.0666471,-0.985567,0.000704184,0.684667,0.0238316,-0.999833,-0.000555039,0.708828,0.0693555,-0.99811,-0.00020661,0.637345,0.062311,-0.99023,0.000496867,0.641233,0.0519277,-0.999925,-9.90463e-05,0.613699,0.0857305,-1.01035,-0.000126072,0.594905,0.0773862,-1.0114,-0.000674936,0.593049,0.0737891,-0.99823,0.000200355,0.613017,0.0770244,-1.00347,0.000390728,0.560483,0.0738488,-1.00259,-0.00022351,0.518308,0.0982691,-0.998083,-0.000121342,0.536975,0.0981935,-1.00536,-0.00137138,0.543167,0.0615976,-1.00164,0.00031674,0.574635,0.0477741,-0.994149,-0.000566023,0.53089,0.0123409,-0.991967,-0.00068571,0.486407,0.0398207,-0.997686,-0.000614308,0.501853,0.0388935,-1.00141,0.000199893,0.487646,0.0852274,-1.00519,0.000236542,0.467436,0.0913711,-0.999464,-0.000118274,0.482119,0.0947626,-1.00282,-8.76216e-05,0.468911,0.0776319,-1.00225,-0.000324843,0.450798,0.0988352,-1.00814,-0.000271982,0.480343,0.0978437,-1.0126,-0.000959412,0.449464,0.0742818,-1.00525,-0.000270327,0.433086,0.0804464,-1.00529,-0.000444112,0.394169,0.0862707,-1.00178,-0.000381931,0.387082,0.0654961,-1.0017,-0.000609697,0.399393,0.0611793,-1.00024,-0.000273859,0.395904,0.0546726,-1.0002,-0.000514814,0.365959,0.0524244,-1.00026,-0.000814371,0.356788,-0.00114326,-1.00568,-0.000442208,0.35028,-0.0303453,-1.00442,-0.000394527,0.380908,-0.0225519,-1.00932,-0.000248748,0.362691,-0.0194298,-0.999938,-0.00020605,0.351777,-0.0406,-1.00193,-0.000352279,0.356214,-0.0204867,-1.00303,-0.000471257,0.7,0,-1,0.196858,-0.164249,-0.124043,0.00245657,-0.233205,1.09593,0.999929,-0.0118872,-0.000126955,-0.000145966,0.025643,-0.013829,-0.0278937,0,0,-0.397335,0.45,1,5,0.785398,0,0,0,0.00761987,0.180229,0.0483674,2.74854,-2.62001,0.144219,0.00341154,0.183592,0.0403895,0.552236,0.334082,0.497859,0.224632,nan,nan,nan,nan,nan,nan,nan,nan,0.210442,-0.0115132,1.28994,725.74,473.804,663.495,322.816,-0.800661,1.2076,-2,-0.234524,-0.195653,1.18096,0.143272,0.22848,-0.162553
1.12,0.999815,-0.0117895,0.0143281,0.0050736,-0.0392624,0.0523363,0.0240937,0.158616,0.140426,-0.871314,0.304399,-0.0508219,-0.0804333,0.542813,0.0268709,-0.99902,-0.0018038,0.543945,0.0483608,-0.984707,-0.000657033,0.532471,0.0666533,-0.991163,0.000143226,0.546722,0.0495223,-0.985748,3.71203e-06,0.539581,0.0947564,-0.99767,0.000406117,0.555768,0.0229623,-0.988068,-0.000540657,0.556779,0.0281357,-0.997337,-0.00140494,0.540704,0.0757681,-0.99038,0.000242487,0.519115,0.0464601,-0.992469,-0.000593225,0.562204,0.025143,-0.997618,-0.000743936,0.607933,0.0270706,-0.993584,-0.00179048,0.608832,0.0329402,-1.00555,-0.000617663,0.633962,-0.00317635,-0.991793,0.000343198,0.667697,-0.0151684,-0.995553,0.000632528,0.660534,-0.00365017,-1.00816,-0.000987335,0.652119,-0.0356607,-0.989665,0.00104215,0.607514,0.00140711,-0.99072,0.00037041,0.634489,0.0246346,-0.978105,0.00032316,0.65515,-0.000387796,-1.00219,0.000862845,0.686957,0.0514229,-0.991938,0.000351655,0.660351,0.0543061,-1.0067,-0.000610198,0.668138,0.0791368,-1.00127,-0.000917198,0.680005,0.0438483,-0.988398,0.000695291,0.688269,0.0103082,-0.987697,-0.000577251,0.704139,0.0410428,-1.00065,-0.000306289,0.708889,-0.000583719,-0.998196,2.71853e-05,0.705212,0.0195133,-0.992112,0.000125717,0.73816,0.00802103,-1.00777,0.00133553,0.745861,0.0490857,-0.995814,-0.000989818,0.754789,0.0146415,-0.994147,0.00144718,0.714007,-0.0155624,-1.00879,0.000154322,0.73022,0.027618,-1.00726,0.000356518,0.719245,0.0289734,-1.00058,0.00013809,0.722619,0.0695741,-0.983013,0.00064446,0.687307,0.0417477,-1.00163,-0.000656486,0.6723,0.0617413,-0.99661,-0.000248952,0.643532,0.0796359,-0.989945,0.000483586,0.659867,0.083441,-1.00152,5.0927e-05,0.642345,0.0914558,-1.00997,-0.000143077,0.623086,0.0470461,-1.01126,-0.000633296,0.612808,0.0864167,-0.999235,0.000294092,0.616123,0.0818738,-1.00228,0.000306584,0.575373,0.107924,-1.00373,-0.000287414,0.565916,0.0837824,-0.996206,1.02723e-05,0.583906,0.107185,-1.00399,-0.00146254,0.57515,0.0567734,-1.00216,0.000504618,0.569533,0.0556385,-0.99453,-0.000559861,0.554804,0.0280066,-0.991471,-0.000659126,0.518884,0.0505994,-0.998481,-0.000601711,0.542257,0.0526999,-1.00121,0.000145493,0.522165,0.0870454,-1.00483,0.00016808,0.468503,0.0846297,-0.997652,-0.000152061,0.485144,0.0996884,-1.0034,3.71314e-05,0.494068,0.0961949,-1.00393,-0.000355362,0.482193,0.0829246,-1.00901,-0.000242428,0.485796,0.0476979,-1.01013,-0.00121462,0.437188,0.0736322,-1.0046,-0.00019448,0.443078,0.0587327,-1.00564,-0.000423988,0.417518,0.069815,-1.00234,-0.000397683,0.423949,0.0640483,-1.00009,-0.000572806,0.422706,0.0775702,-1.0007,-0.000248082,0.411516,0.0586939,-1.00213,-0.000522355,0.37624,0.025735,-1.00125,-0.000813717,0.363652,0.00183216,-1.00564,-0.000343838,0.351344,-0.00628792,-1.00413,-0.000385144,0.38085,-0.00833575,-1.00826,-0.00032069,0.350092,-0.0416105,-1.00056,-0.00019755,0.347614,-0.058865,-1.00241,-0.000264881,0.362188,-0.0567051,-1.00472,-0.000402004,0.379363,-0.0321666,-1.00179,-0.000455641,0.7,0,-1,0.293044,-0.152946,-0.118652,0.209172,-0.356,1.13142,0.999778,-0.0181314,-0.0106712,-0.000733194,0.0486009,0.0124563,-0.0279627,0,0,-0.400935,0.45,1,5,0.785398,0,0,0,0.00784416,0.179965,0.0482595,1.07676,-2.93326,0.270096,0.0107856,0.188061,0.0397264,0.547977,0.327246,0.476873,0.237245,nan,nan,nan,nan,nan,nan,nan,nan,0.151106,-0.129223,1.28429,723.183,469.536,656.762,339.614,-0.851251,1.25325,-2,-0.245212,-0.203862,1.21805,-0.751105,0.252595,-0.244664
1.14,0.999811,-0.0118267,0.0145379,0.00517653,-0.00897664,0.0484888,0.0226937,0.162205,0.140224,-0.87083,0.302297,-0.0578892,-0.0738251,0.578861,0.0451166,-0.985312,-0.000689548,0.566017,0.0675746,-0.989945,0.000195722,0.567165,0.0420765,-0.986092,-9.55778e-05,0.53202,0.0729967,-0.998201,0.000315054,0.533157,0.0409984,-0.98808,-0.000408557,0.530262,0.0530993,-0.997367,-0.00140169,0.540899,0.0680868,-0.987834,0.000239514,0.578816,0.0706527,-0.991295,-0.000689441,0.584329,0.0407493,-0.995076,-0.00081611,0.650199,0.0145114,-0.993117,-0.00178663,0.66525,0.0206139,-1.00511,-0.000603552,0.634677,0.00190971,-0.992344,2.84113e-05,0.642577,-0.0178043,-0.993819,0.000651485,0.653393,-0.0189037,-1.01052,-0.00100408,0.661131,-0.0367197,-0.991235,0.000851516,0.602718,-0.00017939,-0.990205,0.000464785,0.611802,-0.00833342,-0.976877,0.00017484,0.651232,-0.0226287,-1.00262,0.00094976,0.676149,0.0449431,-0.991897,0.000448775,0.649322,0.0749394,-1.00818,-0.000649327,0.662581,0.0708733,-1.00008,-0.000965223,0.686383,0.0490615,-0.987996,0.000632144,0.673649,0.0266787,-0.987023,-0.000748589,0.691262,0.00244495,-0.999938,-0.000209578,0.697364,0.00239099,-0.998285,0.000155911,0.720339,0.0264579,-0.992439,0.000236932,0.729167,-0.0106351,-1.00624,0.00137563,0.769723,0.0218988,-0.996163,-0.00104322,0.754694,0.0490876,-0.994912,0.00155521,0.715366,0.0293609,-1.00676,0.000120179,0.724565,0.0405054,-1.00751,0.000355278,0.722347,0.0274454,-0.999491,-5.68828e-05,0.714237,0.0282638,-0.9808,0.000578804,0.709966,0.0563998,-1.00335,-0.000645248,0.701978,0.0507792,-0.995147,-0.000220963,0.661132,0.0718325,-0.987701,0.000478024,0.668384,0.077306,-1.00113,0.000135212,0.685537,0.0877318,-1.01154,-3.74204e-05,0.623647,0.0785296,-1.01002,-0.000470394,0.650557,0.0735708,-1.00019,0.000236624,0.623204,0.088654,-1.0012,0.00035665,0.585545,0.0907848,-1.00455,-0.000260102,0.579829,0.0751852,-0.99629,8.15706e-05,0.576323,0.0902809,-1.00432,-0.00137778,0.573615,0.0941635,-1.00209,0.00046135,0.588102,0.059638,-0.994506,-0.000482279,0.571358,0.0437157,-0.992044,-0.000574699,0.544008,0.0598221,-0.998846,-0.000693428,0.568497,0.0711864,-1.00214,0.000131572,0.564429,0.0598956,-1.0056,6.44363e-05,0.500504,0.069822,-0.997889,-0.000163295,0.497392,0.113095,-1.00315,-1.03766e-05,0.502157,0.124618,-1.00493,-0.000340008,0.472672,0.0956298,-1.00895,-0.000233069,0.514412,0.058612,-1.01148,-0.00127742,0.486694,0.0605585,-1.00436,-0.000138975,0.471991,0.0542685,-1.0063,-0.000510684,0.432505,0.0423697,-1.00276,-0.000448912,0.420936,0.0758951,-1.00014,-0.000405668,0.446495,0.0683635,-1.00044,-0.000183016,0.386917,0.0083429,-1.00076,-0.000551526,0.406642,-0.0163193,-1.00018,-0.000661942,0.40231,0.00565652,-1.0073,-0.000340161,0.340801,-0.000982474,-1.00049,-0.000297211,0.335379,-0.0126119,-1.00902,-0.000314824,0.35391,-0.0594091,-0.999832,-0.000208821,0.379577,-0.0572029,-1.00167,-0.000251211,0.409565,-0.0245468,-1.00458,-0.000525379,0.402214,-0.0332527,-1.00181,-0.000559401,0.366799,-0.0392129,-1.00117,-0.000545581,0.7,0,-1,0.292398,-0.145262,-0.140003,0.195277,-0.30066,1.00945,0.999833,-0.0153215,-0.00995034,4.03057e-05,-0.0346943,-0.041967,-0.0324147,0,0,-0.396433,0.45,1,5,0.785398,0,0,0,0.00783002,0.179765,0.0480308,0.946759,-1.54451,-0.00298261,-0.00963908,0.182947,0.0384645,0.570059,0.302653,0.475963,0.241782,nan,nan,nan,nan,nan,nan,nan,nan,0.157359,-0.13935,1.27416,739.057,458.553,651.445,345.738,-0.836682,1.23853,-2,-0.250771,-0.206171,1.14989,-0.105083,-0.353366,0.330412
1.16,0.999814,-0.0110689,0.0146978,0.00574548,0.0473972,-0.0147564,0.0292148,0.176197,0.139246,-0.869309,0.287865,-0.0460595,-0.095023,0.620868,0.0399667,-0.989376,0.000221641,0.583402,0.0436231,-0.985347,-0.000107674,0.569206,0.0566275,-0.998889,0.000147185,0.572938,0.0351632,-0.988297,-0.000267764,0.571311,0.0946204,-0.997914,-0.00135244,0.533516,0.0675525,-0.985832,0.000435874,0.563892,0.0477956,-0.992914,-0.000541771,0.60699,0.0188778,-0.994883,-0.000639297,0.646145,0.0110609,-0.994908,-0.0019349,0.663367,0.0190936,-1.00536,-0.000529586,0.642927,0.0132159,-0.989357,6.0774e-05,0.656174,-0.013796,-0.993166,0.000743781,0.673582,-0.0339694,-1.00909,-0.000989842,0.652071,-0.0305844,-0.990865,0.000763712,0.610522,0.000961269,-0.991172,0.000462043,0.618427,0.00614153,-0.975987,0.000216014,0.659652,-0.00742726,-1.00298,0.000983849,0.663776,-0.00119656,-0.990848,0.000435741,0.644203,0.0707914,-1.00711,-0.000633989,0.654426,0.0722607,-0.997261,-0.00090292,0.651854,0.0482012,-0.988243,0.00080839,0.663118,0.0168649,-0.986818,-0.000809977,0.69859,0.0191376,-1.00077,-9.37341e-05,0.696835,0.00914104,-0.996176,0.000250861,0.717198,-0.00149512,-0.991907,9.12423e-05,0.722027,0.00784072,-1.00527,0.00135511,0.762994,0.0182604,-0.995947,-0.00100225,0.752418,0.0282804,-0.994248,0.00143909,0.75239,-0.00506147,-1.00768,9.13369e-05,0.7604,0.0308867,-1.00922,0.000385241,0.748599,-0.00192451,-0.9995,-4.00881e-05,0.7275,0.0479174,-0.980461,0.000735676,0.731892,0.0511509,-1.00348,-0.000496363,0.685316,0.0297807,-0.99337,-0.000153684,0.674908,0.0790774,-0.988787,0.000384604,0.658063,0.11305,-1.00117,0.000257496,0.652016,0.0770633,-1.01154,-5.51415e-05,0.650865,0.0627204,-1.01257,-0.000591505,0.655026,0.113191,-0.999415,0.000118466,0.628708,0.0842994,-0.998807,0.000496579,0.621704,0.078147,-1.00419,-0.000299496,0.637237,0.0771721,-0.997117,-0.000129043,0.605047,0.0674126,-1.00415,-0.00159938,0.587184,0.0639848,-1.00288,0.000354667,0.58408,0.0549104,-0.994342,-0.000369841,0.586668,0.0504119,-0.989988,-0.000768919,0.582093,0.0789477,-0.998267,-0.000701076,0.568635,0.0933592,-1.00132,0.000229075,0.579342,0.0746259,-1.00647,0.000259827,0.515356,0.0507367,-0.996959,-4.3534e-05,0.531344,0.0954195,-1.00258,8.95897e-05,0.512945,0.126247,-1.00492,-0.000463191,0.518232,0.0946348,-1.00961,-0.000300803,0.512981,0.0766744,-1.01239,-0.00119052,0.533492,0.0879703,-1.00679,-0.000222838,0.510313,0.104855,-1.00633,-0.000397908,0.471015,0.0489122,-1.00228,-0.000477783,0.486786,0.065198,-0.999404,-0.000379288,0.458038,0.0422864,-0.998513,-0.00022874,0.423889,0.0190869,-0.997976,-0.000538589,0.407878,0.016807,-1.00104,-0.000716719,0.382399,0.0272187,-1.00639,-0.000318284,0.361905,-0.00268172,-0.999173,-0.000423379,0.33451,0.00398195,-1.00955,-0.000398206,0.359669,-0.02271,-0.999055,-0.00035963,0.394342,-0.0438806,-1.00099,-0.000302846,0.404056,-0.004836,-1.00559,-0.000478531,0.423037,-0.0315856,-1.0037,-0.000652618,0.395299,-0.00731306,-0.998876,-0.00064912,0.39208,-0.027196,-0.99946,-0.000661229,0.7,0,-1,0.286607,-0.144858,-0.140576,0.269314,-0.279441,1.06998,0.999804,-0.0142394,-0.0137235,-2.69711e-06,-0.0503482,-0.0974414,-0.0361075,0,0,-0.400179,0.45,1,5,0.785398,0,0,0,0.0076428,0.179749,0.0479651,0.175561,-1.50673,-0.290582,-0.0138377,0.187432,0.0380529,0.568265,0.301277,0.486047,0.230142,nan,nan,nan,nan,nan,nan,nan,nan,0.180696,-0.044448,1.25219,738.609,449.86,650.299,341.882,-0.883739,1.31681,-2,-0.251025,-0.191317,1.23423,-0.721596,0.591487,-1.05989
1.18,0.999826,-0.0106959,0.0140723,0.00599058,0.0538778,-0.105481,0.0221934,0.18274,0.138775,-0.86891,0.278675,-0.0400862,-0.0785629,0.630097,0.0296223,-0.983669,-4.33634e-05,0.613592,0.0532926,-0.999088,0.000230596,0.584509,0.0696457,-0.989732,-2.36673e-05,0.586372,0.0890939,-0.997372,-0.00131109,0.564855,0.0681179,-0.987255,0.000503363,0.595382,0.040023,-0.993293,-0.000453252,0.590848,0.00653055,-0.993075,-0.000695431,0.635665,0.0208167,-0.992006,-0.00185928,0.655479,0.0266644,-1.00516,-0.000513024,0.645937,0.00418429,-0.989852,-3.05015e-05,0.652319,0.00478025,-0.992391,0.00084941,0.6863,-0.00443223,-1.00843,-0.000876234,0.647865,-0.0368675,-0.991239,0.000733235,0.619541,-0.00719742,-0.991259,0.000429454,0.657173,0.00273805,-0.975296,8.20295e-05,0.651499,0.0115554,-1.00182,0.00118581,0.653659,0.0196106,-0.99161,0.000588399,0.674746,0.0646109,-1.00821,-0.000613921,0.64175,0.0970611,-0.997837,-0.000926102,0.636449,0.0765148,-0.988845,0.000703437,0.671691,0.0194821,-0.988537,-0.000902692,0.668878,0.019589,-1.0032,3.20222e-06,0.688417,0.00718059,-0.998254,0.000230047,0.703199,-0.00288383,-0.992882,-8.5307e-05,0.728241,0.0144006,-1.00573,0.00109373,0.738373,0.000149677,-0.991912,-0.00100316,0.767015,0.0275496,-0.994913,0.00143152,0.766013,-0.007959,-1.00696,0.00025431,0.739107,-0.000343547,-1.00722,0.000581927,0.752747,-0.00206744,-0.997842,0.000161815,0.739287,0.0294296,-0.978908,0.000576359,0.713912,0.0349772,-1.00347,-0.000510543,0.710532,0.0670918,-0.992468,-0.00026777,0.700374,0.0785409,-0.98944,0.000320437,0.680899,0.10193,-0.999739,0.000504416,0.690416,0.0762629,-1.0114,-0.00013361,0.661223,0.0749038,-1.01384,-0.000626751,0.671884,0.064451,-0.999327,0.000128226,0.64841,0.0606975,-0.997815,0.000437147,0.63135,0.0537392,-1.00554,-0.000327324,0.632958,0.072372,-0.996817,0.000110799,0.622001,0.0787473,-1.00192,-0.00162872,0.633659,0.0959985,-1.00499,0.000150938,0.613633,0.0739202,-0.995212,-0.000347897,0.633114,0.0783164,-0.990782,-0.000777583,0.62738,0.0738587,-0.999471,-0.000586252,0.591609,0.0591754,-1.00264,0.000127431,0.588657,0.0597733,-1.00609,0.000110701,0.560131,0.0683741,-0.997552,-3.60757e-06,0.545063,0.131573,-1.00319,-5.64274e-05,0.528094,0.134781,-1.00648,-0.000503363,0.520314,0.0987751,-1.00722,-0.000324425,0.533549,0.107765,-1.01105,-0.00126393,0.534593,0.0970986,-1.00749,-0.000403765,0.531889,0.0804094,-1.00829,-0.000223229,0.506592,0.0793064,-1.00267,-0.000670505,0.516737,0.0550282,-0.999241,-0.000586109,0.487552,0.0392011,-0.999527,-0.000327584,0.441938,0.0306743,-0.996581,-0.000664291,0.430383,-0.00288984,-1.001,-0.000692874,0.428845,0.018611,-1.00602,-0.000422499,0.363833,-0.0115641,-0.999376,-0.000480068,0.362481,-0.0265871,-1.00861,-0.000347785,0.359667,-0.0205131,-0.998995,-0.000572986,0.417236,-0.0610855,-1.00095,-0.000319914,0.405437,0.0139641,-1.00726,-0.000421083,0.44273,-0.0270122,-1.00442,-0.000622314,0.3981,-0.0119514,-1.00067,-0.000455042,0.377638,-0.0262998,-1.00026,-0.000749727,0.445177,-0.0194645,-0.999529,-0.00069791,0.7,0,-1,0.285612,-0.13051,-0.130435,0.229279,-0.31558,1.06403,0.999802,-0.016083,-0.0116802,0.000185562,-0.0133654,-0.10889,-0.0360868,0,0,-0.399824,0.45,1,5,0.785398,0,0,0,0.00709339,0.179798,0.0478581,-4.19691,0.633505,-0.449027,-0.00395304,0.175293,0.0381114,0.582752,0.289337,0.486765,0.233165,nan,nan,nan,nan,nan,nan,nan,nan,0.123975,-0.0887181,1.27152,752.521,439.505,649.64,339.991,-0.905485,1.3653,-2,-0.242042,-0.186266,1.17126,-0.459504,0.298665,0.823003
1.2,0.999838,-0.0102951,0.0134597,0.00613511,0.00857261,-0.0525514,0.00232317,0.192555,0.138046,-0.867988,0.271371,-0.0574219,-0.0848348,0.657926,0.0502742,-1,0.00032959,0.609757,0.0674347,-0.990793,-2.09363e-07,0.606567,0.078261,-0.998246,-0.00141811,0.590329,0.0781314,-0.988346,0.000513293,0.58135,0.071529,-0.993326,-0.000485441,0.599273,0.0388471,-0.994313,-0.000469879,0.632814,0.0379953,-0.99189,-0.00175125,0.678682,0.0293822,-1.00469,-0.000495395,0.695452,0.00351259,-0.989256,-0.000215496,0.663842,0.0372206,-0.990925,0.000902691,0.668571,0.0155149,-1.00693,-0.000817002,0.644748,-0.0249902,-0.991581,0.000705415,0.621714,0.00869572,-0.988979,0.000599386,0.653289,-0.0202679,-0.975453,0.000107553,0.624022,-0.00594412,-1.00035,0.00122206,0.671638,0.0287294,-0.98969,0.000644737,0.679678,0.0563369,-1.00661,-0.000593195,0.64982,0.106852,-0.998966,-0.000921789,0.662451,0.0596077,-0.988281,0.000645969,0.669932,0.00551296,-0.988523,-0.00102246,0.694763,0.00964129,-1.00439,-2.59423e-05,0.699832,-0.0133754,-1.00015,0.00027365,0.723831,-0.00092736,-0.990776,-0.000259092,0.736325,0.00618384,-1.00661,0.001327,0.748438,-0.0145524,-0.99197,-0.000941575,0.743918,-0.0226597,-0.994263,0.00128969,0.767705,-0.00928041,-1.00548,0.000302832,0.758974,-0.0143331,-1.0089,0.000521594,0.752352,0.0251309,-0.996006,0.000208345,0.726109,0.0236862,-0.980085,0.000452489,0.719187,0.0210433,-1.00496,-0.00025869,0.699565,0.0560325,-0.992296,-0.000223514,0.700505,0.0932838,-0.988706,0.000293673,0.698836,0.109777,-0.999286,0.000610347,0.698736,0.0794612,-1.0122,-0.000128299,0.646009,0.0573396,-1.01254,-0.000587306,0.668611,0.0447028,-0.999457,5.26028e-05,0.632693,0.0437743,-0.998784,0.0004341,0.633086,0.0496258,-1.00602,-0.00026009,0.628268,0.0623124,-0.996838,9.01031e-05,0.65983,0.0888033,-1.00301,-0.00144287,0.643456,0.0651263,-1.00509,0.000209093,0.63005,0.0799576,-0.994426,-0.000305536,0.621955,0.0602796,-0.989304,-0.000858653,0.621588,0.0567024,-0.999543,-0.000430438,0.609729,0.0889465,-1.00414,0.000132166,0.602105,0.0420212,-1.00615,6.5531e-05,0.582377,0.0615925,-0.994791,-0.000118261,0.568754,0.111898,-1.00125,-0.000149099,0.564986,0.138107,-1.00514,-0.000593678,0.5598,0.120757,-1.0079,-0.000240432,0.584135,0.0973915,-1.01005,-0.00123222,0.579046,0.123308,-1.007,-0.000340855,0.544928,0.0588489,-1.00763,-0.000288097,0.530914,0.0531523,-1.00248,-0.000677843,0.528032,0.0640163,-0.998792,-0.000683767,0.469346,0.0448478,-0.997505,-0.000270366,0.48578,0.0394071,-0.995702,-0.000902502,0.449293,0.0104515,-1.00014,-0.000730814,0.426481,0.0139218,-1.00507,-0.000795472,0.383635,-0.0100454,-0.998401,-0.000662122,0.380342,-0.0196573,-1.008,-0.000442251,0.383607,-0.0353567,-0.998497,-0.000626616,0.429024,-0.0386123,-1.00072,-0.000236281,0.42288,-0.0075605,-1.00809,-0.000301643,0.452027,0.00146148,-1.00512,-0.000671425,0.389769,-0.00911657,-1.00047,-0.000387792,0.388188,-0.00682761,-1.00126,-0.000864683,0.443359,-0.00106299,-1.0008,-0.000640088,0.448592,0.0138216,-0.999442,-0.000510455,0.7,0,-1,0.30335,-0.103619,-0.133738,0.215603,-0.254936,1.06656,0.999855,-0.0129808,-0.0110013,-0.00104464,-0.0411766,-0.150265,-0.0376416,0,0,-0.39828,0.45,1,5,0.785398,0,0,0,0.00692887,0.179578,0.0477693,-5.04254,0.13449,-0.0768919,0.0272166,0.166418,0.038538,0.543277,0.328763,0.494684,0.223973,nan,nan,nan,nan,nan,nan,nan,nan,0.0673077,-0.201177,1.26217,742.042,458.417,656.544,335.503,-0.91873,1.29666,-2,-0.23278,-0.180323,1.12218,-0.365226,-0.866788,-0.313592
1.22,0.99984,-0.0114256,0.0123671,0.00611175,-0.127859,-0.0755043,-0.00209089,0.202575,0.137345,-0.866918,0.264948,-0.0501785,-0.0745011,0.674158,0.0407813,-0.990503,0.000128702,0.647338,0.0395285,-0.998711,-0.00140561,0.617581,0.0493602,-0.990771,0.000426056,0.628575,0.0726598,-0.993182,-0.000652818,0.655601,0.0530122,-0.993628,-0.000438539,0.66377,0.0616315,-0.992137,-0.00178977,0.662931,0.0038156,-1.00505,-0.000348895,0.655315,0.0319557,-0.989228,-0.000206493,0.666893,0.00784201,-0.990438,0.000908245,0.685501,-0.0236655,-1.00711,-0.00093926,0.674153,-0.0267957,-0.991071,0.000685556,0.652708,-0.00635134,-0.988618,0.000824868,0.632418,-0.0191795,-0.975103,0.000208494,0.651883,-0.00847866,-0.997868,0.00125078,0.642317,0.00935505,-0.988426,0.000706705,0.678026,0.0332019,-1.00391,-0.000645813,0.650296,0.100997,-0.999571,-0.000827662,0.672337,0.0463095,-0.98873,0.00046054,0.671389,0.00447184,-0.986629,-0.000963971,0.676512,-0.000165071,-1.00538,0.000232872,0.700447,-0.0288685,-1.00028,0.000438875,0.749886,0.00259584,-0.989193,-0.000109818,0.75308,-0.00399758,-1.0052,0.00132616,0.751349,-0.00200442,-0.992297,-0.0010252,0.749823,-0.037147,-0.993809,0.00133876,0.771936,-0.00462004,-1.00603,0.000466919,0.771068,0.0295228,-1.0081,0.000612791,0.730771,0.0421974,-0.995841,0.000151611,0.745111,0.0383935,-0.982816,0.000388532,0.711136,0.042395,-1.00487,-0.000352949,0.715668,0.0783813,-0.992058,-0.000241415,0.712117,0.0886851,-0.99174,0.000328174,0.706031,0.086131,-0.99845,0.00068794,0.694608,0.0675346,-1.01065,-0.000172992,0.683939,0.0581139,-1.01145,-0.000495912,0.685601,0.0553434,-1.0013,0.000157794,0.653142,0.0502564,-0.99917,0.000458267,0.63948,0.0334657,-1.00566,-0.000127499,0.632119,0.0792119,-0.994479,-4.19082e-05,0.671151,0.065402,-1.00423,-0.00147702,0.63346,0.0466645,-1.00485,0.000159981,0.646305,0.0848907,-0.994001,-0.000527458,0.65373,0.043389,-0.990765,-0.000905824,0.640364,0.0666567,-0.999254,-0.000312562,0.615752,0.0550801,-1.00425,0.000216975,0.604498,0.0569373,-1.00593,-3.30763e-05,0.595206,0.0625976,-0.994937,-0.000182123,0.576034,0.104054,-1.00055,-0.000138011,0.590081,0.141442,-1.00597,-0.000490521,0.597625,0.0909657,-1.00741,-7.32117e-05,0.58763,0.114762,-1.01089,-0.00133933,0.588565,0.113504,-1.00597,-0.000494399,0.567452,0.0705165,-1.00649,-0.000321826,0.561826,0.0498691,-1.00211,-0.000742525,0.51023,0.0603431,-0.999143,-0.000433134,0.46437,0.0504072,-0.998833,-9.29442e-05,0.475884,0.0243638,-0.994619,-0.000889343,0.468652,-0.0141974,-0.999143,-0.000855195,0.46465,-0.00670446,-1.00672,-0.000760167,0.399948,0.00140404,-0.999227,-0.000570915,0.406841,-0.0386637,-1.00769,-0.000453674,0.423859,-0.047161,-0.99873,-0.00072432,0.448714,-0.0103799,-0.999509,-0.000100918,0.424072,0.0122629,-1.00799,-0.000236449,0.433424,-0.00137822,-1.00607,-0.000821033,0.434675,-0.0127257,-1.00052,-0.000316503,0.407931,0.0129257,-1.00127,-0.000843974,0.441473,0.00474725,-0.999501,-0.000743193,0.473527,0.00950482,-1.00014,-0.000434145,0.440605,0.0270344,-0.999414,-0.000603658,0.7,0,-1,0.369177,-0.0909349,-0.124863,0.37871,-0.0936806,1.14488,0.999802,-0.00477393,-0.0192974,1.86171e-05,-0.0341226,-0.173825,-0.0397967,0,0,-0.399914,0.45,1,5,0.785398,0,0,0,0.0070486,0.179266,0.0476998,-1.12496,-1.80514,-0.0467499,0.0203088,0.174592,0.0389854,0.540521,0.334004,0.490683,0.228533,nan,nan,nan,nan,nan,nan,nan,nan,0.0936772,-0.0079436,1.34633,733.422,465.098,655.435,333.654,-0.929625,1.35272,-2,-0.212165,-0.19843,1.18365,-0.321122,0.362174,0.516685
1.24,0.999837,-0.0120367,0.0120299,0.00609656,-0.137266,-0.07252,-0.00648887,0.205731,0.137118,-0.86651,0.263188,-0.0501687,-0.0735791,0.696155,0.0282862,-0.99952,-0.00130582,0.652592,0.0230855,-0.992589,0.000272612,0.645228,0.0592521,-0.993477,-0.000622329,0.660967,0.0448401,-0.992424,-0.000616052,0.685209,0.0183338,-0.991017,-0.00192937,0.675432,-0.00669681,-1.00531,-0.00034139,0.674524,0.0334664,-0.989055,-0.000262095,0.679144,-0.00293902,-0.990654,0.000874211,0.674212,0.00764491,-1.00717,-0.00126609,0.645703,-0.0103273,-0.989679,0.000575044,0.648724,-0.0104833,-0.988011,0.00100069,0.649526,-0.0337293,-0.97307,0.000257043,0.644049,-0.0107106,-0.997336,0.00125526,0.656701,-0.000574338,-0.988438,0.000626769,0.665511,0.0424311,-1.00197,-0.00051778,0.696498,0.0751546,-0.998959,-0.000804834,0.669602,0.0477081,-0.990546,0.000583635,0.649317,0.00926584,-0.985775,-0.00102506,0.712683,0.0343453,-1.00532,0.00013433,0.719912,-0.0364645,-0.999442,0.000419115,0.744203,-0.00211008,-0.991519,-0.000323258,0.723796,-0.029439,-1.00444,0.00122324,0.728851,0.00373424,-0.990747,-0.00103709,0.766552,-0.00087412,-0.993059,0.00118289,0.777917,-0.0058858,-1.00572,0.00037601,0.752434,0.0193978,-1.00737,0.000668688,0.746935,0.0236614,-0.995917,0.000260271,0.726333,0.0314242,-0.983585,0.000573638,0.68834,0.057133,-1.00483,-0.000220448,0.717225,0.0868808,-0.992837,-0.000114749,0.688936,0.0834841,-0.991484,0.000181407,0.729118,0.0806847,-0.999018,0.000636619,0.71063,0.0637539,-1.01241,0.000100586,0.684806,0.0590282,-1.01187,-0.000507247,0.699279,0.0628124,-1.00195,0.000177072,0.670281,0.0546981,-0.999969,0.000518121,0.644161,0.0511041,-1.00487,2.94429e-05,0.661673,0.054459,-0.994808,2.61724e-05,0.690252,0.0665984,-1.00347,-0.00126758,0.662923,0.066713,-1.00374,0.000145213,0.649295,0.05206,-0.992994,-0.000478412,0.670768,0.0225094,-0.989219,-0.000884143,0.661275,0.0397016,-0.996981,-0.000190437,0.663259,0.0464765,-1.00403,0.000333062,0.651617,0.0404417,-1.00686,-0.000146706,0.618896,0.0256161,-0.994571,-6.11076e-05,0.597241,0.0792137,-1.00116,-6.95403e-05,0.610213,0.117165,-1.005,-0.00072685,0.6178,0.0948864,-1.007,9.79982e-05,0.595912,0.0804169,-1.00868,-0.00148184,0.594837,0.093886,-1.00689,-0.000419948,0.582755,0.0499571,-1.00628,-0.000323653,0.600453,0.00379692,-1.00396,-0.000848831,0.554938,0.0142848,-0.998526,-0.000516596,0.501368,0.0174932,-1.00148,-1.82929e-05,0.510565,-0.00457365,-0.993227,-0.000947391,0.501053,-0.0225246,-1.00053,-0.00087551,0.461062,-0.0207397,-1.00639,-0.000815398,0.419401,0.035178,-0.999328,-0.000477504,0.442134,-0.0165006,-1.00972,-0.000495329,0.425336,0.00438076,-0.998063,-0.000695751,0.451331,0.0113586,-1.00096,-0.000304797,0.43444,0.0282842,-1.00584,-8.79583e-05,0.430159,-0.00550293,-1.00418,-0.000791308,0.425639,0.00893753,-1.0021,-0.000243516,0.426676,0.0346441,-1.00211,-0.000863096,0.449364,0.0275677,-0.999079,-0.000508099,0.465092,0.00991138,-0.999447,-0.00062597,0.456344,0.00356245,-0.998675,-0.000546469,0.407029,0.0137459,-0.997789,-0.000690953,0.7,0,-1,0.363852,-0.0906486,-0.125376,0.332538,-0.178393,1.10953,0.999815,-0.00908943,-0.0169452,-4.32736e-05,0.00759424,-0.194025,-0.0359386,0,0,-0.402562,0.45,1,5,0.785398,0,0,0,0.00737809,0.178995,0.0476265,2.29358,-2.25309,0.158724,0.0158467,0.17944,0.0393929,0.564091,0.322315,0.511563,0.217826,nan,nan,nan,nan,nan,nan,nan,nan,0.077392,-0.0948013,1.31671,733.266,461.445,675.349,328.68,-0.917485,1.37398,-2,-0.209406,-0.212094,1.05331,-0.0879988,0.000487268,0.0460979
1.26,0.999844,-0.012873,0.0104705,0.00614726,-0.0702305,-0.206007,-0.000427194,0.211827,0.136693,-0.865937,0.245955,-0.0542942,-0.0898451,0.727608,0.0445036,-0.992154,9.02045e-05,0.672931,0.0806196,-0.995471,-0.000503288,0.663002,0.0333266,-0.9919,-0.000707039,0.683737,-0.00841487,-0.990964,-0.00191201,0.690713,0.00293502,-1.00695,-0.000277204,0.68953,0.0364478,-0.991209,-0.000383165,0.648976,-0.00801917,-0.989671,0.000730493,0.647496,-0.00275535,-1.00611,-0.00120695,0.65415,0.000360557,-0.988111,0.000691501,0.644869,-0.00421853,-0.989357,0.0010638,0.633018,-0.0202453,-0.97475,0.000382331,0.663234,-0.0303555,-0.998528,0.00110648,0.676209,-0.00513625,-0.985995,0.000698762,0.691669,0.056955,-1.00187,-0.000532816,0.708632,0.0673069,-0.997085,-0.000750389,0.66957,0.047576,-0.98991,0.000431178,0.672314,0.0306466,-0.985765,-0.00106953,0.713247,0.0501051,-1.00396,-0.000168533,0.746286,0.00554249,-0.999623,0.000450784,0.762478,-0.00729419,-0.992554,-0.000466331,0.742821,0.00887602,-1.00324,0.00135434,0.750631,0.0115303,-0.991841,-0.00107348,0.730575,0.00524367,-0.993615,0.00132442,0.749218,0.0244819,-1.00645,0.000363252,0.752883,0.0327827,-1.00674,0.000831686,0.732739,0.038108,-0.994449,0.000294984,0.718643,0.0691528,-0.984727,0.000792883,0.689424,0.0866773,-1.00674,-0.000324658,0.719248,0.10984,-0.991721,-8.61717e-05,0.724137,0.0703486,-0.990347,0.000202273,0.717903,0.0794743,-0.997839,0.000660325,0.688437,0.0559506,-1.01099,0.000169914,0.728611,0.0611076,-1.01209,-0.000558174,0.687758,0.06696,-1.00082,0.000240556,0.695996,0.0501189,-1.0002,0.000467361,0.660677,0.0412555,-1.0052,8.65042e-05,0.644609,0.0404214,-0.99448,5.69341e-05,0.687325,0.0665896,-1.00269,-0.00112763,0.680884,0.0674469,-1.00349,8.13653e-05,0.679319,0.0389033,-0.993038,-0.000478922,0.700148,-0.00789414,-0.988025,-0.000885614,0.697302,0.0411917,-0.997185,-0.000155974,0.665899,0.0328973,-1.0048,0.000435266,0.662245,0.0337232,-1.008,-5.3217e-05,0.643783,0.0480135,-0.99344,-8.15074e-05,0.601967,0.0558445,-1.00277,5.78475e-05,0.592578,0.085523,-1.0054,-0.00065712,0.61248,0.0571569,-1.00693,7.90777e-05,0.637249,0.0737947,-1.00627,-0.00144033,0.59283,0.0685474,-1.00641,-0.000286536,0.609661,0.0750124,-1.00553,-0.000306081,0.612608,0.0337255,-1.00446,-0.000711837,0.577752,0.0141199,-0.999142,-0.000319989,0.532577,-0.0103532,-1.00228,-6.84821e-05,0.546273,0.000909794,-0.992681,-0.000839405,0.520683,0.00400575,-1.00174,-0.000934837,0.514352,-0.0101714,-1.00445,-0.000918723,0.470951,0.0388998,-1.00099,-0.000552851,0.473567,-0.0175848,-1.00932,-0.000484614,0.458284,0.0254791,-0.997715,-0.000782542,0.447806,0.00520141,-0.998133,-0.000150701,0.430635,0.00112271,-1.00413,-0.000166744,0.428144,0.00611518,-1.00424,-0.000824192,0.429456,0.00585828,-1.00471,-8.93087e-05,0.441987,-0.00566357,-1.00243,-0.000940286,0.449974,0.010768,-0.998215,-0.000549329,0.46996,0.0212347,-1.00083,-0.00071391,0.448849,-0.00762543,-0.998497,-0.000562421,0.398082,-0.003961,-0.997923,-0.000624601,0.420313,0.0135612,-0.996012,-0.000637988,0.7,0,-1,0.36738,-0.10016,-0.120063,0.39697,-0.230662,1.15981,0.999726,-0.0117455,-0.0202261,-0.0002593,-0.020994,-0.158813,-0.0355079,0,0,-0.401508,0.45,1,5,0.785398,0,0,0,0.00772486,0.178885,0.047554,1.20019,1.81032,0.31219,0.0107916,0.171931,0.0394156,0.562277,0.319017,0.504568,0.219,nan,nan,nan,nan,nan,nan,nan,nan,0.0545693,-0.153233,1.28068,732.666,457.66,673.443,325.336,-0.985579,1.37398,-2,-0.180733,-0.225016,1.11374,-0.861677,-0.206276,-0.813301
1.28,0.999851,-0.0130455,0.00949425,0.00618786,-0.0403361,-0.214623,0.00528098,0.21478,0.136516,-0.865773,0.243629,-0.0460521,-0.0899241,0.728359,0.04316,-0.994962,-0.000325275,0.665473,0.0407435,-0.990731,-0.00076264,0.711124,0.0264234,-0.992391,-0.0017824,0.659451,0.0105951,-1.00711,-0.000617513,0.672276,0.0134109,-0.990409,-0.000442188,0.637322,-0.0304302,-0.990788,0.000701969,0.634726,0.0016864,-1.00592,-0.00115276,0.618501,-0.000578775,-0.987346,0.000850973,0.646783,-0.0487309,-0.988751,0.00109601,0.64477,-0.0110631,-0.975824,0.000343996,0.658276,-0.00279731,-0.998477,0.00128969,0.673542,0.0141805,-0.986232,0.000614079,0.645532,0.0670218,-0.999129,-0.000499818,0.728401,0.0507224,-0.996956,-0.000683081,0.6895,0.0466127,-0.988005,0.000556037,0.695653,0.0742278,-0.985877,-0.000943802,0.725761,0.0358428,-1.00428,-5.68232e-05,0.740933,0.0328929,-0.998894,0.0004025,0.75891,0.0296316,-0.992481,-0.000204437,0.72262,0.0295268,-1.00294,0.0015297,0.738117,-0.00138742,-0.991149,-0.00123769,0.746624,0.00406516,-0.993125,0.00130231,0.738754,0.0144892,-1.00599,0.000558636,0.750438,0.0535774,-1.00589,0.00082437,0.733664,0.0573454,-0.993125,0.000368517,0.739096,0.0426233,-0.98427,0.000800077,0.708105,0.0794733,-1.00921,-5.33175e-05,0.734578,0.141331,-0.99036,-0.000288102,0.722216,0.0787975,-0.991209,0.000256253,0.750759,0.0521417,-0.997985,0.000880048,0.694683,0.0862775,-1.01174,0.000201037,0.699926,0.0813836,-1.0112,-0.000661064,0.699923,0.0562411,-1.00031,0.000274968,0.688183,0.0692111,-0.999397,0.000371512,0.670174,0.0551064,-1.00446,0.000190133,0.64375,0.025643,-0.995796,-5.93155e-05,0.662239,0.021303,-1.00206,-0.000992642,0.683626,0.0376484,-1.00174,0.000114305,0.691017,0.0477803,-0.993048,-0.000421597,0.693083,0.00516637,-0.986476,-0.00103067,0.687266,0.0658805,-0.997051,-7.58279e-05,0.668664,0.0471757,-1.00564,0.00049459,0.688024,0.0228052,-1.0076,0.000135836,0.660221,0.0336646,-0.991556,-7.81522e-05,0.622766,0.0678087,-1.00337,0.000259512,0.594157,0.0687698,-1.00409,-0.000671467,0.612001,0.061126,-1.00614,-1.29298e-05,0.616998,0.0747623,-1.00781,-0.00124287,0.601829,0.0530409,-1.008,-0.000458104,0.58894,0.0995193,-1.00318,-0.000286578,0.608138,0.0508003,-1.00274,-0.000805449,0.607237,0.0206761,-0.998599,-0.000302079,0.538756,0.013063,-1.0023,-0.00015307,0.564711,0.0119887,-0.991585,-0.000991969,0.52572,0.0391125,-1.00081,-0.00110076,0.521492,0.00402884,-1.00506,-0.00088428,0.514865,0.00243548,-1.00053,-0.000478519,0.494132,0.00195148,-1.00953,-0.000451003,0.473238,0.0147529,-0.997342,-0.000918618,0.470532,0.0265,-0.997198,1.15284e-06,0.442292,0.0160096,-1.00135,-0.000220216,0.450379,0.000689917,-1.00288,-0.000704619,0.465723,0.0107371,-1.00234,-0.000283806,0.46385,0.029906,-1.00223,-0.000832989,0.461982,0.0159347,-0.998882,-0.000504958,0.4698,0.0128807,-1.00159,-0.000794359,0.457303,0.0207995,-0.999357,-0.000602512,0.44444,-0.00917511,-0.999022,-0.000392942,0.408322,-0.00184692,-0.997081,-0.000599491,0.425223,0.0309338,-0.994974,-0.000707218,0.7,0,-1,0.388417,-0.0801882,-0.136403,0.462265,-0.093863,1.10666,0.999711,-0.00478261,-0.0235476,5.20084e-05,0.0376038,-0.162757,-0.0402013,0,0,-0.397435,0.45,1,5,0.785398,0,0,0,0.00780953,0.178897,0.0475165,2.308,-0.553709,0.166358,0.00608243,0.186538,0.0388252,0.559417,0.318157,0.496252,0.223705,nan,nan,nan,nan,nan,nan,nan,nan,0.102579,-0.00257075,1.29258,731.454,454.545,669.694,324.401,-0.980962,1.4378,-2,-0.162441,-0.226129,1.1818,-0.116273,0.412107,-0.00394732
1.3,0.999855,-0.0133632,0.00850576,0.00623963,-0.0732857,-0.219466,0.00751229,0.217692,0.136351,-0.865596,0.244537,-0.0444202,-0.0785385,0.680984,0.0417819,-0.990422,-0.000534454,0.725534,0.0269699,-0.991832,-0.00185613,0.670489,0.0134906,-1.00531,-0.000816721,0.681363,0.0141813,-0.991444,-0.000531759,0.634859,0.00639268,-0.990924,0.000746229,0.628175,-0.0146977,-1.00725,-0.00116534,0.63457,-0.00641193,-0.988075,0.000809064,0.664521,-0.0492114,-0.990783,0.00100589,0.645689,-0.0332104,-0.976469,0.00037966,0.644323,0.0180937,-0.999321,0.00116519,0.67267,0.0244811,-0.987983,0.000548267,0.668042,0.0554719,-0.998907,-0.0003727,0.720257,0.0570523,-0.997463,-0.000926961,0.712302,0.074095,-0.986372,0.000538643,0.709209,0.0691145,-0.983891,-0.00112875,0.722968,0.0333274,-1.00513,-0.00012493,0.739572,0.0102617,-0.999367,0.00042377,0.745914,0.026222,-0.993147,-0.000160784,0.731578,0.0334583,-1.00341,0.00146556,0.740668,0.00641764,-0.992323,-0.00109333,0.732633,0.0203437,-0.990811,0.00125146,0.727024,0.017402,-1.00686,0.000577017,0.748283,0.0498314,-1.00388,0.000637642,0.735495,0.078977,-0.991953,0.000165736,0.730653,0.0621915,-0.985276,0.00075444,0.713054,0.0816054,-1.01102,-0.000145207,0.72204,0.100722,-0.989602,-0.000260339,0.707958,0.09489,-0.990628,0.000315146,0.712797,0.0456334,-0.998924,0.00089706,0.704887,0.0810796,-1.01213,0.000318266,0.686522,0.0817031,-1.01192,-0.000510829,0.654671,0.0474388,-0.999521,0.000330799,0.709429,0.0811924,-1.0004,0.000463025,0.684641,0.0308644,-1.00333,3.0106e-05,0.654911,0.0220133,-0.996646,-3.29015e-05,0.671421,0.013412,-1.00376,-0.0010403,0.693179,0.0303739,-1.00142,0.000132633,0.690002,0.0251651,-0.992885,-0.000641143,0.695799,0.0163707,-0.986404,-0.00089245,0.698021,0.0601585,-0.998239,-9.45969e-05,0.677011,0.0710295,-1.00691,0.000353987,0.689775,0.0568041,-1.00804,0.000250521,0.646234,0.0856093,-0.992118,-3.70062e-05,0.64509,0.0695382,-1.00152,0.000161428,0.638156,0.0608508,-1.00398,-0.000670037,0.612143,0.0573518,-1.00807,3.88874e-05,0.60992,0.0876092,-1.0058,-0.00112627,0.623359,0.0700137,-1.00564,-0.000539552,0.613023,0.0685849,-1.00432,-0.000254336,0.628101,0.0675303,-1.00043,-0.00089482,0.609431,-0.000298182,-0.997385,-5.9221e-05,0.574534,0.00875154,-1.00129,-0.000211402,0.565866,0.00018246,-0.990627,-0.00101023,0.549028,0.0275597,-1.00009,-0.00120181,0.546371,-0.010839,-1.00502,-0.000979273,0.537745,-0.026973,-0.99983,-0.000382723,0.516808,0.0187905,-1.00917,-0.000363335,0.505705,-0.0101552,-0.997861,-0.00113019,0.510775,0.0255363,-0.997014,0.00017164,0.468482,0.0301171,-1.00129,-0.000348912,0.502439,0.022772,-1.00138,-0.000899251,0.499612,-0.00252053,-1.00303,-0.000373528,0.46894,0.0142081,-1.00396,-0.000813615,0.477218,0.0271122,-0.998282,-0.000655498,0.453774,0.0444213,-1.00056,-0.0008566,0.442063,0.0418641,-1.00087,-0.000560053,0.448532,0.0198804,-1.00097,-0.000305471,0.415335,0.00219567,-0.996459,-0.000717605,0.448187,0.0478354,-0.991862,-0.000657025,0.442461,0.0423615,-0.995163,-0.000825106,0.7,0,-1,0.417273,-0.100715,-0.136427,0.45778,-0.270072,1.07046,0.999633,-0.0137319,-0.0233278,-0.000972892,0.0680034,-0.181852,-0.0385817,0,0,-0.397779,0.45,1,5,0.785398,0,0,0,0.00796164,0.179163,0.0473602,0.348904,0.297271,0.0283341,0.0156317,0.178988,0.0383933,0.548565,0.323834,0.491477,0.225866,nan,nan,nan,nan,nan,nan,nan,nan,0.0727572,-0.137048,1.30201,727.635,453.992,665.539,324.479,-0.962017,1.4689,-2,-0.14404,-0.229445,1.25868,0.045415,0.081596,0.569278
1.32,0.99987,-0.013803,0.00534279,0.00644553,0.00535803,-0.192594,0.0057187,0.229304,0.135776,-0.864666,0.238118,-0.0512722,-0.102586,0.737296,0.0234987,-0.991006,-0.00181528,0.673553,0.0176281,-1.00672,-0.000442563,0.656573,0.0273651,-0.989596,-0.000462437,0.648789,0.00848394,-0.989879,0.000728064,0.636969,-0.00875637,-1.00654,-0.00123826,0.64681,-0.00860574,-0.989256,0.000763713,0.610529,-0.0475875,-0.990902,0.00106833,0.65002,-0.0393105,-0.97618,0.000202377,0.649171,0.0152846,-0.998657,0.00109471,0.659681,0.046263,-0.987422,0.000710971,0.673719,0.0393376,-0.997012,-0.000491745,0.696139,0.0653584,-0.997164,-0.000952256,0.708569,0.080446,-0.984388,0.000695527,0.712271,0.0522367,-0.983453,-0.000928643,0.730117,0.0396014,-1.0064,-0.000124936,0.750262,0.00862309,-0.997506,0.000316765,0.720409,0.00795881,-0.991873,-7.20074e-05,0.740352,0.0248056,-1.00323,0.00139593,0.733782,0.0129083,-0.991818,-0.00115122,0.72538,0.0203881,-0.98944,0.00126209,0.715876,0.0273112,-1.00717,0.000689956,0.741844,0.0583919,-1.00292,0.000559441,0.713564,0.0723583,-0.991094,3.6804e-05,0.740668,0.0779136,-0.98575,0.000725114,0.72005,0.066056,-1.01194,-6.91702e-05,0.701927,0.0670011,-0.989171,-0.000162697,0.736389,0.0567443,-0.991509,0.000171965,0.732516,0.0495851,-0.997779,0.000961501,0.733241,0.0683235,-1.01191,0.000149487,0.682106,0.0605284,-1.011,-0.000520083,0.664438,0.0465956,-0.998993,0.000403859,0.732168,0.0606352,-1.00224,0.000417146,0.700374,0.037961,-1.00167,0.000236899,0.674695,0.0101382,-0.997648,-7.54413e-06,0.708525,0.061254,-1.00465,-0.00112271,0.687551,0.0168416,-1.00239,1.67346e-05,0.693609,0.0274343,-0.992587,-0.000647391,0.713999,0.00201135,-0.985554,-0.000742815,0.681713,0.0504274,-0.997293,-0.000139016,0.676881,0.0598412,-1.00629,0.000142765,0.69784,0.0611667,-1.00755,0.000204127,0.712051,0.0671897,-0.991441,4.18924e-07,0.686389,0.0874303,-0.998378,3.65694e-05,0.628926,0.0682056,-1.003,-0.000518937,0.647432,0.0776546,-1.00811,5.61677e-07,0.620832,0.0787795,-1.00576,-0.00106326,0.641194,0.0727852,-1.00486,-0.000420747,0.637326,0.0705067,-1.00431,-0.000378348,0.646914,0.0539783,-1.00024,-0.00108754,0.62862,-0.00104543,-0.998415,-9.82923e-05,0.601864,0.0193226,-1.00121,-0.000183456,0.627788,0.0207707,-0.989238,-0.00112026,0.563933,0.00451687,-1.00069,-0.0012669,0.548171,-0.00839884,-1.00176,-0.000931784,0.565632,-0.0296766,-0.998615,-0.000559097,0.536859,0.0145835,-1.00917,-0.000473742,0.540645,0.0046856,-0.997953,-0.00105432,0.523849,0.0104572,-0.994814,0.000153682,0.495296,0.00866481,-1.00216,-0.000353422,0.513239,0.00226889,-1.00121,-0.000907629,0.500428,-0.0025972,-1.00259,-0.000315337,0.483234,0.00191684,-1.00408,-0.000935375,0.484498,0.0275295,-0.999488,-0.000521723,0.436755,0.043323,-1.00028,-0.000883672,0.480553,0.0462791,-1.00004,-0.000765587,0.441108,0.0105282,-1.00173,-0.000286012,0.416201,0.00914514,-0.995818,-0.000859787,0.446344,0.0286754,-0.992028,-0.00073942,0.45161,0.0315184,-0.993869,-0.000972326,0.458991,0.0465344,-0.994967,-0.000830899,0.7,0,-1,0.412344,-0.100595,-0.136854,0.484132,-0.219218,1.1098,0.999633,-0.0111418,-0.024667,-0.000927292,0.0305624,-0.148733,-0.0393144,0,0,-0.399382,0.45,1,5,0.785398,0,0,0,0.00810662,0.179249,0.0472566,1.98877,-0.159603,-0.469641,-0.000929353,0.187872,0.0380202,0.560504,0.311655,0.496939,0.222019,nan,nan,nan,nan,nan,nan,nan,nan,0.0866192,-0.134463,1.24687,728.944,449.732,663.946,323.191,-0.985163,1.45822,-2,-0.0895096,-0.23575,1.29073,-0.32097,-0.3426,-1.20236
1.34,0.999881,-0.0134984,0.00343318,0.00663259,0.0323508,-0.214806,0.0191524,0.235077,0.135538,-0.864262,0.236815,-0.0628109,-0.0884458,0.737063,0.0297718,-1.00613,-0.000377977,0.694487,0.0291359,-0.990711,-0.000477939,0.651007,0.0146204,-0.990497,0.000782022,0.635432,-0.0349635,-1.00603,-0.00138102,0.663881,-0.00352526,-0.990611,0.000682727,0.642485,0.00566101,-0.989085,0.0011019,0.643185,-0.0338908,-0.97487,0.000152629,0.62804,-0.00502885,-0.99808,0.00139275,0.664168,0.0279144,-0.987765,0.000583678,0.661329,0.0471123,-0.996296,-0.000334811,0.682476,0.0769955,-0.995958,-0.000909941,0.684938,0.0738019,-0.986043,0.000797519,0.718362,0.0567452,-0.98378,-0.00103177,0.738304,0.072922,-1.00708,-0.000118679,0.754728,0.0379011,-0.998885,0.000319211,0.752159,0.0109229,-0.992011,-8.29296e-05,0.731351,0.0274403,-1.0044,0.00136981,0.763305,-0.0260374,-0.989905,-0.00139072,0.762403,0.0175325,-0.989057,0.00120573,0.730914,0.0356592,-1.0057,0.000798105,0.730538,0.0856599,-1.00196,0.00060961,0.732808,0.0670116,-0.991448,-5.61954e-05,0.754627,0.0728022,-0.985601,0.000862976,0.728551,0.0665326,-1.01011,9.80482e-07,0.745356,0.0865165,-0.989754,-0.000152261,0.730129,0.0298266,-0.992719,0.000135789,0.724606,0.0197289,-0.997976,0.000808517,0.705137,0.0711904,-1.01393,0.000118012,0.675443,0.03593,-1.0096,-0.000431072,0.679421,0.024584,-0.999397,0.000434735,0.719729,0.0435396,-1.00276,0.000445438,0.716918,0.0582836,-1.00062,0.000457353,0.699811,0.0352443,-0.996968,0.000184424,0.701344,0.0468818,-1.00476,-0.00102756,0.686735,0.0105242,-1.0021,3.30471e-05,0.712667,-0.000281865,-0.994194,-0.000562982,0.734511,0.0266367,-0.984324,-0.000806558,0.702129,0.0790797,-0.995964,-0.000425913,0.710401,0.0646674,-1.00683,2.93223e-05,0.721979,0.0737381,-1.0066,7.53928e-05,0.693291,0.0832736,-0.991477,-8.39777e-05,0.695751,0.083173,-0.997416,2.09954e-05,0.67588,0.0576707,-1.00203,-0.000546418,0.685184,0.0486138,-1.00764,8.68682e-05,0.641688,0.052664,-1.00574,-0.000910731,0.64844,0.0658014,-1.00414,-0.000492462,0.652195,0.0588736,-1.00349,-0.000393982,0.657942,0.0141419,-1.00102,-0.00126004,0.661923,0.0242535,-0.998152,-0.000114519,0.630511,0.00740147,-1.00095,7.96696e-07,0.645842,0.0182547,-0.988817,-0.00105631,0.596434,0.0172816,-0.999492,-0.00131469,0.580662,-0.0151077,-1.00096,-0.00102024,0.600068,-0.0333153,-0.998182,-0.000696845,0.586269,0.0238822,-1.00819,-0.000534041,0.566252,0.0158948,-0.996576,-0.00112286,0.549066,0.0193027,-0.995826,9.0114e-05,0.498416,-0.00928104,-1.00268,-0.000251763,0.521445,-0.00706277,-1.00115,-0.000944067,0.518128,-0.0083133,-1.00297,-0.000444549,0.535002,0.00373211,-1.00453,-0.000808453,0.49449,0.0322482,-0.997766,-0.000348359,0.454655,0.0614957,-1.00108,-0.000859927,0.472505,0.0359805,-0.999171,-0.00064789,0.44917,0.0180997,-0.999951,-0.000313429,0.425147,0.00825911,-0.995942,-0.00111533,0.464069,-0.00391481,-0.994841,-0.00081093,0.469908,0.0109382,-0.995393,-0.000944935,0.483652,0.0417437,-0.994907,-0.000791932,0.470504,0.0132654,-0.994977,-0.00094658,0.7,0,-1,0.437452,-0.0851045,-0.129765,0.598759,-0.087657,1.10226,0.999525,-0.00446011,-0.0304851,-9.09917e-05,-0.00307107,-0.181621,-0.0401274,0,0,-0.400303,0.45,1,5,0.785398,0,0,0,0.0080788,0.179473,0.0471101,-0.271991,-1.70514,-0.530971,0.00255601,0.195627,0.0382162,0.574803,0.296192,0.492753,0.226068,nan,nan,nan,nan,nan,nan,nan,nan,0.162326,-0.0961249,1.26753,744.104,441.607,661.577,324.74,-0.985163,1.42379,-2,-0.0575435,-0.232698,1.20405,-0.0651628,-0.576938,0.706997
1.36,0.99989,-0.0131036,0.00169418,0.00674093,0.0576631,-0.170005,0.00373844,0.240653,0.135236,-0.863765,0.236289,-0.0465258,-0.0921135,0.733491,0.0513947,-0.989801,-0.000426374,0.699729,0.00375611,-0.988994,0.000914909,0.64507,-0.020617,-1.00541,-0.00148518,0.657418,-0.0178922,-0.989493,0.000656837,0.670551,0.00984663,-0.989433,0.000979061,0.650728,-0.0149632,-0.973961,7.78528e-05,0.64825,0.00290663,-0.997952,0.00113228,0.675232,0.045417,-0.988503,0.000530705,0.659034,0.0699185,-0.995122,-0.000411783,0.666487,0.0612607,-0.995226,-0.000916089,0.690858,0.072448,-0.986341,0.000801967,0.711046,0.0618859,-0.983259,-0.00109863,0.730928,0.0665677,-1.00682,-0.000104131,0.756169,0.0229984,-0.999914,0.000349882,0.740003,0.0203588,-0.990236,-0.000205889,0.741225,0.0294616,-1.00314,0.00120113,0.772676,-0.00426027,-0.98988,-0.0013225,0.747988,0.0135725,-0.989112,0.00117923,0.720955,0.038818,-1.00678,0.000763327,0.726963,0.0774272,-1.00073,0.000634631,0.732999,0.0657459,-0.991803,-0.000109689,0.71196,0.0973446,-0.985681,0.000855055,0.721361,0.0889191,-1.01039,-0.000200559,0.747369,0.0684906,-0.989808,-0.000157245,0.736417,0.0420785,-0.992136,3.50304e-05,0.721053,0.0238252,-0.998835,0.00108204,0.704866,0.0355913,-1.01351,4.4779e-05,0.695154,0.0372009,-1.00824,-0.000542297,0.713468,0.040673,-0.999986,0.000291106,0.734664,0.0285775,-1.00096,0.000465443,0.732372,0.032801,-1.00025,0.000555691,0.716704,0.0636719,-0.99774,6.8952e-05,0.697868,0.0386799,-1.00609,-0.00113635,0.681999,0.0324667,-1.00094,0.000103933,0.696528,0.0518947,-0.995509,-0.000420535,0.714508,0.0609069,-0.982363,-0.000817701,0.706029,0.077707,-0.996096,-0.000149742,0.710107,0.0726698,-1.00819,-5.05305e-05,0.75788,0.0509267,-1.00727,3.80445e-05,0.740922,0.0642389,-0.99086,-7.77273e-05,0.695874,0.0255916,-0.999619,1.37874e-05,0.698231,0.070446,-1.00034,-0.000449421,0.721624,0.0721881,-1.00775,0.000251306,0.682675,0.0476797,-1.00722,-0.0010682,0.699563,0.0562334,-1.00521,-0.000489389,0.666341,0.0537884,-1.00619,-0.000466188,0.703475,0.0409422,-0.998758,-0.00122537,0.654618,0.0540639,-0.998819,-0.000261898,0.621592,-0.00285884,-1.00271,-0.000173429,0.659052,0.0184422,-0.989158,-0.000883725,0.630576,0.0117751,-0.999378,-0.00151252,0.59296,-0.00305051,-1.00132,-0.00078366,0.599543,-0.0387036,-0.99874,-0.00061536,0.601885,-0.0267528,-1.00707,-0.000456494,0.603796,0.0324714,-0.995931,-0.00111506,0.580729,0.0347009,-0.996016,0.000197606,0.519533,0.0269145,-1.00196,-0.000141307,0.552721,0.00965925,-0.998549,-0.000791702,0.565165,0.014663,-1.00476,-0.000515744,0.545506,0.0294798,-1.00438,-0.000962349,0.492352,0.0528167,-0.996524,-0.000284327,0.486567,0.036721,-1.00131,-0.000631382,0.48293,0.0388895,-0.998787,-0.000645736,0.477737,0.0105296,-0.999421,-0.000413885,0.467709,0.0161928,-0.996351,-0.00109843,0.479047,0.0028859,-0.99315,-0.000912658,0.481605,0.00385934,-0.995283,-0.00105509,0.482604,0.0518772,-0.99525,-0.000699515,0.475292,0.0158285,-0.995334,-0.00083647,0.463347,0.0591545,-0.995361,-0.000744485,0.7,0,-1,0.433416,-0.0862704,-0.132781,0.495392,-0.152496,1.12681,0.999651,-0.00775811,-0.0252349,-0.00035833,0.0584611,-0.172977,-0.0386502,0,0,-0.39968,0.45,1,5,0.785398,0,0,0,0.00797571,0.179613,0.047073,0.548943,-1.25128,-0.59595,-0.0021644,0.192585,0.0385649,0.572635,0.304549,0.492618,0.231412,nan,nan,nan,nan,nan,nan,nan,nan,0.0775161,-0.0427501,1.28948,743.558,438.169,659.76,331.876,-0.985163,1.52776,-2,-0.0276033,-0.225438,1.21406,-0.0262946,0.814255,-0.183385
1.38,0.999896,-0.0127561,-0.000212416,0.00673702,0.0406027,-0.245538,-0.00691886,0.246066,0.134904,-0.863514,0.228186,-0.0399569,-0.0942028,0.723363,-0.0402699,-0.987988,0.000779504,0.654141,-0.00924386,-1.00664,-0.00148925,0.661463,-0.000875548,-0.989835,0.000686171,0.66525,-0.0379206,-0.987862,0.000933187,0.659559,-0.00165162,-0.973453,3.71619e-05,0.648389,0.014177,-0.995244,0.00103729,0.643583,0.0527954,-0.987935,0.000506084,0.664459,0.0743198,-0.995655,-0.000600837,0.679572,0.0782,-0.995497,-0.000797084,0.74105,0.0621978,-0.984396,0.000739011,0.733869,0.0689605,-0.985013,-0.000963546,0.713454,0.0560163,-1.00773,-0.000130271,0.736707,0.0308647,-0.998893,0.000435529,0.736261,0.0372076,-0.988524,-0.000376857,0.735615,0.0297475,-1.0032,0.00114408,0.753125,-0.0119821,-0.990648,-0.00125645,0.729844,0.0202622,-0.989588,0.00111678,0.757718,0.0417427,-1.00607,0.00090527,0.734591,0.0592809,-0.998578,0.000677827,0.700487,0.0534029,-0.990183,5.96265e-06,0.724775,0.0884383,-0.985635,0.000870752,0.730613,0.0713769,-1.00923,-0.000230074,0.720223,0.0519705,-0.988191,-0.000236703,0.730311,0.0473922,-0.992796,8.26061e-05,0.712514,0.0393189,-0.999047,0.0010198,0.678586,0.0286397,-1.01231,0.000108405,0.681213,0.0809109,-1.00878,-0.000338639,0.727441,0.0641258,-0.998614,8.92014e-05,0.74605,0.0471664,-1.00211,0.000549106,0.731583,0.0337801,-1.00097,0.000605543,0.706213,0.0246633,-0.998978,-3.90732e-05,0.712303,0.0238818,-1.00585,-0.000976614,0.705396,0.00778992,-1.00073,0.000189031,0.717025,0.0670649,-0.995157,-0.000575951,0.7499,0.076615,-0.984556,-0.000764936,0.736571,0.087371,-0.996282,-0.000227129,0.755919,0.0662789,-1.00728,-0.00010318,0.767713,0.062077,-1.00742,0.000162494,0.731678,0.046746,-0.991234,-8.26901e-05,0.717105,-0.00619397,-0.997897,5.74941e-05,0.706924,0.0460864,-0.998911,-0.000524479,0.715778,0.0431152,-1.00683,0.00038769,0.719319,0.0397174,-1.00662,-0.00119783,0.716116,0.0664474,-1.00549,-0.000657188,0.704852,0.0606284,-1.00687,-0.000654313,0.671282,0.0439386,-0.999187,-0.0013532,0.686365,0.0298636,-0.99839,-0.000306114,0.6481,-0.00449302,-1.0035,0.000103504,0.616496,-0.0107754,-0.989046,-0.000961364,0.629235,0.0279591,-1.0001,-0.00132663,0.608615,0.0172387,-1,-0.000957367,0.610564,-0.0426866,-0.99927,-0.000684487,0.623877,0.0163672,-1.00619,-0.000646933,0.62787,0.0241652,-0.996501,-0.00118709,0.59028,0.000248405,-0.99699,0.000373679,0.568104,0.010745,-1.00253,-0.000227497,0.547561,-0.019519,-0.996755,-0.00084219,0.563639,0.0105187,-1.00675,-0.00049971,0.551371,0.0249618,-1.00367,-0.000897233,0.509083,0.0358439,-0.994478,-0.000209875,0.472696,0.0347954,-1.00097,-0.000782192,0.511085,0.0384815,-0.998579,-0.000737635,0.497133,0.0241871,-0.999375,-0.000415583,0.478718,0.022669,-0.994702,-0.000962523,0.505909,0.0173195,-0.992561,-0.000889104,0.498399,0.00713115,-0.996647,-0.00135827,0.477972,0.0247803,-0.995713,-0.00055137,0.48098,0.00602101,-0.997411,-0.000886128,0.466495,0.0437831,-0.996402,-0.000529827,0.464885,0.0616825,-0.99814,-0.000730953,0.7,0,-1,0.383706,-0.087437,-0.128148,0.410693,-0.264048,1.18354,0.999691,-0.013439,-0.0209278,-0.00054841,0.0335315,-0.14755,-0.0381473,0,0,-0.401192,0.45,1,5,0.785398,0,0,0,0.00790793,0.179702,0.0470481,-2.6011,0.0104863,-0.684167,0.0211132,0.191179,0.0396111,0.55457,0.32204,0.497126,0.224984,nan,nan,nan,nan,nan,nan,nan,nan,0.0538806,-0.125159,1.31932,738.343,449.969,659.655,329.743,-1.02619,1.58255,-2,0.00513345,-0.219449,1.20585,-0.405144,0.328444,-0.104467
1.4,0.999898,-0.0123435,-0.00261435,0.00663878,0.0481678,-0.264748,-0.0175259,0.251685,0.134511,-0.863553,0.221672,-0.0525846,-0.0903899,0.701231,-0.00801207,-1.0059,-0.00163406,0.684587,0.0266013,-0.989847,0.000781037,0.695984,-0.0238776,-0.988283,0.00104574,0.657031,-0.0265992,-0.972473,-5.35926e-05,0.67081,-0.00673055,-0.995278,0.00118772,0.668927,0.0543878,-0.989696,0.000494821,0.673714,0.0985179,-0.996033,-0.000507313,0.705989,0.0800109,-0.994398,-0.00101073,0.71233,0.0608411,-0.985384,0.000718611,0.694423,0.0498192,-0.985561,-0.00102728,0.70118,0.0455734,-1.00802,-0.000228186,0.734298,0.0210078,-0.999527,0.000477872,0.736485,-0.000132078,-0.988779,-0.000441489,0.767619,0.0291011,-1.00293,0.00093066,0.73994,-0.00198694,-0.991359,-0.00126634,0.759085,0.0217953,-0.992831,0.000982432,0.75677,0.0397436,-1.00595,0.000671631,0.714248,0.0543993,-0.996393,0.000811911,0.7106,0.0425742,-0.989955,9.3855e-05,0.706765,0.069969,-0.984108,0.00068986,0.696932,0.0631078,-1.00805,-0.000220503,0.706382,0.00707459,-0.989113,-7.44702e-05,0.715129,0.0224202,-0.993229,0.000203621,0.688651,0.0360643,-1.0007,0.00116584,0.689964,0.0407736,-1.0118,0.000166921,0.72309,0.033879,-1.00741,-4.76807e-05,0.724084,0.0672741,-0.999262,-4.6347e-05,0.74305,0.0653102,-0.99999,0.000628381,0.758021,0.025995,-1.00103,0.000499671,0.710384,0.0271241,-0.997647,-0.000215514,0.715471,0.052946,-1.00595,-0.000920857,0.706692,0.0330253,-1.0022,0.000159915,0.725873,0.0726575,-0.994253,-0.000549515,0.746314,0.0787613,-0.984452,-0.000722755,0.735936,0.0858899,-0.996538,-0.000152136,0.766143,0.0614807,-1.00483,-0.000259434,0.777114,0.0353703,-1.00572,0.000156026,0.761721,0.0163678,-0.988825,-0.000262053,0.745271,-0.00392999,-0.997883,3.89497e-05,0.755587,0.0368624,-0.99875,-0.000585716,0.723874,0.0558625,-1.00335,0.000304122,0.705971,0.0420476,-1.00646,-0.00128448,0.720671,0.0676142,-1.00444,-0.000782749,0.703188,0.0573173,-1.00541,-0.000593028,0.689425,0.0489106,-0.997947,-0.0014244,0.727507,0.0288563,-0.999617,-0.000424837,0.667979,-0.00103983,-1.00244,0.000193044,0.636586,0.0249221,-0.987795,-0.000951342,0.662465,0.0355186,-1.00162,-0.00123968,0.643072,0.00446031,-1.00053,-0.00110397,0.649533,-0.0161387,-0.999227,-0.000638095,0.665349,0.0194444,-1.00732,-0.000532359,0.669256,0.0247991,-0.996369,-0.00152776,0.634118,0.0170591,-0.997282,0.000375717,0.590624,-0.0263468,-1.00249,-0.000196431,0.583364,0.000150237,-0.996376,-0.000828519,0.583646,0.00625769,-1.00662,-0.000270521,0.536854,0.0253117,-1.00375,-0.000841309,0.49591,0.0376487,-0.994824,-0.000152679,0.505674,0.0209349,-1.00044,-0.00081478,0.550867,0.00684814,-0.999344,-0.000794873,0.523091,0.0162063,-0.999947,-0.000243488,0.473834,-0.0122806,-0.993786,-0.000920056,0.50531,0.0105007,-0.992702,-0.00100647,0.493372,0.00301621,-0.994833,-0.00136682,0.468566,0.013204,-0.995589,-0.000490446,0.483407,0.0146329,-0.99636,-0.000783952,0.476762,0.0470595,-0.996876,-0.000615321,0.447507,0.0512745,-0.999796,-0.000895845,0.502083,0.0385243,-0.996314,-0.00068269,0.7,0,-1,0.429766,-0.0987496,-0.143661,0.524788,-0.174511,1.08364,0.999603,-0.00887555,-0.0267285,-0.000426118,0.00286135,-0.140614,-0.0415119,0,0,-0.400395,0.45,1,5,0.785398,0,0,0,0.00806145,0.180199,0.0469777,-1.92482,4.28889,-0.0429711,0.0184917,0.172204,0.0405126,0.545369,0.33653,0.498706,0.220977,nan,nan,nan,nan,nan,nan,nan,nan,0.0553506,-0.103929,1.29673,731.951,468.192,661.104,326.798,-1.06343,1.54074,-2,0.0466539,-0.213278,1.15707,-0.325722,-0.631381,0.190647
1.42,0.999891,-0.0122461,-0.00527536,0.00633404,-0.0297797,-0.17259,-0.029792,0.259537,0.134234,-0.862832,0.228487,-0.0465546,-0.0947705,0.689635,0.010405,-0.989734,0.000640784,0.670205,-0.00628925,-0.989132,0.00092647,0.689102,-0.00605316,-0.972634,-3.9963e-05,0.698544,-0.0388336,-0.994808,0.0012474,0.672177,0.0619506,-0.989741,0.000575003,0.700542,0.0808441,-0.997484,-0.000536372,0.741677,0.0792719,-0.993239,-0.000967592,0.728838,0.0890045,-0.983766,0.000701459,0.714639,0.0648706,-0.985756,-0.00102462,0.734422,0.0604546,-1.00755,-0.000245286,0.71764,0.02109,-1.00117,0.000536915,0.712684,-0.000797484,-0.987487,-0.000435456,0.741864,0.00171235,-1.00325,0.000817273,0.723421,-0.0126647,-0.992681,-0.00109879,0.73574,0.0145651,-0.993371,0.0010873,0.739162,0.0190075,-1.00718,0.000515921,0.708406,0.066955,-0.997465,0.000805283,0.715405,0.0412368,-0.989478,0.00015336,0.709767,0.0578436,-0.983389,0.000872044,0.70086,0.0723717,-1.00627,-0.000434976,0.691482,0.0381377,-0.991293,-4.37553e-05,0.689081,0.0190776,-0.994249,0.000321707,0.705347,0.041186,-1.00118,0.00120018,0.691815,0.0382317,-1.01392,0.000150471,0.696181,0.0645997,-1.0066,-5.58939e-05,0.691987,0.0819588,-0.999811,3.91277e-05,0.72576,0.06097,-1.00108,0.000802611,0.728307,0.0622269,-1.00153,0.000519955,0.692243,0.0781716,-0.998562,-0.000346072,0.726859,0.0511289,-1.00411,-0.000971305,0.745981,0.0659668,-1.00191,0.000268763,0.734753,0.0854882,-0.992828,-0.000580134,0.766839,0.0793362,-0.985732,-0.000697753,0.750803,0.0826221,-0.996924,-5.46783e-06,0.770593,0.0805794,-1.00737,-0.000233009,0.792663,0.0541604,-1.00702,3.83208e-05,0.780023,0.0226037,-0.989091,-0.000240107,0.805432,0.0285921,-0.997806,0.000116352,0.77969,0.0458862,-1.00003,-0.000499835,0.762161,0.0742722,-1.00473,0.000383288,0.74549,0.0687868,-1.00571,-0.00131154,0.751112,0.0607262,-1.00509,-0.000742185,0.728293,0.058834,-1.00624,-0.000604301,0.712332,0.0544501,-0.997616,-0.00136383,0.725978,0.0304857,-0.999704,-0.00050772,0.684602,0.00160554,-1.00221,0.000152742,0.640037,0.0221796,-0.986998,-0.00113187,0.657483,0.0298822,-1.00076,-0.00142474,0.669724,-0.00255957,-1.00052,-0.00110766,0.691493,-0.00349377,-1.0005,-0.000657902,0.705281,-0.00982877,-1.00684,-0.000438764,0.693479,-0.00456688,-0.996065,-0.00158522,0.649924,0.0364643,-0.99499,0.000510913,0.6278,-0.0226896,-1.00202,-4.25806e-05,0.59387,-0.0241676,-0.995322,-0.000901589,0.56797,0.0189462,-1.00559,-0.000453355,0.547053,0.0404426,-1.00289,-0.000958485,0.514841,0.0136175,-0.994018,-9.23445e-05,0.526284,0.0603077,-0.999,-0.000787943,0.530584,0.0414562,-1.00084,-0.000928625,0.511984,0.000953927,-0.9994,-0.000325753,0.517202,-0.00631354,-0.992239,-0.000850728,0.508932,0.0129244,-0.99157,-0.00102122,0.516026,-0.00233064,-0.996637,-0.00145724,0.488754,0.0160171,-0.996343,-0.000611273,0.48445,0.0193429,-0.995066,-0.000908564,0.489902,0.0337265,-0.997342,-0.000435776,0.468109,0.0322893,-1.00104,-0.00100168,0.507615,0.0571892,-0.995158,-0.000761263,0.536971,0.0783384,-0.995932,-0.000732562,0.7,0,-1,0.425227,-0.0989207,-0.143901,0.455738,-0.255675,1.09234,0.999646,-0.0130105,-0.0232178,-0.000491035,0.0635048,-0.178934,-0.0367041,0,0,-0.40018,0.45,1,5,0.785398,0,0,0,0.00814282,0.180271,0.0469528,1.95727,2.18178,-0.265113,0.0179149,0.169773,0.0408946,0.557317,0.323801,0.490008,0.227296,nan,nan,nan,nan,nan,nan,nan,nan,0.0558561,-0.141031,1.28886,730.356,464.237,658.672,326.7,-1.03855,1.59187,-2,0.0919578,-0.209801,1.2193,0.340779,0.301498,-0.219029
1.44,0.999884,-0.0124867,-0.00605854,0.00625635,-0.0561051,-0.173025,-0.0193816,0.262109,0.134176,-0.862666,0.225067,-0.0479338,-0.099248,0.766578,-0.0379215,-0.987338,0.00098718,0.739257,-0.0138934,-0.971588,-0.000193763,0.693441,-0.00938976,-0.993841,0.0010818,0.650369,0.0801418,-0.989451,0.000592613,0.69816,0.0619002,-0.997969,-0.000300268,0.730712,0.0806028,-0.99472,-0.000808436,0.705011,0.0646866,-0.984049,0.000475905,0.699678,0.0645126,-0.985837,-0.000911075,0.727736,0.0585501,-1.00808,-0.000257186,0.720238,0.035935,-0.999788,0.000644461,0.675746,0.0245713,-0.986602,-0.000527802,0.740932,0.0092473,-1.00329,0.0010211,0.716722,0.000982869,-0.993637,-0.00109286,0.740679,0.00326128,-0.993681,0.00108295,0.757484,0.0262707,-1.00857,0.000463659,0.731258,0.0725092,-0.995671,0.000665396,0.732514,0.0654907,-0.989543,4.62101e-05,0.706817,0.0829343,-0.981747,0.000742675,0.677864,0.054581,-1.00631,-0.000717256,0.689466,0.0316741,-0.990143,8.55256e-05,0.682512,0.0296756,-0.994083,0.000459376,0.698289,0.0266133,-1.00242,0.00102611,0.697206,0.0415393,-1.01372,0.000125205,0.693976,0.0466087,-1.00585,0.00018474,0.680818,0.0657743,-1.00044,-2.29112e-05,0.729646,0.0676779,-1.00093,0.000942162,0.734616,0.0492183,-1.00232,0.000361315,0.733246,0.0430534,-0.998305,-0.000369319,0.764032,0.0433901,-1.00421,-0.000910832,0.78705,0.0796014,-1.00252,0.00030444,0.748355,0.0764506,-0.992129,-0.000642815,0.749651,0.089319,-0.986347,-0.000779295,0.743007,0.0881913,-0.99677,-7.94869e-05,0.788462,0.0675046,-1.00644,-0.000333736,0.819914,0.0426975,-1.00428,5.80057e-05,0.816727,0.0378591,-0.989363,-0.000118077,0.815338,0.0454348,-0.995743,0.000202679,0.785239,0.0603284,-1.00069,-0.000665302,0.785052,0.0675778,-1.00396,0.000235634,0.737508,0.0432997,-1.00513,-0.00158873,0.742613,0.0568213,-1.0061,-0.000802814,0.73471,0.0653214,-1.00548,-0.000452829,0.736736,0.0631527,-0.998799,-0.00139337,0.74127,0.0288347,-0.999305,-0.000534994,0.72134,0.0294069,-1.00265,9.66587e-05,0.679195,0.0169061,-0.986858,-0.00118532,0.676052,0.0214551,-1.00186,-0.00150287,0.704679,0.0170878,-1.0002,-0.00125449,0.71224,0.0230912,-1.00037,-0.000591671,0.732619,-0.036005,-1.00536,-0.000632204,0.69559,-0.00204744,-0.996012,-0.00160309,0.671762,0.00405882,-0.992996,0.000555149,0.631656,0.0317962,-1.00275,0.000170058,0.609618,-0.011779,-0.994565,-0.000858649,0.599736,0.0265405,-1.00512,-0.000355154,0.558939,0.0474887,-1.00442,-0.000850371,0.523135,0.0505791,-0.995519,-0.000297953,0.545435,0.0489038,-0.998727,-0.00087883,0.538297,0.0161161,-1.00168,-0.000921262,0.533416,0.0114344,-0.998748,-0.00017952,0.522089,0.0165092,-0.992469,-0.000988365,0.527789,0.0320765,-0.990348,-0.00131398,0.53334,0.0218042,-0.996191,-0.00148512,0.528868,-0.00229058,-0.994676,-0.000530786,0.536586,0.0134877,-0.994751,-0.000865777,0.486525,0.042722,-0.996712,-0.000471231,0.485373,0.0392067,-1.00008,-0.000793011,0.513733,0.0914257,-0.994016,-0.000766908,0.537438,0.060118,-0.996221,-0.000664439,0.542961,0.0262966,-0.998478,-0.000686277,0.7,0,-1,0.403176,-0.165672,-0.125917,0.42883,-0.285477,1.15713,0.999656,-0.014542,-0.0218409,7.1795e-05,0.0389907,-0.1293,-0.0371835,0,0,-0.39885,0.45,1,5,0.785398,0,0,0,0.00840318,0.180151,0.0469113,1.09065,2.9819,0.178368,0.0118757,0.165143,0.0412307,0.558025,0.322143,0.496759,0.218472,nan,nan,nan,nan,nan,nan,nan,nan,0.055482,-0.0492352,1.26381,729.346,460.743,658.925,323.671,-1.06614,1.60626,-2,0.104902,-0.212804,1.26178,-0.171011,-0.0689618,-0.223877
1.46,0.99987,-0.01274,-0.00777953,0.00613668,-0.0154601,-0.192585,-0.0169622,0.267132,0.134087,-0.862389,0.213503,-0.0614153,-0.0906046,0.773507,-0.000173272,-0.97221,-0.000155467,0.720651,0.0233191,-0.995406,0.000919173,0.68919,0.0552899,-0.990381,0.000624176,0.66677,0.048465,-0.999252,-0.000270614,0.702446,0.0672638,-0.993582,-0.000809499,0.707977,0.0552965,-0.984281,0.000487479,0.698269,0.0657792,-0.986866,-0.00112677,0.721665,0.05075,-1.00825,-0.000298447,0.74634,0.0220926,-1.00171,0.000572533,0.716917,0.00458764,-0.986894,-0.000556269,0.717683,0.00328374,-1.00304,0.00108321,0.686953,-0.00936971,-0.993396,-0.000943426,0.719467,-0.000261938,-0.992794,0.00107203,0.763778,0.0502199,-1.00901,0.000319822,0.725134,0.0435205,-0.996257,0.00075589,0.686024,0.0571506,-0.990776,-1.08433e-05,0.692857,0.0493128,-0.980264,0.00072273,0.674725,0.0401525,-1.00764,-0.000707713,0.69841,0.0271293,-0.988133,1.43844e-06,0.673221,0.0362921,-0.993818,0.000514784,0.679229,0.017056,-1.00292,0.000913588,0.692189,0.0217904,-1.01301,0.00020862,0.680155,0.0124095,-1.00462,0.00021623,0.689905,0.0673492,-0.999954,-8.65233e-05,0.732881,0.0563276,-0.999323,0.00105707,0.743902,0.0649138,-1.0024,0.000294137,0.758164,0.0491138,-0.997026,-0.000518907,0.757007,0.0546148,-1.00352,-0.00104105,0.803094,0.0660972,-0.999422,0.000313954,0.794555,0.0728833,-0.991493,-0.000699889,0.752759,0.0807137,-0.985092,-0.000804301,0.743066,0.0901566,-0.995745,-0.000114628,0.782709,0.0740107,-1.00544,-0.000336434,0.785312,0.03522,-1.00563,4.37085e-05,0.824988,0.0288846,-0.989993,-0.000137662,0.810526,0.0310991,-0.994874,6.72065e-05,0.819936,0.0274679,-1.00245,-0.000732322,0.759856,0.0484419,-1.00329,0.000409416,0.764511,0.0530542,-1.00782,-0.00158803,0.788425,0.0378659,-1.00685,-0.000921204,0.745969,0.0554093,-1.00415,-0.000389447,0.755307,0.0749571,-0.998896,-0.00139866,0.741501,0.0695324,-0.999788,-0.000662744,0.766464,0.0332104,-0.999762,-6.65441e-05,0.707049,0.0128667,-0.9866,-0.00127413,0.696709,-0.000337776,-1.00125,-0.00151352,0.719122,0.0131821,-1.00013,-0.00114924,0.731452,-0.00793214,-1.00059,-0.000463094,0.752765,-0.0370519,-1.00543,-0.000581463,0.709139,-0.0359555,-0.995431,-0.00170507,0.684501,0.0233819,-0.993503,0.000774788,0.672208,0.00990412,-1.00223,-1.04004e-05,0.627749,-0.0244616,-0.994146,-0.000817442,0.635301,0.0117724,-1.00444,-0.000339313,0.565962,0.0493702,-1.00376,-0.000699599,0.546966,0.0268153,-0.994828,-0.000267504,0.547034,0.0252239,-0.99594,-0.000901876,0.529631,0.0113022,-1.00036,-0.000961654,0.54346,0.00670111,-0.997784,-0.000277097,0.526472,0.0323664,-0.992206,-0.000933369,0.515278,0.0190637,-0.987554,-0.00135941,0.549855,0.0216965,-0.997398,-0.00121505,0.552887,0.00198814,-0.994786,-0.000450043,0.513796,0.0128985,-0.994979,-0.000765534,0.500676,0.0254534,-0.996802,-0.000386173,0.495768,0.0689792,-1.00059,-0.000841672,0.504034,0.0829919,-0.994124,-0.000813443,0.536715,0.0833757,-0.99608,-0.000716076,0.547588,0.0161177,-0.998246,-0.00081402,0.563655,0.0268751,-0.999213,-0.000558848,0.7,0,-1,0.364327,-0.117662,-0.12726,0.36686,-0.350314,1.17008,0.999666,-0.0178429,-0.0186862,-1.3252e-05,-0.0158355,-0.124422,-0.0418965,0,0,-0.398043,0.45,1,5,0.785398,0,0,0,0.00851241,0.180102,0.046884,3.66151,-1.80497,-0.135893,-0.0158261,0.192059,0.0409297,0.587833,0.286598,0.488538,0.221755,nan,nan,nan,nan,nan,nan,nan,nan,0.0100693,-0.289371,1.3167,757.77,446.803,656.621,322.496,-1.13766,1.56098,-2,0.137024,-0.22133,1.09031,-0.578202,-0.674074,0.432169
1.48,0.999866,-0.012703,-0.00838429,0.00608728,0.00604833,-0.133161,-0.012891,0.269623,0.134019,-0.86225,0.218363,-0.0549414,-0.0959866,0.719066,0.0427583,-0.993946,0.000873185,0.664664,0.0427543,-0.990242,0.00064067,0.659107,0.0420934,-1.00027,-0.0003721,0.695437,0.0486598,-0.994468,-0.000562904,0.689667,0.0713243,-0.984142,0.000516833,0.675697,0.0697796,-0.98591,-0.00135987,0.683267,0.0569838,-1.00868,-0.000106422,0.715976,0.00856629,-1.00337,0.000436814,0.697056,0.00488592,-0.986366,-0.000558852,0.697876,0.00546896,-1.00363,0.00101782,0.689517,0.00623993,-0.995157,-0.00103445,0.707553,-0.018915,-0.990463,0.000998299,0.716034,0.0223909,-1.00927,0.000211671,0.725194,0.0367263,-0.995395,0.000710069,0.687656,0.0579975,-0.989605,-6.2026e-05,0.692415,0.0684463,-0.980316,0.00082319,0.701768,0.0601131,-1.00899,-0.000708549,0.677185,0.0237682,-0.987957,2.67112e-05,0.691633,0.0242898,-0.991984,0.000484758,0.696034,0.0121259,-1.00105,0.000892647,0.696297,0.00812364,-1.01186,0.000237945,0.680034,0.0424482,-1.00327,0.000140594,0.686875,0.0633849,-0.999722,-4.26076e-05,0.716275,0.038691,-0.998313,0.0010365,0.733667,0.0945309,-1.0026,0.00042215,0.753884,0.0599968,-0.996181,-0.000380698,0.766226,0.0579542,-1.00266,-0.00107092,0.78279,0.0563973,-0.99961,0.000445548,0.798941,0.0701364,-0.992413,-0.000467446,0.767207,0.0880205,-0.984504,-0.000654128,0.745286,0.0790642,-0.994795,-6.49051e-05,0.786291,0.0712422,-1.00734,-0.000311089,0.776695,0.0354391,-1.00429,7.88272e-06,0.770272,0.0261712,-0.989667,-0.000179959,0.786384,0.0600611,-0.994558,0.000218161,0.806298,0.0276779,-1.00333,-0.000598335,0.829332,0.0297878,-1.00442,0.000241619,0.797758,0.0741211,-1.00741,-0.00164368,0.777485,0.0564852,-1.00775,-0.000937758,0.770704,0.051337,-1.00413,-0.00047694,0.768228,0.091401,-0.997921,-0.00143753,0.733554,0.0671804,-0.99964,-0.00076402,0.760919,0.0186382,-1.00116,9.81928e-05,0.714104,-0.012842,-0.987875,-0.00120252,0.707494,-0.00805884,-0.999463,-0.00150321,0.735026,-0.00154636,-0.999243,-0.00107084,0.765689,-0.00371148,-1.00222,-0.000360202,0.736991,-0.0149901,-1.00514,-0.000600899,0.750437,-0.0172016,-0.995015,-0.00153111,0.729363,0.00195092,-0.99156,0.000854117,0.710836,0.0163135,-1.00197,1.71396e-05,0.63459,0.00913795,-0.993539,-0.000764738,0.647982,0.034443,-1.00544,-0.00030504,0.59681,0.00748706,-1.00492,-0.000832213,0.573282,0.0480028,-0.995794,-0.000251186,0.558973,0.0514189,-0.997448,-0.000860392,0.531968,0.0027448,-1.00043,-0.000905029,0.57304,-0.0162658,-0.99799,-0.000242875,0.562387,0.0193629,-0.991549,-0.000886178,0.536415,0.00791325,-0.988087,-0.00118989,0.557454,0.0123563,-0.996389,-0.00136001,0.541509,-0.00315423,-0.992672,-0.000542356,0.523427,0.0329099,-0.994289,-0.000740142,0.50631,0.0557112,-0.994583,-0.000371774,0.496681,0.0786941,-1.00023,-0.000705643,0.516361,0.064111,-0.992954,-0.000818738,0.539651,0.0484523,-0.996176,-0.000729947,0.524847,0.0486632,-0.998856,-0.000753855,0.548407,0.0350489,-1.00035,-0.000764534,0.58562,0.0314138,-0.999727,-0.000608526,0.7,0,-1,0.364327,-0.117662,-0.12726,0.36686,-0.350314,1.17008,0.999666,-0.0178429,-0.0186862,-1.3252e-05,0.0254054,-0.115364,-0.0410245,0,0,-0.397401,0.45,1,5,0.785398,0,0,0,0.00834152,0.180374,0.046783,0.257324,-0.401651,-0.582382,0.00589713,0.185593,0.0408123,0.565815,0.310432,0.496161,0.217194,nan,nan,nan,nan,nan,nan,nan,nan,0.0598205,-0.23155,1.29517,752.021,443.942,658.243,320.083,-1.128,1.61523,-2,0.146355,-0.218832,1.16135,0.243004,0.323694,-0.269102
1.5,0.999853,-0.0125311,-0.0100118,0.00603072,0.00828603,-0.117065,-0.00380866,0.277084,0.133821,-0.862274,0.222307,-0.0396691,-0.109895,0.735679,0.0230488,-0.991673,0.000622223,0.692012,0.0342594,-1.00141,-0.000376056,0.688983,0.0266699,-0.993633,-0.000530889,0.694967,0.0640616,-0.983542,0.000575304,0.64919,0.0731142,-0.983327,-0.00148734,0.676405,0.0361045,-1.00767,-4.45861e-05,0.716913,0.0306228,-1.00526,0.000282818,0.70205,-0.00128096,-0.98716,-0.00073481,0.694195,0.022947,-1.00194,0.000901519,0.683187,0.0118155,-0.994355,-0.00123719,0.663671,-0.0191121,-0.991147,0.00101338,0.69141,0.0493296,-1.01196,0.000237263,0.712342,0.0561595,-0.9957,0.000959209,0.659046,0.059517,-0.989752,0.000120214,0.682688,0.04505,-0.982619,0.00100261,0.689517,0.0267508,-1.00836,-0.000687304,0.681333,0.0257814,-0.989299,0.000160485,0.683077,0.0241247,-0.990648,0.000425734,0.705062,0.0305483,-1.00036,0.000858546,0.707079,0.0496135,-1.01217,0.000308724,0.697076,0.0548077,-1.00442,6.85824e-05,0.679822,0.0468656,-0.999909,-0.000249683,0.727576,0.0661503,-0.998787,0.00102426,0.733466,0.080233,-1.00308,0.000621512,0.754966,0.0426476,-0.995035,-0.000277943,0.759842,0.0500989,-1.00383,-0.00104442,0.781382,0.0611138,-0.999978,0.000201655,0.796027,0.0558034,-0.991609,-0.000499277,0.765071,0.0671626,-0.983491,-0.000785327,0.754361,0.070274,-0.995054,-6.64944e-05,0.76891,0.0781819,-1.00638,-0.000174052,0.787662,0.0493198,-1.00481,7.37479e-05,0.773268,0.0456258,-0.989303,-0.0002664,0.811486,0.0996681,-0.995176,0.000342092,0.83868,0.0545016,-1.00436,-0.000578058,0.850678,0.0384051,-1.00485,0.00024965,0.795181,0.0601595,-1.00583,-0.0015668,0.783777,0.0860112,-1.00748,-0.000811062,0.809514,0.0631466,-1.00421,-0.000291317,0.763488,0.0831024,-0.998034,-0.00133495,0.754037,0.0528147,-0.999719,-0.000754047,0.751935,0.0133316,-1.00293,0.000216784,0.749312,-0.00173468,-0.987372,-0.0011692,0.720187,-0.00903217,-0.996858,-0.00143319,0.744117,0.0136437,-1.00155,-0.000971439,0.772503,0.0117418,-1.00202,-0.000441382,0.753387,-0.0249443,-1.00475,-0.00068488,0.772013,-0.0448385,-0.995778,-0.00171997,0.758889,0.00607682,-0.991201,0.00095352,0.732327,0.0218813,-1.003,-4.66625e-05,0.679676,-0.011884,-0.992069,-0.000677401,0.622485,0.0065584,-1.00562,-0.000289678,0.595933,0.0500507,-1.00459,-0.000933548,0.586948,0.0376732,-0.996177,-0.000414425,0.561971,0.0387773,-0.99786,-0.000939952,0.577055,0.0189379,-1.00163,-0.000782968,0.575807,0.0250638,-0.996939,-0.000318245,0.582861,0.0305888,-0.990769,-0.000990927,0.549706,0.0379995,-0.990014,-0.00137602,0.588619,0.0218008,-0.995361,-0.00137741,0.581363,-0.0127088,-0.994265,-0.000732543,0.568985,0.0453387,-0.992837,-0.000587554,0.517908,0.0404699,-0.993971,-0.000322044,0.505,0.0827822,-0.998795,-0.000679795,0.513007,0.0702172,-0.993362,-0.000907441,0.522521,0.0340811,-0.995909,-0.000757341,0.508064,0.0484781,-0.998974,-0.000795722,0.54823,0.0199297,-0.998587,-0.000820376,0.610372,0.0568144,-0.998038,-0.000826062,0.611836,0.0417616,-0.99831,-0.000653974,0.7,0,-1,0.434774,-0.128312,-0.109519,0.469394,-0.276744,1.25197,0.999615,-0.0140837,-0.0239105,-0.000414553,0.0140598,-0.0791103,-0.0358624,0,0,-0.400784,0.45,1,5,0.785398,0,0,0,0.00818818,0.180562,0.0467238,-2.21816,3.29997,-0.191187,0.0120403,0.179015,0.0413282,0.568728,0.315074,0.507221,0.212112,nan,nan,nan,nan,nan,nan,nan,nan,0.0503967,-0.0446296,1.25046,748.474,443.262,670.562,316.56,-1.12583,1.7133,-2,0.175574,-0.217057,1.10719,0.197183,0.763614,-0.695413
1.52,0.999835,-0.0118922,-0.0124019,0.00597933,0.0743085,-0.183635,-0.0135971,0.284677,0.133719,-0.862468,0.218612,-0.053072,-0.100745,0.752846,0.0138257,-1.00021,-0.000474424,0.688132,0.0124316,-0.994893,-0.000648325,0.72133,0.0153175,-0.985009,0.000623841,0.673517,0.0277904,-0.982517,-0.00146766,0.686525,0.0194756,-1.00799,3.57496e-05,0.710263,0.0257866,-1.00487,0.000202699,0.699932,0.00426984,-0.986426,-0.000808101,0.720462,0.00413852,-1.00366,0.000960819,0.717775,-0.0155632,-0.992859,-0.00136068,0.679297,-0.019705,-0.990735,0.00102545,0.693067,0.0136804,-1.01272,0.000258222,0.727752,0.0275794,-0.995149,0.000798971,0.689426,0.0438958,-0.991174,8.46786e-05,0.73341,0.0485143,-0.982004,0.00115849,0.702219,0.0383458,-1.00833,-0.000597895,0.687022,0.032721,-0.989272,8.47225e-05,0.677632,0.0502025,-0.989678,0.00064705,0.710074,0.0376034,-1.00023,0.000770746,0.702906,0.0659356,-1.0112,0.000305306,0.670017,0.0560245,-1.00658,-5.22898e-05,0.696687,0.0430807,-0.998356,-0.000345432,0.736372,0.0734298,-0.999561,0.00108216,0.781513,0.0390506,-1.00209,0.000674281,0.782987,0.0419179,-0.995299,-0.000153832,0.804256,0.0450352,-1.00439,-0.00106804,0.774,0.0125807,-1.00041,0.000129916,0.773909,0.0712692,-0.991676,-0.000384483,0.745742,0.0670233,-0.983364,-0.000939269,0.73403,0.090977,-0.993519,1.00713e-05,0.775266,0.0773299,-1.00515,-7.04104e-05,0.769879,0.0853286,-1.00446,0.000208038,0.736271,0.0714068,-0.987507,-0.000295499,0.809733,0.0927711,-0.99557,0.000295945,0.817193,0.0791448,-1.00479,-0.000760735,0.841175,0.0473396,-1.0023,0.00033838,0.789961,0.0675916,-1.00631,-0.00146952,0.777127,0.0844843,-1.00804,-0.000983633,0.758558,0.066451,-1.00436,-0.000254352,0.737568,0.0821753,-0.997327,-0.00135903,0.743984,0.0918202,-1.00106,-0.000786544,0.730124,0.0378849,-1.00388,0.00021852,0.757178,0.0134459,-0.98862,-0.00107386,0.734163,0.0175075,-0.997152,-0.00141807,0.710002,0.0648826,-1.00213,-0.00090311,0.731123,0.0328661,-1.00218,-0.000494196,0.742356,0.0319011,-1.00424,-0.000673275,0.781571,-0.0012882,-0.995256,-0.00169492,0.758833,0.0054363,-0.98935,0.00111838,0.724378,0.0544532,-1.00286,-1.03563e-05,0.679407,0.0239871,-0.994415,-0.000667188,0.661857,0.0295739,-1.00611,-0.000404442,0.589817,0.0547725,-1.00457,-0.000959972,0.551019,0.0564483,-0.996341,-0.00044721,0.573087,0.0690107,-1.0003,-0.00084239,0.586348,0.0894939,-1.00323,-0.000694316,0.538646,0.0275816,-0.996672,-0.000288713,0.538266,0.052403,-0.990532,-0.00108029,0.529852,0.0362348,-0.98983,-0.00128841,0.570883,0.0304282,-0.994899,-0.0013026,0.579504,-0.00936511,-0.994352,-0.000752826,0.580041,0.0385146,-0.993073,-0.00043202,0.532283,0.0510586,-0.993936,-0.000368394,0.520548,0.0877145,-0.998474,-0.000405904,0.542054,0.0818506,-0.994422,-0.000702895,0.536297,0.0525687,-0.996466,-0.000854365,0.517328,0.044323,-0.997704,-0.000698947,0.564355,0.00206552,-0.998431,-0.000854003,0.612368,0.0116559,-0.998499,-0.000906821,0.602686,0.0578077,-0.997059,-0.000560862,0.627389,0.027864,-0.997631,-0.000652912,0.7,0,-1,0.430268,-0.128705,-0.10929,0.427587,-0.364921,1.28102,0.99959,-0.0185725,-0.0217832,-0.000482426,0.0066167,-0.072163,-0.0348872,0,0,-0.398858,0.45,1,5,0.785398,0,0,0,0.00813103,0.180852,0.0466881,-2.13776,2.08388,0.362678,0.0237846,0.180159,0.0418571,0.561348,0.316506,0.508629,0.202508,nan,nan,nan,nan,nan,nan,nan,nan,-0.00633849,-0.2317,1.3152,743.847,443.204,672.205,310.667,-1.16588,1.66672,-2,0.21569,-0.204364,1.16409,-0.184755,-0.670144,0.4575
1.54,0.999815,-0.0114427,-0.0143254,0.00576053,-0.0148103,-0.109317,-0.0215231,0.291813,0.13394,-0.862179,0.223232,-0.0439841,-0.104836,0.758193,-0.0195671,-0.994708,-0.000982105,0.752805,-0.0240852,-0.982949,0.000902692,0.664942,-0.0126405,-0.984378,-0.00159727,0.668747,-0.000779957,-1.00697,-7.13963e-05,0.726265,-0.016044,-1.00643,7.72454e-05,0.684457,0.00721863,-0.985166,-0.000808559,0.698303,-0.00466645,-1.00588,0.00089327,0.706781,-0.0253452,-0.99294,-0.00134639,0.674601,-0.0175569,-0.98919,0.00112374,0.689951,-0.00794027,-1.01245,0.000434733,0.686775,-0.0116737,-0.992844,0.000645654,0.694213,0.02775,-0.990706,-2.44861e-05,0.709602,0.037135,-0.981858,0.00110399,0.723029,0.0465151,-1.00856,-0.000560868,0.690149,0.0515084,-0.99111,9.16459e-05,0.681191,0.0445293,-0.988702,0.000571147,0.695275,0.0490023,-0.998967,0.000804176,0.692278,0.0832278,-1.00951,0.000205344,0.663803,0.0599205,-1.00621,0.0001699,0.728275,0.0288843,-0.997893,-0.000379245,0.75707,0.0383818,-0.999142,0.00105748,0.750722,0.030011,-1.00187,0.00061616,0.781161,0.0419867,-0.995168,-0.000124666,0.772327,0.0395094,-1.00254,-0.00107449,0.786504,0.039785,-1.0015,2.56505e-05,0.789699,0.0693858,-0.991516,-0.000525225,0.756225,0.0687274,-0.984561,-0.00101542,0.728286,0.0580617,-0.991523,-2.55686e-05,0.7496,0.083787,-1.00292,-0.000165133,0.774979,0.117508,-1.00328,0.000207762,0.775189,0.0776457,-0.985176,-0.000252796,0.817367,0.0869096,-0.994254,0.00023631,0.813686,0.0823699,-1.00345,-0.000617918,0.811312,0.0801561,-1.00277,0.000645988,0.792862,0.0620356,-1.0059,-0.00141815,0.773093,0.0715175,-1.0076,-0.00115675,0.767946,0.0739643,-1.00519,-0.000172611,0.731216,0.102071,-0.999012,-0.00125495,0.730214,0.107822,-0.999463,-0.000860751,0.770437,0.0871819,-1.00311,0.000278387,0.75663,0.02994,-0.989279,-0.000927659,0.706917,0.0410626,-0.995632,-0.00148234,0.694023,0.0798604,-1.00364,-0.00110065,0.716314,0.071704,-1.00175,-0.000709922,0.731727,0.0643199,-1.00489,-0.000525407,0.740047,0.0423164,-0.996141,-0.00165278,0.754541,0.043618,-0.988927,0.00110392,0.730573,0.0839977,-1.00295,0.000180479,0.689553,0.0606773,-0.993775,-0.000904269,0.651274,0.101497,-1.00575,-0.00040494,0.587867,0.0959854,-1.00302,-0.000828106,0.561287,0.112697,-0.994865,-0.000358238,0.544608,0.106247,-0.999646,-0.000743487,0.562173,0.112747,-1.00163,-0.000682912,0.523585,0.0718286,-0.996647,-0.00010609,0.545269,0.0928051,-0.989573,-0.00103472,0.535455,0.0677945,-0.987189,-0.00134683,0.54956,0.0475239,-0.994219,-0.00137793,0.596549,0.0133998,-0.994516,-0.000697029,0.570667,0.044611,-0.992985,-0.000497855,0.543827,0.0710877,-0.992152,-0.000263154,0.53745,0.101514,-1.00005,-0.000612931,0.542665,0.0947164,-0.992312,-0.000670463,0.543729,0.0893834,-0.996027,-0.000997022,0.514862,0.0503038,-0.996789,-0.000514096,0.588092,0.00278862,-0.997053,-0.000859549,0.590516,-0.0108943,-0.99811,-0.000959186,0.60839,0.0672163,-0.996827,-0.000697309,0.622211,0.0166791,-0.99724,-0.000567038,0.645964,0.0271993,-0.996628,-0.000694395,0.7,0,-1,0.387628,-0.107138,-0.128241,0.360994,-0.271988,1.19403,0.999735,-0.0138573,-0.0183899,5.60819e-05,-0.0201746,-0.0450361,-0.0307483,0,0,-0.39745,0.45,1,5,0.785398,0,0,0,0.00827749,0.181067,0.046659,-2.5814,2.10842,0.692861,0.0263628,0.180628,0.0420121,0.573852,0.307374,0.500808,0.212869,nan,nan,nan,nan,nan,nan,nan,nan,0.043515,-0.121695,1.28765,743.686,440.267,670.035,309.738,-1.16588,1.73171,-2,0.247644,-0.195484,1.20689,0.231028,0.454395,-0.20453
1.56,0.999795,-0.0119936,-0.0153434,0.00557883,-0.0629628,-0.0869096,-0.0162287,0.296552,0.134059,-0.86208,0.227611,-0.0439774,-0.0957423,0.784193,-0.0840352,-0.983211,0.00110117,0.705782,-0.052928,-0.983868,-0.00165821,0.670342,-0.0290199,-1.0072,-0.000115954,0.726955,-0.02972,-1.00741,1.5582e-05,0.713467,-0.00696942,-0.984956,-0.00101093,0.69068,-0.0358103,-1.00598,0.000854803,0.691528,-0.0481105,-0.989424,-0.00131149,0.693952,-0.0106935,-0.989894,0.0011028,0.703167,0.00617826,-1.01132,0.000332573,0.684107,-0.0194313,-0.993558,0.00063517,0.657232,0.00940356,-0.989665,-7.05615e-05,0.702419,-0.00885683,-0.983024,0.0011897,0.738624,0.0465579,-1.00862,-0.000568994,0.697128,0.0476803,-0.991971,6.99939e-05,0.667459,0.0586619,-0.988193,0.000812178,0.701043,0.0339408,-0.997673,0.000851351,0.707238,0.0245664,-1.0088,0.000298423,0.689743,0.066093,-1.00609,0.000317336,0.745803,0.0287194,-0.996886,-0.00044102,0.780146,0.0439253,-1.00064,0.000838103,0.770167,0.0460479,-1.00274,0.000775933,0.817816,0.0690916,-0.996078,-0.000312831,0.798634,0.0693718,-1.00264,-0.00127999,0.793657,0.029343,-1.00213,4.13568e-05,0.80111,0.0601539,-0.990488,-0.000515791,0.749287,0.0587743,-0.984462,-0.000813983,0.753331,0.0305238,-0.990941,7.64518e-05,0.754768,0.0855392,-1.00383,-0.000275623,0.808944,0.101257,-1.00379,0.000243573,0.775874,0.0604071,-0.984943,-0.000247801,0.780672,0.0752473,-0.995351,0.000317641,0.783335,0.0853647,-1.0025,-0.000849796,0.786559,0.0831367,-1.00288,0.000560665,0.766508,0.125072,-1.00427,-0.0013641,0.763777,0.0900037,-1.00888,-0.00112127,0.773152,0.115475,-1.00596,3.9056e-05,0.741747,0.101084,-0.997107,-0.00127287,0.712803,0.101129,-1.00038,-0.000762306,0.762562,0.0998351,-1.00171,0.000223685,0.735067,0.0786773,-0.990376,-0.0010039,0.702389,0.0563925,-0.996433,-0.00156123,0.723484,0.0788944,-1.0029,-0.000991782,0.722534,0.0704908,-1.0014,-0.000604736,0.704905,0.0781923,-1.00624,-0.000749618,0.712108,0.074439,-0.996588,-0.00157797,0.720145,0.0549787,-0.986617,0.00104617,0.689684,0.12211,-1.00249,0.000181173,0.671827,0.095657,-0.993368,-0.000715614,0.631949,0.115142,-1.00507,-0.000217379,0.58349,0.123976,-1.00264,-0.000783091,0.567903,0.134911,-0.992719,-0.000481938,0.547532,0.136618,-0.998485,-0.000619735,0.538865,0.134447,-0.99895,-0.000777366,0.533179,0.114692,-0.997953,-0.000119655,0.537189,0.128647,-0.98718,-0.0010927,0.551517,0.117282,-0.987523,-0.00135908,0.553851,0.0722486,-0.993542,-0.00134631,0.580442,0.0400916,-0.994142,-0.000696646,0.570312,0.0650525,-0.994515,-0.000478011,0.550172,0.0707763,-0.993651,-0.00027642,0.541385,0.123852,-0.999893,-0.000696413,0.541177,0.118266,-0.99197,-0.000643638,0.537766,0.12866,-0.995952,-0.00101111,0.533602,0.0732889,-0.996224,-0.000688799,0.561545,0.0500398,-0.996556,-0.00096484,0.593013,0.0240421,-0.996335,-0.00104288,0.616498,0.0599141,-0.995066,-0.000551544,0.625105,0.0468217,-0.997557,-0.00051039,0.609386,0.0214569,-0.997176,-0.000623029,0.63225,0.0423465,-0.996946,-0.00067978,0.7,0,-1,0.399415,-0.116182,-0.13629,0.39435,-0.24953,1.14074,0.999735,-0.0138573,-0.0183899,5.60819e-05,-0.0226989,-0.0240863,-0.036939,0,0,-0.398687,0.45,1,5,0.785398,0,0,0,0.00839844,0.181244,0.0466175,0.494493,0.587919,0.646303,0.0020593,0.190897,0.0415729,0.560979,0.321702,0.505487,0.209296,nan,nan,nan,nan,nan,nan,nan,nan,0.0745863,-0.0903648,1.30293,740.151,449.557,669.705,307.836,-1.17053,1.75226,-2,0.265463,-0.20513,1.19828,0.218952,0.000336394,0.454663
1.58,0.999787,-0.0121937,-0.0157315,0.00552028,-0.0467772,-0.0858699,-0.0133298,0.298967,0.134122,-0.862071,0.227105,-0.0541801,-0.102318,0.747808,-0.0716378,-0.984127,-0.00160011,0.69823,-0.0683015,-1.00503,-4.0025e-05,0.7277,-0.0479466,-1.00544,7.24728e-06,0.718437,-0.0275736,-0.984884,-0.000866205,0.705876,-0.0375153,-1.00387,0.00074815,0.67222,-0.0560129,-0.988256,-0.00134589,0.705474,-0.0293894,-0.990304,0.000960635,0.723157,-0.00459922,-1.0085,0.000508989,0.677291,-0.00270169,-0.993918,0.000646817,0.663139,0.0231432,-0.990192,0.000192229,0.694746,-0.0106477,-0.982755,0.00106641,0.728269,0.0104266,-1.00788,-0.000325949,0.723514,0.000610597,-0.990104,9.25101e-05,0.678929,0.0396096,-0.985839,0.000718647,0.719916,0.0388319,-0.996857,0.000859272,0.727301,0.0287546,-1.00795,0.000190461,0.721159,0.0439372,-1.00731,0.000153801,0.723759,0.0469334,-0.996376,-0.000476195,0.788858,0.0394758,-1.00078,0.000765423,0.758896,0.0654888,-1.00262,0.000836145,0.806845,0.0733523,-0.995758,-0.000371573,0.80191,0.0557265,-1.0023,-0.00135675,0.804475,0.0601873,-1.00114,0.000224151,0.783079,0.0792658,-0.990413,-0.000348933,0.768133,0.0817191,-0.985302,-0.000757701,0.751308,0.0151629,-0.991461,3.58157e-05,0.748513,0.0845654,-1.00388,-0.000223043,0.754951,0.0744056,-1.00417,0.000173226,0.77862,0.062002,-0.985726,-0.000294232,0.786172,0.0536546,-0.993829,0.000134962,0.78824,0.0774109,-1.00355,-0.000806792,0.79277,0.102685,-1.00172,0.00057504,0.765964,0.130752,-1.00423,-0.00147745,0.779939,0.119692,-1.00824,-0.00110061,0.726598,0.145827,-1.00616,-6.58941e-05,0.755105,0.135448,-0.996768,-0.0013403,0.744151,0.134263,-0.999484,-0.000779071,0.753798,0.126476,-1.00221,0.000262981,0.724993,0.0690308,-0.988847,-0.00087187,0.718143,0.0900859,-0.996139,-0.00157375,0.717343,0.107357,-1.00303,-0.000880301,0.707644,0.12529,-1.00023,-0.000566746,0.683284,0.120877,-1.00656,-0.000762367,0.692556,0.103049,-0.996047,-0.00157629,0.685677,0.0761812,-0.984999,0.000911405,0.6786,0.0873077,-1.00303,0.000330789,0.65881,0.118882,-0.994288,-0.000757288,0.636703,0.106931,-1.00683,-0.000179242,0.585343,0.141135,-1.00265,-0.000712347,0.562061,0.155416,-0.993139,-0.000458749,0.538218,0.182819,-0.998046,-0.000586436,0.514881,0.161992,-0.998578,-0.000827912,0.518296,0.134038,-0.99828,-0.000169551,0.513926,0.155868,-0.987327,-0.00103562,0.526476,0.143566,-0.985446,-0.00127476,0.568708,0.103319,-0.993187,-0.00147139,0.622476,0.0731443,-0.994236,-0.000504841,0.577573,0.0940127,-0.993421,-0.000497018,0.548304,0.0840931,-0.992233,-0.000431879,0.550908,0.111954,-0.999733,-0.000667111,0.507571,0.113481,-0.990508,-0.000720272,0.516264,0.110965,-0.99603,-0.000947017,0.514039,0.0910781,-0.995081,-0.000583235,0.540137,0.0746794,-0.997538,-0.000783314,0.621238,0.0471699,-0.995735,-0.000978918,0.623099,0.0574287,-0.996785,-0.00048265,0.654046,0.00417149,-0.997071,-0.00055568,0.637328,-0.00498847,-0.997388,-0.000702239,0.625476,0.0284563,-0.994475,-0.000681306,0.644761,0.0216544,-0.999171,-0.000700798,0.7,0,-1,0.394873,-0.116556,-0.136062,0.317661,-0.329657,1.12607,0.999728,-0.0167862,-0.0161919,-0.000509026,-0.01324,-0.0629746,-0.0311504,0,0,-0.396971,0.45,1,5,0.785398,0,0,0,0.00854852,0.181431,0.046517,-0.640855,1.04477,0.403119,0.00500352,0.167825,0.0408175,0.555199,0.322498,0.493859,0.218613,nan,nan,nan,nan,nan,nan,nan,nan,-0.00518175,-0.235212,1.26104,735.951,450.622,666.215,314.658,-1.20016,1.72201,-2,0.270961,-0.207642,1.23623,-0.025291,-0.510135,-0.32878
1.6,0.999746,-0.0132711,-0.0173579,0.00560454,0.0207786,-0.0195676,0.0125764,0.31585,0.134892,-0.862691,0.233364,-0.0436397,-0.11042,0.745953,-0.104805,-1.00267,-7.29934e-05,0.722297,-0.0819834,-1.00485,-1.0372e-05,0.719537,-0.0489628,-0.983928,-0.00086411,0.687624,-0.0104137,-1.00334,0.000484104,0.705308,-0.0169915,-0.988344,-0.00134018,0.675917,-0.0180501,-0.990535,0.000969947,0.68579,-0.00370399,-1.00723,0.000434696,0.678144,0.0208898,-0.992089,0.000793588,0.716445,0.0268186,-0.990253,0.000136041,0.7023,0.0294196,-0.980607,0.00082747,0.718006,0.0190421,-1.00808,-0.000103386,0.707855,-0.00326609,-0.988417,0.000116364,0.706831,0.014429,-0.986526,0.000721619,0.729565,0.0189122,-0.997796,0.000914633,0.713178,0.0604425,-1.00781,5.61439e-05,0.724373,0.0526405,-1.0057,0.000261585,0.717418,0.0406242,-0.996683,-0.00034382,0.77549,0.0511505,-1.00095,0.0009901,0.766695,0.0668394,-1.00419,0.000913534,0.800368,0.0967121,-0.995098,-0.000575324,0.809176,0.0514716,-1.00162,-0.0014173,0.815352,0.0422829,-1.00112,0.000153942,0.797654,0.0817231,-0.990244,-0.000191185,0.773643,0.0734188,-0.983665,-0.00083871,0.77232,0.0465024,-0.99045,0.000204687,0.789765,0.0620029,-1.00326,-0.000212515,0.802869,0.0826798,-1.00306,0.000140209,0.775602,0.0653827,-0.985021,-0.00040644,0.784593,0.0380267,-0.994002,0.000465744,0.761249,0.0786555,-1.00308,-0.000886438,0.7873,0.127708,-1.00236,0.00057796,0.756734,0.137088,-1.00356,-0.00164263,0.75124,0.135203,-1.00597,-0.00121424,0.728396,0.134941,-1.00591,1.87851e-05,0.740928,0.155234,-0.99704,-0.00137507,0.756759,0.142722,-0.997518,-0.000716824,0.738905,0.146913,-1.00248,0.000242436,0.729626,0.105985,-0.986343,-0.000691159,0.724823,0.0931579,-0.995029,-0.00164733,0.71504,0.114964,-1.00422,-0.000777002,0.709049,0.105653,-0.999593,-0.000616477,0.676892,0.116046,-1.00648,-0.000661626,0.662768,0.125812,-0.996561,-0.00174702,0.668661,0.107685,-0.984198,0.00081087,0.686543,0.102702,-1.00249,0.000317377,0.667479,0.123221,-0.995175,-0.000639196,0.629507,0.121557,-1.0071,-0.000314826,0.602991,0.176322,-1.00282,-0.000580533,0.538429,0.192201,-0.99306,-0.000450137,0.557021,0.184851,-0.997273,-0.00041274,0.526061,0.208712,-0.998245,-0.000792269,0.536384,0.179284,-0.998568,-0.00011353,0.512328,0.196679,-0.986902,-0.00101078,0.528864,0.133207,-0.985458,-0.00118637,0.568184,0.129124,-0.9933,-0.00146229,0.598674,0.130735,-0.993827,-0.000598452,0.560874,0.104815,-0.992329,-0.000623815,0.553271,0.0946264,-0.992338,-0.000586051,0.543986,0.136062,-0.998529,-0.000608231,0.505024,0.126208,-0.989564,-0.00077447,0.531036,0.123282,-0.995327,-0.00107179,0.51138,0.10971,-0.993875,-0.000608975,0.564161,0.0778134,-0.997297,-0.000809367,0.599603,0.0367219,-0.994556,-0.000829245,0.644417,0.0518318,-0.998272,-0.00050193,0.637275,0.0476779,-0.99753,-0.000658411,0.637752,0.0130185,-0.997271,-0.000671022,0.641554,0.00914782,-0.994857,-0.000655424,0.650152,0.013383,-0.998805,-0.000539815,0.67717,-0.0018414,-1.0004,-0.000950197,0.7,0,-1,0.395097,-0.148752,-0.130174,0.33766,-0.368502,1.16274,0.999676,-0.0187563,-0.0172146,-0.000813907,0.00313062,-0.0337432,-0.0340432,0,0,-0.392198,0.45,1,5,0.785398,0,0,0,0.00856515,0.181463,0.0464522,1.9744,-2.08994,0.353,-0.00167135,0.186492,0.0403854,0.552811,0.322747,0.47803,0.234296,nan,nan,nan,nan,nan,nan,nan,nan,0.046141,-0.136218,1.24176,732.155,450.942,659.135,335.644,-1.20016,1.79729,-2,0.298727,-0.225753,1.24442,0.312947,0.527023,-0.405096
1.62,0.999745,-0.0130927,-0.0175236,0.00564968,0.0377302,-0.0372333,0.00905833,0.318214,0.135098,-0.862761,0.239767,-0.0475996,-0.114963,0.75581,-0.0911909,-1.00535,2.15986e-05,0.723323,-0.0882506,-0.983666,-0.000855173,0.72531,-0.0334273,-1.00291,0.000589925,0.693282,-0.0234684,-0.990407,-0.00138427,0.685091,-0.0520251,-0.991142,0.000928928,0.698729,0.00426694,-1.00548,0.000379937,0.646515,0.0008222,-0.992,0.000832318,0.698058,0.00963308,-0.989627,-4.09796e-05,0.718955,0.0453196,-0.978432,0.000795176,0.741442,0.0247772,-1.00679,-0.00020691,0.745238,0.00351652,-0.988954,-0.000118465,0.715016,-0.00811347,-0.986662,0.00086009,0.750359,0.0178437,-0.997009,0.0008967,0.716879,0.0259429,-1.00672,4.37257e-06,0.717047,0.0446847,-1.00502,0.000228677,0.741844,0.0435497,-0.996671,-0.000313903,0.780642,0.0303965,-0.998693,0.00102478,0.762206,0.0568036,-1.0027,0.00074206,0.802367,0.0840538,-0.995464,-0.000401792,0.819156,0.0590708,-1.00274,-0.00137076,0.799156,0.0576177,-1.00131,0.000162626,0.769161,0.100082,-0.987507,-0.000210121,0.79606,0.0784776,-0.982536,-0.000775944,0.786805,0.0506405,-0.987904,0.000134737,0.773098,0.0901701,-1.00382,7.05185e-05,0.785709,0.104611,-1.00182,0.000194035,0.796697,0.0816725,-0.986445,-0.000286912,0.798686,0.0335794,-0.994203,0.000359425,0.757996,0.080692,-1.00259,-0.000874103,0.783672,0.11596,-1.00174,0.000491452,0.795117,0.141183,-1.00329,-0.00169724,0.74301,0.154749,-1.00438,-0.00140375,0.745178,0.17023,-1.00632,7.34629e-05,0.777464,0.14728,-0.998363,-0.00143573,0.751461,0.142213,-0.997949,-0.000512182,0.748509,0.170249,-1.00199,0.00011949,0.716456,0.136421,-0.98805,-0.000702546,0.708983,0.118043,-0.994853,-0.00161156,0.716903,0.136966,-1.00332,-0.000654283,0.700747,0.159654,-0.998824,-0.000678685,0.688256,0.174958,-1.00591,-0.000431504,0.679651,0.189348,-0.997011,-0.00159672,0.681279,0.143378,-0.984285,0.000846578,0.664889,0.126776,-1.00202,0.000373818,0.641504,0.132264,-0.995343,-0.000679817,0.636311,0.148538,-1.00785,-0.000585541,0.605073,0.159533,-1.00421,-0.000343779,0.550179,0.231395,-0.992655,-0.000366176,0.558384,0.229123,-0.997521,-0.00057228,0.520887,0.24213,-0.999573,-0.000670377,0.501937,0.21699,-0.998224,-0.000137201,0.512897,0.221921,-0.984006,-0.00103183,0.525597,0.163064,-0.986802,-0.00111727,0.564155,0.1584,-0.994537,-0.0015461,0.598975,0.169002,-0.993368,-0.000599873,0.576347,0.146019,-0.992999,-0.000431729,0.56485,0.147676,-0.991357,-0.000599699,0.52003,0.180615,-0.998148,-0.000420361,0.479658,0.112842,-0.988883,-0.000880929,0.490127,0.159103,-0.996486,-0.00102953,0.516419,0.123842,-0.994925,-0.000558106,0.564733,0.0835562,-0.996183,-0.000701298,0.576583,0.046805,-0.995592,-0.000790375,0.631368,0.0477634,-0.998797,-0.000464121,0.608355,0.0584175,-0.996489,-0.000717791,0.617458,0.029947,-0.996722,-0.000589749,0.628884,0.0225329,-0.995192,-0.000542833,0.63793,0.0142323,-0.999903,-0.000554361,0.659215,0.0302514,-0.998486,-0.000872644,0.656955,-0.00872141,-0.998419,-0.00109804,0.7,0,-1,0.415294,-0.210504,-0.118259,0.45183,-0.458315,1.24965,0.999463,-0.0233302,-0.0229994,1.34282e-05,0.0110446,-0.00319849,-0.0307624,0,0,-0.396218,0.45,1,5,0.785398,0,0,0,0.0084548,0.18138,0.0463488,0.035267,-1.45587,-0.737335,-0.00226759,0.187637,0.0399415,0.563528,0.300243,0.478461,0.225207,nan,nan,nan,nan,nan,nan,nan,nan,0.145102,-0.134239,1.26283,732.193,443.811,653.935,332.649,-1.19794,1.79949,-2,0.298008,-0.220043,1.34529,0.32015,-0.197998,-0.22716
1.64,0.999743,-0.0128632,-0.0177739,0.00570462,0.0176416,-0.0156007,0.000541732,0.32294,0.135491,-0.863074,0.236492,-0.0388795,-0.113761,0.762109,-0.0902028,-0.984461,-0.00116422,0.762909,-0.0882538,-1.00113,0.000785327,0.698172,-0.0316376,-0.991072,-0.00136469,0.690415,-0.0584807,-0.990785,0.000992478,0.668685,-0.024107,-1.00652,0.000361575,0.658544,-0.0139663,-0.991682,0.000808634,0.692835,0.00115706,-0.988933,0.000112366,0.725215,0.0475883,-0.977696,0.000827568,0.750475,0.0188887,-1.0065,-0.000325003,0.732015,0.0058978,-0.988572,-6.70448e-05,0.708496,-0.00832704,-0.985767,0.00111833,0.745174,-0.00620265,-0.996164,0.000893538,0.732169,-0.0246328,-1.00849,4.26027e-07,0.718688,0.0238497,-1.00427,0.000148104,0.729025,0.0347738,-0.997999,-0.000238367,0.748695,0.0193364,-0.997367,0.000822143,0.751424,0.0457351,-1.00344,0.000628712,0.796142,0.0784437,-0.993682,-0.000457059,0.815727,0.0591766,-1.00306,-0.00127613,0.791117,0.0820237,-1.00462,0.00013409,0.773727,0.100205,-0.986519,-0.000228833,0.798357,0.0797647,-0.984018,-0.0010151,0.760546,0.0895406,-0.987583,0.000238892,0.745395,0.0699361,-1.00366,0.000218104,0.792255,0.0948608,-1.00109,0.000465421,0.806123,0.0972646,-0.985217,-0.000183938,0.780169,0.0334772,-0.993725,0.00036256,0.767218,0.0980595,-1.00283,-0.00108813,0.795568,0.142725,-1.00153,0.000483073,0.805212,0.160356,-1.00211,-0.00176797,0.778411,0.152294,-1.00461,-0.001528,0.763669,0.145952,-1.0062,0.000216343,0.75438,0.16148,-0.998853,-0.00127892,0.745907,0.175234,-0.998298,-0.000418123,0.740318,0.165168,-1.00225,0.000131582,0.728749,0.162125,-0.987574,-0.00064586,0.709544,0.116818,-0.996935,-0.00181574,0.713953,0.12977,-1.00287,-0.000815035,0.706923,0.190142,-0.998533,-0.000682917,0.675572,0.180714,-1.00641,-0.000519289,0.691797,0.182455,-0.997082,-0.00147102,0.641077,0.16026,-0.983645,0.000828161,0.6391,0.153166,-1.00049,0.000325628,0.640074,0.162996,-0.995592,-0.000737229,0.620268,0.190172,-1.00658,-0.000579433,0.595121,0.207397,-1.00289,-0.000225317,0.577317,0.247562,-0.991934,-0.000389911,0.57362,0.245381,-0.99725,-0.000703792,0.546001,0.279814,-1,-0.000860658,0.536688,0.242494,-0.99889,-8.65775e-05,0.542116,0.241519,-0.985643,-0.00100115,0.527892,0.185796,-0.986247,-0.00105078,0.574282,0.220056,-0.994007,-0.0015178,0.608315,0.213996,-0.994649,-0.000552243,0.55646,0.203647,-0.991361,-0.000345834,0.552012,0.180355,-0.989825,-0.000488377,0.507871,0.186633,-0.99754,-0.000703565,0.508302,0.13715,-0.988805,-0.00100606,0.479525,0.171932,-0.996917,-0.00112894,0.491239,0.120618,-0.994378,-0.000705815,0.554414,0.0879217,-0.995542,-0.000658771,0.56517,0.0530111,-0.997276,-0.000796827,0.652617,0.0783183,-0.995997,-0.000496692,0.622166,0.0551352,-0.995815,-0.00079134,0.584561,0.0412527,-0.996017,-0.000675919,0.610553,0.036112,-0.995305,-0.000514049,0.64382,-0.00482193,-1.00083,-0.000481275,0.667382,0.00225378,-0.997467,-0.000711269,0.66806,-0.0239264,-0.997529,-0.00105161,0.649354,0.00332142,-0.999365,-0.00109484,0.7,0,-1,0.372143,-0.230938,-0.136957,0.29035,-0.545798,1.17531,0.999504,-0.02778,-0.0147942,-0.000447686,-0.00995039,0.00110541,-0.0308384,0,0,-0.395629,0.45,1,5,0.785398,0,0,0,0.00833541,0.181401,0.0463166,-2.47998,-0.626024,-0.779954,0.0138719,0.192368,0.0402636,0.575834,0.296467,0.494457,0.218113,nan,nan,nan,nan,nan,nan,nan,nan,0.033629,-0.129097,1.2681,745.213,437.246,656.32,328.022,-1.24486,1.86493,-2,0.30545,-0.218414,1.25537,-0.163788,0.436009,0.0600878
1.66,0.999733,-0.0127144,-0.0184473,0.0055862,0.000474351,-0.0783362,-0.0129544,0.330042,0.135984,-0.863662,0.239872,-0.0435908,-0.11397,0.783007,-0.0886282,-1.00162,0.000771341,0.706751,-0.0794618,-0.990004,-0.00135272,0.69958,-0.0553606,-0.991854,0.00114269,0.6779,-0.0565682,-1.00743,0.000333463,0.663533,-0.0370987,-0.993009,0.000817247,0.711794,-0.00612109,-0.989554,6.86639e-05,0.708984,0.00622474,-0.97723,0.000913042,0.74507,0.0240623,-1.00529,-0.00034452,0.733814,0.0111193,-0.988728,-0.00015631,0.711832,0.00583985,-0.985461,0.000996397,0.717403,-0.0107607,-0.995854,0.000938242,0.728824,-0.0425795,-1.00682,2.55778e-05,0.711044,0.00770406,-1.00501,9.24766e-05,0.720166,0.00269863,-0.998431,-0.000197835,0.759966,0.00527733,-0.995986,0.000874806,0.785963,0.0161639,-1.00205,0.000554165,0.779068,0.0470104,-0.992576,-0.000387324,0.790007,0.0644845,-1.0022,-0.00130331,0.812412,0.0900655,-1.00554,0.000174212,0.77301,0.103258,-0.987545,-0.000285037,0.782662,0.0872937,-0.982964,-0.000867421,0.778995,0.101215,-0.987127,0.00023897,0.746211,0.0950626,-1.00403,0.00018829,0.773543,0.0726868,-0.998423,0.000671225,0.799459,0.0611695,-0.985448,-5.79358e-05,0.783569,0.0657046,-0.994873,0.000363555,0.810921,0.113734,-1.00363,-0.000981458,0.784639,0.156394,-1.00382,0.000546476,0.784512,0.167883,-1.00213,-0.00160634,0.76861,0.151561,-1.00386,-0.00155548,0.764694,0.157915,-1.00566,0.000457575,0.732012,0.151535,-0.998415,-0.00137225,0.767946,0.174212,-0.998591,-0.000357083,0.747427,0.191116,-1.00095,0.00011701,0.722676,0.147946,-0.986047,-0.000806312,0.70893,0.159341,-0.997245,-0.00196308,0.720377,0.146562,-1.0027,-0.000781476,0.720963,0.183697,-0.997568,-0.000688381,0.699966,0.167026,-1.00562,-0.000581126,0.680617,0.148385,-0.998628,-0.00152135,0.627696,0.174426,-0.984013,0.000833049,0.640585,0.17088,-0.999806,0.000314308,0.652527,0.176856,-0.995874,-0.00071476,0.656525,0.219198,-1.00582,-0.000601152,0.596503,0.24949,-1.00221,-0.000319974,0.581529,0.267331,-0.993198,-0.000433652,0.585886,0.258006,-0.99828,-0.000738925,0.515777,0.279464,-1.00042,-0.00087305,0.505434,0.270365,-0.998278,-5.62008e-06,0.547189,0.258558,-0.98342,-0.000857616,0.539903,0.225917,-0.984697,-0.00104727,0.585951,0.265703,-0.994514,-0.00170196,0.566568,0.216472,-0.993725,-0.000500358,0.570498,0.239103,-0.991787,-0.000397475,0.536468,0.190249,-0.990308,-0.000588268,0.51647,0.202283,-0.996735,-0.000400045,0.478268,0.156552,-0.989042,-0.000916161,0.49176,0.14835,-0.99741,-0.00135456,0.496682,0.137548,-0.99524,-0.000675057,0.542781,0.119959,-0.99521,-0.000472775,0.580945,0.102747,-0.997064,-0.000825985,0.642037,0.0897482,-0.996957,-0.000461551,0.610626,0.0915382,-0.995356,-0.000856368,0.63199,0.0778443,-0.995934,-0.000800202,0.642058,0.0415998,-0.993612,-0.00074195,0.655143,0.0246233,-1.00017,-0.00059324,0.684197,0.0195986,-0.996249,-0.000760613,0.704013,0.00635963,-0.996635,-0.00111815,0.662327,0.0220967,-1.00003,-0.00112747,0.671221,0.0192059,-0.999982,-0.00125855,0.7,0,-1,0.372143,-0.230938,-0.136957,0.29035,-0.545798,1.17531,0.999504,-0.02778,-0.0147942,-0.000447686,0.0133795,-0.000773634,-0.0307974,0,0,-0.395704,0.45,1,5,0.785398,0,0,0,0.00831225,0.181827,0.0462246,-0.563983,-1.07834,0.026432,0.0122206,0.192677,0.0406516,0.566063,0.31145,0.499785,0.215122,nan,nan,nan,nan,nan,nan,nan,nan,0.0478096,-0.169272,1.26726,742.65,437.083,662.284,323.539,-1.25968,1.86493,-2,0.317175,-0.216003,1.24914,0.169042,-0.235566,-0.0104502
1.68,0.999721,-0.0127348,-0.0191162,0.00552848,-0.00567862,-0.044399,-0.00892037,0.334798,0.136228,-0.864134,0.245292,-0.0455907,-0.105327,0.733771,-0.134146,-0.989994,-0.00139503,0.683538,-0.0749598,-0.991266,0.00120704,0.694424,-0.0700184,-1.0073,0.000417009,0.67912,-0.0478511,-0.993459,0.000843315,0.702522,0.00366463,-0.987669,8.47646e-05,0.71579,-0.00772131,-0.977062,0.00114262,0.749078,-0.0149522,-1.00322,-0.000250532,0.748171,-0.026038,-0.988371,-0.00021775,0.744705,-0.00383552,-0.985938,0.00114428,0.759245,-0.0277854,-0.995461,0.000965677,0.72624,-0.0269281,-1.00637,4.49033e-05,0.699884,-0.0210296,-1.00707,-1.57634e-05,0.707338,-0.00323572,-0.998527,-0.000273346,0.754076,0.0283904,-0.996215,0.000848019,0.786368,0.0467174,-1.00208,0.000512295,0.781002,0.0745759,-0.992869,-0.000388906,0.783909,0.0650341,-1.00142,-0.00152487,0.800393,0.0834033,-1.00479,0.00010409,0.782892,0.0733008,-0.986401,-0.000541778,0.770531,0.0910367,-0.983604,-0.000819761,0.816981,0.0925629,-0.987325,0.000366882,0.79151,0.0580593,-1.00376,0.000203839,0.776466,0.0735756,-0.998095,0.000735247,0.796732,0.0894598,-0.98559,-0.000208163,0.777636,0.102662,-0.994871,0.00016508,0.771889,0.114045,-1.00231,-0.000862589,0.805474,0.155143,-1.00394,0.000687425,0.791458,0.139342,-1.00306,-0.00175305,0.783749,0.138808,-1.00275,-0.00145724,0.739051,0.148247,-1.00536,0.000399402,0.731276,0.143964,-0.997249,-0.00133062,0.750168,0.154927,-0.999001,-0.000296205,0.747184,0.200237,-0.999583,7.76486e-05,0.726629,0.153853,-0.986032,-0.000725987,0.723033,0.161505,-0.995527,-0.00201938,0.738205,0.175435,-1.00029,-0.000612878,0.725613,0.195232,-0.998374,-0.000543128,0.731682,0.165216,-1.00389,-0.000606182,0.669645,0.171099,-0.998046,-0.00149191,0.647295,0.155853,-0.983959,0.000860227,0.649178,0.179771,-0.997986,0.000361836,0.654092,0.186292,-0.995395,-0.000721977,0.619796,0.249147,-1.00569,-0.000542217,0.594691,0.258238,-1.00087,-0.000256954,0.572605,0.271473,-0.993599,-0.0003432,0.602575,0.274032,-1.00083,-0.000823728,0.524693,0.277515,-1.00049,-0.000732695,0.512745,0.303576,-0.999945,-5.44385e-05,0.527492,0.296343,-0.981958,-0.000721306,0.536881,0.26968,-0.984556,-0.00106222,0.582826,0.285336,-0.994564,-0.00184267,0.576807,0.266369,-0.993061,-0.000575504,0.581461,0.244842,-0.993645,-0.000428021,0.552106,0.214122,-0.989496,-0.000688391,0.53432,0.198998,-0.995778,-0.000526552,0.482431,0.186518,-0.987657,-0.000899146,0.479088,0.160718,-0.997245,-0.00135481,0.50778,0.149848,-0.995909,-0.000761926,0.540299,0.126399,-0.993953,-0.000611999,0.605573,0.126791,-0.998089,-0.000875078,0.623505,0.0829569,-0.997918,-0.000483791,0.658746,0.0707748,-0.993285,-0.000762492,0.654992,0.078518,-0.995983,-0.000970154,0.635789,0.0266834,-0.993993,-0.000580291,0.63997,-0.00650978,-1.00017,-0.000660937,0.665954,0.0170996,-0.998118,-0.000872101,0.682199,0.00633019,-0.995781,-0.00118051,0.690668,0.0334977,-0.999208,-0.00101746,0.657537,0.0304874,-0.999736,-0.00121344,0.670664,0.0110572,-0.999318,-0.00122258,0.7,0,-1,0.372237,-0.218955,-0.138472,0.296063,-0.441861,1.15956,0.999633,-0.0224986,-0.0150856,-0.000328731,0.00978615,0.00462788,-0.0334303,0,0,-0.398806,0.45,1,5,0.785398,0,0,0,0.00841057,0.182017,0.0461652,-0.677284,0.981612,0.347194,0.0112511,0.186982,0.0406577,0.562645,0.316104,0.492318,0.223981,nan,nan,nan,nan,nan,nan,nan,nan,0.0765983,-0.101725,1.29214,739.816,442.479,660.207,323.142,-1.26538,1.87652,-2,0.32799,-0.21589,1.26594,0.270995,-0.0999983,0.432142
1.7,0.999716,-0.0130604,-0.0191655,0.00546702,-0.0516866,0.0125317,-0.00574561,0.339565,0.136793,-0.864223,0.246563,-0.0317742,-0.11443,0.684682,-0.0968547,-0.991809,0.00131612,0.682232,-0.0678506,-1.00649,0.00031384,0.714248,-0.0633709,-0.992836,0.000654944,0.709645,0.0162226,-0.986522,6.89971e-05,0.743215,-0.00822571,-0.977269,0.0011485,0.750946,-0.0334391,-1.00362,-0.000175334,0.72761,-0.0281775,-0.987425,-0.000414302,0.744885,0.00761281,-0.985445,0.0010328,0.767212,-0.0160742,-0.996201,0.00103755,0.745494,-0.00280704,-1.00429,-6.73733e-05,0.732914,-0.0208619,-1.00718,-0.000113764,0.738214,-0.00552752,-0.996937,-0.000218482,0.794528,0.0142637,-0.997839,0.000761547,0.777016,0.0208812,-1.00234,0.000524,0.765535,0.0386739,-0.991365,-0.00050917,0.789794,0.0526808,-1.00165,-0.00159541,0.790295,0.0332776,-1.00461,0.000106761,0.759593,0.0772456,-0.986927,-0.000579369,0.787576,0.0853178,-0.982039,-0.000977573,0.788687,0.0718277,-0.986527,0.000288012,0.783354,0.0682965,-1.00381,0.000158304,0.776153,0.0797474,-0.99711,0.000823741,0.780523,0.0721679,-0.984571,-0.000141979,0.768291,0.0746308,-0.995892,0.000280146,0.791819,0.123085,-1.00286,-0.001032,0.804354,0.127123,-1.00293,0.000696332,0.789619,0.128908,-1.00262,-0.00157037,0.789107,0.116302,-0.999859,-0.001365,0.725782,0.143969,-1.00419,0.000354524,0.739281,0.145422,-0.997533,-0.00138483,0.726983,0.145686,-1.00091,-0.000182563,0.743107,0.170836,-0.99872,0.000106708,0.753285,0.158351,-0.98479,-0.000665942,0.72327,0.191131,-0.994601,-0.00198492,0.740255,0.199367,-1.00019,-0.000734217,0.74203,0.188387,-0.998414,-0.000729051,0.698733,0.162879,-1.00341,-0.000604283,0.675712,0.163589,-0.996314,-0.00124241,0.66185,0.159134,-0.983476,0.000801409,0.651289,0.198804,-0.999342,0.000290933,0.627199,0.19967,-0.992555,-0.00072525,0.635474,0.252491,-1.00433,-0.000549457,0.616368,0.273803,-0.999911,-0.000223943,0.571352,0.278374,-0.993947,-0.000370177,0.586908,0.299432,-0.998515,-0.000753689,0.546232,0.282239,-0.998865,-0.000917075,0.534892,0.299049,-1.00134,-0.000233054,0.533019,0.277815,-0.983078,-0.000651822,0.551137,0.308273,-0.985264,-0.00108516,0.623748,0.312907,-0.997546,-0.00202884,0.576297,0.277406,-0.991228,-0.000695656,0.562189,0.242829,-0.994495,-0.000323321,0.532975,0.238051,-0.989086,-0.00076601,0.514239,0.249795,-0.997,-0.00061149,0.483202,0.23745,-0.985196,-0.000836555,0.471413,0.203562,-0.997332,-0.00122026,0.529695,0.157817,-0.997778,-0.000950847,0.531497,0.142989,-0.993424,-0.000617592,0.578878,0.139912,-0.997614,-0.000734451,0.630503,0.11552,-0.997248,-0.000295263,0.642585,0.0780054,-0.993795,-0.000465805,0.655226,0.0739872,-0.998165,-0.000852906,0.661627,0.0692767,-0.994256,-0.000557705,0.636403,0.0233059,-1.0005,-0.0006795,0.667496,0.0376471,-0.997543,-0.000896164,0.684924,0.018629,-0.99618,-0.00123054,0.679501,0.0402136,-0.9958,-0.000835492,0.65111,0.000804586,-0.99914,-0.0012928,0.675561,-0.00551139,-0.998725,-0.00112204,0.654426,0.00387422,-0.99775,-0.00114377,0.7,0,-1,0.3736,-0.218646,-0.117216,0.277864,-0.537242,1.25359,0.999525,-0.027339,-0.0141735,-0.000969825,-0.0461128,0.0173546,-0.0347922,0,0,-0.39716,0.45,1,5,0.785398,0,0,0,0.00828996,0.182028,0.0460863,1.14765,-0.343665,0.588327,-5.10527e-05,0.186066,0.0401025,0.552238,0.315133,0.47041,0.23676,nan,nan,nan,nan,nan,nan,nan,nan,0.0498384,-0.114233,1.26473,734.906,442.182,652.455,338.973,-1.29172,1.96763,-2,0.327004,-0.220228,1.31401,0.0635549,0.690826,-0.45511
1.72,0.999717,-0.0132505,-0.0189706,0.0054643,-0.0437549,0.0429952,0.00117627,0.342302,0.137014,-0.864534,0.252817,-0.0329,-0.109449,0.728478,-0.0571814,-1.00695,0.000339766,0.691799,-0.0468339,-0.992828,0.000642704,0.712044,-0.0178695,-0.987197,1.34163e-05,0.741506,0.00332971,-0.977748,0.00108907,0.770436,-0.0364494,-1.0017,-0.000264854,0.719134,-0.00397765,-0.985035,-0.000571266,0.725372,0.000727325,-0.98597,0.00100885,0.749979,-0.0293141,-0.998054,0.00113741,0.757414,-0.0260625,-1.00522,-0.000114961,0.761342,-0.0253674,-1.00723,-0.000245915,0.748214,-0.024358,-0.996936,-0.000254324,0.795873,-0.0038474,-0.998713,0.000752898,0.797412,0.0185768,-1.00168,0.000426589,0.780733,0.0289122,-0.991136,-0.000660498,0.785913,0.0310983,-1.00079,-0.00161824,0.808846,0.0483386,-1.00586,-4.9989e-05,0.769468,0.0726083,-0.986153,-0.000710955,0.795904,0.0649085,-0.981237,-0.000897617,0.769603,0.072331,-0.988631,0.000324808,0.795004,0.067342,-1.00245,4.977e-05,0.761597,0.0702843,-0.995853,0.000876296,0.7662,0.0811571,-0.984024,-7.39102e-05,0.790176,0.0908715,-0.994481,0.000338999,0.781543,0.114102,-1.00338,-0.000856516,0.793612,0.0770762,-1.00399,0.000768424,0.800516,0.120714,-1.00302,-0.00169193,0.775524,0.159596,-1.00169,-0.00139762,0.742737,0.141619,-1.00352,0.000392197,0.777627,0.141249,-0.999505,-0.00156006,0.751344,0.149614,-1.00086,-9.2436e-05,0.752009,0.155307,-0.999063,-7.63344e-06,0.781134,0.169377,-0.984625,-0.000623575,0.720291,0.20028,-0.992287,-0.00209011,0.73896,0.210048,-1.00095,-0.000736328,0.751544,0.198807,-0.996577,-0.000684258,0.714964,0.188582,-1.00356,-0.000715621,0.658135,0.164354,-0.996177,-0.0012385,0.654419,0.16321,-0.983827,0.000647767,0.621333,0.203038,-0.998963,0.000196485,0.60535,0.189202,-0.992389,-0.000817123,0.629445,0.251829,-1.00416,-0.000390608,0.625668,0.285856,-1.00004,-0.000138205,0.589197,0.300872,-0.992644,-0.000523142,0.572212,0.303083,-1.00015,-0.000686885,0.527495,0.310382,-0.999761,-0.000848275,0.562091,0.316548,-1.00207,-0.000421598,0.536323,0.288384,-0.982558,-0.000651832,0.557344,0.321571,-0.984278,-0.0010185,0.625,0.32186,-0.996753,-0.00202772,0.592524,0.278268,-0.990367,-0.000631742,0.57196,0.227174,-0.994566,-0.000299507,0.49149,0.269683,-0.990285,-0.000779677,0.506283,0.272045,-0.997646,-0.00057448,0.467303,0.231664,-0.985648,-0.00073793,0.469686,0.216994,-0.9952,-0.00128573,0.502801,0.152634,-0.998035,-0.000939689,0.529006,0.135977,-0.992421,-0.000706814,0.549763,0.124164,-0.997418,-0.000808264,0.638079,0.105913,-0.997437,-0.000468209,0.646874,0.101773,-0.993217,-0.000243259,0.671383,0.0814746,-0.997964,-0.000928017,0.664286,0.0864358,-0.995628,-0.000602794,0.616978,0.0401275,-0.998546,-0.000845275,0.664927,0.0388501,-0.997427,-0.00091971,0.658827,0.0282242,-0.998442,-0.00127532,0.688284,0.0553411,-0.993483,-0.00083337,0.659763,0.00512401,-1.00026,-0.00138455,0.664287,-0.0126887,-0.999,-0.00116466,0.684538,0.00173013,-0.997286,-0.00105956,0.704477,0.0227353,-0.999479,-0.00106797,0.7,0,-1,0.339276,-0.261122,-0.121973,0.219774,-0.493864,1.20977,0.99962,-0.0251405,-0.0112173,-0.000979721,-0.081259,-0.0295366,-0.0302993,0,0,-0.393502,0.45,1,5,0.785398,0,0,0,0.00802997,0.18187,0.0459994,-0.440198,-0.612213,-0.111753,0.00171433,0.184697,0.0396385,0.550776,0.315847,0.469529,0.237856,nan,nan,nan,nan,nan,nan,nan,nan,0.0869805,-0.0115089,1.25986,730.824,442.19,646.379,340.533,-1.29172,1.98412,-2,0.320459,-0.221237,1.39921,0.312667,-0.0562875,0.249049
1.74,0.999715,-0.0133661,-0.0190271,0.00550347,-0.0276069,-0.0130774,0.00950921,0.344694,0.137289,-0.864711,0.24454,-0.0446155,-0.118339,0.742227,-0.0496378,-0.992408,0.000500133,0.725441,-0.073951,-0.987709,0.000241942,0.735933,-0.017533,-0.976726,0.000927371,0.753908,-0.0489678,-1.0004,-5.48706e-05,0.724965,-0.0377882,-0.986499,-0.00077833,0.736224,0.00222426,-0.986915,0.00100482,0.755994,-0.0268431,-0.997063,0.00115935,0.727213,-0.0363173,-1.00415,7.07319e-05,0.764109,-0.0629897,-1.00681,-0.000109725,0.751576,-0.00949236,-0.998134,-0.000363547,0.768817,-0.00161251,-0.998363,0.000718605,0.785259,0.013316,-1.00141,0.000522441,0.771375,0.0251449,-0.991282,-0.000752259,0.781064,0.0135547,-1.00045,-0.00136731,0.792419,0.0527931,-1.00631,-0.000114033,0.780528,0.0468055,-0.986541,-0.000684145,0.806353,0.0995961,-0.979924,-0.00094106,0.785389,0.0728283,-0.988553,0.000302852,0.799358,0.0578061,-1.00272,-5.10892e-05,0.762521,0.0515868,-0.99418,0.000964417,0.771004,0.0426219,-0.985032,-0.000211344,0.764252,0.0743658,-0.993333,0.000331371,0.790257,0.0793509,-1.00308,-0.000702137,0.762479,0.0772827,-1.00355,0.000876996,0.79142,0.0953873,-1.00277,-0.00167755,0.770022,0.135403,-1.00141,-0.00135426,0.774359,0.140441,-1.00247,0.000424819,0.780317,0.127372,-0.999492,-0.00156558,0.775762,0.152939,-1.00139,-0.00010704,0.771383,0.147708,-0.998941,8.33217e-05,0.783834,0.135946,-0.985072,-0.000659736,0.742405,0.206464,-0.993454,-0.00216854,0.738683,0.201392,-1.00027,-0.000752148,0.732386,0.193288,-0.997262,-0.000712816,0.702894,0.175439,-1.00564,-0.000820731,0.678872,0.16414,-0.997454,-0.00133285,0.658998,0.172104,-0.982993,0.000561684,0.629212,0.226984,-0.999197,0.000137443,0.629512,0.206145,-0.99226,-0.000679562,0.636546,0.237383,-1.00566,-0.000296161,0.614831,0.256199,-0.999126,-0.000126579,0.592571,0.289538,-0.990732,-0.000701057,0.56267,0.313155,-1.0012,-0.000630926,0.559932,0.309882,-1.00167,-0.000959817,0.578701,0.311555,-1.00316,-0.000610069,0.54222,0.320376,-0.982064,-0.000738759,0.544796,0.35396,-0.985057,-0.000946892,0.610018,0.341567,-0.996282,-0.00220183,0.577622,0.32754,-0.990745,-0.000621209,0.559601,0.288461,-0.995455,-0.000176524,0.492054,0.267848,-0.9904,-0.000697565,0.518531,0.254555,-0.998159,-0.000701209,0.46665,0.241116,-0.985747,-0.000682113,0.487501,0.226541,-0.994452,-0.00124929,0.506331,0.189429,-0.997597,-0.000766619,0.534541,0.156339,-0.991425,-0.000705652,0.57693,0.141051,-0.997039,-0.000790291,0.629236,0.126274,-0.99679,-0.000407937,0.651777,0.150719,-0.992804,-8.57396e-06,0.681392,0.132516,-0.998115,-0.00077982,0.68905,0.108025,-0.997395,-0.000672725,0.63116,0.0419189,-1.00063,-0.000890105,0.654281,0.076824,-0.995778,-0.00106808,0.662092,0.0730645,-0.998407,-0.00142157,0.691643,0.0416878,-0.993061,-0.00070605,0.673553,0.00918296,-1.00105,-0.00142371,0.670441,-0.00605326,-0.999524,-0.00119593,0.655053,0.0125843,-0.996308,-0.000998597,0.688896,0.0307661,-1.00072,-0.000974044,0.694556,0.0643495,-1.00148,-0.0010213,0.7,0,-1,0.287882,-0.226137,-0.123212,0.100175,-0.484154,1.24718,0.999683,-0.0246642,-0.0050895,0.000532669,-0.0999201,0.033986,-0.0368167,0,0,-0.393975,0.45,1,5,0.785398,0,0,0,0.00768844,0.181939,0.0459217,1.21854,-2.95742,0.235647,-0.0147226,0.197872,0.0391065,0.580379,0.286066,0.482561,0.226892,nan,nan,nan,nan,nan,nan,nan,nan,0.00619463,-0.150404,1.26667,749.981,432.689,645.509,336.886,-1.36567,1.94815,-2,0.325616,-0.22607,1.28975,-0.413854,-0.585779,-0.444531
1.76,0.999716,-0.0131907,-0.019,0.00566499,0.0127184,0.0223003,0.01118,0.3518,0.138059,-0.865439,0.256047,-0.029577,-0.116372,0.739697,-0.0736353,-0.988585,5.4516e-05,0.743165,-0.0440956,-0.974992,0.000784419,0.742657,-0.0682238,-1.00041,-9.31145e-05,0.726407,-0.0352681,-0.986832,-0.000794158,0.718241,-0.00655492,-0.986361,0.000878335,0.73379,-0.0250585,-0.996777,0.000991031,0.731913,-0.0558633,-1.00353,-1.26099e-05,0.754212,-0.0645523,-1.00693,-0.000205057,0.749953,-0.0433262,-0.996638,-0.000647936,0.757033,-0.0324367,-0.998341,0.000987313,0.760636,-0.0286683,-0.999946,0.000462738,0.780095,-0.00630333,-0.991531,-0.00087378,0.794711,0.0141996,-1.00049,-0.00139776,0.789249,0.0325835,-1.007,3.79011e-05,0.780769,0.0445626,-0.985192,-0.000889863,0.818293,0.0602017,-0.979049,-0.000876707,0.79438,0.0340834,-0.987734,0.000388263,0.800692,0.0503782,-1.00123,0.000118889,0.784965,0.0585108,-0.993629,0.00113156,0.811493,0.069223,-0.985753,-5.19975e-05,0.785507,0.0511938,-0.992376,0.000323828,0.803864,0.0597107,-1.00291,-0.00078586,0.780359,0.0816756,-1.00364,0.000973852,0.775289,0.0898678,-0.999966,-0.00157248,0.75465,0.131362,-1.00278,-0.00133578,0.768579,0.133348,-1.0022,0.000399962,0.790516,0.162768,-1.00141,-0.00135643,0.783091,0.158742,-1.00054,-0.000142346,0.75661,0.170459,-0.999541,-7.32036e-05,0.755139,0.171624,-0.986806,-0.000546294,0.754242,0.196614,-0.993262,-0.00218507,0.766096,0.2228,-1.00059,-0.000742389,0.716883,0.177705,-0.996831,-0.000648128,0.701134,0.1977,-1.00617,-0.000776638,0.66089,0.19697,-0.997213,-0.00139963,0.644367,0.172065,-0.980242,0.000684981,0.631736,0.221779,-1.00118,0.00013779,0.61892,0.223604,-0.991452,-0.000621561,0.633023,0.281268,-1.00589,-0.000327469,0.635351,0.299201,-0.998066,5.41536e-05,0.595561,0.299619,-0.988476,-0.000868645,0.568421,0.321167,-0.99975,-0.000706233,0.555993,0.306908,-1.00088,-0.000993613,0.579446,0.340261,-1.00395,-0.000635985,0.529985,0.312959,-0.980895,-0.000569477,0.57081,0.363041,-0.986449,-0.00117443,0.575099,0.373378,-0.995734,-0.00218416,0.561043,0.364669,-0.990176,-0.000465776,0.52684,0.31447,-0.996061,-0.000220986,0.50751,0.305647,-0.988804,-0.000810255,0.522765,0.263214,-0.997283,-0.000799213,0.505956,0.259185,-0.986481,-0.000708526,0.516447,0.225891,-0.99252,-0.00115738,0.501893,0.177111,-0.995835,-0.000905682,0.550463,0.18616,-0.99168,-0.000584122,0.626866,0.149364,-0.997858,-0.000785459,0.649425,0.139641,-0.997053,-0.000400482,0.643544,0.172678,-0.991557,0.000105653,0.685234,0.13529,-0.999284,-0.000846646,0.680495,0.0935508,-0.999347,-0.000700539,0.643149,0.0723938,-1.00146,-0.00105248,0.700227,0.099808,-0.994786,-0.00107314,0.653254,0.0777581,-0.998307,-0.00137243,0.672849,0.0491103,-0.993372,-0.000579108,0.685403,0.0333316,-1.00159,-0.00136789,0.659845,0.0251788,-0.996679,-0.00119061,0.648957,0.0356186,-0.995399,-0.0011195,0.661294,0.026211,-1.00069,-0.00114818,0.68985,0.066663,-1.00329,-0.00117839,0.698497,0.0942148,-1.00132,-0.000859279,0.7,0,-1,0.287882,-0.226137,-0.123212,0.100175,-0.484154,1.24718,0.999683,-0.0246642,-0.0050895,0.000532669,-0.104637,0.0440547,-0.0323385,0,0,-0.397194,0.45,1,5,0.785398,0,0,0,0.0074023,0.182066,0.0458781,-1.88938,-2.34374,-0.0232863,0.00032435,0.200739,0.0390785,0.579718,0.292132,0.482772,0.232796,nan,nan,nan,nan,nan,nan,nan,nan,0.0764305,-0.0509938,1.27454,749.84,427.499,644.915,336.114,-1.3405,2.04554,-2,0.323661,-0.221992,1.32934,0.575387,0.751929,0.0983588
1.78,0.999718,-0.0131678,-0.0189257,0.00568434,0.00357517,0.0159286,0.00481286,0.354224,0.138288,-0.865715,0.256796,-0.0307258,-0.119489,0.761827,-0.0778616,-0.974535,0.000638076,0.732734,-0.0773259,-1.00125,-1.07849e-05,0.733982,-0.0822874,-0.986808,-0.000856181,0.750046,-0.0377613,-0.987072,0.000819907,0.750225,-0.0388048,-0.995548,0.00105886,0.725065,-0.0517185,-1.00445,6.18559e-05,0.724865,-0.0354782,-1.00699,-9.6872e-05,0.71671,-0.0301037,-0.995729,-0.000774542,0.741542,-0.00236006,-0.997342,0.00105953,0.75899,-0.0240302,-1.00062,0.000318326,0.76823,0.00334057,-0.989852,-0.000891422,0.796461,-0.0114542,-0.999955,-0.0012884,0.801022,0.0102784,-1.00795,0.000108822,0.761629,0.0150387,-0.985925,-0.000650891,0.805817,0.0357576,-0.978626,-0.000760446,0.813724,0.0126569,-0.987125,0.000355137,0.798413,0.0390422,-1.00184,6.93715e-05,0.796957,0.0564113,-0.991479,0.00104955,0.800428,0.0448761,-0.985496,3.85347e-05,0.778067,0.0535851,-0.991438,0.000244908,0.812337,0.0577527,-1.00507,-0.000689419,0.774742,0.0638121,-1.00404,0.00099806,0.759758,0.0804052,-0.998621,-0.00145203,0.740111,0.113379,-1.00195,-0.00143108,0.736081,0.127102,-0.999807,0.000482438,0.772858,0.142783,-1.0011,-0.00140606,0.788842,0.144445,-1.00317,-0.000308765,0.766422,0.169056,-0.997713,-0.000172056,0.771365,0.188779,-0.986674,-0.000409502,0.75105,0.213289,-0.995349,-0.00200891,0.728099,0.232329,-1.00039,-0.000745969,0.706384,0.195791,-0.997735,-0.000838827,0.682893,0.184692,-1.0052,-0.00064167,0.666002,0.188403,-0.995908,-0.00126963,0.672669,0.209008,-0.979809,0.000671596,0.631572,0.234224,-1.00073,0.00039735,0.639212,0.260693,-0.989095,-0.000504081,0.643968,0.268154,-1.00513,-0.000370116,0.606195,0.279972,-0.996185,3.47298e-05,0.605749,0.315985,-0.987812,-0.000991388,0.581046,0.329993,-1.00121,-0.000836495,0.54825,0.325558,-1.001,-0.000810288,0.566329,0.355842,-1.00534,-0.000443064,0.537015,0.333786,-0.978663,-0.000701323,0.547719,0.383154,-0.987107,-0.00139289,0.564693,0.350186,-0.996786,-0.00217284,0.576304,0.392193,-0.989751,-0.000641885,0.523468,0.34488,-0.993516,-9.05677e-05,0.494319,0.305606,-0.988117,-0.000835644,0.497443,0.314575,-0.997889,-0.000819746,0.519349,0.258684,-0.986976,-0.000630105,0.527462,0.254382,-0.993235,-0.00116804,0.518398,0.204946,-0.994774,-0.000853709,0.569247,0.204697,-0.992095,-0.000592882,0.644409,0.170797,-0.99643,-0.000872918,0.653695,0.17727,-0.997839,-0.000417989,0.637347,0.171597,-0.9925,-2.63708e-05,0.655933,0.140601,-1.00121,-0.00083343,0.656877,0.0818167,-0.999834,-0.000686012,0.637528,0.0833398,-1.0005,-0.000852627,0.710433,0.0849121,-0.995039,-0.00108276,0.688938,0.0793223,-0.997422,-0.00139311,0.666427,0.0518894,-0.99487,-0.000737777,0.658038,0.07078,-1.00194,-0.00135582,0.642603,0.0461253,-0.998685,-0.00111094,0.634382,0.0410245,-0.993554,-0.000845651,0.709928,0.0101498,-1.00081,-0.00109676,0.695408,0.0799877,-1.00334,-0.00132789,0.691363,0.0818186,-1.00122,-0.000870176,0.715703,0.0764706,-1.00067,-0.000776214,0.7,0,-1,0.283138,-0.226549,-0.122455,0.141937,-0.528496,1.23292,0.999611,-0.0269175,-0.0072158,0.000463943,-0.0686146,0.0361197,-0.0348888,0,0,-0.392412,0.45,1,5,0.785398,0,0,0,0.00712728,0.182299,0.0458245,-2.29397,-1.17532,-0.373734,0.0117887,0.194834,0.0395191,0.583602,0.288928,0.494887,0.22136,nan,nan,nan,nan,nan,nan,nan,nan,0.11666,-0.116693,1.24478,753.487,422.57,656.74,331.714,-1.36934,2.0622,-2,0.325881,-0.223997,1.2378,0.0374302,-0.057442,-0.155853
1.8,0.999718,-0.0132566,-0.018842,0.00570741,-0.0213029,0.0183275,0.00619699,0.356668,0.13852,-0.866061,0.26122,-0.0291673,-0.122764,0.751485,-0.115545,-1.00046,0.000114273,0.725815,-0.115471,-0.987822,-0.000960404,0.747437,-0.0656033,-0.988603,0.000833569,0.751027,-0.0543143,-0.996275,0.00117436,0.721729,-0.06163,-1.00364,8.7038e-05,0.701738,-0.0598743,-1.00427,-4.57947e-05,0.676009,-0.0491721,-0.996463,-0.000728039,0.733805,-0.0284112,-0.996071,0.00110287,0.773169,0.00099523,-0.998394,0.000328827,0.763092,0.0104863,-0.991533,-0.00108224,0.78509,-0.00596929,-0.999429,-0.00113662,0.811526,0.000612148,-1.00891,0.000348812,0.772777,-0.0163027,-0.987097,-0.000749947,0.793359,0.00175203,-0.979579,-0.00094155,0.788186,-0.0157505,-0.98651,0.000378141,0.783728,0.0167055,-1.00258,4.16211e-05,0.781891,0.0620417,-0.99097,0.00101296,0.803486,0.0547387,-0.985504,5.39184e-05,0.787395,0.0717962,-0.991279,0.000193698,0.793894,0.040674,-1.00462,-0.000780539,0.773782,0.058007,-1.00451,0.00103231,0.763361,0.0810875,-0.998326,-0.00134704,0.771504,0.102891,-1.00263,-0.00139921,0.763596,0.12336,-0.999456,0.000275448,0.777436,0.134877,-0.999559,-0.00138478,0.775853,0.144479,-1.00324,-0.000236022,0.775795,0.159297,-0.996642,-0.000392077,0.787504,0.204351,-0.985725,-0.000399736,0.767669,0.223492,-0.994299,-0.0019126,0.719012,0.234039,-0.999227,-0.000866877,0.704853,0.210615,-0.997346,-0.000722519,0.714403,0.18506,-1.00498,-0.000623973,0.67529,0.222142,-0.995849,-0.00125265,0.666666,0.196586,-0.979376,0.000591222,0.623338,0.230582,-1.00006,0.000397219,0.650945,0.243617,-0.989078,-0.000563609,0.664675,0.258022,-1.00479,-0.000346915,0.602751,0.257853,-0.996575,5.3364e-05,0.59617,0.316128,-0.987499,-0.00108285,0.558864,0.324447,-1.00036,-0.00094129,0.572177,0.322199,-1.00103,-0.000691887,0.581346,0.342077,-1.00526,-0.000554719,0.547768,0.362768,-0.979317,-0.000631758,0.550331,0.37173,-0.988506,-0.00137989,0.577525,0.364695,-0.995844,-0.00204084,0.566456,0.373611,-0.98953,-0.000694055,0.511468,0.366,-0.995346,2.84749e-05,0.493109,0.36706,-0.989497,-0.000838963,0.487121,0.328434,-0.997875,-0.000743293,0.514304,0.312997,-0.986277,-0.0007323,0.52821,0.280473,-0.992589,-0.0011898,0.528029,0.225721,-0.994926,-0.00096388,0.581241,0.214305,-0.991484,-0.000546503,0.632146,0.18773,-0.993837,-0.000968417,0.634995,0.186106,-0.998373,-0.000405446,0.673837,0.150737,-0.991644,5.58074e-06,0.647152,0.115103,-0.999973,-0.000772725,0.652747,0.106987,-0.999633,-0.000719691,0.654834,0.130477,-1.00125,-0.000932681,0.668802,0.0826322,-0.995591,-0.0010164,0.668997,0.072417,-0.997716,-0.00129334,0.657651,0.060773,-0.995035,-0.000857664,0.634267,0.0764093,-1.00103,-0.00132321,0.641443,0.021402,-1.00093,-0.00114934,0.638141,0.0402393,-0.992756,-0.000911076,0.71322,0.0407517,-1.00048,-0.00134026,0.721768,0.0883729,-1.00221,-0.00144742,0.746219,0.0426713,-1.00027,-0.000940395,0.735656,0.0632912,-1.00116,-0.000693716,0.708699,0.105085,-1.00103,-0.000762793,0.7,0,-1,0.328391,-0.182745,-0.122173,0.163983,-0.336411,1.24246,0.999818,-0.0171431,-0.00835412,0.000106835,-0.0778846,0.0309971,-0.0290078,0,0,-0.397007,0.45,1,5,0.785398,0,0,0,0.00714418,0.182472,0.0457848,-2.7939,-1.04585,0.25795,0.0191313,0.193782,0.0400211,0.542893,0.321115,0.496774,0.208867,nan,nan,nan,nan,nan,nan,nan,nan,0.0635437,-0.0108627,1.24009,742.664,448.7,658.929,324.206,-1.37978,2.09262,-2,0.3256,-0.226313,1.20765,0.2212,0.0779226,-0.16373
1.82,0.99971,-0.0134168,-0.0192067,0.00565558,-0.00436361,-0.0187052,-0.00875826,0.363981,0.139288,-0.866875,0.261651,-0.0409747,-0.117422,0.777659,-0.111848,-0.987606,-0.00100698,0.774834,-0.0614971,-0.987558,0.000749976,0.739136,-0.0834246,-0.995714,0.00109574,0.71438,-0.0650375,-1.00261,4.48269e-07,0.708589,-0.0244304,-1.0043,-5.49304e-05,0.711173,-0.0572571,-0.994241,-0.000743005,0.728464,-0.0449716,-0.996997,0.000873285,0.763431,-0.0173811,-0.998973,0.000227669,0.773883,0.0110152,-0.99285,-0.00105628,0.795371,-0.00707964,-0.997089,-0.00136424,0.80819,-0.0125236,-1.00961,0.000312316,0.782082,-0.00635462,-0.98541,-0.000756581,0.792116,0.0113594,-0.97825,-0.000857734,0.791656,0.00450127,-0.986094,0.000351111,0.807673,-0.011898,-1.00285,0.000115304,0.75159,0.0625128,-0.989641,0.00112208,0.803038,0.0573109,-0.984527,0.000136764,0.789967,0.0659045,-0.990763,0.000162942,0.777217,0.0744898,-1.00411,-0.000879579,0.774588,0.0755178,-1.00435,0.000842298,0.744193,0.0759071,-0.998184,-0.0013853,0.795543,0.0951981,-1.00083,-0.00160375,0.781508,0.114889,-0.998785,0.000160004,0.804368,0.146862,-1.00107,-0.00128837,0.799217,0.128089,-1.00583,-0.00013717,0.795183,0.157803,-0.995903,-0.000397126,0.765668,0.169498,-0.987233,-0.000137547,0.757196,0.204079,-0.992585,-0.00205207,0.720333,0.215723,-1.00009,-0.000888405,0.734008,0.237829,-0.996481,-0.000842083,0.688841,0.208637,-1.00344,-0.00051322,0.685857,0.216081,-0.996067,-0.00125212,0.683475,0.192415,-0.979184,0.000578236,0.629529,0.239491,-0.99814,0.000319659,0.656685,0.230558,-0.991933,-0.000452212,0.673529,0.263062,-1.00526,-0.000216225,0.642629,0.274842,-0.996382,9.07683e-05,0.607617,0.312956,-0.98683,-0.000948158,0.567839,0.3434,-0.998545,-0.000957002,0.559793,0.360089,-1.00139,-0.000628555,0.582208,0.349309,-1.00518,-0.00055933,0.551256,0.384586,-0.980494,-0.000665961,0.55321,0.39044,-0.9886,-0.00108265,0.558772,0.389047,-0.994635,-0.0021451,0.520615,0.386191,-0.987231,-0.000710473,0.489437,0.369074,-0.995236,-9.37349e-05,0.535805,0.366474,-0.989552,-0.000718203,0.532007,0.329048,-0.997872,-0.000718879,0.52026,0.320734,-0.984233,-0.000838833,0.546812,0.300435,-0.992998,-0.00107378,0.565273,0.271078,-0.99652,-0.000894715,0.590336,0.24555,-0.992018,-0.000350815,0.608833,0.1872,-0.994256,-0.000952303,0.627078,0.188938,-1.00093,-0.000304955,0.672806,0.128726,-0.991173,2.82597e-05,0.655313,0.146404,-1.0016,-0.000678581,0.637234,0.134702,-1.0004,-0.000545996,0.656492,0.131559,-1.00289,-0.00105707,0.680826,0.114296,-0.99683,-0.0011736,0.681184,0.126189,-0.997005,-0.0011905,0.68753,0.0809917,-0.99608,-0.000912542,0.621424,0.0968596,-1.00016,-0.00128229,0.647496,0.0282385,-1.00054,-0.00120071,0.639406,0.0478903,-0.993252,-0.000863548,0.689331,0.0375979,-1.00028,-0.00127282,0.738537,0.0559281,-1.00091,-0.00123425,0.757338,0.0435181,-0.99825,-0.000835358,0.703846,0.0750437,-1.00136,-0.000484726,0.696561,0.110263,-1.0013,-0.00082753,0.727424,0.0979415,-1.00064,-0.000665215,0.7,0,-1,0.339842,-0.210301,-0.103587,0.209709,-0.51695,1.34018,0.999596,-0.0263258,-0.0106783,3.78645e-05,-0.0701672,0.0629265,-0.033717,0,0,-0.395086,0.45,1,5,0.785398,0,0,0,0.00718619,0.182559,0.0457648,-1.87059,1.35251,0.14914,0.0238249,0.184898,0.0402728,0.55313,0.312963,0.499457,0.207339,nan,nan,nan,nan,nan,nan,nan,nan,0.0758106,-0.212563,1.28483,737.285,446.17,661.937,318.047,-1.41055,2.05631,-2,0.329257,-0.22724,1.27588,0.021553,-0.590366,0.267069
1.84,0.999693,-0.0146165,-0.0192732,0.00541815,-0.142455,0.0144648,-0.0180481,0.371281,0.140228,-0.867416,0.2685,-0.0356858,-0.11571,0.78201,-0.0728722,-0.987014,0.000477081,0.726499,-0.0932125,-0.994406,0.00108702,0.685555,-0.0732892,-1.00294,7.45416e-05,0.669838,-0.0611531,-1.00399,9.6341e-06,0.730204,-0.0426031,-0.995144,-0.000691846,0.729233,-0.0523537,-0.996558,0.00114644,0.755547,-0.025394,-0.999271,0.000368931,0.787603,0.00165843,-0.992013,-0.00120818,0.754319,-0.0201567,-0.996433,-0.00139886,0.810217,-0.00632694,-1.00875,0.00042761,0.767976,0.0140438,-0.98527,-0.000672683,0.78749,0.0129228,-0.976921,-0.00108,0.799705,0.00690484,-0.985998,0.000280508,0.783786,0.0112937,-1.0027,-4.77863e-05,0.772443,0.0380751,-0.98693,0.00113254,0.800464,0.0403734,-0.985886,1.94167e-05,0.793914,0.0805906,-0.992209,0.000184008,0.789857,0.0736962,-1.00393,-0.000767334,0.797768,0.0685517,-1.00524,0.000917184,0.746375,0.0669546,-0.998635,-0.00148836,0.782995,0.0952167,-1.00017,-0.00163636,0.803797,0.0866673,-0.999951,1.59774e-05,0.817113,0.116373,-1.00092,-0.00148173,0.793428,0.128791,-1.00688,2.21411e-05,0.787513,0.145993,-0.997032,-0.000254165,0.771572,0.157185,-0.987984,-4.65794e-05,0.756407,0.189826,-0.990845,-0.00205925,0.759232,0.212671,-0.999516,-0.000912,0.754951,0.230553,-0.996535,-0.00085255,0.698269,0.24282,-1.0029,-0.000516528,0.697731,0.218995,-0.998043,-0.00130318,0.709721,0.191445,-0.976388,0.000470223,0.669374,0.224813,-0.9998,0.000268997,0.679374,0.247281,-0.989758,-0.000519027,0.669108,0.279872,-1.00326,-0.000418924,0.632775,0.262048,-0.996717,0.000174767,0.635656,0.30574,-0.986847,-0.00107611,0.597166,0.332463,-0.997329,-0.000998912,0.593801,0.33611,-1.00085,-0.000544972,0.570005,0.382825,-1.00442,-0.000606146,0.530812,0.399833,-0.979485,-0.000656856,0.529185,0.41581,-0.990308,-0.00127486,0.538466,0.413289,-0.996674,-0.0021483,0.504607,0.415076,-0.986875,-0.000613758,0.536711,0.391254,-0.995075,-9.51906e-05,0.513296,0.389605,-0.989347,-0.000809534,0.530114,0.325977,-1.00044,-0.000708135,0.520832,0.342799,-0.984428,-0.000992625,0.567283,0.316581,-0.994196,-0.000989714,0.589391,0.317163,-0.995138,-0.00101684,0.580037,0.263155,-0.991342,-0.000359994,0.610649,0.235435,-0.99408,-0.000845831,0.61889,0.208108,-1.00064,-0.000201237,0.668781,0.188629,-0.989631,4.74518e-05,0.667956,0.163029,-0.999912,-0.000823665,0.668899,0.136079,-1.00042,-0.00079192,0.667385,0.160207,-1.00307,-0.00119593,0.69,0.142715,-0.996991,-0.00101665,0.694031,0.15256,-0.99591,-0.00132199,0.672967,0.0997428,-0.995617,-0.00101926,0.645251,0.100132,-1.00261,-0.0012073,0.67808,0.0344683,-0.999887,-0.00121535,0.674587,0.0377675,-0.992147,-0.00108622,0.673033,0.0661718,-0.999019,-0.00132027,0.72761,0.0890738,-1.00286,-0.00114398,0.781004,0.0601971,-0.998746,-0.00104639,0.719095,0.0876014,-1.00069,-0.000400832,0.707189,0.111165,-1.00172,-0.000869478,0.693938,0.0766524,-0.998771,-0.000832666,0.704641,0.0759311,-1.00089,-0.000608573,0.7,0,-1,0.339842,-0.210301,-0.103587,0.209709,-0.51695,1.34018,0.999596,-0.0263258,-0.0106783,3.78645e-05,-0.0926798,0.0687663,-0.0334666,0,0,-0.393952,0.45,1,5,0.785398,0,0,0,0.00739911,0.18266,0.0457177,0.749316,2.57852,0.315301,0.00811592,0.193266,0.0399095,0.543553,0.327114,0.493055,0.216622,nan,nan,nan,nan,nan,nan,nan,nan,0.107262,-0.168355,1.29168,730.667,456.396,660.152,316.547,-1.41055,2.10746,-2,0.329465,-0.24706,1.30176,0.342463,0.264444,0.0856265
1.86,0.999672,-0.0164176,-0.0189046,0.0053346,-0.122299,0.0357835,0.00308619,0.379137,0.140954,-0.868279,0.271801,-0.0382529,-0.12033,0.777372,-0.168101,-0.995831,0.00115298,0.710573,-0.128218,-1.00325,9.1928e-05,0.711532,-0.0767688,-1.00504,0.000135589,0.727706,-0.0597005,-0.997242,-0.000724949,0.710416,-0.0581424,-0.997162,0.00117427,0.7415,-0.0411361,-0.99878,0.000308427,0.75787,0.00885984,-0.99098,-0.00119197,0.744768,0.0114573,-0.995252,-0.00118151,0.78977,-0.0229887,-1.00874,0.000288204,0.763564,0.0197221,-0.985055,-0.000671427,0.77927,0.00937374,-0.978013,-0.00104146,0.786988,0.0134324,-0.984998,0.000435632,0.780804,0.00234265,-1.0018,0.000208412,0.80631,0.0180037,-0.987449,0.00119982,0.799527,0.036531,-0.985778,-0.000127692,0.789131,0.0444549,-0.99142,9.15025e-05,0.784448,0.0492982,-1.00253,-0.000741947,0.789539,0.0700126,-1.00415,0.000962151,0.762394,0.055318,-1.00031,-0.00137773,0.804487,0.100936,-1.00013,-0.00171295,0.803479,0.0926127,-0.999344,2.24386e-05,0.814945,0.1669,-0.999447,-0.00143986,0.802812,0.157639,-1.00665,-1.57439e-05,0.801173,0.152792,-0.997752,-0.000263599,0.802847,0.14175,-0.987194,0.000115904,0.746602,0.179337,-0.989693,-0.00201212,0.776028,0.204405,-0.998088,-0.000920351,0.750833,0.183341,-0.99523,-0.000740714,0.693067,0.261099,-1.00027,-0.000510685,0.711956,0.215564,-0.996736,-0.00146412,0.706913,0.201775,-0.975519,0.000615029,0.697637,0.251643,-1.00137,0.000183307,0.689783,0.21184,-0.986806,-0.000413948,0.646358,0.269316,-1.00362,-0.000423962,0.655707,0.274912,-0.99547,0.000139405,0.638384,0.332925,-0.985239,-0.00119958,0.598724,0.343423,-0.998025,-0.00100534,0.599437,0.360769,-0.999241,-0.000528913,0.57405,0.365968,-1.00234,-0.00058732,0.55503,0.398971,-0.978149,-0.000666896,0.526871,0.42704,-0.988557,-0.000982202,0.508514,0.440355,-1.00067,-0.0021797,0.506673,0.406645,-0.987011,-0.000623385,0.524363,0.442205,-0.997908,1.46319e-05,0.522349,0.397286,-0.990866,-0.000901722,0.51717,0.373237,-1.00022,-0.000811568,0.528006,0.380831,-0.984365,-0.00107394,0.570558,0.36835,-0.996194,-0.00105966,0.592947,0.316651,-0.995197,-0.00102356,0.580754,0.278918,-0.991115,-0.000438441,0.644617,0.213067,-0.993836,-0.000909993,0.647031,0.203149,-0.999853,-0.000301059,0.682986,0.198,-0.989721,-0.000227433,0.675805,0.192389,-1.00021,-0.000904576,0.664173,0.144258,-1.00092,-0.00065554,0.666317,0.187452,-1.00135,-0.00115189,0.697808,0.15081,-0.993993,-0.00097309,0.674713,0.125455,-0.996885,-0.00131942,0.674813,0.0958918,-0.994829,-0.000987285,0.661583,0.103333,-1.00228,-0.0010411,0.666645,0.0548963,-0.999541,-0.00099863,0.677587,0.0565306,-0.991689,-0.00109535,0.693532,0.0502791,-0.999051,-0.00150877,0.724842,0.102726,-1.00118,-0.00129594,0.767591,0.0887543,-0.999436,-0.00126585,0.73825,0.0927293,-0.999175,-0.000417235,0.711537,0.116921,-1.0001,-0.000894966,0.706794,0.0836254,-1.00047,-0.000939675,0.680741,0.0964404,-0.999685,-0.000788497,0.695359,0.109509,-1.00169,-0.000611798,0.7,0,-1,0.320077,-0.24675,-0.12807,0.173603,-0.494807,1.17895,0.999643,-0.0251994,-0.00884591,-0.000165843,-0.0942562,0.101951,-0.0251316,0,0,-0.3938,0.45,1,5,0.785398,0,0,0,0.0075907,0.182812,0.0456429,-0.0785918,3.62607,0.0307106,0.0131785,0.168522,0.0394085,0.552655,0.313584,0.489437,0.217401,nan,nan,nan,nan,nan,nan,nan,nan,0.114499,-0.0881085,1.20991,728.142,452.15,657.796,315.682,-1.4261,2.12216,-2,0.320495,-0.275345,1.37695,0.165039,-0.128357,-0.231012
1.88,0.999661,-0.0173474,-0.0186674,0.00538393,-0.109605,0.0427589,0.0123869,0.38417,0.141417,-0.868976,0.272352,-0.025977,-0.122257,0.751325,-0.128463,-1.00198,5.11742e-05,0.72567,-0.129979,-1.00454,-4.58636e-05,0.713218,-0.113194,-0.99867,-0.00065495,0.713382,-0.0847769,-0.99684,0.00100847,0.717266,-0.0461845,-1.00038,0.000338009,0.714035,0.00554013,-0.991039,-0.00127297,0.72199,-0.00956373,-0.994257,-0.00100825,0.772942,-0.0356854,-1.00731,0.000218508,0.776002,-0.0357793,-0.985757,-0.000568787,0.774985,-0.0123171,-0.976878,-0.00100445,0.778124,0.0196592,-0.982975,0.000216629,0.773194,0.00300783,-1.0007,0.000236884,0.777862,0.02052,-0.987073,0.00128956,0.799639,0.0379347,-0.985879,-0.00015578,0.805812,0.0527674,-0.992287,8.59129e-05,0.829869,0.0454085,-0.999198,-0.000579983,0.812298,0.0755539,-1.00336,0.00095679,0.801549,0.0804914,-0.999063,-0.00142678,0.814996,0.0783778,-0.999355,-0.00180346,0.826186,0.0935399,-0.999925,0.000192316,0.798928,0.15763,-0.999948,-0.0015793,0.817074,0.154741,-1.00615,-0.000153171,0.819014,0.163089,-0.996631,-0.000206552,0.801141,0.16044,-0.987712,0.000238241,0.754468,0.157879,-0.992047,-0.00200434,0.799905,0.196312,-0.998847,-0.000993517,0.776416,0.195492,-0.994916,-0.000573507,0.706693,0.220791,-0.999826,-0.000375445,0.697209,0.21745,-0.995484,-0.00142259,0.706572,0.199993,-0.974826,0.000618617,0.695545,0.217433,-1.0018,6.2759e-05,0.664343,0.224601,-0.98498,-0.000442616,0.669233,0.246501,-1.00342,-0.000501847,0.664413,0.269205,-0.995428,0.00019228,0.659989,0.313214,-0.985992,-0.00108894,0.614228,0.353746,-0.997768,-0.00100289,0.586668,0.352783,-0.998561,-0.000615607,0.577165,0.359446,-1.00547,-0.000551983,0.564433,0.377099,-0.976647,-0.000759944,0.521261,0.413371,-0.988943,-0.000938818,0.51133,0.446535,-0.998736,-0.00209647,0.524969,0.404628,-0.985979,-0.000667897,0.542766,0.434568,-0.997146,-0.000172581,0.507716,0.4266,-0.99075,-0.000999564,0.520643,0.401616,-1.00038,-0.000827597,0.52578,0.398463,-0.985763,-0.0012052,0.56062,0.407268,-0.997661,-0.000969132,0.580276,0.3198,-0.99577,-0.00107478,0.571248,0.288732,-0.992002,-0.000518089,0.632179,0.237359,-0.993758,-0.000900095,0.619029,0.215117,-1.00193,-0.000262395,0.660102,0.19945,-0.989899,-0.000210542,0.676801,0.219207,-1.00099,-0.000943127,0.665359,0.19233,-0.998157,-0.000643054,0.67434,0.183509,-1.00004,-0.00132995,0.678594,0.176598,-0.99365,-0.00114594,0.696245,0.121063,-0.998412,-0.00130598,0.673732,0.096624,-0.996558,-0.0011137,0.669254,0.115713,-1.00512,-0.000909535,0.679861,0.0915103,-0.999381,-0.00108784,0.6843,0.0708776,-0.992681,-0.00117985,0.681273,0.0705151,-0.998597,-0.00136799,0.733707,0.107096,-1.00313,-0.00119121,0.746414,0.0749277,-1.00019,-0.00131913,0.740203,0.0955897,-0.99832,-0.000495939,0.706785,0.101457,-0.998905,-0.000730593,0.706215,0.106684,-1.00218,-0.000844985,0.675112,0.079716,-0.998714,-0.000821804,0.706808,0.114532,-1.00348,-0.000381439,0.702148,0.119012,-1.00125,-0.000534174,0.7,0,-1,0.340053,-0.243462,-0.114599,0.170402,-0.557503,1.24239,0.999559,-0.0283805,-0.00869786,-0.000750596,-0.021648,0.0720615,-0.0300459,0,0,-0.396678,0.45,1,5,0.785398,0,0,0,0.00767659,0.182866,0.045565,3.408,-0.445455,0.100604,0.00245112,0.179344,0.0387367,0.552849,0.313947,0.482484,0.226867,nan,nan,nan,nan,nan,nan,nan,nan,0.060123,-0.0814882,1.21176,726.297,449.074,654.067,325.756,-1.45491,2.21255,-2,0.315615,-0.290146,1.40318,0.0275388,0.613796,-0.0963271
1.9,0.999661,-0.019159,-0.0167033,0.00558366,-0.0758963,0.109807,0.0171083,0.394067,0.142454,-0.870022,0.271985,-0.0484427,-0.121114,0.754395,-0.136119,-1.00351,-0.000108346,0.718997,-0.124941,-0.999002,-0.000532585,0.696346,-0.0739765,-0.995732,0.000990079,0.716499,-0.038881,-0.999715,0.000443604,0.737074,-0.00662626,-0.991735,-0.00146211,0.72611,-0.0155349,-0.994818,-0.0009638,0.754252,-0.0169351,-1.01032,6.39211e-05,0.78163,-0.00597203,-0.987181,-0.000644994,0.800425,-0.0217174,-0.975544,-0.001,0.787932,0.0140994,-0.981321,0.000351063,0.799364,0.013631,-0.999485,0.000155837,0.786282,0.0208647,-0.987035,0.00127154,0.798254,0.0141957,-0.985748,-0.000267118,0.795673,0.0662038,-0.991744,6.5699e-05,0.81634,0.0537999,-0.998077,-0.000687043,0.801427,0.0831842,-1.00239,0.00121829,0.815495,0.094128,-0.997352,-0.00153346,0.84782,0.121914,-0.998864,-0.00190367,0.829266,0.120222,-1.00109,0.000319682,0.813507,0.128141,-0.999176,-0.00153932,0.798843,0.129231,-1.00739,-0.000225455,0.799721,0.18065,-0.994519,-0.000406467,0.810742,0.16502,-0.986752,0.000182195,0.765503,0.165723,-0.989138,-0.00196131,0.778065,0.15016,-0.997443,-0.00107796,0.763253,0.194478,-0.995028,-0.000676995,0.73948,0.205599,-0.998776,-0.000448,0.726168,0.209508,-0.993756,-0.00138256,0.712767,0.22797,-0.972742,0.000587838,0.707985,0.227797,-1.00196,0.000289057,0.679382,0.239516,-0.985257,-0.000256712,0.655788,0.258381,-1.00204,-0.000489099,0.660666,0.280865,-0.997201,0.000161756,0.649279,0.316954,-0.988106,-0.000892707,0.648547,0.35583,-0.996535,-0.00101744,0.59682,0.368281,-0.999784,-0.000706787,0.591094,0.377704,-1.00475,-0.000486156,0.561033,0.391898,-0.978328,-0.000762059,0.513011,0.427244,-0.98886,-0.000914484,0.52553,0.433667,-0.998763,-0.00207344,0.537588,0.395392,-0.988596,-0.000725733,0.516755,0.433509,-0.996036,1.34377e-05,0.505083,0.453651,-0.990672,-0.00102767,0.504009,0.411138,-1.00065,-0.000829135,0.506227,0.400631,-0.984846,-0.00132782,0.508295,0.395,-0.998814,-0.000872657,0.538684,0.339651,-0.996222,-0.0011021,0.545391,0.304305,-0.991999,-0.000442457,0.620695,0.259363,-0.99519,-0.000905246,0.637684,0.251278,-1.00081,-0.000348118,0.629092,0.251989,-0.989495,-7.31685e-05,0.655771,0.242611,-1.00159,-0.000830233,0.665007,0.229525,-0.997038,-0.000520926,0.699816,0.206136,-1.00093,-0.00127174,0.71556,0.190495,-0.994359,-0.00119444,0.704528,0.138097,-1.00024,-0.00138962,0.666983,0.122956,-0.99755,-0.00109083,0.680337,0.11186,-1.00424,-0.00113961,0.684321,0.110048,-0.997932,-0.00130694,0.686413,0.0771951,-0.993421,-0.00131111,0.70338,0.0623043,-0.998065,-0.00135818,0.734592,0.0936968,-1.00329,-0.0012712,0.731654,0.0964211,-1.00159,-0.00132457,0.752228,0.102677,-0.99778,-0.000530112,0.718887,0.123535,-0.998246,-0.000897971,0.688413,0.106306,-1.00084,-0.000855752,0.693806,0.0849097,-0.997786,-0.000868799,0.719616,0.106805,-1.00372,-0.000444456,0.668731,0.096587,-1.00122,-0.000658191,0.688377,0.122541,-1.00021,-0.000499801,0.7,0,-1,0.332681,-0.297415,-0.122661,0.208467,-0.609147,1.18985,0.999463,-0.0310102,-0.010604,0.000247662,0.0178648,0.0621222,-0.0305241,0,0,-0.393273,0.45,1,5,0.785398,0,0,0,0.00790411,0.182662,0.0454673,0.733347,0.475855,0.10765,0.016202,0.173684,0.0383594,0.531803,0.33252,0.482073,0.227732,nan,nan,nan,nan,nan,nan,nan,nan,0.101086,-0.172684,1.19604,719.223,463.182,651.149,326.978,-1.48501,2.13229,-2,0.28272,-0.320651,1.40556,-0.0183642,-1.12329,0.057108
1.92,0.999676,-0.0193056,-0.0155343,0.0057784,0.002768,0.0869504,0.0114723,0.401586,0.14326,-0.870678,0.284612,-0.0354198,-0.123736,0.736957,-0.132467,-0.997033,-0.000572983,0.714067,-0.0704444,-0.995162,0.000923496,0.713149,-0.036143,-1.00068,0.000457323,0.771625,-0.0141999,-0.992206,-0.00147957,0.752323,-0.020813,-0.993701,-0.000874849,0.749937,-0.0184554,-1.01045,-0.000184821,0.782935,-0.0175948,-0.98624,-0.000580815,0.790386,-0.0152505,-0.973689,-0.00093924,0.776131,-3.49868e-06,-0.979487,0.000446092,0.801129,0.00454731,-0.999486,3.89544e-05,0.785568,-0.0237305,-0.986235,0.00143497,0.798621,0.00357584,-0.985313,-0.000133278,0.821976,0.0545181,-0.990728,0.000140156,0.808037,0.0503169,-0.996898,-0.000631787,0.808903,0.0814427,-1.00244,0.00144663,0.814068,0.0872017,-0.996676,-0.0015334,0.833276,0.120058,-0.998992,-0.00196439,0.80198,0.135204,-1.00059,0.000242238,0.818164,0.120277,-1.00006,-0.00171141,0.812865,0.168645,-1.00644,-0.000447321,0.824043,0.188814,-0.994144,-0.000508422,0.817634,0.200675,-0.988198,0.000176294,0.782606,0.167793,-0.98688,-0.00180812,0.811552,0.188833,-0.998405,-0.00118998,0.776999,0.202035,-0.993778,-0.000566169,0.737057,0.209859,-0.997266,-0.000430427,0.725946,0.233263,-0.994267,-0.0013907,0.723895,0.229582,-0.971374,0.000757047,0.698577,0.262759,-1.00249,0.000413531,0.672511,0.264435,-0.984951,-0.000308135,0.653976,0.273842,-1.00183,-0.000570555,0.666393,0.296293,-0.996101,0.000110779,0.655902,0.303294,-0.988711,-0.000918799,0.678257,0.339677,-0.99713,-0.00100184,0.571072,0.36693,-0.998471,-0.000712103,0.593045,0.38045,-1.00536,-0.000438408,0.565414,0.410121,-0.979537,-0.000609451,0.53764,0.469278,-0.988427,-0.000812964,0.519115,0.441856,-0.999873,-0.00221608,0.524599,0.406037,-0.988786,-0.000615194,0.50215,0.421249,-0.996926,-5.67795e-05,0.515976,0.43569,-0.99082,-0.000862738,0.511424,0.423028,-0.998315,-0.000754043,0.520879,0.38947,-0.983897,-0.00127737,0.505799,0.410835,-0.997321,-0.000835838,0.529893,0.340886,-0.99671,-0.00105555,0.558211,0.311259,-0.990624,-0.000428979,0.624931,0.277985,-0.996898,-0.000943939,0.646717,0.266055,-1.0008,-0.000478849,0.63342,0.250796,-0.988414,1.6539e-05,0.666932,0.249288,-1.00101,-0.000777781,0.647773,0.227412,-0.994877,-0.000719972,0.679455,0.202181,-1.00007,-0.00110797,0.710549,0.205974,-0.994674,-0.0011182,0.68485,0.137005,-1.00092,-0.00141276,0.657088,0.132379,-0.997399,-0.00116598,0.68414,0.141854,-1.00327,-0.0012393,0.701476,0.123523,-0.996846,-0.00136218,0.694035,0.0795037,-0.992777,-0.00131595,0.730036,0.111882,-0.996393,-0.00113509,0.714446,0.116978,-1.00134,-0.00115353,0.736053,0.108297,-1.00257,-0.00135284,0.727879,0.114615,-0.995856,-0.000406196,0.693052,0.122869,-0.998335,-0.000957668,0.687703,0.128095,-1.002,-0.000939647,0.704705,0.110602,-0.998506,-0.000846968,0.7151,0.106405,-1.0032,-0.000373269,0.664873,0.0773131,-1.00308,-0.000746195,0.676763,0.109987,-1.00015,-0.00060108,0.725315,0.144606,-0.999815,-0.000240799,0.7,0,-1,0.327942,-0.297654,-0.122432,0.207547,-0.556497,1.20589,0.999543,-0.0283384,-0.0105599,0.000277238,-0.00778538,0.0613258,-0.0322069,0,0,-0.392752,0.45,1,5,0.785398,0,0,0,0.0080348,0.182556,0.0454228,4.30311,-4.17268,-0.436661,-0.0142172,0.197764,0.0378706,0.566632,0.29483,0.482899,0.226646,nan,nan,nan,nan,nan,nan,nan,nan,0.178217,-0.0195337,1.20067,735.401,451.278,649.189,326.618,-1.4484,2.22998,-2,0.265196,-0.325705,1.33939,0.631367,0.651148,-0.131076
1.94,0.999684,-0.0192696,-0.0150997,0.00578306,0.00692059,0.0956773,0.00328551,0.404098,0.143508,-0.870949,0.279923,-0.0323902,-0.128095,0.767933,-0.0512124,-0.994682,0.000819632,0.747788,-0.0335323,-0.999538,0.000645114,0.763169,-0.0386661,-0.991436,-0.00160791,0.750411,-0.0451435,-0.992852,-0.000888499,0.739446,-0.0247119,-1.01045,-3.26337e-05,0.778387,-0.000518358,-0.985836,-0.000440908,0.7801,-0.0141385,-0.976917,-0.000859867,0.793469,-0.0182265,-0.980624,0.00053888,0.812844,-0.0350615,-0.999611,1.0829e-05,0.800124,9.81962e-05,-0.987182,0.00137206,0.805271,0.0281782,-0.987038,-0.0001518,0.808631,0.0508885,-0.991513,9.29923e-05,0.807594,0.0659996,-0.996364,-0.000714202,0.807982,0.08879,-1.00299,0.00134154,0.816468,0.0947593,-0.998821,-0.00147336,0.80791,0.0988342,-0.997974,-0.0020039,0.779047,0.138221,-1.00043,0.000257767,0.80109,0.138715,-0.999166,-0.00185891,0.805322,0.182287,-1.00678,-0.000305644,0.81086,0.152531,-0.9934,-0.000433085,0.799229,0.170064,-0.988341,0.000399806,0.780774,0.1535,-0.987123,-0.00175777,0.781987,0.200344,-1.00026,-0.0012674,0.770633,0.184619,-0.993456,-0.000398628,0.753811,0.169404,-0.997487,-0.00042085,0.745296,0.242175,-0.993495,-0.0013514,0.727463,0.265239,-0.970757,0.000640293,0.68872,0.262134,-1.00197,0.000489518,0.700402,0.270339,-0.984561,-0.000243324,0.708722,0.271496,-0.999924,-0.00051817,0.680939,0.311334,-0.995381,1.46109e-05,0.647876,0.334099,-0.990088,-0.000880644,0.65959,0.333148,-0.998536,-0.000903692,0.603417,0.330837,-0.996556,-0.000897583,0.5914,0.385604,-1.00634,-0.000509501,0.586375,0.423727,-0.97934,-0.000769128,0.537439,0.449049,-0.988437,-0.000610665,0.539898,0.458594,-1.00093,-0.00242469,0.514006,0.425996,-0.989744,-0.000623668,0.505034,0.421868,-0.997883,-5.10672e-05,0.494889,0.431826,-0.988597,-0.000883794,0.516568,0.433061,-0.998128,-0.000729745,0.507057,0.397613,-0.983721,-0.00120927,0.46909,0.403047,-0.996316,-0.00089197,0.550863,0.371465,-0.996574,-0.000966043,0.567107,0.354434,-0.992488,-0.00029117,0.591455,0.327063,-0.997219,-0.000837315,0.627375,0.283415,-1.00098,-0.000404932,0.636423,0.247343,-0.986602,-0.00019906,0.655413,0.290274,-0.999574,-0.000848583,0.67065,0.258188,-0.996205,-0.000640111,0.705238,0.244516,-0.997222,-0.00124689,0.70998,0.203444,-0.994449,-0.00114923,0.726012,0.145335,-0.999953,-0.00153131,0.665771,0.159267,-0.998365,-0.00120283,0.68872,0.133482,-1.0026,-0.00115863,0.701279,0.134259,-0.997734,-0.00141067,0.702137,0.0985711,-0.992919,-0.00107856,0.731486,0.121492,-0.995501,-0.00124521,0.741005,0.115612,-1.00271,-0.00111131,0.756056,0.117371,-1.00277,-0.0013393,0.717452,0.135081,-0.994062,-0.000409138,0.693339,0.102622,-0.997422,-0.0010335,0.668896,0.105116,-1.00224,-0.00109567,0.685785,0.134373,-0.999435,-0.00101216,0.706554,0.0848075,-1.00396,-0.00038425,0.683296,0.0992893,-1.00183,-0.000750878,0.690363,0.131351,-0.999319,-0.000427413,0.719751,0.134097,-0.999699,-0.000188871,0.722065,0.161393,-0.998993,-0.000104255,0.7,0,-1,0.298444,-0.260175,-0.128274,0.0822497,-0.507856,1.13821,0.999657,-0.0258665,-0.00419141,-8.28596e-05,-0.0469198,0.0709108,-0.0316884,0,0,-0.392464,0.45,1,5,0.785398,0,0,0,0.00790285,0.182439,0.0452958,-1.16112,-2.68416,-0.835683,-0.0109899,0.179687,0.0378833,0.552565,0.301477,0.474266,0.228216,nan,nan,nan,nan,nan,nan,nan,nan,0.0623213,-0.0329233,1.13893,731.676,444.457,645.272,327.631,-1.4973,2.27723,-2,0.254592,-0.321056,1.44549,-0.234455,0.151479,-0.217977
1.96,0.999696,-0.0190243,-0.0146746,0.00557602,0.0282129,0.0214101,-0.0204365,0.414562,0.144192,-0.872391,0.280828,-0.0462452,-0.112045,0.784541,-0.0513757,-0.999788,0.000705365,0.741384,-0.0618801,-0.991158,-0.00145679,0.770183,-0.0312467,-0.992206,-0.000858385,0.742725,-0.0246727,-1.00917,0.000130175,0.76753,-0.0348036,-0.983924,-0.000478841,0.773078,-0.0067875,-0.977005,-0.000873454,0.782843,0.00488614,-0.978606,0.000408181,0.797369,-0.0190279,-0.99947,3.5191e-05,0.815498,-0.0234293,-0.984353,0.00121513,0.819606,-0.00930214,-0.986112,-0.000151044,0.809825,0.0377862,-0.990373,0.000131162,0.814859,0.084084,-0.995862,-0.000790095,0.80679,0.0482887,-1.00345,0.00130356,0.825678,0.0803161,-0.998524,-0.00148743,0.788049,0.122598,-0.999426,-0.00181938,0.802575,0.136725,-1.00028,0.000124386,0.792527,0.137692,-0.997649,-0.00187604,0.791074,0.163337,-1.00724,-0.000434516,0.804099,0.144177,-0.991994,-0.000256608,0.777071,0.153336,-0.987627,0.000314858,0.756835,0.16133,-0.986309,-0.00169097,0.752114,0.17829,-1.00104,-0.00123736,0.75801,0.176291,-0.992327,-0.000425572,0.736677,0.201499,-0.999619,-0.000467367,0.721425,0.255572,-0.992471,-0.00124272,0.721344,0.259569,-0.971202,0.00053111,0.704693,0.279394,-1.00051,0.000542153,0.715096,0.303744,-0.984072,-5.00074e-05,0.717948,0.268072,-0.999558,-0.000589555,0.670607,0.300983,-0.995595,0.000136386,0.629919,0.326554,-0.991881,-0.000902602,0.611689,0.323056,-0.998157,-0.0006869,0.591704,0.338627,-0.996884,-0.0009281,0.59594,0.391371,-1.00711,-0.000647777,0.589431,0.41873,-0.980364,-0.000819453,0.570353,0.44687,-0.988169,-0.000778991,0.559093,0.454884,-1.00094,-0.00241721,0.539658,0.444895,-0.990896,-0.000651038,0.518902,0.436603,-0.997261,1.49685e-06,0.514345,0.4257,-0.990191,-0.000786246,0.499299,0.453577,-0.996268,-0.000658446,0.485917,0.437143,-0.984425,-0.00114373,0.501805,0.421856,-0.996698,-0.000784456,0.538454,0.400505,-0.997811,-0.00100168,0.551443,0.364344,-0.99198,-0.000536672,0.578633,0.330152,-0.99686,-0.000864631,0.626297,0.303501,-1.00221,-0.000473966,0.628163,0.272185,-0.984938,-0.00032587,0.641726,0.273185,-0.99897,-0.000816736,0.65463,0.261329,-0.996924,-0.000672514,0.699273,0.24749,-0.996563,-0.00119509,0.706008,0.181073,-0.995665,-0.00126306,0.703539,0.175108,-0.998731,-0.00167902,0.652922,0.165591,-0.998353,-0.00124473,0.670486,0.137811,-1.00213,-0.00104036,0.716572,0.150236,-0.99654,-0.00124178,0.707284,0.118608,-0.992937,-0.000904883,0.751446,0.135004,-0.995438,-0.00137215,0.744283,0.138248,-1.00496,-0.0011032,0.740194,0.115288,-1.00329,-0.0013743,0.722198,0.119985,-0.993175,-0.000425486,0.692599,0.128684,-0.998662,-0.00101883,0.679829,0.119309,-1.00122,-0.00095261,0.67598,0.103259,-0.997443,-0.00102222,0.681514,0.0966484,-1.00458,-0.00036128,0.699538,0.0828372,-1.00154,-0.00070655,0.694061,0.128961,-0.998689,-0.000378601,0.68333,0.142747,-0.999174,-0.000116026,0.692359,0.169095,-0.998466,-0.000102515,0.738369,0.181579,-0.998152,1.88673e-05,0.7,0,-1,0.296159,-0.267455,-0.129345,0.09526,-0.540208,1.13281,0.99961,-0.0275098,-0.0048564,-0.000187843,-0.0453305,0.0405473,-0.0315396,0,0,-0.395668,0.45,1,5,0.785398,0,0,0,0.00775722,0.182462,0.0452679,0.560157,-1.772,-0.446587,0.00454191,0.189004,0.0384706,0.564042,0.292783,0.484171,0.22008,nan,nan,nan,nan,nan,nan,nan,nan,0.0785982,-0.139358,1.20201,732.736,436.551,645.132,324.91,-1.51737,2.23947,-2,0.245938,-0.315186,1.49415,0.0452369,-0.692751,0.802512
1.98,0.999699,-0.0189733,-0.0145419,0.00546628,0.00967337,0.0293173,-0.023453,0.41712,0.144326,-0.872684,0.290417,-0.04712,-0.109608,0.798488,-0.067567,-0.991018,-0.00135281,0.784979,-0.0572607,-0.990496,-0.000829161,0.770016,-0.0507565,-1.00794,-0.000127015,0.778495,-0.0357799,-0.983224,-0.000408875,0.765325,-0.023998,-0.976504,-0.000829221,0.781741,-0.0206756,-0.978002,0.000586277,0.798294,-0.0258469,-0.999695,5.8224e-05,0.821466,-0.0155607,-0.983972,0.00113724,0.859454,-0.00941977,-0.988977,-0.000277998,0.822591,0.0277362,-0.991816,0.000130664,0.828265,0.0788006,-0.99536,-0.000710046,0.81813,0.0541661,-1.00171,0.00132407,0.830186,0.0669036,-0.998233,-0.00159361,0.803553,0.12127,-0.999806,-0.00186358,0.806897,0.118277,-1.00106,0.000100067,0.796954,0.104718,-0.99882,-0.00190252,0.798746,0.12841,-1.00702,-0.000379131,0.781591,0.173231,-0.991688,-0.000117777,0.788057,0.15831,-0.987855,0.000279514,0.813643,0.180811,-0.987553,-0.00160533,0.775112,0.164976,-1.00227,-0.00101183,0.774935,0.1718,-0.991955,-0.000502783,0.730716,0.186315,-0.998332,-0.000586322,0.702712,0.265141,-0.991692,-0.00131673,0.720273,0.271105,-0.969063,0.00042293,0.712086,0.291225,-0.99944,0.000739228,0.68365,0.305392,-0.984591,-5.92783e-05,0.681021,0.294576,-0.99954,-0.000592175,0.655002,0.312458,-0.995925,0.000339797,0.615434,0.319104,-0.991749,-0.000945564,0.573056,0.308685,-0.997417,-0.000736608,0.617742,0.340521,-0.996036,-0.00080857,0.607961,0.365504,-1.008,-0.000573589,0.606397,0.431195,-0.982013,-0.000702096,0.560665,0.442272,-0.989613,-0.000873941,0.533679,0.489515,-0.999922,-0.0024575,0.544999,0.463396,-0.989635,-0.000686222,0.54441,0.463837,-0.995713,-1.54697e-05,0.519733,0.440456,-0.989465,-0.000689537,0.52734,0.462259,-0.996706,-0.000671308,0.499268,0.40459,-0.98294,-0.00126959,0.520602,0.408289,-0.996994,-0.000617472,0.545333,0.384793,-0.996028,-0.00104658,0.584308,0.376082,-0.993152,-0.000633205,0.615502,0.352909,-0.997082,-0.00081135,0.603606,0.319547,-1.00156,-0.000411209,0.629919,0.277294,-0.987314,-0.000277033,0.63948,0.28864,-0.996671,-0.000793643,0.645974,0.269523,-0.997964,-0.00048765,0.680568,0.237881,-0.994759,-0.00140335,0.71782,0.227488,-0.996745,-0.00116256,0.704529,0.173794,-0.99824,-0.00180221,0.663115,0.167824,-0.998035,-0.00152192,0.670834,0.176393,-1.00135,-0.00109883,0.715001,0.182976,-0.996216,-0.00120044,0.721398,0.124182,-0.993214,-0.00108888,0.75053,0.147579,-0.994602,-0.001461,0.743433,0.148606,-1.00562,-0.00106698,0.737623,0.126201,-1.00288,-0.00135966,0.712115,0.127463,-0.994314,-0.000467665,0.69285,0.127686,-0.99737,-0.000957809,0.687728,0.125451,-1.00076,-0.00101493,0.712658,0.106935,-0.998265,-0.000978668,0.692061,0.105383,-1.00306,-0.000277339,0.694656,0.108807,-1.00211,-0.000822325,0.695092,0.134499,-0.997877,-0.00018419,0.684701,0.172136,-0.999633,-0.000155596,0.717688,0.185046,-0.998285,-7.88824e-05,0.760828,0.168134,-0.997912,7.88259e-06,0.750686,0.191862,-0.998343,-8.0195e-05,0.7,0,-1,0.301841,-0.186862,-0.120079,0.163138,-0.346659,1.19835,0.999809,-0.0176667,-0.00830831,0.000263029,-0.0454154,0.0540497,-0.0330989,0,0,-0.394485,0.45,1,5,0.785398,0,0,0,0.00757274,0.182499,0.0452401,-3.71706,1.51904,-0.115493,0.00729973,0.184131,0.0395142,0.566249,0.303217,0.489922,0.223285,nan,nan,nan,nan,nan,nan,nan,nan,0.185891,-0.0960792,1.24024,735.086,433.945,651.179,323.94,-1.49396,2.26675,-2,0.245329,-0.31649,1.43823,0.479467,-0.0437386,0.121858
2,0.9997,-0.0193694,-0.0140888,0.00518718,-0.064005,0.0888183,-0.0296392,0.422214,0.144621,-0.873059,0.283804,-0.0409227,-0.114577,0.837654,-0.0719605,-0.991805,-0.000868585,0.798302,-0.0742266,-1.00729,-0.000167988,0.758162,-0.061396,-0.982445,-0.000510711,0.76835,-0.0545233,-0.977337,-0.00104958,0.770269,-0.0282321,-0.978076,0.000760991,0.791047,-0.0461503,-1.00039,0.000230785,0.824853,0.0103236,-0.984504,0.00110165,0.856294,0.0104053,-0.986213,-0.000450179,0.813381,0.0330566,-0.991321,-0.000143097,0.805428,0.0628737,-0.994972,-0.000645535,0.82989,0.0446952,-0.999775,0.00121842,0.830737,0.090379,-0.996677,-0.00142555,0.810007,0.0980869,-0.998453,-0.00188463,0.802594,0.116079,-1.00111,-9.92069e-05,0.786489,0.120153,-0.999246,-0.00199105,0.801694,0.105411,-1.00685,-0.000495355,0.804291,0.160939,-0.990696,1.6409e-05,0.808851,0.139588,-0.987585,0.000342211,0.841287,0.183672,-0.985936,-0.00163382,0.794401,0.182261,-1.00266,-0.00104428,0.778152,0.200717,-0.992949,-0.000702875,0.704797,0.221574,-0.998726,-0.000544042,0.720701,0.260343,-0.991399,-0.0012156,0.710067,0.297893,-0.967812,0.000346773,0.701413,0.286353,-0.999885,0.000631955,0.679687,0.284034,-0.983816,-8.60372e-05,0.648973,0.297928,-0.996782,-0.000865877,0.641454,0.308516,-0.995486,0.000410387,0.632569,0.306254,-0.992498,-0.00103028,0.600559,0.29581,-0.998405,-0.000677128,0.628033,0.339622,-0.994878,-0.000946568,0.635272,0.36603,-1.00614,-0.000631403,0.594421,0.40059,-0.984655,-0.000686905,0.583955,0.440023,-0.98879,-0.000853282,0.560953,0.462776,-0.998261,-0.00272957,0.560111,0.455558,-0.989433,-0.000618831,0.557797,0.482628,-0.994214,-4.67286e-05,0.53579,0.469071,-0.988888,-0.000897918,0.519803,0.484626,-0.997251,-0.000923637,0.50207,0.421285,-0.98238,-0.00114902,0.513879,0.403734,-0.998385,-0.000679696,0.549091,0.399355,-0.995671,-0.00140263,0.586604,0.362559,-0.996255,-0.000782864,0.604864,0.343388,-0.995867,-0.00069904,0.633317,0.335649,-1.00284,-0.00030153,0.63107,0.304414,-0.987643,-0.000253042,0.66759,0.306674,-0.994017,-0.000762721,0.664852,0.285887,-0.996371,-0.000335955,0.699217,0.283539,-0.995277,-0.00153894,0.732093,0.250308,-0.996362,-0.00121214,0.711203,0.186696,-0.997582,-0.00177768,0.674645,0.190289,-0.996467,-0.0015577,0.66964,0.198567,-1.00097,-0.000977643,0.701672,0.17244,-0.995544,-0.00127265,0.730761,0.15092,-0.994255,-0.00107617,0.730921,0.119504,-0.993513,-0.00135002,0.749235,0.136968,-1.00511,-0.00121699,0.756782,0.147069,-1.00202,-0.00140263,0.750753,0.147988,-0.99542,-0.000631265,0.725033,0.151401,-0.998476,-0.00103741,0.684232,0.125829,-0.998811,-0.000880991,0.715149,0.107481,-0.998336,-0.000983227,0.719428,0.107276,-1.00203,-0.00040618,0.70378,0.108384,-1.00367,-0.000840274,0.696443,0.148081,-0.996536,-0.000128459,0.705662,0.190379,-1.00044,-9.01227e-05,0.708933,0.19117,-1.00007,-0.000169478,0.693707,0.154709,-0.999755,-0.000336819,0.71593,0.193697,-0.998319,-9.83294e-05,0.745216,0.201187,-0.997966,-0.000197456,0.7,0,-1,0.312873,-0.187106,-0.125224,0.134908,-0.430166,1.18536,0.999736,-0.0219163,-0.00686849,0.00020217,-0.0718978,0.045425,-0.03241,0,0,-0.393684,0.45,1,5,0.785398,0,0,0,0.00746854,0.182606,0.045227,0.56277,-0.198433,0.425504,0.0196877,0.181318,0.0400681,0.555171,0.312448,0.488088,0.219028,nan,nan,nan,nan,nan,nan,nan,nan,0.0792584,-0.131638,1.22795,732.137,437.836,650.674,321.784,-1.55073,2.32998,-2,0.23712,-0.322465,1.45812,-0.330639,0.309864,-0.248437
2.02,0.999696,-0.0200409,-0.0135076,0.0049568,-0.069539,0.0771588,-0.0215164,0.427182,0.144967,-0.87317,0.282605,-0.0456439,-0.109477,0.80106,-0.137349,-1.00558,-0.000323087,0.795322,-0.0654086,-0.984556,-0.000583478,0.778572,-0.0471533,-0.978404,-0.00114575,0.771914,-0.0220877,-0.978974,0.00085803,0.790371,-0.0229511,-1.002,0.000209992,0.814029,0.0328769,-0.983405,0.00104376,0.83475,0.0130656,-0.985739,-0.000749365,0.809391,0.0339778,-0.989452,-0.000114674,0.819898,0.0428851,-0.993572,-0.000552543,0.848144,0.0359349,-0.999788,0.00119841,0.844282,0.0735866,-0.996095,-0.0013743,0.82587,0.0900498,-0.999892,-0.00174147,0.815312,0.117559,-0.999722,-9.88619e-05,0.785934,0.126598,-0.998719,-0.00205935,0.786567,0.127171,-1.00736,-0.000568912,0.777516,0.150624,-0.989115,7.51065e-05,0.780431,0.174396,-0.987581,0.00034643,0.816128,0.150486,-0.988721,-0.00179241,0.808426,0.144556,-1.00195,-0.000810383,0.778864,0.183999,-0.992474,-0.000616486,0.759419,0.225006,-0.99996,-0.000517395,0.738374,0.265919,-0.990779,-0.00128619,0.703184,0.303836,-0.969256,0.000270327,0.68761,0.294389,-1.00143,0.000536086,0.67259,0.279775,-0.9839,-4.48348e-05,0.653548,0.302722,-0.997169,-0.000835978,0.636912,0.27961,-0.995435,0.000439203,0.63837,0.288972,-0.993239,-0.000825672,0.589606,0.341723,-0.995777,-0.000744564,0.595182,0.346705,-0.994685,-0.000941369,0.60094,0.354282,-1.00541,-0.000477023,0.622251,0.43041,-0.984162,-0.000815355,0.596816,0.436713,-0.988952,-0.000842947,0.574118,0.466192,-0.996789,-0.0026205,0.578184,0.464931,-0.991825,-0.000465169,0.537791,0.490962,-0.995276,5.67162e-06,0.532952,0.462573,-0.98779,-0.000938909,0.502583,0.467738,-0.998165,-0.000763216,0.48051,0.431652,-0.984063,-0.00103172,0.522992,0.394866,-0.997617,-0.000737124,0.549363,0.38851,-0.994106,-0.00128482,0.583919,0.365162,-0.996853,-0.000722363,0.590945,0.34387,-0.995133,-0.000550216,0.634847,0.332791,-1.0035,-0.000270508,0.626866,0.305605,-0.98773,-0.000257941,0.658954,0.341993,-0.992689,-0.000626914,0.678598,0.319984,-0.996345,-0.00036614,0.697713,0.271809,-0.993856,-0.00134542,0.745125,0.272218,-0.997998,-0.00106548,0.725393,0.211067,-0.99738,-0.00185773,0.693707,0.20517,-0.995606,-0.00138708,0.678907,0.19874,-1.00226,-0.00103974,0.703813,0.192182,-0.995787,-0.00113427,0.692208,0.181824,-0.994436,-0.00121442,0.711915,0.155544,-0.993611,-0.00133728,0.73457,0.131965,-1.0045,-0.00117794,0.73589,0.146174,-1.00285,-0.0016197,0.690396,0.134106,-0.992953,-0.000829205,0.722864,0.130785,-1.00062,-0.000971663,0.702063,0.110818,-0.998829,-0.0009743,0.716948,0.101277,-0.998423,-0.00110622,0.724206,0.144723,-1.00282,-0.000263463,0.718924,0.157575,-1.00346,-0.000797247,0.712309,0.166879,-0.99566,1.6613e-06,0.705517,0.170232,-1.00075,-9.12263e-05,0.707984,0.149529,-0.998954,-0.00019777,0.70831,0.136723,-0.998698,-0.000263656,0.733392,0.184173,-0.998942,1.16934e-05,0.768851,0.223772,-0.997739,-6.65901e-05,0.748562,0.193477,-0.997925,-0.000176256,0.7,0,-1,0.30811,-0.187053,-0.125058,0.161622,-0.411567,1.19898,0.999746,-0.0209692,-0.00823021,0.000180099,-0.0255643,0.0121539,-0.0275916,0,0,-0.394447,0.45,1,5,0.785398,0,0,0,0.00749757,0.18253,0.0452197,-0.548074,0.820075,0.280874,0.00627857,0.167773,0.0414772,0.538163,0.332957,0.484471,0.222198,nan,nan,nan,nan,nan,nan,nan,nan,0.107511,-0.143182,1.2613,725.34,463.653,649.275,321.227,-1.57967,2.34005,-2,0.229417,-0.336764,1.38384,-0.0599712,-0.236058,0.255006
2.04,0.999697,-0.0204418,-0.0128956,0.00470027,-0.0360143,0.0631742,-0.0240711,0.432171,0.145219,-0.873399,0.280496,-0.0565593,-0.11338,0.811189,-0.094403,-0.981892,-0.000439674,0.785433,-0.0563504,-0.979952,-0.00115993,0.787763,-0.012996,-0.978616,0.000945593,0.812519,-0.0121613,-1.00327,0.000114113,0.828898,0.0311857,-0.983707,0.00115351,0.82457,0.0184447,-0.985615,-0.000785609,0.826112,0.0254966,-0.988893,-9.31402e-05,0.817483,0.0334182,-0.994615,-0.00070137,0.872591,0.051405,-0.999581,0.00127087,0.853389,0.047659,-0.997059,-0.00131309,0.824013,0.0794067,-0.999775,-0.00169351,0.797191,0.104992,-1.00088,6.51865e-05,0.805749,0.144024,-0.999293,-0.00210365,0.779027,0.129843,-1.00727,-0.000690028,0.788988,0.158576,-0.988667,4.86563e-07,0.801117,0.183972,-0.986925,0.000190288,0.806871,0.15972,-0.98817,-0.00179407,0.776511,0.162433,-1.00103,-0.000740854,0.783682,0.182317,-0.99339,-0.000740995,0.80079,0.213347,-0.998085,-0.000539482,0.765397,0.247731,-0.989798,-0.00119039,0.710084,0.296815,-0.968976,0.000281328,0.710717,0.280514,-1.00241,0.000468078,0.667396,0.256224,-0.981017,-0.000228187,0.630629,0.272712,-0.999813,-0.00101741,0.622899,0.278175,-0.995171,0.000498182,0.66448,0.275568,-0.992907,-0.000595702,0.601501,0.32222,-0.995176,-0.00106793,0.613786,0.372778,-0.995784,-0.000859384,0.617675,0.385056,-1.00714,-0.000546291,0.640842,0.427667,-0.983311,-0.000854204,0.585162,0.423986,-0.98935,-0.000802321,0.551574,0.455519,-0.997731,-0.0026694,0.580546,0.480476,-0.992271,-0.000576169,0.550777,0.484164,-0.99559,7.59638e-05,0.549843,0.470484,-0.987678,-0.00104887,0.529014,0.458743,-0.997261,-0.000707435,0.490126,0.454259,-0.983671,-0.000946446,0.554037,0.405729,-0.999057,-0.000600593,0.545947,0.409322,-0.992131,-0.00138367,0.572584,0.38287,-0.996283,-0.000811655,0.604338,0.344484,-0.995399,-0.000540344,0.605552,0.325808,-1.00085,-0.000268895,0.637303,0.310698,-0.988266,-0.000217159,0.664256,0.329847,-0.991178,-0.000538776,0.679825,0.321321,-0.995472,-0.000218036,0.716346,0.311651,-0.993147,-0.00113705,0.754766,0.272249,-0.998072,-0.000891281,0.733581,0.246242,-0.998373,-0.00188086,0.705067,0.257831,-0.995513,-0.00128553,0.710293,0.217179,-1.0048,-0.00108936,0.719661,0.194072,-0.995875,-0.0010953,0.707157,0.205807,-0.996702,-0.00116063,0.708639,0.155171,-0.991745,-0.00140731,0.731649,0.165679,-1.00475,-0.00111966,0.720778,0.158126,-1.00139,-0.00134685,0.71202,0.13347,-0.992444,-0.000865956,0.725987,0.141922,-1.00119,-0.000905249,0.714539,0.141252,-0.998402,-0.00110879,0.730519,0.140946,-0.998129,-0.00100792,0.731048,0.145995,-1.00318,-0.000367867,0.758633,0.15426,-1.0024,-0.000899599,0.694245,0.159699,-0.995485,4.695e-05,0.720167,0.172824,-1.0013,-0.000205677,0.712578,0.148744,-0.999532,-0.000199083,0.718466,0.121685,-1.0015,-0.00014294,0.724586,0.19396,-0.997705,-0.000171457,0.744339,0.206487,-0.998555,7.75629e-06,0.732134,0.211349,-0.998246,-0.000175585,0.727442,0.172876,-0.997347,-0.000268022,0.7,0,-1,0.316617,-0.202327,-0.116026,0.204533,-0.310483,1.20173,0.99982,-0.0158131,-0.0104362,-0.000841437,-0.0396979,0.0623733,-0.023557,0,0,-0.398318,0.45,1,5,0.785398,0,0,0,0.00749199,0.182261,0.0452227,2.21182,-2.02481,0.221071,-0.00196554,0.185017,0.042808,0.558591,0.318003,0.476844,0.231491,nan,nan,nan,nan,nan,nan,nan,nan,0.122254,-0.0699302,1.21231,726.889,459,646.068,331.957,-1.61213,2.31986,-2,0.219183,-0.343851,1.37844,-0.105412,-0.545771,-0.195182
2.06,0.999704,-0.0207338,-0.0119688,0.00433001,-0.0306404,0.0885883,-0.0251333,0.44012,0.145388,-0.873988,0.285393,-0.0499091,-0.0997026,0.816107,-0.0851952,-0.980016,-0.00110966,0.855813,-0.0156066,-0.978877,0.000957914,0.839076,-0.0308349,-1.00269,0.000178757,0.829293,0.0269837,-0.985812,0.00107628,0.811877,0.0222917,-0.987483,-0.00103452,0.824966,0.0292497,-0.990182,4.68519e-05,0.853137,0.0628707,-0.995093,-0.000595847,0.842133,0.0657644,-0.998983,0.00120637,0.866061,0.0493475,-0.995079,-0.00127993,0.817043,0.101067,-0.99998,-0.00195622,0.777134,0.0946721,-1.00153,-0.000123739,0.769414,0.113571,-0.999629,-0.00216451,0.779039,0.148016,-1.00683,-0.000561177,0.783878,0.147459,-0.989541,-1.65081e-05,0.826556,0.128308,-0.986974,0.000167709,0.806554,0.145461,-0.988012,-0.00175923,0.799442,0.140914,-1.00123,-0.000768076,0.76251,0.181978,-0.993994,-0.00057706,0.78152,0.179065,-0.998997,-0.000390398,0.783108,0.203451,-0.991764,-0.0010973,0.7482,0.240614,-0.968674,0.000147214,0.6968,0.258202,-1.00212,0.000609309,0.649565,0.245593,-0.981016,-0.000365558,0.617956,0.267206,-1.00004,-0.000792617,0.618347,0.289283,-0.99456,0.000351113,0.638377,0.304443,-0.991502,-0.000675736,0.621713,0.32984,-0.995563,-0.000997431,0.615928,0.378354,-0.996142,-0.000808811,0.623335,0.403521,-1.00617,-0.000491945,0.623731,0.431123,-0.983779,-0.000923018,0.579869,0.441179,-0.987498,-0.000880114,0.569068,0.431958,-0.996726,-0.00268008,0.532708,0.453413,-0.991001,-0.00069704,0.545995,0.455232,-0.996308,4.62966e-05,0.539197,0.471826,-0.987008,-0.0010549,0.514152,0.45144,-0.997471,-0.000567483,0.518268,0.440444,-0.985143,-0.000834284,0.571121,0.391912,-0.997213,-0.000615108,0.516988,0.368955,-0.993227,-0.00111911,0.565634,0.403066,-0.996348,-0.000869081,0.606088,0.342266,-0.994233,-0.000631231,0.614981,0.329252,-1.00142,-0.000443628,0.679387,0.317198,-0.988052,-0.000394798,0.692618,0.316469,-0.991324,-0.00073,0.687749,0.333204,-0.992626,-0.000349929,0.708316,0.339747,-0.992511,-0.00109004,0.746231,0.280689,-0.997664,-0.0010147,0.729058,0.266727,-0.998453,-0.00196294,0.706428,0.23996,-0.995964,-0.00110934,0.715326,0.23622,-1.00497,-0.00112312,0.70638,0.219522,-0.99512,-0.00102747,0.745692,0.199125,-0.997243,-0.00106665,0.728313,0.15495,-0.992,-0.0014799,0.716291,0.182427,-1.00443,-0.0012562,0.765788,0.173002,-1.00069,-0.00127238,0.737119,0.158231,-0.991597,-0.000985371,0.727121,0.187211,-0.998899,-0.00083992,0.719945,0.177067,-1.00007,-0.00113698,0.715656,0.16041,-0.996874,-0.00093553,0.714298,0.154087,-1.00292,-0.00037721,0.722988,0.154465,-0.999526,-0.000982146,0.690824,0.157614,-0.993858,7.78628e-05,0.698665,0.162598,-1.00199,-0.000180484,0.714838,0.129574,-0.998476,-0.000160039,0.700749,0.118098,-1.00002,-0.000133375,0.700385,0.191203,-0.996035,-0.000100359,0.74366,0.218089,-0.997943,-5.20638e-05,0.733089,0.202339,-0.998685,0.000100352,0.703003,0.176558,-0.998929,-0.000161954,0.725769,0.19744,-0.996369,-6.98905e-05,0.7,0,-1,0.316617,-0.202327,-0.116026,0.204533,-0.310483,1.20173,0.99982,-0.0158131,-0.0104362,-0.000841437,-0.0538748,0.0554923,-0.0231843,0,0,-0.398641,0.45,1,5,0.785398,0,0,0,0.0074231,0.182026,0.045229,2.70787,-3.25799,0.360117,-0.00789352,0.192582,0.0433383,0.562758,0.320214,0.487634,0.222664,nan,nan,nan,nan,nan,nan,nan,nan,0.154816,-0.0112956,1.26702,731.338,456.2,648.615,329.028,-1.60808,2.38815,-2,0.204292,-0.350385,1.34308,0.244838,0.332511,0.683885
2.08,0.999704,-0.0211015,-0.0113888,0.00413002,-0.0300019,0.0383733,-0.0191159,0.445202,0.145424,-0.874367,0.287291,-0.0628014,-0.103429,0.902384,-0.0252569,-0.978869,0.000927267,0.866221,-0.0240818,-1.00327,0.000151361,0.794268,0.0116062,-0.986671,0.000972752,0.787181,0.0306677,-0.987254,-0.00114183,0.830889,0.0272964,-0.990333,4.4302e-05,0.847574,0.0606791,-0.99375,-0.000709967,0.87376,0.0704066,-0.999961,0.00125623,0.857609,0.059881,-0.994133,-0.00140119,0.822951,0.121344,-0.999917,-0.00192589,0.77558,0.0845755,-1.00109,-4.56167e-05,0.798463,0.0981604,-0.999165,-0.00206424,0.762834,0.123695,-1.00536,-0.00066719,0.796018,0.150652,-0.989274,6.01873e-05,0.803808,0.117704,-0.986749,8.37468e-05,0.790681,0.121259,-0.986672,-0.00172786,0.78228,0.133277,-1.00058,-0.000884253,0.782759,0.17503,-0.995199,-0.000445492,0.784351,0.188343,-0.99866,-0.000379791,0.759626,0.196079,-0.991549,-0.00118113,0.751582,0.219525,-0.970303,0.000163478,0.678379,0.259355,-1.00218,0.000604689,0.65568,0.261651,-0.980141,-9.7185e-05,0.62474,0.280401,-1.00218,-0.000713505,0.607194,0.288219,-0.994025,0.000402682,0.633784,0.301342,-0.991756,-0.000913696,0.615629,0.344896,-0.996151,-0.000819504,0.62152,0.379909,-0.995267,-0.000985777,0.62983,0.413425,-1.00533,-0.000382399,0.620063,0.425203,-0.983156,-0.000692206,0.589556,0.441112,-0.986902,-0.00109832,0.53516,0.444057,-0.997493,-0.0024886,0.529772,0.442649,-0.989736,-0.000776521,0.543974,0.445997,-0.995742,-0.000103141,0.550424,0.463172,-0.987966,-0.00122116,0.540079,0.454427,-0.996689,-0.000587612,0.544111,0.423692,-0.985135,-0.000741797,0.553303,0.399311,-0.997864,-0.000598654,0.522078,0.372191,-0.992769,-0.00100184,0.553834,0.426679,-0.996524,-0.000846708,0.601654,0.363153,-0.994037,-0.000694277,0.619503,0.34543,-1.0002,-0.000618736,0.645023,0.347664,-0.989098,-0.0002856,0.683522,0.348336,-0.991158,-0.000645809,0.655947,0.3556,-0.993005,-0.000472243,0.704368,0.342088,-0.993289,-0.0011251,0.71474,0.275111,-0.999605,-0.000846309,0.69871,0.285509,-0.998361,-0.00184953,0.704561,0.248116,-0.996157,-0.00118511,0.693204,0.256412,-1.00385,-0.00102157,0.689395,0.210403,-0.995553,-0.000987795,0.736507,0.209542,-0.996832,-0.00099417,0.754613,0.17716,-0.991298,-0.00155195,0.713215,0.185354,-1.00669,-0.0012988,0.774519,0.210454,-1.00045,-0.00116347,0.769571,0.15098,-0.991428,-0.000764247,0.739036,0.155875,-0.99891,-0.000944852,0.701374,0.177322,-0.997225,-0.00118569,0.720366,0.173969,-0.99607,-0.000791516,0.717105,0.166091,-1.00365,-6.23598e-05,0.708359,0.156062,-0.999347,-0.00086965,0.712943,0.177164,-0.993864,6.13714e-06,0.739744,0.150919,-1.00209,-0.000112001,0.707602,0.173797,-0.998725,-0.000118156,0.7165,0.167466,-0.998579,-0.000167526,0.693367,0.196483,-0.994578,-4.96818e-05,0.729275,0.209503,-0.998987,-5.30262e-05,0.744268,0.179152,-0.999116,0.00024713,0.719267,0.166659,-0.998318,-0.000159033,0.748766,0.178604,-0.99548,-0.000153607,0.736866,0.169154,-0.996628,6.22099e-05,0.7,0,-1,0.316584,-0.227277,-0.105599,0.188837,-0.446494,1.28503,0.999695,-0.0227403,-0.00962939,-0.000438905,-0.00960207,0.0576369,-0.0231397,0,0,-0.39566,0.45,1,5,0.785398,0,0,0,0.0072364,0.182118,0.0452208,-1.28403,1.4019,-0.152298,0.0128491,0.182089,0.0435472,0.569166,0.311945,0.492578,0.214722,nan,nan,nan,nan,nan,nan,nan,nan,0.145393,-0.17076,1.29371,738.167,451.483,654.18,324.16,-1.61818,2.35963,-2,0.195923,-0.35945,1.27773,0.0948936,-0.644617,-0.18634
2.1,0.999704,-0.0210695,-0.0115124,0.00391211,0.00934999,-0.0280081,-0.0246463,0.450206,0.145485,-0.874602,0.282217,-0.0639306,-0.109779,0.880531,-0.0239367,-1.00212,0.000141065,0.830358,0.00214853,-0.986107,0.000820568,0.800708,-0.0123795,-0.985398,-0.00107042,0.839681,0.0199594,-0.991366,5.88033e-06,0.844894,0.0495962,-0.995432,-0.00063287,0.856557,0.0749826,-0.998871,0.00105271,0.867015,0.07119,-0.996296,-0.00136492,0.831129,0.099449,-1.00016,-0.00219604,0.795581,0.0714899,-1.00146,3.05675e-05,0.792704,0.121575,-0.996009,-0.00202287,0.772366,0.106636,-1.00512,-0.000576307,0.792906,0.116774,-0.989107,-3.96334e-05,0.807814,0.107853,-0.98643,-7.37905e-05,0.80588,0.112866,-0.987499,-0.0016165,0.803271,0.127819,-1.00127,-0.000740183,0.795931,0.176346,-0.995701,-0.000491829,0.809792,0.196399,-0.999061,-0.000314503,0.799061,0.216899,-0.991467,-0.00131399,0.761992,0.201668,-0.970869,4.14294e-05,0.708266,0.242414,-1.00411,0.000722058,0.64775,0.268032,-0.981488,-0.000133704,0.623685,0.283378,-1.00127,-0.000790948,0.606163,0.28948,-0.994899,0.000353374,0.603025,0.316813,-0.992786,-0.000935323,0.625827,0.325751,-0.995436,-0.000878293,0.615697,0.398615,-0.995529,-0.0011102,0.636757,0.44323,-1.00609,-0.000340772,0.653728,0.440676,-0.983661,-0.000776286,0.61829,0.449306,-0.987945,-0.00111042,0.59085,0.449898,-0.997073,-0.00239085,0.566486,0.436676,-0.989223,-0.000865413,0.549095,0.456889,-0.994128,-3.28989e-05,0.570953,0.455963,-0.986677,-0.00126023,0.556255,0.455152,-0.996876,-0.000503862,0.5272,0.467235,-0.984555,-0.000885823,0.509894,0.421076,-0.996015,-0.000879433,0.505998,0.374122,-0.99207,-0.000863849,0.5524,0.422871,-0.99625,-0.000748255,0.613288,0.376403,-0.992341,-0.000675615,0.626045,0.362192,-0.99838,-0.000861725,0.650015,0.329086,-0.988982,-0.000250906,0.664826,0.343983,-0.989903,-0.00064036,0.676184,0.340605,-0.992809,-0.000379181,0.707958,0.326094,-0.992911,-0.00104628,0.695945,0.308946,-1.00043,-0.000890773,0.69958,0.286578,-0.997188,-0.00187397,0.704904,0.247378,-0.99648,-0.00109311,0.692093,0.273773,-1.0044,-0.000950078,0.711285,0.225912,-0.997256,-0.000993234,0.740985,0.204829,-0.997869,-0.000873318,0.755962,0.203276,-0.990875,-0.00156489,0.719766,0.205479,-1.00929,-0.00109304,0.761339,0.216653,-0.999318,-0.00107706,0.747187,0.18016,-0.991786,-0.000690302,0.72918,0.193103,-0.998197,-0.000893139,0.706157,0.184316,-0.99516,-0.00118855,0.710744,0.187125,-0.995479,-0.000890254,0.705502,0.184731,-1.00228,2.9604e-05,0.709342,0.174285,-1.00165,-0.000790272,0.746014,0.178538,-0.994,-0.000110203,0.719794,0.180591,-1.00062,-0.000219719,0.706298,0.148066,-0.999512,-0.000134396,0.675081,0.14233,-0.996982,-5.35879e-05,0.699196,0.199949,-0.994353,-7.97182e-05,0.714341,0.204847,-0.999356,-8.66995e-05,0.72287,0.198849,-0.99948,0.000465446,0.717366,0.193715,-0.998761,-0.000397924,0.730724,0.191108,-0.995608,-0.000185296,0.717929,0.15873,-0.997753,4.70494e-05,0.739482,0.15825,-0.99729,7.36063e-05,0.7,0,-1,0.311866,-0.227108,-0.105623,0.128517,-0.388017,1.29099,0.999783,-0.0197673,-0.00655488,-0.000349466,-0.00219014,0.0344025,-0.0179619,0,0,-0.396025,0.45,1,5,0.785398,0,0,0,0.00742299,0.182291,0.0452285,0.420095,0.0951702,-0.198453,0.0121824,0.18426,0.0445564,0.564766,0.3156,0.496866,0.206814,nan,nan,nan,nan,nan,nan,nan,nan,0.0589398,-0.0987012,1.27436,737.011,449.096,659.014,317.835,-1.66332,2.38984,-2,0.19771,-0.358499,1.28819,-0.25368,-0.0564586,-0.317488
2.12,0.999698,-0.0216552,-0.0110967,0.00350496,-0.07494,0.0422913,-0.0324503,0.457709,0.145548,-0.874617,0.288012,-0.0589715,-0.109941,0.835918,-0.00823785,-0.986573,0.000577167,0.837988,-0.0212095,-0.986647,-0.0012008,0.852349,0.0253972,-0.990625,2.6966e-05,0.843535,0.0132001,-0.99414,-0.000638733,0.876742,0.0308027,-0.998155,0.00113138,0.866493,0.0334507,-0.997127,-0.00141543,0.831383,0.0700425,-0.999842,-0.0022082,0.810328,0.077801,-1.00112,-0.000111095,0.829449,0.0914954,-0.995661,-0.00195777,0.803047,0.071892,-1.00453,-0.000616439,0.794232,0.0868659,-0.989214,5.48154e-05,0.780331,0.121932,-0.986061,-0.000215646,0.786602,0.0904185,-0.987012,-0.00170868,0.808862,0.11649,-1.00156,-0.00066155,0.806917,0.163744,-0.994595,-0.000575356,0.797703,0.211825,-0.999119,-0.000492826,0.779358,0.22179,-0.992887,-0.00150556,0.708621,0.232785,-0.970465,0.000107158,0.684187,0.241032,-1.00402,0.000823366,0.635058,0.28082,-0.98145,7.93014e-05,0.614386,0.263814,-1.00264,-0.000792189,0.594122,0.278059,-0.994408,0.000502459,0.582174,0.313403,-0.99556,-0.00101731,0.612504,0.303284,-0.993238,-0.00103865,0.618954,0.417866,-0.996891,-0.00104588,0.618714,0.428744,-1.00563,-0.000188181,0.638832,0.434368,-0.984733,-0.000751099,0.623664,0.442505,-0.986149,-0.00100487,0.604152,0.455205,-0.99992,-0.00246287,0.565143,0.460165,-0.989075,-0.000821677,0.561381,0.437843,-0.993571,-0.000139135,0.567824,0.457334,-0.985699,-0.00124941,0.575301,0.462859,-0.995991,-0.000390406,0.51625,0.497461,-0.983996,-0.00105884,0.511685,0.454475,-0.996137,-0.000741376,0.514134,0.423049,-0.990302,-0.000753807,0.5375,0.4218,-0.996593,-0.000637909,0.595012,0.420936,-0.992154,-0.000694067,0.626777,0.381833,-0.99746,-0.000773504,0.660184,0.354287,-0.987338,-0.000234349,0.672007,0.347566,-0.991288,-0.000522906,0.647604,0.314155,-0.992146,-0.00056585,0.692646,0.299912,-0.994244,-0.000993152,0.716873,0.296695,-1.00213,-0.00100214,0.72406,0.277999,-0.997529,-0.00172547,0.716351,0.236142,-0.996533,-0.00112739,0.709951,0.241816,-1.00432,-0.000930929,0.697116,0.216128,-0.997841,-0.000954526,0.720969,0.227152,-0.997589,-0.000709779,0.729616,0.210595,-0.991651,-0.00167573,0.759779,0.228866,-1.00789,-0.00125239,0.771782,0.218597,-1.00096,-0.00132288,0.745152,0.179489,-0.99261,-0.000749244,0.718287,0.204896,-0.996402,-0.000659368,0.698886,0.190614,-0.995767,-0.0011324,0.706471,0.172022,-0.995579,-0.000918378,0.721984,0.176903,-1.00235,-7.80366e-05,0.718212,0.195448,-0.999497,-0.000663615,0.726838,0.194897,-0.995112,-0.000138284,0.698873,0.210277,-0.999333,-9.28285e-05,0.682618,0.181784,-0.998763,-0.000165984,0.656402,0.165798,-0.996817,-0.000150078,0.671575,0.204331,-0.992713,-0.000114661,0.709716,0.210691,-0.997646,-0.000111214,0.732428,0.189412,-0.998235,0.00046193,0.711146,0.187697,-0.998985,-0.00040778,0.729369,0.183625,-0.995701,-0.000105348,0.738691,0.181897,-0.996458,1.2812e-05,0.763783,0.172931,-0.998334,0.000154756,0.769566,0.15079,-0.998078,3.82259e-05,0.7,0,-1,0.311866,-0.227108,-0.105623,0.128517,-0.388017,1.29099,0.999783,-0.0197673,-0.00655488,-0.000349466,0.019378,0.00485305,-0.0226277,0,0,-0.395557,0.45,1,5,0.785398,0,0,0,0.00768583,0.182315,0.0452551,0.00378394,1.93307,-0.1212,0.0163503,0.171435,0.0452896,0.552669,0.329922,0.490137,0.212468,nan,nan,nan,nan,nan,nan,nan,nan,0.0968541,-0.0553552,1.27372,732.914,459.933,657.137,314.991,-1.65339,2.45148,-2,0.190443,-0.368461,1.2914,0.289723,0.247954,-0.00809506
2.14,0.999694,-0.0219798,-0.0108769,0.00336528,-0.073931,0.0493578,-0.0286867,0.460215,0.145522,-0.87473,0.28514,-0.05576,-0.115153,0.869028,-0.039667,-0.986471,-0.00124423,0.862299,-0.01099,-0.990598,2.91519e-07,0.857606,0.0150485,-0.994352,-0.000733881,0.846864,0.019482,-0.998777,0.00114715,0.834828,0.0391673,-0.996784,-0.00140338,0.845013,0.0643793,-0.999607,-0.00224135,0.856707,0.0877431,-0.998389,-0.000138904,0.829709,0.109469,-0.996318,-0.00194724,0.811076,0.0648646,-1.00352,-0.000626575,0.81961,0.0704229,-0.988839,-3.12842e-05,0.793001,0.0789085,-0.985674,-0.000330838,0.807259,0.0725634,-0.986778,-0.00175107,0.793197,0.12431,-1.00208,-0.000793771,0.808877,0.160528,-0.996277,-0.000582927,0.778113,0.222502,-0.998747,-0.000468001,0.780117,0.219169,-0.994818,-0.00136268,0.739135,0.216417,-0.969448,0.00014972,0.688256,0.244952,-1.00411,0.000949281,0.645079,0.288659,-0.982784,-0.000120695,0.646203,0.281884,-1.00174,-0.000731706,0.606641,0.278929,-0.994602,0.000369344,0.598789,0.299355,-0.996933,-0.00115689,0.642501,0.334569,-0.993958,-0.000812136,0.624955,0.361199,-0.995839,-0.00112002,0.625593,0.411355,-1.00585,-0.000239025,0.598326,0.422465,-0.983223,-0.000587234,0.591946,0.423563,-0.986732,-0.00115708,0.584329,0.443933,-0.997314,-0.00248753,0.566483,0.441068,-0.989212,-0.000738327,0.542341,0.429953,-0.99348,-0.000289335,0.546647,0.449092,-0.987174,-0.00125863,0.542359,0.47155,-0.996177,-0.000114656,0.506005,0.472648,-0.981297,-0.0012043,0.49404,0.472971,-0.996022,-0.000551694,0.527212,0.438122,-0.99058,-0.000447175,0.547372,0.43409,-0.996693,-0.000665321,0.561252,0.437732,-0.993086,-0.000665954,0.604364,0.410893,-0.998754,-0.000803894,0.654681,0.377248,-0.985916,-0.000287293,0.650089,0.354529,-0.991619,-0.000713089,0.662622,0.332351,-0.99186,-0.000536495,0.722212,0.311977,-0.993899,-0.00095375,0.747131,0.283288,-1.00161,-0.00104255,0.74472,0.279788,-0.998004,-0.00184732,0.747939,0.272277,-0.995137,-0.00114188,0.700101,0.273765,-1.00352,-0.000730121,0.704024,0.242972,-0.998889,-0.0010382,0.730119,0.250637,-0.998838,-0.000786877,0.731085,0.217887,-0.991216,-0.00189531,0.780095,0.256847,-1.00719,-0.00125048,0.764964,0.2284,-0.99887,-0.00136776,0.739849,0.170841,-0.992731,-0.000775482,0.715376,0.197749,-0.994452,-0.000731301,0.696369,0.204045,-0.996184,-0.00120204,0.747758,0.176905,-0.996916,-0.00109103,0.741242,0.17871,-1.00228,-1.90982e-05,0.714667,0.182539,-1.00037,-0.000656204,0.708224,0.226311,-0.991661,3.12164e-05,0.692102,0.203577,-0.998722,-7.00865e-05,0.659691,0.1884,-0.998252,-0.000158877,0.671264,0.185778,-0.996009,-0.000178748,0.652596,0.216582,-0.991728,-3.26778e-05,0.699707,0.206058,-0.997783,-0.000238832,0.743018,0.224573,-0.99662,0.000656645,0.735708,0.20526,-1.00037,-0.000263504,0.7367,0.198142,-0.994584,-0.000160653,0.778598,0.182711,-0.997518,0.000126237,0.778224,0.180659,-0.999154,-6.23248e-05,0.788296,0.142527,-0.998696,1.69126e-05,0.780971,0.180006,-0.997435,9.76178e-06,0.7,0,-1,0.311779,-0.218098,-0.10353,0.155975,-0.464917,1.30508,0.999688,-0.0236763,-0.00796274,-0.000743517,0.0500852,-0.000385284,-0.0217113,0,0,-0.39514,0.45,1,5,0.785398,0,0,0,0.007785,0.182275,0.0452702,3.95783,-1.09343,-0.235435,-0.000907325,0.180423,0.0455731,0.565111,0.316419,0.479843,0.22016,nan,nan,nan,nan,nan,nan,nan,nan,0.101468,-0.130066,1.25859,733.88,455.704,652.826,316.781,-1.68632,2.50473,-2,0.185647,-0.371994,1.33795,-0.143608,0.160576,-0.260573
2.16,0.999693,-0.022188,-0.0105994,0.00302781,0.000156948,0.0279439,-0.035727,0.465207,0.145409,-0.874992,0.28061,-0.0741251,-0.106901,0.898775,-0.0453139,-0.990141,-8.67224e-05,0.851441,0.0340035,-0.993471,-0.000680436,0.847149,0.0173794,-0.998899,0.00120863,0.845841,0.0437406,-0.995076,-0.00135734,0.835988,0.0454391,-1.00163,-0.00213918,0.850956,0.0480323,-0.997267,-7.80258e-05,0.828255,0.0838742,-0.996259,-0.00201539,0.816964,0.0723486,-1.00159,-0.000580964,0.829106,0.0790861,-0.988054,-4.3498e-06,0.815323,0.0883702,-0.986358,-0.00053706,0.821556,0.0907478,-0.984416,-0.00185452,0.835474,0.132596,-1.00121,-0.000894563,0.781329,0.147519,-0.996018,-0.000581347,0.747938,0.244526,-0.998227,-0.000685015,0.747152,0.215782,-0.995556,-0.00140257,0.710958,0.230089,-0.969201,0.000143376,0.702365,0.248467,-1.00345,0.00109784,0.664912,0.288956,-0.982345,-1.30915e-05,0.645857,0.278146,-1.00137,-0.000826252,0.629549,0.26906,-0.99589,0.000232134,0.654109,0.300576,-0.998542,-0.00100931,0.689165,0.339898,-0.995521,-0.000626859,0.605976,0.350207,-0.997545,-0.00105871,0.619224,0.385727,-1.00533,-0.000199766,0.608036,0.403416,-0.984268,-0.000477103,0.604405,0.415945,-0.983768,-0.00109517,0.58547,0.440607,-0.998102,-0.00266539,0.539924,0.448148,-0.989522,-0.000629056,0.54155,0.436904,-0.992609,-0.000162481,0.545019,0.433648,-0.986841,-0.0014815,0.537612,0.480029,-0.996435,9.96288e-05,0.504464,0.469676,-0.98179,-0.00104901,0.502522,0.481202,-0.995405,-0.000436314,0.533711,0.434529,-0.989752,-0.000820766,0.531573,0.439882,-0.996879,-0.000679113,0.552786,0.460776,-0.995122,-0.000752018,0.597309,0.422397,-0.996097,-0.000761092,0.655552,0.386869,-0.987287,-0.000487666,0.67327,0.35631,-0.991942,-0.000661486,0.676401,0.344164,-0.992377,-0.000773774,0.697557,0.325242,-0.993658,-0.000944198,0.721589,0.275701,-1.00013,-0.000954615,0.732706,0.283278,-0.998341,-0.00188562,0.755745,0.276673,-0.993376,-0.00124982,0.711015,0.267877,-1.0042,-0.000605721,0.719517,0.251879,-1.00007,-0.0010198,0.752187,0.242994,-0.999576,-0.000556005,0.739685,0.263417,-0.990583,-0.00199907,0.74581,0.270925,-1.00576,-0.00121346,0.759666,0.250545,-0.999456,-0.00138405,0.749105,0.201849,-0.993743,-0.000907333,0.744797,0.204957,-0.995607,-0.000544385,0.714615,0.204573,-0.99722,-0.00118727,0.716404,0.200117,-0.997816,-0.00124281,0.719816,0.179842,-1.00227,-1.0692e-05,0.698576,0.195793,-0.999829,-0.000648535,0.685396,0.215197,-0.992684,4.05094e-06,0.6907,0.208228,-0.999943,-0.000160732,0.715909,0.210776,-0.999148,-0.000193795,0.663812,0.198645,-0.996726,-4.96526e-05,0.69067,0.215265,-0.989403,-8.74825e-05,0.742378,0.198725,-0.998576,-0.000507135,0.738234,0.202563,-0.994707,0.000705764,0.735155,0.233041,-1.00034,-0.000461076,0.720657,0.226023,-0.99336,-0.000293336,0.75145,0.206951,-0.99856,0.000248604,0.763805,0.188281,-0.997829,-2.04205e-05,0.760002,0.149131,-0.997461,-1.50369e-05,0.776778,0.155691,-0.997192,-7.95427e-05,0.760666,0.14888,-0.997861,-4.35775e-05,0.7,0,-1,0.389087,-0.160768,-0.102176,0.315812,-0.317878,1.27294,0.999739,-0.0161982,-0.0160864,0.000202876,0.0333769,-0.0278725,-0.0188739,0,0,-0.393037,0.45,1,5,0.785398,0,0,0,0.00790403,0.181834,0.0453185,1.09595,2.15217,-0.198747,0.00276483,0.15884,0.0462742,0.566927,0.311902,0.465479,0.227839,nan,nan,nan,nan,nan,nan,nan,nan,0.0806257,-0.209209,1.25403,735.813,451.097,645.502,327.061,-1.72699,2.45034,-2,0.180226,-0.374352,1.36613,-0.226481,-0.918255,0.412555
2.18,0.999728,-0.021301,-0.00925737,0.00232791,0.0487638,0.0933416,-0.0405291,0.475485,0.144894,-0.87631,0.278945,-0.0665539,-0.120289,0.86292,0.0145505,-0.99411,-0.000688336,0.868413,0.006204,-0.999723,0.00126504,0.849078,0.02721,-0.995161,-0.00150294,0.837328,0.0349373,-1.00255,-0.00225167,0.846931,0.0469988,-0.997379,-5.13946e-05,0.815667,0.0672989,-0.997094,-0.00202386,0.841198,0.0648461,-1.00251,-0.000728079,0.833219,0.0847816,-0.987322,8.98374e-05,0.831716,0.061509,-0.987545,-0.000561287,0.841293,0.121485,-0.985728,-0.00176759,0.824208,0.145436,-1.00278,-0.000957868,0.811106,0.188948,-0.994428,-0.000545436,0.778559,0.229543,-0.997631,-0.000796805,0.742105,0.235604,-0.99552,-0.00148289,0.701422,0.226548,-0.970661,0.000195539,0.70136,0.265928,-1.00205,0.00118237,0.670698,0.299607,-0.981875,0.000225846,0.650912,0.300045,-1.00217,-0.000820235,0.643595,0.31059,-0.994381,1.70035e-05,0.686823,0.343196,-0.998711,-0.000873421,0.673041,0.343413,-0.995652,-0.000571423,0.643745,0.358576,-0.998427,-0.00119057,0.63466,0.422426,-1.00529,-0.000218022,0.594245,0.415608,-0.984228,-0.000467124,0.583324,0.447454,-0.983399,-0.00123288,0.570782,0.428225,-0.997183,-0.00251909,0.559755,0.448919,-0.987309,-0.00072092,0.527782,0.460241,-0.99138,-0.000120846,0.548275,0.462693,-0.984557,-0.00127116,0.5481,0.475007,-0.99726,0.000395369,0.48487,0.468792,-0.983425,-0.00107468,0.50321,0.470435,-0.996494,-0.000450862,0.537928,0.438569,-0.988908,-0.000936328,0.530473,0.446452,-0.99744,-0.000744223,0.53621,0.469457,-0.993791,-0.000897911,0.586865,0.448823,-0.995083,-0.000821509,0.638115,0.404229,-0.987252,-0.000502464,0.671177,0.361339,-0.990587,-0.000670728,0.696226,0.345967,-0.992841,-0.000923056,0.713991,0.327751,-0.996136,-0.000886276,0.730828,0.288692,-0.999527,-0.00105785,0.734537,0.295153,-0.998112,-0.00192265,0.756496,0.300216,-0.993208,-0.00142325,0.716136,0.266666,-1.00342,-0.000702159,0.702175,0.265957,-1.00077,-0.000912453,0.717328,0.291216,-0.998911,-0.000535396,0.728752,0.264049,-0.988959,-0.00209839,0.762677,0.274374,-1.00509,-0.00113099,0.797955,0.255218,-1.00067,-0.00127651,0.767277,0.21675,-0.994698,-0.000863133,0.769123,0.226963,-0.995059,-0.000727004,0.704021,0.192104,-0.996459,-0.0012517,0.711323,0.223647,-0.997919,-0.00126215,0.701396,0.193246,-1.00235,0.000125535,0.710788,0.189065,-1.00109,-0.000530844,0.693802,0.207541,-0.993053,-7.24706e-06,0.719737,0.188788,-0.997609,-5.63259e-05,0.719041,0.222653,-1.00021,-0.000140307,0.677988,0.211112,-0.995981,-0.000170529,0.706887,0.206409,-0.989398,-6.81302e-06,0.737518,0.20742,-0.995855,-0.000642013,0.748923,0.217737,-0.993825,0.000554011,0.736379,0.222826,-1.00023,-0.000526866,0.751382,0.206746,-0.992227,-8.7858e-05,0.744072,0.193233,-0.997938,0.000187899,0.758739,0.15969,-0.996977,-9.2767e-05,0.76074,0.151412,-0.997088,0.000178228,0.772297,0.144883,-0.994046,0.000184174,0.777824,0.148074,-0.996758,-0.000299814,0.766189,0.14029,-0.997568,-0.000108728,0.7,0,-1,0.318904,-0.143847,-0.109345,0.209108,-0.182422,1.25841,0.9999,-0.00930032,-0.0106568,0.000189425,-0.050899,-0.00198563,-0.0141428,0,0,-0.395503,0.45,1,5,0.785398,0,0,0,0.00753249,0.181535,0.0453602,3.09118,-0.953711,0.379494,-0.0235068,0.175919,0.0470402,0.576882,0.308269,0.458263,0.238597,nan,nan,nan,nan,nan,nan,nan,nan,0.111565,-0.0383038,1.21463,746.34,446.483,637.931,341.435,-1.75118,2.52448,-2,0.158666,-0.362774,1.28948,-0.0832811,0.378558,-0.669356
2.2,0.999738,-0.0209312,-0.00902104,0.00216037,0.0810018,0.0528638,-0.0365051,0.477943,0.144836,-0.876292,0.279653,-0.0676699,-0.117424,0.901908,-0.0116627,-0.998957,0.00126838,0.854627,0.0183333,-0.99344,-0.00154212,0.837644,0.0271732,-1.00256,-0.00218843,0.854831,0.0406139,-0.998216,-4.92655e-06,0.82297,0.07545,-0.997047,-0.00204338,0.847461,0.0617757,-1.00294,-0.00070345,0.839319,0.0817053,-0.98675,4.68536e-05,0.830282,0.0595486,-0.987163,-0.000619436,0.871988,0.106865,-0.985889,-0.00176548,0.842517,0.125337,-1.00241,-0.000928317,0.806363,0.188962,-0.99323,-0.000654353,0.789826,0.208309,-0.998592,-0.000813238,0.759318,0.217029,-0.995265,-0.00139794,0.740056,0.22023,-0.970551,0.000335216,0.721144,0.243751,-1.00054,0.00106112,0.661488,0.272427,-0.981994,0.000292157,0.662342,0.283266,-1.0022,-0.000926565,0.675193,0.308527,-0.993386,-2.38462e-05,0.717389,0.344372,-0.99913,-0.000895009,0.692743,0.344418,-0.997597,-0.000568452,0.664271,0.361654,-0.997564,-0.00118537,0.607956,0.384396,-1.00391,-0.000254319,0.581714,0.423167,-0.985005,-0.000540134,0.586854,0.448599,-0.984309,-0.00119478,0.583548,0.417552,-0.99738,-0.00239981,0.571645,0.464542,-0.985865,-0.000657917,0.54401,0.450886,-0.990782,-0.00013523,0.53685,0.455459,-0.98436,-0.00139703,0.550169,0.496759,-0.997386,0.000384579,0.494007,0.478434,-0.984878,-0.00109505,0.493598,0.47486,-0.998069,-0.000223074,0.531023,0.446779,-0.98847,-0.00102602,0.552639,0.455058,-0.998716,-0.000891465,0.563618,0.460455,-0.991502,-0.000855913,0.60722,0.442587,-0.993455,-0.000710302,0.61391,0.402435,-0.986441,-0.000429597,0.662564,0.35323,-0.990837,-0.000722689,0.676969,0.352604,-0.993386,-0.00117809,0.715932,0.331463,-0.99734,-0.000942322,0.720651,0.320417,-0.998487,-0.00118198,0.737696,0.32998,-0.997783,-0.00210075,0.710246,0.29545,-0.992821,-0.00139719,0.720638,0.27396,-1.00353,-0.000556556,0.704953,0.274458,-1.00202,-0.000847397,0.694667,0.288185,-0.998177,-0.000555798,0.717584,0.252725,-0.987956,-0.0021643,0.760252,0.269781,-1.00415,-0.00115596,0.781087,0.259035,-1.00061,-0.00153561,0.760554,0.211363,-0.992883,-0.000998336,0.750679,0.209309,-0.994965,-0.000675828,0.708029,0.212852,-0.99769,-0.00121506,0.709914,0.226873,-0.996491,-0.00119402,0.676643,0.198375,-1.00273,0.000194443,0.711964,0.192018,-1.00056,-0.000450433,0.711554,0.215483,-0.991504,-0.000205024,0.727541,0.198926,-0.997583,0.000103618,0.719831,0.221616,-1.00056,-0.000152813,0.699564,0.21275,-0.994828,-3.93445e-05,0.693653,0.22261,-0.989413,-3.76453e-05,0.715118,0.219968,-0.996438,-0.000720094,0.747893,0.217381,-0.993682,0.000479215,0.738907,0.185724,-1.00134,-0.000473416,0.732938,0.185581,-0.991229,-0.000181867,0.747823,0.16671,-0.997711,0.000108063,0.773529,0.120872,-0.99562,-0.000211931,0.777689,0.141572,-0.997311,9.43699e-05,0.763659,0.135242,-0.99435,0.00048524,0.78249,0.17338,-0.994179,-0.000342903,0.737931,0.154108,-0.999222,-0.000125124,0.744883,0.16325,-0.997648,-1.94615e-05,0.7,0,-1,0.313793,-0.143237,-0.109098,0.180853,-0.293088,1.26269,0.999846,-0.0149376,-0.00921432,0.000150917,0.0221702,-0.00438148,-0.0130739,0,0,-0.392444,0.45,1,5,0.785398,0,0,0,0.0072792,0.181421,0.0453798,-1.63054,-0.228831,0.414786,0.00489839,0.176252,0.0474394,0.573582,0.306183,0.477721,0.21229,nan,nan,nan,nan,nan,nan,nan,nan,0.104481,-0.152688,1.22938,745.488,442.352,637.792,332.665,-1.76296,2.55424,-2,0.153232,-0.353435,1.36255,0.0354052,-0.0557974,0.143214
2.22,0.999757,-0.0201353,-0.00871001,0.0019179,0.0879439,0.0285621,-0.0266258,0.482909,0.144658,-0.876269,0.286091,-0.0787393,-0.118858,0.911654,-0.0223429,-0.993208,-0.0015816,0.872724,-0.0182932,-1.00238,-0.00206366,0.855751,0.0119651,-0.998068,-4.44148e-05,0.838997,0.0436238,-0.998015,-0.0018548,0.857666,0.062846,-1.00275,-0.000565848,0.863264,0.0899188,-0.985359,0.00011024,0.856462,0.0905057,-0.987601,-0.000674763,0.859186,0.0791629,-0.98533,-0.00156955,0.833742,0.120464,-1.00054,-0.0011157,0.817755,0.170725,-0.99335,-0.000528779,0.775511,0.178537,-0.998491,-0.000996434,0.766198,0.212199,-0.994445,-0.00155917,0.741059,0.238802,-0.969574,0.000389932,0.735838,0.234861,-1.0007,0.00115215,0.678358,0.246034,-0.981109,0.000471429,0.673992,0.272628,-1.00317,-0.000818674,0.677998,0.296657,-0.991941,2.69684e-07,0.719569,0.327758,-0.99811,-0.000867026,0.685267,0.318669,-0.996547,-0.000559221,0.688486,0.361575,-0.996979,-0.00110988,0.616993,0.392246,-1.00551,-7.58508e-05,0.581293,0.386789,-0.985856,-0.000560233,0.60892,0.427975,-0.984035,-0.00108182,0.596156,0.415815,-0.998007,-0.00237645,0.583153,0.471303,-0.986623,-0.00058758,0.576188,0.446974,-0.987888,-0.000127478,0.531076,0.463652,-0.984956,-0.0015389,0.509434,0.504915,-0.998602,0.000262326,0.516992,0.470941,-0.986666,-0.00140062,0.50241,0.42596,-0.997096,-0.000217967,0.507462,0.471365,-0.987772,-0.000889704,0.544931,0.458593,-1.00003,-0.000729624,0.60823,0.450824,-0.991199,-0.000926046,0.616443,0.442829,-0.994071,-0.000902447,0.618658,0.418091,-0.987495,-0.000394156,0.659971,0.365474,-0.992262,-0.000763273,0.697317,0.354843,-0.992635,-0.00114408,0.724019,0.309391,-0.997618,-0.000868982,0.756257,0.357331,-0.999308,-0.00119399,0.733803,0.345919,-0.995344,-0.00209749,0.738012,0.317001,-0.992951,-0.00145666,0.748201,0.311038,-1.00292,-0.000606531,0.699035,0.291744,-1.00226,-0.000992998,0.699771,0.307383,-0.999473,-0.000386761,0.730955,0.292984,-0.98722,-0.00232154,0.770628,0.294285,-1.00208,-0.00113098,0.789303,0.238953,-0.998873,-0.00149808,0.748134,0.227931,-0.99235,-0.000995625,0.761337,0.230091,-0.99547,-0.000797154,0.71837,0.20042,-0.997159,-0.00122061,0.719939,0.213679,-0.995338,-0.00121725,0.680065,0.213977,-1.00314,8.60313e-05,0.69201,0.194054,-0.999833,-0.000419413,0.72611,0.217978,-0.990308,-0.00026825,0.742518,0.217644,-0.998829,0.00010297,0.708479,0.217373,-1.0008,-6.27924e-05,0.718852,0.211832,-0.993609,-3.12097e-05,0.711541,0.212164,-0.988261,7.3376e-05,0.701007,0.221384,-0.995875,-0.000582927,0.740186,0.214474,-0.993133,0.000618584,0.750788,0.187573,-1.00007,-0.000529505,0.723446,0.184441,-0.991941,-6.66666e-05,0.736914,0.149793,-0.99519,0.000252061,0.756519,0.157863,-0.995194,-0.000127428,0.758336,0.137685,-0.997326,6.16865e-05,0.77228,0.142712,-0.993784,0.000498563,0.756067,0.185107,-0.992751,-0.000390133,0.745168,0.182134,-0.998696,-0.000165801,0.749043,0.168149,-0.998172,-0.000136832,0.735102,0.141661,-0.996424,7.44184e-06,0.7,0,-1,0.340541,-0.172626,-0.109105,0.266274,-0.300271,1.28083,0.999791,-0.0152884,-0.0135801,-0.000829676,-0.0312495,0.00619948,-0.0127632,0,0,-0.390601,0.45,1,5,0.785398,0,0,0,0.00701826,0.181368,0.0454075,-1.18034,-1.30584,0.2987,0.00500747,0.186026,0.0475703,0.552565,0.321791,0.481867,0.202175,nan,nan,nan,nan,nan,nan,nan,nan,0.177247,-0.161804,1.24182,739.256,449.684,642.062,322.656,-1.74552,2.5328,-2,0.147423,-0.339018,1.38723,0.321907,-0.553473,-0.0716962
2.24,0.999765,-0.0197419,-0.00875021,0.00181547,0.0860317,-0.0090245,-0.0232156,0.48542,0.144526,-0.876356,0.283279,-0.0811623,-0.124898,0.915059,0.0131688,-1.0008,-0.00199622,0.886863,-0.00853156,-0.998453,6.86744e-05,0.84109,0.0460426,-0.998557,-0.001833,0.883631,0.0592372,-1.00208,-0.000614281,0.883133,0.0745426,-0.986145,-7.23262e-05,0.864959,0.0750673,-0.988764,-0.000681164,0.852451,0.0864265,-0.985639,-0.00174315,0.850697,0.129568,-0.999556,-0.00117838,0.844595,0.181863,-0.99208,-0.00050438,0.814822,0.188563,-0.997865,-0.000997607,0.765191,0.21282,-0.994587,-0.00161333,0.743578,0.228945,-0.968963,0.000218575,0.698899,0.223171,-0.999435,0.00118898,0.701383,0.267163,-0.981468,0.000550631,0.682648,0.266833,-1.00284,-0.000831437,0.684265,0.273193,-0.991311,-0.000205211,0.67832,0.290959,-0.999402,-0.000827474,0.67781,0.338721,-0.995345,-0.000673106,0.677987,0.354259,-0.997668,-0.00102656,0.643354,0.370836,-1.00313,1.23792e-05,0.591981,0.377761,-0.985924,-0.000755133,0.573643,0.402426,-0.985051,-0.0011789,0.588499,0.449966,-0.997671,-0.00241591,0.572071,0.46547,-0.98761,-0.000625597,0.536161,0.451309,-0.988524,0.000207944,0.537314,0.470513,-0.985382,-0.00155927,0.505755,0.480122,-0.99807,0.000247053,0.520812,0.487191,-0.985552,-0.00150816,0.536334,0.441055,-0.997567,-0.000371567,0.517386,0.454917,-0.988049,-0.000769392,0.536674,0.446037,-0.999936,-0.000549119,0.606792,0.429276,-0.991842,-0.000852768,0.606447,0.461224,-0.993207,-0.000853928,0.61931,0.443572,-0.987838,-0.000404202,0.687768,0.374439,-0.991532,-0.000677118,0.729862,0.324926,-0.991672,-0.00113216,0.735505,0.3281,-0.995344,-0.000963533,0.744608,0.342517,-1.00131,-0.00136355,0.727794,0.33975,-0.994945,-0.00211112,0.747601,0.299276,-0.991606,-0.00155153,0.730458,0.32698,-1.00409,-0.000504121,0.697792,0.298444,-1.00249,-0.000985532,0.720124,0.31472,-1.00258,-0.000473769,0.710338,0.295223,-0.986749,-0.00232584,0.728923,0.281637,-1.00083,-0.00132848,0.744335,0.259458,-0.999238,-0.00130496,0.749998,0.243695,-0.993746,-0.00111113,0.741423,0.232207,-0.995679,-0.000863942,0.732077,0.217156,-0.998668,-0.00128547,0.717525,0.212061,-0.994901,-0.00117642,0.706126,0.202037,-1.00204,0.00012629,0.683119,0.228295,-1.00059,-0.00040437,0.756335,0.248731,-0.988416,-0.000188814,0.745136,0.245285,-0.998046,0.000205068,0.70403,0.223587,-1.00182,-0.000272135,0.710978,0.215347,-0.992352,-0.000303615,0.706262,0.216606,-0.987222,-1.83902e-05,0.708172,0.226227,-0.993598,-0.000580264,0.711249,0.219374,-0.994357,0.000623271,0.742557,0.203256,-0.998482,-0.000473256,0.75273,0.175533,-0.990555,1.48257e-05,0.773048,0.157972,-0.994165,0.000190825,0.754354,0.16072,-0.996612,-2.65367e-05,0.754877,0.155305,-0.997912,1.651e-05,0.765481,0.120065,-0.993087,0.000278669,0.76182,0.163235,-0.992964,-0.000469824,0.741443,0.177692,-0.998703,-0.000263017,0.737132,0.165288,-0.999167,0.000114208,0.762095,0.171888,-0.996365,-0.000160733,0.74,0.112949,-0.996378,-0.000176538,0.7,0,-1,0.364155,-0.177442,-0.112709,0.296744,-0.252109,1.25568,0.999803,-0.0128431,-0.0151243,-0.000237631,0.0277496,-0.0582292,-0.0076202,0,0,-0.391997,0.45,1,5,0.785398,0,0,0,0.00695689,0.181366,0.0454214,-0.0304843,-1.68447,0.78599,0.0192487,0.174157,0.0478077,0.551492,0.328134,0.480255,0.208107,nan,nan,nan,nan,nan,nan,nan,nan,0.136347,-0.0991793,1.20692,734.285,457.698,641.614,317.142,-1.77433,2.55381,-2,0.147568,-0.331312,1.41465,-0.140589,-0.121145,-0.302006
2.26,0.999763,-0.0199561,-0.00859546,0.00130897,-0.0474883,0.0408761,-0.0199915,0.495296,0.143729,-0.876832,0.282587,-0.0751388,-0.111828,0.958479,-0.0374175,-0.999588,-1.35573e-05,0.878544,0.0249166,-0.995942,-0.00184721,0.918136,0.0373344,-1.0027,-0.000652224,0.886943,0.0653293,-0.985964,5.15607e-05,0.86635,0.077359,-0.987553,-0.000808077,0.855704,0.098478,-0.985456,-0.00169922,0.863533,0.0949536,-0.999321,-0.001229,0.85092,0.157033,-0.992467,-0.000446865,0.808859,0.172511,-0.998207,-0.00118967,0.766819,0.223242,-0.993177,-0.00180472,0.758816,0.223429,-0.968065,5.37022e-05,0.740848,0.240339,-0.998365,0.00120963,0.690229,0.254292,-0.981876,0.000426373,0.684254,0.279917,-1.00319,-0.000742849,0.664701,0.274695,-0.990454,-0.000249741,0.68641,0.32667,-0.997378,-0.000763668,0.685701,0.321913,-0.995584,-0.000765271,0.661822,0.350849,-0.998011,-0.000945004,0.640293,0.377205,-1.00397,-0.000108679,0.58541,0.398532,-0.984988,-0.000584832,0.5632,0.411305,-0.984026,-0.00126086,0.569471,0.439584,-0.997407,-0.0025158,0.552065,0.437042,-0.986648,-0.0006154,0.539083,0.46215,-0.989099,0.000142941,0.52721,0.438551,-0.985585,-0.00154853,0.50509,0.451525,-0.99727,0.000384516,0.526044,0.449428,-0.986349,-0.00147167,0.53825,0.460011,-0.997248,-0.00051969,0.551862,0.478238,-0.986701,-0.00076572,0.559799,0.486024,-0.999634,-0.000569069,0.592122,0.47468,-0.991783,-0.000692697,0.600873,0.457011,-0.991496,-0.000926077,0.615602,0.460204,-0.987983,-0.000455668,0.661289,0.400554,-0.991957,-0.000698342,0.716129,0.356829,-0.98996,-0.00100283,0.746323,0.308712,-0.995718,-0.000975505,0.731917,0.359692,-1.00076,-0.00138392,0.753195,0.345831,-0.996541,-0.00231276,0.752165,0.339088,-0.991181,-0.00150345,0.745828,0.305889,-1.00244,-0.000365432,0.724287,0.31084,-1.0043,-0.000929509,0.735284,0.293751,-1.00339,-0.000398431,0.76185,0.290009,-0.985898,-0.00227,0.755452,0.271059,-1.0008,-0.00151456,0.78712,0.253336,-0.999283,-0.00113853,0.766423,0.24259,-0.992722,-0.0011615,0.757735,0.242774,-0.994946,-0.00102987,0.70998,0.232276,-0.999566,-0.00134554,0.726204,0.201585,-0.994749,-0.00114449,0.709061,0.225388,-1.0019,0.000420301,0.6942,0.249134,-1.00065,-0.000512129,0.729443,0.267208,-0.986531,-0.00027105,0.721803,0.277649,-1.00012,-4.68211e-05,0.699665,0.271203,-1.00309,-0.000273464,0.713017,0.217251,-0.991705,-9.95862e-05,0.707138,0.220651,-0.986986,0.000136157,0.725662,0.252052,-0.993828,-0.000480022,0.70812,0.206655,-0.994391,0.000710594,0.744896,0.196688,-0.998505,-0.000273642,0.764818,0.210987,-0.988498,-6.64148e-05,0.768056,0.144036,-0.993655,0.000175945,0.748454,0.182093,-0.99655,-0.000102167,0.760642,0.164211,-0.997262,-0.000126071,0.752559,0.1675,-0.993642,0.000327247,0.759627,0.169324,-0.992797,-0.000468567,0.759103,0.155941,-0.99923,-0.000296138,0.746643,0.161735,-0.998694,-0.000194174,0.743049,0.150739,-0.997114,-0.000134033,0.75327,0.104884,-0.995683,-0.000146118,0.726708,0.129884,-0.996624,-0.000181694,0.7,0,-1,0.325379,-0.119941,-0.116593,0.154231,-0.187891,1.24567,0.999923,-0.00957441,-0.0078659,-0.000419469,0.0808171,-0.0575149,-0.00820916,0,0,-0.395351,0.45,1,5,0.785398,0,0,0,0.00697208,0.181241,0.045453,0.427323,0.974646,0.22361,0.0272319,0.169336,0.0478935,0.542854,0.344791,0.484327,0.21175,nan,nan,nan,nan,nan,nan,nan,nan,0.0668067,-0.0993817,1.26473,728.223,478.512,644.863,314.228,-1.79242,2.61777,-2,0.146294,-0.338431,1.32849,-0.0346079,0.30117,0.653527
2.28,0.99976,-0.0200553,-0.00873927,0.00105999,0.0209492,-0.024188,-0.0192699,0.502689,0.14287,-0.877452,0.276794,-0.0877657,-0.116853,0.907249,0.0327305,-0.997619,-0.00175468,0.909381,0.0402962,-1.00321,-0.000678566,0.879982,0.0668109,-0.983688,-0.000135649,0.881273,0.0644148,-0.986941,-0.00103974,0.862716,0.0632747,-0.984833,-0.00177299,0.850764,0.0850063,-0.998647,-0.00136086,0.828059,0.149488,-0.992035,-0.000399681,0.821957,0.140034,-0.99894,-0.00112451,0.785342,0.204391,-0.991463,-0.00207456,0.744335,0.190858,-0.968544,-0.00015239,0.736783,0.257088,-0.998971,0.00111594,0.685275,0.247647,-0.982103,0.000382651,0.68934,0.253981,-1.00211,-0.000865314,0.64313,0.26577,-0.990615,-2.61524e-05,0.687752,0.311894,-0.997965,-0.000868902,0.683146,0.313194,-0.995382,-0.000841457,0.67223,0.322222,-0.99684,-0.000809272,0.654604,0.380392,-1.0034,-0.000188996,0.562705,0.401401,-0.984421,-0.000680875,0.557319,0.40541,-0.983272,-0.00106339,0.572024,0.461393,-0.997783,-0.00267516,0.519709,0.42854,-0.985734,-0.000458983,0.539533,0.454285,-0.988804,0.000353302,0.55811,0.448815,-0.986063,-0.0016704,0.508992,0.448785,-0.995957,0.000391222,0.512946,0.468951,-0.987175,-0.00148423,0.525941,0.482008,-0.995203,-0.00090654,0.532734,0.487256,-0.985233,-0.000834674,0.57792,0.48895,-1.00036,-0.00049064,0.589483,0.488155,-0.992769,-0.000689729,0.591331,0.451353,-0.990438,-0.00103611,0.62231,0.422709,-0.989997,-0.000468221,0.679859,0.40757,-0.992256,-0.00092079,0.694986,0.377084,-0.989828,-0.000906255,0.729798,0.325224,-0.996409,-0.00116628,0.721196,0.37199,-1.00055,-0.0014268,0.750099,0.363375,-0.996765,-0.00241032,0.749732,0.352087,-0.990729,-0.00142844,0.756133,0.326545,-1.00165,-0.000437638,0.718214,0.347559,-1.00456,-0.00108148,0.726332,0.318348,-1.00204,-0.000300556,0.758267,0.293357,-0.985066,-0.00219374,0.770214,0.306815,-0.99993,-0.00145797,0.795816,0.272088,-0.999494,-0.00114026,0.762817,0.21239,-0.992596,-0.00117773,0.782314,0.246603,-0.994679,-0.00109725,0.722806,0.212798,-0.999022,-0.00140962,0.740601,0.239591,-0.993938,-0.001042,0.727518,0.256122,-1.0009,0.000563895,0.713485,0.281218,-1.00015,-0.000491167,0.720207,0.252541,-0.98933,-0.000173395,0.69585,0.303327,-0.999996,-6.34861e-05,0.72921,0.287671,-1.00368,-0.000298751,0.735307,0.243579,-0.991704,3.30413e-05,0.711719,0.246116,-0.987412,2.17721e-05,0.742053,0.238828,-0.993973,-0.000560649,0.731016,0.224027,-0.994126,0.000592903,0.752419,0.203932,-0.99664,-0.000260368,0.770898,0.213031,-0.991401,-9.80359e-05,0.784297,0.169103,-0.991688,0.000172247,0.790341,0.164035,-0.998329,-7.47593e-05,0.794739,0.182195,-0.9971,-0.000301551,0.773343,0.186484,-0.993695,0.000193183,0.754004,0.174873,-0.995022,-0.000530374,0.740218,0.172619,-1.00032,-0.000185953,0.719284,0.188689,-0.998952,-0.000432328,0.727859,0.161834,-0.996562,-0.000247989,0.764153,0.113044,-0.994586,-0.00025061,0.726737,0.141363,-0.995487,-0.000171698,0.738764,0.127087,-0.996967,-0.000293929,0.7,0,-1,0.364762,-0.153904,-0.115247,0.328317,-0.274445,1.22626,0.999762,-0.0139655,-0.0167416,-0.0010244,0.0746762,-0.0135833,-0.00514863,0,0,-0.3919,0.45,1,5,0.785398,0,0,0,0.00730786,0.180991,0.0454808,0.992551,3.16987,0.274794,0.00133079,0.187672,0.047783,0.557541,0.322958,0.480905,0.208244,nan,nan,nan,nan,nan,nan,nan,nan,0.128898,-0.191563,1.21984,727.614,471.728,643.902,310.855,-1.83613,2.58837,-2,0.147405,-0.337295,1.39968,-0.289643,-0.631342,-0.251268
2.3,0.999763,-0.0198884,-0.00875309,0.00098215,0.0357487,-0.00302314,-0.0171979,0.50561,0.142538,-0.877475,0.278773,-0.0772331,-0.114989,0.963356,0.0450476,-1.00422,-0.00059238,0.889674,0.0361278,-0.981804,-0.000262249,0.865222,0.0635752,-0.986453,-0.000819354,0.867544,0.071443,-0.981994,-0.00180733,0.844784,0.101656,-0.99854,-0.00132171,0.821898,0.141332,-0.993378,-0.000415484,0.802076,0.140327,-0.999157,-0.00112331,0.770554,0.19945,-0.991182,-0.00192499,0.770972,0.206934,-0.967899,-0.000141143,0.712206,0.251314,-0.998852,0.00114017,0.685287,0.261167,-0.980694,0.000121089,0.680906,0.272848,-1.00287,-0.000828711,0.676883,0.298033,-0.990869,-5.10437e-07,0.69735,0.330548,-0.996686,-0.000884051,0.689455,0.329503,-0.994471,-0.000574155,0.647492,0.321796,-0.996394,-0.000872786,0.647177,0.342295,-1.00515,-0.000202432,0.593705,0.393663,-0.984946,-0.0006494,0.566427,0.407869,-0.981603,-0.00122575,0.558233,0.475099,-0.996701,-0.00285751,0.535902,0.434564,-0.987421,-0.000261291,0.543682,0.445177,-0.989668,0.000185762,0.569245,0.442389,-0.987427,-0.00163545,0.542028,0.434605,-0.996954,0.000636253,0.51148,0.440186,-0.988306,-0.00169604,0.533624,0.488585,-0.996024,-0.000852705,0.51811,0.49209,-0.984909,-0.000984746,0.55624,0.49052,-0.997969,-0.000286726,0.575519,0.485733,-0.992856,-0.000824628,0.623466,0.477662,-0.988278,-0.00114996,0.632274,0.452316,-0.989306,-0.000316607,0.662598,0.401589,-0.990216,-0.000988893,0.711368,0.362003,-0.989471,-0.00072169,0.707534,0.361676,-0.994388,-0.00106335,0.733988,0.395812,-0.999853,-0.00135583,0.744292,0.385364,-0.994653,-0.00237831,0.782402,0.34824,-0.992868,-0.0014974,0.760367,0.362205,-1.00326,-0.000512171,0.714221,0.347354,-1.0038,-0.00108503,0.715362,0.325651,-1.00025,-0.000267831,0.756821,0.297781,-0.985954,-0.00225581,0.764636,0.298454,-1.0023,-0.00136976,0.789178,0.273772,-1.00049,-0.00118782,0.747283,0.237264,-0.992483,-0.00118471,0.749861,0.227946,-0.994437,-0.00098464,0.717274,0.240441,-0.998329,-0.00127091,0.718276,0.235995,-0.993719,-0.00098903,0.73396,0.282898,-1.00094,0.000646173,0.705672,0.289891,-1.00011,-0.00044529,0.729492,0.249184,-0.990008,-0.000125797,0.728087,0.28474,-1.00105,-0.000111942,0.732009,0.272873,-1.00449,-0.000252236,0.735602,0.257285,-0.991871,0.000125411,0.727339,0.251251,-0.986416,3.81052e-05,0.694275,0.25052,-0.992829,-0.000475811,0.694188,0.198339,-0.994115,0.000414897,0.726768,0.209984,-0.995702,-0.000541036,0.774179,0.198214,-0.991782,1.90073e-05,0.791279,0.181472,-0.99037,0.000190555,0.77661,0.181493,-0.997946,-0.00016358,0.795172,0.168231,-0.998154,-0.000174857,0.768344,0.175867,-0.990216,0.000221088,0.775978,0.18745,-0.995918,-0.000710023,0.735132,0.191324,-0.998598,-9.93837e-05,0.730115,0.180222,-0.999015,-0.000505986,0.71533,0.163613,-0.996037,-0.000226172,0.746406,0.124208,-0.994065,-0.000192415,0.740869,0.134449,-0.99406,-0.000115006,0.723319,0.127134,-0.998787,-0.000241685,0.719535,0.148634,-0.996261,-0.000136666,0.7,0,-1,0.36012,-0.153076,-0.114918,0.310274,-0.155396,1.24821,0.99983,-0.011879,-0.0140589,-0.00116492,0.0296287,-0.0383025,-0.00987886,0,0,-0.391554,0.45,1,5,0.785398,0,0,0,0.00762827,0.180911,0.0454978,2.84877,0.84728,-0.081469,-0.00360126,0.16259,0.0477086,0.559749,0.320458,0.469087,0.219908,nan,nan,nan,nan,nan,nan,nan,nan,0.140799,0.00659784,1.24793,728.14,465.842,639.826,316.415,-1.84091,2.67431,-2,0.14685,-0.332779,1.44282,0.098972,0.526631,0.0932299
2.32,0.999773,-0.0194779,-0.00858436,0.000866787,0.0564913,0.015835,-0.0107878,0.510563,0.142045,-0.877366,0.273923,-0.0825805,-0.11946,0.939862,0.0116601,-0.980295,-0.000303585,0.890292,0.037764,-0.987245,-0.0009069,0.866319,0.064187,-0.98145,-0.00183414,0.872406,0.110787,-0.996882,-0.00128939,0.829475,0.142006,-0.992915,-0.000577771,0.790201,0.150818,-1.00089,-0.00120371,0.756109,0.187704,-0.990251,-0.00208016,0.748129,0.189991,-0.965825,-3.50662e-05,0.730257,0.238082,-0.997934,0.000951658,0.710618,0.246779,-0.978249,0.000229069,0.700514,0.29789,-1.00245,-0.000845017,0.681758,0.29608,-0.990397,0.000197474,0.700475,0.312877,-0.995783,-0.00083016,0.689299,0.335138,-0.994994,-0.000564129,0.642966,0.349352,-0.994717,-0.000762998,0.650841,0.366831,-1.00539,-0.000181814,0.615838,0.386693,-0.98479,-0.000654667,0.570825,0.428413,-0.981585,-0.00127779,0.557206,0.466873,-0.996253,-0.00298335,0.521097,0.419226,-0.987986,-0.000171505,0.545549,0.427911,-0.988752,0.000341308,0.540025,0.444933,-0.987504,-0.00155523,0.543905,0.411038,-0.996136,0.000526079,0.519936,0.443961,-0.988092,-0.00160461,0.514287,0.490828,-0.994804,-0.000876843,0.506446,0.49605,-0.983037,-0.00114856,0.547856,0.457668,-0.997616,-0.000405156,0.556625,0.475213,-0.992858,-0.000926214,0.60404,0.461478,-0.987914,-0.00133967,0.618462,0.445654,-0.990826,-0.000292337,0.660031,0.407,-0.990023,-0.00109197,0.665323,0.357624,-0.990259,-0.000990264,0.717473,0.349482,-0.991968,-0.00117956,0.735186,0.397627,-0.999446,-0.00149594,0.771497,0.376938,-0.997202,-0.00239058,0.755839,0.355054,-0.991659,-0.0014007,0.753676,0.336335,-1.00323,-0.00044417,0.719648,0.331837,-1.00311,-0.00124922,0.734894,0.344244,-1.00039,-0.000191443,0.771709,0.333323,-0.984697,-0.00237357,0.778694,0.308282,-1.00155,-0.00138284,0.778502,0.292209,-0.999651,-0.00115114,0.750451,0.255007,-0.994147,-0.00127514,0.746191,0.241906,-0.995134,-0.00103256,0.746399,0.231766,-0.997344,-0.00120812,0.714289,0.254526,-0.994417,-0.0010701,0.712073,0.287234,-1.00245,0.000646153,0.735671,0.286435,-0.998731,-0.000406084,0.755074,0.281581,-0.98945,-0.000315,0.743877,0.298497,-1.00033,-0.000409031,0.734394,0.292949,-1.00645,-0.000324821,0.74883,0.25657,-0.989923,-6.89644e-05,0.727259,0.239385,-0.985376,0.000237341,0.727343,0.255892,-0.992485,-0.000489471,0.707752,0.19694,-0.995766,0.000426734,0.71753,0.212655,-0.996255,-0.000684607,0.750793,0.20735,-0.991868,4.50003e-05,0.766875,0.192226,-0.990553,5.32878e-05,0.788943,0.187955,-0.99709,-0.000104003,0.775566,0.187764,-0.999002,-0.000201513,0.766265,0.170066,-0.990324,0.000288213,0.77149,0.227802,-0.996441,-0.000869254,0.762358,0.216859,-0.998494,-0.0003349,0.710336,0.190758,-0.998559,-0.000512949,0.711675,0.173473,-0.995856,-0.000409047,0.722344,0.119563,-0.992599,-0.000294401,0.738491,0.1245,-0.993135,-0.000202577,0.75832,0.150484,-0.998917,-0.000355795,0.747309,0.17613,-0.995012,-0.000149174,0.72709,0.155922,-0.995808,-0.000198073,0.7,0,-1,0.358295,-0.118507,-0.122651,0.275611,-0.233427,1.21673,0.999702,-0.0141698,-0.0198543,-0.000288189,0.0423926,-0.0528706,-0.00608785,0,0,-0.39269,0.45,1,5,0.785398,0,0,0,0.00740792,0.180737,0.0455227,-0.567324,2.69968,0.389248,-0.0142196,0.171108,0.0474573,0.574402,0.303761,0.456197,0.231856,nan,nan,nan,nan,nan,nan,nan,nan,0.0839853,-0.175879,1.22949,743.676,456.129,633.071,332.411,-1.87974,2.68057,-2,0.14578,-0.329998,1.33806,-0.242513,-0.267371,-0.223556
2.34,0.999791,-0.0185063,-0.00867464,0.000744294,0.117766,-0.0206624,-0.0143759,0.515454,0.141467,-0.877432,0.273997,-0.0930958,-0.116696,0.961588,0.0281314,-0.987087,-0.000897894,0.883036,0.0635711,-0.982511,-0.00179955,0.878335,0.103989,-0.995564,-0.00131803,0.827147,0.134025,-0.992637,-0.000445912,0.809872,0.137291,-1.00127,-0.00127181,0.774302,0.18009,-0.989709,-0.00198282,0.746268,0.213855,-0.965778,-1.23661e-05,0.748064,0.237219,-0.997086,0.000995258,0.72033,0.255292,-0.97952,0.000115361,0.716906,0.285643,-1.00211,-0.000675542,0.684594,0.276108,-0.987286,0.000131577,0.68173,0.283297,-0.995631,-0.000817073,0.689895,0.318389,-0.996468,-0.000600667,0.657692,0.34211,-0.994632,-0.000527499,0.6539,0.387182,-1.0067,-6.75507e-05,0.617795,0.412531,-0.986092,-0.000608201,0.58318,0.423288,-0.982042,-0.00129564,0.570746,0.43356,-0.996391,-0.00295141,0.538219,0.42581,-0.988754,-0.000221281,0.54295,0.42791,-0.986562,0.000329983,0.535766,0.41649,-0.988073,-0.0014522,0.529623,0.423124,-0.996733,0.000678044,0.492829,0.428458,-0.989743,-0.00158691,0.527065,0.492254,-0.995537,-0.000967941,0.525591,0.492444,-0.980987,-0.00125575,0.540673,0.473772,-0.998111,-0.000485099,0.570645,0.457883,-0.993446,-0.00096189,0.612814,0.428993,-0.989138,-0.0013228,0.616933,0.43023,-0.989649,-0.000109638,0.635605,0.409415,-0.989703,-0.00113838,0.650935,0.33712,-0.991455,-0.000970667,0.676867,0.334944,-0.99018,-0.0011929,0.748651,0.359951,-0.999208,-0.00151219,0.772795,0.411017,-0.997631,-0.00231463,0.7594,0.383892,-0.99358,-0.00126612,0.748287,0.372509,-1.00266,-0.00033385,0.74223,0.37571,-1.00128,-0.00135631,0.716428,0.361469,-1.0003,-2.8312e-06,0.736761,0.31837,-0.984247,-0.00231683,0.764162,0.330565,-1.00149,-0.00145205,0.762782,0.309689,-0.999031,-0.00139345,0.754835,0.312271,-0.992612,-0.00107404,0.745011,0.291421,-0.992755,-0.000923709,0.7559,0.251414,-0.99815,-0.00108865,0.744197,0.256404,-0.992747,-0.00109478,0.72168,0.275861,-1.00346,0.000777488,0.738826,0.300531,-0.998773,-0.000534246,0.727807,0.290412,-0.990237,-0.000256184,0.757817,0.303293,-0.999638,-0.000364035,0.750314,0.280896,-1.00599,-0.000391616,0.726869,0.271223,-0.988895,-0.000271303,0.740626,0.219551,-0.984254,0.000319763,0.742199,0.264957,-0.99396,-0.000482677,0.697926,0.241146,-0.995923,0.000329081,0.73105,0.227152,-0.997194,-0.000743259,0.745689,0.202821,-0.992748,-8.50855e-05,0.793851,0.227751,-0.991481,0.000186799,0.785811,0.203006,-0.996775,-0.000289225,0.794018,0.221361,-0.997374,-0.000288506,0.771477,0.195917,-0.990342,0.000209132,0.761432,0.254834,-0.995395,-0.00074349,0.786235,0.226189,-0.998663,-0.000204949,0.735139,0.187444,-1.00137,-0.00034834,0.74527,0.156781,-0.995096,-0.000624232,0.705406,0.161667,-0.992772,-0.000199702,0.74106,0.12552,-0.99309,-5.18059e-05,0.764771,0.135952,-0.999081,-0.000460331,0.761293,0.17289,-0.995623,-0.000193618,0.728152,0.195509,-0.994775,-0.000101886,0.749692,0.15844,-0.994682,-0.000167174,0.7,0,-1,0.394889,-0.165783,-0.121701,0.389671,-0.278273,1.18104,0.99984,-0.0023266,-0.0177337,-0.000337317,0.0223445,-0.0474367,-0.00223001,0,0,-0.393455,0.45,1,5,0.785398,0,0,0,0.00727831,0.180554,0.0455288,-1.26505,0.311835,0.436915,0.00329744,0.169552,0.0466694,0.556651,0.323578,0.460791,0.229739,nan,nan,nan,nan,nan,nan,nan,nan,0.134117,-0.182258,1.20106,738.989,455.102,629.314,331.732,-1.89395,2.65903,-2,0.145746,-0.310331,1.42451,0.00367612,-0.525765,0.138177
2.36,0.999824,-0.01689,-0.00811378,0.000711486,0.0300317,0.0499667,0.00275753,0.525297,0.140045,-0.877808,0.271548,-0.0872233,-0.118176,0.925541,0.0345103,-0.982031,-0.00163946,0.896139,0.0729171,-0.994212,-0.00115428,0.852684,0.1067,-0.992146,-0.000652014,0.802413,0.140395,-1.00224,-0.00134523,0.79387,0.159651,-0.990098,-0.00209601,0.753636,0.176508,-0.965502,-0.000290731,0.72783,0.229803,-0.994806,0.00079084,0.723667,0.25385,-0.978271,0.000182719,0.727707,0.283436,-1.00243,-0.000759054,0.673116,0.298249,-0.987709,0.000130338,0.71139,0.289019,-0.995761,-0.000701585,0.718832,0.310909,-0.995929,-0.000674733,0.640722,0.33841,-0.993678,-0.000540476,0.629895,0.348661,-1.00571,0.000230212,0.607651,0.375398,-0.985598,-0.000774439,0.57621,0.424101,-0.982007,-0.00136797,0.561841,0.424278,-0.997028,-0.00281787,0.529505,0.433309,-0.989199,-0.000121227,0.530214,0.447226,-0.987408,0.000526057,0.547909,0.422276,-0.989135,-0.00165139,0.530353,0.419454,-0.996141,0.000548395,0.530842,0.446177,-0.991255,-0.00158383,0.522988,0.491806,-0.993388,-0.000854559,0.504265,0.496076,-0.980865,-0.00126399,0.523614,0.459283,-0.997201,-0.000589792,0.58291,0.481177,-0.993722,-0.00100892,0.593922,0.46128,-0.988657,-0.00126043,0.599463,0.432588,-0.989288,3.27215e-05,0.627727,0.391176,-0.990751,-0.00101755,0.659748,0.337123,-0.990878,-0.00113977,0.704795,0.336976,-0.991568,-0.00116532,0.735887,0.371865,-0.998901,-0.00172494,0.764128,0.408844,-0.996929,-0.00218539,0.742478,0.408247,-0.992461,-0.00114557,0.731761,0.38363,-1.00339,-0.000426576,0.706567,0.381566,-0.999952,-0.00151275,0.726129,0.348139,-1.00287,-3.06439e-05,0.719037,0.340561,-0.982133,-0.00244371,0.747193,0.344767,-1.00079,-0.0015598,0.763075,0.327171,-1,-0.00149365,0.778465,0.328308,-0.993147,-0.001016,0.745337,0.308359,-0.992851,-0.000867802,0.732769,0.295265,-0.997301,-0.00105569,0.766834,0.301714,-0.992354,-0.00117032,0.737805,0.283193,-1.00229,0.000765359,0.722459,0.30324,-0.99826,-0.000349588,0.727575,0.309727,-0.992253,-0.000346546,0.732604,0.304815,-0.999471,-0.0003971,0.735903,0.282008,-1.00757,-0.00041008,0.730858,0.273991,-0.98882,-0.000306925,0.71216,0.264279,-0.983684,0.000436992,0.721332,0.265574,-0.992878,-0.00060218,0.721155,0.25992,-0.993599,0.000602334,0.723915,0.245837,-0.997587,-0.000607594,0.789734,0.253626,-0.993172,-2.65271e-05,0.775778,0.223689,-0.991982,0.000141505,0.823448,0.20716,-0.994463,-0.000263687,0.782479,0.211117,-0.997287,-0.000278024,0.776791,0.204773,-0.990674,0.000288352,0.781516,0.243308,-0.997875,-0.000498496,0.789255,0.209694,-0.997116,-0.000420588,0.737435,0.167841,-1.00089,-0.000151541,0.737612,0.172622,-0.994127,-0.000567574,0.69657,0.174357,-0.9945,-0.000231883,0.737522,0.136056,-0.991836,-2.08485e-05,0.760809,0.148436,-1.0002,-0.000557842,0.788953,0.159909,-0.996423,-2.95661e-05,0.769777,0.173436,-0.993725,2.04374e-05,0.742526,0.157341,-0.994307,-0.000186152,0.770407,0.175905,-0.994406,-3.05716e-05,0.7,0,-1,0.392525,-0.0861039,-0.126477,0.347957,-0.0457701,1.19761,0.99983,-0.00701775,-0.0170623,-0.000415827,0.0319802,-0.061386,-0.00263309,0,0,-0.393983,0.45,1,5,0.785398,0,0,0,0.00705871,0.180299,0.0455177,-0.207218,-1.96767,0.39642,0.00177841,0.178693,0.0463081,0.55562,0.324427,0.467449,0.226322,nan,nan,nan,nan,nan,nan,nan,nan,0.0880987,-0.0556623,1.23082,735.19,454.597,628.396,330.082,-1.91974,2.71653,-2,0.135414,-0.281371,1.47869,-0.122432,0.293625,-0.0739921
2.38,0.999826,-0.0167248,-0.00821315,0.0007409,0.0357551,-0.0224095,0.00641933,0.527693,0.139662,-0.87796,0.27023,-0.0865637,-0.111888,0.924815,0.0381602,-0.993392,-0.001164,0.879304,0.0942843,-0.991024,-0.000745475,0.859259,0.117347,-1.00292,-0.00150158,0.810671,0.134086,-0.989518,-0.00202025,0.788031,0.158732,-0.966098,-0.000169303,0.774997,0.197805,-0.994146,0.000858905,0.759541,0.23135,-0.977601,4.45121e-05,0.738327,0.24409,-1.00107,-0.000750774,0.694458,0.257614,-0.988325,0.000290274,0.701143,0.303422,-0.99472,-0.000720556,0.703506,0.325127,-0.996922,-0.000503357,0.664415,0.353073,-0.992577,-0.000450333,0.642174,0.337879,-1.00575,0.000186756,0.624383,0.368863,-0.983192,-0.000822858,0.585237,0.386996,-0.981237,-0.00120456,0.577641,0.422586,-0.997897,-0.00283514,0.552636,0.423125,-0.98876,-0.000158857,0.553486,0.444352,-0.988211,0.000338438,0.553677,0.432039,-0.990004,-0.00173803,0.54432,0.446333,-0.994884,0.000506173,0.516839,0.493511,-0.990792,-0.00175596,0.52585,0.531332,-0.994123,-0.000684412,0.512093,0.485133,-0.982928,-0.00136105,0.50845,0.487892,-0.997888,-0.000376743,0.56205,0.474484,-0.993517,-0.000986445,0.568462,0.488446,-0.988057,-0.00141312,0.613957,0.430327,-0.989143,0.000185253,0.616058,0.384721,-0.989488,-0.00109066,0.666945,0.345655,-0.990425,-0.00144189,0.696912,0.368113,-0.990953,-0.00131722,0.730964,0.385916,-0.997491,-0.00155518,0.760954,0.407385,-0.996664,-0.00229736,0.765742,0.422728,-0.993017,-0.00121769,0.744325,0.397097,-1.00493,-0.000406601,0.736494,0.374996,-1.00047,-0.00142317,0.729412,0.35024,-1.00172,0.000109237,0.734686,0.325282,-0.982579,-0.00264179,0.741497,0.328512,-0.999916,-0.00169567,0.752401,0.337623,-1.00197,-0.00138577,0.763073,0.313391,-0.991821,-0.00113424,0.755109,0.344008,-0.992277,-0.000727376,0.735112,0.309863,-0.996016,-0.00111597,0.745364,0.292647,-0.991661,-0.00128625,0.738024,0.301029,-1.00297,0.000650925,0.736325,0.298297,-0.997708,-0.000214389,0.751283,0.319193,-0.991676,-0.000504401,0.760023,0.323243,-1.00019,-0.000568094,0.744467,0.307806,-1.00752,-0.000413764,0.694005,0.279596,-0.988562,-0.000424991,0.701571,0.289648,-0.982936,0.000363168,0.722333,0.266726,-0.992871,-0.000640731,0.749281,0.26594,-0.992331,0.000719766,0.718778,0.250166,-0.99856,-0.00066458,0.774078,0.255136,-0.993938,-0.000223578,0.775398,0.230415,-0.994044,4.67744e-05,0.807617,0.227365,-0.993092,-0.000337021,0.767296,0.235001,-0.995973,-0.000154847,0.75,0.234558,-0.990416,0.000265578,0.779576,0.256594,-0.999557,-0.000408772,0.762483,0.19309,-0.997528,-0.000286361,0.727498,0.199132,-1.00083,-0.000120952,0.742004,0.2038,-0.992227,-0.000416849,0.717492,0.216969,-0.992566,-0.000411038,0.739406,0.162999,-0.992116,0.000107175,0.765098,0.162616,-0.999458,-0.000547629,0.758189,0.156602,-0.996083,-0.000209139,0.783163,0.173885,-0.992595,1.50533e-05,0.775391,0.183935,-0.993959,-0.000373146,0.772012,0.183943,-0.994128,-0.000176549,0.767101,0.163133,-0.993877,7.9901e-05,0.7,0,-1,0.387863,-0.085184,-0.126375,0.334754,-0.137847,1.18888,0.999749,-0.0143116,-0.0172412,-0.000398551,0.027058,-0.0511457,-0.0108758,0,0,-0.393613,0.45,1,5,0.785398,0,0,0,0.00695475,0.179965,0.0454681,-2.56123,0.855264,-0.234095,0.0162276,0.16917,0.0453265,0.558674,0.318888,0.483043,0.213846,nan,nan,nan,nan,nan,nan,nan,nan,0.083408,-0.142762,1.24683,733.152,452.474,643.325,324.658,-1.94015,2.74792,-2,0.138229,-0.280955,1.40862,-0.0658989,0.0329789,0.314394
2.4,0.999832,-0.0162701,-0.00841298,0.000911953,0.019497,-0.04624,0.017962,0.535043,0.138402,-0.878125,0.269078,-0.0930275,-0.118279,0.916945,0.0850651,-0.992346,-0.000679997,0.888603,0.0848702,-1.00331,-0.00165251,0.865806,0.135778,-0.990433,-0.00190495,0.815912,0.151002,-0.966772,-0.000110572,0.786553,0.182694,-0.992895,0.000842079,0.759608,0.22236,-0.978266,-4.96205e-05,0.731053,0.231526,-1.00008,-0.000817482,0.705418,0.247113,-0.98868,0.000137691,0.693016,0.287153,-0.996051,-0.000794021,0.686725,0.323532,-0.996383,-0.00043991,0.651308,0.365911,-0.99086,-0.000399827,0.626888,0.359057,-1.00716,0.000171188,0.648016,0.374677,-0.983007,-0.000845329,0.618165,0.405007,-0.981328,-0.00125524,0.59442,0.385666,-0.998383,-0.00279352,0.562328,0.432763,-0.987701,-0.000153067,0.556569,0.44643,-0.988377,0.000234306,0.574486,0.43008,-0.988171,-0.00182432,0.536165,0.449911,-0.997163,0.000363219,0.522438,0.472622,-0.989623,-0.00182765,0.501375,0.529086,-0.993574,-0.000627175,0.50231,0.485749,-0.981466,-0.0011677,0.534452,0.480101,-0.997627,-0.000381223,0.545029,0.456458,-0.993214,-0.000874079,0.577535,0.452806,-0.987009,-0.00121048,0.610617,0.436659,-0.987813,0.000251991,0.610024,0.417819,-0.989019,-0.00120254,0.652239,0.379147,-0.989872,-0.0015765,0.708125,0.385548,-0.990776,-0.00146901,0.726869,0.383409,-0.998221,-0.00157723,0.740827,0.431953,-0.996152,-0.00240729,0.728181,0.403016,-0.992025,-0.00129674,0.755223,0.390325,-1.00446,-0.000464751,0.746887,0.368316,-1.00147,-0.00134542,0.715972,0.354219,-1.00149,9.59919e-05,0.715087,0.348271,-0.981666,-0.00262338,0.718595,0.326311,-0.999643,-0.00175394,0.770116,0.349528,-1.00205,-0.00136272,0.777268,0.330262,-0.99256,-0.0011827,0.748531,0.339057,-0.991233,-0.000588742,0.742889,0.3104,-0.994735,-0.0012397,0.751154,0.30007,-0.991466,-0.00108927,0.719441,0.275951,-1.00281,0.000468107,0.751922,0.287666,-0.998398,-0.000150818,0.785031,0.329054,-0.992635,-0.000386306,0.788185,0.33311,-1.001,-0.000616296,0.73248,0.314304,-1.00866,-0.000345843,0.714148,0.285812,-0.989281,-0.000442399,0.711136,0.295463,-0.982073,0.000455306,0.739143,0.298467,-0.993972,-0.000900614,0.757839,0.263737,-0.992454,0.000635543,0.7518,0.287614,-0.998022,-0.000778193,0.762268,0.268048,-0.991488,-0.000311642,0.773625,0.239527,-0.995266,0.000130166,0.798422,0.254012,-0.992234,-0.00041505,0.770748,0.258945,-0.994547,-0.00018951,0.757482,0.250261,-0.989482,0.000332008,0.780554,0.231464,-0.998881,-0.000521219,0.73374,0.240923,-0.995837,-0.000342924,0.752861,0.222813,-0.999101,-1.5554e-05,0.755962,0.224885,-0.992171,-0.000426129,0.759564,0.232037,-0.992148,-0.000417463,0.762595,0.173615,-0.990755,0.000214337,0.734139,0.179193,-0.998669,-0.000557303,0.749999,0.165908,-0.992854,-0.000259398,0.775813,0.206206,-0.992357,-0.000180582,0.77054,0.201349,-0.993168,-0.000333923,0.806242,0.174137,-0.994125,-0.000166563,0.797258,0.158361,-0.99189,0.000176742,0.770226,0.188366,-0.995797,0.000186532,0.7,0,-1,0.360881,-0.116141,-0.102494,0.338301,-0.281045,1.33598,0.999768,-0.00582512,-0.0207178,-0.000569377,0.0371351,-0.0436711,-0.0126737,0,0,-0.394435,0.45,1,5,0.785398,0,0,0,0.00719752,0.179822,0.0454214,-1.75272,-0.0424163,-0.170094,0.0228328,0.174787,0.044265,0.542462,0.334309,0.493566,0.206438,nan,nan,nan,nan,nan,nan,nan,nan,0.140374,-0.261082,1.27284,727.266,465.439,655.251,318.082,-1.96023,2.74325,-2,0.143264,-0.276445,1.31146,-0.05759,-0.323188,-0.319539
2.42,0.999829,-0.0163234,-0.00867484,0.000980239,-0.0130555,-0.0586278,0.0150301,0.537906,0.137913,-0.878146,0.273244,-0.085906,-0.116937,0.907369,0.0373999,-1.0023,-0.00162473,0.853989,0.132004,-0.99047,-0.00170558,0.840642,0.161217,-0.966127,-0.000166995,0.807694,0.154647,-0.991203,0.00105448,0.768907,0.180456,-0.978621,-8.63012e-05,0.734437,0.231731,-0.998213,-0.000705286,0.673349,0.266036,-0.987856,8.16263e-05,0.711679,0.283578,-0.99647,-0.000914288,0.701075,0.348886,-0.995537,-0.000457205,0.661312,0.328067,-0.990848,-0.000454276,0.655915,0.344434,-1.00595,8.19823e-05,0.653898,0.374065,-0.983294,-0.000830711,0.615015,0.396105,-0.981938,-0.00108185,0.618833,0.395987,-1.00069,-0.00283673,0.551015,0.408216,-0.987013,-0.000185025,0.559718,0.456753,-0.989235,0.000229897,0.576759,0.446974,-0.986335,-0.00173003,0.562732,0.457238,-0.99678,0.000338333,0.53899,0.470675,-0.989166,-0.00193123,0.485869,0.498232,-0.993361,-0.00069537,0.48625,0.502653,-0.981423,-0.00108558,0.52769,0.48181,-0.997471,-0.000189503,0.545751,0.478511,-0.993306,-0.000931996,0.53321,0.460589,-0.987341,-0.00128315,0.578284,0.450818,-0.987356,2.42172e-07,0.593531,0.43737,-0.989184,-0.00126687,0.65969,0.379762,-0.989375,-0.00151713,0.705234,0.383079,-0.992259,-0.00149721,0.736122,0.382457,-0.99822,-0.00140701,0.767036,0.432544,-0.996218,-0.00250926,0.762768,0.409766,-0.991488,-0.00122488,0.760844,0.397983,-1.0035,-0.000378637,0.743215,0.353546,-1.00173,-0.00160178,0.708431,0.336392,-1.00076,0.000162242,0.733417,0.328704,-0.981908,-0.00266886,0.745627,0.346378,-0.999995,-0.00185171,0.766116,0.336956,-1.00407,-0.00147858,0.789641,0.334196,-0.992002,-0.0010467,0.772482,0.336827,-0.993492,-0.000360837,0.769333,0.322798,-0.994216,-0.00112184,0.755666,0.337551,-0.99354,-0.00122924,0.756592,0.31266,-1.00222,0.000497652,0.762183,0.335227,-0.996661,-0.000259793,0.7766,0.344014,-0.99287,-0.000453559,0.751109,0.336654,-1.00026,-0.00046996,0.725551,0.321345,-1.00856,-0.000366724,0.700893,0.274584,-0.987804,-0.000351211,0.7063,0.286599,-0.982986,0.000557354,0.721318,0.283479,-0.993925,-0.000762537,0.730429,0.266202,-0.992113,0.000632527,0.732437,0.263192,-0.999122,-0.000806291,0.74155,0.276578,-0.991259,-0.000182624,0.748508,0.272937,-0.997345,0.000250795,0.72882,0.277221,-0.991953,-0.000351816,0.74961,0.264995,-0.994431,-0.000195994,0.763792,0.253122,-0.98851,0.000188922,0.756507,0.253595,-0.996062,-0.000537503,0.743282,0.251411,-0.99563,-0.00017899,0.722809,0.230718,-1.00098,-0.000107601,0.713994,0.242251,-0.992404,-0.000506206,0.758393,0.22437,-0.992997,-0.000469467,0.764455,0.229951,-0.989571,9.05725e-05,0.727889,0.196585,-0.999132,-0.000616951,0.764961,0.178485,-0.990955,-0.000284162,0.820274,0.173534,-0.992335,-6.7415e-05,0.799,0.185774,-0.992502,-0.000394889,0.791723,0.185278,-0.993515,-5.03204e-05,0.798903,0.173093,-0.991471,0.000201967,0.774774,0.179886,-0.996402,0.000156886,0.758322,0.184447,-0.995837,0.000141525,0.7,0,-1,0.376919,-0.0998387,-0.109529,0.40657,-0.114563,1.30929,0.999768,-0.00582512,-0.0207178,-0.000569377,0.0176503,-0.0851682,-0.00886666,0,0,-0.396277,0.45,1,5,0.785398,0,0,0,0.00731242,0.17983,0.0453957,2.02119,-0.452118,0.339235,0.00462841,0.180461,0.0435447,0.562874,0.313479,0.492469,0.208918,nan,nan,nan,nan,nan,nan,nan,nan,0.206499,-0.0753484,1.27966,731.464,458.912,654.964,313.979,-1.95414,2.80652,-2,0.147401,-0.276709,1.33073,0.208293,0.356076,0.0670798
2.44,0.999825,-0.0164815,-0.00882643,0.00101606,-0.0364146,-0.0339153,0.00838858,0.540374,0.137504,-0.878018,0.268466,-0.0872923,-0.112789,0.911688,0.117015,-0.991427,-0.00173836,0.825124,0.124834,-0.964389,-0.000238955,0.802252,0.131842,-0.99028,0.000984903,0.785359,0.149791,-0.978172,-0.000157968,0.75683,0.235972,-0.997752,-0.000655842,0.68326,0.242974,-0.985159,2.75442e-05,0.687536,0.2652,-0.996574,-0.000878625,0.699229,0.338666,-0.997001,-0.000322343,0.682356,0.330573,-0.991788,-0.000690198,0.691943,0.33781,-1.0059,0.000135079,0.670646,0.405631,-0.983422,-0.000875081,0.622579,0.392864,-0.981167,-0.000999066,0.620182,0.387566,-1.00102,-0.00289848,0.57754,0.417745,-0.984864,-0.000244092,0.574742,0.44582,-0.990106,0.000159072,0.557928,0.441823,-0.984223,-0.00174539,0.543219,0.437068,-0.996442,0.000241603,0.533284,0.468213,-0.98751,-0.00207199,0.49805,0.495446,-0.992932,-0.00079466,0.491346,0.468213,-0.980713,-0.000920809,0.520788,0.485647,-0.99748,-0.000315659,0.529039,0.477319,-0.994974,-0.00083872,0.547714,0.488701,-0.986132,-0.00135013,0.57304,0.441382,-0.986171,-3.6393e-05,0.611132,0.418148,-0.987559,-0.00119881,0.651727,0.376715,-0.989947,-0.00156162,0.696684,0.412288,-0.99113,-0.00154973,0.71508,0.378208,-0.99875,-0.00150273,0.767945,0.421087,-0.994308,-0.00253257,0.757305,0.417357,-0.989993,-0.00109152,0.746165,0.392708,-1.00226,-0.000279657,0.717855,0.369677,-1.00237,-0.00162536,0.696441,0.331277,-1.00076,0.000177378,0.743213,0.332278,-0.983323,-0.00301985,0.772543,0.36301,-1.00011,-0.0018551,0.806984,0.33388,-1.00489,-0.00146599,0.803518,0.333132,-0.994147,-0.000982941,0.772023,0.322464,-0.993786,-0.000358921,0.789697,0.351633,-0.992138,-0.0012591,0.762753,0.329252,-0.994069,-0.00111503,0.758359,0.331379,-1.00263,0.000467128,0.761131,0.342264,-0.995434,-0.000259316,0.746052,0.349878,-0.99167,-0.0005683,0.74557,0.336586,-0.999539,-0.000435531,0.706307,0.341337,-1.00773,-0.000362998,0.693712,0.298197,-0.98771,-0.000475183,0.693324,0.301889,-0.981495,0.000466254,0.724591,0.28311,-0.993674,-0.000776147,0.701646,0.278299,-0.993281,0.00061008,0.710304,0.256198,-0.997845,-0.00066387,0.735933,0.306102,-0.990408,-0.000237666,0.710414,0.295412,-0.996331,0.000161936,0.732752,0.27963,-0.992011,-0.000290009,0.760535,0.263967,-0.994396,-0.000156001,0.763893,0.237077,-0.989102,0.000251245,0.749039,0.255259,-0.997191,-0.000590271,0.757561,0.242915,-0.99608,-0.000254351,0.735712,0.246262,-1.00202,-0.000295427,0.67595,0.226573,-0.995111,-0.00038573,0.71601,0.240279,-0.99248,-0.000381932,0.75476,0.213557,-0.987732,-3.2614e-05,0.727212,0.218851,-0.999184,-0.000656512,0.75271,0.193414,-0.990842,-0.000265438,0.802232,0.192955,-0.992209,4.72805e-05,0.8345,0.20222,-0.993157,-0.000480572,0.793447,0.203463,-0.995478,-2.96685e-05,0.761397,0.201984,-0.990112,2.38897e-05,0.774968,0.189593,-0.99547,0.000165297,0.755007,0.172111,-0.995554,0.000180536,0.755862,0.17561,-0.996405,0.00019527,0.7,0,-1,0.323035,-0.0438295,-0.114853,0.225614,-0.0418928,1.28271,0.999932,-0.0021315,-0.0115026,-0.000364451,0.124968,-0.0354808,-0.0136578,0,0,-0.394673,0.45,1,5,0.785398,0,0,0,0.00741946,0.179763,0.0453506,0.716735,1.86917,-0.0414006,0.0221666,0.175409,0.0427813,0.552105,0.325071,0.494172,0.210669,nan,nan,nan,nan,nan,nan,nan,nan,0.102511,-0.127198,1.29097,728.594,457.663,656.008,311.486,-1.99297,2.82741,-2,0.149333,-0.278168,1.36765,-0.238897,-0.0693187,0.207407
2.46,0.999819,-0.0166424,-0.00915109,0.00112967,-0.0105248,-0.0286737,0.0185996,0.54527,0.136642,-0.877776,0.272834,-0.0971985,-0.107742,0.875215,0.0811702,-0.962465,1.17364e-05,0.808168,0.123792,-0.989311,0.000924325,0.789787,0.13541,-0.978249,-0.0002279,0.762978,0.223399,-0.997478,-0.000718261,0.705107,0.245451,-0.985197,0.000122323,0.725615,0.29017,-0.996298,-0.00101119,0.700649,0.307712,-0.997622,-0.00016454,0.709131,0.330012,-0.990315,-0.000607135,0.704313,0.319215,-1.00504,0.000221423,0.692287,0.39396,-0.983292,-0.00120302,0.636368,0.404621,-0.981009,-0.00095338,0.640978,0.395635,-1.00052,-0.00297273,0.605872,0.416836,-0.984798,-0.00023937,0.573655,0.439922,-0.991013,0.000330543,0.578519,0.405503,-0.985232,-0.00184132,0.564123,0.436334,-0.99468,3.7347e-06,0.544051,0.47461,-0.987332,-0.00218826,0.51832,0.472476,-0.993654,-0.000779742,0.494548,0.477832,-0.980188,-0.00101102,0.511214,0.472993,-0.997356,-0.000347775,0.538262,0.468492,-0.994518,-0.000788776,0.559234,0.459211,-0.988199,-0.001356,0.558777,0.43434,-0.987822,-1.72238e-05,0.620691,0.431565,-0.986752,-0.00109193,0.651411,0.399944,-0.990449,-0.00150295,0.680115,0.392158,-0.98957,-0.00164915,0.699939,0.377113,-0.997406,-0.00130556,0.769032,0.441617,-0.994389,-0.0025281,0.728791,0.415256,-0.989322,-0.00102057,0.75893,0.403253,-0.99986,-0.000178469,0.742367,0.404256,-1.00193,-0.00174662,0.752362,0.331596,-1.00111,0.000261629,0.743375,0.350879,-0.98267,-0.00321676,0.750918,0.356573,-1.00057,-0.00186611,0.765132,0.351259,-1.0039,-0.00154284,0.770309,0.346257,-0.995191,-0.000777515,0.77296,0.334231,-0.995767,-0.000509248,0.775501,0.359062,-0.991119,-0.00141179,0.749645,0.344437,-0.994032,-0.00111825,0.756042,0.329563,-1.00334,0.000376234,0.751243,0.330002,-0.994777,-0.000278457,0.744323,0.350428,-0.990143,-0.000337298,0.75741,0.312344,-0.999556,-0.000371455,0.712846,0.318242,-1.00735,-0.000160828,0.692859,0.298508,-0.986124,-0.000345738,0.699198,0.311622,-0.980721,0.00034564,0.691397,0.328999,-0.994907,-0.000845307,0.740049,0.311181,-0.993157,0.000786078,0.724734,0.276628,-1.00006,-0.000876403,0.73649,0.304942,-0.991777,-0.000213588,0.723944,0.310263,-0.995946,0.000199186,0.720637,0.297609,-0.992971,-0.00031626,0.751994,0.238163,-0.993677,-4.50811e-05,0.762427,0.255032,-0.988659,0.000170172,0.740964,0.243235,-0.997304,-0.00054955,0.782526,0.259126,-0.996019,-1.30515e-05,0.755979,0.238893,-1.00343,-0.000364549,0.70509,0.271937,-0.995394,-0.000401942,0.694929,0.271053,-0.991939,-0.000460668,0.713974,0.229877,-0.987831,1.81196e-05,0.72823,0.233673,-0.998534,-0.000604459,0.748471,0.188504,-0.990878,-0.000177666,0.789357,0.199011,-0.992674,1.65877e-05,0.806495,0.217977,-0.9923,-0.000549418,0.776622,0.19977,-0.996856,1.92219e-06,0.793076,0.187968,-0.990686,0.000108625,0.76074,0.222994,-0.995271,0.000178984,0.760132,0.184123,-0.995668,0.00026128,0.751538,0.185707,-0.996654,0.000178193,0.772056,0.198969,-0.996644,0.000244045,0.7,0,-1,0.318107,-0.0428023,-0.114433,0.23998,0.0703654,1.27951,0.999919,0.00359051,-0.0122319,-0.000296002,0.0714408,-0.0540735,-0.0125209,0,0,-0.395715,0.45,1,5,0.785398,0,0,0,0.00799867,0.179805,0.045254,2.58364,-0.0614606,0.125894,0.00517982,0.177713,0.0413981,0.548462,0.325522,0.487844,0.219138,nan,nan,nan,nan,nan,nan,nan,nan,0.157714,-0.0756569,1.30627,725.458,456.865,654.234,315.387,-1.98655,2.80585,-2,0.154218,-0.279716,1.40224,0.218405,-0.495309,0.252344
2.48,0.999816,-0.0164352,-0.00984248,0.00132411,0.0317676,-0.0843214,0.028487,0.550171,0.135683,-0.877746,0.27115,-0.10603,-0.116203,0.855566,0.144019,-0.98844,0.000992614,0.812207,0.153328,-0.978493,-0.000355899,0.757108,0.185545,-0.998808,-0.000837335,0.726212,0.253222,-0.984501,0.000373886,0.724087,0.277701,-0.996454,-0.000942751,0.71375,0.302666,-0.997332,-0.000338829,0.712812,0.331088,-0.988923,-0.000649042,0.685225,0.349068,-1.00447,4.19263e-05,0.675465,0.369812,-0.983911,-0.00107541,0.646086,0.408173,-0.980421,-0.000622435,0.627759,0.429767,-1.0013,-0.0028818,0.622681,0.431407,-0.985674,-0.000176218,0.600099,0.439545,-0.991051,0.000286169,0.53097,0.423505,-0.984586,-0.00164885,0.557062,0.417313,-0.995161,-0.000101317,0.555805,0.446543,-0.989245,-0.00220113,0.51472,0.447034,-0.993029,-0.000632735,0.500726,0.454138,-0.979779,-0.000934688,0.500856,0.474116,-0.997485,-0.000424824,0.5157,0.438491,-0.995111,-0.000777,0.549554,0.441208,-0.987419,-0.00147228,0.58331,0.416069,-0.987631,6.11622e-05,0.621249,0.425144,-0.984009,-0.00105902,0.6422,0.396589,-0.991449,-0.00148209,0.665834,0.367341,-0.988651,-0.00189388,0.669156,0.410015,-0.995256,-0.00118619,0.749301,0.439613,-0.994039,-0.00260725,0.750904,0.408312,-0.990028,-0.000885493,0.771668,0.427692,-1.00222,-0.000169082,0.76571,0.378381,-1.00258,-0.00172643,0.76944,0.365198,-1.00105,0.000348272,0.754219,0.368855,-0.981971,-0.00309546,0.78188,0.362307,-1.00001,-0.00181168,0.773814,0.328031,-1.00302,-0.00169635,0.765733,0.342305,-0.993583,-0.00070465,0.777125,0.358492,-0.994586,-0.000403265,0.765401,0.35604,-0.990131,-0.00163131,0.738659,0.346537,-0.993129,-0.000962382,0.76816,0.333586,-1.00299,0.000355729,0.773277,0.32263,-0.997199,-0.000266312,0.766688,0.347002,-0.989873,-0.00032847,0.74924,0.319981,-1.00036,-0.000384559,0.732829,0.314154,-1.00742,-0.000161177,0.714822,0.294223,-0.984258,-0.000495683,0.70409,0.316208,-0.979324,0.000429234,0.707577,0.311611,-0.993471,-0.000874059,0.731413,0.296226,-0.995931,0.000765274,0.72483,0.298079,-0.999252,-0.000693025,0.730478,0.302735,-0.992017,-0.000213771,0.735912,0.320306,-0.994771,0.000209588,0.728452,0.269855,-0.994003,-0.00034186,0.752257,0.267419,-0.995202,-0.000106317,0.751395,0.282099,-0.986816,-2.64312e-05,0.736886,0.294776,-0.997715,-0.000676779,0.778583,0.28619,-0.997386,0.000171124,0.777463,0.266986,-1.00416,-0.000443879,0.730775,0.276206,-0.997137,-0.00049384,0.704956,0.270693,-0.993181,-0.000483947,0.690387,0.245836,-0.987094,4.12106e-05,0.72169,0.234637,-0.997735,-0.000626062,0.739404,0.214505,-0.992293,-0.000259846,0.802763,0.217758,-0.9934,-1.01598e-05,0.802919,0.224331,-0.994115,-0.000263611,0.798371,0.188709,-0.996104,0.000108262,0.780937,0.164524,-0.990324,0.000117214,0.750869,0.207223,-0.994473,2.45804e-05,0.746763,0.208202,-0.995262,0.000425691,0.76248,0.207388,-0.995583,0.000390022,0.776415,0.182686,-0.995983,0.000281666,0.757017,0.189865,-0.994882,0.000258232,0.7,0,-1,0.304351,-0.0872905,-0.124536,0.167696,-0.0923545,1.21556,0.999952,-0.00470077,-0.00855283,-0.000852492,0.0394554,-0.072692,-0.0161498,0,0,-0.390711,0.45,1,5,0.785398,0,0,0,0.00812335,0.179755,0.0452138,0.761608,-0.498816,0.404378,-0.000967647,0.177129,0.040238,0.54266,0.331242,0.482781,0.226176,nan,nan,nan,nan,nan,nan,nan,nan,0.0998794,-0.186778,1.2489,721.538,461.637,651.474,324.832,-2.01157,2.78934,-2,0.166047,-0.276438,1.39466,-0.0842065,-0.441594,-0.423025
2.5,0.999815,-0.0161642,-0.0102781,0.00152212,0.0192851,-0.0461356,0.0244996,0.555079,0.134715,-0.877848,0.272566,-0.0963936,-0.114009,0.813875,0.156201,-0.978877,-0.000229553,0.77413,0.190112,-1.00008,-0.000842933,0.729065,0.238475,-0.984968,0.000521132,0.725768,0.284108,-0.998217,-0.00103313,0.725862,0.312746,-0.998074,-0.000350766,0.696809,0.291143,-0.989948,-0.000830373,0.684918,0.343725,-1.00403,0.000197634,0.660731,0.379912,-0.983952,-0.00107613,0.657893,0.413675,-0.97849,-0.00067233,0.63806,0.434495,-0.99958,-0.00306183,0.593457,0.438875,-0.985892,-9.24705e-05,0.584024,0.428246,-0.991565,0.000166461,0.568722,0.424472,-0.983802,-0.00177436,0.568028,0.434776,-0.992864,-5.91625e-05,0.555354,0.447506,-0.990853,-0.00226781,0.529077,0.447688,-0.993938,-0.000467573,0.497837,0.436388,-0.97905,-0.00095813,0.499936,0.444548,-0.996283,-0.00047448,0.535421,0.427052,-0.993795,-0.000870875,0.583067,0.42371,-0.98752,-0.00141666,0.568867,0.393519,-0.987939,0.000108427,0.610241,0.42712,-0.983561,-0.0010631,0.64303,0.390392,-0.989803,-0.00163123,0.651304,0.395447,-0.990306,-0.00190933,0.652812,0.404418,-0.996154,-0.0008517,0.727102,0.424144,-0.99448,-0.00261449,0.735131,0.42613,-0.988898,-0.000933332,0.76631,0.439328,-1.00186,-0.000123605,0.74915,0.41017,-1.00219,-0.00178762,0.768406,0.372271,-1.00052,0.000266734,0.730138,0.354626,-0.981106,-0.00303055,0.796728,0.365733,-1.00069,-0.00194087,0.783504,0.338715,-1.00451,-0.00160287,0.788229,0.322685,-0.993983,-0.000602604,0.777517,0.381548,-0.994242,-7.9226e-05,0.777063,0.405969,-0.990365,-0.00155269,0.749903,0.392999,-0.993005,-0.00100616,0.725271,0.364851,-1.00314,0.000435392,0.773985,0.30119,-0.998666,-0.000370478,0.7593,0.323756,-0.987134,-0.000374229,0.764556,0.315577,-0.999162,-0.000454501,0.743299,0.310424,-1.00689,-0.000151529,0.726607,0.316283,-0.984508,-0.000458445,0.717208,0.296171,-0.979031,0.000399434,0.672962,0.330425,-0.993903,-0.000908063,0.716492,0.290559,-0.995564,0.000718022,0.71518,0.275494,-0.999726,-0.000649736,0.714266,0.309188,-0.993752,-0.00024077,0.740622,0.317225,-0.99407,0.000184744,0.761432,0.270049,-0.994622,-0.000412758,0.765012,0.287494,-0.99477,-0.000154536,0.734214,0.290186,-0.986346,-0.000168254,0.749199,0.323136,-0.998875,-0.000549986,0.801027,0.308115,-0.996651,0.000248932,0.757434,0.283693,-1.00389,-0.000524835,0.746842,0.309182,-0.996078,-0.000619945,0.733565,0.281497,-0.99358,-0.000441437,0.69556,0.229047,-0.98745,-0.00011309,0.730662,0.23561,-0.997548,-0.000525934,0.738229,0.206513,-0.990795,-0.000353058,0.7772,0.241584,-0.993136,-0.000116426,0.801359,0.228403,-0.993711,-0.000382098,0.810049,0.187258,-0.996044,0.000102655,0.773098,0.163566,-0.988721,0.000182412,0.714842,0.221582,-0.996141,1.97802e-05,0.756863,0.211878,-0.994346,0.000554291,0.729915,0.189139,-0.997365,0.000230212,0.749087,0.212389,-0.995259,0.000205108,0.748128,0.185757,-0.995239,0.000140309,0.791387,0.180231,-0.995848,0.000314895,0.7,0,-1,0.266745,-0.0445926,-0.0853003,0.132439,-0.0900008,1.4037,0.999967,-0.00458808,-0.00675186,-2.51112e-05,0.0527149,-0.0339541,-0.0191234,0,0,-0.38938,0.45,1,5,0.785398,0,0,0,0.00797592,0.179632,0.0451261,-2.01741,1.1181,-0.346501,-0.00446613,0.176739,0.0396482,0.56546,0.29298,0.47152,0.226385,nan,nan,nan,nan,nan,nan,nan,nan,0.148676,-0.191388,1.28887,734.174,449.525,646.209,325.175,-2.02185,2.86472,-2,0.17353,-0.271993,1.38969,0.0707924,0.481842,0.109665
2.52,0.999821,-0.0158335,-0.0102448,0.0017464,0.0342559,0.010859,0.028559,0.559987,0.133914,-0.877801,0.263672,-0.0818996,-0.126881,0.799329,0.164123,-0.999761,-0.0010168,0.780629,0.220805,-0.983729,0.000658671,0.760834,0.29195,-0.999114,-0.00118063,0.761895,0.320854,-0.997469,-0.000181663,0.697795,0.313712,-0.990318,-0.000822345,0.67372,0.337774,-1.00345,0.000159932,0.640932,0.399562,-0.984817,-0.000950416,0.635486,0.419481,-0.978082,-0.000735725,0.617093,0.399215,-0.998682,-0.00304318,0.6236,0.407429,-0.985261,-0.000185747,0.59012,0.420257,-0.990291,0.000283666,0.584719,0.418476,-0.982817,-0.00158966,0.578161,0.436276,-0.991758,-0.000179567,0.539652,0.427134,-0.990865,-0.0024766,0.524338,0.445342,-0.992611,-0.000456786,0.512836,0.450419,-0.979648,-0.000989751,0.514246,0.433525,-0.997032,-0.000723012,0.527325,0.429997,-0.993782,-0.000783547,0.552103,0.408487,-0.988361,-0.00158882,0.5545,0.398999,-0.988402,-6.41498e-05,0.608956,0.42587,-0.983721,-0.000976504,0.669826,0.419176,-0.989291,-0.0015389,0.678177,0.401914,-0.991859,-0.00191125,0.670107,0.377147,-0.996609,-0.00094409,0.701306,0.412977,-0.991296,-0.00255268,0.718896,0.412927,-0.98952,-0.000844242,0.766076,0.438919,-1.00129,4.30899e-05,0.738445,0.409119,-1.00214,-0.00176562,0.744964,0.374203,-1.0016,0.000445541,0.700356,0.381049,-0.980189,-0.00300586,0.772863,0.363242,-1.00038,-0.0020924,0.77104,0.347085,-1.00437,-0.0014985,0.778548,0.361101,-0.99457,-0.000443433,0.762487,0.405668,-0.994815,-5.63865e-05,0.782907,0.414949,-0.991146,-0.00159634,0.752464,0.401135,-0.992672,-0.000916323,0.767849,0.347249,-1.0042,0.00023647,0.774487,0.295644,-0.995404,-0.000408486,0.813994,0.334639,-0.987471,-0.000378924,0.782638,0.307751,-0.999878,-0.000295773,0.773184,0.306037,-1.01005,-0.000124004,0.747385,0.333276,-0.983304,-0.000450953,0.733947,0.305362,-0.980726,0.000380477,0.691721,0.319948,-0.992853,-0.000795512,0.674068,0.334665,-0.996842,0.000842529,0.667122,0.311644,-1.0008,-0.000687416,0.702203,0.314119,-0.993699,-0.000180067,0.705696,0.313038,-0.992968,0.000103171,0.757013,0.287152,-0.99498,-0.000385051,0.751378,0.316235,-0.997425,-0.000285762,0.743714,0.296308,-0.988938,-0.000133112,0.768518,0.324343,-0.997669,-0.000508711,0.770398,0.346921,-0.994681,0.000502616,0.765067,0.327821,-1.00487,-0.000409496,0.725557,0.320383,-0.996768,-0.000662056,0.723575,0.321746,-0.993786,-0.000537689,0.715851,0.263272,-0.988385,-0.000132304,0.668048,0.252581,-0.995912,-0.000757221,0.714799,0.205233,-0.991853,-0.000305096,0.76719,0.209733,-0.991301,-0.000239598,0.801038,0.199601,-0.992937,-0.000223123,0.783424,0.18533,-0.995248,-1.13471e-06,0.791064,0.185218,-0.988401,-8.68264e-07,0.742935,0.228992,-0.996795,0.000188369,0.75124,0.228686,-0.996594,0.000513165,0.754504,0.180855,-0.997702,0.000280691,0.75367,0.18374,-0.99523,0.000406165,0.741442,0.178548,-0.993444,0.000113342,0.759029,0.180691,-0.995018,0.000421628,0.769585,0.176187,-0.994888,0.000413847,0.7,0,-1,0.243398,0.0158855,-0.111457,0.0931579,0.0601206,1.247,0.999984,0.00306249,-0.00475071,0.000510842,0.0478594,-0.0102766,-0.019144,0,0,-0.392506,0.45,1,5,0.785398,0,0,0,0.00793378,0.179527,0.0450706,0.36577,-1.88225,-0.218864,0.00616882,0.170973,0.0390263,0.540964,0.318489,0.473644,0.228031,nan,nan,nan,nan,nan,nan,nan,nan,0.102207,-0.0781617,1.1853,727.629,448.536,642.856,327.374,-2.08344,2.96355,-2,0.171195,-0.263575,1.47832,-0.444707,0.724697,-0.643576
2.54,0.999827,-0.0149728,-0.0108194,0.00225607,0.0931662,-0.0792235,0.0356247,0.567241,0.132852,-0.877508,0.26006,-0.0892965,-0.126168,0.849983,0.234914,-0.984132,0.000744752,0.755268,0.299196,-1.00094,-0.0011864,0.728831,0.31317,-0.997995,-0.000116757,0.709763,0.338499,-0.990931,-0.000827501,0.68167,0.356815,-1.00136,0.000307061,0.668321,0.396437,-0.98625,-0.000712107,0.613901,0.36239,-0.977759,-0.000634378,0.63115,0.389348,-0.999226,-0.00329566,0.630086,0.399457,-0.984934,8.12798e-05,0.605259,0.389064,-0.987697,0.000271997,0.582839,0.412587,-0.983103,-0.00171517,0.56915,0.413663,-0.992752,-0.000338045,0.553499,0.445969,-0.990861,-0.00254611,0.495962,0.435436,-0.989844,-0.000402533,0.524344,0.469754,-0.981046,-0.000914745,0.502858,0.475635,-0.997411,-0.000925132,0.543076,0.435846,-0.994892,-0.000970297,0.527143,0.405504,-0.988086,-0.0017642,0.543423,0.400508,-0.987242,-3.5636e-05,0.607642,0.425231,-0.982077,-0.00104266,0.664351,0.428213,-0.990533,-0.00159563,0.660346,0.407102,-0.992859,-0.00191361,0.682905,0.37865,-0.995888,-0.000954657,0.720645,0.425567,-0.992243,-0.00249593,0.737026,0.409209,-0.989959,-0.000862857,0.786354,0.398133,-1.00147,0.000259041,0.7333,0.376268,-1.00062,-0.00176925,0.738807,0.358594,-1.00133,0.000466347,0.750534,0.384511,-0.979246,-0.0030965,0.764893,0.369077,-1.00138,-0.00226456,0.77704,0.353031,-1.00392,-0.0016524,0.784731,0.378292,-0.99523,-0.000420443,0.791814,0.39748,-0.996475,1.61715e-06,0.805485,0.423717,-0.992397,-0.00155301,0.760122,0.384625,-0.991877,-0.00115361,0.749265,0.34887,-1.00595,0.000304259,0.774587,0.322147,-0.994467,-0.00033835,0.784561,0.336788,-0.986683,-0.000355786,0.776938,0.300316,-1.00029,-0.000236736,0.74823,0.328785,-1.01009,-8.41091e-05,0.719983,0.328813,-0.984521,-0.000446119,0.723902,0.339861,-0.982913,0.000409564,0.705618,0.340049,-0.992475,-0.000716146,0.678789,0.336605,-0.996478,0.000870487,0.653959,0.333275,-1.0005,-0.000656902,0.703176,0.301905,-0.992465,-0.000223805,0.70416,0.326416,-0.994071,-0.000135906,0.742098,0.340013,-0.997328,-0.000394185,0.761489,0.341991,-0.99617,-0.000191066,0.717451,0.324359,-0.988303,-7.16314e-05,0.750425,0.328019,-0.997695,-0.00054056,0.768839,0.334056,-0.995282,0.000682078,0.767116,0.355539,-1.00319,-0.000388743,0.742546,0.351813,-0.995044,-0.000545847,0.723705,0.319854,-0.994205,-0.000421483,0.707845,0.283388,-0.988913,-0.000102745,0.685376,0.272291,-0.995966,-0.000700061,0.712603,0.199384,-0.990081,-0.000354427,0.757335,0.19788,-0.992675,-8.82118e-05,0.746481,0.177489,-0.993328,-9.5068e-05,0.738623,0.217944,-0.995673,-0.000161399,0.768421,0.198537,-0.988572,-3.76846e-05,0.746161,0.264102,-0.995387,0.000360881,0.725672,0.215914,-0.996225,0.00032089,0.759279,0.208684,-0.996148,0.000269884,0.746189,0.229372,-0.994801,0.000191793,0.755548,0.192934,-0.993802,0.000150224,0.77185,0.181979,-0.99469,0.000424487,0.752382,0.204138,-0.994957,0.000506603,0.733957,0.162865,-0.995908,0.000557983,0.7,0,-1,0.243398,0.0158855,-0.111457,0.0931579,0.0601206,1.247,0.999984,0.00306249,-0.00475071,0.000510842,0.0456381,-0.0161191,-0.0197415,0,0,-0.391523,0.45,1,5,0.785398,0,0,0,0.00792645,0.179478,0.044922,-2.00214,2.11171,0.0831712,0.00551432,0.190592,0.0381469,0.559106,0.302096,0.492924,0.215897,nan,nan,nan,nan,nan,nan,nan,nan,0.0932012,-0.143603,1.18815,727.585,442.594,654.529,323.312,-2.11969,2.95162,-2,0.181907,-0.250547,1.43053,-0.180583,-0.369844,0.035654
2.56,0.999834,-0.0141832,-0.0111464,0.00273968,-0.00129537,0.013603,0.0210848,0.576909,0.131202,-0.877493,0.263381,-0.0904038,-0.125437,0.768314,0.27413,-1.00158,-0.00112686,0.713936,0.30358,-0.998457,-0.000106581,0.713813,0.354866,-0.991635,-0.000851271,0.682304,0.361412,-0.999897,0.000432939,0.6538,0.369242,-0.986565,-0.00079124,0.629973,0.366162,-0.978136,-0.000642217,0.622963,0.385287,-1.00107,-0.0032509,0.606986,0.395299,-0.985776,6.75789e-05,0.588391,0.362679,-0.986771,0.000328783,0.606703,0.411584,-0.983646,-0.0016963,0.558917,0.420787,-0.992996,-0.000594389,0.529148,0.441896,-0.989553,-0.00241744,0.503134,0.453754,-0.986554,-0.00040405,0.507146,0.484868,-0.981182,-0.000858111,0.502293,0.474142,-0.998085,-0.000937839,0.534052,0.444715,-0.994856,-0.000816817,0.535573,0.412115,-0.989758,-0.00178189,0.559822,0.406215,-0.987702,7.02084e-05,0.619649,0.393249,-0.980356,-0.000907028,0.673015,0.404958,-0.99001,-0.00169877,0.674431,0.36792,-0.991854,-0.00191287,0.68629,0.389182,-0.995392,-0.000951839,0.708138,0.427091,-0.991052,-0.0024291,0.769258,0.399319,-0.991634,-0.000750179,0.778543,0.366287,-1.00219,-1.44918e-06,0.767839,0.331086,-1.00119,-0.0017501,0.764246,0.337472,-1.00078,0.000652777,0.760276,0.353886,-0.979471,-0.00322638,0.769839,0.357188,-0.99968,-0.00232873,0.778498,0.354082,-1.00501,-0.00169155,0.775432,0.386824,-0.995278,-0.000310723,0.761783,0.436641,-0.995934,3.42724e-05,0.79155,0.424632,-0.993187,-0.00158182,0.769873,0.412033,-0.993098,-0.00129656,0.773562,0.369022,-1.00583,0.000259128,0.783686,0.349367,-0.992796,-0.000550364,0.782325,0.344799,-0.98703,-0.000451793,0.795957,0.322083,-1.00031,-0.000313845,0.771628,0.333137,-1.01196,-0.000196098,0.711686,0.346774,-0.984077,-0.000489251,0.721665,0.352856,-0.983041,0.000470532,0.673351,0.332407,-0.989988,-0.000746514,0.671834,0.365034,-0.995239,0.000795767,0.671511,0.354033,-1.0013,-0.000557372,0.677223,0.334923,-0.993237,-0.000395183,0.677039,0.34699,-0.995118,-2.3636e-05,0.719952,0.353795,-0.99687,-0.000381379,0.722994,0.326578,-0.996141,-5.31916e-06,0.720574,0.315928,-0.987523,-0.000100947,0.73105,0.321903,-0.998836,-0.000598582,0.759017,0.344752,-0.993683,0.000810619,0.762233,0.368158,-1.00228,-0.000249057,0.719517,0.359545,-0.994048,-0.000345359,0.708758,0.351966,-0.993457,-0.000690394,0.692703,0.30883,-0.987694,0.000106244,0.701848,0.277941,-0.996029,-0.000794846,0.717965,0.204745,-0.989684,-0.000536939,0.725093,0.226383,-0.994415,-5.37782e-05,0.751253,0.228685,-0.991889,-0.000113417,0.763278,0.227472,-0.996151,-0.000296791,0.768347,0.251429,-0.988985,0.000168048,0.714087,0.259854,-0.993439,0.00053183,0.73769,0.230146,-0.995811,0.00044653,0.734697,0.216968,-0.994596,0.000131419,0.753281,0.216743,-0.994121,8.93222e-05,0.76881,0.211975,-0.994338,6.6545e-05,0.756696,0.184823,-0.993175,0.000609452,0.767223,0.183451,-0.995839,0.000482328,0.740834,0.137745,-0.99575,0.000502419,0.754391,0.162076,-0.994344,0.000468875,0.7,0,-1,0.194524,0.0291765,-0.101991,-0.0394899,0.108021,1.30653,0.999983,0.00550768,0.00201427,-0.000125872,0.117451,-0.0136971,-0.019472,0,0,-0.391827,0.45,1,5,0.785398,0,0,0,0.0080653,0.179558,0.0448315,-0.485201,0.69206,-0.076925,0.0252117,0.17526,0.0377264,0.547239,0.310591,0.500298,0.20686,nan,nan,nan,nan,nan,nan,nan,nan,0.0906008,-0.131335,1.21275,724.371,440.83,662.844,317.214,-2.12184,2.96982,-2,0.187598,-0.237366,1.42478,0.166047,-0.0553649,0.0365414
2.58,0.999833,-0.0141076,-0.0112505,0.002858,0.0159136,-0.0233495,0.0263747,0.579694,0.130601,-0.877787,0.258543,-0.0980615,-0.122088,0.735449,0.323381,-0.997644,-0.000299112,0.716723,0.340112,-0.991521,-0.0008277,0.676246,0.376423,-0.999535,0.000715359,0.653931,0.365383,-0.988743,-0.000808085,0.620005,0.379734,-0.977924,-0.000715307,0.573709,0.419969,-1.00069,-0.00316391,0.608784,0.408621,-0.984312,-0.000161625,0.612646,0.402227,-0.985281,0.00024936,0.56906,0.427266,-0.984216,-0.00164208,0.579737,0.43372,-0.992671,-0.000399755,0.550151,0.431287,-0.990137,-0.00246515,0.509061,0.462212,-0.986896,-0.000517213,0.518948,0.457714,-0.981279,-0.000908777,0.542699,0.491054,-0.998068,-0.000931219,0.538555,0.446654,-0.994647,-0.000942889,0.541947,0.389707,-0.990021,-0.00152491,0.577063,0.389411,-0.988431,-8.20381e-05,0.60495,0.386305,-0.980634,-0.000862526,0.678888,0.386371,-0.989363,-0.00166685,0.671656,0.374898,-0.992177,-0.00201721,0.666425,0.418795,-0.994952,-0.000947241,0.723043,0.423996,-0.991179,-0.00221968,0.75219,0.368599,-0.99031,-0.000788032,0.774773,0.354494,-1.002,6.17914e-05,0.788453,0.366911,-1.00203,-0.00181282,0.734897,0.352022,-1.00194,0.000592053,0.744028,0.364169,-0.980434,-0.00339807,0.789306,0.347276,-0.998904,-0.0022603,0.788009,0.345222,-1.00798,-0.00176919,0.786743,0.403521,-0.996024,-0.000423697,0.78678,0.43199,-0.996086,0.000217462,0.807289,0.424448,-0.992241,-0.00157964,0.764988,0.401147,-0.992339,-0.00139297,0.759246,0.394846,-1.00557,0.000315809,0.780094,0.358751,-0.992041,-0.000474461,0.775558,0.350741,-0.987544,-0.00048407,0.80514,0.338442,-1.00018,-0.000399691,0.761892,0.349507,-1.01173,-0.000336965,0.726343,0.403913,-0.982768,-0.00031593,0.705748,0.378051,-0.982403,0.000487737,0.712853,0.383704,-0.990506,-0.000881335,0.68039,0.347901,-0.993108,0.000798444,0.693994,0.363247,-1.00094,-0.00032323,0.687226,0.340454,-0.991934,-0.000480919,0.710351,0.342241,-0.992746,-4.2644e-05,0.695704,0.359075,-0.997307,-0.000404832,0.713507,0.351337,-0.99724,-0.000108091,0.721666,0.344424,-0.98806,-0.00016248,0.711892,0.343601,-0.996659,-0.000294419,0.760063,0.334935,-0.993033,0.000947099,0.763817,0.340896,-1.00271,-6.46469e-05,0.749617,0.374449,-0.996347,-0.000398312,0.753669,0.366465,-0.992129,-0.000602375,0.706433,0.313229,-0.989277,0.000133965,0.707333,0.302699,-0.996393,-0.000725015,0.759079,0.260963,-0.990351,-0.000893652,0.726444,0.233156,-0.992127,8.63109e-05,0.751442,0.247298,-0.99003,-0.000199561,0.745066,0.258697,-0.997272,-0.000330308,0.739463,0.276614,-0.989399,0.000187441,0.700876,0.271918,-0.992827,0.000618879,0.727868,0.241653,-0.996426,0.000481451,0.737404,0.22085,-0.996097,9.71836e-05,0.755903,0.205076,-0.995596,6.43759e-05,0.753665,0.207166,-0.992037,-0.000104283,0.776355,0.206881,-0.993274,0.000544332,0.76629,0.176502,-0.996429,0.000561726,0.761516,0.163684,-0.996283,0.00058108,0.743005,0.17847,-0.993759,0.000541395,0.768404,0.167294,-0.99354,0.000293158,0.7,0,-1,0.175626,0.0376106,-0.122949,-0.0429605,0.0920175,1.22843,0.999986,0.00468901,0.00219214,-0.00051868,0.0724068,0.0228189,-0.0237741,0,0,-0.394296,0.45,1,5,0.785398,0,0,0,0.00845637,0.179601,0.0447414,0.582127,1.92224,0.715326,0.0244428,0.185408,0.0373059,0.538506,0.318729,0.503204,0.205217,nan,nan,nan,nan,nan,nan,nan,nan,0.0995254,-0.208995,1.23187,719.597,445.817,666.135,312.076,-2.16495,2.95511,-2,0.189168,-0.235821,1.43365,-0.241885,-0.382883,0.167453
2.6,0.999834,-0.0136273,-0.0116466,0.00324688,0.0399206,-0.0035559,0.0371918,0.586999,0.129285,-0.877767,0.265697,-0.0997695,-0.118217,0.731569,0.362761,-0.990518,-0.000690852,0.703083,0.40127,-0.999177,0.000678428,0.659931,0.390852,-0.98852,-0.000678474,0.605059,0.391745,-0.978158,-0.000668314,0.591046,0.431865,-1.0004,-0.00315371,0.587984,0.402742,-0.984418,-0.000237117,0.596169,0.411443,-0.984335,0.000376883,0.564583,0.434722,-0.984531,-0.00176915,0.540039,0.434707,-0.990905,-0.000549513,0.531407,0.424142,-0.990196,-0.00237668,0.497809,0.448925,-0.985548,-0.000345596,0.510081,0.417036,-0.982154,-0.000921304,0.537293,0.462755,-0.996957,-0.00125044,0.551578,0.458312,-0.994321,-0.000956704,0.559298,0.406626,-0.990246,-0.00164536,0.60257,0.408109,-0.987491,-8.77169e-05,0.598277,0.411616,-0.979799,-0.000736719,0.657513,0.388721,-0.99081,-0.00154752,0.659985,0.398802,-0.993531,-0.00200292,0.68352,0.401954,-0.993843,-0.00105398,0.713189,0.401445,-0.991946,-0.00227866,0.743443,0.384175,-0.989953,-0.000798067,0.759202,0.372421,-1.00164,0.000104856,0.799706,0.372842,-1.00154,-0.00191044,0.755648,0.370371,-1.0026,0.000515781,0.751717,0.357174,-0.97913,-0.00335758,0.777736,0.365361,-0.998125,-0.00218972,0.788364,0.371454,-1.0068,-0.00181242,0.803219,0.397615,-0.995428,-0.000512247,0.791716,0.416046,-0.996306,0.000226342,0.770254,0.422168,-0.991883,-0.00162421,0.763202,0.404186,-0.991428,-0.00142518,0.760361,0.426554,-1.00743,0.000199319,0.785496,0.356793,-0.992343,-0.000545561,0.782133,0.349621,-0.987227,-0.00046599,0.836619,0.344264,-1.00021,-0.000310083,0.767745,0.374716,-1.01,-0.000342805,0.726994,0.390552,-0.982344,-0.000393931,0.712098,0.344455,-0.981705,0.000430783,0.725848,0.383149,-0.990426,-0.000843257,0.697423,0.365257,-0.992803,0.000810794,0.662355,0.345214,-1.00042,-0.000163919,0.684094,0.348778,-0.989963,-0.000318601,0.706092,0.352933,-0.991862,-9.66347e-05,0.688376,0.37683,-0.995387,-0.000345478,0.702403,0.368093,-0.994964,2.86093e-05,0.710812,0.378895,-0.988834,-0.000223086,0.69751,0.34674,-0.998429,-0.000251401,0.748518,0.360071,-0.991724,0.000787213,0.746577,0.353036,-1.0032,-0.000373649,0.746721,0.34449,-0.997655,-0.000780214,0.74812,0.363353,-0.991645,-0.000635553,0.724698,0.342299,-0.988451,0.000100391,0.737273,0.289419,-0.995715,-0.000686002,0.741357,0.273429,-0.989471,-0.000854206,0.725043,0.242606,-0.990839,0.000124906,0.771347,0.228303,-0.990353,-0.000351378,0.742745,0.269871,-0.996834,-0.000256377,0.745565,0.283098,-0.988829,0.000352584,0.707191,0.269558,-0.991972,0.000334947,0.74425,0.227294,-0.996704,0.000664093,0.748166,0.238018,-0.995697,-5.16139e-05,0.766494,0.214269,-0.996583,0.000187324,0.764297,0.191169,-0.992379,-1.49529e-05,0.759511,0.184098,-0.994802,0.000416185,0.741209,0.191033,-0.995959,0.000479343,0.776983,0.16433,-0.996982,0.000955575,0.75608,0.18659,-0.994548,0.000452279,0.7647,0.181672,-0.993081,0.000300905,0.730295,0.178427,-0.994165,0.000282719,0.7,0,-1,0.138979,0.143216,-0.125616,-0.116466,0.395624,1.20835,0.999779,0.0201537,0.00594795,-0.000683414,0.0688537,0.0363061,-0.0226048,0,0,-0.385639,0.45,1,5,0.785398,0,0,0,0.00854756,0.179629,0.0446904,-0.464698,2.46486,0.34489,0.0128672,0.175617,0.0368747,0.534799,0.325851,0.490434,0.223056,nan,nan,nan,nan,nan,nan,nan,nan,0.150233,-0.115158,1.23794,715.003,454.809,662.572,320.638,-2.1488,2.96938,-2,0.196212,-0.228077,1.41899,0.357676,-0.0853989,0.193541
2.62,0.999843,-0.0133462,-0.0109617,0.00407942,0.00926775,0.0329751,0.0507182,0.596885,0.127708,-0.877086,0.261474,-0.0843566,-0.124115,0.724734,0.390662,-0.999536,0.000726211,0.640123,0.402905,-0.988055,-0.000788912,0.589849,0.411753,-0.978862,-0.000640429,0.561913,0.449312,-0.999442,-0.00321579,0.561839,0.410503,-0.984464,-8.88122e-05,0.573415,0.43197,-0.982998,0.000343702,0.575287,0.437982,-0.984948,-0.00183304,0.548521,0.461358,-0.9909,-0.000403657,0.522981,0.43833,-0.989212,-0.00234911,0.504369,0.462022,-0.985569,-0.000405638,0.509143,0.422302,-0.983916,-0.00109791,0.557533,0.449507,-0.994985,-0.00125965,0.543708,0.465475,-0.99497,-0.000960081,0.564124,0.408907,-0.988316,-0.001641,0.561541,0.415597,-0.987342,-0.000124763,0.588108,0.421546,-0.977549,-0.000729692,0.639875,0.385427,-0.990894,-0.00149851,0.664206,0.417023,-0.991994,-0.00203901,0.703254,0.413095,-0.994541,-0.00126564,0.678738,0.367476,-0.992299,-0.00237396,0.737477,0.376445,-0.989528,-0.000771648,0.770785,0.365821,-1.00288,0.000215578,0.754096,0.389239,-1.00032,-0.00205518,0.766557,0.364858,-1.00401,0.000337716,0.762284,0.389112,-0.979143,-0.00344298,0.780133,0.400011,-0.997884,-0.002246,0.827426,0.352063,-1.00699,-0.00183092,0.796498,0.40478,-0.997797,-0.000729166,0.787271,0.428359,-0.997035,0.000408531,0.765717,0.42661,-0.990785,-0.00155912,0.769336,0.410993,-0.990422,-0.0012862,0.753052,0.425851,-1.0077,0.000138511,0.76961,0.393365,-0.993389,-0.000619542,0.761656,0.380399,-0.989859,-0.000424934,0.797918,0.342147,-1.00061,-0.000291667,0.773281,0.400683,-1.0093,-0.000502102,0.732883,0.383078,-0.982347,-0.000550109,0.729036,0.359787,-0.982349,0.000329426,0.708864,0.374406,-0.990227,-0.000926374,0.669857,0.395093,-0.992949,0.000911405,0.670427,0.37545,-1.00037,-0.000138442,0.662786,0.366359,-0.990735,-0.000136925,0.719433,0.376146,-0.990598,-9.01868e-05,0.70829,0.364248,-0.996171,-0.00043684,0.719856,0.373832,-0.996593,-0.000108086,0.708039,0.389554,-0.987948,-0.000346324,0.724373,0.362481,-0.999313,-0.000307141,0.73867,0.370919,-0.992484,0.00102085,0.777489,0.398216,-1.00402,-0.000321368,0.729201,0.362462,-0.996014,-0.000728751,0.759101,0.339436,-0.99217,-0.000460305,0.761619,0.331379,-0.988868,7.26669e-05,0.758117,0.332973,-0.993526,-0.000607326,0.736857,0.310407,-0.988131,-0.000949793,0.747013,0.244625,-0.989568,0.000167854,0.776415,0.254235,-0.991053,-0.000248264,0.761741,0.28828,-0.996628,-0.000300622,0.750055,0.308074,-0.989896,0.000358268,0.714433,0.292089,-0.991609,0.000276106,0.720582,0.255055,-0.996224,0.000826797,0.763154,0.191838,-0.996327,5.31784e-05,0.750856,0.223564,-0.997724,1.64488e-05,0.781539,0.204727,-0.992831,-0.000188893,0.748237,0.225107,-0.994699,0.000641728,0.747246,0.230767,-0.99563,0.000400188,0.757958,0.188311,-1.00009,0.000982923,0.734687,0.19686,-0.994259,0.000621507,0.749388,0.192044,-0.992047,0.000237802,0.772556,0.209641,-0.994408,0.000136192,0.747799,0.187912,-0.993944,0.00022928,0.7,0,-1,0.134277,0.144,-0.125936,-0.107057,0.33111,1.22139,0.999843,0.0168706,0.00546692,-0.000655729,0.0662301,0.0353136,-0.0244503,0,0,-0.385961,0.45,1,5,0.785398,0,0,0,0.00866549,0.179656,0.0446219,-1.58853,3.13094,-0.0439243,0.0181621,0.173014,0.0345069,0.529539,0.310737,0.485986,0.216295,nan,nan,nan,nan,nan,nan,nan,nan,0.139187,-0.0813657,1.22867,710.119,450.055,658.643,318.385,-2.18814,3,-2,0.182264,-0.220074,1.53773,-0.211148,0.770645,-0.29488
2.64,0.999844,-0.0132853,-0.0108178,0.00430907,0.0130478,0.031598,0.0521666,0.599357,0.127297,-0.876983,0.259947,-0.0881269,-0.112596,0.644905,0.407505,-0.988094,-0.000743942,0.599255,0.428239,-0.978346,-0.000521998,0.572406,0.435136,-0.999377,-0.00298776,0.560439,0.415642,-0.985515,-0.00015482,0.580095,0.467914,-0.982027,0.000432882,0.567723,0.468246,-0.985669,-0.00168234,0.497702,0.475295,-0.992845,-0.000524987,0.516456,0.473139,-0.988694,-0.00240942,0.519418,0.480746,-0.984321,-0.000244038,0.539678,0.471944,-0.982359,-0.00111876,0.560045,0.458056,-0.994658,-0.00130445,0.539875,0.481421,-0.993338,-0.000927609,0.575201,0.407839,-0.986463,-0.00170998,0.559334,0.434596,-0.986741,-0.00026504,0.570559,0.422661,-0.976934,-0.000405403,0.621217,0.396357,-0.990629,-0.00168392,0.674817,0.404429,-0.992063,-0.00212225,0.706944,0.428379,-0.9916,-0.00112036,0.675153,0.386269,-0.992538,-0.00248703,0.743539,0.356309,-0.989784,-0.000855373,0.771295,0.367475,-1.00313,0.000251329,0.756839,0.398156,-1.00146,-0.00173703,0.752157,0.39536,-1.00405,4.1033e-05,0.744563,0.398985,-0.977975,-0.00347349,0.780889,0.428971,-0.99816,-0.00229031,0.835939,0.377787,-1.00605,-0.0016106,0.786256,0.39198,-0.997814,-0.000854462,0.797879,0.398569,-0.998777,0.000231376,0.774307,0.385846,-0.98994,-0.00172862,0.751197,0.440353,-0.989727,-0.00127067,0.759766,0.419312,-1.00694,4.41954e-05,0.783548,0.392209,-0.994154,-0.000559739,0.768012,0.36696,-0.987173,-0.00044017,0.775671,0.370255,-1.00213,-6.51049e-05,0.766533,0.405707,-1.00912,-0.000436794,0.725285,0.365671,-0.981479,-0.000620404,0.712955,0.373898,-0.981499,0.000468375,0.70522,0.39408,-0.988952,-0.00110847,0.688327,0.395194,-0.993412,0.000897882,0.702828,0.377502,-0.998193,-0.000139027,0.660761,0.37465,-0.988354,-0.000185357,0.725187,0.388782,-0.992678,-0.000262474,0.710549,0.359601,-0.996257,-0.000605389,0.740255,0.395702,-0.996345,-0.000107872,0.737396,0.391409,-0.988266,-0.000349445,0.732497,0.391801,-0.996735,-0.00035108,0.773845,0.393501,-0.992709,0.00109632,0.750498,0.381288,-1.00327,-0.000263455,0.760638,0.367686,-0.996012,-0.000680349,0.737575,0.364407,-0.992118,-0.000285508,0.754669,0.352447,-0.988278,6.2607e-05,0.772651,0.379763,-0.992315,-0.000411905,0.762613,0.329024,-0.988086,-0.000974434,0.73254,0.264226,-0.989437,0.00028316,0.756884,0.284859,-0.991915,9.86259e-05,0.750455,0.251174,-0.994818,-0.000210743,0.73407,0.299131,-0.989258,0.000309871,0.740084,0.275994,-0.990117,0.000399454,0.735723,0.23032,-0.997072,0.000855748,0.728903,0.181532,-0.996732,3.16165e-06,0.75453,0.222101,-0.998687,0.000127768,0.763331,0.215357,-0.992184,-0.000265825,0.751578,0.224745,-0.99378,0.000569072,0.749726,0.198343,-0.994081,0.00052178,0.734845,0.217844,-0.997138,0.0011565,0.722305,0.209357,-0.992533,0.000510733,0.747381,0.216243,-0.991065,0.000152895,0.788898,0.207078,-0.994903,8.34226e-05,0.749073,0.190257,-0.994666,0.000434113,0.744637,0.154606,-0.991814,0.00024371,0.7,0,-1,0.0984071,0.191591,-0.122177,-0.185221,0.333054,1.212,0.999811,0.0169687,0.00944366,-0.000309834,0.155738,0.0756127,-0.0289987,0,0,-0.390489,0.45,1,5,0.785398,0,0,0,0.0090364,0.179588,0.0443985,1.86973,-2.09506,-0.15067,0.0253203,0.183961,0.0334863,0.538361,0.314204,0.506964,0.211687,nan,nan,nan,nan,nan,nan,nan,nan,0.126962,-0.213764,1.25033,708.847,447.581,670.28,315.141,-2.21391,3,-2,0.181289,-0.22069,1.47518,-0.0763461,-0.18852,0.575919
2.66,0.999857,-0.0126379,-0.0100955,0.00499176,0.0566194,0.0445374,0.052663,0.606683,0.125953,-0.876826,0.255,-0.101945,-0.122561,0.620346,0.419599,-0.977806,-0.000417712,0.57293,0.461432,-0.998958,-0.00288383,0.587472,0.436481,-0.9853,-0.000241614,0.571331,0.459133,-0.983292,0.000463223,0.546861,0.47598,-0.985637,-0.00147165,0.514996,0.482011,-0.993446,-0.000455469,0.525688,0.475081,-0.987284,-0.00245955,0.529837,0.483492,-0.983087,-0.000435662,0.554354,0.489636,-0.983179,-0.00103598,0.546108,0.503011,-0.994232,-0.00133806,0.556073,0.483128,-0.992589,-0.000981675,0.575762,0.428579,-0.985433,-0.00166865,0.555051,0.423694,-0.986511,-0.000170176,0.567963,0.411994,-0.978627,-0.000533179,0.612188,0.402234,-0.991092,-0.00171774,0.665007,0.418239,-0.991497,-0.00211063,0.671108,0.440599,-0.990174,-0.00117902,0.702577,0.391493,-0.993129,-0.00240115,0.715538,0.355299,-0.989477,-0.000780867,0.751538,0.380481,-1.00224,0.000172396,0.735737,0.400758,-0.999001,-0.00176378,0.738742,0.389656,-1.00487,5.54827e-05,0.771998,0.399584,-0.976555,-0.00354852,0.77132,0.385388,-0.997181,-0.00226875,0.80154,0.359739,-1.00643,-0.00165434,0.780953,0.400722,-0.998402,-0.000961392,0.781356,0.388306,-0.999944,0.000477451,0.75633,0.38227,-0.991483,-0.0016579,0.750891,0.443301,-0.988606,-0.00132452,0.768428,0.397275,-1.00802,0.000166865,0.81479,0.399382,-0.995164,-0.000652081,0.791168,0.404278,-0.987256,-0.000298656,0.803268,0.37885,-1.00334,-6.5011e-05,0.770355,0.412483,-1.00917,-0.000370804,0.727348,0.377917,-0.982628,-0.000761966,0.714997,0.388079,-0.981983,0.000644788,0.727083,0.380972,-0.987111,-0.00106263,0.711956,0.364371,-0.994284,0.000933669,0.682114,0.349976,-0.997422,-0.000159365,0.693565,0.375034,-0.985189,-9.76129e-05,0.72604,0.382462,-0.991194,-0.000195294,0.749677,0.374939,-0.995523,-0.000795827,0.751869,0.378787,-0.99544,-9.08947e-05,0.740697,0.373276,-0.987711,-0.000372332,0.745417,0.403239,-0.996532,-0.000383455,0.744076,0.42631,-0.993807,0.00108345,0.73183,0.414682,-1.00346,-0.000212776,0.748141,0.393306,-0.996041,-0.000661747,0.726937,0.395368,-0.994457,-0.000384705,0.730588,0.394367,-0.989716,0.000111494,0.764982,0.418904,-0.992152,-0.000536638,0.744874,0.365347,-0.98798,-0.000905726,0.733673,0.281687,-0.98912,0.000357121,0.741582,0.299479,-0.990452,0.000142946,0.765255,0.272671,-0.994019,-0.000246624,0.762474,0.32787,-0.987849,0.000368717,0.723964,0.282835,-0.99173,0.000299491,0.713214,0.269622,-0.998882,0.00104965,0.75175,0.23262,-0.995855,4.00505e-05,0.762073,0.212604,-1.00028,0.00017006,0.739989,0.194345,-0.992146,-0.000170051,0.725443,0.239257,-0.993342,0.000555693,0.754457,0.225683,-0.992364,0.000510294,0.752561,0.204539,-0.996679,0.00132464,0.730361,0.233956,-0.991981,0.000631284,0.762906,0.215905,-0.992015,0.000205781,0.75648,0.17873,-0.994521,0.000311663,0.746509,0.16473,-0.995105,0.000434684,0.732385,0.128066,-0.992739,0.000267965,0.746868,0.134797,-0.992942,0.000220884,0.7,0,-1,0.0900561,0.229842,-0.115224,-0.197394,0.47054,1.21651,0.999662,0.023961,0.0100683,-0.0005868,0.125407,0.104857,-0.0334246,0,0,-0.393845,0.45,1,5,0.785398,0,0,0,0.00969337,0.179535,0.0441737,0.573777,0.878236,-0.701811,0.0267429,0.17994,0.0320965,0.529596,0.313134,0.502992,0.211382,nan,nan,nan,nan,nan,nan,nan,nan,0.106715,-0.238602,1.18716,705.508,445.383,669.196,312.6,-2.25544,2.95173,-2,0.168031,-0.208206,1.53944,-0.247337,-0.690879,-0.498212
2.68,0.999867,-0.01207,-0.00951394,0.00537636,0.0789658,0.07688,0.0398263,0.611554,0.125037,-0.876929,0.262485,-0.0869545,-0.118056,0.580741,0.49961,-0.998584,-0.00290836,0.552961,0.440847,-0.985133,-0.000115971,0.548851,0.418865,-0.984346,0.000505254,0.524699,0.470334,-0.984794,-0.00165887,0.491429,0.486442,-0.992296,-0.000263663,0.517939,0.484086,-0.988226,-0.00238625,0.534496,0.494275,-0.981967,-0.000563161,0.541761,0.497844,-0.981708,-0.000998104,0.549651,0.524805,-0.993938,-0.00132889,0.556487,0.465089,-0.993631,-0.000943395,0.560557,0.424026,-0.983469,-0.00173725,0.539165,0.446372,-0.985386,-0.000186068,0.565474,0.440121,-0.978492,-0.000539764,0.612101,0.41785,-0.988835,-0.00171559,0.64258,0.440485,-0.990894,-0.00203783,0.668223,0.422203,-0.989311,-0.00111227,0.714252,0.411729,-0.99254,-0.00257784,0.699915,0.396714,-0.989523,-0.000594118,0.722103,0.397688,-1.00208,0.000179345,0.743059,0.39937,-0.998967,-0.00195114,0.740878,0.419219,-1.00456,0.00012197,0.785462,0.39229,-0.977274,-0.00347222,0.808616,0.382814,-0.997064,-0.00225526,0.802024,0.374928,-1.00774,-0.0017686,0.805113,0.361683,-0.999233,-0.00104031,0.7853,0.389326,-0.999607,0.000465816,0.7613,0.409821,-0.990053,-0.00183997,0.758814,0.427058,-0.987958,-0.00143159,0.765579,0.404118,-1.00689,0.000176544,0.780197,0.395335,-0.994857,-0.000739903,0.761664,0.390463,-0.985358,-0.000470952,0.788824,0.395664,-1.00098,-8.0082e-05,0.777776,0.393764,-1.00828,-0.00026961,0.742513,0.3812,-0.98395,-0.000425696,0.722249,0.386966,-0.982013,0.000842513,0.72901,0.359414,-0.985868,-0.000816341,0.688665,0.37702,-0.994718,0.000973227,0.694914,0.35905,-0.998516,-0.000174179,0.699709,0.358618,-0.986151,-2.13212e-05,0.746964,0.380963,-0.990569,-0.000297227,0.753743,0.383207,-0.996718,-0.000819576,0.765692,0.415247,-0.995249,-0.000243099,0.719583,0.405681,-0.987119,-0.000513427,0.736361,0.398656,-0.994698,-0.00034583,0.742209,0.442056,-0.994636,0.00127968,0.727609,0.440325,-1.00357,-4.3606e-05,0.747307,0.398619,-0.996663,-0.000538463,0.749232,0.405661,-0.994093,-0.000313223,0.746753,0.387282,-0.990444,2.6809e-05,0.79001,0.388176,-0.991779,-0.000668217,0.755964,0.353842,-0.987644,-0.000843096,0.741417,0.310341,-0.989227,0.000297683,0.743302,0.325262,-0.990352,2.4521e-05,0.768231,0.311964,-0.994083,-0.000205387,0.752088,0.307037,-0.986615,0.000451744,0.744954,0.287694,-0.993044,0.000228238,0.776447,0.29658,-0.99837,0.000942591,0.747433,0.258915,-0.996728,0.000166694,0.755752,0.253089,-0.998584,0.000232286,0.759508,0.207752,-0.993009,-0.000186564,0.763255,0.236413,-0.992405,0.000447143,0.750743,0.218315,-0.99231,0.000321088,0.743342,0.206591,-0.995821,0.00141559,0.739625,0.25405,-0.991628,0.000797155,0.762453,0.216998,-0.993461,0.000311073,0.742401,0.212243,-0.995585,0.000165831,0.763438,0.203796,-0.994326,0.000361099,0.73701,0.128484,-0.993868,0.000328447,0.752832,0.146339,-0.993179,0.000104682,0.744225,0.122779,-0.993018,0.000216613,0.7,0,-1,0.0900561,0.229842,-0.115224,-0.197394,0.47054,1.21651,0.999662,0.023961,0.0100683,-0.0005868,0.194588,0.0613855,-0.030492,0,0,-0.392309,0.45,1,5,0.785398,0,0,0,0.0100843,0.179639,0.0440146,3.32849,-1.05327,-0.597218,-0.0028398,0.181008,0.0316312,0.555179,0.295372,0.487667,0.23639,nan,nan,nan,nan,nan,nan,nan,nan,0.160512,-0.133197,1.20518,723.111,438.076,664.095,338.411,-2.23423,3,-2,0.162104,-0.203397,1.34797,0.374228,0.749501,0.225223
2.7,0.999874,-0.0116692,-0.00929097,0.00552188,0.0888149,0.0490788,0.0327906,0.61446,0.124533,-0.876812,0.258334,-0.0881786,-0.11925,0.597849,0.455071,-0.983782,-0.000136807,0.567744,0.462029,-0.983796,0.000345178,0.507758,0.495873,-0.984402,-0.00172094,0.490929,0.500694,-0.99117,-0.000447327,0.488658,0.517426,-0.987522,-0.00237564,0.527096,0.480927,-0.980911,-0.000575779,0.523042,0.517292,-0.981957,-0.000969396,0.548278,0.515689,-0.992473,-0.00115506,0.574112,0.49076,-0.994435,-0.00107489,0.561273,0.456889,-0.983956,-0.00175872,0.554799,0.433003,-0.984925,-0.00015319,0.56737,0.43305,-0.978681,-0.000547156,0.579753,0.412604,-0.990022,-0.00192363,0.598048,0.443314,-0.989538,-0.00203987,0.658138,0.415506,-0.987497,-0.00122827,0.718993,0.405039,-0.99154,-0.00254093,0.74151,0.382739,-0.987538,-0.000541219,0.727055,0.420354,-1.00162,0.000192795,0.731797,0.392943,-0.998178,-0.00196541,0.761689,0.381245,-1.00485,0.000324265,0.767778,0.405559,-0.975812,-0.00337444,0.794969,0.39296,-0.996512,-0.00217791,0.800466,0.374034,-1.00736,-0.00171226,0.784703,0.363693,-1.0013,-0.00105707,0.748073,0.3989,-0.999476,0.000541488,0.750037,0.387667,-0.991039,-0.00191075,0.770878,0.394,-0.987671,-0.00132939,0.775724,0.401344,-1.00726,0.000216263,0.77678,0.43681,-0.995252,-0.000910443,0.765609,0.420816,-0.985201,-0.000561243,0.785638,0.409012,-1.00089,6.12178e-05,0.764199,0.389017,-1.00756,-0.000191267,0.751822,0.38803,-0.98491,-0.000473536,0.73755,0.38411,-0.983037,0.00110217,0.722713,0.362006,-0.985859,-0.000593596,0.684373,0.353224,-0.993475,0.00108483,0.697935,0.352642,-0.995705,-0.00013745,0.676304,0.395975,-0.987173,-3.33761e-05,0.727814,0.383042,-0.989143,-0.000173999,0.771316,0.390142,-0.99477,-0.00112974,0.741387,0.409573,-0.994272,-0.000362439,0.732324,0.420667,-0.987708,-0.00056471,0.749114,0.429228,-0.994094,-0.000169673,0.732159,0.437405,-0.99542,0.00126245,0.729639,0.440262,-1.00173,-7.005e-05,0.72858,0.401507,-0.996742,-0.000562763,0.725001,0.403673,-0.993746,-0.000410767,0.735834,0.407774,-0.990301,7.55504e-06,0.788736,0.398334,-0.989777,-0.000618176,0.767691,0.327854,-0.986235,-0.000890452,0.754667,0.334844,-0.990739,0.000105855,0.742306,0.33419,-0.990572,1.75238e-05,0.743968,0.342854,-0.993912,-0.000187833,0.733551,0.322254,-0.986091,0.000474169,0.738624,0.284099,-0.992433,0.000213511,0.740152,0.273991,-0.997369,0.000808244,0.738971,0.27191,-0.996553,0.000214218,0.780734,0.266061,-0.997448,0.000213575,0.782719,0.21154,-0.994415,-9.08722e-05,0.767483,0.215649,-0.992501,0.000455474,0.76235,0.217255,-0.99124,0.000290543,0.752712,0.242984,-0.995626,0.0012332,0.771101,0.257479,-0.991313,0.000723896,0.74282,0.243856,-0.990825,0.000139875,0.707941,0.241557,-0.995904,0.000254179,0.749336,0.204832,-0.994125,0.00020917,0.735364,0.134722,-0.995336,0.000406699,0.758217,0.165389,-0.992444,0.000133272,0.748207,0.158541,-0.993894,0.000300555,0.725327,0.12841,-0.991464,0.000114373,0.7,0,-1,0.0789927,0.257189,-0.124188,-0.142512,0.629083,1.21182,0.999461,0.032023,0.00725008,0.000130968,0.234841,0.108171,-0.0374968,0,0,-0.394901,0.45,1,5,0.785398,0,0,0,0.0101063,0.179739,0.0439451,-1.05289,2.24498,-0.160994,0.0138252,0.167469,0.0316707,0.532518,0.315427,0.4885,0.232792,nan,nan,nan,nan,nan,nan,nan,nan,0.208167,-0.0480405,1.23157,717.023,441.631,660.495,337.258,-2.27068,3,-2,0.15693,-0.194881,1.42222,-0.207543,-0.0612047,-0.0596888
2.72,0.999882,-0.011196,-0.00886439,0.00563528,0.10426,0.0941322,0.026134,0.617003,0.12417,-0.876515,0.261456,-0.0927724,-0.111933,0.581696,0.5118,-0.983297,0.000319751,0.509751,0.517219,-0.983801,-0.00155516,0.49096,0.513666,-0.992013,-0.000421216,0.459901,0.512639,-0.986109,-0.00231709,0.511633,0.514595,-0.980099,-0.000617946,0.521015,0.538665,-0.982524,-0.00112617,0.534871,0.529608,-0.990913,-0.000974399,0.547031,0.493765,-0.993682,-0.00104283,0.522645,0.460922,-0.985173,-0.00178395,0.5472,0.408324,-0.984101,-7.51111e-05,0.558262,0.409219,-0.978135,-0.000510692,0.579463,0.431187,-0.989469,-0.00202679,0.593557,0.446266,-0.988675,-0.00211378,0.644089,0.423983,-0.985958,-0.00126972,0.704501,0.42851,-0.992417,-0.0023923,0.762753,0.384873,-0.987044,-0.000674047,0.724666,0.411343,-0.998783,0.000274263,0.720329,0.373371,-0.996629,-0.00185156,0.755518,0.390467,-1.0051,0.000347402,0.76257,0.384565,-0.977763,-0.00312443,0.775609,0.376951,-0.998475,-0.00214593,0.809427,0.378801,-1.00787,-0.00185835,0.811555,0.386764,-1.0014,-0.00123895,0.749321,0.397207,-0.998015,0.000481278,0.745001,0.406911,-0.990761,-0.00187546,0.792518,0.413729,-0.98803,-0.00115286,0.794638,0.429692,-1.00786,0.000261782,0.772608,0.432752,-0.994303,-0.000847158,0.78779,0.407203,-0.984457,-0.000538148,0.792567,0.39415,-1.00002,0.000153039,0.760306,0.371268,-1.00633,-0.000289395,0.753382,0.368124,-0.985399,-0.000359428,0.75018,0.370186,-0.984782,0.00104965,0.733463,0.363034,-0.985758,-0.000521085,0.67273,0.335307,-0.993091,0.00113169,0.708406,0.322811,-0.995476,-0.000182763,0.694827,0.39862,-0.989876,0.000110436,0.714274,0.392542,-0.98851,-0.000187761,0.769217,0.389632,-0.994085,-0.000998135,0.74679,0.383918,-0.993965,-0.000359154,0.751775,0.445263,-0.988232,-0.000477157,0.726972,0.4488,-0.993454,-0.000147461,0.719393,0.459882,-0.994003,0.00127576,0.750302,0.457065,-1.00178,-0.000259235,0.7043,0.43074,-0.9968,-0.000750778,0.713957,0.415075,-0.99507,-0.000382328,0.718364,0.416555,-0.989803,-9.50293e-05,0.752587,0.391645,-0.993039,-0.000425752,0.75239,0.353032,-0.985577,-0.000899536,0.744423,0.351813,-0.989556,-8.81961e-05,0.751905,0.357104,-0.99125,-1.12692e-05,0.765708,0.356649,-0.992059,-0.000256253,0.738926,0.362745,-0.982713,0.000435514,0.75937,0.31423,-0.993458,1.23399e-05,0.747569,0.332791,-0.996682,0.000769082,0.742098,0.291227,-0.998823,-7.86369e-05,0.767145,0.272641,-0.996865,0.000147557,0.775359,0.227164,-0.99372,-0.000140178,0.745576,0.233434,-0.991747,0.000411358,0.786049,0.22651,-0.989748,0.00029678,0.764548,0.261643,-0.995846,0.00110964,0.766124,0.256572,-0.991401,0.000787732,0.726717,0.23385,-0.989998,9.29765e-05,0.703915,0.243279,-0.994193,0.000291748,0.740184,0.209893,-0.992761,0.000317921,0.726969,0.161821,-0.994794,0.000398912,0.74622,0.17112,-0.990804,0.000158353,0.714396,0.131702,-0.993186,0.000196515,0.703545,0.144435,-0.991784,0.000248381,0.720344,0.12342,-0.991734,0.000258078,0.7,0,-1,-0.0274337,0.285738,-0.103318,-0.391377,0.536901,1.29898,0.999428,0.0273119,0.0199407,-0.000753741,0.196989,0.0986479,-0.0385418,0,0,-0.394202,0.45,1,5,0.785398,0,0,0,0.0104371,0.17968,0.043788,2.01234,-1.37201,0.413118,0.0230398,0.173257,0.0319956,0.533011,0.320767,0.501372,0.224454,nan,nan,nan,nan,nan,nan,nan,nan,0.193534,-0.229485,1.26452,712.583,448.39,664.08,333.61,-2.27068,2.99576,-2,0.149987,-0.187261,1.4088,0.156103,-0.229688,0.365837
2.74,0.99991,-0.00912082,-0.00780642,0.00591069,0.167117,0.0677642,0.0193137,0.624509,0.122967,-0.875784,0.254375,-0.0953872,-0.119726,0.523963,0.534737,-0.984128,-0.00161398,0.515479,0.521404,-0.992308,-0.000406414,0.473037,0.524375,-0.985052,-0.00243414,0.490259,0.549768,-0.978951,-0.000712789,0.510444,0.525529,-0.982491,-0.00109917,0.512941,0.552914,-0.990397,-0.000872914,0.519351,0.512203,-0.995067,-0.00103048,0.513983,0.469009,-0.984018,-0.00168488,0.542364,0.448957,-0.98308,-5.82756e-05,0.569545,0.418131,-0.976385,-0.000510578,0.590944,0.448183,-0.988891,-0.00188884,0.625368,0.464745,-0.989312,-0.00215445,0.642758,0.440816,-0.986201,-0.00112787,0.708874,0.435545,-0.991353,-0.00240967,0.741731,0.413314,-0.986143,-0.00045525,0.72537,0.414726,-0.998626,0.000414782,0.755302,0.380628,-0.996972,-0.00198986,0.769553,0.383952,-1.00464,0.00034166,0.768093,0.376787,-0.976965,-0.00319441,0.76321,0.390865,-0.996396,-0.00210818,0.780839,0.374377,-1.00907,-0.00195768,0.794764,0.391449,-1.00092,-0.0012387,0.766203,0.375017,-0.999028,0.000435965,0.747186,0.389965,-0.990968,-0.00172827,0.783021,0.424603,-0.987597,-0.00114387,0.785195,0.398991,-1.00936,0.000254527,0.776169,0.423405,-0.993464,-0.000901399,0.752141,0.425802,-0.983867,-0.000609932,0.773659,0.419076,-0.999505,0.000202577,0.776059,0.392103,-1.00699,-0.000386897,0.74872,0.387,-0.985846,-0.000179277,0.744516,0.390107,-0.984696,0.00104812,0.737379,0.377918,-0.984072,-0.000529773,0.665521,0.347,-0.993616,0.0012364,0.725437,0.327992,-0.995778,1.64764e-05,0.709115,0.352966,-0.990201,-9.8409e-05,0.70669,0.398351,-0.988196,5.8623e-05,0.76597,0.386591,-0.99508,-0.0010337,0.756045,0.374877,-0.991202,-0.000580957,0.741057,0.472971,-0.988921,-0.000376519,0.735533,0.488105,-0.992292,-0.000224456,0.742176,0.460361,-0.993987,0.000984942,0.745738,0.458791,-1.00107,-0.000145652,0.744303,0.462938,-0.995873,-0.000815665,0.737753,0.435215,-0.996995,-0.000186584,0.737532,0.425637,-0.989364,-3.09727e-05,0.734065,0.398225,-0.990394,-0.000237833,0.737042,0.38304,-0.984445,-0.000879255,0.755457,0.376905,-0.988617,-0.00021423,0.764285,0.348439,-0.990478,0.000126361,0.773735,0.402662,-0.993088,-0.000267337,0.733839,0.373063,-0.980217,0.000474269,0.766204,0.347694,-0.993602,-3.95155e-05,0.751525,0.3291,-0.996813,0.000864924,0.776311,0.288366,-0.998915,-0.000120617,0.762023,0.267196,-0.997124,3.00847e-05,0.788286,0.215519,-0.992698,-0.000286332,0.759419,0.265814,-0.992936,0.000521683,0.790837,0.259639,-0.990321,0.000273693,0.790039,0.288606,-0.995711,0.0011227,0.769453,0.260143,-0.991559,0.000699492,0.743963,0.251437,-0.990784,0.000378995,0.728734,0.259331,-0.993421,0.000303099,0.750207,0.196336,-0.991577,0.000318854,0.721437,0.179954,-0.994184,0.000167031,0.720644,0.178211,-0.99062,0.000286275,0.694219,0.114475,-0.994184,0.000198743,0.706785,0.158747,-0.992013,0.000195995,0.723027,0.138383,-0.992701,0.000204952,0.705462,0.115097,-0.991273,0.00040989,0.7,0,-1,-0.0320109,0.286322,-0.103909,-0.45513,0.548236,1.26531,0.999342,0.027877,0.023183,-0.000855468,0.232574,0.132033,-0.0401121,0,0,-0.394902,0.45,1,5,0.785398,0,0,0,0.0107949,0.179741,0.0435894,-1.46863,2.65752,0.323013,0.0219651,0.179973,0.03166,0.537094,0.313831,0.504604,0.219711,nan,nan,nan,nan,nan,nan,nan,nan,0.0946991,-0.231026,1.20205,710.356,446.212,667.698,329.28,-2.31926,2.99789,-2,0.13173,-0.152081,1.4289,-0.354046,-0.130741,-0.38963
2.76,0.999927,-0.00767536,-0.00706593,0.00615046,0.142722,0.0877797,0.0302128,0.629418,0.122128,-0.875548,0.25629,-0.0817426,-0.119237,0.510138,0.56379,-0.991538,-0.000388745,0.471429,0.514501,-0.9864,-0.00244658,0.464248,0.530691,-0.980646,-0.000649869,0.490388,0.548309,-0.984032,-0.00114041,0.481057,0.563857,-0.989908,-0.00113392,0.489499,0.510126,-0.994879,-0.00107343,0.505166,0.486336,-0.98297,-0.00173561,0.506347,0.436751,-0.983437,-7.34405e-05,0.532028,0.438455,-0.974688,-0.000478397,0.568828,0.480235,-0.986747,-0.00187369,0.579958,0.466043,-0.989122,-0.00219216,0.629925,0.450637,-0.984811,-0.00095248,0.699371,0.424524,-0.992279,-0.00243623,0.719973,0.436036,-0.985709,-0.00044676,0.70376,0.393417,-0.99799,0.000475527,0.718981,0.421648,-0.996271,-0.0019622,0.774402,0.417657,-1.00608,0.000422573,0.788248,0.411059,-0.976168,-0.00325795,0.751037,0.387924,-0.996234,-0.0020012,0.750254,0.359947,-1.00971,-0.00213454,0.785474,0.374482,-1.00152,-0.00141397,0.742543,0.380019,-0.998914,0.000414012,0.750562,0.396308,-0.991829,-0.00177441,0.772787,0.436383,-0.987635,-0.00122437,0.793911,0.409176,-1.01018,0.000144407,0.805261,0.468211,-0.99444,-0.000781824,0.764355,0.431352,-0.982902,-0.000651266,0.777923,0.41918,-1.00004,0.000164769,0.781262,0.393265,-1.00787,-0.000377972,0.742001,0.366223,-0.986351,-0.000158288,0.750071,0.395778,-0.982845,0.00115258,0.720609,0.369476,-0.982899,-0.000452991,0.679604,0.365919,-0.991846,0.00123785,0.722742,0.321098,-0.995858,-3.73911e-05,0.736226,0.366203,-0.991463,-0.000121474,0.719863,0.401752,-0.988797,0.000106299,0.739241,0.375317,-0.994249,-0.00100604,0.768742,0.388077,-0.989664,-0.000647022,0.742284,0.464321,-0.989144,-0.00020123,0.735808,0.477863,-0.990385,-7.11735e-05,0.740471,0.469488,-0.993773,0.00103561,0.734267,0.460916,-1.00113,-0.000232272,0.748178,0.452484,-0.99652,-0.000741533,0.737885,0.440852,-0.995668,-0.000170687,0.713302,0.440414,-0.988015,8.99546e-05,0.705611,0.430694,-0.992315,-0.000119051,0.755049,0.43378,-0.984895,-0.00078327,0.765877,0.385194,-0.990831,-0.000340681,0.739788,0.37675,-0.990457,0.000272428,0.787796,0.404211,-0.99202,-0.000321309,0.774837,0.374776,-0.979232,0.000391108,0.75097,0.356295,-0.992694,0.000112958,0.75323,0.324669,-0.997338,0.000977605,0.76059,0.287435,-0.999069,-0.000137306,0.762513,0.260614,-0.996717,7.45754e-05,0.768156,0.243665,-0.993899,-3.45246e-05,0.770607,0.302361,-0.995265,0.000552274,0.78336,0.257043,-0.991843,0.000291914,0.804935,0.286859,-0.995309,0.00130212,0.750278,0.28873,-0.990172,0.000801445,0.762349,0.265487,-0.990898,0.000272205,0.718683,0.239442,-0.994244,0.000486283,0.736508,0.241021,-0.989144,0.000362776,0.728057,0.22361,-0.993181,0.000147824,0.708034,0.174694,-0.992267,0.000272421,0.685505,0.128032,-0.994764,0.000145526,0.689473,0.137481,-0.990314,0.000259108,0.725125,0.136745,-0.99245,0.000347728,0.701843,0.0898776,-0.992042,0.000351796,0.68799,0.123574,-0.989225,0.000244974,0.7,0,-1,-0.0741787,0.362908,-0.125071,-0.436403,0.757685,1.22506,0.999324,0.0310821,0.0196082,-0.000678275,0.269884,0.108941,-0.0383285,0,0,-0.395806,0.45,1,5,0.785398,0,0,0,0.0110538,0.179772,0.0434433,0.916092,1.24319,0.132485,0.0197031,0.180727,0.0309749,0.539443,0.311914,0.505122,0.222365,nan,nan,nan,nan,nan,nan,nan,nan,0.217833,-0.088695,1.2484,709.318,443.968,668.298,326.916,-2.32156,3,-2,0.11881,-0.127475,1.45642,0.0957429,0.682229,0.0244487
2.78,0.99994,-0.00655613,-0.00599405,0.00644121,0.109484,0.117147,0.0357774,0.634326,0.121265,-0.87537,0.255751,-0.0808476,-0.107422,0.490204,0.570638,-0.986432,-0.00238012,0.426472,0.532537,-0.979584,-0.000712352,0.458665,0.557577,-0.983758,-0.00122268,0.466719,0.565054,-0.990021,-0.0015283,0.467747,0.555131,-0.995538,-0.000982224,0.49861,0.511141,-0.982074,-0.00186776,0.50467,0.456156,-0.984274,-9.2813e-05,0.514464,0.431584,-0.974836,-0.00042343,0.581521,0.471381,-0.985928,-0.00188314,0.604645,0.474551,-0.989341,-0.00227858,0.63305,0.442847,-0.986113,-0.00108902,0.67953,0.4442,-0.991973,-0.00232593,0.673598,0.43911,-0.986695,-0.000517555,0.679493,0.427078,-0.997081,0.000517669,0.756625,0.432351,-0.995619,-0.0021626,0.764138,0.415038,-1.00468,0.000580101,0.784019,0.402809,-0.976671,-0.0033091,0.755026,0.380709,-0.996862,-0.00208743,0.739791,0.351667,-1.00906,-0.00202271,0.732088,0.399712,-1.00019,-0.00160721,0.731665,0.391878,-1.00033,0.000353865,0.763206,0.386955,-0.990149,-0.00179613,0.786132,0.43402,-0.98733,-0.000970915,0.778535,0.414142,-1.01167,0.000295094,0.808155,0.45951,-0.994446,-0.000789988,0.790966,0.429711,-0.983942,-0.000451702,0.77962,0.426328,-1.00057,0.000150772,0.757477,0.407829,-1.0069,-0.000539582,0.757088,0.363368,-0.985449,-6.29453e-05,0.750703,0.387522,-0.983264,0.00121225,0.744406,0.350553,-0.983233,-0.000736579,0.679197,0.332301,-0.991239,0.0011638,0.70339,0.347473,-0.995853,5.70921e-05,0.742502,0.358434,-0.991239,-4.56605e-05,0.695125,0.398991,-0.987884,2.3648e-05,0.74013,0.385134,-0.994283,-0.001011,0.770248,0.374627,-0.990778,-0.000684805,0.770399,0.464277,-0.992697,-0.000267514,0.747357,0.481044,-0.990665,-6.4806e-05,0.740159,0.461411,-0.994836,0.00108783,0.750939,0.475894,-0.998929,-0.000348436,0.735514,0.472718,-0.995994,-0.000651594,0.742398,0.478784,-0.995937,-0.00020306,0.711549,0.444194,-0.989388,0.000154109,0.705494,0.461235,-0.992477,-3.2703e-05,0.74711,0.446879,-0.984409,-0.000709431,0.73083,0.399071,-0.991448,-0.000502437,0.750757,0.389953,-0.989018,0.000389966,0.774697,0.375833,-0.990854,-0.000202588,0.736399,0.383164,-0.976928,0.000209667,0.741639,0.38836,-0.996582,9.16467e-05,0.758372,0.3567,-0.996649,0.00105432,0.740682,0.299224,-0.998013,-0.000274455,0.751475,0.266057,-0.996171,-0.000108099,0.774051,0.288026,-0.99367,-0.000145371,0.779701,0.304455,-0.995286,0.000603231,0.796006,0.25311,-0.990555,0.000194636,0.795478,0.302517,-0.9973,0.00136884,0.760051,0.309188,-0.989217,0.000933809,0.742546,0.305165,-0.994435,0.000237605,0.727494,0.269455,-0.993353,0.000655352,0.747168,0.258908,-0.99074,0.000300376,0.726883,0.22639,-0.994662,-2.51284e-05,0.735948,0.17167,-0.991149,0.000168564,0.702759,0.158111,-0.994428,0.000258465,0.706146,0.150694,-0.990249,0.000344881,0.724263,0.140123,-0.992148,0.00028539,0.699538,0.122154,-0.994351,0.000277714,0.693581,0.165835,-0.988844,0.000244128,0.69036,0.174633,-0.989978,0.000409655,0.7,0,-1,-0.0622107,0.321141,-0.110378,-0.384947,0.61112,1.29016,0.998924,0.0333595,0.0321774,-0.00188076,0.277744,0.162895,-0.0460032,0,0,-0.393625,0.45,1,5,0.785398,0,0,0,0.0112823,0.179706,0.0433618,-0.985804,2.94318,0.0558258,0.0397565,0.16507,0.0305918,0.514903,0.337878,0.509713,0.220729,nan,nan,nan,nan,nan,nan,nan,nan,0.244779,-0.163044,1.30198,701.832,469.831,673.39,324.591,-2.33449,3,-2,0.102303,-0.110459,1.33346,-0.0269637,0.044753,0.590748
2.8,0.999952,-0.00532342,-0.00459821,0.00674432,0.138056,0.139714,0.0366274,0.639201,0.120376,-0.875293,0.248239,-0.0868082,-0.112865,0.422236,0.588009,-0.978542,-0.000815699,0.457997,0.580606,-0.983376,-0.00130325,0.483694,0.584816,-0.989301,-0.0015489,0.494675,0.577586,-0.995579,-0.00134034,0.504698,0.533284,-0.983275,-0.00177826,0.492918,0.477367,-0.984695,-0.000207712,0.499318,0.474021,-0.97448,-0.000370915,0.53161,0.486705,-0.98772,-0.00167478,0.558762,0.471793,-0.986596,-0.00221917,0.649274,0.449222,-0.986174,-0.00103211,0.647442,0.428885,-0.991337,-0.00210909,0.661213,0.451789,-0.985524,-0.000795285,0.692431,0.422541,-0.997413,0.000335906,0.74027,0.439746,-0.996256,-0.00241322,0.743685,0.4027,-1.00547,0.000539226,0.765251,0.40912,-0.976392,-0.00344998,0.744491,0.373473,-0.997664,-0.00199263,0.769415,0.367974,-1.00931,-0.00205002,0.721389,0.382374,-1.00002,-0.00169309,0.756946,0.379816,-0.99873,0.000386074,0.784383,0.400259,-0.98973,-0.0018239,0.793821,0.4085,-0.987914,-0.000971878,0.766454,0.42161,-1.01099,0.000433807,0.78661,0.4553,-0.995203,-0.000770678,0.769289,0.43561,-0.984175,-0.000361207,0.766165,0.43004,-1.00238,0.000283232,0.785775,0.405081,-1.00586,-0.000602961,0.750513,0.400112,-0.985659,7.98575e-05,0.748349,0.395991,-0.983468,0.0012009,0.700591,0.367134,-0.983713,-0.000787251,0.699087,0.341205,-0.99154,0.00119967,0.715607,0.319214,-0.994693,0.000169883,0.733925,0.360596,-0.990428,-9.84881e-05,0.690236,0.384762,-0.988014,-9.64119e-05,0.74604,0.363851,-0.994599,-0.00117253,0.752135,0.389442,-0.990397,-0.000529398,0.753349,0.451279,-0.991983,-0.000164677,0.73018,0.450215,-0.990645,6.84999e-05,0.73707,0.457206,-0.995464,0.00126097,0.755365,0.470187,-1.00116,-0.000510119,0.723048,0.478819,-0.995397,-0.000537727,0.724544,0.476923,-0.99587,-4.60595e-05,0.719494,0.441613,-0.989376,9.64814e-05,0.717779,0.458382,-0.994327,-0.00011278,0.738492,0.426452,-0.987539,-0.000679036,0.763184,0.401719,-0.990361,-0.000637407,0.764259,0.401431,-0.987787,0.000376221,0.748051,0.403543,-0.991328,-0.000249063,0.717966,0.398957,-0.976823,0.000245025,0.724112,0.350237,-0.998821,7.31116e-05,0.731449,0.356368,-0.99746,0.00115589,0.746015,0.333767,-0.997673,4.05401e-05,0.743154,0.333304,-0.996545,-0.000175925,0.788046,0.323334,-0.996742,-0.000212632,0.804618,0.334685,-0.996418,0.000582645,0.790975,0.274936,-0.991565,0.000242852,0.793617,0.2846,-0.997051,0.00125065,0.76972,0.28903,-0.98966,0.00105874,0.743837,0.287109,-0.996087,0.000190331,0.728081,0.289326,-0.993976,0.000691264,0.757388,0.263918,-0.9905,0.000586024,0.718,0.258963,-0.993626,-9.77818e-05,0.739126,0.222879,-0.993265,0.000210716,0.718908,0.190265,-0.99475,5.89117e-05,0.691479,0.152945,-0.9897,0.000373796,0.710658,0.154041,-0.991844,0.000261546,0.671054,0.121231,-0.994618,0.000244371,0.691749,0.166565,-0.989681,0.000249271,0.725528,0.167999,-0.989092,0.000587364,0.702831,0.195527,-0.99075,0.000630629,0.7,0,-1,-0.138826,0.397434,-0.111411,-0.631909,0.657596,1.24348,0.998911,0.0357193,0.0299453,-0.0018772,0.233126,0.15852,-0.0462885,0,0,-0.392862,0.45,1,5,0.785398,0,0,0,0.0115485,0.179589,0.0432933,4.90655,-2.65449,-0.222409,0.0255858,0.185768,0.0299748,0.536762,0.310423,0.512759,0.214555,nan,nan,nan,nan,nan,nan,nan,nan,0.109428,-0.31558,1.23767,703.248,461.244,676.791,320.77,-2.37988,2.97914,-2,0.0783007,-0.0894236,1.35879,-0.375598,-0.298033,-0.272132
2.82,0.999965,-0.00320719,-0.00270578,0.00725566,0.158682,0.163308,0.0420958,0.646828,0.119151,-0.87478,0.243687,-0.0776792,-0.118478,0.43943,0.619339,-0.983834,-0.0013629,0.456503,0.604888,-0.988913,-0.00157454,0.491982,0.59655,-0.995849,-0.0012052,0.504494,0.539142,-0.984534,-0.00168404,0.49186,0.501926,-0.984219,-0.000222308,0.510088,0.496935,-0.972215,-0.000198407,0.509798,0.47506,-0.987161,-0.00172357,0.547645,0.490901,-0.988732,-0.00237067,0.615335,0.467386,-0.985124,-0.000927912,0.651482,0.433654,-0.990884,-0.00211658,0.645075,0.42939,-0.985646,-0.00060664,0.683976,0.420182,-0.997476,0.000370561,0.744912,0.405774,-0.997019,-0.00239183,0.748044,0.366768,-1.00552,0.000517496,0.742383,0.389919,-0.977462,-0.00346007,0.737704,0.397245,-0.997506,-0.00201304,0.764481,0.380472,-1.00914,-0.00186788,0.733417,0.390395,-1.00114,-0.00144639,0.746478,0.389636,-0.997238,0.000230262,0.769503,0.385098,-0.9878,-0.00182285,0.792588,0.415825,-0.989193,-0.000891761,0.787781,0.434166,-1.01081,0.000445157,0.752624,0.429112,-0.994923,-0.000737168,0.778945,0.40957,-0.983722,-0.000495011,0.771644,0.445389,-1.00325,0.000129301,0.739255,0.437359,-1.00773,-0.000515064,0.740776,0.42284,-0.984965,0.000177176,0.744145,0.38358,-0.982852,0.00126912,0.719139,0.364452,-0.983741,-0.000857078,0.703895,0.343523,-0.991138,0.00114668,0.712681,0.310228,-0.995181,-4.00098e-05,0.697425,0.343446,-0.990196,-0.000227815,0.705708,0.377565,-0.98779,4.23773e-05,0.752132,0.408927,-0.993895,-0.00114545,0.745525,0.384156,-0.990507,-0.000411469,0.749143,0.410752,-0.990496,-0.000181376,0.777359,0.462284,-0.991367,3.5984e-05,0.755989,0.453482,-0.996075,0.00136543,0.744346,0.493033,-1.00266,-0.000672018,0.731368,0.493328,-0.997132,-0.000390777,0.747439,0.498911,-0.993204,-7.3643e-05,0.734999,0.450186,-0.989344,0.000178823,0.72946,0.450472,-0.996569,-0.000472462,0.760804,0.465619,-0.98809,-0.000729709,0.761744,0.413963,-0.990748,-0.000684853,0.757455,0.421874,-0.989161,0.000253126,0.714927,0.426357,-0.990315,-0.000170575,0.742856,0.416117,-0.977582,0.000388771,0.737959,0.356418,-0.997991,2.72816e-05,0.71593,0.351612,-0.997759,0.00114318,0.746713,0.333323,-0.998155,2.57935e-06,0.777359,0.370086,-0.994926,-0.00025682,0.815093,0.342995,-0.997394,-9.20015e-05,0.819852,0.308377,-0.995376,0.00063702,0.794289,0.284764,-0.992319,0.000226698,0.797553,0.279784,-0.998186,0.00124947,0.778917,0.285091,-0.988805,0.00106994,0.728827,0.300119,-0.996625,0.000127572,0.704213,0.326988,-0.991504,0.000745846,0.711181,0.267759,-0.990191,0.000674435,0.71478,0.270457,-0.994052,-8.1606e-05,0.690218,0.242047,-0.993479,0.000323637,0.72689,0.211847,-0.995535,0.000208444,0.711659,0.180202,-0.98903,0.000243274,0.70369,0.16383,-0.99167,0.000303604,0.694054,0.134603,-0.993637,0.000237417,0.702846,0.165987,-0.989244,7.9233e-05,0.712119,0.148081,-0.990374,0.000636444,0.679256,0.17765,-0.990475,0.000571931,0.685888,0.207601,-0.992943,0.000745891,0.7,0,-1,-0.143189,0.397793,-0.112234,-0.587928,0.703976,1.27215,0.998744,0.0409333,0.0288625,-0.00137722,0.229158,0.178683,-0.0474008,0,0,-0.393028,0.45,1,5,0.785398,0,0,0,0.012119,0.179557,0.0430529,4.42783,1.66105,-0.380884,0.0015256,0.18001,0.0291879,0.54832,0.296098,0.491866,0.235828,nan,nan,nan,nan,nan,nan,nan,nan,0.148123,-0.214623,1.24718,715.74,450.228,670.981,337.72,-2.40729,3,-2,0.0465127,-0.0543273,1.28487,-0.227568,0.456452,-0.280652
2.84,0.999971,-0.000448485,-0.000496339,0.00763651,0.234369,0.177823,0.0220138,0.654042,0.118207,-0.873897,0.246237,-0.0721531,-0.109587,0.438743,0.643039,-0.98708,-0.00151892,0.448746,0.580087,-0.99542,-0.00123221,0.466536,0.566317,-0.984651,-0.00142925,0.467296,0.532076,-0.984265,-0.000231587,0.528409,0.51071,-0.971552,-0.000278093,0.512083,0.500585,-0.98585,-0.00160202,0.556479,0.495388,-0.987585,-0.00225293,0.560807,0.480284,-0.983394,-0.000706394,0.622774,0.425039,-0.992191,-0.00209241,0.615152,0.444733,-0.985917,-0.000574764,0.661675,0.413327,-0.99902,0.000311741,0.720499,0.381525,-0.995968,-0.00245957,0.731034,0.393596,-1.00644,0.000552879,0.749455,0.382074,-0.977617,-0.00336257,0.753727,0.414732,-0.997225,-0.00195979,0.707571,0.381241,-1.00808,-0.00187949,0.738956,0.363054,-1.00032,-0.0015054,0.765642,0.377264,-0.99833,9.59588e-05,0.766269,0.388063,-0.989726,-0.00169527,0.760005,0.441144,-0.987742,-0.00093183,0.764406,0.412865,-1.012,0.000510646,0.753236,0.406381,-0.993357,-0.000763266,0.778396,0.44113,-0.984325,-0.000577025,0.774715,0.468897,-1.00206,5.19646e-05,0.735827,0.464138,-1.00647,-0.000371928,0.72945,0.419567,-0.984593,0.000222002,0.706933,0.39613,-0.985187,0.00132068,0.733894,0.338341,-0.981676,-0.000947572,0.753664,0.325481,-0.991513,0.00105609,0.74299,0.343812,-0.994362,-4.34764e-05,0.694682,0.366257,-0.987975,-0.000222706,0.716118,0.396152,-0.986616,5.17335e-05,0.759077,0.434432,-0.993537,-0.00116794,0.757745,0.423988,-0.990293,-0.000388525,0.757041,0.437947,-0.991077,-0.000215633,0.759421,0.443385,-0.991016,0.000102408,0.757001,0.461491,-0.994905,0.00126062,0.760771,0.474495,-1.00468,-0.000728634,0.722374,0.500886,-0.996907,-0.000499689,0.747375,0.486013,-0.99095,5.4289e-05,0.71361,0.448672,-0.989221,-2.63417e-05,0.731318,0.453316,-0.996658,-0.000428764,0.754301,0.463875,-0.989166,-0.000772189,0.736703,0.454298,-0.990304,-0.000766806,0.755967,0.455745,-0.988727,0.000360973,0.717512,0.443461,-0.991406,-0.000277057,0.727728,0.400756,-0.977783,0.000204563,0.740106,0.382071,-0.998173,0.000142991,0.727067,0.374005,-0.999225,0.00105051,0.728184,0.350808,-0.997078,0.000182856,0.742954,0.376956,-0.995781,-0.000234191,0.816718,0.340956,-0.99693,-1.71999e-06,0.843796,0.314194,-0.995102,0.000528478,0.814109,0.308363,-0.989832,0.000292994,0.791036,0.283297,-0.998026,0.00126769,0.775755,0.300466,-0.987646,0.000914416,0.751704,0.309991,-0.997623,0.000114668,0.732656,0.332159,-0.992748,0.000769215,0.741647,0.282211,-0.991824,0.000572072,0.72174,0.290519,-0.994679,7.13275e-05,0.69629,0.246446,-0.994663,0.000129341,0.731409,0.237362,-0.9957,0.000129132,0.723116,0.179692,-0.988725,0.000534922,0.729704,0.150823,-0.992349,0.000231552,0.715048,0.164439,-0.993323,0.000289153,0.707665,0.143696,-0.990247,5.45468e-05,0.674744,0.165337,-0.991059,0.000635937,0.719872,0.169283,-0.991086,0.000513,0.676742,0.188159,-0.991994,0.000734115,0.684945,0.16956,-0.991925,0.000908059,0.7,0,-1,-0.160799,0.425758,-0.120083,-0.567116,0.806656,1.24243,0.998849,0.0369225,0.0305387,-0.00231806,0.288476,0.165188,-0.0565082,0,0,-0.395347,0.45,1,5,0.785398,0,0,0,0.0120197,0.179724,0.0429015,1.92598,-0.320107,-0.814269,0.00323803,0.183931,0.0291181,0.553655,0.29831,0.499759,0.235761,nan,nan,nan,nan,nan,nan,nan,nan,0.233642,-0.147979,1.28442,721.548,442.658,668.823,337.746,-2.39539,3,-2,0.00850924,-0.00757161,1.29314,0.1275,0.276303,0.444507
2.86,0.999964,0.00319368,0.00149755,0.00778777,0.283311,0.138742,0.000395996,0.661101,0.117305,-0.873444,0.225536,-0.0791981,-0.124062,0.455584,0.639912,-0.994022,-0.00123682,0.433327,0.591992,-0.985037,-0.00128354,0.464727,0.567488,-0.984767,-0.000271037,0.509828,0.551103,-0.97262,-0.000286231,0.501497,0.490903,-0.98527,-0.00159809,0.549819,0.502044,-0.986329,-0.00229074,0.564893,0.479701,-0.981735,-0.000906209,0.608517,0.448522,-0.99402,-0.00187439,0.627098,0.443773,-0.987721,-0.000314325,0.651682,0.431406,-0.999671,0.000328311,0.727363,0.424604,-0.995528,-0.00266192,0.75428,0.408011,-1.00855,0.000436114,0.759346,0.393485,-0.978885,-0.00333841,0.766647,0.391647,-0.996178,-0.0021444,0.674178,0.401618,-1.00846,-0.00177757,0.710194,0.385645,-0.999868,-0.0013036,0.732862,0.385116,-0.999315,0.000434473,0.765756,0.382485,-0.989015,-0.00160259,0.777411,0.42142,-0.988729,-0.000827261,0.751344,0.415791,-1.01129,0.000572641,0.759699,0.416899,-0.991848,-0.000905252,0.769754,0.445884,-0.986894,-0.000606172,0.768989,0.471383,-1.00157,0.000152159,0.719893,0.452563,-1.00651,-0.000490587,0.727908,0.4258,-0.985251,0.000222497,0.730757,0.408391,-0.985768,0.00116589,0.741379,0.376355,-0.980137,-0.000850453,0.759136,0.350784,-0.99237,0.0011344,0.75843,0.328274,-0.995105,-9.64433e-05,0.698699,0.363919,-0.988482,-0.000295147,0.697297,0.395483,-0.988246,-7.41614e-05,0.739302,0.426007,-0.99175,-0.00108106,0.726943,0.435701,-0.990665,-0.000345797,0.744035,0.44275,-0.992072,-0.000104896,0.751745,0.453281,-0.991886,0.000106067,0.761811,0.458912,-0.995435,0.00131534,0.728867,0.473669,-1.00497,-0.000885172,0.710768,0.495093,-0.995943,-0.000545928,0.721203,0.482892,-0.991038,-2.82067e-06,0.750289,0.473998,-0.989776,-8.62189e-05,0.748941,0.485723,-0.993659,-0.000540351,0.732551,0.498195,-0.989564,-0.00090495,0.728207,0.490969,-0.989566,-0.000562694,0.721995,0.472499,-0.988298,0.000240753,0.702318,0.44243,-0.991913,-0.00011014,0.70926,0.446555,-0.980453,2.23622e-05,0.741603,0.408628,-0.994801,0.000293416,0.745454,0.386461,-1.00194,0.00127413,0.750894,0.366427,-0.996152,3.29686e-05,0.77513,0.377456,-0.994509,-8.96563e-05,0.828979,0.350378,-0.996247,0.000174316,0.812536,0.34437,-0.996354,0.000375399,0.796789,0.317988,-0.989002,0.000292188,0.798437,0.293029,-0.997709,0.00114714,0.781496,0.295241,-0.986272,0.00110063,0.754833,0.295036,-0.996834,0.000215967,0.733176,0.308063,-0.992997,0.000743835,0.74254,0.298371,-0.992674,0.000561158,0.739017,0.292696,-0.996038,-1.47965e-05,0.710376,0.251649,-0.993513,0.00014167,0.721622,0.230135,-0.995507,9.96937e-05,0.724862,0.197686,-0.988876,0.000531179,0.698776,0.170371,-0.990424,0.000131957,0.706034,0.154486,-0.992431,0.000573808,0.669614,0.173544,-0.989964,-8.88545e-05,0.702343,0.166384,-0.993255,0.000576742,0.721111,0.167154,-0.989292,0.000626859,0.695065,0.183632,-0.992688,0.000771433,0.707708,0.173098,-0.990547,0.000791534,0.697834,0.14784,-0.991842,0.000984755,0.7,0,-1,-0.183755,0.432353,-0.115477,-0.59935,0.728071,1.21697,0.998849,0.0369225,0.0305387,-0.00231806,0.211068,0.133275,-0.0471171,0,0,-0.391857,0.45,1,5,0.785398,0,0,0,0.0120125,0.179853,0.0428383,-0.481696,-0.156735,-0.923535,0.0159926,0.159716,0.029368,0.522634,0.31957,0.486287,0.238473,nan,nan,nan,nan,nan,nan,nan,nan,0.131176,-0.296922,1.18263,713.148,446.89,663.426,341.343,-2.49633,2.95941,-2,-0.0256571,0.0536258,1.38017,-1.03506,-0.352248,-0.723716
2.88,0.999958,0.00440778,0.00208174,0.00775339,0.270374,0.128538,-0.00689517,0.663334,0.117028,-0.873404,0.222874,-0.0678165,-0.122255,0.439563,0.650465,-0.986132,-0.00126923,0.467483,0.613864,-0.984737,-0.000485448,0.517053,0.578762,-0.971848,-0.000374687,0.478171,0.519933,-0.985402,-0.00142202,0.516243,0.528532,-0.986174,-0.00243788,0.546948,0.489577,-0.981711,-0.000783926,0.585225,0.453008,-0.994574,-0.00164843,0.639815,0.45027,-0.988013,-0.000140451,0.654565,0.417941,-0.998703,0.000511603,0.699549,0.436844,-0.99637,-0.00261909,0.733358,0.424205,-1.00916,0.000200091,0.74947,0.405427,-0.978888,-0.00345023,0.760934,0.421704,-0.996229,-0.00218679,0.705681,0.414115,-1.00806,-0.00170462,0.71823,0.390969,-0.998872,-0.00139232,0.715705,0.377835,-0.997914,0.000529136,0.764451,0.390445,-0.98788,-0.00148586,0.777877,0.419696,-0.987793,-0.000776698,0.771183,0.399997,-1.01271,0.000604028,0.778118,0.426613,-0.99211,-0.00110649,0.776574,0.424034,-0.986743,-0.000621681,0.740696,0.436028,-0.998309,0.000203202,0.725441,0.439712,-1.00716,-0.000479137,0.708315,0.405455,-0.985682,0.000227083,0.711953,0.396725,-0.988005,0.000964401,0.722843,0.398089,-0.98141,-0.000850059,0.749294,0.365205,-0.989472,0.00122619,0.749119,0.340646,-0.994593,-0.000321833,0.699963,0.376832,-0.986999,-0.00015469,0.733519,0.407232,-0.990346,-7.24553e-05,0.724744,0.444269,-0.991574,-0.000978893,0.721189,0.441011,-0.989612,-0.00057896,0.737957,0.467457,-0.990952,0.000142944,0.778254,0.462927,-0.991515,0.000236221,0.763425,0.470995,-0.99633,0.00117244,0.725456,0.496417,-1.00689,-0.000977084,0.699975,0.510581,-0.995948,-0.000538054,0.744928,0.472835,-0.992535,-0.000163186,0.726483,0.494543,-0.98968,0.000104007,0.71755,0.461101,-0.992964,-0.000490124,0.740791,0.494722,-0.989625,-0.000929365,0.701166,0.481023,-0.988826,-0.000626068,0.706353,0.454176,-0.988034,0.00024273,0.69864,0.440367,-0.990409,-0.000239448,0.709904,0.464851,-0.979504,6.32009e-05,0.719899,0.431904,-0.995977,0.000262297,0.761517,0.409503,-0.997849,0.00112528,0.753244,0.386737,-0.995269,-0.000101423,0.766584,0.398409,-0.993756,-2.69087e-05,0.803223,0.392051,-0.995852,0.000137792,0.80832,0.363381,-0.994451,0.00039393,0.787416,0.309663,-0.988471,0.000277372,0.801701,0.317806,-0.99634,0.00104285,0.771316,0.301129,-0.987503,0.0010871,0.736746,0.324779,-0.997398,0.000328579,0.709054,0.30454,-0.992575,0.000742111,0.734201,0.309358,-0.99362,0.000622857,0.744491,0.322001,-0.99618,8.26053e-05,0.71994,0.262116,-0.991918,0.000214972,0.710526,0.245153,-0.996626,0.000152618,0.710468,0.201525,-0.989847,0.000606577,0.700393,0.190358,-0.992345,5.15657e-05,0.723956,0.186891,-0.993058,0.000472915,0.646971,0.192467,-0.990705,-0.000198421,0.672196,0.173481,-0.992085,0.000450606,0.684197,0.162173,-0.989659,0.00060724,0.709589,0.193491,-0.993677,0.000790729,0.693029,0.213907,-0.9897,0.000695364,0.688957,0.192377,-0.989989,0.000937383,0.714232,0.184605,-0.992416,0.000988334,0.7,0,-1,-0.252195,0.448836,-0.108053,-0.734848,0.690086,1.26598,0.998687,0.0349819,0.0373796,-0.00171657,0.230838,0.151521,-0.0468791,0,0,-0.393831,0.45,1,5,0.785398,0,0,0,0.0119955,0.179762,0.0427324,-1.75304,2.38001,-0.328733,0.0109751,0.166799,0.0304117,0.534323,0.314148,0.488791,0.238062,nan,nan,nan,nan,nan,nan,nan,nan,0.150939,-0.300462,1.20917,710.028,445.184,660.074,341.213,-2.5061,3,-2,-0.0353632,0.0733973,1.45022,-0.133111,0.569081,0.0903193
2.9,0.999929,0.00788453,0.00456733,0.00764612,0.250538,0.198053,-0.0121867,0.670096,0.116385,-0.872717,0.229538,-0.0462881,-0.111572,0.410705,0.640299,-0.985755,-0.000274889,0.47628,0.629601,-0.97098,-0.000356687,0.49084,0.539896,-0.984593,-0.001402,0.548338,0.527883,-0.984517,-0.00253569,0.535985,0.492242,-0.983619,-0.000947611,0.580746,0.455608,-0.994761,-0.0019733,0.636914,0.440528,-0.989505,-0.000150845,0.629489,0.454926,-1.00034,0.000592639,0.681018,0.434917,-0.995776,-0.00257043,0.690559,0.426639,-1.0095,0.000181437,0.730142,0.394679,-0.978246,-0.00365798,0.746985,0.43307,-0.995732,-0.00229116,0.723469,0.429907,-1.00754,-0.00173851,0.731649,0.432361,-0.99864,-0.00151831,0.725823,0.384593,-0.998578,0.000640005,0.749158,0.384174,-0.987503,-0.00161958,0.771607,0.402691,-0.987046,-0.000980462,0.800625,0.427641,-1.01069,0.000682798,0.776197,0.433436,-0.992396,-0.00113154,0.765255,0.416576,-0.986766,-0.00042641,0.731508,0.441423,-0.998029,0.000123137,0.714176,0.405311,-1.00731,-0.000421617,0.706662,0.399839,-0.985883,0.000194262,0.684457,0.397771,-0.9876,0.00082843,0.707321,0.420951,-0.979514,-0.000811243,0.727969,0.363792,-0.98761,0.00132824,0.752141,0.372996,-0.993894,-0.00018524,0.712865,0.385609,-0.987522,-0.000195587,0.743139,0.409255,-0.990375,-4.50574e-05,0.732421,0.421631,-0.990487,-0.00102758,0.750827,0.433236,-0.99071,-0.000428682,0.759962,0.456136,-0.990358,0.00018319,0.783961,0.449208,-0.990715,0.000286032,0.754935,0.469597,-0.997012,0.0010473,0.710818,0.508439,-1.0065,-0.000945631,0.725247,0.521056,-0.99723,-0.000483185,0.737631,0.491832,-0.992317,-6.73473e-05,0.742478,0.49091,-0.990068,0.000145573,0.738412,0.495473,-0.993512,-0.000344049,0.759792,0.490965,-0.98933,-0.000882418,0.705631,0.495086,-0.988395,-0.000570341,0.724821,0.45288,-0.988371,0.000509118,0.723712,0.439369,-0.990638,-9.87662e-05,0.722297,0.475844,-0.979807,2.28097e-05,0.726855,0.456068,-0.996057,0.000137016,0.750776,0.426102,-0.997395,0.00126057,0.75267,0.400817,-0.998101,-0.000101553,0.772357,0.420473,-0.991596,-0.000113427,0.790645,0.438824,-0.996297,0.000348868,0.79457,0.389653,-0.993481,0.000330145,0.77096,0.360143,-0.989367,0.000339045,0.797702,0.343622,-0.996689,0.00109393,0.75918,0.315992,-0.988576,0.0010192,0.755148,0.336651,-0.998536,0.000227196,0.746648,0.334814,-0.992601,0.000781842,0.755441,0.353419,-0.993869,0.000666013,0.741727,0.348389,-0.997382,0.000161813,0.729598,0.279426,-0.991778,0.000259941,0.742705,0.230469,-0.997478,6.8537e-05,0.749225,0.190711,-0.990768,0.000532411,0.712866,0.180716,-0.991878,0.00015986,0.734479,0.194895,-0.993171,0.000569392,0.688991,0.216393,-0.989371,-5.74955e-05,0.700251,0.211326,-0.991586,0.000662118,0.680454,0.173933,-0.989029,0.000645111,0.732879,0.203722,-0.993485,0.000536071,0.697816,0.217182,-0.990649,0.000715718,0.688308,0.189826,-0.990686,0.000974061,0.707318,0.17479,-0.992461,0.00108714,0.708141,0.160599,-0.989748,0.00105589,0.7,0,-1,-0.242132,0.500722,-0.117385,-0.682968,0.837084,1.19981,0.998493,0.0424091,0.0347596,-0.00223511,0.20075,0.193071,-0.0532409,0,0,-0.394109,0.45,1,5,0.785398,0,0,0,0.0117954,0.179655,0.0425653,-2.15717,3.55628,-0.0815147,0.0169341,0.190043,0.0316877,0.548099,0.303479,0.508434,0.216423,nan,nan,nan,nan,nan,nan,nan,nan,0.24657,-0.147605,1.22306,715.547,440.516,671.919,333.889,-2.46496,3,-2,-0.0782369,0.13271,1.3542,0.33322,1.07642,0.534157
2.92,0.999904,0.00958044,0.00658147,0.0075682,0.185237,0.229034,-0.0102038,0.674688,0.116007,-0.871894,0.22103,-0.0451421,-0.119547,0.477163,0.647989,-0.97135,-0.000322149,0.499368,0.563796,-0.985661,-0.00152698,0.521464,0.543017,-0.982854,-0.00250261,0.531738,0.515502,-0.983593,-0.000906708,0.590058,0.485957,-0.995171,-0.00209372,0.60666,0.46022,-0.990224,-4.29031e-05,0.626764,0.429329,-0.999921,0.000439613,0.662471,0.423852,-0.995572,-0.00249397,0.710692,0.439763,-1.00961,0.000256796,0.718808,0.423333,-0.977277,-0.00373274,0.747165,0.428503,-0.995111,-0.00223856,0.712511,0.430902,-1.00564,-0.00171475,0.714125,0.427894,-0.995835,-0.00125219,0.725168,0.394517,-0.99774,0.000665815,0.738293,0.367131,-0.988146,-0.00170201,0.744297,0.413939,-0.986099,-0.00107273,0.761489,0.427121,-1.01129,0.000840218,0.775442,0.4239,-0.993155,-0.0013129,0.749097,0.42162,-0.988698,-0.000554453,0.737505,0.428349,-0.997988,3.94668e-06,0.686237,0.427151,-1.00702,-0.000431892,0.706994,0.437425,-0.985394,0.000219521,0.681007,0.403729,-0.987432,0.000696853,0.704491,0.417125,-0.979798,-0.000860556,0.741765,0.391834,-0.984901,0.00150625,0.774309,0.370259,-0.994133,-0.000200425,0.740376,0.38261,-0.9864,-0.000190607,0.737685,0.384317,-0.989845,-0.000180823,0.713642,0.426661,-0.990573,-0.000775747,0.762116,0.421151,-0.991167,-0.000465636,0.78105,0.425965,-0.988788,9.68462e-05,0.772172,0.45215,-0.993014,0.00044816,0.729328,0.467002,-0.997725,0.00107678,0.727328,0.472243,-1.00577,-0.00089674,0.716184,0.526532,-0.996555,-0.000445792,0.728199,0.523349,-0.990814,-0.000236016,0.761523,0.497975,-0.991868,8.30922e-05,0.740106,0.4931,-0.991622,-0.000341805,0.747507,0.520409,-0.990423,-0.000911049,0.725772,0.489179,-0.98916,-0.000473067,0.718799,0.489571,-0.986343,0.000503786,0.721264,0.480804,-0.992138,-0.00012331,0.744832,0.484694,-0.979556,2.44246e-05,0.713842,0.466142,-0.996427,0.00030713,0.752084,0.458016,-0.997532,0.00144599,0.755167,0.438197,-0.996669,2.99709e-06,0.775541,0.409302,-0.991134,7.68703e-05,0.791472,0.42909,-0.997245,0.000460911,0.789343,0.406438,-0.993431,0.000311052,0.764571,0.404863,-0.990497,0.000390282,0.794394,0.3891,-0.994624,0.0011631,0.785637,0.349169,-0.989889,0.00097998,0.724476,0.366865,-0.997804,4.89143e-05,0.748315,0.361964,-0.992499,0.000691172,0.73767,0.365701,-0.993665,0.000649806,0.754968,0.346719,-0.995244,8.97955e-05,0.740658,0.311036,-0.990877,0.000357055,0.760108,0.241676,-0.996173,6.17463e-05,0.748338,0.196514,-0.991031,0.000417492,0.703625,0.217979,-0.99044,0.00019958,0.729555,0.228257,-0.993717,0.000662186,0.67446,0.219001,-0.989104,-9.71657e-05,0.687088,0.209343,-0.991185,0.00059527,0.680988,0.188054,-0.989071,0.000699419,0.697645,0.201144,-0.994332,0.00077747,0.6799,0.222491,-0.989035,0.000409227,0.681824,0.195488,-0.990687,0.00105846,0.677741,0.207361,-0.990644,0.00124744,0.700696,0.183264,-0.990247,0.0010876,0.692017,0.171966,-0.988929,0.00103831,0.7,0,-1,-0.245809,0.500264,-0.118486,-0.697386,0.833069,1.21083,0.998476,0.0422006,0.03549,-0.00225868,0.236374,0.15768,-0.04944,0,0,-0.39497,0.45,1,5,0.785398,0,0,0,0.0118024,0.179645,0.0425253,-1.32451,1.65892,-0.0544526,0.016044,0.184851,0.0318954,0.54449,0.305954,0.503153,0.219738,nan,nan,nan,nan,nan,nan,nan,nan,0.194985,-0.186177,1.20659,714.584,437.796,670.473,329.499,-2.49633,2.98973,-2,-0.111729,0.160031,1.41249,-0.425404,0.0572994,-0.398741
2.94,0.99989,0.0104034,0.00741167,0.00752678,0.18269,0.183111,-0.00892169,0.677218,0.115749,-0.871754,0.211053,-0.0573325,-0.111686,0.503235,0.576042,-0.983581,-0.001595,0.524722,0.551646,-0.981678,-0.00262513,0.508629,0.523622,-0.982611,-0.000655186,0.58823,0.505532,-0.994595,-0.00207781,0.629797,0.498686,-0.991937,-9.24952e-05,0.63443,0.439411,-0.999546,0.000276956,0.625372,0.432907,-0.994774,-0.00234231,0.682518,0.441783,-1.00851,0.000290268,0.678403,0.429944,-0.97718,-0.00382473,0.736426,0.434496,-0.994183,-0.00227014,0.732674,0.436693,-1.00446,-0.0015934,0.70664,0.428658,-0.994459,-0.00119294,0.695563,0.397827,-0.998279,0.00072151,0.704545,0.405833,-0.98936,-0.001721,0.712739,0.411253,-0.986592,-0.00107979,0.741803,0.429109,-1.01067,0.000742747,0.773523,0.403629,-0.994141,-0.00137679,0.730092,0.382835,-0.988393,-0.000516384,0.703325,0.419239,-0.998623,-6.51297e-06,0.722841,0.439901,-1.00709,-0.000346361,0.694752,0.429012,-0.984721,0.000431753,0.680366,0.402215,-0.986572,0.000733804,0.716931,0.401891,-0.981689,-0.000888583,0.752908,0.371534,-0.983661,0.00161341,0.766001,0.387991,-0.99464,2.92113e-05,0.743672,0.363952,-0.988223,-0.00012795,0.718934,0.37972,-0.988794,-0.000238825,0.713639,0.377286,-0.990179,-0.000727117,0.754096,0.403034,-0.99082,-0.000521421,0.752121,0.435273,-0.988798,-6.27391e-05,0.754338,0.474204,-0.992801,0.000465987,0.772499,0.492681,-0.998233,0.00101188,0.733565,0.502257,-1.00597,-0.00115992,0.717858,0.521447,-0.998084,-0.000472945,0.754491,0.520306,-0.989716,-0.000138043,0.770506,0.529001,-0.990463,6.38237e-05,0.739193,0.484466,-0.993488,-0.000289449,0.727373,0.490369,-0.990071,-0.000855521,0.721823,0.515386,-0.988692,-0.00046019,0.723283,0.520358,-0.983906,0.00051082,0.72742,0.492299,-0.990647,-2.5855e-05,0.748755,0.480382,-0.977801,6.47548e-05,0.757404,0.464281,-0.997073,0.000392815,0.743946,0.453862,-0.998225,0.00156513,0.763161,0.455574,-0.994748,-0.000177608,0.777591,0.428018,-0.991141,0.000174943,0.803415,0.439655,-0.996649,0.000530327,0.809751,0.455261,-0.995876,0.00032611,0.768292,0.415146,-0.990463,0.000216325,0.801538,0.387638,-0.994792,0.00110206,0.786214,0.382909,-0.988868,0.000861238,0.703492,0.385506,-0.999433,-1.44233e-05,0.716657,0.387189,-0.992432,0.000685555,0.734517,0.361751,-0.99432,0.000881032,0.7571,0.366891,-0.993982,0.000175647,0.755962,0.330166,-0.991132,0.000489245,0.759435,0.272054,-0.994871,8.85876e-05,0.734455,0.196706,-0.989891,0.000326906,0.732986,0.233413,-0.987593,0.000206201,0.751667,0.215641,-0.993454,0.000712483,0.72701,0.21483,-0.988109,-0.000400655,0.699848,0.226115,-0.992185,0.000403036,0.668594,0.213959,-0.988794,0.000726704,0.705268,0.210977,-0.99518,0.000658092,0.69351,0.216805,-0.99048,0.000714074,0.681054,0.220421,-0.988936,0.00117281,0.653905,0.197215,-0.989254,0.00118927,0.686014,0.184674,-0.989128,0.00124539,0.666345,0.164336,-0.989719,0.00106918,0.674217,0.144117,-0.987975,0.000918912,0.7,0,-1,-0.233248,0.496703,-0.126242,-0.641177,0.731449,1.16583,0.998777,0.0370968,0.0326389,-0.00183012,0.192656,0.156937,-0.0545657,0,0,-0.395975,0.45,1,5,0.785398,0,0,0,0.0120761,0.1794,0.0423949,-1.45856,1.52755,0.111652,0.0205461,0.169435,0.0324596,0.533609,0.323244,0.497516,0.229529,nan,nan,nan,nan,nan,nan,nan,nan,0.183557,-0.379711,1.22405,710.912,451.481,667.815,329.474,-2.5336,2.91135,-2,-0.1261,0.17421,1.39057,-0.498868,-0.609521,0.393033
2.96,0.999858,0.0121838,0.00896341,0.00742753,0.201856,0.15853,-0.0102085,0.681543,0.115563,-0.871219,0.204054,-0.0401766,-0.118718,0.514187,0.584247,-0.979867,-0.00260866,0.543278,0.560885,-0.981946,-0.00046448,0.555792,0.510439,-0.993645,-0.00216899,0.607733,0.481786,-0.991816,-0.000141036,0.628567,0.438834,-0.999252,5.07372e-05,0.636883,0.410775,-0.994288,-0.00219683,0.650861,0.451249,-1.01054,0.000301513,0.66875,0.443365,-0.976704,-0.00340281,0.69153,0.407696,-0.995295,-0.00235813,0.673141,0.408043,-1.00327,-0.00161015,0.706257,0.438014,-0.995731,-0.00142735,0.695933,0.451919,-0.997345,0.000662934,0.720122,0.421148,-0.990266,-0.00176376,0.701152,0.437967,-0.988278,-0.00112702,0.695296,0.444284,-1.01121,0.000744135,0.75808,0.404467,-0.992626,-0.0015125,0.697558,0.415894,-0.987943,-0.000379577,0.694569,0.432562,-0.99931,1.98122e-05,0.723423,0.447022,-1.0084,-0.000184502,0.68831,0.419399,-0.984227,0.000661944,0.674164,0.418702,-0.98744,0.000867642,0.743141,0.403697,-0.982934,-0.00074096,0.746773,0.397708,-0.983062,0.00159251,0.757741,0.375792,-0.994025,-0.000125544,0.745232,0.365294,-0.987854,-0.000342874,0.731759,0.366227,-0.988064,-0.000329944,0.720884,0.405172,-0.990387,-0.000678708,0.737258,0.41131,-0.99007,-0.000402519,0.739121,0.441738,-0.987545,-5.14403e-05,0.750946,0.480388,-0.992046,0.000519355,0.782376,0.493109,-0.999764,0.00091326,0.754065,0.515621,-1.0059,-0.00114534,0.739635,0.529179,-0.996829,-0.000345336,0.739018,0.539731,-0.990128,-0.000222816,0.732269,0.516979,-0.989909,3.44997e-05,0.760931,0.484271,-0.993434,-0.000284327,0.757101,0.490857,-0.98881,-0.000943927,0.745303,0.53366,-0.990105,-0.000400826,0.723155,0.535863,-0.982027,0.000491868,0.723143,0.502973,-0.991276,-0.000176938,0.752775,0.542931,-0.979366,0.000156454,0.737988,0.485518,-0.994789,0.000412452,0.758848,0.471919,-0.997172,0.00165909,0.750601,0.448668,-0.993947,-3.52133e-05,0.786589,0.44598,-0.990578,0.000194185,0.814349,0.469019,-0.99533,0.000531021,0.833004,0.458572,-0.99516,0.000314075,0.795505,0.406455,-0.991299,0.00039768,0.793342,0.409758,-0.995882,0.00113991,0.779115,0.417424,-0.987247,0.000889595,0.683015,0.419726,-0.996886,-0.000178841,0.720095,0.393708,-0.99223,0.000533939,0.736525,0.393044,-0.992493,0.00106194,0.78198,0.37489,-0.993708,0.000173894,0.768696,0.337028,-0.990214,0.000457579,0.753195,0.281964,-0.994348,5.05375e-05,0.742227,0.246791,-0.989785,0.000379323,0.724567,0.260483,-0.987271,0.000180029,0.733979,0.237314,-0.994871,0.000602966,0.718053,0.236084,-0.989543,-0.000337809,0.7041,0.246247,-0.991525,0.000462067,0.669466,0.25909,-0.988059,0.000738255,0.713823,0.234205,-0.99621,0.000613868,0.696316,0.211045,-0.989566,0.000660001,0.676296,0.237108,-0.987916,0.0011758,0.687438,0.1876,-0.990431,0.00117275,0.681977,0.221844,-0.988341,0.00118054,0.664126,0.185458,-0.991815,0.00121981,0.670431,0.135867,-0.989572,0.000765668,0.704175,0.167421,-0.987627,0.000893346,0.7,0,-1,-0.251898,0.505933,-0.118975,-0.608663,0.718928,1.17294,0.998852,0.0364743,0.0309909,-0.00176579,0.171278,0.20809,-0.051676,0,0,-0.393913,0.45,1,5,0.785398,0,0,0,0.0120879,0.179316,0.0423444,-1.16475,1.32778,-0.0612386,0.0022769,0.189918,0.032492,0.558983,0.293811,0.496982,0.225874,nan,nan,nan,nan,nan,nan,nan,nan,0.237014,-0.308988,1.17397,727.21,442.159,665.668,328.236,-2.55321,2.97655,-2,-0.153804,0.205841,1.31556,-0.349926,0.857796,-0.351586
2.98,0.999839,0.0130239,0.00986431,0.00739804,0.187723,0.199837,-0.00657416,0.68363,0.11553,-0.870955,0.201323,-0.0326707,-0.108984,0.531083,0.575954,-0.981684,-0.000446215,0.525887,0.513359,-0.995209,-0.00221854,0.564439,0.472617,-0.991903,-0.00011899,0.60826,0.440931,-0.998532,0.000117391,0.606653,0.443323,-0.993764,-0.00216329,0.632546,0.468186,-1.00992,0.000225481,0.685503,0.423651,-0.977183,-0.00354495,0.698466,0.418534,-0.995695,-0.00259274,0.664357,0.453906,-1.00297,-0.00168209,0.699189,0.424462,-0.996613,-0.00145281,0.678623,0.43178,-0.997818,0.000524182,0.713475,0.445824,-0.989241,-0.00180238,0.686541,0.460533,-0.988222,-0.000941323,0.729952,0.440359,-1.01328,0.000689337,0.758004,0.41645,-0.993379,-0.00144979,0.734066,0.425321,-0.987799,-0.000384601,0.703525,0.429938,-0.999688,-1.32471e-06,0.69209,0.437879,-1.00831,-1.63449e-05,0.660506,0.436185,-0.983091,0.000563271,0.67705,0.422068,-0.987801,0.000977966,0.739389,0.403792,-0.98268,-0.000645102,0.768491,0.353124,-0.983362,0.00155287,0.773918,0.356614,-0.99261,-0.00019412,0.730458,0.349341,-0.987622,-0.000355079,0.722067,0.36372,-0.98615,-0.000361763,0.706898,0.391017,-0.990383,-0.000730014,0.719337,0.429248,-0.991633,-0.000338436,0.734717,0.47646,-0.985451,4.69216e-05,0.748964,0.482798,-0.991232,0.000435772,0.759988,0.481293,-0.999568,0.000753257,0.753286,0.491581,-1.00468,-0.00109335,0.756514,0.501822,-0.995676,-0.000504094,0.738217,0.514151,-0.989426,-0.000124876,0.732963,0.509274,-0.990623,-4.00573e-05,0.743042,0.486399,-0.994592,-0.000232259,0.741235,0.520147,-0.98864,-0.000968913,0.726818,0.543245,-0.989381,-0.000290868,0.746597,0.552432,-0.981078,0.000425331,0.751963,0.527038,-0.993821,-0.000163631,0.74828,0.544261,-0.979883,-0.000103202,0.744822,0.508414,-0.992288,0.000427979,0.767317,0.466955,-0.997941,0.0020208,0.742454,0.456832,-0.993172,3.95406e-05,0.766239,0.469573,-0.992026,0.000246403,0.796032,0.485708,-0.995904,0.000580069,0.836243,0.445475,-0.994342,0.000257078,0.802404,0.451995,-0.992829,0.000277128,0.795206,0.422727,-0.996689,0.000968483,0.747491,0.432459,-0.985582,0.000877027,0.705728,0.417628,-0.997402,-0.000105924,0.759151,0.408076,-0.991851,0.000521658,0.740581,0.395326,-0.990804,0.000932289,0.757932,0.392783,-0.997234,0.000262725,0.754093,0.366027,-0.989393,0.000479344,0.747224,0.298937,-0.994493,0.000202745,0.772836,0.258488,-0.988531,0.000354316,0.745946,0.245816,-0.987628,0.000247929,0.754853,0.222202,-0.995441,0.000650547,0.713265,0.278497,-0.98946,-0.000489948,0.681595,0.273609,-0.990133,0.000372664,0.683402,0.24344,-0.988177,0.000636578,0.694223,0.226355,-0.998054,0.000559967,0.682132,0.24151,-0.990428,0.000482034,0.682943,0.225739,-0.988772,0.00127621,0.693945,0.205036,-0.989944,0.00123841,0.680406,0.2216,-0.987764,0.00121694,0.698407,0.182585,-0.991455,0.00122949,0.671771,0.159089,-0.98956,0.000681014,0.713398,0.165305,-0.986669,0.000814235,0.723676,0.166335,-0.986128,0.00109565,0.7,0,-1,-0.220727,0.502168,-0.105302,-0.533533,0.734735,1.23041,0.998934,0.0373092,0.0271595,-0.00117539,0.172406,0.163993,-0.0526389,0,0,-0.394613,0.45,1,5,0.785398,0,0,0,0.0120276,0.179318,0.0422935,0.413647,0.199545,0.000782319,-0.000608887,0.180198,0.0325066,0.554224,0.298719,0.488117,0.234831,nan,nan,nan,nan,nan,nan,nan,nan,0.259357,-0.266489,1.21568,725.965,436.724,661.57,336.446,-2.55004,2.99219,-2,-0.168333,0.218868,1.35993,-0.13655,0.375295,0.48671
3,0.999795,0.014609,0.0118717,0.00738973,0.180629,0.223639,0.00128177,0.687704,0.11555,-0.870489,0.196064,-0.0147325,-0.113813,0.49912,0.513949,-0.995281,-0.00216489,0.524325,0.491227,-0.993309,-0.000131025,0.601682,0.468964,-1.00092,0.0001735,0.583627,0.450155,-0.994355,-0.00217371,0.652204,0.44278,-1.01056,0.000336338,0.65119,0.436054,-0.976615,-0.00351176,0.66651,0.435604,-0.993322,-0.00254644,0.655326,0.439161,-1.00045,-0.00159969,0.704485,0.437329,-0.996297,-0.0017248,0.709174,0.441408,-0.995978,0.00041996,0.713721,0.445695,-0.988543,-0.00193445,0.69424,0.477961,-0.987934,-0.00102497,0.721706,0.431706,-1.01349,0.000650018,0.75382,0.414076,-0.993717,-0.0013571,0.712954,0.437432,-0.986935,-0.00029462,0.691098,0.422249,-0.998543,-5.77091e-06,0.696192,0.416954,-1.00701,4.12259e-06,0.654793,0.423805,-0.983255,0.000572931,0.688158,0.40886,-0.986637,0.000842584,0.714546,0.395708,-0.982195,-0.00049088,0.770951,0.372895,-0.981875,0.00156891,0.768559,0.35351,-0.99319,-0.000245463,0.759892,0.367375,-0.987606,-0.000326075,0.730622,0.375498,-0.986121,-0.000275068,0.722521,0.404257,-0.988861,-0.000799764,0.708051,0.421909,-0.991946,-0.000552689,0.747686,0.47184,-0.982726,0.000180789,0.767159,0.488322,-0.992822,0.000383347,0.749147,0.489718,-0.999009,0.000712973,0.727308,0.504381,-1.00536,-0.0010796,0.748232,0.510556,-0.994786,-0.000472438,0.763265,0.531751,-0.988584,-0.000103642,0.757721,0.517685,-0.989033,-0.000134282,0.731451,0.502231,-0.99635,-0.000237202,0.768818,0.51629,-0.989357,-0.000782965,0.750084,0.522962,-0.989051,-0.000365711,0.744271,0.534525,-0.98005,0.000464018,0.735299,0.514141,-0.993986,-0.00029105,0.736319,0.532855,-0.9802,-0.000174364,0.735653,0.496062,-0.992737,0.000482788,0.761665,0.462971,-0.998962,0.00184634,0.759141,0.485299,-0.994659,4.73547e-05,0.750229,0.50088,-0.990447,0.000440611,0.802087,0.492368,-0.995814,0.000327008,0.814051,0.457001,-0.994183,0.000428214,0.788118,0.458758,-0.993022,0.000417907,0.760313,0.468922,-0.996931,0.000939547,0.739155,0.470265,-0.983964,0.000968954,0.751907,0.450634,-0.99758,-0.000180149,0.75768,0.406801,-0.991909,0.000486374,0.729782,0.413087,-0.990948,0.00101975,0.771295,0.432942,-0.995592,7.76195e-05,0.772946,0.4017,-0.990379,0.000462912,0.746964,0.344201,-0.994273,0.000138518,0.797378,0.298917,-0.990213,0.000323227,0.788677,0.29614,-0.988205,0.000358718,0.736709,0.263448,-0.995842,0.000871631,0.704613,0.303798,-0.989031,-0.000519644,0.700821,0.281854,-0.990517,0.000446161,0.689569,0.237249,-0.988662,0.000396427,0.688424,0.256176,-0.996269,0.000601183,0.666438,0.28156,-0.991016,0.000386947,0.664221,0.235299,-0.988308,0.00124591,0.678355,0.21093,-0.989133,0.00128583,0.686887,0.233584,-0.98899,0.00145475,0.678789,0.172755,-0.989609,0.00117631,0.658406,0.1495,-0.986168,0.000697397,0.699213,0.174462,-0.986606,0.000604401,0.701653,0.180423,-0.986465,0.0011697,0.763224,0.168099,-0.985607,0.000989582,0.7,0,-1,-0.223608,0.500926,-0.106183,-0.53588,0.624268,1.21237,0.999124,0.0317172,0.0272831,-0.00102708,0.214215,0.160702,-0.0539637,0,0,-0.398347,0.45,1,5,0.785398,0,0,0,0.0117871,0.179381,0.0421088,1.3239,-4.7715,-0.0173358,0.00993029,0.191136,0.0325856,0.55896,0.302891,0.507593,0.223946,nan,nan,nan,nan,nan,nan,nan,nan,0.25172,-0.295791,1.18185,727.287,433.971,670.997,332.83,-2.55593,3,-2,-0.203987,0.247263,1.29707,-0.262961,0.89691,-0.24144
3.02,0.999724,0.0173256,0.0141107,0.00731568,0.223549,0.122375,-0.00621934,0.69362,0.115963,-0.869696,0.183462,-0.00826414,-0.10656,0.526356,0.496231,-0.992767,-0.000207399,0.582856,0.508638,-1.00227,0.000363152,0.612096,0.462079,-0.994678,-0.00217591,0.621367,0.421352,-1.00835,0.000371318,0.64489,0.431199,-0.976386,-0.00342349,0.683792,0.447935,-0.993328,-0.00258264,0.681953,0.434009,-1.00105,-0.0016918,0.699537,0.419813,-0.994757,-0.00174594,0.679967,0.453403,-0.996638,0.000428872,0.7115,0.436741,-0.989266,-0.00192726,0.721505,0.464122,-0.988663,-0.00106387,0.71648,0.423515,-1.01273,0.000683871,0.736626,0.418971,-0.993881,-0.00138272,0.706655,0.423262,-0.985904,-0.000410162,0.717005,0.398657,-0.99891,-8.79349e-06,0.702199,0.396874,-1.00813,-1.10982e-05,0.667793,0.42727,-0.984002,0.000763997,0.676528,0.412153,-0.985551,0.000767739,0.694485,0.376634,-0.981669,-0.000595364,0.732572,0.386505,-0.983792,0.00143475,0.765182,0.375867,-0.992987,-0.000307057,0.767167,0.386752,-0.986714,-0.000340962,0.721221,0.408537,-0.984433,-0.000403426,0.701768,0.424903,-0.9893,-0.00103999,0.70595,0.441888,-0.992609,-0.000445275,0.693623,0.447943,-0.98111,0.000146597,0.734273,0.484669,-0.99292,0.000351038,0.746527,0.504131,-0.999184,0.000721103,0.72619,0.546191,-1.0055,-0.000994652,0.726015,0.514207,-0.994598,-0.000528082,0.730764,0.531803,-0.986924,-9.94665e-05,0.766643,0.51848,-0.988575,-4.75646e-05,0.724688,0.500224,-0.998334,-0.000206316,0.748682,0.532144,-0.990284,-0.000890538,0.746297,0.543841,-0.988164,-0.000352803,0.721901,0.531971,-0.981609,0.000411784,0.745926,0.52738,-0.994849,-0.0003324,0.751432,0.548293,-0.979136,-6.62894e-05,0.744199,0.525502,-0.992543,0.000514402,0.759571,0.498617,-0.998078,0.00175444,0.744911,0.500888,-0.995811,0.000158841,0.762246,0.499957,-0.991702,0.00039665,0.775232,0.456788,-0.996987,0.000224479,0.77089,0.453987,-0.993734,0.000342267,0.777217,0.471142,-0.99341,0.000317203,0.754366,0.497767,-0.994448,0.000928011,0.737459,0.495319,-0.983979,0.000851845,0.732698,0.456995,-0.996958,-0.000358816,0.742904,0.417384,-0.992926,0.000478546,0.733694,0.41312,-0.990531,0.00123737,0.742226,0.453041,-0.994006,0.000103223,0.775256,0.435515,-0.990713,0.00035903,0.774506,0.391937,-0.991371,0.000203146,0.79156,0.339189,-0.988962,0.000405129,0.763863,0.298567,-0.988126,0.000318247,0.730167,0.330064,-0.994524,0.00116414,0.726972,0.308231,-0.989522,-0.000834117,0.70581,0.278677,-0.992783,0.000484411,0.685848,0.271508,-0.989305,0.000357933,0.673198,0.252202,-0.9986,0.000828894,0.641569,0.251925,-0.99113,0.000652717,0.634012,0.24855,-0.987464,0.00134495,0.666808,0.212926,-0.990054,0.00139207,0.677715,0.2236,-0.98851,0.00142227,0.65934,0.20627,-0.989105,0.00142011,0.651687,0.1989,-0.98593,0.000594282,0.685806,0.176598,-0.987353,0.000702701,0.708769,0.196424,-0.986368,0.00109921,0.755057,0.160706,-0.987335,0.00106421,0.747583,0.130708,-0.98768,0.000881037,0.7,0,-1,-0.201593,0.431126,-0.119655,-0.471999,0.461672,1.1569,0.999434,0.023466,0.0240563,-0.00136185,0.125596,0.122958,-0.0498276,0,0,-0.398449,0.45,1,5,0.785398,0,0,0,0.011725,0.179429,0.0420661,-2.78352,-3.30081,-0.802857,0.0129595,0.177381,0.0327526,0.545762,0.313431,0.498351,0.229862,nan,nan,nan,nan,nan,nan,nan,nan,0.217707,-0.323822,1.20928,723.749,439.081,668.442,332.089,-2.59479,3,-2,-0.241544,0.292184,1.33007,-0.630095,0.323418,0.362616
3.04,0.999635,0.0205487,0.016003,0.00717953,0.21891,0.140744,-0.0115222,0.69933,0.116732,-0.86817,0.168399,-0.00219439,-0.11694,0.602674,0.532866,-1.00208,0.000389799,0.602375,0.475761,-0.994916,-0.00218057,0.619333,0.405768,-1.00779,0.000522914,0.641139,0.432495,-0.976255,-0.00351935,0.683242,0.453378,-0.992322,-0.00262616,0.679842,0.442417,-1.00034,-0.00170117,0.730307,0.399195,-0.996786,-0.00171439,0.680673,0.467338,-0.996479,0.000569354,0.733409,0.442644,-0.987494,-0.00197595,0.723739,0.449408,-0.986302,-0.00104811,0.739187,0.42846,-1.01198,0.000581747,0.756303,0.397177,-0.993873,-0.00139792,0.730397,0.413201,-0.985866,-0.000475147,0.722383,0.396478,-0.999133,4.54045e-05,0.693523,0.394937,-1.00732,0.000132136,0.702754,0.400883,-0.985321,0.000684377,0.689415,0.388624,-0.986423,0.000842388,0.698698,0.359808,-0.9813,-0.000770428,0.724594,0.369531,-0.984119,0.00151235,0.760016,0.379479,-0.991193,-0.000202874,0.746877,0.385323,-0.987353,-0.000629109,0.766153,0.395176,-0.984448,-0.000574483,0.740585,0.408357,-0.989429,-0.00105605,0.705235,0.426577,-0.992406,-0.000492581,0.711703,0.468649,-0.982041,0.000120909,0.725309,0.499587,-0.993756,0.00026263,0.737944,0.532633,-1.00059,0.000640195,0.72362,0.544526,-1.00449,-0.00125394,0.746066,0.534547,-0.99612,-0.000714985,0.743093,0.543354,-0.985199,-8.64934e-05,0.763431,0.515703,-0.98686,-0.000181044,0.764597,0.504953,-0.99878,-0.00022553,0.750937,0.523642,-0.988668,-0.000845428,0.743979,0.534799,-0.987522,-0.000244677,0.736217,0.554869,-0.981931,0.000301712,0.733052,0.530377,-0.993546,-0.000464788,0.729919,0.557009,-0.977811,-5.34249e-05,0.736482,0.526457,-0.993762,0.000709398,0.730561,0.510717,-0.996911,0.00167333,0.75371,0.51078,-0.997074,0.000142145,0.766472,0.519719,-0.991209,0.000493695,0.766341,0.486505,-0.995846,0.000182771,0.769005,0.485757,-0.99426,0.000260599,0.768434,0.492825,-0.993128,0.000300855,0.745238,0.502216,-0.996265,0.000977179,0.730444,0.498833,-0.984247,0.00093741,0.754383,0.492095,-0.997225,-0.000212815,0.743049,0.436431,-0.994057,0.000530836,0.734291,0.419557,-0.991467,0.00145255,0.759903,0.453755,-0.992638,0.000102713,0.766416,0.421918,-0.989755,0.000422893,0.777819,0.39011,-0.992199,0.000385,0.776546,0.3626,-0.988225,0.000513589,0.778338,0.320117,-0.988236,0.000127601,0.72544,0.37826,-0.995418,0.00129901,0.709576,0.346636,-0.989824,-0.000788127,0.716587,0.314839,-0.993473,0.000453857,0.672131,0.308231,-0.989687,0.000403698,0.669583,0.263929,-0.997877,0.000734503,0.651342,0.248705,-0.990347,0.000609607,0.61514,0.233296,-0.986561,0.00131387,0.670715,0.244576,-0.990191,0.0012852,0.673057,0.244852,-0.989061,0.00152871,0.627241,0.263758,-0.989627,0.00141233,0.660015,0.222074,-0.984088,0.000602698,0.669646,0.205142,-0.988197,0.000664193,0.731129,0.197916,-0.985926,0.00129154,0.731724,0.187257,-0.989214,0.00106135,0.741188,0.180056,-0.985324,0.000995629,0.716499,0.158803,-0.990019,0.000936868,0.7,0,-1,-0.193717,0.437283,-0.116869,-0.40575,0.516194,1.19188,0.999578,0.0190742,0.0218537,-0.00149888,0.108148,0.103103,-0.0478827,0,0,-0.398,0.45,1,5,0.785398,0,0,0,0.0115323,0.179397,0.042013,-2.15777,-2.72827,-0.488747,0.0077352,0.184596,0.0335866,0.55456,0.304637,0.498091,0.226791,nan,nan,nan,nan,nan,nan,nan,nan,0.21098,-0.28205,1.1916,723.454,436.298,666.449,330.507,-2.64285,2.99586,-2,-0.272564,0.344848,1.37682,-0.753155,0.303487,-0.518986
3.06,0.999608,0.0214294,0.0165555,0.00707455,0.196556,0.121878,-0.0219551,0.701108,0.117066,-0.86778,0.168896,0.0144005,-0.107113,0.61916,0.434127,-0.994665,-0.00207867,0.614913,0.416097,-1.00649,0.000611799,0.645088,0.453122,-0.976653,-0.00368701,0.674375,0.450188,-0.991583,-0.00268111,0.680159,0.438298,-0.999784,-0.00173026,0.673431,0.395718,-0.995265,-0.00190162,0.694721,0.45282,-0.995688,0.000640908,0.713377,0.436189,-0.988485,-0.00211228,0.704444,0.407593,-0.98655,-0.00118408,0.729303,0.438307,-1.01129,0.000560523,0.754296,0.40372,-0.992911,-0.00140307,0.73305,0.387403,-0.988235,-0.000550714,0.706105,0.398396,-0.999729,9.9599e-05,0.671051,0.390344,-1.00743,4.66632e-05,0.694083,0.402447,-0.985574,0.000859536,0.706655,0.383646,-0.985837,0.000972746,0.71953,0.353438,-0.981888,-0.000890376,0.723156,0.357889,-0.983825,0.00161831,0.763028,0.38413,-0.99063,-0.000266316,0.783081,0.38974,-0.987412,-0.000840941,0.731005,0.369394,-0.982948,-0.000686088,0.737848,0.398155,-0.987607,-0.00102673,0.716557,0.431728,-0.991624,-0.00094346,0.725856,0.464637,-0.982453,5.42298e-05,0.742714,0.489104,-0.994081,0.000340852,0.728757,0.513058,-0.999079,0.000698004,0.70488,0.521354,-1.00421,-0.00111697,0.718726,0.497952,-0.993365,-0.000944719,0.722043,0.536108,-0.985405,-0.000115892,0.735387,0.519963,-0.986611,-0.000473326,0.734422,0.535942,-0.996198,-0.000375624,0.74724,0.538956,-0.987679,-0.000872651,0.737943,0.538961,-0.98823,-9.7517e-05,0.735776,0.517422,-0.98201,0.000559671,0.766807,0.53621,-0.993074,-0.000561416,0.747763,0.547308,-0.977032,-9.53365e-05,0.74604,0.548559,-0.993782,0.000764215,0.721704,0.535116,-0.996962,0.00173148,0.738601,0.511201,-0.995997,0.000155961,0.749659,0.500053,-0.990428,0.000830884,0.764372,0.471845,-0.994754,0.000227587,0.768684,0.492964,-0.993807,0.000306334,0.745575,0.482863,-0.993013,0.000309303,0.763372,0.494783,-0.995169,0.000957671,0.730468,0.488356,-0.983785,0.000862877,0.756536,0.477296,-0.996892,-0.000317944,0.748805,0.478316,-0.994143,0.000703199,0.726864,0.462007,-0.989698,0.00158425,0.772494,0.495869,-0.992769,0.000168387,0.787887,0.443667,-0.989319,0.000360854,0.802249,0.38153,-0.991578,0.000363866,0.767164,0.377976,-0.987085,0.000555272,0.761118,0.35579,-0.986821,-0.00014465,0.731648,0.349539,-0.996108,0.00123826,0.7316,0.356566,-0.988862,-0.000592039,0.71556,0.324293,-0.99315,0.00055436,0.657063,0.305801,-0.990648,0.000385838,0.68812,0.277997,-0.996575,0.000692449,0.66622,0.250132,-0.989754,0.000539058,0.599593,0.251707,-0.986561,0.00111638,0.641695,0.263414,-0.990673,0.00132827,0.657514,0.256097,-0.988689,0.00173845,0.652903,0.293497,-0.988844,0.00141579,0.694594,0.257964,-0.984167,0.000455644,0.654894,0.21697,-0.988759,0.000601788,0.717363,0.201426,-0.986852,0.00130831,0.73225,0.20423,-0.990485,0.00110755,0.743299,0.216416,-0.986183,0.00104568,0.710362,0.165755,-0.990799,0.000979403,0.707989,0.171373,-0.989981,0.000921436,0.7,0,-1,-0.211418,0.367661,-0.133511,-0.428613,0.375232,1.09655,0.999681,0.0122338,0.0220776,-0.00135191,0.101139,0.0567148,-0.0406139,0,0,-0.395223,0.45,1,5,0.785398,0,0,0,0.0114558,0.179389,0.0419944,-3.64347,-0.96338,-0.375773,0.0102475,0.169807,0.0341822,0.544901,0.319448,0.490799,0.236853,nan,nan,nan,nan,nan,nan,nan,nan,0.267909,-0.217686,1.20215,720.637,446.692,662.91,339.146,-2.61203,3,-2,-0.283327,0.361422,1.33657,0.0248261,0.829746,0.491334
3.08,0.999492,0.0244407,0.0194441,0.00631072,0.0967585,0.115613,-0.0346049,0.709507,0.119392,-0.866048,0.140645,0.036525,-0.102715,0.572332,0.444301,-1.00603,0.000494908,0.633234,0.442299,-0.977392,-0.00380602,0.674197,0.404057,-0.991239,-0.00235981,0.671148,0.419477,-1.00013,-0.00178825,0.66642,0.409914,-0.995895,-0.00169213,0.710984,0.440242,-0.994058,0.000652759,0.711901,0.425695,-0.987434,-0.00203637,0.722534,0.416961,-0.986339,-0.00124173,0.717867,0.418621,-1.01012,0.000698651,0.744935,0.376058,-0.993367,-0.00130825,0.753788,0.390294,-0.988782,-0.000470213,0.700994,0.369813,-0.999816,0.000110807,0.663399,0.382184,-1.00696,5.40221e-05,0.708941,0.373335,-0.984325,0.000965934,0.716749,0.384217,-0.983631,0.00106357,0.713642,0.360685,-0.980548,-0.000923479,0.699492,0.368977,-0.984128,0.00175025,0.774941,0.378443,-0.991763,-0.00016276,0.776784,0.386156,-0.987729,-0.000869776,0.733163,0.363551,-0.985473,-0.000936575,0.738048,0.387318,-0.987935,-0.00116816,0.742097,0.419054,-0.990133,-0.00100967,0.713801,0.473098,-0.981921,0.000162723,0.730796,0.492359,-0.99356,0.000242585,0.73715,0.469591,-0.999458,0.000814701,0.699174,0.537729,-1.00418,-0.0011618,0.697574,0.510974,-0.992791,-0.000890271,0.732358,0.51252,-0.985761,2.28188e-05,0.746218,0.532875,-0.987755,-0.000347655,0.766571,0.536113,-0.996419,-0.000159059,0.749329,0.531959,-0.988479,-0.000893489,0.724138,0.546377,-0.988239,-0.000149052,0.756534,0.555581,-0.981975,0.000450723,0.763221,0.538878,-0.991664,-0.00050661,0.752827,0.525093,-0.976154,-0.000249186,0.744124,0.559758,-0.993721,0.00074174,0.704501,0.546867,-0.99725,0.00173623,0.743603,0.548875,-0.9941,0.000324221,0.737247,0.51911,-0.990985,0.000784884,0.755416,0.493954,-0.996206,0.000134004,0.74955,0.494054,-0.994784,0.00038541,0.720311,0.491149,-0.991093,0.000352729,0.749616,0.520005,-0.996911,0.00109786,0.714752,0.517127,-0.983118,0.000805165,0.732755,0.501828,-0.996822,-0.000256807,0.742362,0.461218,-0.9963,0.000541241,0.724946,0.472687,-0.988743,0.00154893,0.76263,0.486615,-0.991963,9.53937e-05,0.7627,0.473337,-0.986541,0.000359834,0.81218,0.422998,-0.992092,0.000307935,0.813669,0.396738,-0.985854,0.0004856,0.796357,0.365942,-0.987277,-0.000218302,0.775331,0.365192,-0.995878,0.00119007,0.741,0.37669,-0.989513,-0.00056344,0.693964,0.336123,-0.992711,0.000585241,0.683238,0.33009,-0.989467,0.000391004,0.712681,0.30628,-0.996369,0.000679244,0.664725,0.287372,-0.990008,0.000572764,0.580226,0.278253,-0.986818,0.00136842,0.623381,0.26236,-0.989784,0.00137523,0.645639,0.304926,-0.987994,0.00185451,0.633795,0.28921,-0.988443,0.00147088,0.666647,0.274528,-0.98451,0.000360852,0.679614,0.223299,-0.987667,0.000546871,0.725323,0.222836,-0.986425,0.00125984,0.741029,0.224641,-0.987675,0.00114752,0.739666,0.265166,-0.986192,0.00109139,0.731864,0.181555,-0.991146,0.000859659,0.722485,0.161335,-0.989607,0.000874789,0.723745,0.180307,-0.990847,0.000916274,0.7,0,-1,-0.213559,0.365422,-0.134056,-0.433095,0.240756,1.08832,0.999681,0.0122338,0.0220776,-0.00135191,-0.0121289,0.0208548,-0.040472,0,0,-0.397823,0.45,1,5,0.785398,0,0,0,0.0114395,0.179193,0.0419658,-0.241203,-0.834503,0.019975,0.00304888,0.1726,0.0366523,0.550962,0.311377,0.481743,0.234022,nan,nan,nan,nan,nan,nan,nan,nan,0.126933,-0.2619,1.21368,720.151,444.159,657.701,338.22,-2.72033,3,-2,-0.329588,0.408958,1.41024,-1.41254,1.10622,0.219897
3.1,0.999476,0.024895,0.0197635,0.00614544,0.101594,0.0701997,-0.0359076,0.711001,0.119982,-0.865809,0.135092,0.04536,-0.106041,0.646194,0.414721,-0.975945,-0.00379758,0.68604,0.394195,-0.991885,-0.00243249,0.699668,0.411478,-1.00072,-0.00171009,0.685134,0.360149,-0.994464,-0.00170009,0.70451,0.402087,-0.99563,0.000750901,0.701479,0.405721,-0.988725,-0.00204017,0.736876,0.427311,-0.983568,-0.00113983,0.739724,0.402893,-1.01092,0.000641819,0.757516,0.37734,-0.99365,-0.00119533,0.764141,0.388801,-0.989032,-0.000626523,0.707207,0.381235,-0.999473,0.000135038,0.665889,0.410272,-1.00643,0.000149624,0.684976,0.380351,-0.9833,0.000841175,0.692923,0.402085,-0.982536,0.000983139,0.719577,0.38107,-0.978182,-0.00107844,0.699687,0.367314,-0.983299,0.0018294,0.724214,0.363318,-0.989925,2.47051e-05,0.768882,0.396973,-0.985922,-0.000996747,0.759353,0.404794,-0.985223,-0.000966929,0.743251,0.386414,-0.985839,-0.00128514,0.722811,0.435054,-0.990806,-0.00104754,0.720226,0.467517,-0.982642,9.1639e-05,0.731113,0.471904,-0.993755,9.15642e-06,0.718345,0.4675,-0.999763,0.00111952,0.678751,0.491523,-1.00498,-0.00112195,0.745048,0.514938,-0.991588,-0.000901991,0.755399,0.481841,-0.985209,5.18005e-05,0.771216,0.524534,-0.987356,-0.000221636,0.783893,0.526657,-0.994446,-5.96614e-05,0.750919,0.547264,-0.98801,-0.000942129,0.750866,0.564531,-0.98927,-0.000280253,0.72737,0.553544,-0.981797,0.000207415,0.764487,0.547126,-0.990459,-0.000452677,0.730918,0.523884,-0.974704,-0.000232798,0.735466,0.536531,-0.992917,0.000716752,0.694818,0.571948,-0.996037,0.00191989,0.691919,0.587071,-0.996054,0.000410743,0.730576,0.531436,-0.991222,0.0008775,0.754732,0.521957,-0.99531,6.11678e-05,0.763732,0.492015,-0.994623,0.000390411,0.752646,0.510394,-0.991186,-1.75283e-06,0.75072,0.523938,-0.99852,0.000922947,0.720773,0.498452,-0.98373,0.000845592,0.745758,0.518475,-0.997787,-0.000245069,0.730457,0.520515,-0.994617,0.000539229,0.710121,0.518761,-0.986895,0.00149134,0.73623,0.500772,-0.993771,-2.39282e-05,0.760325,0.480037,-0.987228,0.000499322,0.774632,0.421439,-0.994358,0.000224999,0.791137,0.412156,-0.986866,0.000537792,0.799935,0.414226,-0.98832,-0.000108752,0.766561,0.383396,-0.996561,0.00122012,0.749004,0.377077,-0.989935,-0.000606656,0.702144,0.352575,-0.992643,0.000637847,0.699858,0.362114,-0.989132,0.000565195,0.688022,0.342348,-0.997701,0.000556726,0.640831,0.323736,-0.990167,0.000474035,0.618955,0.319312,-0.986618,0.00141481,0.63147,0.305669,-0.988877,0.0012803,0.660167,0.304652,-0.986516,0.00180645,0.640223,0.292731,-0.989006,0.00134186,0.670318,0.304369,-0.985627,0.000219609,0.702462,0.268805,-0.989277,0.000672273,0.742016,0.227997,-0.985795,0.00166247,0.735539,0.262797,-0.989716,0.00128699,0.738902,0.258152,-0.985898,0.00104099,0.783783,0.241063,-0.989934,0.000843134,0.733372,0.194736,-0.98974,0.000867222,0.705592,0.216377,-0.989811,0.000937019,0.72416,0.180179,-0.989301,0.00102048,0.7,0,-1,-0.189615,0.346184,-0.132466,-0.334293,0.243353,1.10317,0.999778,0.0123941,0.0170371,-0.000314869,-0.0215059,0.0194166,-0.0395663,0,0,-0.397811,0.45,1,5,0.785398,0,0,0,0.0113681,0.179068,0.0419634,-1.11663,-1.76332,-0.26166,0.0121056,0.167804,0.0373181,0.543059,0.323066,0.485318,0.23157,nan,nan,nan,nan,nan,nan,nan,nan,0.202568,-0.228928,1.20887,717.657,451.299,654.795,336.708,-2.71465,3,-2,-0.334395,0.415942,1.4243,-0.277654,0.441748,-0.166268
3.12,0.999456,0.0253777,0.0201895,0.00600174,0.10805,0.0940435,-0.0315937,0.71254,0.120699,-0.865167,0.132358,0.0595843,-0.0990976,0.675248,0.402361,-0.989018,-0.00240784,0.686222,0.384448,-0.999318,-0.0017461,0.677972,0.359724,-0.992911,-0.00183231,0.700188,0.393665,-0.995884,0.000762836,0.730241,0.390934,-0.988695,-0.00208899,0.707858,0.391034,-0.981559,-0.00117617,0.744753,0.369291,-1.00994,0.00050974,0.781844,0.380752,-0.994043,-0.00114686,0.75683,0.358629,-0.988408,-0.000621862,0.727838,0.36254,-0.998367,0.000292507,0.686971,0.372487,-1.00689,3.19113e-05,0.693298,0.380376,-0.982443,0.00074602,0.702603,0.374559,-0.981557,0.000828036,0.706457,0.392525,-0.976897,-0.00102744,0.711745,0.367026,-0.982642,0.00181833,0.72451,0.38246,-0.991768,-0.000268897,0.730487,0.388022,-0.985876,-0.00100774,0.756798,0.376653,-0.985872,-0.000946235,0.758599,0.407988,-0.983671,-0.001363,0.732837,0.426978,-0.990844,-0.00100684,0.741429,0.439331,-0.981379,1.07355e-05,0.74106,0.462566,-0.993839,-6.17495e-05,0.746439,0.478683,-0.999897,0.00100121,0.722551,0.491672,-1.00526,-0.00129322,0.753,0.497367,-0.991248,-0.000909992,0.764836,0.501907,-0.984773,4.6982e-05,0.763939,0.52378,-0.987106,2.23496e-05,0.776107,0.514357,-0.992825,-1.98719e-05,0.732537,0.546256,-0.989045,-0.000853608,0.754694,0.574578,-0.98879,-0.00023206,0.727252,0.56111,-0.982682,0.000148493,0.741277,0.544502,-0.98809,-0.000495255,0.735068,0.540173,-0.975376,-0.000131728,0.713717,0.552987,-0.990908,0.000794912,0.679103,0.595982,-0.994874,0.00188649,0.707041,0.580888,-0.995612,0.000408885,0.708024,0.546599,-0.990997,0.000919544,0.742371,0.502397,-0.998087,3.2227e-05,0.747558,0.520188,-0.995576,0.000309429,0.749241,0.512871,-0.989803,5.9365e-06,0.750651,0.510337,-0.998086,0.000773109,0.73187,0.527895,-0.982674,0.000948876,0.760134,0.522651,-0.997749,-6.0183e-05,0.731939,0.544109,-0.993594,0.00030923,0.721953,0.540198,-0.985634,0.00155073,0.75251,0.490111,-0.99382,9.299e-05,0.760961,0.469114,-0.986945,0.000396564,0.755412,0.467625,-0.994089,0.00030906,0.780988,0.451738,-0.986541,0.000423102,0.76215,0.439431,-0.989405,-0.000182055,0.753263,0.373509,-0.996443,0.00138739,0.732375,0.39883,-0.990505,-0.000502894,0.720442,0.388037,-0.990955,0.000594846,0.725618,0.367147,-0.986879,0.000712302,0.664521,0.343631,-0.996531,0.000510059,0.629405,0.346918,-0.988914,0.000376177,0.626808,0.360882,-0.986661,0.00143612,0.628378,0.3286,-0.985665,0.0012569,0.647303,0.347651,-0.986971,0.00174262,0.642819,0.316686,-0.986362,0.00122409,0.653683,0.310334,-0.986054,0.000406435,0.693392,0.259155,-0.990769,0.000745425,0.749642,0.214181,-0.985626,0.00161473,0.781376,0.270185,-0.991076,0.00129342,0.743433,0.271789,-0.985745,0.0010576,0.753505,0.257085,-0.990465,0.000875625,0.736701,0.205397,-0.988845,0.00090348,0.72887,0.222731,-0.991054,0.000902481,0.751292,0.206516,-0.991038,0.000927671,0.733367,0.165631,-0.989125,0.000991704,0.7,0,-1,-0.11889,0.378305,-0.142973,-0.187766,0.299715,1.06099,0.999838,0.0152742,0.00956794,4.87297e-05,-0.00595612,-0.0111008,-0.0394937,0,0,-0.396193,0.45,1,5,0.785398,0,0,0,0.0109539,0.1788,0.0419568,1.05113,-3.22343,0.00469363,-0.0115417,0.179508,0.038173,0.569475,0.299487,0.476578,0.239727,nan,nan,nan,nan,nan,nan,nan,nan,0.235057,-0.203392,1.23649,738.402,443.838,650.141,342.999,-2.69358,3,-2,-0.347417,0.431352,1.28055,-0.136711,0.711215,0.347159
3.14,0.999376,0.0270488,0.0221246,0.00512067,0.0817972,0.0231492,-0.0402001,0.719346,0.124914,-0.862594,0.0988508,0.0811579,-0.10267,0.6972,0.388241,-0.998515,-0.00168378,0.679606,0.382565,-0.992939,-0.00166671,0.701433,0.425001,-0.996755,0.00081987,0.73961,0.373744,-0.988804,-0.00215361,0.723912,0.353357,-0.980884,-0.00141028,0.780657,0.338817,-1.01032,0.000691919,0.761663,0.352747,-0.994262,-0.00112763,0.731163,0.322639,-0.988269,-0.000512823,0.707803,0.345682,-0.998313,0.000243877,0.671185,0.363095,-1.00736,8.68898e-05,0.703377,0.370623,-0.983331,0.000656367,0.695118,0.376683,-0.980499,0.000904759,0.713702,0.345999,-0.975922,-0.000962976,0.72403,0.363945,-0.982933,0.00192603,0.733023,0.372904,-0.990665,-0.0002715,0.750679,0.390004,-0.98685,-0.00103903,0.766781,0.401957,-0.984828,-0.0010846,0.75584,0.391039,-0.983557,-0.00113457,0.761577,0.409233,-0.99082,-0.00115034,0.775788,0.419209,-0.979055,0.000107661,0.745698,0.489653,-0.993851,-0.000105749,0.713045,0.504143,-1.00227,0.00113905,0.711343,0.480885,-1.00379,-0.00140829,0.728148,0.49791,-0.993384,-0.00106326,0.752851,0.522799,-0.984542,6.21978e-05,0.788813,0.50305,-0.986433,4.85672e-05,0.753254,0.481277,-0.994123,-0.000186778,0.746515,0.522098,-0.988518,-0.00101167,0.738588,0.5519,-0.987923,-0.000391054,0.748693,0.572403,-0.980302,0.000272837,0.756447,0.574166,-0.987406,-0.00053615,0.75241,0.548835,-0.973587,2.93238e-05,0.702968,0.551861,-0.991205,0.000823172,0.691423,0.591142,-0.994151,0.00188576,0.706648,0.596436,-0.995495,0.000285557,0.74944,0.581175,-0.991886,0.0011212,0.755254,0.51448,-0.998,0.000228785,0.733688,0.52282,-0.995525,0.00035541,0.735089,0.513643,-0.989434,-8.60917e-05,0.760037,0.512334,-0.999903,0.000676072,0.751741,0.528426,-0.983027,0.000925706,0.739836,0.549838,-0.998218,-3.44444e-05,0.73444,0.559443,-0.994631,8.41092e-05,0.726168,0.576844,-0.986562,0.0013832,0.743815,0.524454,-0.992287,-3.39069e-05,0.770272,0.501423,-0.986799,0.000434745,0.746275,0.502581,-0.992842,0.000359585,0.785433,0.465434,-0.986577,0.000518897,0.761029,0.465358,-0.988952,-5.75786e-05,0.747402,0.427069,-0.996305,0.00148562,0.716691,0.435501,-0.989343,-0.000564484,0.719294,0.431513,-0.990561,0.000930874,0.71033,0.404213,-0.987595,0.000719376,0.666719,0.39845,-0.997981,0.000530734,0.643213,0.363884,-0.989791,0.000441778,0.638506,0.400829,-0.985808,0.00139291,0.637571,0.361525,-0.985443,0.00133188,0.63362,0.334757,-0.98616,0.00183858,0.653025,0.344246,-0.985449,0.00122801,0.657406,0.3427,-0.986035,0.000624908,0.71171,0.286586,-0.990042,0.000746633,0.760777,0.23707,-0.984822,0.00153409,0.779061,0.26086,-0.990482,0.00125719,0.755541,0.25874,-0.985951,0.00104682,0.759605,0.258878,-0.989646,0.000661446,0.721879,0.201209,-0.99041,0.000747692,0.749111,0.214541,-0.9911,0.000867575,0.720675,0.18995,-0.990963,0.00120364,0.711042,0.199007,-0.989994,0.000940681,0.714158,0.208485,-0.990826,0.000911149,0.7,0,-1,-0.104811,0.281631,-0.136521,-0.167858,0.0106196,1.10587,0.999963,0.000532454,0.00855797,-0.00104378,0.0125971,-0.0379375,-0.0300736,0,0,-0.39819,0.45,1,5,0.785398,0,0,0,0.0106294,0.178562,0.041956,-2.73148,-0.825159,0.221261,0.0117558,0.170192,0.0389734,0.547833,0.323969,0.486286,0.229658,nan,nan,nan,nan,nan,nan,nan,nan,0.0612446,-0.224582,1.24127,732.659,452.432,649.387,339.662,-2.82322,3,-2,-0.379013,0.458553,1.31005,-1.67534,1.07868,-0.178641
3.16,0.999362,0.0276762,0.0220558,0.00479996,0.0598372,0.00961325,-0.0314353,0.721665,0.126938,-0.861769,0.0923679,0.0893795,-0.0979773,0.687683,0.38821,-0.992961,-0.00154658,0.719536,0.39157,-0.997184,0.000958687,0.761879,0.342128,-0.9878,-0.00197935,0.722571,0.358365,-0.977829,-0.00140264,0.758143,0.337056,-1.0085,0.000765547,0.774026,0.34003,-0.993661,-0.00135994,0.722769,0.336092,-0.987832,-0.000396731,0.71554,0.346577,-0.99899,0.000121087,0.69966,0.370219,-1.00611,0.000131008,0.675715,0.374185,-0.984353,0.000847328,0.691632,0.368348,-0.982568,0.000938912,0.697252,0.335514,-0.976345,-0.000876365,0.718801,0.360485,-0.984381,0.00211413,0.726309,0.338644,-0.990696,-0.000225919,0.72225,0.359218,-0.986587,-0.000764147,0.778509,0.386178,-0.982993,-0.00101419,0.769985,0.399173,-0.985132,-0.00122811,0.785176,0.401112,-0.989808,-0.00108046,0.767999,0.427556,-0.978917,4.6819e-05,0.755263,0.477365,-0.992333,-9.51977e-05,0.704494,0.533534,-1.00226,0.00104705,0.713268,0.489596,-1.00351,-0.0012704,0.720588,0.484181,-0.992215,-0.000992335,0.731219,0.487252,-0.983429,-2.24919e-05,0.757876,0.477914,-0.987792,0.000127455,0.759518,0.477741,-0.993903,-0.000312163,0.768793,0.533292,-0.986751,-0.000973142,0.729947,0.553917,-0.988582,-0.000303384,0.724328,0.565195,-0.979251,0.000282244,0.742122,0.558493,-0.987329,-0.000653258,0.740113,0.596008,-0.974474,-5.09654e-05,0.699554,0.567041,-0.99093,0.000913219,0.69859,0.630274,-0.994627,0.00178632,0.702286,0.619313,-0.995194,0.000264875,0.734163,0.602182,-0.991569,0.00110777,0.752644,0.550907,-0.998911,0.000427633,0.699819,0.550487,-0.994987,0.000525354,0.694488,0.555874,-0.98784,-4.19029e-05,0.705707,0.516029,-0.99756,0.000583171,0.742112,0.536501,-0.983746,0.000839911,0.735409,0.581486,-0.998707,-8.62538e-05,0.71337,0.571475,-0.992053,5.42135e-05,0.728691,0.559077,-0.985113,0.00135003,0.733256,0.529666,-0.991141,-0.000111711,0.736629,0.528776,-0.987915,0.000360949,0.752238,0.538629,-0.993562,0.000421625,0.774207,0.497408,-0.987195,0.000617135,0.762137,0.480795,-0.988042,-0.00017839,0.743012,0.45314,-0.997372,0.00148595,0.71694,0.464827,-0.989296,-0.000452659,0.737106,0.430849,-0.990746,0.000864088,0.693136,0.403765,-0.988238,0.000789289,0.651436,0.386862,-0.999052,0.000521991,0.649021,0.386735,-0.988943,0.000481537,0.652809,0.40334,-0.985968,0.00152938,0.683893,0.392004,-0.984083,0.00141681,0.624742,0.355685,-0.985979,0.00193111,0.661168,0.362873,-0.985224,0.00112299,0.659225,0.315615,-0.983425,0.000632807,0.674471,0.303414,-0.989635,0.000807912,0.742231,0.239597,-0.985892,0.00143499,0.776387,0.254561,-0.990768,0.00130621,0.773037,0.234185,-0.986213,0.000976908,0.764403,0.244594,-0.991159,0.000421428,0.692864,0.219523,-0.990162,0.000752684,0.761837,0.214901,-0.990048,0.00102206,0.722052,0.183425,-0.990683,0.00115552,0.714932,0.235131,-0.990998,0.000943056,0.749563,0.222856,-0.990227,0.00106037,0.745746,0.231197,-0.990437,0.0009909,0.7,0,-1,-0.0810906,0.258563,-0.119044,-0.0967565,-0.0520851,1.1439,0.999983,-0.00266587,0.00492999,-0.00188558,-0.125266,-0.00265117,-0.0345002,0,0,-0.399841,0.45,1,5,0.785398,0,0,0,0.0104078,0.17842,0.0419644,-1.25576,0.541089,0.248946,-0.00295815,0.182298,0.0400483,0.576186,0.304099,0.491124,0.230015,nan,nan,nan,nan,nan,nan,nan,nan,0.115694,-0.256939,1.22817,745.586,446.16,652.555,337.273,-2.81738,2.99359,-2,-0.382462,0.475221,1.20439,-0.324144,0.411081,0.234658
3.18,0.99936,0.0277722,0.0220975,0.00447901,-0.00410752,0.00741145,-0.035001,0.723919,0.129295,-0.861225,0.0849377,0.117371,-0.0967715,0.73361,0.384578,-0.997733,0.000942557,0.761548,0.350627,-0.990888,-0.00197064,0.718356,0.329937,-0.977986,-0.00152008,0.764827,0.323156,-1.00853,0.000646816,0.780221,0.323875,-0.992065,-0.00146943,0.725446,0.342474,-0.987435,-0.000428276,0.726749,0.345101,-0.997953,0.000174809,0.705965,0.361276,-1.0045,0.000244902,0.686725,0.341583,-0.984439,0.00073091,0.686784,0.353433,-0.980428,0.000997318,0.704297,0.354768,-0.975735,-0.000799766,0.730256,0.356434,-0.983502,0.00209894,0.719607,0.351685,-0.987562,-0.000361104,0.743372,0.340942,-0.985158,-0.000585641,0.76641,0.384956,-0.981789,-0.00112722,0.746255,0.393616,-0.985112,-0.00113312,0.746431,0.40674,-0.990391,-0.0010097,0.740887,0.412014,-0.977728,6.99665e-05,0.729705,0.474212,-0.992877,0.000118966,0.704024,0.500741,-1.00002,0.00112395,0.729854,0.489189,-1.00447,-0.00123887,0.721191,0.48073,-0.993311,-0.00101465,0.728639,0.454108,-0.984165,0.000108075,0.744777,0.467614,-0.987717,0.000105324,0.748354,0.490496,-0.993679,-0.00041397,0.767759,0.52411,-0.984431,-0.000819955,0.747903,0.541291,-0.9868,-0.00047197,0.747573,0.519344,-0.97778,0.000200738,0.769881,0.553356,-0.985804,-0.00072264,0.745492,0.613261,-0.973948,-0.000125415,0.70955,0.606735,-0.988909,0.000705808,0.700844,0.626214,-0.994628,0.00171671,0.730516,0.614353,-0.993734,0.000424322,0.722462,0.574313,-0.99141,0.00110182,0.748566,0.578979,-0.99848,0.000537689,0.713828,0.559595,-0.996468,0.000475783,0.706346,0.590791,-0.986563,-6.11439e-05,0.695575,0.58281,-0.995453,0.000585657,0.724339,0.579644,-0.98368,0.000664776,0.722031,0.586423,-0.997599,-0.000139225,0.734439,0.547891,-0.991102,8.85591e-05,0.710445,0.558013,-0.985102,0.00148575,0.725994,0.572708,-0.989914,-0.000242932,0.72913,0.565974,-0.987136,0.000282682,0.74999,0.545757,-0.99183,0.000400117,0.783423,0.544725,-0.98691,0.000651971,0.748172,0.480318,-0.989055,-0.000243447,0.725358,0.460318,-0.996841,0.00135536,0.732222,0.450166,-0.989519,-0.000302482,0.745794,0.443884,-0.989278,0.000901993,0.676265,0.444293,-0.987824,0.000900846,0.647289,0.435476,-0.999187,0.000460614,0.616951,0.429795,-0.988928,0.000757186,0.639105,0.408967,-0.985225,0.00135832,0.690596,0.418458,-0.985092,0.00121603,0.645894,0.394841,-0.986627,0.00165821,0.661338,0.380715,-0.984732,0.00099009,0.672033,0.347375,-0.983638,0.000758666,0.676662,0.341891,-0.989314,0.000539096,0.746931,0.283472,-0.985869,0.00134655,0.775683,0.259611,-0.99066,0.00126565,0.766753,0.287043,-0.987907,0.000979978,0.765576,0.249798,-0.990579,0.000376943,0.735128,0.218632,-0.989774,0.000643292,0.762837,0.217722,-0.990393,0.00106438,0.761074,0.189691,-0.991971,0.00101316,0.749225,0.227985,-0.991675,0.00123106,0.746865,0.226932,-0.989339,0.00121595,0.738621,0.211784,-0.98964,0.000940291,0.740877,0.238325,-0.989531,0.00104126,0.7,0,-1,-0.0556919,0.23969,-0.133417,0.0180367,-0.148756,1.08814,0.99997,-0.00758225,-0.000928666,-0.001211,-0.119892,-0.0399681,-0.0256906,0,0,-0.399734,0.45,1,5,0.785398,0,0,0,0.00994321,0.178409,0.041964,-3.33644,0.81747,0.218995,-0.00476388,0.181411,0.0406257,0.561405,0.320289,0.488351,0.232237,nan,nan,nan,nan,nan,nan,nan,nan,0.188045,-0.203391,1.23472,741.693,447.819,651.782,336.219,-2.81738,3,-2,-0.38125,0.474774,1.24456,-0.371514,1.39955,0.0602875
3.2,0.999363,0.0275794,0.0222301,0.00434065,-0.042885,0.029407,-0.0319376,0.724914,0.130491,-0.86095,0.078985,0.12161,-0.0979121,0.752413,0.308747,-0.991291,-0.00187382,0.719944,0.307614,-0.976128,-0.00147385,0.750291,0.281223,-1.00843,0.000544475,0.76385,0.295618,-0.990374,-0.00150028,0.728218,0.297201,-0.984795,-0.000324382,0.747728,0.322576,-0.996545,9.78441e-06,0.71868,0.349468,-1.00354,8.66049e-05,0.710326,0.312097,-0.983099,0.00076871,0.72563,0.316075,-0.979421,0.00100259,0.695421,0.336859,-0.975277,-0.000706664,0.717058,0.366398,-0.984051,0.00189032,0.739021,0.341399,-0.986421,-0.00041308,0.759876,0.345583,-0.985815,-0.000336331,0.771452,0.375319,-0.98134,-0.000932726,0.750698,0.372639,-0.985239,-0.000950241,0.73673,0.373936,-0.990753,-0.000942083,0.725958,0.387191,-0.978278,7.19393e-05,0.735996,0.43925,-0.993524,0.000211769,0.731332,0.486824,-0.999771,0.00132457,0.735454,0.476797,-1.00564,-0.00108824,0.738621,0.44881,-0.993702,-0.000840671,0.70986,0.448794,-0.984193,0.000183491,0.746901,0.462086,-0.988397,9.36935e-05,0.739803,0.477924,-0.993609,-0.000365038,0.741497,0.52742,-0.984096,-0.000525499,0.732476,0.503577,-0.98618,-0.000384877,0.748352,0.51666,-0.979718,0.000211012,0.759369,0.544289,-0.98486,-0.000746593,0.75529,0.57018,-0.974326,-0.000331211,0.75644,0.600699,-0.990632,0.000795452,0.711519,0.623018,-0.993428,0.00171048,0.744284,0.635584,-0.993052,0.000459334,0.717981,0.593167,-0.989933,0.000901308,0.709551,0.581803,-0.998566,0.000531979,0.683684,0.568401,-0.997645,0.000454577,0.694469,0.605598,-0.986606,-0.000319603,0.712456,0.574957,-0.997552,0.000692794,0.701979,0.547085,-0.983432,0.000849359,0.710194,0.605182,-0.996386,-0.000249896,0.733355,0.54864,-0.990313,2.78841e-05,0.706879,0.588449,-0.985119,0.0012655,0.7029,0.572232,-0.989728,-0.00016978,0.7305,0.581391,-0.988012,0.000325346,0.738882,0.589101,-0.99106,0.000302272,0.730942,0.567697,-0.987742,0.000497885,0.746863,0.535479,-0.989346,-0.000217375,0.735353,0.488546,-0.994741,0.00161093,0.71653,0.47835,-0.989702,-0.000308774,0.716143,0.462778,-0.988528,0.000941679,0.650249,0.480739,-0.987782,0.000692127,0.662946,0.439543,-0.999064,0.000360751,0.630436,0.424824,-0.988916,0.000772356,0.662844,0.435435,-0.984725,0.00135807,0.693032,0.451545,-0.983964,0.00117018,0.645797,0.421505,-0.988389,0.00171205,0.605669,0.385582,-0.985631,0.00110497,0.664861,0.372211,-0.985795,0.000813351,0.702312,0.394727,-0.986709,0.000580245,0.778283,0.309755,-0.986284,0.00142578,0.752537,0.30027,-0.990872,0.00111902,0.738722,0.309139,-0.987611,0.00101614,0.752175,0.219036,-0.990097,0.000725943,0.748887,0.234398,-0.989761,0.00055922,0.770293,0.204277,-0.988549,0.0010519,0.755211,0.212357,-0.992248,0.000935666,0.73722,0.250174,-0.990497,0.00119986,0.742667,0.211287,-0.987999,0.00110923,0.74532,0.202517,-0.989929,0.00092407,0.737901,0.257577,-0.989674,0.00115837,0.766457,0.217319,-0.989282,0.00105627,0.7,0,-1,-0.0357864,0.222454,-0.144102,0.0564481,-0.140673,1.03983,0.99997,-0.00716796,-0.00288347,-0.000862572,-0.166973,-0.106568,-0.0274325,0,0,-0.399104,0.45,1,5,0.785398,0,0,0,0.00959446,0.178114,0.041987,-3.18119,0.262868,0.260186,0.00251751,0.174817,0.0415564,0.546981,0.340024,0.484905,0.23716,nan,nan,nan,nan,nan,nan,nan,nan,0.194699,-0.209312,1.22458,734.903,472.528,650.231,339.592,-2.80842,2.97357,-2,-0.387308,0.476257,1.15825,-0.297631,0.211995,-0.0570297
3.22,0.999397,0.0266912,0.0218996,0.00376722,-0.0528933,-0.01511,-0.0291429,0.728684,0.136145,-0.858592,0.0598867,0.136176,-0.105326,0.738876,0.276815,-0.975521,-0.00149482,0.743669,0.272625,-1.00659,0.000341683,0.764748,0.279574,-0.993035,-0.00160694,0.749418,0.277049,-0.982323,-0.000187882,0.752006,0.287575,-0.997511,-8.23514e-05,0.724959,0.268923,-1.00175,0.000169621,0.733736,0.270793,-0.983688,0.000815565,0.729804,0.281671,-0.980997,0.00109804,0.734746,0.313163,-0.974485,-0.00074743,0.738064,0.322715,-0.985773,0.00194631,0.755933,0.299256,-0.985123,-0.000307297,0.767083,0.337824,-0.986021,-0.000353001,0.745713,0.371535,-0.980842,-0.000996258,0.742204,0.367262,-0.985173,-0.000909663,0.759075,0.373996,-0.990096,-0.000779878,0.742342,0.387532,-0.978059,-0.000129423,0.740509,0.441022,-0.9934,0.000151494,0.718585,0.465799,-0.998863,0.00133277,0.715234,0.488787,-1.0053,-0.00118276,0.723697,0.477844,-0.992576,-0.00081558,0.723094,0.49278,-0.983714,8.70361e-05,0.731422,0.474672,-0.987738,0.00012264,0.734337,0.497302,-0.992688,-0.000581269,0.736036,0.53095,-0.984764,-0.000471878,0.709666,0.513162,-0.98805,-0.000319352,0.75145,0.504602,-0.979633,0.00016511,0.785263,0.545823,-0.983818,-0.000826668,0.769533,0.572616,-0.972607,-0.000266969,0.723458,0.630108,-0.990115,0.000802307,0.693139,0.653913,-0.992788,0.0017417,0.729119,0.622128,-0.99307,0.000536577,0.728508,0.596621,-0.989037,0.000842857,0.679759,0.573559,-0.996958,0.000421207,0.66934,0.570989,-0.997707,0.000541799,0.678415,0.591878,-0.983387,-0.000430334,0.679814,0.595628,-0.999193,0.00073585,0.712663,0.590572,-0.982052,0.000722073,0.715985,0.594724,-0.997621,-0.000428107,0.702784,0.593171,-0.989831,-0.000184764,0.720426,0.564887,-0.985226,0.00125078,0.698196,0.585426,-0.990661,-8.90791e-05,0.730559,0.619907,-0.986091,0.000380173,0.748424,0.584232,-0.990543,0.000146451,0.721493,0.564656,-0.990539,0.000412406,0.728462,0.563852,-0.988537,-0.000365367,0.761276,0.519797,-0.994276,0.00158993,0.712019,0.527593,-0.990628,-0.000342687,0.699062,0.492024,-0.990005,0.000996276,0.652335,0.523959,-0.987337,0.000889094,0.679056,0.4621,-0.998492,0.000465034,0.63362,0.461458,-0.99059,0.000904049,0.622139,0.41964,-0.984107,0.00127752,0.630591,0.456715,-0.983277,0.00103202,0.627943,0.438847,-0.988717,0.00188281,0.639215,0.402645,-0.985346,0.00114482,0.672855,0.422145,-0.985811,0.000767663,0.703981,0.385151,-0.985556,0.000693097,0.781459,0.325192,-0.988085,0.00154842,0.750846,0.307743,-0.989928,0.00115401,0.746539,0.303838,-0.986238,0.00101862,0.748576,0.253874,-0.989299,0.000912653,0.757507,0.252767,-0.989318,0.000653355,0.78541,0.221128,-0.990336,0.00110743,0.757661,0.229241,-0.991948,0.000891096,0.784584,0.233538,-0.990626,0.00106319,0.758806,0.213432,-0.99,0.00107613,0.757515,0.222504,-0.990087,0.000994226,0.717811,0.261319,-0.98913,0.00120088,0.771474,0.240589,-0.989742,0.00108448,0.755006,0.249498,-0.988807,0.0011318,0.7,0,-1,-0.00218565,0.212925,-0.144484,0.203419,-0.176632,1.08325,0.999906,-0.00900698,-0.010365,0.000377856,-0.202305,-0.0873249,-0.0190215,0,0,-0.402052,0.45,1,5,0.785398,0,0,0,0.00953509,0.177953,0.0419944,2.45603,-4.72198,-0.0237328,-0.0137089,0.183807,0.0415241,0.562384,0.318917,0.482607,0.232508,nan,nan,nan,nan,nan,nan,nan,nan,0.197804,-0.192221,1.23989,733.925,465.957,648.417,338.052,-2.8661,3,-2,-0.378038,0.457225,1.23028,-0.954915,0.728254,-0.370675
3.24,0.999452,0.0253307,0.0210556,0.00338903,-0.0966267,-0.11252,-0.0307943,0.730891,0.140879,-0.857305,0.0436098,0.16576,-0.0929917,0.753,0.267974,-1.00716,0.000437632,0.756185,0.261872,-0.992271,-0.00146375,0.740724,0.271173,-0.982653,-0.000383972,0.747733,0.275429,-0.997844,-1.98932e-05,0.749413,0.261835,-1.0028,0.00036199,0.727795,0.279795,-0.983904,0.000627907,0.737709,0.270283,-0.980245,0.00123739,0.734027,0.321871,-0.975984,-0.000729984,0.744509,0.296532,-0.987083,0.00209315,0.752908,0.294171,-0.984576,-0.000183434,0.77777,0.313409,-0.984159,-0.000360449,0.753698,0.343808,-0.982725,-0.000821421,0.75769,0.348341,-0.986778,-0.00121163,0.769561,0.375686,-0.989927,-0.000417884,0.752428,0.404841,-0.978859,-0.000265106,0.745624,0.434985,-0.992893,0.000222489,0.733649,0.460832,-0.997388,0.00134761,0.722303,0.475557,-1.00522,-0.001098,0.722679,0.474758,-0.991887,-0.000843718,0.700409,0.50158,-0.981734,0.000217873,0.753645,0.481402,-0.986161,0.000307583,0.712232,0.487041,-0.991578,-0.00064366,0.714281,0.522807,-0.985487,-0.000518064,0.726391,0.528954,-0.986526,-1.12245e-05,0.74017,0.55011,-0.979548,0.000247249,0.753931,0.532263,-0.98175,-0.000617474,0.769075,0.55496,-0.972638,-0.00038414,0.755961,0.613912,-0.988986,0.000744527,0.696586,0.621023,-0.992974,0.00176664,0.685351,0.614754,-0.995261,0.000408445,0.703231,0.616675,-0.989535,0.000775903,0.670081,0.597905,-0.997364,0.000422544,0.661585,0.607297,-0.998764,0.00062342,0.66991,0.617629,-0.983077,-0.000538375,0.694132,0.613368,-0.997094,0.000606153,0.72112,0.614063,-0.983135,0.000738728,0.727593,0.61381,-1.00058,-0.000365138,0.714381,0.616075,-0.988951,-0.000258871,0.723515,0.59241,-0.986136,0.00102875,0.705897,0.629213,-0.990246,-9.86308e-05,0.758529,0.648402,-0.986446,0.000370309,0.737111,0.59056,-0.992241,0.000160232,0.725945,0.553211,-0.991736,0.000436304,0.741688,0.565239,-0.987076,-0.000349274,0.718629,0.520259,-0.995574,0.00179233,0.679818,0.531421,-0.992102,-0.000394398,0.682721,0.524059,-0.989918,0.000947764,0.628676,0.529836,-0.986932,0.00100791,0.644979,0.50297,-0.999778,0.0005973,0.624759,0.497764,-0.988583,0.00108615,0.61423,0.489133,-0.984012,0.00118362,0.642042,0.481489,-0.983879,0.00101772,0.637407,0.475703,-0.990335,0.00209067,0.654569,0.437562,-0.984691,0.00124122,0.68641,0.436999,-0.987184,0.000821241,0.698897,0.40878,-0.983312,0.000557847,0.77136,0.394737,-0.986896,0.00151669,0.738995,0.342928,-0.990108,0.00110303,0.71901,0.338141,-0.98557,0.00120478,0.739142,0.264998,-0.990087,0.000830093,0.711259,0.255701,-0.988359,0.000618643,0.767061,0.262296,-0.99012,0.00131845,0.73438,0.229951,-0.991427,0.000793513,0.758312,0.242702,-0.990894,0.00106512,0.744011,0.232081,-0.989853,0.00111892,0.736658,0.255856,-0.990389,0.0010753,0.768261,0.250892,-0.989887,0.00131791,0.75734,0.229495,-0.990944,0.000990647,0.734148,0.228075,-0.989132,0.00102123,0.738116,0.230121,-0.989979,0.000908047,0.7,0,-1,-0.00218565,0.212925,-0.144484,0.203419,-0.176632,1.08325,0.999906,-0.00900698,-0.010365,0.000377856,-0.193187,-0.0729616,-0.018302,0,0,-0.403803,0.45,1,5,0.785398,0,0,0,0.00911291,0.177816,0.0419926,-2.85329,0.239866,-0.675951,-0.00226739,0.186535,0.0421684,0.573096,0.30629,0.485325,0.225427,nan,nan,nan,nan,nan,nan,nan,nan,0.152512,-0.0721095,1.28922,742.338,457.021,647.82,334.532,-2.91113,3,-2,-0.363593,0.434409,1.22159,-0.813847,1.47923,0.616698
3.26,0.999472,0.0249541,0.0205732,0.00323829,-0.0844979,-0.107447,-0.0317798,0.731553,0.142549,-0.856901,0.0417287,0.172216,-0.0972698,0.765386,0.241558,-0.991566,-0.00141209,0.734006,0.242024,-0.98158,-0.000307996,0.732403,0.259399,-0.998883,7.55788e-05,0.773899,0.247153,-1.00363,0.000277773,0.748612,0.250476,-0.983769,0.000647914,0.748926,0.267022,-0.981265,0.00122474,0.707299,0.294903,-0.975979,-0.000662541,0.716212,0.29043,-0.986375,0.00211009,0.741612,0.305086,-0.983922,-7.22679e-05,0.759646,0.313209,-0.984424,-0.000531157,0.764794,0.299557,-0.982579,-0.00100111,0.781593,0.331053,-0.987482,-0.00126693,0.756457,0.341833,-0.989857,-0.000338702,0.760435,0.379405,-0.978606,-0.000327573,0.726448,0.425004,-0.992332,-8.67601e-06,0.73928,0.438785,-0.99846,0.00134346,0.709333,0.4438,-1.00431,-0.00120722,0.755488,0.488552,-0.990875,-0.000983099,0.72036,0.500512,-0.982541,0.000325068,0.746395,0.469825,-0.987759,0.000428956,0.705449,0.489047,-0.989136,-0.000913976,0.711658,0.480956,-0.987208,-0.000722743,0.733357,0.511124,-0.986608,-6.13332e-05,0.732743,0.514924,-0.979412,0.000169498,0.731432,0.525405,-0.982779,-0.000673713,0.762741,0.523646,-0.973394,-0.000311234,0.741769,0.608437,-0.989837,0.000859202,0.717746,0.600409,-0.990212,0.00167476,0.714461,0.607458,-0.996822,0.000667926,0.692896,0.594905,-0.988245,0.000688119,0.674115,0.600087,-0.997493,0.00041973,0.691305,0.62382,-0.998442,0.000657506,0.650074,0.61669,-0.982057,-0.000395723,0.684051,0.611838,-0.998389,0.000756402,0.691551,0.608335,-0.982951,0.00053939,0.705244,0.590343,-0.999541,-0.000285057,0.713156,0.652555,-0.990717,-0.000351304,0.733442,0.624842,-0.985291,0.00100818,0.709987,0.63937,-0.988454,-0.000209775,0.72576,0.630912,-0.986013,0.000234409,0.745042,0.584046,-0.991542,0.000288822,0.756218,0.57731,-0.991774,0.000195623,0.738486,0.593978,-0.987663,-0.0004927,0.707429,0.571788,-0.993773,0.00188506,0.700806,0.572866,-0.992201,-0.000459693,0.685335,0.539151,-0.989906,0.000886434,0.664179,0.550212,-0.985194,0.000902651,0.664794,0.543204,-0.999189,0.000661933,0.653186,0.545967,-0.98759,0.00109165,0.618597,0.514518,-0.982626,0.00116197,0.640066,0.523859,-0.983511,0.00106579,0.629075,0.501079,-0.989013,0.00209314,0.62415,0.44827,-0.985237,0.00117915,0.684234,0.45,-0.985605,0.000885435,0.705842,0.429523,-0.982159,0.000726849,0.771673,0.399671,-0.988126,0.00144334,0.766418,0.367516,-0.991531,0.00118458,0.730954,0.357023,-0.984733,0.00119456,0.744039,0.278108,-0.98938,0.00101356,0.744935,0.256993,-0.986674,0.000587347,0.774961,0.276123,-0.988277,0.00129795,0.736827,0.248974,-0.991633,0.000751387,0.734919,0.24634,-0.990107,0.00108698,0.737302,0.241323,-0.988434,0.00110228,0.733961,0.242966,-0.992398,0.00100884,0.769498,0.235585,-0.99005,0.0012853,0.736378,0.252112,-0.992191,0.00111967,0.734908,0.256495,-0.989002,0.000716633,0.744646,0.221398,-0.990044,0.000749532,0.72851,0.211355,-0.989786,0.000933293,0.7,0,-1,0.0148285,0.132298,-0.138815,0.188186,-0.429494,1.16271,0.999714,-0.0218692,-0.0096121,-0.00114727,-0.196897,-0.135693,-0.0270083,0,0,-0.396809,0.45,1,5,0.785398,0,0,0,0.0085316,0.177937,0.0420275,-2.30741,-1.86203,-0.407334,0.028039,0.175222,0.0429363,0.543648,0.335701,0.497206,0.210438,nan,nan,nan,nan,nan,nan,nan,nan,0.147216,-0.202626,1.32889,734.49,467.206,659.35,326.853,-2.8848,2.98922,-2,-0.357366,0.430615,1.16895,-0.0940552,0.322782,-0.213905
3.28,0.99956,0.0231146,0.0183967,0.00265415,-0.160815,-0.181249,-0.0433584,0.733322,0.14808,-0.856222,0.0256521,0.189795,-0.101413,0.761448,0.221753,-0.981062,-0.000452549,0.75937,0.224388,-0.997869,0.000165607,0.788299,0.231177,-1.00283,0.000299024,0.750412,0.231473,-0.984099,0.000799177,0.716847,0.271654,-0.984289,0.00117816,0.744675,0.279217,-0.975462,-0.000657468,0.723189,0.262998,-0.986275,0.00221679,0.759451,0.288671,-0.983886,1.39212e-05,0.761818,0.295731,-0.985001,-0.000471531,0.797924,0.294593,-0.98032,-0.00099421,0.796011,0.32823,-0.988384,-0.00130677,0.775067,0.332309,-0.989887,-0.00028781,0.742292,0.357247,-0.980062,-0.000284686,0.714817,0.388896,-0.991958,-7.5444e-05,0.714428,0.398129,-0.998174,0.00138198,0.725067,0.448552,-1.00612,-0.00115403,0.762519,0.51269,-0.990673,-0.000902986,0.752704,0.497773,-0.981608,0.000211771,0.738675,0.478042,-0.985862,0.00046861,0.714785,0.510932,-0.989524,-0.00100389,0.729508,0.498258,-0.985731,-0.000663963,0.746277,0.515839,-0.98606,5.70133e-05,0.767159,0.500652,-0.979525,0.000265277,0.744795,0.503481,-0.982163,-0.000504396,0.749523,0.522247,-0.972113,-0.000413638,0.73989,0.618538,-0.989954,0.000837295,0.738161,0.595279,-0.992574,0.00164713,0.73014,0.589743,-0.998784,0.000574599,0.691052,0.562277,-0.988732,0.000707354,0.693399,0.568725,-0.997274,0.000515048,0.696686,0.586757,-0.997249,0.000768348,0.683628,0.623092,-0.980918,-0.00050209,0.688557,0.633709,-0.997391,0.00070588,0.688001,0.604694,-0.981775,0.000473386,0.701118,0.614335,-0.998977,-0.00022807,0.724066,0.630761,-0.99037,-0.000363858,0.715306,0.635029,-0.984249,0.000984465,0.703922,0.600977,-0.986647,-0.000156853,0.731095,0.638507,-0.985552,0.000296582,0.737631,0.584586,-0.990727,0.000249655,0.737327,0.601383,-0.992564,0.000107371,0.727074,0.600271,-0.98808,-0.000506252,0.728612,0.566632,-0.992147,0.00184019,0.717933,0.561836,-0.991249,-0.000289101,0.696892,0.548891,-0.991357,0.000971913,0.647573,0.593797,-0.984457,0.000769987,0.632726,0.586411,-0.998713,0.00068771,0.651987,0.568576,-0.987606,0.00123464,0.628278,0.516209,-0.984034,0.00107611,0.607825,0.54585,-0.981901,0.00108212,0.641794,0.530254,-0.98887,0.0020133,0.640899,0.476872,-0.985034,0.00108703,0.699,0.474184,-0.985566,0.000914872,0.723149,0.449379,-0.981854,0.000817828,0.733466,0.411261,-0.989862,0.00158685,0.761592,0.379878,-0.990645,0.00121207,0.71446,0.331159,-0.984721,0.00135806,0.740487,0.309567,-0.989639,0.000969677,0.742485,0.299763,-0.9846,0.000547584,0.770787,0.344362,-0.988307,0.00123574,0.739518,0.300652,-0.99129,0.000890929,0.744032,0.287767,-0.99221,0.00108627,0.733912,0.266839,-0.98806,0.00110558,0.720139,0.266221,-0.99351,0.00106793,0.750298,0.233171,-0.990268,0.00124551,0.73114,0.288632,-0.992449,0.00107524,0.752507,0.261416,-0.989661,0.000750403,0.742662,0.226338,-0.988915,0.000715681,0.701637,0.185959,-0.9896,0.00100051,0.718202,0.199369,-0.989502,0.00103968,0.7,0,-1,0.00175292,0.0974589,-0.123116,0.194911,-0.385365,1.19777,0.999757,-0.0196252,-0.00994935,-0.000942748,-0.232021,-0.147905,-0.0204337,0,0,-0.400115,0.45,1,5,0.785398,0,0,0,0.00850413,0.177968,0.0420734,-4.45909,0.638597,0.00232542,0.016062,0.183639,0.0439187,0.565473,0.328687,0.500123,0.218403,nan,nan,nan,nan,nan,nan,nan,nan,0.122473,-0.0425621,1.28458,734.436,465.03,662.682,323.763,-2.93323,3,-2,-0.319469,0.399217,1.16405,-0.803831,0.87897,-0.207178
3.3,0.999631,0.0208772,0.0172317,0.0022095,-0.2647,-0.115598,-0.0537926,0.734387,0.152043,-0.854983,0.017956,0.198383,-0.0917188,0.789551,0.221167,-0.998196,0.000127964,0.777502,0.211301,-1.00296,0.000288744,0.749838,0.178503,-0.984202,0.00082762,0.704709,0.250689,-0.983941,0.00110635,0.756148,0.276126,-0.977645,-0.000735712,0.73344,0.258547,-0.985914,0.00217133,0.778755,0.296801,-0.983262,9.71775e-05,0.754291,0.284805,-0.986511,-0.000344393,0.764616,0.280037,-0.978979,-0.000973186,0.783082,0.347279,-0.987074,-0.00135586,0.760836,0.327129,-0.990126,-0.000242801,0.727607,0.340893,-0.981138,-0.000325158,0.731988,0.382044,-0.992357,2.68212e-06,0.739534,0.397617,-0.998346,0.0015913,0.760087,0.458679,-1.0049,-0.00124347,0.755806,0.498429,-0.992012,-0.000816999,0.759759,0.472378,-0.983204,0.000472571,0.721698,0.467196,-0.986898,0.000428969,0.715578,0.4822,-0.988816,-0.00104697,0.729015,0.495287,-0.982443,-0.000738662,0.717717,0.466331,-0.98706,2.00202e-05,0.758186,0.467674,-0.977883,0.000450363,0.7436,0.507645,-0.982623,-0.000727828,0.746141,0.524927,-0.972503,-0.000639867,0.767868,0.54912,-0.990352,0.000835353,0.742367,0.575335,-0.99222,0.0016877,0.725155,0.589763,-0.999474,0.000606927,0.719102,0.575777,-0.989472,0.000666064,0.671788,0.575676,-0.995618,0.000498881,0.672308,0.604715,-0.995008,0.000615049,0.677315,0.627479,-0.98166,-0.000521056,0.672764,0.623933,-0.995009,0.000822778,0.698077,0.632205,-0.980223,0.000471095,0.718422,0.619401,-0.997594,-0.000258884,0.707371,0.615288,-0.98877,-0.000324869,0.718463,0.625858,-0.982368,0.00101305,0.687773,0.667422,-0.986368,-0.000186771,0.733175,0.63207,-0.984126,0.00032631,0.740512,0.602139,-0.990116,0.000345866,0.692924,0.594563,-0.992452,0.000131098,0.742521,0.603388,-0.987341,-0.000431783,0.74449,0.627801,-0.993416,0.00178946,0.721304,0.577955,-0.990469,-0.000196639,0.688893,0.578808,-0.99149,0.00114706,0.647602,0.612109,-0.983491,0.000816479,0.639705,0.617637,-0.997663,0.000843383,0.65417,0.565733,-0.986516,0.00112676,0.630108,0.520387,-0.981969,0.00106067,0.607482,0.564213,-0.981962,0.00122241,0.629106,0.546086,-0.989807,0.00200176,0.654227,0.501505,-0.984647,0.00120244,0.703814,0.502122,-0.984874,0.000877567,0.737947,0.462378,-0.983116,0.000858211,0.738319,0.449968,-0.989693,0.00148385,0.726747,0.411155,-0.989879,0.00114753,0.70741,0.342555,-0.985939,0.00115782,0.747554,0.365322,-0.987922,0.000882068,0.771638,0.324261,-0.985253,0.000650524,0.721898,0.357793,-0.988535,0.00130449,0.724038,0.316581,-0.989044,0.000726102,0.725562,0.292478,-0.991323,0.00119706,0.720082,0.289199,-0.987808,0.00077961,0.727873,0.267932,-0.993129,0.000897301,0.764271,0.265317,-0.990029,0.00117372,0.729864,0.267491,-0.992289,0.0010675,0.723218,0.265192,-0.988156,0.000789705,0.724728,0.241754,-0.989138,0.00085173,0.714754,0.199365,-0.987562,0.000938908,0.678108,0.201914,-0.991205,0.000955952,0.706486,0.192127,-0.988955,0.00103072,0.7,0,-1,0.0266632,0.0563182,-0.139975,0.261637,-0.572549,1.1672,0.999486,-0.0291316,-0.0133509,-0.00109529,-0.211688,-0.152769,-0.0162274,0,0,-0.402333,0.45,1,5,0.785398,0,0,0,0.00854306,0.177971,0.0421023,-0.146566,1.48044,0.786884,0.0199652,0.177265,0.0443308,0.55778,0.335528,0.497128,0.218897,nan,nan,nan,nan,nan,nan,nan,nan,0.140685,-0.158168,1.36023,732.346,467.044,661.852,321.607,-2.94189,3,-2,-0.298216,0.359684,1.1861,-0.384804,0.429402,0.484728
3.32,0.999663,0.0195809,0.0169215,0.00202598,-0.289415,-0.0686532,-0.0431932,0.73487,0.154079,-0.854413,0.0125026,0.201743,-0.0970972,0.790636,0.156486,-1.00359,0.000155961,0.763763,0.174402,-0.982988,0.000902451,0.72358,0.199198,-0.98393,0.00108834,0.734178,0.221373,-0.976779,-0.00066189,0.733162,0.248034,-0.985546,0.00217299,0.7552,0.283352,-0.983658,0.000206357,0.734414,0.250256,-0.986755,-0.000209042,0.740966,0.279582,-0.978922,-0.00101521,0.773297,0.323424,-0.988442,-0.00141393,0.777169,0.314864,-0.988113,-0.000207028,0.748251,0.355761,-0.982343,-0.000221231,0.739198,0.384824,-0.993574,4.97846e-05,0.739974,0.389744,-0.997493,0.00151515,0.767131,0.430185,-1.0053,-0.0012819,0.764533,0.45255,-0.989907,-0.000919498,0.751738,0.459885,-0.984834,0.000486646,0.730377,0.44294,-0.986303,0.000574188,0.709266,0.456109,-0.99036,-0.000980246,0.72068,0.473491,-0.982227,-0.000692734,0.740184,0.478538,-0.9866,0.000191856,0.746013,0.479256,-0.977771,0.000506116,0.742656,0.504853,-0.980106,-0.000825214,0.762603,0.541575,-0.973301,-0.000763887,0.767132,0.558951,-0.989815,0.000702926,0.763139,0.57903,-0.993127,0.00172106,0.739121,0.623334,-0.998744,0.000695777,0.723512,0.576254,-0.989994,0.000647812,0.689797,0.570559,-0.993853,0.000647456,0.660189,0.59179,-0.995405,0.000819949,0.671757,0.609575,-0.98231,-0.000679091,0.688985,0.612095,-0.996141,0.000814189,0.675268,0.63563,-0.981541,0.000692534,0.714017,0.656818,-0.997277,-0.000209298,0.716752,0.596096,-0.987515,-0.000455609,0.734236,0.636032,-0.981277,0.00123068,0.704983,0.637253,-0.98809,-0.000345204,0.724203,0.608078,-0.983481,0.000290746,0.750603,0.609454,-0.99022,0.000574838,0.729652,0.617563,-0.9907,1.70286e-05,0.689899,0.598229,-0.986301,-0.000288048,0.706525,0.597864,-0.993701,0.00187396,0.731684,0.605096,-0.992287,-0.000258497,0.699185,0.607578,-0.990589,0.0012039,0.670961,0.623947,-0.983222,0.000707882,0.657025,0.618373,-0.996952,0.000728897,0.660001,0.575013,-0.98619,0.00116602,0.654501,0.560659,-0.98326,0.000999994,0.652511,0.597254,-0.980951,0.00113516,0.63017,0.578549,-0.989385,0.00216138,0.647875,0.51198,-0.983342,0.00118891,0.710309,0.4943,-0.984598,0.00082406,0.712445,0.483258,-0.982403,0.000924981,0.712856,0.492764,-0.991587,0.00140537,0.720411,0.41554,-0.992357,0.000958949,0.71479,0.364807,-0.987163,0.00121182,0.725967,0.379523,-0.9878,0.00085362,0.756356,0.38798,-0.985853,0.000531512,0.726852,0.343508,-0.987656,0.00124215,0.733592,0.370583,-0.988824,0.000846689,0.70468,0.335909,-0.990017,0.000989634,0.67231,0.267011,-0.987058,0.000601703,0.724812,0.285881,-0.992577,0.000792969,0.751128,0.27314,-0.989684,0.00109371,0.733907,0.293668,-0.994144,0.00117012,0.709159,0.28371,-0.987995,0.000712007,0.714154,0.229083,-0.991222,0.000842133,0.720875,0.227786,-0.986408,0.00099131,0.697295,0.215906,-0.990368,0.000861829,0.69324,0.204986,-0.989649,0.000991909,0.700351,0.192601,-0.988212,0.000929227,0.7,0,-1,0.0266632,0.0563182,-0.139975,0.261637,-0.572549,1.1672,0.999486,-0.0291316,-0.0133509,-0.00109529,-0.182655,-0.161162,-0.0130957,0,0,-0.399063,0.45,1,5,0.785398,0,0,0,0.009017,0.177742,0.0422,1.88838,0.477891,0.436243,0.00610063,0.167319,0.0451267,0.559457,0.331663,0.477611,0.233044,nan,nan,nan,nan,nan,nan,nan,nan,0.148688,-0.188746,1.33871,731.224,465.84,655.737,334.026,-2.94189,2.98313,-2,-0.292154,0.336688,1.20285,-0.272668,0.16797,-0.268924
3.34,0.999699,0.0183747,0.0161731,0.00183473,-0.269559,-0.166337,-0.0426921,0.735296,0.156151,-0.853955,-0.000342998,0.199104,-0.106605,0.793652,0.150734,-0.983726,0.00116255,0.758219,0.173813,-0.984556,0.000930487,0.732759,0.203964,-0.97698,-0.000591565,0.7356,0.214256,-0.984346,0.00210613,0.717597,0.269711,-0.984322,0.000179191,0.746819,0.258059,-0.985188,-0.000229174,0.757026,0.257829,-0.9795,-0.00104987,0.786038,0.306869,-0.988223,-0.00137687,0.773559,0.300579,-0.988846,-0.00021298,0.739529,0.345479,-0.980946,-0.000139587,0.774873,0.379528,-0.992245,-0.000131577,0.751652,0.380251,-0.997883,0.00162484,0.771973,0.418417,-1.00558,-0.00134177,0.77472,0.428764,-0.989221,-0.00101907,0.770636,0.436944,-0.985379,0.00030031,0.724536,0.444163,-0.987118,0.000684535,0.722517,0.463649,-0.989427,-0.000980023,0.689453,0.484465,-0.981316,-0.000589572,0.72271,0.484816,-0.987843,0.000116482,0.7557,0.480159,-0.977742,0.000546668,0.685174,0.513257,-0.97844,-0.000764326,0.728324,0.536976,-0.973522,-0.000898352,0.751859,0.554667,-0.989146,0.000633816,0.74597,0.557886,-0.993448,0.00163301,0.717646,0.601084,-0.998779,0.000596444,0.702683,0.618498,-0.988944,0.000954654,0.687699,0.587227,-0.993483,0.00088307,0.659959,0.588184,-0.994336,0.000714078,0.675056,0.594667,-0.982923,-0.000901363,0.670721,0.595731,-0.997117,0.000821156,0.672822,0.648376,-0.982233,0.000518951,0.712678,0.636281,-0.997195,-0.00032124,0.715175,0.646258,-0.986708,-0.000179246,0.721869,0.635925,-0.980835,0.00125213,0.706095,0.610008,-0.987652,-0.000391421,0.725295,0.564054,-0.983029,7.82068e-05,0.717508,0.640177,-0.990743,0.000633058,0.733458,0.611877,-0.993292,0.000255577,0.716839,0.6118,-0.986061,-0.000360954,0.669738,0.623628,-0.993278,0.00200695,0.7348,0.615628,-0.991849,-0.000192488,0.663685,0.590122,-0.991299,0.00110176,0.673612,0.616532,-0.982352,0.000691448,0.680637,0.61237,-0.996569,0.000603708,0.66521,0.589012,-0.986863,0.00111466,0.645146,0.56826,-0.982962,0.00100712,0.647617,0.598774,-0.981642,0.00110176,0.633522,0.605921,-0.987776,0.00211918,0.679676,0.533269,-0.981616,0.00115912,0.70018,0.511502,-0.985833,0.000891722,0.692304,0.501185,-0.984686,0.000959881,0.676764,0.48815,-0.992078,0.00126718,0.710643,0.457024,-0.993142,0.00124219,0.698954,0.40413,-0.988114,0.00125806,0.734506,0.366306,-0.988703,0.000834387,0.759901,0.384489,-0.985498,0.00029226,0.733827,0.374821,-0.987266,0.00116185,0.738383,0.374632,-0.990358,0.00075881,0.687617,0.354134,-0.991511,0.00100904,0.677717,0.341643,-0.987749,0.000433692,0.718774,0.300673,-0.993049,0.000816109,0.750279,0.290067,-0.989674,0.00112889,0.742671,0.287803,-0.992724,0.00103612,0.704305,0.272071,-0.990222,0.000607565,0.703926,0.249455,-0.989459,0.000844388,0.681285,0.200727,-0.985531,0.000861656,0.671916,0.226813,-0.987769,0.000673499,0.69032,0.19101,-0.989262,0.00105386,0.737983,0.175656,-0.989267,0.00079585,0.723721,0.209599,-0.986139,0.00106737,0.7,0,-1,0.0229155,0.0325377,-0.129893,0.246711,-0.587322,1.17755,0.999474,-0.0298902,-0.0125769,-0.000602447,-0.212652,-0.165326,-0.00490671,0,0,-0.399573,0.45,1,5,0.785398,0,0,0,0.00905836,0.177632,0.0422434,0.855553,-0.962322,0.347393,0.00892177,0.173743,0.0454557,0.561463,0.328574,0.482948,0.225309,nan,nan,nan,nan,nan,nan,nan,nan,0.098654,-0.207286,1.2707,730.915,463.968,652.651,331.467,-2.97838,2.93853,-2,-0.277458,0.314063,1.25442,-0.642282,-0.131942,-0.475407
3.36,0.999758,0.0162923,0.0146707,0.00152369,-0.230688,-0.164359,-0.0332542,0.73591,0.160446,-0.853249,-0.0105701,0.213223,-0.108822,0.75578,0.185345,-0.983983,0.00102628,0.729365,0.169564,-0.978456,-0.0007008,0.74515,0.195146,-0.984931,0.00214058,0.721474,0.244488,-0.985762,0.000288032,0.764659,0.230974,-0.984654,-0.000271464,0.762559,0.226356,-0.980931,-0.00106695,0.776321,0.25581,-0.986583,-0.00132567,0.774902,0.305431,-0.988302,-0.000254294,0.761069,0.309422,-0.981628,-7.47755e-05,0.776942,0.354594,-0.991377,-0.000158986,0.760317,0.373327,-0.998374,0.00172531,0.741334,0.382093,-1.00526,-0.00105814,0.789573,0.398681,-0.987345,-0.000904651,0.779184,0.416445,-0.98506,0.000514783,0.75646,0.425031,-0.987295,0.000717309,0.723268,0.461217,-0.987083,-0.00101974,0.71661,0.474848,-0.980859,-0.000514713,0.740577,0.471979,-0.987521,5.72942e-05,0.740597,0.489565,-0.976141,0.000598733,0.733191,0.476609,-0.978261,-0.00091802,0.755255,0.539751,-0.973037,-0.000776235,0.746556,0.559252,-0.988083,0.000653827,0.746835,0.574955,-0.994098,0.00168988,0.723081,0.592487,-0.999558,0.000638075,0.71417,0.601662,-0.989752,0.000958277,0.689995,0.613694,-0.99462,0.000976657,0.660767,0.6177,-0.994235,0.000794051,0.677292,0.586709,-0.983199,-0.000798559,0.698881,0.573405,-0.996225,0.000739326,0.69507,0.63522,-0.982371,0.000334153,0.716547,0.637952,-0.997271,-0.000507256,0.741187,0.639598,-0.985039,-0.000157651,0.725216,0.641218,-0.979948,0.00123474,0.739821,0.605746,-0.985746,-0.000563603,0.706591,0.558288,-0.983713,0.000140437,0.730495,0.61713,-0.990029,0.000691505,0.694527,0.613952,-0.992811,0.000274577,0.701283,0.596717,-0.987986,-0.000476119,0.679296,0.622318,-0.992631,0.00197487,0.710215,0.631064,-0.991544,-0.000208551,0.68235,0.618078,-0.990832,0.00090479,0.684768,0.621406,-0.980623,0.000694034,0.661853,0.627367,-0.995533,0.000534955,0.664954,0.615503,-0.985997,0.00112345,0.647065,0.582267,-0.981306,0.000894292,0.672347,0.605731,-0.980861,0.00115945,0.659337,0.612706,-0.987658,0.0021905,0.686868,0.578599,-0.982325,0.00128251,0.695512,0.546478,-0.98525,0.000955274,0.695527,0.522355,-0.985235,0.0010765,0.687277,0.506891,-0.990126,0.0012194,0.709067,0.456975,-0.993521,0.00122086,0.704482,0.426669,-0.987423,0.00137075,0.737361,0.400697,-0.987118,0.000710957,0.752856,0.401708,-0.985251,0.000148723,0.737735,0.388808,-0.986297,0.00113858,0.745662,0.338081,-0.990797,0.000719775,0.706864,0.339453,-0.990959,0.00089892,0.703135,0.341476,-0.98652,0.000615003,0.69604,0.304251,-0.993669,0.000729285,0.749963,0.295563,-0.989384,0.00106677,0.733263,0.268306,-0.996167,0.00103767,0.708821,0.263589,-0.989623,0.000455645,0.704608,0.23276,-0.990821,0.000867086,0.692199,0.227359,-0.986197,0.000665944,0.6576,0.220369,-0.986672,0.000791536,0.709258,0.2238,-0.989478,0.00107942,0.747571,0.209165,-0.988556,0.000635626,0.700049,0.194524,-0.984897,0.00118044,0.690443,0.227641,-0.985932,0.00102401,0.7,0,-1,0.0497141,0.0219543,-0.147357,0.310119,-0.685532,1.13963,0.999267,-0.0348681,-0.015794,-0.000487113,-0.274141,-0.159015,-0.011192,0,0,-0.395924,0.45,1,5,0.785398,0,0,0,0.00869831,0.177615,0.0422592,2.37789,-1.80601,0.592222,-0.015222,0.183881,0.0451071,0.582883,0.301509,0.470918,0.233088,nan,nan,nan,nan,nan,nan,nan,nan,0.0877287,-0.219706,1.29377,752.607,454.004,646.922,334.152,-3,2.98089,-2,-0.255001,0.282321,1.13675,-0.511353,0.705983,-0.110831
3.38,0.999827,0.0133698,0.0129103,0.00117864,-0.224992,-0.128866,-0.0226897,0.736632,0.16716,-0.852534,-0.0128906,0.236123,-0.121482,0.722556,0.180955,-0.978516,-0.000564605,0.719154,0.192122,-0.984973,0.0021504,0.722319,0.197193,-0.986746,7.84616e-05,0.756224,0.219591,-0.984373,-0.000265047,0.780279,0.196696,-0.981261,-0.00106071,0.777867,0.237791,-0.986914,-0.00133308,0.77755,0.29428,-0.988167,-0.000184669,0.746566,0.320506,-0.983248,-3.5015e-05,0.763137,0.343284,-0.989606,-8.00319e-05,0.771974,0.369891,-0.99674,0.0016539,0.742162,0.368036,-1.00363,-0.000967991,0.783359,0.412984,-0.986858,-0.000834428,0.754249,0.423849,-0.985183,0.000626497,0.739225,0.433854,-0.987922,0.000725543,0.737023,0.461074,-0.98608,-0.00109695,0.734162,0.479249,-0.980727,-0.000406557,0.723955,0.488191,-0.987653,5.16713e-05,0.710086,0.505603,-0.976892,0.000546873,0.740627,0.485356,-0.97898,-0.00100586,0.746008,0.508613,-0.973433,-0.000659641,0.770656,0.559746,-0.988209,0.000623317,0.740365,0.574511,-0.993981,0.00165819,0.7423,0.618369,-0.99892,0.000866818,0.725596,0.623684,-0.989888,0.000803068,0.712911,0.626177,-0.99583,0.00108234,0.676512,0.613356,-0.994036,0.000778212,0.702689,0.597445,-0.983035,-0.00095651,0.681947,0.569453,-0.995291,0.000904435,0.675884,0.625571,-0.982439,0.000408069,0.71164,0.647614,-0.995578,-0.000482048,0.741802,0.63596,-0.987239,-0.000347479,0.724877,0.620149,-0.979006,0.00132089,0.702903,0.59439,-0.983634,-0.00051171,0.71207,0.577241,-0.98244,0.000121707,0.729816,0.616801,-0.99106,0.00066351,0.721213,0.592655,-0.992052,0.00034992,0.735435,0.626401,-0.989044,-0.000477637,0.708191,0.643822,-0.989586,0.00200158,0.693237,0.628047,-0.992187,-0.000185734,0.681892,0.61379,-0.990426,0.000713757,0.707141,0.602715,-0.9802,0.000760069,0.680839,0.634582,-0.994166,0.000547587,0.666602,0.621519,-0.983029,0.00102574,0.644222,0.629117,-0.980845,0.000855359,0.688333,0.610287,-0.980474,0.00117055,0.650393,0.62277,-0.987565,0.00221554,0.690328,0.603382,-0.98125,0.00114414,0.666095,0.564664,-0.987336,0.00107702,0.68463,0.540548,-0.984031,0.000929004,0.702572,0.532051,-0.990281,0.000980496,0.7036,0.452477,-0.991192,0.00117484,0.686075,0.462366,-0.986458,0.0014218,0.741973,0.436279,-0.988818,0.000656501,0.733159,0.401938,-0.984416,0.000553846,0.726864,0.37484,-0.984636,0.00116439,0.74051,0.334091,-0.991783,0.00084454,0.74052,0.359277,-0.991123,0.000828174,0.694442,0.362116,-0.986765,0.000632753,0.70359,0.328633,-0.993412,0.00063617,0.741223,0.295549,-0.987375,0.00106088,0.742507,0.265615,-0.99525,0.00124891,0.713369,0.286199,-0.990913,0.000372022,0.706269,0.239055,-0.992382,0.000698471,0.689039,0.216363,-0.984993,0.000700062,0.65096,0.23532,-0.987783,0.000736253,0.705562,0.221712,-0.989434,0.000957644,0.701374,0.210809,-0.986656,0.000651595,0.699316,0.202867,-0.986272,0.00118622,0.724552,0.207869,-0.986426,0.000812871,0.705224,0.209537,-0.986171,0.00118329,0.7,0,-1,0.0509989,-0.0445579,-0.152646,0.311156,-0.755641,1.1237,0.999136,-0.0384186,-0.0158438,-0.000531215,-0.261383,-0.154973,-0.00481392,0,0,-0.400973,0.45,1,5,0.785398,0,0,0,0.00834727,0.177696,0.0422773,-2.00307,1.28973,-0.324933,0.0036221,0.181378,0.044859,0.571412,0.32023,0.486592,0.225657,nan,nan,nan,nan,nan,nan,nan,nan,0.11189,-0.0547665,1.24835,749.624,452.451,647.448,331.678,-2.98929,3,-2,-0.223132,0.23053,1.18003,-0.116029,1.14498,-0.632991
3.4,0.999867,0.01176,0.0112993,0.00097946,-0.167704,-0.200488,-0.0175603,0.736938,0.17183,-0.85243,-0.0197994,0.240486,-0.114406,0.724846,0.166996,-0.985206,0.00220295,0.713189,0.173025,-0.987822,0.00010747,0.748585,0.188563,-0.985163,-0.000324233,0.761066,0.190761,-0.979826,-0.00121634,0.784762,0.219988,-0.985564,-0.00135238,0.767793,0.235719,-0.987487,-0.000136116,0.758966,0.289547,-0.982925,1.55119e-05,0.750031,0.333302,-0.990105,6.50955e-05,0.797277,0.350799,-0.996884,0.00164645,0.760357,0.36842,-1.00353,-0.000929685,0.764235,0.378498,-0.986379,-0.00094127,0.74494,0.392665,-0.986743,0.000516957,0.735406,0.41229,-0.987453,0.00070213,0.753342,0.457661,-0.986345,-0.00112517,0.723437,0.500642,-0.982757,-0.000456616,0.697195,0.488103,-0.987546,6.21516e-05,0.710588,0.52015,-0.976447,0.000450391,0.730564,0.494926,-0.979468,-0.0010879,0.755972,0.517638,-0.97178,-0.000630799,0.753995,0.568541,-0.987819,0.00080152,0.739159,0.58567,-0.993781,0.00161784,0.76317,0.597465,-0.998333,0.00102452,0.74967,0.620767,-0.98988,0.000905333,0.71251,0.645662,-0.995803,0.0010318,0.694486,0.581865,-0.99272,0.00090173,0.665571,0.554243,-0.984682,-0.00103339,0.664749,0.567887,-0.994654,0.00103014,0.693196,0.598508,-0.983078,0.000403166,0.706084,0.628263,-0.996471,-0.000547627,0.721634,0.616332,-0.988039,-0.000312185,0.71241,0.619308,-0.979278,0.00147037,0.705094,0.588571,-0.983264,-0.000537756,0.713522,0.61357,-0.983229,0.000213177,0.701406,0.609382,-0.991003,0.000586535,0.700282,0.604537,-0.991244,0.000420546,0.704688,0.628737,-0.989233,-0.00046907,0.703258,0.644298,-0.989947,0.00212427,0.680508,0.639588,-0.993071,-0.000177632,0.685139,0.619781,-0.99083,0.000829771,0.689714,0.608984,-0.980028,0.00101847,0.692138,0.621258,-0.996715,0.000563883,0.651921,0.582036,-0.982754,0.00100934,0.658711,0.608367,-0.980933,0.000734539,0.700625,0.617408,-0.980903,0.00113057,0.674326,0.617944,-0.986477,0.00226864,0.654336,0.627086,-0.981614,0.00106605,0.651989,0.599884,-0.989542,0.00108221,0.676534,0.543793,-0.982789,0.00119297,0.69169,0.537059,-0.989478,0.000987098,0.68767,0.501532,-0.992239,0.00122779,0.691804,0.502952,-0.987664,0.00127216,0.72444,0.452298,-0.988782,0.000586467,0.714993,0.42656,-0.984364,0.000545058,0.734053,0.397198,-0.983824,0.00110458,0.720272,0.38374,-0.991635,0.000854066,0.722877,0.409901,-0.990485,0.000908854,0.706866,0.349857,-0.985536,0.000637422,0.690144,0.32364,-0.993741,0.000560034,0.733065,0.295562,-0.986824,0.000849086,0.757707,0.297397,-0.996095,0.00123662,0.731018,0.293062,-0.988777,0.000401535,0.698213,0.266575,-0.993605,0.000622803,0.685002,0.220456,-0.984946,0.000492774,0.671958,0.220751,-0.987303,0.000774452,0.679399,0.237377,-0.988482,0.000872509,0.689698,0.190647,-0.988228,0.000737775,0.703772,0.192902,-0.986996,0.00140026,0.719538,0.243351,-0.986489,0.000941044,0.703178,0.215013,-0.984567,0.0011337,0.709094,0.211026,-0.984696,0.00120155,0.7,0,-1,0.0182141,-0.0257445,-0.133243,0.229906,-0.676013,1.23574,0.99934,-0.0344003,-0.011695,0.000110763,-0.291715,-0.165749,-0.00931612,0,0,-0.397256,0.45,1,5,0.785398,0,0,0,0.00818875,0.177751,0.0422952,-0.625707,-0.472135,-0.188488,-0.0020221,0.177816,0.0449645,0.572347,0.31822,0.479335,0.231416,nan,nan,nan,nan,nan,nan,nan,nan,0.0833187,-0.0410379,1.31109,747.63,450.65,645.401,331.929,-3,3,-2,-0.194188,0.20171,1.22588,-0.345436,0.218148,0.353794
3.42,0.99993,0.0085128,0.00823164,0.0005553,-0.234543,-0.137198,-0.0300287,0.737319,0.182275,-0.85159,-0.0341612,0.257418,-0.126278,0.742625,0.152626,-0.988288,0.000129382,0.742928,0.18286,-0.985764,-0.000533166,0.744544,0.180926,-0.97964,-0.00114879,0.772984,0.213844,-0.986289,-0.00134695,0.779921,0.191516,-0.987078,-9.7941e-05,0.78565,0.272744,-0.984083,7.28431e-06,0.751679,0.312018,-0.988056,0.000104248,0.789604,0.308427,-0.999376,0.00157081,0.775421,0.329604,-1.00322,-0.00107765,0.74631,0.382171,-0.986122,-0.00099406,0.731944,0.406406,-0.986308,0.000510424,0.75949,0.399134,-0.987885,0.000693437,0.728512,0.451586,-0.986282,-0.00116305,0.713242,0.484422,-0.983322,-0.000509942,0.69893,0.489242,-0.989804,8.6223e-05,0.720852,0.50933,-0.977148,0.000387591,0.696482,0.500771,-0.978331,-0.00104824,0.728361,0.549736,-0.970837,-0.000478419,0.715579,0.584241,-0.987486,0.000782755,0.73001,0.548196,-0.99217,0.00168127,0.727427,0.576531,-0.998327,0.00102497,0.743779,0.597588,-0.989513,0.000964664,0.714128,0.586713,-0.993638,0.000989871,0.716824,0.593963,-0.992981,0.000751731,0.649514,0.559556,-0.985734,-0.000951511,0.663431,0.590391,-0.994291,0.000981843,0.683678,0.596545,-0.982104,0.000344622,0.699111,0.610735,-0.995416,-0.000443571,0.720146,0.598912,-0.987959,-0.000265677,0.741025,0.594596,-0.981006,0.00152967,0.734994,0.592879,-0.984412,-0.000571107,0.729284,0.605649,-0.984321,0.000303006,0.712733,0.614542,-0.9889,0.000615532,0.685099,0.618901,-0.991394,0.000541382,0.715009,0.627363,-0.988579,-0.000545971,0.717347,0.657286,-0.98859,0.00211018,0.705036,0.639266,-0.990992,-0.000130796,0.716892,0.658247,-0.990273,0.000902922,0.680749,0.645885,-0.979795,0.00111852,0.685154,0.644492,-0.994201,0.00057473,0.648044,0.591242,-0.981908,0.00108467,0.687681,0.598848,-0.983085,0.000852777,0.748498,0.631915,-0.979891,0.00127658,0.665329,0.67164,-0.985887,0.00233858,0.663465,0.625422,-0.980673,0.00131741,0.680404,0.612763,-0.989627,0.00114268,0.699882,0.538936,-0.982003,0.0011479,0.68575,0.562208,-0.98865,0.000952168,0.679526,0.526787,-0.992471,0.00121101,0.698797,0.514638,-0.986956,0.00132109,0.723248,0.492516,-0.986169,0.000585593,0.692084,0.452311,-0.983769,0.000497325,0.723741,0.427091,-0.984613,0.0010467,0.724594,0.420323,-0.992068,0.000912402,0.69747,0.41974,-0.992027,0.000784209,0.685622,0.361396,-0.985292,0.000570623,0.699621,0.355981,-0.993905,0.000530587,0.764463,0.309931,-0.986959,0.000862298,0.728052,0.290918,-0.997729,0.00118272,0.718248,0.309682,-0.989838,0.000400061,0.714707,0.275933,-0.993932,0.00063516,0.723628,0.233158,-0.984059,0.000358499,0.685293,0.225712,-0.988527,0.000824276,0.673588,0.242261,-0.987659,0.0010553,0.659621,0.204607,-0.987215,0.000513043,0.711982,0.251399,-0.987408,0.00139568,0.718932,0.26471,-0.985437,0.00100854,0.710737,0.225745,-0.985487,0.00126315,0.733045,0.242998,-0.983063,0.00128488,0.718878,0.224017,-0.984806,0.00130205,0.7,0,-1,0.0184507,-0.0311827,-0.133332,0.195046,-0.731925,1.23192,0.999257,-0.037236,-0.00991704,0.000143876,-0.279605,-0.166187,-0.00874752,0,0,-0.397496,0.45,1,5,0.785398,0,0,0,0.00800247,0.177778,0.0423257,-2.03695,0.798506,-0.249604,0.0220718,0.174407,0.0450649,0.550166,0.334934,0.49103,0.213853,nan,nan,nan,nan,nan,nan,nan,nan,-0.00892929,-0.0264294,1.26013,740.222,466.207,652.424,326.048,-3,3,-2,-0.142345,0.147044,1.1672,-0.71809,0.846616,-0.593603
3.44,0.999946,0.00731942,0.00741375,0.000450341,-0.268534,-0.182433,-0.0226701,0.737321,0.184888,-0.851381,-0.0389721,0.259339,-0.125274,0.75525,0.147885,-0.983543,-0.000472232,0.739004,0.198214,-0.979837,-0.00134971,0.772719,0.192004,-0.98506,-0.00130094,0.768172,0.165824,-0.988169,-0.000122289,0.77214,0.230246,-0.984533,-2.11368e-05,0.779538,0.267727,-0.98647,-3.81123e-05,0.811029,0.245185,-0.997667,0.00188582,0.762753,0.290288,-1.00456,-0.00105138,0.738469,0.371319,-0.987581,-0.000876758,0.763048,0.433269,-0.984444,0.000477845,0.769573,0.401059,-0.986687,0.000667681,0.721433,0.424646,-0.985884,-0.00100679,0.702828,0.443068,-0.984207,-0.000526978,0.709345,0.450904,-0.990182,5.70732e-05,0.706913,0.461078,-0.976081,0.000337464,0.725347,0.504859,-0.97774,-0.000959227,0.711911,0.527205,-0.971496,-0.000521682,0.694651,0.543596,-0.987232,0.000609276,0.712629,0.571893,-0.992634,0.00172928,0.738115,0.565275,-0.998756,0.00105987,0.732931,0.565718,-0.991116,0.00104621,0.719728,0.589189,-0.993328,0.000969893,0.689189,0.593493,-0.992513,0.000630223,0.662593,0.598106,-0.984429,-0.0010554,0.660949,0.581886,-0.994502,0.000895652,0.66064,0.595663,-0.982063,0.000408463,0.697859,0.607947,-0.997141,-0.00042613,0.723161,0.591841,-0.988035,-0.000386468,0.723648,0.611324,-0.980389,0.00144712,0.732586,0.580261,-0.984787,-0.000498234,0.734824,0.612591,-0.984034,0.000383086,0.721979,0.632969,-0.989205,0.000578552,0.681902,0.640969,-0.991341,0.00046242,0.695928,0.663151,-0.98814,-0.000684738,0.688272,0.654051,-0.987384,0.00208548,0.715852,0.656681,-0.991671,-0.000263707,0.669623,0.664428,-0.990594,0.000896795,0.672346,0.650392,-0.978734,0.000989286,0.689022,0.666824,-0.996716,0.000512721,0.686424,0.635175,-0.980242,0.00106282,0.670573,0.665389,-0.983279,0.000844041,0.704368,0.668629,-0.980336,0.00145132,0.674728,0.652049,-0.986478,0.00244062,0.686679,0.6371,-0.981376,0.00159157,0.694228,0.617355,-0.988606,0.00100531,0.712316,0.582803,-0.983113,0.00120417,0.675727,0.545209,-0.988116,0.00110719,0.695418,0.520725,-0.990841,0.00117143,0.668803,0.532712,-0.987347,0.00131758,0.700021,0.521614,-0.986617,0.000559188,0.688439,0.493759,-0.983595,0.000598323,0.708954,0.460632,-0.984823,0.00114944,0.71436,0.428018,-0.992408,0.000977662,0.707429,0.443363,-0.990561,0.000722919,0.680096,0.388618,-0.98618,0.000590049,0.693662,0.341152,-0.993875,0.000475075,0.742447,0.333889,-0.986966,0.000954021,0.699481,0.312583,-0.9976,0.00110704,0.695678,0.302819,-0.990903,0.000688955,0.713005,0.308492,-0.993255,0.000654294,0.724293,0.255505,-0.984586,0.00043198,0.701144,0.263358,-0.990137,0.000759016,0.697213,0.263852,-0.986154,0.00105266,0.64443,0.217633,-0.986118,0.000501743,0.672685,0.28094,-0.987418,0.00132132,0.707395,0.290845,-0.987298,0.00109763,0.72857,0.229576,-0.986626,0.00120278,0.729995,0.25314,-0.983505,0.00117322,0.712341,0.2033,-0.983757,0.00126826,0.717208,0.220256,-0.983438,0.001193,0.7,0,-1,-0.0128554,-0.0407878,-0.127708,0.188916,-0.73238,1.30105,0.999257,-0.037236,-0.00991704,0.000143876,-0.233266,-0.137676,-0.00447069,0,0,-0.395747,0.45,1,5,0.785398,0,0,0,0.00810991,0.17787,0.0423583,-0.599942,-0.711888,0.413243,0.018929,0.183206,0.0451984,0.556996,0.324875,0.493146,0.207973,nan,nan,nan,nan,nan,nan,nan,nan,0.0574726,-0.0459248,1.31078,736.485,463.083,654.842,319.646,-3,2.99705,-2,-0.127259,0.125527,1.22923,-0.240548,0.0960499,0.0502251
3.46,0.999989,0.00223828,0.00414156,9.20762e-05,-0.282399,-0.225176,-0.0170969,0.737305,0.1954,-0.850856,-0.0411615,0.265801,-0.128933,0.774309,0.170698,-0.980822,-0.00136765,0.746783,0.1608,-0.985432,-0.0011984,0.777545,0.150138,-0.988838,-0.000211331,0.784598,0.232087,-0.984755,3.9608e-05,0.786434,0.232177,-0.986631,-2.32241e-05,0.803847,0.236305,-0.99744,0.00193493,0.762026,0.30756,-1.0044,-0.000959357,0.741119,0.372505,-0.987533,-0.000895892,0.741678,0.41172,-0.984086,0.000412718,0.775289,0.418088,-0.986711,0.000752301,0.741533,0.37632,-0.985299,-0.000893239,0.683328,0.408334,-0.983232,-0.000559117,0.720616,0.415149,-0.9879,-1.92982e-05,0.730945,0.45444,-0.97657,0.000505526,0.723675,0.483264,-0.975585,-0.00109441,0.698675,0.500723,-0.972342,-0.000426679,0.688549,0.533726,-0.987654,0.00038089,0.725027,0.552543,-0.99203,0.00182081,0.719431,0.577579,-0.998197,0.00107877,0.71528,0.553759,-0.992037,0.00107167,0.70617,0.56419,-0.992655,0.00107206,0.685862,0.581754,-0.993259,0.000462448,0.647183,0.609403,-0.983032,-0.000988079,0.64341,0.587622,-0.99316,0.000701994,0.70158,0.595367,-0.981531,0.000349126,0.678545,0.589295,-0.996184,-0.000452255,0.709035,0.597424,-0.988548,-0.000245376,0.702929,0.609876,-0.981619,0.00138712,0.708748,0.646218,-0.985877,-0.00048849,0.712856,0.646571,-0.983274,0.000331369,0.714336,0.640765,-0.988733,0.00060479,0.688823,0.649261,-0.991651,0.000550334,0.672497,0.664453,-0.987759,-0.00084857,0.698518,0.646524,-0.988251,0.00218762,0.68937,0.674929,-0.991608,-0.000257582,0.665989,0.680994,-0.990585,0.000756525,0.672085,0.681407,-0.979355,0.000871467,0.698224,0.690756,-0.997197,0.000461605,0.675018,0.666086,-0.981007,0.00109224,0.699376,0.669538,-0.98296,0.000813951,0.691862,0.664474,-0.979649,0.00151706,0.684238,0.643679,-0.986117,0.00239059,0.681729,0.627994,-0.981412,0.00148488,0.698203,0.630097,-0.989507,0.00095826,0.69358,0.605005,-0.983611,0.00129702,0.691578,0.573387,-0.986816,0.00137588,0.681797,0.53068,-0.989922,0.000983484,0.670374,0.561961,-0.98875,0.00134261,0.695336,0.526374,-0.985997,0.00065271,0.722582,0.491636,-0.98493,0.000589346,0.730942,0.468765,-0.98668,0.00111966,0.712691,0.433262,-0.993488,0.000983155,0.722465,0.441757,-0.990911,0.00085484,0.713957,0.426836,-0.985088,0.000553338,0.683145,0.348223,-0.994354,0.000554234,0.705816,0.351585,-0.987073,0.00113045,0.704158,0.358793,-0.997078,0.00102051,0.70484,0.343835,-0.991512,0.000875828,0.729749,0.333044,-0.995562,0.000674114,0.747878,0.27946,-0.984161,0.000464153,0.693782,0.285662,-0.989614,0.00065088,0.686252,0.276197,-0.985006,0.000873046,0.635666,0.275588,-0.985143,0.00056637,0.669516,0.289609,-0.987291,0.00154784,0.716274,0.296763,-0.987773,0.00106706,0.74288,0.253567,-0.986723,0.00127292,0.723005,0.259212,-0.982967,0.00119039,0.720549,0.240647,-0.982372,0.00134401,0.731128,0.211308,-0.981551,0.00126679,0.727719,0.205017,-0.981693,0.00118111,0.7,0,-1,-0.0128554,-0.0407878,-0.127708,0.188916,-0.73238,1.30105,0.999259,-0.0372518,-0.00963455,-0.000641629,-0.279273,-0.150681,-0.00326488,0,0,-0.398874,0.45,1,5,0.785398,0,0,0,0.00830908,0.178031,0.0423819,-1.11679,1.21975,0.112451,0.0101657,0.182502,0.0450654,0.565688,0.322171,0.48971,0.21793,nan,nan,nan,nan,nan,nan,nan,nan,0.0752103,-0.0413268,1.29615,735.992,459.885,653.882,318.188,-3,3,-2,-0.0707425,0.0382239,1.2668,-0.109471,0.323114,-0.182987
3.48,0.999996,-0.000540524,0.00260055,-4.21095e-05,-0.315973,-0.158686,-0.0123696,0.737095,0.200699,-0.850852,-0.0487281,0.276474,-0.128236,0.742795,0.124019,-0.98532,-0.001255,0.751427,0.157866,-0.989675,1.57713e-05,0.776842,0.19271,-0.984178,-3.86384e-05,0.809706,0.189211,-0.984176,-0.000104131,0.779603,0.214491,-0.996223,0.00190412,0.749441,0.281551,-1.00446,-0.000961656,0.759517,0.340993,-0.987172,-0.000800209,0.754481,0.396382,-0.98308,0.000143753,0.734945,0.36787,-0.985662,0.000739626,0.723365,0.360769,-0.986743,-0.000846839,0.708181,0.366885,-0.982931,-0.000599646,0.741457,0.392839,-0.98818,-6.36393e-05,0.747365,0.413943,-0.976722,0.000358048,0.71864,0.46526,-0.974474,-0.0010518,0.721711,0.489951,-0.972411,-0.000360868,0.697138,0.51602,-0.986191,0.000237906,0.735011,0.531325,-0.991711,0.00183559,0.722996,0.583266,-0.996765,0.00114389,0.724116,0.577859,-0.991738,0.0010521,0.715233,0.571422,-0.991846,0.00105691,0.702199,0.572887,-0.993352,0.000548312,0.678288,0.589684,-0.983219,-0.000985474,0.65822,0.586196,-0.992469,0.000605633,0.664043,0.602146,-0.981572,0.000364489,0.690981,0.565786,-0.995119,-0.000327499,0.694004,0.576602,-0.98841,-0.000367872,0.708986,0.590994,-0.981368,0.00130807,0.713431,0.618522,-0.985597,-0.000645862,0.727759,0.650584,-0.983066,0.000349017,0.682988,0.658158,-0.987843,0.000598003,0.699697,0.660278,-0.990262,0.000591985,0.675659,0.66062,-0.989044,-0.000733476,0.6886,0.635746,-0.988021,0.00225879,0.676422,0.691145,-0.99157,-0.000345063,0.667691,0.699331,-0.989422,0.000613288,0.703038,0.729151,-0.980123,0.000795219,0.694542,0.71316,-0.996699,0.000467127,0.647139,0.675097,-0.979502,0.00116037,0.693203,0.694007,-0.983408,0.000828293,0.68639,0.64446,-0.978882,0.00160994,0.692869,0.645812,-0.986408,0.00235209,0.69394,0.648574,-0.982596,0.00144258,0.683621,0.634099,-0.987513,0.00101327,0.720497,0.656558,-0.982756,0.00145461,0.697103,0.584347,-0.987327,0.00134158,0.688173,0.561358,-0.988962,0.00107448,0.676677,0.569746,-0.987966,0.00134194,0.680708,0.547288,-0.986189,0.000865894,0.728329,0.517363,-0.985684,0.00060326,0.738162,0.482741,-0.984356,0.00120801,0.706128,0.440549,-0.99441,0.00109389,0.705692,0.436696,-0.989651,0.000949644,0.714778,0.433252,-0.98372,0.000724455,0.70688,0.385807,-0.995165,0.000533646,0.690202,0.382732,-0.985352,0.00129062,0.691657,0.404132,-0.99687,0.00112305,0.717718,0.36762,-0.988535,0.000769996,0.731523,0.332298,-0.996746,0.000447302,0.711813,0.304426,-0.985584,0.00047171,0.687873,0.295705,-0.989587,0.00057061,0.682013,0.283763,-0.983776,0.000991286,0.665027,0.273913,-0.985472,0.000530019,0.693591,0.282095,-0.986765,0.00150891,0.723005,0.285501,-0.98752,0.000979702,0.764599,0.246823,-0.988384,0.00143237,0.737793,0.259513,-0.982134,0.00111141,0.744191,0.274649,-0.98226,0.00125517,0.750193,0.2416,-0.982113,0.00130568,0.72506,0.192145,-0.982945,0.00111072,0.755515,0.185339,-0.982246,0.00107173,0.7,0,-1,-0.010246,-0.0594607,-0.134042,0.216318,-0.744477,1.24991,0.999222,-0.037877,-0.0109775,0.000685949,-0.314976,-0.14354,-0.00334541,0,0,-0.4,0.45,1,5,0.785398,0,0,0,0.0083284,0.178092,0.042392,2.95095,-1.23697,-0.0562271,-0.00616049,0.188057,0.0450206,0.582241,0.307778,0.483261,0.226718,nan,nan,nan,nan,nan,nan,nan,nan,0.0750937,0.0164016,1.27314,751.969,452.931,651.345,325.574,-3,3,-2,-0.0450727,-0.00936634,1.14085,-0.378331,0.533646,0.0348747
3.5,0.999996,-0.00192569,0.00199192,-0.000112298,-0.309721,-0.134962,-0.0151989,0.736952,0.203389,-0.85094,-0.0506022,0.27306,-0.12856,0.727895,0.138466,-0.98938,-0.000117333,0.797791,0.157908,-0.983564,-7.7708e-05,0.812854,0.173176,-0.983072,-0.000161479,0.758868,0.169787,-0.995513,0.00184518,0.758066,0.25318,-1.00445,-0.000856045,0.779601,0.307607,-0.986849,-0.000957134,0.776136,0.367854,-0.983323,0.000362573,0.730806,0.350058,-0.985458,0.000654285,0.711312,0.330876,-0.986917,-0.000963052,0.699493,0.37371,-0.982331,-0.000675568,0.718465,0.393611,-0.988321,0.000165464,0.742865,0.450549,-0.976097,0.000651366,0.748548,0.480559,-0.977675,-0.000962564,0.720069,0.506001,-0.969875,-0.000468501,0.731532,0.518969,-0.985756,0.000461523,0.743908,0.559432,-0.988669,0.00192038,0.746768,0.570701,-0.995556,0.00121061,0.717278,0.562741,-0.993435,0.000948347,0.715441,0.618406,-0.988868,0.00120688,0.720332,0.58279,-0.993129,0.000647679,0.668054,0.585047,-0.983213,-0.000939968,0.65106,0.565756,-0.991984,0.000512039,0.649196,0.577471,-0.979181,0.000283038,0.702612,0.565218,-0.996166,-0.00016025,0.688146,0.581087,-0.98758,-0.00024921,0.700989,0.592165,-0.980084,0.00127814,0.700095,0.633419,-0.986297,-0.000595352,0.714835,0.62217,-0.984298,0.000266987,0.719073,0.632291,-0.98685,0.000556762,0.700913,0.660012,-0.990096,0.000489677,0.668908,0.660746,-0.988908,-0.00071081,0.67035,0.643764,-0.989302,0.00220389,0.708883,0.694732,-0.990865,-0.000281926,0.709873,0.716033,-0.988658,0.00057035,0.708891,0.70674,-0.979239,0.000744781,0.703768,0.730594,-0.996143,0.000521731,0.664279,0.714431,-0.980216,0.00130186,0.703167,0.704162,-0.98075,0.000714933,0.675971,0.675573,-0.979755,0.00156364,0.712363,0.620224,-0.985296,0.00227014,0.68399,0.631812,-0.983994,0.00132717,0.716575,0.63099,-0.986834,0.00103915,0.678937,0.631501,-0.982309,0.00140105,0.686197,0.588536,-0.986587,0.00137138,0.690884,0.584413,-0.989633,0.00126204,0.685487,0.567817,-0.987908,0.00128228,0.692682,0.540378,-0.985506,0.000877542,0.718834,0.518279,-0.984756,0.000585144,0.745481,0.484904,-0.98323,0.0012467,0.70064,0.45804,-0.993799,0.000909627,0.70752,0.469374,-0.988803,0.000862527,0.702888,0.45548,-0.98314,0.000883264,0.694628,0.430661,-0.995101,0.000516542,0.707089,0.400187,-0.984041,0.00140395,0.694539,0.41539,-0.997432,0.00123815,0.705061,0.353291,-0.98809,0.000734382,0.716434,0.340444,-0.995825,0.000528954,0.727318,0.353755,-0.986982,0.000534761,0.699112,0.324668,-0.989061,0.00049418,0.682558,0.30164,-0.983495,0.00108215,0.6753,0.304532,-0.986607,0.00053703,0.699895,0.277656,-0.985394,0.00139708,0.703655,0.303282,-0.988511,0.00100243,0.715099,0.271905,-0.987692,0.00149085,0.754068,0.273058,-0.981532,0.00123009,0.72142,0.273767,-0.981205,0.00133594,0.736192,0.248048,-0.980221,0.00129498,0.721834,0.219428,-0.981049,0.00121602,0.724939,0.210187,-0.980808,0.00101909,0.721925,0.186767,-0.983295,0.00115435,0.7,0,-1,0.019156,-0.0858169,-0.131885,0.296171,-0.831307,1.30899,0.998993,-0.0422436,-0.0150919,-0.000874423,-0.263839,-0.139351,0.00084752,0,0,-0.39512,0.45,1,5,0.785398,0,0,0,0.00828364,0.178166,0.0424042,-1.81236,1.81502,-0.1287,0.00418294,0.180774,0.0449852,0.56956,0.320024,0.485281,0.224405,nan,nan,nan,nan,nan,nan,nan,nan,0.109959,-0.0720648,1.32229,748.655,451.58,650.008,324.814,-3,2.98624,-2,-0.0343035,-0.0331556,1.19701,-0.093703,-0.170718,-0.0161998
3.52,0.999991,-0.00428805,0.0002592,-0.000292955,-0.248254,-0.198798,-0.022314,0.736726,0.209557,-0.850818,-0.0588474,0.267284,-0.139018,0.796975,0.13336,-0.98312,0.000126098,0.785401,0.149963,-0.983286,1.02033e-05,0.729995,0.183117,-0.995198,0.00189915,0.735664,0.213482,-1.00513,-0.00103797,0.800658,0.284594,-0.987131,-0.00102322,0.748778,0.318367,-0.980522,0.00041779,0.729616,0.334949,-0.985892,0.000548453,0.723619,0.328607,-0.986439,-0.000916734,0.693897,0.383013,-0.981139,-0.000577817,0.706801,0.420481,-0.987248,9.27587e-05,0.713704,0.440854,-0.976645,0.000700434,0.75418,0.477907,-0.979624,-0.00107239,0.730919,0.498208,-0.971127,-0.000224256,0.726179,0.493666,-0.984015,0.000446782,0.723755,0.507765,-0.986862,0.00188579,0.719284,0.571587,-0.994216,0.00117299,0.711448,0.588459,-0.992024,0.000991122,0.726506,0.590518,-0.98912,0.00114594,0.720192,0.563205,-0.991674,0.000620273,0.667653,0.568158,-0.982502,-0.000930206,0.663752,0.529831,-0.991225,0.000620752,0.673208,0.55136,-0.979793,0.000292227,0.68529,0.544525,-0.994189,-0.000189597,0.703214,0.568215,-0.989388,-0.00025414,0.717554,0.59219,-0.981513,0.0011391,0.714598,0.610965,-0.983712,-0.000774636,0.72996,0.620199,-0.98315,0.000337057,0.711286,0.607341,-0.987307,0.000605135,0.693427,0.648605,-0.989296,0.000417133,0.670799,0.65269,-0.989723,-0.000678774,0.67811,0.643083,-0.986589,0.00215479,0.739123,0.708529,-0.989504,-0.000221991,0.691755,0.710182,-0.987273,0.000614685,0.678988,0.72066,-0.978451,0.000789175,0.652233,0.708717,-0.996252,0.000513904,0.667356,0.704656,-0.979718,0.00139794,0.692301,0.736044,-0.979886,0.000526181,0.67202,0.684419,-0.980047,0.0016786,0.683462,0.635783,-0.984377,0.00230627,0.690939,0.672587,-0.985685,0.00144615,0.704343,0.660979,-0.987176,0.000858845,0.688099,0.628722,-0.980765,0.00142587,0.668806,0.602079,-0.986854,0.00126631,0.679027,0.600408,-0.989542,0.00119061,0.672335,0.563907,-0.988177,0.00126188,0.696876,0.560089,-0.986817,0.000954375,0.703939,0.537999,-0.985552,0.000619556,0.734189,0.517876,-0.983,0.00113454,0.698977,0.487972,-0.993535,0.000939982,0.701961,0.483943,-0.989848,0.00072932,0.711744,0.479979,-0.983417,0.00102222,0.675211,0.433383,-0.994454,0.000610934,0.709717,0.415206,-0.983937,0.0012491,0.708501,0.397158,-0.996554,0.00134039,0.697086,0.351515,-0.988574,0.000772803,0.734143,0.345764,-0.99459,0.00069776,0.72852,0.355781,-0.985557,0.000500176,0.680247,0.338911,-0.987853,0.0006732,0.653296,0.31979,-0.983246,0.00105078,0.669441,0.323857,-0.986552,0.000449052,0.705366,0.294716,-0.986022,0.00147126,0.704773,0.310513,-0.988163,0.00108955,0.732678,0.29732,-0.989918,0.00130343,0.755517,0.272136,-0.982544,0.00140388,0.7035,0.294499,-0.98279,0.00134544,0.731524,0.290678,-0.979607,0.0012308,0.704397,0.224344,-0.979374,0.00112837,0.711389,0.238964,-0.98028,0.00105241,0.703324,0.210429,-0.98434,0.00108742,0.683975,0.210422,-0.983273,0.00119535,0.7,0,-1,0.0195529,-0.0914509,-0.131741,0.259754,-0.816085,1.29062,0.999051,-0.0414796,-0.0132386,-0.00078591,-0.241079,-0.0823437,0.00270214,0,0,-0.394675,0.45,1,5,0.785398,0,0,0,0.00828497,0.178228,0.0424208,-1.12821,3.52462,0.739419,0.0117697,0.17728,0.0450598,0.557102,0.323236,0.483407,0.216734,nan,nan,nan,nan,nan,nan,nan,nan,0.042461,-0.0954217,1.26151,742.85,451.576,648.475,321.67,-3,2.96468,-2,-0.00444087,-0.0731116,1.28169,-0.412258,-0.288786,-0.522901
3.54,0.999965,-0.00807541,-0.00195962,-0.000460861,-0.295094,-0.123706,-0.00771783,0.736358,0.218169,-0.850652,-0.0513355,0.277506,-0.136342,0.778797,0.120753,-0.982917,1.43053e-05,0.706862,0.138019,-0.995125,0.0019271,0.731952,0.200871,-1.00643,-0.000858449,0.794625,0.249037,-0.98717,-0.00100868,0.7576,0.282128,-0.980321,0.000360448,0.744831,0.294791,-0.98542,0.000451179,0.678305,0.309147,-0.987072,-0.000943863,0.707954,0.355687,-0.983407,-0.000531216,0.691199,0.419939,-0.988013,0.000162417,0.691867,0.430126,-0.977489,0.000569614,0.751896,0.453478,-0.979692,-0.00104097,0.743301,0.484835,-0.971573,-0.000280499,0.709872,0.491248,-0.984372,0.000531727,0.71421,0.495402,-0.986653,0.00189673,0.717156,0.527963,-0.993717,0.00114858,0.704341,0.549946,-0.991527,0.000969364,0.728099,0.554015,-0.988677,0.000972343,0.735394,0.538345,-0.991751,0.000543775,0.680587,0.526956,-0.983096,-0.000854923,0.670722,0.538493,-0.991355,0.000742921,0.694798,0.54971,-0.978937,0.000406654,0.680824,0.544525,-0.994102,-9.07403e-05,0.718241,0.549369,-0.988727,-0.000401419,0.708129,0.603634,-0.982003,0.00119881,0.730519,0.596764,-0.983994,-0.000720609,0.707259,0.5936,-0.983768,0.000409783,0.719914,0.645453,-0.988218,0.000735925,0.690548,0.652807,-0.99066,0.000218539,0.675182,0.663024,-0.989059,-0.000666659,0.72492,0.675583,-0.986645,0.00215111,0.704719,0.716186,-0.989221,-0.000446327,0.692537,0.727486,-0.986608,0.00068813,0.640763,0.73506,-0.979152,0.000973591,0.649808,0.703442,-0.996083,0.000446441,0.67116,0.70875,-0.977975,0.00137852,0.678225,0.70687,-0.982132,0.000492544,0.698086,0.687824,-0.97928,0.00174632,0.678936,0.642314,-0.984032,0.00236594,0.711774,0.678751,-0.986724,0.00133194,0.707973,0.670209,-0.98775,0.000851513,0.710767,0.664078,-0.983404,0.00129778,0.698434,0.642069,-0.985982,0.00127111,0.701814,0.621119,-0.988552,0.00111117,0.679644,0.610271,-0.991617,0.00125558,0.701699,0.576698,-0.985492,0.00100458,0.691543,0.543428,-0.984882,0.000759536,0.752348,0.515508,-0.984163,0.0011556,0.725505,0.500029,-0.992797,0.000765896,0.740629,0.509964,-0.989513,0.000721855,0.706113,0.485356,-0.983282,0.000977894,0.688847,0.47656,-0.995396,0.000538884,0.724926,0.448595,-0.981874,0.00126197,0.72349,0.414328,-0.997892,0.00124908,0.709153,0.351569,-0.990575,0.000886673,0.711083,0.375556,-0.993007,0.000701291,0.706383,0.376279,-0.983073,0.000610753,0.687244,0.359118,-0.988065,0.000615828,0.685953,0.338855,-0.983306,0.00109772,0.677165,0.318892,-0.986489,0.000632302,0.692801,0.314382,-0.983609,0.00137518,0.696229,0.336395,-0.987341,0.00114682,0.703456,0.294668,-0.990377,0.00139545,0.702101,0.306223,-0.982726,0.00134215,0.732674,0.304058,-0.980977,0.00131712,0.746561,0.303278,-0.980259,0.0012876,0.716096,0.277298,-0.978738,0.000940123,0.699187,0.258125,-0.979981,0.00100798,0.694228,0.228039,-0.9832,0.00120575,0.701993,0.218621,-0.983931,0.00124512,0.716492,0.198986,-0.980606,0.00121379,0.7,0,-1,0.0083004,-0.122963,-0.132795,0.113387,-0.860816,1.29783,0.999025,-0.0437564,-0.00580294,-0.000882233,-0.221927,-0.0347738,2.17673e-05,0,0,-0.393645,0.45,1,5,0.785398,0,0,0,0.0085593,0.178592,0.0424745,2.04104,1.48929,0.961283,0.016878,0.187827,0.0452309,0.560642,0.319084,0.493825,0.205019,nan,nan,nan,nan,nan,nan,nan,nan,-0.014049,-0.0184772,1.28364,739.433,450.265,655.576,315.357,-2.96577,3,-2,0.0333218,-0.137592,1.28927,0.375593,0.511061,0.133786
3.56,0.999951,-0.00955334,-0.00248969,-0.000499358,-0.330801,-0.117441,-0.00710587,0.73624,0.221043,-0.850679,-0.052612,0.278216,-0.13623,0.728546,0.117739,-0.994139,0.00193064,0.760704,0.213125,-1.00566,-0.000843642,0.740111,0.248732,-0.987779,-0.000883158,0.733812,0.274159,-0.979584,0.000283136,0.727279,0.288833,-0.985824,0.000517888,0.71662,0.309923,-0.984305,-0.000988835,0.692815,0.343079,-0.983288,-0.000405881,0.697898,0.399085,-0.986809,0.00042729,0.711934,0.436931,-0.976797,0.000609933,0.730613,0.437887,-0.9788,-0.00108299,0.719014,0.481545,-0.972455,-0.000137514,0.698271,0.495545,-0.98451,0.000402021,0.681168,0.465755,-0.987496,0.00194351,0.733668,0.501816,-0.993153,0.00107698,0.712904,0.539932,-0.991576,0.000906307,0.6968,0.533564,-0.987522,0.000884223,0.71103,0.551669,-0.991609,0.000622325,0.71344,0.551942,-0.984188,-0.000591737,0.66656,0.524902,-0.99185,0.000887906,0.717364,0.534759,-0.978253,0.000393353,0.695042,0.527359,-0.995576,-0.00012824,0.70943,0.527477,-0.989622,-0.000418679,0.695863,0.583905,-0.980523,0.00116872,0.711963,0.57997,-0.981861,-0.000720385,0.72318,0.585719,-0.983308,0.000490723,0.717213,0.647079,-0.98889,0.00065127,0.677301,0.654969,-0.990702,0.000164728,0.672493,0.657519,-0.989035,-0.000671118,0.698427,0.671748,-0.987122,0.00219852,0.702818,0.711064,-0.988804,-0.000299134,0.717126,0.711136,-0.98692,0.000834824,0.636622,0.744755,-0.979266,0.00101314,0.674192,0.705039,-0.998582,0.000250113,0.672674,0.735395,-0.978202,0.00133742,0.663418,0.687028,-0.982713,0.000528768,0.712174,0.653973,-0.978143,0.00183242,0.685833,0.660912,-0.984897,0.00227774,0.70318,0.699551,-0.986425,0.00144508,0.7229,0.684112,-0.98627,0.000898706,0.747781,0.660067,-0.984895,0.00141533,0.733247,0.6493,-0.986769,0.00113905,0.72654,0.647283,-0.987975,0.0011898,0.713823,0.637644,-0.990711,0.00135694,0.747335,0.580014,-0.985307,0.00106393,0.731774,0.566492,-0.986187,0.000708658,0.755579,0.527712,-0.98437,0.00118589,0.755453,0.512883,-0.990413,0.000756655,0.726719,0.497739,-0.988522,0.000829149,0.71501,0.499532,-0.981551,0.000916412,0.707988,0.483325,-0.996932,0.000471501,0.715936,0.447826,-0.978563,0.00139271,0.734495,0.407222,-0.997321,0.00106103,0.70256,0.374665,-0.99072,0.000942568,0.73541,0.36619,-0.993263,0.000698984,0.694815,0.392159,-0.983076,0.000707374,0.678879,0.374924,-0.988541,0.000394089,0.69715,0.366171,-0.983944,0.00110799,0.675264,0.367537,-0.986318,0.000665006,0.664843,0.343547,-0.984413,0.00141993,0.653788,0.36486,-0.987614,0.00123083,0.673873,0.30629,-0.989971,0.00139559,0.686436,0.279176,-0.982362,0.00146637,0.705733,0.277114,-0.98176,0.00120055,0.719286,0.28911,-0.979409,0.00125465,0.72061,0.30437,-0.979128,0.000808982,0.681029,0.296646,-0.979477,0.000794107,0.721499,0.260779,-0.985169,0.00116459,0.707539,0.20837,-0.98615,0.00116136,0.66936,0.20342,-0.981016,0.00123705,0.704772,0.195289,-0.982081,0.00122101,0.7,0,-1,-0.00574426,-0.111951,-0.136598,0.0984578,-0.876548,1.30361,0.998994,-0.0445553,-0.00501741,-0.0002825,-0.185089,-0.0699658,0.00622417,0,0,-0.393642,0.45,1,5,0.785398,0,0,0,0.00896911,0.179072,0.0424781,0.381594,2.00625,0.237532,0.0166108,0.179553,0.0445243,0.55109,0.320853,0.485312,0.208575,nan,nan,nan,nan,nan,nan,nan,nan,-0.00521709,-0.0680481,1.30509,734.31,449.838,653.197,311.815,-2.97634,3,-2,0.0418944,-0.161085,1.37814,-0.0638226,0.0355169,0.00561252
3.58,0.999919,-0.01216,-0.00376881,-0.000505609,-0.280735,-0.1562,0.00201933,0.735882,0.226765,-0.850983,-0.0676334,0.269437,-0.142344,0.755361,0.178431,-1.00487,-0.000907282,0.725973,0.219897,-0.987891,-0.0008657,0.704471,0.277597,-0.979185,0.000240012,0.734644,0.2519,-0.986392,0.000582525,0.680797,0.280597,-0.984501,-0.001152,0.68124,0.340308,-0.98504,-0.000498002,0.681241,0.368791,-0.985433,0.000351274,0.726092,0.396844,-0.978424,0.000845548,0.718906,0.452736,-0.978528,-0.00111619,0.713691,0.449932,-0.971252,-0.000291718,0.675082,0.464999,-0.984732,0.000299003,0.70529,0.464412,-0.987797,0.00197,0.762408,0.482969,-0.992286,0.000856411,0.711038,0.528726,-0.991001,0.00116674,0.713768,0.546047,-0.986492,0.000628799,0.711458,0.553071,-0.991549,0.000583133,0.717933,0.528011,-0.983586,-0.000486749,0.668519,0.534843,-0.991476,0.000809259,0.708863,0.526386,-0.979512,0.000375101,0.710945,0.519582,-0.99678,-0.000131152,0.733359,0.539279,-0.991703,-0.000339964,0.704327,0.576408,-0.980487,0.00118274,0.73415,0.599188,-0.983035,-0.000885791,0.732501,0.597059,-0.983713,0.000487199,0.723642,0.62647,-0.987674,0.000892097,0.681829,0.650681,-0.991627,0.000239264,0.684574,0.656001,-0.988221,-0.000675976,0.70011,0.654273,-0.988419,0.0021619,0.705029,0.682631,-0.989386,-0.000305263,0.695629,0.671663,-0.985619,0.000923003,0.626405,0.696453,-0.978949,0.00111018,0.644058,0.696944,-0.99756,0.000301302,0.663715,0.706589,-0.977608,0.00140852,0.668508,0.662661,-0.982615,0.00040339,0.691171,0.654553,-0.977706,0.00196378,0.699212,0.691113,-0.986173,0.00236039,0.710225,0.68515,-0.984522,0.00134938,0.720806,0.679093,-0.985672,0.000831481,0.731874,0.639668,-0.984405,0.00137124,0.754446,0.668303,-0.98757,0.000916981,0.740023,0.619245,-0.988163,0.0010135,0.746858,0.658976,-0.988431,0.00151656,0.716735,0.595958,-0.986353,0.00104663,0.740171,0.578598,-0.985047,0.000682667,0.757744,0.548238,-0.983913,0.00111919,0.721577,0.524478,-0.98861,0.000839488,0.699665,0.496065,-0.990918,0.000781343,0.702039,0.521238,-0.982283,0.000920293,0.711568,0.517666,-0.995484,0.000444356,0.725648,0.47469,-0.979466,0.00147858,0.70808,0.416867,-0.996268,0.00115569,0.7449,0.410905,-0.989273,0.000934717,0.706517,0.383389,-0.992735,0.000748407,0.713155,0.397854,-0.981671,0.000646057,0.688345,0.387348,-0.989166,0.000419446,0.696283,0.390311,-0.982844,0.00113316,0.661666,0.387133,-0.984458,0.000710154,0.661607,0.379447,-0.985281,0.00149236,0.678059,0.354919,-0.988554,0.00136482,0.662681,0.319147,-0.989909,0.00144748,0.69589,0.313825,-0.980162,0.00129479,0.73897,0.308699,-0.981774,0.00118675,0.7195,0.303616,-0.97893,0.00131875,0.72187,0.336089,-0.979773,0.000652728,0.698833,0.277548,-0.978443,0.000680507,0.689704,0.263138,-0.983357,0.0010596,0.709273,0.255547,-0.986943,0.00125289,0.709491,0.237748,-0.982308,0.001143,0.69894,0.22249,-0.983419,0.000999425,0.688525,0.190853,-0.983306,0.00112721,0.7,0,-1,0.0432317,-0.141985,-0.128721,0.265201,-0.758518,1.29277,0.999164,-0.0385699,-0.0135075,-0.000514263,-0.195729,-0.0871001,-0.00397239,0,0,-0.39151,0.45,1,5,0.785398,0,0,0,0.00919881,0.179084,0.0424768,3.05658,-0.224655,0.422316,0.0254935,0.159677,0.04421,0.532852,0.343288,0.48027,0.21907,nan,nan,nan,nan,nan,nan,nan,nan,-0.0205965,0.047748,1.23828,725.53,476.595,649.985,315.298,-3,2.97677,-2,0.0639342,-0.206652,1.31283,-0.751069,-0.438955,-0.305715
3.6,0.999902,-0.0133032,-0.00425112,-0.000473066,-0.256129,-0.107,0.00860657,0.735631,0.229586,-0.851164,-0.0657323,0.27321,-0.141372,0.73316,0.198182,-0.988207,-0.000987533,0.70527,0.237683,-0.979061,0.000225841,0.747818,0.212149,-0.985189,0.000628159,0.718294,0.274217,-0.983077,-0.00132511,0.700692,0.309043,-0.983477,-0.000626148,0.682528,0.351498,-0.986484,0.000531454,0.710452,0.361143,-0.977305,0.00107153,0.716217,0.402389,-0.977626,-0.00117906,0.719032,0.438136,-0.970699,-0.000490714,0.677121,0.46391,-0.985214,0.000201845,0.700643,0.45987,-0.987025,0.00185873,0.720646,0.466575,-0.990757,0.000915535,0.726488,0.52846,-0.992323,0.00123204,0.682152,0.520791,-0.987752,0.000725025,0.722997,0.499577,-0.991956,0.000682452,0.726566,0.529818,-0.98461,-0.000441772,0.715213,0.541986,-0.989811,0.000729033,0.716188,0.517523,-0.979544,0.000361186,0.71162,0.540476,-0.998903,-0.000208675,0.728584,0.539259,-0.990946,-0.000371221,0.700435,0.560692,-0.979542,0.00117748,0.714345,0.606322,-0.984832,-0.000972861,0.742183,0.595917,-0.985749,0.000507769,0.720412,0.607749,-0.987189,0.00104151,0.667113,0.645183,-0.992827,0.000131868,0.705248,0.65144,-0.98852,-0.000721147,0.688412,0.659091,-0.988525,0.0021164,0.710346,0.653742,-0.989923,-0.000343885,0.697668,0.655675,-0.985561,0.000848575,0.643608,0.671238,-0.977713,0.00109626,0.648864,0.69438,-0.996948,0.000142971,0.652961,0.681609,-0.977386,0.00139886,0.663736,0.69403,-0.98398,0.000417111,0.711701,0.67918,-0.979126,0.00214159,0.683102,0.69284,-0.985265,0.00246237,0.702346,0.693119,-0.984162,0.0013575,0.720995,0.706321,-0.984744,0.000992304,0.731335,0.675308,-0.984715,0.00136835,0.78256,0.677564,-0.98754,0.00104956,0.736604,0.657666,-0.987226,0.00107254,0.743743,0.645022,-0.987894,0.00150239,0.709456,0.638945,-0.986061,0.000905099,0.735824,0.592716,-0.98473,0.000951965,0.763468,0.556485,-0.98157,0.00109088,0.719894,0.518869,-0.986374,0.000947309,0.695607,0.523632,-0.990517,0.000780278,0.693769,0.53827,-0.981331,0.00105611,0.700696,0.51998,-0.995175,0.000566545,0.715343,0.475312,-0.981904,0.0013214,0.727945,0.449057,-0.995779,0.00113294,0.758244,0.45388,-0.987007,0.000934328,0.687177,0.412693,-0.992672,0.000664526,0.67479,0.401664,-0.979891,0.000611323,0.673267,0.405947,-0.989859,0.000257906,0.670518,0.428594,-0.983821,0.00104054,0.639637,0.392903,-0.985715,0.000594576,0.640438,0.382497,-0.986743,0.00152397,0.651976,0.363466,-0.988514,0.00121099,0.662555,0.319784,-0.98912,0.00140613,0.678364,0.341678,-0.981742,0.00136947,0.719417,0.364472,-0.981514,0.00110375,0.714319,0.321348,-0.977226,0.00136007,0.70831,0.32862,-0.978848,0.000757861,0.71207,0.291296,-0.978523,0.000561145,0.691506,0.263757,-0.981507,0.000988,0.70139,0.253565,-0.986547,0.0014923,0.701223,0.242571,-0.982985,0.00110894,0.700736,0.219596,-0.983789,0.000800716,0.724591,0.220148,-0.981869,0.0012203,0.699109,0.23088,-0.983177,0.000912504,0.7,0,-1,0.0432317,-0.141985,-0.128721,0.265201,-0.758518,1.29277,0.999164,-0.0385699,-0.0135075,-0.000514263,-0.177393,-0.0694852,-0.00418295,0,0,-0.392264,0.45,1,5,0.785398,0,0,0,0.00952393,0.178617,0.0423895,1.25389,-1.48692,0.187227,-0.00019635,0.174002,0.0417059,0.557039,0.310882,0.473128,0.228008,nan,nan,nan,nan,nan,nan,nan,nan,0.0152628,0.0762524,1.24216,725.456,466.473,645.547,327.277,-2.99766,3,-2,0.0716901,-0.22471,1.36471,0.095053,0.188673,0.0486031
3.62,0.999851,-0.016739,-0.00417124,-0.000300666,-0.253295,0.0368024,0.0138461,0.735086,0.238218,-0.851658,-0.0695095,0.278495,-0.153882,0.695529,0.213491,-0.979479,0.000256786,0.732707,0.201619,-0.984555,0.000573018,0.720025,0.253661,-0.981937,-0.00145162,0.721488,0.293169,-0.985155,-0.000775402,0.721348,0.31445,-0.98605,0.000330447,0.693157,0.321078,-0.97803,0.00106777,0.710619,0.385114,-0.978441,-0.00141487,0.73715,0.432792,-0.970493,-0.000570891,0.704176,0.432249,-0.984462,-4.14711e-05,0.696287,0.457202,-0.987636,0.00173203,0.693306,0.443896,-0.989428,0.000655115,0.688843,0.522981,-0.99267,0.0011606,0.686804,0.534841,-0.987761,0.000776743,0.726596,0.494298,-0.993309,0.000735843,0.709036,0.494384,-0.985117,-0.000420263,0.713193,0.512044,-0.990314,0.000761114,0.706606,0.498559,-0.97967,8.3984e-05,0.711358,0.53214,-0.999084,-0.000288031,0.7123,0.514228,-0.990018,-0.000360042,0.712515,0.551094,-0.978259,0.00132851,0.698528,0.6193,-0.985945,-0.00107621,0.709639,0.588384,-0.986364,0.000437938,0.728258,0.587569,-0.989213,0.000966482,0.658214,0.637275,-0.991854,0.000195779,0.673863,0.637187,-0.987072,-0.00064935,0.679593,0.650792,-0.989122,0.00204121,0.675909,0.646174,-0.989642,-0.000256726,0.704609,0.658853,-0.984832,0.000720636,0.655536,0.682348,-0.979516,0.00119045,0.631796,0.686248,-0.995358,6.44837e-05,0.638875,0.665996,-0.976768,0.00145577,0.660194,0.70085,-0.982123,0.000413677,0.684564,0.696036,-0.979333,0.00216407,0.686977,0.687668,-0.984097,0.00260897,0.713732,0.714324,-0.981777,0.00131295,0.705548,0.731481,-0.985161,0.000951462,0.708297,0.695292,-0.984896,0.00150174,0.756465,0.70058,-0.987293,0.00107815,0.753324,0.702009,-0.987593,0.00115824,0.711415,0.656012,-0.985946,0.00157951,0.695198,0.64532,-0.98608,0.000642363,0.737552,0.607998,-0.983743,0.000828968,0.729418,0.580868,-0.981779,0.000981118,0.672733,0.560688,-0.985703,0.000978942,0.709701,0.534517,-0.988828,0.000913463,0.70612,0.549274,-0.9807,0.00104373,0.710619,0.532935,-0.994487,0.000624669,0.708025,0.522507,-0.980941,0.00128328,0.711684,0.473472,-0.994004,0.00102277,0.738284,0.45509,-0.984529,0.00108295,0.719707,0.452785,-0.990619,0.000863704,0.673732,0.420304,-0.979563,0.000687519,0.671819,0.437276,-0.990552,0.000293847,0.661276,0.420249,-0.983381,0.00122096,0.66651,0.429711,-0.98607,0.000456336,0.682549,0.414839,-0.98636,0.00155593,0.669631,0.385523,-0.988105,0.00124211,0.686032,0.361394,-0.989363,0.00150751,0.698298,0.386891,-0.981248,0.00148763,0.709716,0.361742,-0.979369,0.00103946,0.730051,0.345098,-0.977773,0.00131229,0.703078,0.346462,-0.979952,0.000842385,0.713957,0.325823,-0.979154,0.00039133,0.668772,0.268434,-0.98096,0.00105616,0.677992,0.216259,-0.987189,0.00163394,0.678429,0.209057,-0.982484,0.000993651,0.705175,0.19203,-0.984871,0.000658128,0.722,0.218235,-0.982456,0.00115621,0.703952,0.20149,-0.983025,0.000785239,0.71415,0.210556,-0.982286,0.000827895,0.7,0,-1,0.0432745,-0.147325,-0.128528,0.224434,-0.852722,1.29473,0.998995,-0.0433401,-0.0114297,-0.000488704,-0.123317,-0.0812942,-0.00802001,0,0,-0.391199,0.45,1,5,0.785398,0,0,0,0.00959005,0.178516,0.0423465,1.85959,-2.09544,0.0301974,0.00758426,0.181297,0.0408768,0.554801,0.309331,0.483549,0.217113,nan,nan,nan,nan,nan,nan,nan,nan,-0.0353676,0.0219988,1.19331,724.802,458.375,645.163,323.648,-3,3,-2,0.0697318,-0.28019,1.44165,-0.188861,0.264233,-0.625505
3.64,0.999833,-0.0177927,-0.00419094,-0.000256665,-0.237987,-0.00383151,0.0130337,0.734881,0.241199,-0.851729,-0.0729229,0.277415,-0.149115,0.739855,0.172679,-0.983644,0.000538106,0.727373,0.232956,-0.981166,-0.0015187,0.724217,0.252657,-0.984483,-0.000812601,0.714635,0.290368,-0.98832,0.000355454,0.71072,0.331095,-0.977062,0.00127857,0.679086,0.381599,-0.977668,-0.0012954,0.725695,0.431764,-0.968983,-0.000533451,0.68079,0.424044,-0.984543,0.000212169,0.722001,0.419565,-0.987278,0.00171062,0.688529,0.435153,-0.989251,0.000812846,0.688263,0.478275,-0.991681,0.00128116,0.688844,0.515679,-0.987201,0.000777386,0.693295,0.48168,-0.991306,0.000631581,0.731327,0.492924,-0.984017,-0.000349078,0.696862,0.487276,-0.99035,0.000709863,0.708542,0.514951,-0.979647,0.000102263,0.7081,0.497519,-0.998263,-0.000350251,0.709175,0.504645,-0.990179,-0.000473258,0.726392,0.532088,-0.978406,0.00130458,0.713031,0.577227,-0.986314,-0.00112256,0.708442,0.592308,-0.987465,0.000481922,0.713742,0.599996,-0.989135,0.00106346,0.707232,0.636654,-0.991086,0.000153753,0.677708,0.639417,-0.987987,-0.000624867,0.692645,0.660929,-0.990662,0.00213731,0.690303,0.648837,-0.987769,-0.000424428,0.672737,0.667665,-0.985338,0.000796834,0.664033,0.65905,-0.979393,0.00105178,0.658573,0.693569,-0.993663,-8.84409e-05,0.65042,0.674854,-0.977803,0.00139015,0.678884,0.703811,-0.981794,0.000624845,0.679548,0.663368,-0.980101,0.00216788,0.676958,0.710442,-0.982595,0.00275996,0.675889,0.707567,-0.982835,0.00134579,0.693401,0.737425,-0.98577,0.0007616,0.713714,0.709907,-0.985264,0.00143441,0.760701,0.670654,-0.987117,0.00097921,0.751526,0.693683,-0.985746,0.00133877,0.729622,0.637502,-0.987746,0.00137089,0.681521,0.638141,-0.985755,0.000870843,0.731123,0.583141,-0.983057,0.000887765,0.72253,0.587162,-0.981059,0.000787772,0.708985,0.584742,-0.985631,0.00121179,0.706029,0.546373,-0.987758,0.000924374,0.692702,0.567055,-0.979392,0.000899237,0.726379,0.55985,-0.992398,0.000630133,0.72224,0.557222,-0.982769,0.00118974,0.735007,0.497666,-0.995532,0.00102903,0.729456,0.458113,-0.984455,0.00103527,0.719951,0.461261,-0.991902,0.000735104,0.682183,0.404958,-0.979394,0.000616811,0.651375,0.439096,-0.990904,0.000353465,0.662897,0.449099,-0.984241,0.00123298,0.665652,0.450687,-0.98624,0.000314425,0.664374,0.432502,-0.985254,0.00168442,0.688951,0.435352,-0.988535,0.00113692,0.676239,0.391175,-0.990138,0.00149711,0.716966,0.428425,-0.980432,0.00154584,0.721199,0.407193,-0.979722,0.000808545,0.706199,0.356787,-0.977618,0.00126568,0.716258,0.358894,-0.981618,0.000699428,0.700861,0.314754,-0.978623,0.000351388,0.684501,0.272388,-0.979775,0.00114757,0.723143,0.221735,-0.988194,0.00186722,0.715423,0.228705,-0.985211,0.000861825,0.720182,0.197792,-0.98464,0.000666137,0.715524,0.20964,-0.982607,0.00125146,0.683462,0.209456,-0.98462,0.00064185,0.704902,0.18989,-0.982448,0.000910722,0.718782,0.229125,-0.985205,0.000893029,0.7,0,-1,-0.00429791,-0.155381,-0.139338,0.201024,-0.889876,1.25543,0.998924,-0.0452295,-0.0101934,0.000504622,-0.179714,-0.00348113,-0.00500989,0,0,-0.391973,0.45,1,5,0.785398,0,0,0,0.00959893,0.178562,0.0423212,1.00399,-2.31528,-0.305406,0.0114657,0.186844,0.0404963,0.556373,0.308547,0.491369,0.211604,nan,nan,nan,nan,nan,nan,nan,nan,0.0295793,-0.0142785,1.21632,724.73,452.04,652.802,319.068,-3,3,-2,0.0701294,-0.298078,1.43493,-0.170667,-0.0540048,0.23838
3.66,0.999775,-0.020645,-0.00492345,6.80899e-05,-0.13655,-0.0521152,0.0162179,0.734057,0.253454,-0.852526,-0.0524739,0.270094,-0.151571,0.679018,0.219236,-0.982701,-0.00166942,0.698375,0.250139,-0.985036,-0.00101382,0.705688,0.285556,-0.988287,0.000394353,0.703996,0.314606,-0.976759,0.0013231,0.679893,0.336349,-0.97844,-0.00146444,0.725324,0.410058,-0.969644,-0.000383252,0.689558,0.412169,-0.983495,0.000170723,0.711659,0.404952,-0.987164,0.00181825,0.692532,0.451488,-0.990675,0.000890438,0.696541,0.466303,-0.99222,0.00136964,0.651612,0.496872,-0.98898,0.000856925,0.698004,0.463112,-0.992068,0.000593859,0.712647,0.482936,-0.983079,-0.000328317,0.717527,0.498194,-0.989887,0.000767857,0.699528,0.515791,-0.978261,0.000138557,0.723163,0.495342,-0.997594,-0.000431438,0.735816,0.507113,-0.990995,-0.000481963,0.751544,0.555378,-0.977903,0.00133019,0.732252,0.546954,-0.985995,-0.00111188,0.677721,0.579626,-0.987297,0.000474965,0.709258,0.618274,-0.989836,0.000992583,0.683431,0.643841,-0.989288,0.000173313,0.667912,0.647623,-0.987795,-0.000538646,0.697834,0.676109,-0.991637,0.00207182,0.687738,0.67435,-0.988747,-0.000637719,0.681883,0.663705,-0.984748,0.000882258,0.695559,0.6706,-0.980251,0.0011009,0.639843,0.685753,-0.99284,-5.38031e-05,0.629899,0.673764,-0.976042,0.00151909,0.671419,0.681208,-0.981795,0.000647329,0.648839,0.664193,-0.979311,0.0020799,0.711153,0.700607,-0.984586,0.00294776,0.679263,0.701966,-0.982333,0.00139786,0.701219,0.734288,-0.986793,0.0007478,0.720789,0.701138,-0.985421,0.00143104,0.762093,0.690158,-0.986894,0.000959331,0.774652,0.681989,-0.987082,0.00122792,0.724364,0.652584,-0.988893,0.00129133,0.687823,0.613801,-0.986754,0.000973031,0.730116,0.589374,-0.982751,0.000994173,0.72018,0.630852,-0.978782,0.00076393,0.701226,0.593881,-0.984039,0.00117638,0.696547,0.587629,-0.988154,0.000670055,0.689005,0.583801,-0.97889,0.0010285,0.72711,0.535428,-0.99472,0.000454032,0.723305,0.518367,-0.982038,0.00118643,0.698327,0.516863,-0.995236,0.00112711,0.756196,0.499475,-0.984993,0.00110756,0.745909,0.498312,-0.989932,0.000782439,0.709797,0.468708,-0.979992,0.000666925,0.691963,0.453574,-0.994077,0.000214667,0.669309,0.473931,-0.985447,0.00125725,0.629311,0.471362,-0.986126,0.000344185,0.671364,0.42733,-0.985321,0.00159977,0.673186,0.429064,-0.989765,0.00126828,0.672591,0.429149,-0.991821,0.0015289,0.738005,0.452586,-0.979939,0.00170384,0.728804,0.425453,-0.979145,0.000796896,0.728059,0.380387,-0.979668,0.00108306,0.7036,0.348673,-0.981173,0.000631316,0.702642,0.343495,-0.977355,0.000268622,0.671928,0.283894,-0.980037,0.00106987,0.713293,0.223644,-0.98967,0.0017109,0.721489,0.208086,-0.984247,0.000892625,0.680969,0.21573,-0.985406,0.000507855,0.699652,0.221735,-0.981356,0.00122857,0.700936,0.221997,-0.982619,0.000532597,0.684437,0.238471,-0.981081,0.000816262,0.727643,0.235003,-0.985329,0.000818425,0.715745,0.223835,-0.984756,0.000887525,0.7,0,-1,0.0213884,-0.102779,-0.149558,0.182483,-0.69362,1.18949,0.999334,-0.0352869,-0.00931311,-0.000782714,-0.152574,-0.00325208,-0.00206982,0,0,-0.392573,0.45,1,5,0.785398,0,0,0,0.0095424,0.178767,0.0423092,1.56081,-2.27044,-0.465919,-0.00134321,0.205591,0.0404401,0.578413,0.28596,0.4954,0.207251,nan,nan,nan,nan,nan,nan,nan,nan,0.092665,0.0300201,1.18144,747.876,440.057,657.367,314.156,-2.90618,3,-2,0.0842185,-0.353038,1.26207,1.02245,-0.366063,-0.122805
3.68,0.999723,-0.0227536,-0.0060236,0.000146653,-0.173836,-0.0642809,0.00442267,0.733663,0.261891,-0.853406,-0.0543669,0.263111,-0.149303,0.699266,0.239529,-0.985032,-0.00118065,0.72688,0.252237,-0.987763,0.000292662,0.694122,0.298527,-0.975539,0.00121431,0.676696,0.30632,-0.978307,-0.00151976,0.705436,0.365927,-0.969681,-0.000161943,0.700996,0.404503,-0.98464,5.47874e-05,0.678392,0.40009,-0.986612,0.00205768,0.692372,0.431684,-0.989842,0.000887816,0.695685,0.451476,-0.991098,0.00129842,0.668862,0.476456,-0.989696,0.0010225,0.693297,0.444135,-0.993713,0.000601037,0.72084,0.471433,-0.981895,-0.000274116,0.718883,0.481323,-0.992181,0.000712448,0.705333,0.514919,-0.978082,-1.31866e-05,0.698845,0.523396,-0.997113,-0.000294181,0.742812,0.532207,-0.989943,-0.000459123,0.733358,0.558313,-0.977057,0.00137284,0.737055,0.527675,-0.984076,-0.00101356,0.683073,0.575264,-0.986595,0.00054134,0.69048,0.587797,-0.988652,0.000972181,0.682116,0.619373,-0.989137,0.000164677,0.695117,0.639751,-0.988741,-0.000649128,0.703841,0.685825,-0.99102,0.00187922,0.693532,0.676146,-0.989182,-0.00054441,0.689351,0.661804,-0.984826,0.000887089,0.671365,0.680977,-0.98188,0.000907264,0.643441,0.699662,-0.991532,-0.000103162,0.645121,0.673283,-0.974004,0.00151846,0.667501,0.678561,-0.981763,0.000685756,0.67688,0.643338,-0.980274,0.00198246,0.704754,0.675228,-0.985251,0.00299358,0.69715,0.729199,-0.984236,0.00129803,0.685789,0.708642,-0.985539,0.000674171,0.699356,0.682488,-0.984448,0.00144685,0.741224,0.697506,-0.986144,0.00112048,0.733474,0.695019,-0.986862,0.00119662,0.735432,0.66691,-0.988033,0.00118862,0.679418,0.624959,-0.986305,0.000950728,0.699472,0.609276,-0.98281,0.000753967,0.728599,0.607387,-0.977744,0.000665004,0.712995,0.59753,-0.98315,0.00131548,0.689491,0.600124,-0.987311,0.000613343,0.687752,0.573399,-0.977642,0.00103409,0.736008,0.525179,-0.993973,0.000550565,0.718244,0.521638,-0.983605,0.00132603,0.709554,0.532272,-0.99641,0.00112029,0.74327,0.539888,-0.984147,0.00114416,0.736877,0.533307,-0.98803,0.000875005,0.726355,0.49094,-0.980381,0.000757012,0.702282,0.500501,-0.993672,0.000346773,0.679089,0.514495,-0.984759,0.00134974,0.668584,0.488917,-0.986191,0.000364759,0.686087,0.461005,-0.986705,0.00164315,0.692754,0.446928,-0.989483,0.00144633,0.699705,0.44903,-0.990395,0.0013213,0.739891,0.4508,-0.975538,0.00195767,0.700868,0.434967,-0.979436,0.000688094,0.756088,0.394334,-0.97999,0.00101927,0.728946,0.376248,-0.981458,0.000747944,0.703711,0.34879,-0.977171,0.000161896,0.659636,0.319501,-0.981004,0.00101553,0.696477,0.262607,-0.99072,0.00175637,0.706413,0.22782,-0.983412,0.00075705,0.684878,0.234144,-0.98755,0.000448769,0.684969,0.227051,-0.981465,0.00127121,0.655741,0.229759,-0.984085,0.000543139,0.689243,0.218024,-0.978531,0.000757511,0.71582,0.235042,-0.986481,0.000717356,0.741767,0.215993,-0.985309,0.000917701,0.726604,0.241948,-0.986283,0.000749846,0.7,0,-1,-0.0351028,-0.0768042,-0.123073,0.129693,-0.644433,1.33699,0.99944,-0.0328015,-0.00660438,-8.83008e-05,-0.0926542,-0.0731401,-0.00447909,0,0,-0.391373,0.45,1,5,0.785398,0,0,0,0.00959958,0.179116,0.0423023,-4.2703,3.32555,-0.12268,0.0293783,0.178046,0.0406965,0.537779,0.32773,0.49771,0.205051,nan,nan,nan,nan,nan,nan,nan,nan,0.119423,-0.00512131,1.23207,737.063,457.126,659.978,309.722,-2.92595,3,-2,0.103054,-0.389046,1.2643,-0.0946512,-0.349128,0.113373
3.7,0.999653,-0.0252991,-0.00738396,0.000106127,-0.192744,-0.108914,-0.00484538,0.73329,0.270211,-0.854195,-0.0581152,0.242122,-0.14576,0.735674,0.232928,-0.987762,0.000336172,0.687037,0.260606,-0.973513,0.00129819,0.704288,0.297378,-0.978768,-0.00153895,0.691572,0.341121,-0.969581,-0.000167694,0.682984,0.384587,-0.984065,8.83382e-05,0.67692,0.403588,-0.984475,0.00207537,0.673645,0.409733,-0.991657,0.000925789,0.67703,0.432104,-0.992315,0.00151178,0.684868,0.436746,-0.989121,0.000979874,0.685469,0.446028,-0.993863,0.000648138,0.709895,0.480578,-0.981781,-0.000281895,0.716268,0.489821,-0.993804,0.00108481,0.701138,0.500598,-0.978153,-5.03324e-05,0.6884,0.530023,-0.995804,-0.000417562,0.723933,0.505958,-0.991194,-0.00046291,0.723566,0.531423,-0.97739,0.0014339,0.722713,0.525829,-0.983827,-0.000798423,0.657952,0.525366,-0.98791,0.000332592,0.649357,0.5529,-0.98728,0.000818886,0.695305,0.591901,-0.989427,0.000122167,0.702019,0.611258,-0.989717,-0.000757128,0.687303,0.670413,-0.990614,0.00154868,0.705956,0.695861,-0.98804,-0.000618291,0.693194,0.706524,-0.983287,0.000857718,0.69545,0.6778,-0.982441,0.000825174,0.652321,0.699358,-0.992238,-0.000257165,0.618145,0.674787,-0.972936,0.00156849,0.654844,0.657775,-0.982254,0.000615211,0.688401,0.647445,-0.97814,0.00202674,0.672078,0.692926,-0.98591,0.0030588,0.696499,0.714868,-0.984365,0.0012044,0.687157,0.701232,-0.984888,0.000608548,0.694253,0.699754,-0.983334,0.00129871,0.751197,0.728533,-0.985223,0.00126406,0.723129,0.673764,-0.985784,0.00123083,0.687789,0.653128,-0.987988,0.00108181,0.676331,0.621138,-0.987891,0.00103713,0.709248,0.605295,-0.981735,0.000819261,0.71665,0.598096,-0.976316,0.000668513,0.711545,0.614226,-0.983841,0.0012767,0.725522,0.579117,-0.985234,0.000432127,0.690826,0.572571,-0.976698,0.000936158,0.721504,0.531391,-0.992607,0.000659877,0.752328,0.540289,-0.984441,0.00161419,0.722943,0.564133,-0.996571,0.00108506,0.741218,0.565094,-0.983663,0.00115699,0.737307,0.546294,-0.986167,0.000846849,0.721864,0.525199,-0.978972,0.000566324,0.693449,0.549015,-0.994053,0.000431842,0.702406,0.529914,-0.983493,0.00139498,0.668063,0.504473,-0.985996,0.000506821,0.687983,0.489246,-0.988549,0.0014755,0.699079,0.448568,-0.99018,0.00138715,0.714311,0.452039,-0.990819,0.00135794,0.731673,0.448808,-0.976943,0.00170345,0.718193,0.454935,-0.97954,0.000640744,0.751806,0.433349,-0.979135,0.00100802,0.720916,0.394068,-0.979025,0.000713299,0.701078,0.339305,-0.975401,9.16091e-05,0.696572,0.297532,-0.979113,0.0010142,0.717732,0.291729,-0.991241,0.00172853,0.701293,0.265051,-0.983144,0.000695227,0.686273,0.245903,-0.987089,0.000461223,0.673901,0.232471,-0.979862,0.00135082,0.649425,0.222733,-0.983089,0.00054754,0.666867,0.19243,-0.978036,0.000606768,0.711964,0.241764,-0.987985,0.000527906,0.713889,0.239183,-0.984913,0.000867892,0.738122,0.23294,-0.984412,0.000618733,0.773204,0.245423,-0.985254,0.000611681,0.7,0,-1,-0.0347934,-0.0820752,-0.122162,0.110544,-0.685531,1.34872,0.999375,-0.0348861,-0.00562794,-6.79947e-05,-0.10871,-0.0343617,-0.0035891,0,0,-0.392206,0.45,1,5,0.785398,0,0,0,0.00997122,0.17922,0.0422971,-2.03236,2.52205,0.0270504,0.0271403,0.182065,0.0409239,0.542352,0.323453,0.498661,0.203486,nan,nan,nan,nan,nan,nan,nan,nan,0.0667909,-0.143013,1.25432,730.175,455.812,661.057,305.859,-2.9572,2.93789,-2,0.125089,-0.428412,1.34825,-0.187414,-1.04947,0.177155
3.72,0.999543,-0.0290846,-0.00819477,0.000252307,-0.222501,-0.00154126,0.0187394,0.73307,0.281297,-0.854801,-0.0612764,0.24919,-0.146771,0.656515,0.270908,-0.975769,0.00121151,0.675181,0.332062,-0.978561,-0.00154712,0.688747,0.359424,-0.968512,-0.000205405,0.679136,0.361089,-0.98409,0.000130344,0.689029,0.39292,-0.982713,0.00179125,0.649497,0.418243,-0.991419,0.000801012,0.67606,0.426778,-0.990595,0.00154125,0.688397,0.435656,-0.987667,0.000931797,0.685764,0.461047,-0.993719,0.000641858,0.697707,0.466879,-0.982088,-0.000296235,0.711685,0.486358,-0.993756,0.00113064,0.709504,0.49488,-0.975858,-5.25874e-05,0.697007,0.531219,-0.995868,-0.00065458,0.732936,0.507441,-0.990673,-0.000485136,0.731657,0.534138,-0.977515,0.00158496,0.706159,0.506155,-0.983171,-0.000984563,0.650111,0.53371,-0.988256,0.000368073,0.669499,0.549711,-0.984068,0.000946037,0.661122,0.594162,-0.988663,0.000163611,0.708525,0.625235,-0.988881,-0.00088245,0.676231,0.663169,-0.991451,0.00152895,0.685215,0.706688,-0.988874,-0.000641223,0.683896,0.683746,-0.98206,0.000883605,0.705342,0.651048,-0.9838,0.000930635,0.658936,0.668488,-0.993001,-0.000304176,0.631098,0.6602,-0.972632,0.00161946,0.682794,0.66975,-0.981037,0.000663732,0.702145,0.658104,-0.979681,0.00192258,0.705234,0.698845,-0.985961,0.00307143,0.714246,0.707139,-0.984037,0.00106024,0.716894,0.683414,-0.98525,0.000562734,0.696335,0.704158,-0.982899,0.0012767,0.761159,0.718519,-0.984577,0.00128557,0.714684,0.660834,-0.986305,0.00122932,0.710903,0.646837,-0.988422,0.0011933,0.70643,0.62505,-0.987383,0.00111749,0.751107,0.601288,-0.982481,0.000694632,0.734867,0.61039,-0.975701,0.000453893,0.718052,0.596871,-0.984744,0.00119446,0.701632,0.573199,-0.985043,0.000531692,0.713828,0.568996,-0.976523,0.000806725,0.727432,0.546846,-0.990863,0.000667505,0.731776,0.546293,-0.984685,0.00152859,0.71715,0.545683,-0.996439,0.000987783,0.741527,0.578051,-0.984774,0.00146947,0.724899,0.548787,-0.984829,0.000822133,0.71444,0.536658,-0.980141,0.000335933,0.710234,0.567657,-0.994358,0.000305532,0.695391,0.53741,-0.983517,0.00165423,0.686239,0.558955,-0.985225,0.000559179,0.656604,0.53599,-0.987916,0.00139299,0.686117,0.494779,-0.988531,0.00128821,0.700699,0.50511,-0.989605,0.00144263,0.72426,0.47249,-0.977884,0.00171641,0.739495,0.479058,-0.981702,0.000477981,0.738827,0.441835,-0.98036,0.000929468,0.721191,0.368213,-0.978672,0.000727648,0.6966,0.35681,-0.975982,0.000217183,0.689049,0.345803,-0.97908,0.000871596,0.719811,0.303656,-0.991833,0.00142225,0.712759,0.276618,-0.982642,0.000623835,0.701607,0.247656,-0.987737,0.000479058,0.653001,0.231863,-0.97909,0.00102987,0.655155,0.247438,-0.981461,0.000593294,0.679388,0.221001,-0.977449,0.000498782,0.689984,0.251251,-0.986675,0.000499911,0.718824,0.250305,-0.983756,0.000814077,0.734583,0.200019,-0.984016,0.00050096,0.764057,0.223931,-0.985408,0.000590062,0.786747,0.216014,-0.986884,0.000550764,0.7,0,-1,0.00739266,-0.125781,-0.125815,0.140985,-0.760849,1.31044,0.999225,-0.0387023,-0.00717188,-8.54925e-06,-0.126221,-0.0147562,0.0017219,0,0,-0.394086,0.45,1,5,0.785398,0,0,0,0.0102099,0.179267,0.0422882,0.368912,0.497923,0.486363,0.030393,0.172364,0.040882,0.533368,0.332789,0.494365,0.208303,nan,nan,nan,nan,nan,nan,nan,nan,-0.0067762,-0.0486557,1.22661,722.564,463.564,659.858,304.586,-2.98682,3,-2,0.138196,-0.490006,1.39379,-0.158062,0.353403,-0.0505656
3.74,0.999515,-0.0299772,-0.00838635,0.000315433,-0.201748,-0.0425366,0.0171155,0.732942,0.283989,-0.855054,-0.0604999,0.244084,-0.141884,0.67497,0.296132,-0.979096,-0.00161092,0.7019,0.333258,-0.968033,-0.000118337,0.672458,0.354053,-0.984926,0.000108352,0.689185,0.412167,-0.982434,0.00181253,0.65983,0.405569,-0.990349,0.0007265,0.669976,0.419289,-0.988519,0.00148268,0.684966,0.455757,-0.98638,0.000850876,0.710152,0.456051,-0.991705,0.000750476,0.696127,0.443723,-0.981461,-0.000454938,0.701495,0.445062,-0.995843,0.00104045,0.697813,0.513024,-0.974877,2.98237e-05,0.702323,0.503741,-0.996032,-0.000708029,0.703999,0.492079,-0.991306,-0.000537031,0.729288,0.534203,-0.977499,0.00149299,0.732343,0.517876,-0.982214,-0.00113027,0.670853,0.552621,-0.990023,0.000144893,0.687373,0.569827,-0.98364,0.00083871,0.647378,0.586165,-0.988578,0.000171597,0.684463,0.610299,-0.989346,-0.000889724,0.677556,0.616254,-0.988845,0.00162884,0.667159,0.664822,-0.988867,-0.000680095,0.652572,0.657213,-0.982724,0.0010577,0.656123,0.627698,-0.98337,0.00065888,0.670503,0.635009,-0.992851,-0.00029365,0.67132,0.65639,-0.97249,0.00172994,0.676486,0.667898,-0.981547,0.000470544,0.701771,0.674786,-0.979491,0.00187536,0.703098,0.693762,-0.984313,0.00310517,0.728855,0.692821,-0.9831,0.00100182,0.722001,0.671525,-0.985834,0.00069468,0.697856,0.699986,-0.982697,0.00117999,0.726917,0.720358,-0.983467,0.00131708,0.736263,0.677426,-0.985649,0.00116656,0.682249,0.653661,-0.989419,0.0012356,0.71905,0.644644,-0.989128,0.000984176,0.739823,0.596987,-0.983252,0.000888354,0.718512,0.628691,-0.976136,0.000436588,0.691666,0.611283,-0.987616,0.00104136,0.712379,0.577005,-0.983419,0.000538084,0.717359,0.551227,-0.97556,0.00100804,0.747479,0.568712,-0.993251,0.000721449,0.758316,0.570413,-0.985552,0.00142785,0.732189,0.567366,-0.99571,0.00104151,0.716376,0.546626,-0.984582,0.00148776,0.741995,0.554518,-0.984836,0.000598876,0.70285,0.541807,-0.978548,0.000483449,0.67173,0.595157,-0.995391,0.000339562,0.662941,0.566223,-0.98205,0.00191996,0.67352,0.565036,-0.985478,0.000575474,0.656507,0.537315,-0.987025,0.00134712,0.691723,0.509217,-0.987155,0.00131442,0.720907,0.50086,-0.991119,0.00143216,0.695271,0.515949,-0.97725,0.00158356,0.701176,0.478891,-0.982202,0.00050787,0.718109,0.41254,-0.977728,0.00076288,0.724234,0.400795,-0.980089,0.000582796,0.711707,0.367066,-0.976885,-0.000105759,0.67606,0.342983,-0.980413,0.000987106,0.70225,0.347259,-0.991613,0.00137244,0.707098,0.305997,-0.981804,0.00068837,0.691704,0.29444,-0.987349,0.00056807,0.661208,0.260606,-0.978666,0.000831688,0.666788,0.270231,-0.98321,0.000441562,0.662257,0.226257,-0.977218,0.000404565,0.688327,0.261747,-0.985567,0.000492792,0.736211,0.26019,-0.98454,0.0007734,0.741631,0.209642,-0.982419,0.00055198,0.749834,0.178436,-0.98348,0.00060226,0.756943,0.207874,-0.987009,0.000536144,0.790854,0.225556,-0.987704,0.000404045,0.7,0,-1,-0.0503527,-0.0863218,-0.124167,0.133689,-0.56225,1.31128,0.999566,-0.0286226,-0.00683694,-0.00103077,-0.0351882,-0.00776284,-0.00678898,0,0,-0.396474,0.45,1,5,0.785398,0,0,0,0.0105447,0.179323,0.0422599,0.247206,3.41897,-0.0866658,0.0170652,0.176776,0.0405539,0.547118,0.321451,0.48992,0.216472,nan,nan,nan,nan,nan,nan,nan,nan,0.10999,0.0556786,1.24041,720.565,460.02,657.711,311.761,-2.99704,3,-2,0.140945,-0.503199,1.42508,0.0388263,-0.255281,0.244355
3.76,0.999473,-0.0314238,-0.00815096,0.000473388,-0.144713,0.0260568,0.0232836,0.732774,0.28923,-0.855608,-0.0549377,0.228377,-0.143943,0.699616,0.371367,-0.966875,1.61077e-05,0.725252,0.359965,-0.984913,0.000174238,0.71294,0.397235,-0.98375,0.00179276,0.672089,0.402317,-0.98864,0.000735133,0.657583,0.418498,-0.988573,0.00142555,0.675256,0.457529,-0.986731,0.000815482,0.696283,0.440125,-0.990054,0.000591043,0.690271,0.44234,-0.981816,-0.000403198,0.686331,0.431871,-0.996091,0.0012263,0.678114,0.482257,-0.974845,-1.21873e-05,0.706503,0.472702,-0.998471,-0.00081643,0.719362,0.484151,-0.99083,-0.000511683,0.712222,0.513199,-0.975495,0.00123567,0.71827,0.502049,-0.981695,-0.00116434,0.675538,0.540041,-0.988994,0.000154336,0.655726,0.556884,-0.983287,0.000662663,0.626231,0.610954,-0.988168,0.00016408,0.657692,0.609954,-0.989541,-0.00093806,0.674455,0.60672,-0.988606,0.00160389,0.696251,0.62341,-0.988143,-0.000616751,0.64973,0.624626,-0.984268,0.00121215,0.655953,0.652803,-0.984687,0.000661958,0.685501,0.636097,-0.992005,-0.000269193,0.669861,0.674871,-0.974801,0.00166547,0.685826,0.664329,-0.980851,0.00042548,0.679473,0.66905,-0.97889,0.00163445,0.694497,0.655046,-0.983308,0.00328357,0.708617,0.678686,-0.982157,0.000866797,0.730318,0.667977,-0.985755,0.00070622,0.695461,0.681258,-0.982771,0.00111836,0.731576,0.674451,-0.982981,0.00150607,0.730979,0.691528,-0.984694,0.001118,0.729659,0.67272,-0.990251,0.00108896,0.725193,0.648178,-0.98982,0.000943373,0.744108,0.625587,-0.982149,0.000884534,0.690179,0.640546,-0.976638,0.000465661,0.693664,0.642695,-0.987775,0.00106195,0.701369,0.594131,-0.981223,0.000568766,0.743791,0.557814,-0.97583,0.00103375,0.748395,0.562013,-0.991927,0.000723101,0.762227,0.578419,-0.987036,0.00157895,0.727151,0.594944,-0.995334,0.00117452,0.717277,0.559386,-0.985457,0.00130929,0.73469,0.595603,-0.985004,0.000439418,0.710072,0.570905,-0.979223,0.000404708,0.696935,0.58843,-0.996003,0.000543044,0.670755,0.567779,-0.98197,0.00183775,0.70606,0.57162,-0.988058,0.000475896,0.668274,0.568433,-0.986571,0.00141494,0.700801,0.549087,-0.986724,0.00116919,0.704771,0.550836,-0.99114,0.00143689,0.691531,0.522509,-0.976635,0.00162986,0.708303,0.499703,-0.981501,0.000600152,0.711698,0.427395,-0.977262,0.00067297,0.698854,0.414466,-0.979518,0.000703921,0.682254,0.367883,-0.977449,-0.000129059,0.68981,0.3596,-0.980552,0.00100835,0.695136,0.336042,-0.991658,0.0013785,0.687088,0.305633,-0.982011,0.000608638,0.731817,0.318793,-0.986668,0.000692866,0.724092,0.281148,-0.977706,0.000926267,0.677842,0.285806,-0.981646,0.000473161,0.669932,0.239492,-0.979292,0.000413201,0.698154,0.259561,-0.98522,0.000541505,0.727012,0.248877,-0.985523,0.000881134,0.734492,0.222108,-0.981654,0.000745324,0.756664,0.214957,-0.985206,0.000552165,0.744703,0.20988,-0.985894,0.000276511,0.782947,0.227739,-0.986441,0.000248008,0.805776,0.220397,-0.989921,0.000558482,0.7,0,-1,0.00376768,-0.0800793,-0.128122,0.128476,-0.533968,1.27278,0.999609,-0.0271927,-0.00654301,-9.85412e-06,0.0199671,-0.018629,-0.00908258,0,0,-0.391344,0.45,1,5,0.785398,0,0,0,0.0111682,0.179204,0.0421803,2.50595,1.67887,0.468539,0.0304838,0.166932,0.0393801,0.528309,0.335541,0.492439,0.213928,nan,nan,nan,nan,nan,nan,nan,nan,0.0304371,-0.0040019,1.20949,713.963,467.026,656.804,310.918,-2.98288,2.97401,-2,0.136568,-0.525477,1.45771,0.278109,-0.785368,-0.102937
3.78,0.999447,-0.0322671,-0.00806229,0.000721161,-0.0809818,-0.00313555,0.0326394,0.732479,0.294338,-0.856406,-0.0604971,0.224912,-0.15081,0.681831,0.344902,-0.985334,0.000289346,0.703629,0.372742,-0.981674,0.00194057,0.674212,0.378489,-0.989002,0.0009406,0.649923,0.437328,-0.987123,0.00133417,0.676256,0.428607,-0.986406,0.000882975,0.680787,0.423896,-0.990266,0.000617149,0.677857,0.445496,-0.982401,-0.000518101,0.731641,0.431478,-0.99554,0.001129,0.682219,0.465397,-0.974752,4.77289e-05,0.72153,0.470272,-0.998417,-0.000659197,0.708963,0.473553,-0.990137,-0.000398305,0.715672,0.497319,-0.975693,0.0013218,0.702923,0.495397,-0.982433,-0.00121227,0.688456,0.537947,-0.990074,3.52558e-05,0.658951,0.559349,-0.983369,0.000676328,0.651391,0.589377,-0.987507,9.85864e-05,0.67544,0.623036,-0.990403,-0.00096199,0.684887,0.625571,-0.989738,0.00157217,0.682509,0.608982,-0.985158,-0.000729852,0.627913,0.63657,-0.982751,0.00113771,0.642541,0.64493,-0.984863,0.000687807,0.671744,0.629588,-0.991229,-0.000348778,0.667099,0.669119,-0.974204,0.00169742,0.664696,0.631564,-0.979594,0.000295059,0.664132,0.663244,-0.978496,0.00170531,0.677707,0.69676,-0.981537,0.00322063,0.691675,0.684579,-0.979721,0.000602798,0.71082,0.667345,-0.986086,0.000866406,0.714709,0.650785,-0.980908,0.00139785,0.714369,0.66585,-0.982865,0.00151032,0.74402,0.687579,-0.984136,0.00109581,0.715497,0.675658,-0.98845,0.000931103,0.739294,0.67324,-0.990132,0.00090849,0.708598,0.627076,-0.98037,0.00101244,0.696744,0.637683,-0.978175,0.000619406,0.693556,0.67167,-0.985996,0.00100025,0.683945,0.609591,-0.978987,0.00036266,0.709081,0.567445,-0.977108,0.000957011,0.742545,0.571413,-0.991692,0.000812084,0.751223,0.582,-0.98728,0.00166459,0.735709,0.593579,-0.995248,0.00114233,0.728535,0.534364,-0.984248,0.00123763,0.72569,0.576768,-0.984394,0.000507902,0.706395,0.578837,-0.976823,0.000527704,0.697693,0.57444,-0.996666,0.000436212,0.683407,0.566058,-0.980851,0.00180129,0.692494,0.595604,-0.986148,0.000333159,0.665867,0.58438,-0.985118,0.00131106,0.6947,0.559767,-0.984508,0.00134689,0.698738,0.533828,-0.990542,0.00156734,0.694295,0.530148,-0.976823,0.00172128,0.731506,0.491451,-0.981678,0.000432737,0.719376,0.465459,-0.978254,0.000747138,0.712783,0.448566,-0.979768,0.000652999,0.68631,0.380691,-0.976618,-0.000140991,0.718788,0.360895,-0.980729,0.000969394,0.69322,0.344288,-0.990389,0.00136631,0.706226,0.315401,-0.981608,0.000642819,0.708839,0.333862,-0.987473,0.000798972,0.708471,0.291324,-0.978392,0.000945587,0.709373,0.278685,-0.982185,0.000534198,0.700446,0.237952,-0.97824,0.000483996,0.730608,0.249518,-0.986208,0.000480613,0.720703,0.275361,-0.985179,0.000955254,0.737946,0.27063,-0.980358,0.000844112,0.742826,0.245443,-0.982211,0.000233104,0.747231,0.2198,-0.983936,0.000105111,0.758728,0.276045,-0.986524,0.000288298,0.799595,0.267921,-0.991133,0.000402038,0.801685,0.253705,-0.990869,0.000524227,0.7,0,-1,-0.0712666,-0.0482681,-0.11528,0.00826051,-0.520476,1.33639,0.999648,-0.0265089,-0.000404937,0.000595227,-0.0159068,0.0317561,-0.00510762,0,0,-0.388961,0.45,1,5,0.785398,0,0,0,0.0117153,0.179162,0.0420521,3.36846,-0.480337,0.292796,0.00757482,0.17946,0.0376102,0.548006,0.305119,0.483273,0.219446,nan,nan,nan,nan,nan,nan,nan,nan,0.020244,-0.0408795,1.19427,715.474,457.452,653.544,315.796,-3,3,-2,0.134371,-0.536138,1.51112,-0.277972,-0.173225,-0.343351
3.8,0.999431,-0.0327077,-0.00812246,0.00104061,-0.0390012,0.00190685,0.0382764,0.732154,0.299886,-0.857316,-0.057688,0.225832,-0.152567,0.686997,0.381162,-0.980996,0.00192141,0.666143,0.360016,-0.988717,0.00105796,0.659487,0.404312,-0.986043,0.00126535,0.676973,0.405965,-0.98605,0.000634679,0.69704,0.411612,-0.990534,0.000563198,0.682859,0.43954,-0.982158,-0.000658688,0.709932,0.432857,-0.99391,0.00112132,0.702957,0.474632,-0.974212,-0.000109502,0.704591,0.491775,-0.997069,-0.000761799,0.706704,0.479857,-0.989731,-0.000450748,0.699665,0.468826,-0.975624,0.00127544,0.701756,0.522971,-0.982583,-0.001125,0.691818,0.553097,-0.98884,0.000246729,0.663756,0.575247,-0.982564,0.000707474,0.668072,0.59804,-0.986897,0.000195944,0.665958,0.625765,-0.992676,-0.00103734,0.686117,0.620361,-0.989048,0.00140396,0.680352,0.619895,-0.985327,-0.000812251,0.66415,0.624196,-0.982901,0.00106696,0.639974,0.623167,-0.987173,0.000618092,0.665547,0.622664,-0.9905,-0.000405528,0.676828,0.630758,-0.974018,0.00157403,0.66017,0.653089,-0.978175,0.000578332,0.666734,0.68853,-0.978862,0.00183189,0.714769,0.667162,-0.983257,0.003201,0.732554,0.668398,-0.977913,0.0008234,0.719948,0.674026,-0.985573,0.000819317,0.712932,0.65503,-0.980935,0.00147605,0.727045,0.663164,-0.984334,0.00142468,0.761171,0.666339,-0.984128,0.00114296,0.703729,0.6581,-0.98775,0.00092913,0.730666,0.685841,-0.989225,0.000890029,0.714806,0.653233,-0.981091,0.00106836,0.691065,0.669086,-0.974782,0.000437886,0.688655,0.663302,-0.985891,0.000922781,0.708059,0.616703,-0.978401,0.00015082,0.719516,0.571423,-0.978076,0.000841518,0.745998,0.573178,-0.991776,0.000979704,0.772318,0.584701,-0.988006,0.00157145,0.720386,0.576523,-0.993245,0.00124333,0.721644,0.545486,-0.985135,0.00129989,0.720628,0.575229,-0.983943,0.00052419,0.701991,0.57978,-0.978953,0.000671737,0.712911,0.58655,-0.995157,0.000259127,0.705785,0.591405,-0.983846,0.0017313,0.707661,0.593349,-0.985829,0.000243208,0.699277,0.602174,-0.983903,0.00150558,0.703703,0.588393,-0.984745,0.00160926,0.666141,0.567535,-0.989947,0.00137668,0.690565,0.555346,-0.976133,0.00167568,0.716646,0.525198,-0.982587,0.000448654,0.730148,0.479679,-0.977547,0.000787521,0.713618,0.47047,-0.978301,0.000687174,0.691674,0.403418,-0.976992,-4.75965e-05,0.698616,0.390238,-0.98095,0.000967013,0.702116,0.377551,-0.991632,0.00148139,0.69228,0.324792,-0.981735,0.000502014,0.695396,0.327595,-0.989431,0.000952464,0.700485,0.289088,-0.978952,0.00101934,0.714922,0.295017,-0.981214,0.000625692,0.683548,0.283172,-0.977282,0.00027949,0.718115,0.297593,-0.986915,0.000286848,0.72153,0.289939,-0.985991,0.000897859,0.753337,0.287524,-0.980353,0.000851562,0.760146,0.235217,-0.980989,0.000429895,0.763907,0.219999,-0.984643,3.30095e-05,0.778032,0.276587,-0.985927,0.000381967,0.780881,0.280672,-0.989823,0.000342339,0.788458,0.252726,-0.991199,0.000436611,0.820657,0.259827,-0.992232,0.000654441,0.7,0,-1,-0.0533766,-0.0330323,-0.116909,0.0861381,-0.424045,1.34668,0.999757,-0.0215999,-0.00440796,-0.000900859,-0.0499312,0.0103953,-0.00766744,0,0,-0.391079,0.45,1,5,0.785398,0,0,0,0.0117012,0.179243,0.0420097,4.78701,-1.76671,0.248724,-0.00980628,0.187034,0.0365954,0.567102,0.288922,0.479812,0.229864,nan,nan,nan,nan,nan,nan,nan,nan,0.0824864,0.056232,1.20405,735.874,445.077,650.117,329.754,-3,3,-2,0.138044,-0.553416,1.35887,0.140455,0.0460006,-0.0878505
3.82,0.999431,-0.0327249,-0.00812567,0.00120761,-0.00568454,-0.00115518,0.0403751,0.732098,0.30251,-0.857568,-0.0519678,0.224122,-0.14499,0.650855,0.337967,-0.990254,0.00116713,0.667001,0.359916,-0.985462,0.00118007,0.679708,0.404315,-0.986026,0.000639943,0.704102,0.425591,-0.991094,0.00073844,0.703821,0.409243,-0.982846,-0.000709377,0.700172,0.405545,-0.993302,0.0010234,0.699344,0.451513,-0.974416,-2.96256e-05,0.705456,0.471965,-0.996979,-0.000794347,0.704266,0.466766,-0.990346,-0.000431943,0.716158,0.490068,-0.976727,0.00136962,0.70489,0.514291,-0.983561,-0.00117233,0.682214,0.530962,-0.98953,0.000174602,0.6749,0.570873,-0.981241,0.000707939,0.667111,0.591244,-0.984243,0.000219245,0.668452,0.601145,-0.993234,-0.00101645,0.684261,0.600877,-0.98963,0.00141161,0.675302,0.603488,-0.982962,-0.000805087,0.612677,0.626335,-0.981599,0.00107784,0.659376,0.639456,-0.986234,0.000710031,0.660661,0.597414,-0.991235,-0.000333841,0.691465,0.609795,-0.97354,0.00139826,0.695958,0.660228,-0.977968,0.000425409,0.725589,0.672547,-0.977541,0.00187527,0.712438,0.675154,-0.984887,0.00312693,0.713028,0.651556,-0.977892,0.000677914,0.718541,0.681394,-0.985378,0.000683288,0.717341,0.662211,-0.982195,0.001283,0.722617,0.656316,-0.98357,0.00150766,0.749743,0.668933,-0.984223,0.00126823,0.713008,0.653226,-0.987229,0.000807463,0.745926,0.688418,-0.989451,0.00082346,0.699444,0.697509,-0.980994,0.000983724,0.692698,0.663613,-0.975761,0.000652472,0.691198,0.673061,-0.986606,0.000760951,0.679417,0.627347,-0.976986,0.000114235,0.721862,0.5866,-0.977648,0.000766563,0.726593,0.584884,-0.99234,0.0010396,0.742554,0.568341,-0.987684,0.00173725,0.745718,0.582123,-0.99501,0.0013149,0.711526,0.562744,-0.983288,0.00125587,0.708471,0.567818,-0.981342,0.00044304,0.710876,0.591381,-0.979207,0.000647698,0.728258,0.61401,-0.996122,0.000125799,0.717652,0.623917,-0.983487,0.00151577,0.701575,0.601662,-0.985928,0.000420254,0.720367,0.583222,-0.983589,0.00148144,0.729986,0.60027,-0.985023,0.00178096,0.693142,0.577667,-0.99141,0.00143463,0.707696,0.558682,-0.977425,0.00140189,0.730483,0.507335,-0.982151,0.000498049,0.724748,0.494456,-0.976557,0.000927447,0.688688,0.492694,-0.978149,0.000541773,0.676358,0.431767,-0.97769,2.67003e-05,0.698793,0.407913,-0.982354,0.00114487,0.715959,0.392085,-0.990893,0.00146775,0.734395,0.336357,-0.979102,0.000352195,0.703359,0.302119,-0.988217,0.00101088,0.711498,0.297091,-0.978095,0.0013299,0.702726,0.317833,-0.981027,0.00052281,0.688222,0.329386,-0.978592,0.000380045,0.723266,0.340317,-0.987832,0.000212889,0.736554,0.309434,-0.98459,0.00087685,0.76207,0.317869,-0.978031,0.000710385,0.763016,0.241718,-0.980796,0.000449888,0.750974,0.229269,-0.984807,0.00016901,0.792667,0.270634,-0.985426,0.000500694,0.781372,0.264011,-0.991675,0.000307204,0.78244,0.26094,-0.990002,0.000462296,0.795074,0.238633,-0.99402,0.00052168,0.809635,0.258652,-0.990596,0.000609861,0.7,0,-1,-0.0298309,0.0343518,-0.103846,0.0639876,-0.354071,1.3902,0.999832,-0.0180433,-0.00326173,-5.08073e-05,0.0539009,0.00382595,-0.0138494,0,0,-0.391705,0.45,1,5,0.785398,0,0,0,0.0114064,0.179688,0.0418683,-0.579346,0.423925,-0.988569,0.0311735,0.173313,0.0362204,0.528327,0.327507,0.499746,0.21124,nan,nan,nan,nan,nan,nan,nan,nan,0.0448394,-0.004127,1.22563,725.472,456.881,662.2,323.534,-2.9853,3,-2,0.138978,-0.556836,1.31077,0.286012,-0.085485,0.378858
3.84,0.999434,-0.032611,-0.00813019,0.00133833,0.0234933,-0.00123295,0.0319995,0.732073,0.305079,-0.857829,-0.0494139,0.221789,-0.146429,0.676289,0.352527,-0.986209,0.00113607,0.681622,0.373331,-0.985613,0.000652401,0.690825,0.396388,-0.990258,0.000742221,0.699161,0.372616,-0.981001,-0.000671229,0.665575,0.409019,-0.993011,0.000989578,0.67428,0.437331,-0.973847,-8.04509e-06,0.699582,0.443457,-0.997839,-0.000567938,0.694327,0.468278,-0.989983,-0.000243386,0.696283,0.493699,-0.976295,0.00152477,0.697463,0.498352,-0.98147,-0.00120847,0.667838,0.494909,-0.990357,4.86881e-05,0.660949,0.543889,-0.978919,0.00085833,0.669733,0.553364,-0.986836,0.000412843,0.681054,0.577129,-0.994414,-0.000867061,0.656533,0.589694,-0.989508,0.00121858,0.66954,0.614117,-0.983038,-0.000635291,0.621726,0.597161,-0.980567,0.00115725,0.654776,0.629851,-0.984803,0.000690328,0.656359,0.593994,-0.989484,-0.000319156,0.700078,0.617884,-0.974855,0.00141742,0.684617,0.662031,-0.979692,0.00035928,0.712024,0.677844,-0.979684,0.00190214,0.728788,0.657275,-0.984285,0.00337189,0.727866,0.647078,-0.977493,0.000541467,0.690132,0.645237,-0.984204,0.000573924,0.731384,0.664009,-0.981474,0.00129861,0.711033,0.637064,-0.982554,0.00167163,0.749523,0.655936,-0.982862,0.00127262,0.730807,0.668766,-0.987518,0.00084447,0.733157,0.701381,-0.988864,0.000930011,0.694262,0.691546,-0.980499,0.000875448,0.686567,0.685406,-0.978636,0.000667199,0.708221,0.655064,-0.986616,0.000640998,0.69628,0.641669,-0.976707,-3.32905e-05,0.72181,0.588843,-0.977408,0.000894857,0.712381,0.604239,-0.991477,0.00097345,0.738264,0.585626,-0.985134,0.00169086,0.734464,0.559273,-0.995498,0.00143079,0.747463,0.534656,-0.98312,0.00128143,0.72053,0.564364,-0.98117,0.000404257,0.712284,0.611327,-0.979326,0.000667938,0.727874,0.655922,-0.996612,0.000258389,0.731535,0.638354,-0.982017,0.00153179,0.720754,0.619104,-0.986029,0.000524108,0.72026,0.591277,-0.982826,0.00137275,0.730822,0.566728,-0.986478,0.00172302,0.733481,0.573547,-0.991873,0.00132925,0.728328,0.573481,-0.977477,0.00137771,0.741944,0.517402,-0.981424,0.000561575,0.731147,0.505509,-0.976077,0.00091931,0.713801,0.49564,-0.979135,0.000566428,0.686794,0.438991,-0.979232,9.76775e-05,0.684889,0.410476,-0.984597,0.00116581,0.710223,0.414866,-0.990632,0.00124525,0.741954,0.368112,-0.979038,0.000479586,0.712141,0.304577,-0.989106,0.000959303,0.702118,0.309842,-0.977094,0.00143163,0.704798,0.297587,-0.979743,0.000352451,0.686154,0.323835,-0.979021,0.000154555,0.719764,0.339954,-0.989342,0.000184656,0.746064,0.322511,-0.984836,0.000809319,0.756413,0.328447,-0.978537,0.000818007,0.746874,0.272632,-0.979162,0.000501897,0.748774,0.205651,-0.98438,0.000246112,0.788909,0.290832,-0.987023,0.000692483,0.77641,0.285415,-0.989952,0.000169255,0.778122,0.264652,-0.990524,0.000448809,0.796695,0.28891,-0.994471,0.000480022,0.812047,0.257335,-0.989496,0.000736981,0.800423,0.287547,-0.990569,0.000899277,0.7,0,-1,-0.0415731,0.0377708,-0.116518,0.0977955,-0.30865,1.3285,0.999863,-0.0157344,-0.00497016,0.000882576,0.0438039,0.0217131,-0.00934443,0,0,-0.392209,0.45,1,5,0.785398,0,0,0,0.0115956,0.179772,0.0418418,1.65873,0.257798,-0.206086,0.0301639,0.189968,0.0363896,0.540523,0.314721,0.510171,0.199549,nan,nan,nan,nan,nan,nan,nan,nan,0.107399,0.032205,1.20885,720.97,452.874,673.855,314.903,-2.9853,3,-2,0.139116,-0.554841,1.31128,0.127695,-0.116679,-0.071945
3.86,0.999433,-0.0324108,-0.00898399,0.00162947,0.0107516,-0.0761833,0.0151388,0.731906,0.312524,-0.858898,-0.0631998,0.194527,-0.139536,0.672876,0.352839,-0.985873,0.000616235,0.677811,0.362255,-0.990563,0.00077606,0.702572,0.359757,-0.980135,-0.000805314,0.662063,0.388406,-0.99099,0.000900742,0.69707,0.405382,-0.972764,0.000103371,0.676677,0.424024,-0.999149,-0.000595602,0.694789,0.486916,-0.990365,-0.000408648,0.707896,0.465893,-0.978762,0.00135756,0.701353,0.470219,-0.979328,-0.000994174,0.663663,0.488777,-0.99134,-0.00015486,0.655112,0.538938,-0.977189,0.000877079,0.671672,0.553148,-0.987019,0.000496169,0.669447,0.575408,-0.992884,-0.000710257,0.655025,0.586038,-0.987801,0.00124989,0.663581,0.616472,-0.981733,-0.000539582,0.648909,0.603418,-0.98024,0.00112366,0.666637,0.664672,-0.984364,0.000657531,0.674249,0.616201,-0.986969,-0.000454948,0.687749,0.607029,-0.976803,0.00154184,0.656746,0.635005,-0.978525,0.000250005,0.674467,0.683968,-0.98037,0.00189524,0.726533,0.659201,-0.982015,0.00344658,0.747575,0.652595,-0.979039,0.000694304,0.726136,0.656478,-0.985801,0.000571892,0.7358,0.630618,-0.983375,0.0013723,0.706116,0.638867,-0.981491,0.00161007,0.73727,0.637002,-0.98411,0.00148832,0.718478,0.640972,-0.987169,0.00102515,0.715244,0.689184,-0.990505,0.000850771,0.68538,0.686474,-0.981307,0.000917697,0.679321,0.710321,-0.978232,0.000527015,0.706999,0.684624,-0.985141,0.000532152,0.721617,0.642754,-0.976407,5.74176e-05,0.72759,0.620491,-0.977859,0.000681308,0.71674,0.61358,-0.990946,0.00105814,0.70658,0.599747,-0.984971,0.00190275,0.757523,0.552305,-0.994436,0.00120715,0.751466,0.527539,-0.981252,0.00121966,0.720353,0.568928,-0.980363,0.000415883,0.709075,0.607568,-0.979824,0.000615719,0.708029,0.626791,-0.997235,0.000228059,0.705157,0.638593,-0.981748,0.00165414,0.735817,0.612949,-0.984985,0.000473324,0.705664,0.610709,-0.984682,0.00129696,0.707008,0.579709,-0.986255,0.00180385,0.726585,0.584225,-0.990485,0.00127507,0.736786,0.565387,-0.977428,0.00134593,0.723161,0.49599,-0.979116,0.000568745,0.730159,0.526838,-0.976594,0.000967032,0.655606,0.513239,-0.979511,0.000685024,0.652189,0.470881,-0.979271,0.000193367,0.674117,0.437922,-0.983804,0.00141395,0.71719,0.443184,-0.9905,0.00123296,0.741801,0.398026,-0.980533,0.000514352,0.698826,0.331958,-0.989206,0.000974341,0.676733,0.349502,-0.975323,0.00138307,0.68287,0.329764,-0.979612,0.000390467,0.673515,0.321818,-0.979336,0.000179669,0.711455,0.352977,-0.992166,0.000160502,0.736267,0.327106,-0.985073,0.000811833,0.739256,0.330054,-0.979454,0.000997504,0.762266,0.321335,-0.978129,0.000406526,0.73644,0.254304,-0.985209,0.000265702,0.782755,0.295473,-0.985109,0.000634541,0.783011,0.296494,-0.988943,0.000293394,0.749411,0.292017,-0.99154,0.000359848,0.774313,0.295114,-0.993315,0.000539487,0.786883,0.25619,-0.988498,0.000814497,0.774492,0.312049,-0.992516,0.000847069,0.813503,0.298283,-0.99041,0.000889729,0.7,0,-1,-0.0413435,0.0340454,-0.115422,0.0720044,-0.264426,1.33261,0.999902,-0.0134799,-0.00365746,0.000911467,0.0534376,0.0678656,-0.00485808,0,0,-0.389224,0.45,1,5,0.785398,0,0,0,0.0119269,0.1799,0.0418104,0.956337,3.27524,0.0460053,0.0219736,0.176426,0.0368711,0.537654,0.319421,0.494761,0.214864,nan,nan,nan,nan,nan,nan,nan,nan,-0.0093754,-0.0653521,1.23616,716.81,451.347,669.586,313.594,-3,2.91823,-2,0.152128,-0.545364,1.40383,-0.689295,-1.3631,0.344633
3.88,0.999427,-0.0325301,-0.00920451,0.00169622,-0.0419582,-0.0223479,0.00824551,0.731708,0.317222,-0.85964,-0.0501664,0.187476,-0.138887,0.674806,0.363961,-0.991763,0.00080716,0.66911,0.37553,-0.979764,-0.000811852,0.664052,0.37361,-0.989325,0.00095496,0.68657,0.389874,-0.974472,0.000256009,0.694657,0.420024,-1.00054,-0.000628944,0.696211,0.474707,-0.991393,-0.000435229,0.712786,0.487177,-0.977439,0.00121495,0.702338,0.480418,-0.978899,-0.000933606,0.653203,0.451645,-0.990284,0.000113064,0.661838,0.51889,-0.97848,0.000988261,0.672084,0.545238,-0.987224,0.000595581,0.662648,0.57184,-0.995662,-0.00058797,0.678618,0.591748,-0.986952,0.00133973,0.672085,0.590175,-0.98205,-0.000617692,0.670408,0.589835,-0.980436,0.00104824,0.695536,0.622435,-0.983378,0.000630605,0.675989,0.600032,-0.986155,-0.000547753,0.684585,0.613761,-0.979308,0.00163318,0.665581,0.620434,-0.976366,0.000208059,0.679404,0.671501,-0.97715,0.00204365,0.685548,0.670497,-0.98029,0.00364327,0.720102,0.641072,-0.98001,0.000858442,0.728402,0.649948,-0.986151,0.000405877,0.712729,0.625907,-0.984376,0.00144358,0.704283,0.649329,-0.982261,0.00181075,0.736276,0.643543,-0.984977,0.00156748,0.711876,0.632486,-0.986364,0.00118209,0.716486,0.668612,-0.988485,0.00112125,0.698458,0.695953,-0.981224,0.00101013,0.706561,0.713591,-0.979266,0.000568968,0.723888,0.670721,-0.985889,0.000417905,0.691978,0.676104,-0.978269,-0.000201658,0.697243,0.650317,-0.977214,0.000709392,0.71235,0.631679,-0.990532,0.00104294,0.694257,0.609762,-0.985255,0.00211635,0.69953,0.563768,-0.996374,0.000977224,0.719022,0.527253,-0.978561,0.00106389,0.732962,0.560368,-0.981805,0.000469191,0.712052,0.594501,-0.979041,0.000516248,0.729607,0.641855,-0.997685,0.000271391,0.727553,0.641226,-0.982697,0.00161297,0.750602,0.623514,-0.984302,0.000675936,0.709597,0.607535,-0.986475,0.00156715,0.698993,0.593816,-0.984828,0.00183313,0.728602,0.555189,-0.990599,0.00129793,0.732537,0.554643,-0.976126,0.00138873,0.746746,0.536578,-0.977376,0.000668877,0.710773,0.52752,-0.97698,0.000876495,0.66379,0.514132,-0.980331,0.000819424,0.646779,0.507264,-0.979357,0.000107874,0.666133,0.458328,-0.982286,0.00145938,0.731192,0.423454,-0.994799,0.00123177,0.740779,0.401262,-0.979913,0.000561154,0.716704,0.364985,-0.989745,0.000715306,0.681749,0.383218,-0.97698,0.00132622,0.715137,0.343828,-0.979696,0.000112088,0.700679,0.356957,-0.979634,-3.80616e-05,0.716331,0.368256,-0.991201,0.000232332,0.750383,0.333585,-0.984437,0.0008718,0.77661,0.347213,-0.977502,0.00110184,0.763529,0.315963,-0.977694,0.000391158,0.737724,0.296509,-0.986225,0.000120414,0.784679,0.324056,-0.984388,0.000644645,0.766403,0.32288,-0.988628,0.000174372,0.76997,0.298064,-0.993285,0.000316983,0.745309,0.283593,-0.992123,0.000524073,0.759252,0.280797,-0.988697,0.00066761,0.775501,0.301992,-0.991649,0.000806799,0.821145,0.296893,-0.991061,0.000817575,0.812866,0.28471,-0.990864,0.000933807,0.7,0,-1,-0.075573,-0.0106643,-0.123701,-0.0237312,-0.290804,1.29002,0.999889,-0.0148206,0.00121842,0.000601687,0.120216,0.0353032,-0.0147786,0,0,-0.389209,0.45,1,5,0.785398,0,0,0,0.012216,0.180086,0.041786,1.84552,3.3941,-0.218092,0.0145809,0.184708,0.0373893,0.546522,0.306121,0.492137,0.210984,nan,nan,nan,nan,nan,nan,nan,nan,0.0542416,0.00341133,1.22928,716.081,445.988,665.643,311.303,-2.95027,2.93716,-2,0.154332,-0.541918,1.48744,0.651672,-0.352567,0.0324599
3.9,0.999409,-0.0331756,-0.00886959,0.00168467,-0.0552552,0.039963,0.00342926,0.731406,0.323884,-0.860966,-0.0514113,0.186891,-0.142829,0.665653,0.352045,-0.977699,-0.00107889,0.68874,0.35972,-0.990243,0.00100611,0.705911,0.376118,-0.973409,0.000268886,0.683906,0.42489,-1.00237,-0.000635639,0.686845,0.422362,-0.989822,-0.00055248,0.726911,0.457115,-0.976788,0.00117001,0.718248,0.487395,-0.978208,-0.00114003,0.662315,0.502979,-0.991883,0.000218435,0.67793,0.510237,-0.979508,0.000829567,0.667361,0.518772,-0.986541,0.000512095,0.702354,0.529578,-0.99571,-0.000756956,0.660475,0.550238,-0.986023,0.00123325,0.669397,0.550622,-0.981825,-0.000655979,0.667531,0.584975,-0.978862,0.00103183,0.664233,0.614687,-0.980856,0.000392254,0.663712,0.621787,-0.987132,-0.000558679,0.658525,0.614092,-0.978021,0.00173638,0.684988,0.623514,-0.976163,0.000192288,0.667462,0.646269,-0.977018,0.00211372,0.680417,0.65417,-0.978843,0.00361425,0.698036,0.639823,-0.981293,0.000818497,0.728352,0.631306,-0.986661,0.000332946,0.714701,0.616825,-0.984074,0.00142674,0.727607,0.647018,-0.980488,0.00161767,0.736147,0.642414,-0.985437,0.00154841,0.724337,0.625709,-0.985313,0.000849696,0.727687,0.654658,-0.988662,0.00112488,0.700092,0.672866,-0.979059,0.0011284,0.68598,0.67052,-0.981175,0.000581937,0.710366,0.649331,-0.985441,0.000322989,0.706182,0.633936,-0.978713,-0.000227033,0.702614,0.648453,-0.977552,0.000752675,0.704558,0.649386,-0.990366,0.00120239,0.682756,0.648312,-0.985993,0.00212935,0.693977,0.58364,-0.997118,0.00090275,0.697536,0.564283,-0.978421,0.00110462,0.728266,0.556477,-0.979909,0.000463903,0.71024,0.584065,-0.97933,0.000442853,0.704547,0.641897,-0.996873,0.000252838,0.719254,0.635091,-0.981822,0.00162041,0.726231,0.645022,-0.984313,0.000711979,0.703226,0.64201,-0.985979,0.00168487,0.705179,0.611223,-0.983582,0.00195361,0.726283,0.579522,-0.990143,0.00150147,0.733888,0.549522,-0.976322,0.00128935,0.722102,0.549466,-0.97854,0.000607642,0.709247,0.531413,-0.978282,0.000921834,0.66799,0.521274,-0.980185,0.000851971,0.640108,0.515837,-0.979907,-0.000117049,0.672845,0.462014,-0.98165,0.00141165,0.694786,0.475506,-0.993755,0.00106777,0.739095,0.424628,-0.978171,0.000535607,0.737912,0.375735,-0.987588,0.000618602,0.711037,0.387976,-0.977146,0.00150607,0.703523,0.367241,-0.978219,0.000103992,0.72241,0.388632,-0.97917,-0.000123384,0.734275,0.371578,-0.991011,0.000357401,0.74865,0.342785,-0.982744,0.000970868,0.744205,0.371731,-0.976913,0.00118928,0.766222,0.343328,-0.979646,0.00048499,0.74517,0.298257,-0.98752,-0.000101574,0.745483,0.306698,-0.984448,0.000643264,0.743267,0.340256,-0.988961,0.000312398,0.768866,0.313705,-0.994781,0.000342064,0.763847,0.297099,-0.992148,0.000572974,0.771197,0.261397,-0.987638,0.000796433,0.788577,0.291019,-0.990132,0.000796586,0.796306,0.315964,-0.991948,0.000777584,0.793722,0.311096,-0.98989,0.00104882,0.854524,0.281262,-0.989648,0.00106092,0.7,0,-1,-0.075573,-0.0106643,-0.123701,-0.0237312,-0.290804,1.29002,0.999889,-0.0148206,0.00121842,0.000601687,0.145394,0.0115279,-0.0110851,0,0,-0.386029,0.45,1,5,0.785398,0,0,0,0.0124376,0.18007,0.0417501,2.08585,3.3171,0.295993,0.0139874,0.169782,0.0375247,0.53679,0.316659,0.4813,0.222085,nan,nan,nan,nan,nan,nan,nan,nan,0.0364682,0.0393684,1.21351,712.902,445.3,659.63,319.335,-2.97127,2.98915,-2,0.147801,-0.549119,1.54161,-0.0622444,-0.0292428,-0.197088
3.92,0.999413,-0.0331162,-0.00862665,0.00173817,0.0347632,0.0283222,0.00789978,0.731227,0.328686,-0.861822,-0.0563999,0.164426,-0.141975,0.682526,0.374198,-0.989813,0.000763328,0.677557,0.389784,-0.972789,0.000487521,0.695206,0.422101,-1.00112,-0.00074269,0.706861,0.424685,-0.988896,-0.00065683,0.711153,0.434486,-0.975773,0.00101972,0.69717,0.446382,-0.976929,-0.00116305,0.664369,0.471178,-0.990546,0.000159389,0.64026,0.469132,-0.978922,0.000858461,0.653067,0.504844,-0.98723,0.000380732,0.685427,0.539465,-0.995274,-0.000596475,0.679711,0.549545,-0.986079,0.00127685,0.643307,0.550851,-0.98121,-0.00062047,0.670597,0.572865,-0.979229,0.00118898,0.671424,0.596386,-0.979556,0.000285,0.639011,0.611214,-0.986797,-0.000424134,0.660188,0.619332,-0.977661,0.00179767,0.689527,0.640457,-0.975668,5.77921e-05,0.681125,0.660974,-0.974955,0.00214011,0.713867,0.668956,-0.977975,0.0036375,0.720378,0.63277,-0.981562,0.000840645,0.72312,0.611683,-0.988111,0.000361178,0.704494,0.627506,-0.982942,0.00129653,0.726848,0.613581,-0.979048,0.00148902,0.740877,0.636011,-0.984159,0.00161184,0.727554,0.639393,-0.985008,0.00096948,0.744955,0.638318,-0.987647,0.00119275,0.736688,0.655898,-0.977855,0.000878412,0.681598,0.648052,-0.981992,0.000542061,0.725916,0.628781,-0.985946,0.000420709,0.694935,0.652477,-0.980392,-0.000197766,0.693119,0.658998,-0.977711,0.000630154,0.708914,0.639535,-0.989616,0.00107916,0.700592,0.655218,-0.987254,0.00198762,0.710302,0.58168,-0.995612,0.000843816,0.727453,0.572539,-0.978883,0.00111385,0.70518,0.549759,-0.979745,0.000495845,0.711987,0.570296,-0.97956,0.000388957,0.722127,0.607391,-0.996501,0.000301637,0.73725,0.596879,-0.982703,0.00159209,0.728818,0.65064,-0.983859,0.000671905,0.690944,0.631758,-0.985696,0.00159271,0.700923,0.63791,-0.984769,0.00184373,0.733144,0.6157,-0.990152,0.00173964,0.717661,0.560923,-0.974231,0.00133654,0.697898,0.562554,-0.980115,0.000688443,0.712188,0.554051,-0.978535,0.00104734,0.700207,0.505862,-0.980522,0.000789804,0.662573,0.510869,-0.978959,-9.76384e-05,0.671881,0.502682,-0.981381,0.00132177,0.689218,0.514711,-0.995404,0.00104409,0.723109,0.451899,-0.979225,0.000444977,0.729549,0.410814,-0.988814,0.00050993,0.691944,0.39493,-0.974534,0.00156516,0.705602,0.430264,-0.977636,0.000226211,0.733439,0.406466,-0.979425,-0.000186694,0.757115,0.402129,-0.991666,0.000193974,0.741485,0.365165,-0.982749,0.000900515,0.757419,0.396828,-0.976475,0.00115611,0.766279,0.382936,-0.981247,0.000642148,0.716192,0.34402,-0.987276,-0.000207179,0.761419,0.33166,-0.98201,0.00054639,0.746167,0.33163,-0.987824,0.000274677,0.785446,0.336061,-0.994773,0.000340966,0.76371,0.319455,-0.993152,0.00052937,0.788015,0.281402,-0.98805,0.000666989,0.77879,0.297347,-0.990648,0.000649062,0.770036,0.304337,-0.990014,0.000754671,0.809233,0.312064,-0.989868,0.000880802,0.839825,0.264153,-0.989422,0.000933445,0.859486,0.305116,-0.988729,0.00110061,0.7,0,-1,-0.0513222,-0.000405827,-0.118608,0.078796,-0.316078,1.33645,0.999862,-0.0161114,-0.00400785,0.000503513,0.0610991,0.0277199,-0.0102407,0,0,-0.39002,0.45,1,5,0.785398,0,0,0,0.0125312,0.179945,0.0417247,1.85604,-0.653187,0.315536,0.0239292,0.159607,0.0374498,0.519312,0.327628,0.478036,0.219139,nan,nan,nan,nan,nan,nan,nan,nan,0.0566842,-0.112979,1.24298,705.739,457.034,654.187,318.36,-3,2.93132,-2,0.142957,-0.544899,1.5903,-0.249432,-1.12323,0.0426598
3.94,0.999422,-0.0328842,-0.00845698,0.00175245,0.0495384,0.0380549,0.00712609,0.731156,0.330903,-0.862188,-0.0571378,0.168991,-0.145544,0.670965,0.384456,-0.972067,0.000499285,0.673526,0.417348,-1.00213,-0.000602466,0.678113,0.422886,-0.987956,-0.000795782,0.698282,0.421326,-0.977676,0.0010455,0.694253,0.446726,-0.977213,-0.00116011,0.685775,0.44807,-0.98986,0.000235977,0.667292,0.446686,-0.980069,0.000751369,0.653937,0.508766,-0.988084,9.13559e-05,0.670744,0.49797,-0.997742,-0.000580263,0.667914,0.525733,-0.987566,0.00116324,0.646211,0.551656,-0.981482,-0.000579874,0.663861,0.553901,-0.98074,0.00116142,0.64473,0.59862,-0.980327,0.000526779,0.611895,0.607812,-0.986313,-0.000396392,0.640637,0.628396,-0.978421,0.00175564,0.646289,0.626308,-0.975297,4.6791e-05,0.679277,0.646181,-0.974906,0.00217527,0.677431,0.621095,-0.977522,0.00348306,0.714821,0.627881,-0.982211,0.000948939,0.718206,0.613187,-0.989037,0.0002766,0.704958,0.63046,-0.98221,0.00133735,0.684918,0.622514,-0.976708,0.00138289,0.728561,0.604277,-0.984693,0.00155149,0.745309,0.625694,-0.983268,0.000978692,0.762855,0.669655,-0.988827,0.00133536,0.74289,0.631579,-0.978249,0.000975602,0.663294,0.637544,-0.982055,0.000370018,0.71022,0.642867,-0.98453,0.000369516,0.67157,0.655882,-0.979676,-2.15938e-05,0.724695,0.64952,-0.977093,0.000759481,0.692139,0.643484,-0.991153,0.00117866,0.742377,0.658616,-0.986297,0.00200433,0.722702,0.632422,-0.99594,0.000762287,0.748764,0.59042,-0.978824,0.00103812,0.681494,0.589915,-0.98061,0.000521501,0.725431,0.580955,-0.980526,0.000146066,0.728648,0.629318,-0.996247,9.97213e-05,0.755511,0.610396,-0.9826,0.00155679,0.725238,0.618468,-0.982855,0.000591679,0.690548,0.623796,-0.985636,0.00168158,0.71155,0.653832,-0.983559,0.00208618,0.718004,0.60771,-0.989743,0.00169432,0.70061,0.563299,-0.974794,0.00125156,0.694279,0.574647,-0.980656,0.000726726,0.719739,0.545239,-0.980345,0.000934733,0.699594,0.555878,-0.977745,0.000513296,0.661161,0.525817,-0.979699,-0.000173512,0.682435,0.512471,-0.981719,0.00133998,0.695524,0.52554,-0.993682,0.00117245,0.707684,0.491662,-0.981003,0.000352565,0.72746,0.438102,-0.990506,0.000542299,0.702806,0.42806,-0.973496,0.00155241,0.700333,0.420416,-0.976869,0.000382904,0.725675,0.434086,-0.97652,-0.000167398,0.760177,0.444517,-0.989788,0.00018286,0.745677,0.408494,-0.982023,0.000905072,0.762657,0.411943,-0.977299,0.00117487,0.774683,0.387034,-0.982291,0.000487241,0.732987,0.375965,-0.986364,-0.000232606,0.757962,0.334055,-0.981168,0.000497043,0.757789,0.321939,-0.987426,0.000335762,0.760808,0.356888,-0.992806,0.000159119,0.783796,0.318576,-0.991915,0.000490256,0.789153,0.272418,-0.987829,0.000739355,0.773448,0.316863,-0.989061,0.000611816,0.754359,0.299709,-0.988943,0.00063414,0.797927,0.306793,-0.990233,0.000980037,0.841505,0.281392,-0.989558,0.000844622,0.844524,0.290179,-0.988858,0.00102385,0.840453,0.31949,-0.988825,0.00102267,0.7,0,-1,-0.052129,0.00192854,-0.120979,0.0525825,-0.239555,1.28749,0.999922,-0.0122116,-0.00267571,0.000370928,0.113797,0.011506,-0.00721919,0,0,-0.389251,0.45,1,5,0.785398,0,0,0,0.0125871,0.179704,0.041672,2.4374,-1.97542,0.571379,-0.00570972,0.182686,0.0372581,0.560388,0.294151,0.47757,0.227972,nan,nan,nan,nan,nan,nan,nan,nan,0.0323746,0.0344577,1.18923,728.673,446.441,649.965,327.249,-3,3,-2,0.142837,-0.551398,1.43342,-0.0368966,0.228248,-0.178414
3.96,0.999489,-0.0311406,-0.00702116,0.00194267,0.112888,0.0878013,0.0185242,0.730868,0.339386,-0.863974,-0.0560471,0.169611,-0.142065,0.646992,0.424716,-1.00181,-0.000588617,0.684789,0.392012,-0.987035,-0.000782783,0.68997,0.42298,-0.976748,0.00120743,0.678703,0.414572,-0.97736,-0.0012544,0.687399,0.469273,-0.989299,0.000354172,0.663728,0.446023,-0.979145,0.000896453,0.66319,0.494838,-0.988541,7.94379e-05,0.678191,0.498442,-0.997666,-0.000616468,0.653106,0.507958,-0.989197,0.0010422,0.654045,0.533649,-0.980491,-0.000572365,0.657718,0.579599,-0.979847,0.00111164,0.625909,0.589933,-0.979946,0.000442039,0.605849,0.588396,-0.98559,-0.000178082,0.618633,0.615967,-0.978157,0.00166927,0.632891,0.632775,-0.97597,-6.13967e-05,0.67829,0.62666,-0.975499,0.00225327,0.65555,0.607134,-0.977809,0.0036261,0.66132,0.615348,-0.98106,0.000800221,0.710954,0.623201,-0.988694,0.000287355,0.715246,0.625509,-0.981761,0.00122253,0.697384,0.612159,-0.976353,0.00137973,0.723138,0.614631,-0.984185,0.00152259,0.750866,0.629137,-0.984776,0.000993963,0.744611,0.658602,-0.988036,0.00126693,0.741461,0.632022,-0.978983,0.000908537,0.72794,0.632893,-0.982442,0.000169855,0.717851,0.660828,-0.984381,0.000140106,0.687584,0.661459,-0.979706,-0.000175046,0.722455,0.648558,-0.97684,0.000613118,0.722004,0.652337,-0.990218,0.00124928,0.738117,0.653416,-0.985473,0.00193309,0.717478,0.603033,-0.996572,0.000579535,0.720244,0.562382,-0.980459,0.00119268,0.728197,0.557445,-0.980807,0.000463646,0.725058,0.605134,-0.981755,0.00013415,0.735098,0.633051,-0.995256,9.68042e-05,0.761041,0.613896,-0.981629,0.00154751,0.756069,0.644235,-0.983442,0.000479684,0.720875,0.629151,-0.984879,0.00168229,0.710482,0.646402,-0.981088,0.00200031,0.713527,0.609797,-0.990637,0.00169251,0.697316,0.585685,-0.974115,0.00126434,0.683967,0.563865,-0.979381,0.000714289,0.676641,0.562427,-0.980276,0.000976666,0.695568,0.59023,-0.97773,0.000452281,0.682721,0.55369,-0.979653,-0.000319136,0.697828,0.498549,-0.979807,0.00135038,0.686557,0.501496,-0.993324,0.00118781,0.727759,0.502778,-0.981324,0.000384021,0.722416,0.442554,-0.991148,0.00048377,0.685558,0.443899,-0.972267,0.00154841,0.72441,0.428101,-0.976801,0.000503194,0.753162,0.470616,-0.976616,-9.55397e-05,0.749876,0.492451,-0.987274,0.000280388,0.743964,0.449331,-0.982174,0.00102587,0.756339,0.428374,-0.97613,0.00132395,0.772873,0.383325,-0.983215,0.00049678,0.730131,0.355422,-0.985589,-0.000210267,0.75493,0.323642,-0.982768,0.000526686,0.780779,0.347485,-0.987843,0.00054201,0.757381,0.339201,-0.992942,0.000117295,0.780637,0.354402,-0.991949,0.000582652,0.771065,0.325656,-0.987923,0.00075124,0.766734,0.330132,-0.98931,0.000751376,0.773377,0.286159,-0.989004,0.000823472,0.794127,0.305211,-0.991072,0.00101079,0.810313,0.294197,-0.989432,0.000962404,0.848441,0.302401,-0.987887,0.00113783,0.859714,0.306203,-0.98648,0.00119668,0.829779,0.296999,-0.991011,0.0011977,0.7,0,-1,-0.0606195,-0.0124598,-0.105525,0.0734741,-0.289838,1.39925,0.999884,-0.0147693,-0.00375338,-0.000594934,0.121652,0.0215361,-0.0077641,0,0,-0.389002,0.45,1,5,0.785398,0,0,0,0.0123864,0.179541,0.0416073,-0.582606,-2.92627,-0.587252,0.0119941,0.174795,0.0367685,0.541032,0.31099,0.484232,0.22075,nan,nan,nan,nan,nan,nan,nan,nan,0.0805696,0.0397809,1.25309,723.514,443.847,648.676,324.848,-3,3,-2,0.117576,-0.516797,1.51788,0.0545353,0.031013,0.173917
3.98,0.999528,-0.0299594,-0.00641098,0.00212356,0.132609,0.0608416,0.0244252,0.730628,0.343387,-0.865021,-0.0567773,0.158098,-0.140873,0.695969,0.403142,-0.988139,-0.000902972,0.681344,0.408775,-0.975817,0.00133921,0.720263,0.406516,-0.976897,-0.00124522,0.689722,0.403443,-0.98882,0.000268077,0.679695,0.421033,-0.979196,0.00105607,0.684714,0.446605,-0.988023,-8.65622e-05,0.682525,0.487345,-0.996626,-0.000628512,0.64812,0.484815,-0.985765,0.00110284,0.6448,0.504989,-0.980541,-0.000534153,0.642177,0.566893,-0.981039,0.00120123,0.642872,0.569534,-0.978725,0.00056058,0.629363,0.581926,-0.985489,-7.1067e-05,0.625558,0.637188,-0.978685,0.00153277,0.655295,0.630978,-0.975485,-6.42175e-05,0.652508,0.605319,-0.976144,0.00227656,0.641004,0.600615,-0.976339,0.00358912,0.659553,0.609322,-0.981511,0.000937207,0.693934,0.621884,-0.988007,0.000321295,0.702632,0.588541,-0.981975,0.00119224,0.683878,0.588771,-0.975862,0.00123257,0.71805,0.623116,-0.984606,0.00162948,0.723031,0.632324,-0.986539,0.00112242,0.744947,0.653443,-0.98644,0.00114762,0.75952,0.646397,-0.979291,0.00106608,0.751848,0.662569,-0.982126,0.000156748,0.726874,0.670238,-0.982563,6.87307e-05,0.716059,0.663049,-0.978085,-0.000274881,0.707057,0.65076,-0.97659,0.000791411,0.707225,0.643874,-0.988237,0.00125758,0.703664,0.621287,-0.986565,0.00185638,0.707446,0.649884,-0.996771,0.000495072,0.713429,0.591767,-0.979331,0.00102406,0.710149,0.550717,-0.978099,0.000635925,0.71583,0.615398,-0.980423,0.000278174,0.719807,0.616457,-0.994867,0.00022462,0.743945,0.611632,-0.980101,0.00162217,0.735411,0.622167,-0.983322,0.000386306,0.707079,0.668657,-0.984878,0.00184588,0.714196,0.660494,-0.978458,0.00196349,0.691167,0.632346,-0.98796,0.00168981,0.716439,0.615364,-0.975985,0.00129547,0.677274,0.619002,-0.980476,0.000738672,0.644852,0.576875,-0.98148,0.00103453,0.695193,0.592625,-0.97445,0.000200553,0.681959,0.578107,-0.980724,-0.000450245,0.683103,0.529216,-0.979265,0.00106285,0.697602,0.508173,-0.992412,0.00112983,0.693728,0.505635,-0.980332,0.000254959,0.699972,0.464449,-0.991179,0.000565154,0.666184,0.442123,-0.972023,0.0013785,0.721533,0.447501,-0.976003,0.00044443,0.73607,0.477621,-0.976621,-0.000184202,0.746399,0.4905,-0.987094,-3.40891e-05,0.786184,0.454729,-0.982472,0.000955203,0.779164,0.447066,-0.978376,0.00137518,0.766707,0.409368,-0.983778,0.000537831,0.731825,0.382474,-0.987463,-0.000177154,0.736669,0.35956,-0.983892,0.000368344,0.757323,0.361122,-0.986666,0.000594633,0.748642,0.389571,-0.991282,-0.000163921,0.723415,0.367066,-0.99199,0.00058224,0.782606,0.337445,-0.9879,0.000770675,0.759022,0.353023,-0.988693,0.000629646,0.776103,0.306952,-0.988217,0.00100051,0.798236,0.326127,-0.989902,0.00123159,0.819183,0.320518,-0.989095,0.000984197,0.837742,0.340724,-0.988813,0.00111252,0.854119,0.333249,-0.986565,0.0012735,0.818379,0.303927,-0.992471,0.00129238,0.832279,0.289778,-0.990913,0.00127549,0.7,0,-1,-0.0443705,0.00555788,-0.116165,0.100928,-0.345661,1.33325,0.999884,-0.0147693,-0.00375338,-0.000594934,0.0929925,0.0165521,-0.010397,0,0,-0.389478,0.45,1,5,0.785398,0,0,0,0.0123077,0.179495,0.0415505,-2.1862,1.94344,-0.436593,0.00696398,0.190424,0.0365588,0.555182,0.295923,0.491682,0.213221,nan,nan,nan,nan,nan,nan,nan,nan,0.0720382,-0.106212,1.23442,723.444,437.099,653.177,320.514,-3,2.99203,-2,0.107245,-0.496018,1.53638,-0.0365106,-0.575687,0.059624
4,0.999566,-0.0286837,-0.00635658,0.00227852,0.1423,-0.00707561,0.0160228,0.730414,0.347251,-0.866108,-0.0524417,0.141941,-0.132603,0.690241,0.373416,-0.97437,0.00124819,0.696181,0.361812,-0.976984,-0.00148476,0.715866,0.39816,-0.988812,0.00012219,0.704182,0.429563,-0.979321,0.000874074,0.696235,0.417502,-0.986561,-0.000243233,0.684131,0.455577,-0.994836,-0.000679972,0.663621,0.479857,-0.986362,0.0010353,0.676808,0.511747,-0.980727,-0.000552617,0.694652,0.542316,-0.980361,0.00125639,0.650901,0.588139,-0.975957,0.000596272,0.635948,0.611265,-0.984406,-4.01948e-05,0.618393,0.60827,-0.977551,0.00159592,0.639826,0.598241,-0.976243,-3.70364e-05,0.667346,0.583129,-0.975328,0.00225831,0.646219,0.585564,-0.975596,0.00359199,0.67823,0.594263,-0.981234,0.000928653,0.702771,0.598981,-0.988811,0.000319599,0.726255,0.585205,-0.982255,0.00115242,0.692055,0.603212,-0.977592,0.00124131,0.714016,0.584112,-0.983691,0.00149549,0.733104,0.607475,-0.985731,0.00121395,0.725038,0.647608,-0.985484,0.00129541,0.759958,0.648705,-0.979951,0.000956666,0.743785,0.671863,-0.980781,0.00024074,0.726826,0.664306,-0.982585,-2.14628e-05,0.715761,0.679447,-0.977895,-0.000221791,0.69551,0.6613,-0.976856,0.000889576,0.722173,0.632979,-0.988527,0.00111096,0.693565,0.631584,-0.98752,0.00184158,0.678232,0.643388,-0.997652,0.000411109,0.706572,0.588482,-0.979511,0.000949252,0.728526,0.552418,-0.978977,0.000528555,0.720917,0.614664,-0.981008,0.000195872,0.712759,0.642999,-0.993379,-3.26119e-05,0.758674,0.628799,-0.978862,0.0015817,0.728711,0.637517,-0.981508,0.00028761,0.679704,0.691586,-0.981497,0.00173343,0.733018,0.69002,-0.978565,0.00199591,0.686136,0.661385,-0.987428,0.00151495,0.689581,0.652398,-0.975987,0.00129788,0.659038,0.629714,-0.980658,0.000977314,0.682019,0.583502,-0.981837,0.00100012,0.645579,0.631022,-0.973737,0.000286211,0.649271,0.588021,-0.981044,-0.00038893,0.653032,0.553242,-0.978375,0.00123092,0.695499,0.532564,-0.993004,0.00115018,0.681687,0.523956,-0.981751,0.000311272,0.676271,0.492197,-0.988795,0.000616875,0.639222,0.459869,-0.972222,0.00135779,0.691524,0.473023,-0.976445,0.000281434,0.747219,0.495716,-0.975865,-0.000148842,0.770051,0.488881,-0.986545,-8.15874e-05,0.784288,0.475536,-0.981325,0.00095897,0.770492,0.457212,-0.978613,0.00141648,0.762899,0.453516,-0.983948,0.000577812,0.752996,0.424189,-0.985379,-0.000116684,0.737908,0.389684,-0.982888,0.000447191,0.768511,0.398052,-0.986181,0.000618569,0.758066,0.390132,-0.991269,-0.000278336,0.735442,0.399243,-0.992982,0.000591055,0.772891,0.384885,-0.986903,0.000775248,0.763634,0.366988,-0.989663,0.000693659,0.783324,0.355659,-0.986135,0.00111751,0.827955,0.337557,-0.989511,0.00122519,0.809786,0.31594,-0.988755,0.00110106,0.814962,0.337715,-0.988503,0.00108857,0.851686,0.331277,-0.98552,0.00133687,0.811193,0.284859,-0.99219,0.00134373,0.846981,0.290829,-0.990676,0.0011315,0.866378,0.302564,-0.99062,0.00117213,0.7,0,-1,-0.0552454,0.0123842,-0.0969249,0.0322494,-0.320725,1.38506,0.999865,-0.0163454,-0.00163988,0.000222867,0.0423472,0.0312082,-0.0115603,0,0,-0.389413,0.45,1,5,0.785398,0,0,0,0.0122857,0.179667,0.041507,-0.92953,-0.114455,-0.652269,0.0221067,0.181112,0.0367456,0.538551,0.313879,0.496097,0.209385,nan,nan,nan,nan,nan,nan,nan,nan,0.0520834,-0.164259,1.24235,718.912,439.668,658.148,315.964,-2.98895,2.95871,-2,0.10632,-0.474638,1.53952,0.216783,-0.807824,0.413494
4.02,0.999599,-0.0275084,-0.00629514,0.00238042,0.124554,0.00765069,0.0151514,0.730384,0.351099,-0.867051,-0.0543708,0.139419,-0.140897,0.738165,0.378092,-0.975577,-0.00151011,0.737465,0.363447,-0.991166,1.57585e-05,0.703714,0.398606,-0.976871,0.000831061,0.678273,0.425354,-0.986923,-0.00016154,0.69249,0.43069,-0.994423,-0.000681633,0.694057,0.46196,-0.98735,0.000889431,0.706172,0.489479,-0.979684,-0.000439192,0.679644,0.533659,-0.981747,0.00112086,0.644273,0.576195,-0.976349,0.000724511,0.651443,0.585451,-0.982798,-0.00019935,0.636053,0.585021,-0.978411,0.00168217,0.659079,0.583267,-0.976574,-6.15873e-05,0.679642,0.579532,-0.975794,0.00229262,0.677853,0.588312,-0.975999,0.00351614,0.690931,0.565414,-0.980472,0.00101951,0.732088,0.577837,-0.98804,0.000255861,0.72385,0.584078,-0.981564,0.000971692,0.707675,0.588772,-0.975162,0.00114559,0.700478,0.599577,-0.982639,0.00140605,0.711225,0.60239,-0.98542,0.00119736,0.709361,0.625513,-0.986565,0.00136768,0.72775,0.62685,-0.980559,0.000758472,0.718745,0.647923,-0.978861,5.80509e-05,0.723397,0.654607,-0.982363,-4.78866e-05,0.709444,0.676648,-0.978449,-0.000262434,0.698583,0.667756,-0.976426,0.000879689,0.708774,0.649501,-0.987429,0.0010217,0.70917,0.654476,-0.985658,0.00188842,0.701643,0.64007,-0.99754,0.000463384,0.697121,0.602893,-0.979704,0.000945948,0.718398,0.546464,-0.97868,0.000576882,0.714984,0.588405,-0.983745,0.000280281,0.738939,0.62296,-0.991432,-0.000103928,0.711575,0.640781,-0.979407,0.00167681,0.711094,0.643658,-0.981241,0.000271338,0.707724,0.685828,-0.982335,0.00162923,0.700728,0.690386,-0.978678,0.00210583,0.685207,0.668115,-0.98734,0.00156049,0.634766,0.667192,-0.974213,0.0015116,0.649102,0.644705,-0.979266,0.00100443,0.668452,0.615332,-0.979895,0.00100789,0.647119,0.620277,-0.974602,0.000372233,0.658573,0.598607,-0.980285,-0.000378928,0.663569,0.584286,-0.978087,0.00108128,0.663485,0.54256,-0.994557,0.00100833,0.673158,0.516558,-0.981248,0.000214467,0.66019,0.51441,-0.988822,0.000686727,0.651459,0.485575,-0.970473,0.00126957,0.704258,0.490915,-0.976499,6.07327e-05,0.771453,0.552627,-0.976619,-0.000232428,0.751101,0.51351,-0.987317,-0.00013128,0.748189,0.514069,-0.981917,0.00097094,0.769642,0.467366,-0.977935,0.00139856,0.759576,0.462748,-0.982365,0.000677693,0.742894,0.441463,-0.985292,-0.000138728,0.728157,0.411203,-0.981967,0.000509325,0.754274,0.391083,-0.987448,0.000422662,0.741342,0.401907,-0.991425,-0.000301152,0.727923,0.379238,-0.993775,0.000648134,0.768662,0.381164,-0.984689,0.000809915,0.759648,0.391136,-0.988191,0.00049414,0.758,0.339948,-0.985337,0.00105721,0.800506,0.332388,-0.988401,0.00113406,0.79708,0.337054,-0.987345,0.00122618,0.810109,0.353302,-0.985661,0.00120273,0.853198,0.320271,-0.985245,0.00153214,0.855923,0.300333,-0.993098,0.00119248,0.829039,0.293778,-0.992941,0.00125181,0.855372,0.315247,-0.990936,0.00120264,0.841067,0.279985,-0.990127,0.00124868,0.7,0,-1,-0.03121,0.0257323,-0.110389,0.118268,-0.202755,1.3508,0.999928,-0.0103314,-0.00603347,-0.000513824,0.0530687,0.0158599,-0.0114267,0,0,-0.390638,0.45,1,5,0.785398,0,0,0,0.0122743,0.179696,0.0414873,0.260011,4.76321,-0.264605,0.0115264,0.189803,0.0368669,0.55171,0.299783,0.494047,0.210013,nan,nan,nan,nan,nan,nan,nan,nan,0.0732397,-0.0481522,1.22877,719.485,435.192,657.583,312.757,-3,2.99141,-2,0.104813,-0.453044,1.57733,-0.0964567,-0.126093,-0.414695
4.04,0.99962,-0.0267521,-0.00618765,0.00241224,0.0731395,0.019612,0.00333925,0.730232,0.354789,-0.868173,-0.0515488,0.147936,-0.140391,0.69294,0.394004,-0.991038,-2.97477e-05,0.703282,0.386779,-0.976683,0.000884047,0.6958,0.403029,-0.987898,-0.000229754,0.683409,0.37172,-0.994484,-0.00073531,0.688527,0.439139,-0.988809,0.000772837,0.666447,0.469895,-0.980995,-0.00039544,0.669533,0.506273,-0.980731,0.00114212,0.684161,0.553801,-0.976997,0.00086211,0.681607,0.590452,-0.981953,-0.000283582,0.66505,0.549615,-0.977602,0.0016459,0.699949,0.578476,-0.975877,4.11291e-06,0.694235,0.552257,-0.976279,0.00214187,0.679558,0.572557,-0.977031,0.00350512,0.664382,0.565926,-0.980069,0.00115945,0.683014,0.554588,-0.986276,0.00019718,0.699597,0.589973,-0.98313,0.000967165,0.669768,0.588359,-0.975382,0.00105616,0.708272,0.596079,-0.985039,0.00141222,0.717158,0.595523,-0.984262,0.00125202,0.731634,0.591853,-0.985948,0.00134089,0.721635,0.643174,-0.981301,0.000737043,0.730682,0.634629,-0.977014,0.000146548,0.719982,0.62952,-0.980823,-3.61212e-05,0.723962,0.646615,-0.978522,-0.000219697,0.697513,0.648509,-0.974732,0.00087774,0.684476,0.652038,-0.986735,0.000847975,0.703545,0.666129,-0.986047,0.00188121,0.704299,0.605926,-0.997339,0.000469127,0.685958,0.588685,-0.980201,0.000977546,0.712091,0.533737,-0.977353,0.000516639,0.714286,0.612636,-0.984818,0.000188596,0.742508,0.628853,-0.992268,-0.000111946,0.720074,0.627829,-0.978826,0.00158543,0.704161,0.648217,-0.982458,0.000230572,0.696762,0.673894,-0.983597,0.00160002,0.724162,0.675918,-0.978323,0.00200563,0.687283,0.670094,-0.987309,0.00128897,0.680519,0.674314,-0.97431,0.00139179,0.685793,0.674971,-0.978895,0.000973828,0.669535,0.63068,-0.980527,0.000896255,0.646985,0.625215,-0.973493,0.000206742,0.666468,0.625765,-0.978557,-0.00028049,0.677735,0.578585,-0.976619,0.000797954,0.658437,0.559786,-0.99588,0.00101491,0.667327,0.529261,-0.980549,0.000102366,0.678975,0.532219,-0.989867,0.000685464,0.682171,0.507569,-0.97007,0.00119302,0.725909,0.502327,-0.978607,0.000129609,0.762587,0.54954,-0.976104,-0.000115014,0.771871,0.543428,-0.988343,-0.000115218,0.75637,0.524977,-0.982209,0.000855984,0.74701,0.479987,-0.977397,0.00139646,0.771515,0.456802,-0.983066,0.00068399,0.744554,0.461974,-0.984881,-5.71148e-05,0.733641,0.425559,-0.98335,0.00045167,0.745199,0.38727,-0.987099,0.000412972,0.732568,0.410537,-0.990029,-0.000383383,0.743724,0.403127,-0.993774,0.000670129,0.741105,0.38427,-0.984596,0.000846223,0.733608,0.386448,-0.987628,0.000242614,0.778938,0.370526,-0.984486,0.000880861,0.799027,0.359438,-0.989344,0.00107925,0.804553,0.352745,-0.988009,0.00115368,0.751252,0.337582,-0.984791,0.00127303,0.835358,0.3179,-0.986938,0.00158489,0.840722,0.332195,-0.993325,0.00108797,0.84347,0.311111,-0.991578,0.00119727,0.846156,0.323002,-0.990893,0.00117143,0.843733,0.274267,-0.990462,0.00113074,0.83273,0.287846,-0.990716,0.00138288,0.7,0,-1,-0.03121,0.0257323,-0.110389,0.118268,-0.202755,1.3508,0.999928,-0.0103314,-0.00603347,-0.000513824,0.0992428,0.0180794,-0.0111823,0,0,-0.391043,0.45,1,5,0.785398,0,0,0,0.0119934,0.179554,0.0414341,-1.25313,3.47005,0.0159506,0.0120401,0.170502,0.0375978,0.541502,0.317599,0.48311,0.225635,nan,nan,nan,nan,nan,nan,nan,nan,0.0892741,0.0298224,1.23079,716.736,444.354,654.084,324.091,-2.99625,3,-2,0.103589,-0.442991,1.53181,0.141101,0.425817,0.0253066
4.06,0.999654,-0.0255375,-0.00580182,0.00238309,0.08839,0.0632307,0.00455149,0.729784,0.360257,-0.870179,-0.0560769,0.131222,-0.129191,0.692763,0.419599,-0.977734,0.00081757,0.688576,0.381426,-0.986977,-0.000202268,0.692959,0.344064,-0.993518,-0.000956244,0.691528,0.39293,-0.989103,0.000745072,0.68341,0.435168,-0.983516,-0.000283687,0.685691,0.499635,-0.980217,0.00114166,0.679927,0.505749,-0.978848,0.000911301,0.687021,0.556818,-0.981213,-0.000240367,0.684028,0.551617,-0.974742,0.00162657,0.673603,0.539876,-0.974995,-1.17664e-05,0.653505,0.542583,-0.977467,0.00224352,0.688755,0.536044,-0.977204,0.0036305,0.69492,0.528829,-0.980527,0.00133149,0.692579,0.568158,-0.986323,0.000434038,0.686801,0.578964,-0.983712,0.00111927,0.669664,0.585964,-0.973515,0.000985776,0.694527,0.567961,-0.987626,0.00139717,0.694432,0.567033,-0.983614,0.00138263,0.713938,0.589193,-0.985453,0.00134123,0.735908,0.649009,-0.982732,0.000687131,0.724238,0.627597,-0.976201,0.000126907,0.714034,0.643429,-0.980307,-0.000186908,0.703807,0.645924,-0.97813,-0.00016497,0.717932,0.667404,-0.975133,0.000732506,0.728768,0.671309,-0.986536,0.000993403,0.696149,0.652746,-0.98659,0.00188383,0.680909,0.615288,-0.998391,0.000416256,0.691679,0.590446,-0.979501,0.000890531,0.723703,0.553632,-0.975881,0.000584593,0.729913,0.617972,-0.984893,0.000233797,0.749586,0.606735,-0.992434,-0.000160584,0.736708,0.612688,-0.981031,0.00162322,0.716205,0.637927,-0.981959,0.000380165,0.676364,0.669664,-0.984096,0.0016055,0.723675,0.672031,-0.978857,0.00186249,0.699557,0.689007,-0.988615,0.00121579,0.670671,0.690893,-0.974206,0.00143561,0.680923,0.6695,-0.978149,0.00074001,0.672126,0.628778,-0.979389,0.000883235,0.673398,0.650793,-0.973826,3.91152e-05,0.678292,0.633126,-0.978304,-0.000515708,0.685937,0.583931,-0.977253,0.000897485,0.691479,0.575504,-0.995998,0.00103985,0.694744,0.52755,-0.979645,-6.26057e-05,0.664988,0.512092,-0.988198,0.000965999,0.694329,0.516606,-0.968934,0.00137575,0.739751,0.533057,-0.978464,9.84725e-05,0.783687,0.558043,-0.974152,-0.00014747,0.769893,0.564785,-0.9868,-7.51838e-05,0.762501,0.556049,-0.982968,0.00102097,0.764526,0.513991,-0.977129,0.00142149,0.75993,0.471655,-0.983743,0.000622867,0.758836,0.47082,-0.985978,-0.000202892,0.747251,0.414702,-0.982704,0.00047645,0.738046,0.428297,-0.986773,0.000405826,0.74391,0.451698,-0.988332,-0.000296723,0.708668,0.432863,-0.991242,0.000737488,0.725143,0.414521,-0.985043,0.000800022,0.759566,0.369981,-0.987326,0.000232977,0.770569,0.371727,-0.985574,0.000841364,0.786236,0.363611,-0.990893,0.000976937,0.793708,0.391436,-0.988838,0.00116879,0.789563,0.364823,-0.985683,0.00151104,0.820118,0.32947,-0.986595,0.00156669,0.82414,0.337122,-0.995384,0.00112785,0.847708,0.32168,-0.992003,0.00128666,0.873732,0.303213,-0.991666,0.00118136,0.845057,0.283474,-0.989003,0.00121007,0.860073,0.287589,-0.990423,0.00134922,0.85068,0.322721,-0.991137,0.00132683,0.7,0,-1,-0.0309908,0.0230562,-0.108726,0.113876,-0.315719,1.35358,0.999854,-0.0160877,-0.00581252,-0.000545046,0.0705968,0.0164584,-0.0162761,0,0,-0.387209,0.45,1,5,0.785398,0,0,0,0.0119865,0.179424,0.0414214,1.61843,-0.395599,0.019879,0.0100372,0.171712,0.0377701,0.543028,0.31458,0.481459,0.225104,nan,nan,nan,nan,nan,nan,nan,nan,0.0534058,-0.171146,1.27172,715.083,443.415,650.988,323.933,-3,2.95847,-2,0.0965653,-0.420404,1.57953,-0.226407,-0.835697,0.560014
4.08,0.999682,-0.0246168,-0.00493032,0.00236217,0.113622,0.0869812,0.00585775,0.729583,0.363554,-0.871444,-0.0544996,0.12141,-0.139634,0.690156,0.351881,-0.987649,-0.000118617,0.698374,0.327416,-0.993822,-0.000986275,0.689156,0.381031,-0.991285,0.000884901,0.674229,0.429911,-0.983818,-0.000412395,0.69307,0.477228,-0.981994,0.00119815,0.688454,0.505434,-0.978818,0.000894087,0.680946,0.557597,-0.980957,-0.000183816,0.695797,0.552259,-0.975181,0.00166193,0.690627,0.512958,-0.974944,-5.54954e-05,0.663899,0.529305,-0.977517,0.00219079,0.69368,0.542611,-0.975885,0.00360821,0.68951,0.550363,-0.979279,0.00145795,0.696107,0.559101,-0.986993,0.000261511,0.679199,0.571854,-0.982749,0.00113875,0.67946,0.556039,-0.971287,0.00100306,0.715948,0.539536,-0.986442,0.00148212,0.701214,0.570893,-0.982399,0.00139026,0.71946,0.60564,-0.985984,0.00114414,0.723177,0.656236,-0.981593,0.000770828,0.731691,0.636771,-0.975485,7.32967e-05,0.703253,0.656226,-0.979181,-0.000231426,0.729034,0.64343,-0.979241,-6.65598e-05,0.722425,0.648751,-0.974003,0.000700778,0.69731,0.660902,-0.987702,0.000985552,0.710655,0.632459,-0.987735,0.00186656,0.718334,0.609779,-0.997866,0.000466738,0.667813,0.570634,-0.98019,0.000980774,0.699322,0.544522,-0.975375,0.000581269,0.714492,0.61499,-0.985846,0.000405374,0.750135,0.626639,-0.993157,-2.57453e-05,0.723588,0.610562,-0.980914,0.00142785,0.675644,0.647167,-0.984468,0.00029913,0.68135,0.682255,-0.983612,0.00177309,0.703072,0.67997,-0.97776,0.00189216,0.716898,0.700402,-0.98913,0.00120656,0.687537,0.692723,-0.973846,0.00163167,0.679421,0.668281,-0.979349,0.000772261,0.631202,0.639997,-0.979586,0.000990374,0.661672,0.641628,-0.973135,5.02274e-05,0.679943,0.628779,-0.978666,-0.00052464,0.695956,0.587679,-0.978129,0.000951224,0.65579,0.572057,-0.994737,0.000939869,0.686541,0.557582,-0.979833,-0.000184151,0.661642,0.552411,-0.988512,0.000880279,0.729324,0.526269,-0.969121,0.00130828,0.711307,0.539392,-0.978757,6.71186e-05,0.761022,0.553544,-0.9742,-1.24382e-05,0.76921,0.581617,-0.986586,-0.000221581,0.749761,0.591549,-0.984446,0.00127086,0.750882,0.548283,-0.977731,0.0016323,0.759304,0.495895,-0.984298,0.000637615,0.756227,0.507909,-0.98692,-0.000182435,0.753294,0.426935,-0.982806,0.000645809,0.782142,0.475465,-0.986662,0.000328738,0.755612,0.472916,-0.991387,-0.000318235,0.698955,0.45803,-0.992439,0.00088859,0.684475,0.437429,-0.98368,0.000834897,0.717641,0.392813,-0.989447,0.000139923,0.761373,0.406004,-0.98486,0.000760034,0.770046,0.356268,-0.98821,0.00112803,0.778795,0.397142,-0.988503,0.00096293,0.78111,0.371853,-0.986964,0.00152824,0.79905,0.34069,-0.986251,0.00128805,0.809272,0.347177,-0.995444,0.00125738,0.837259,0.347813,-0.989053,0.00130777,0.831109,0.297359,-0.990552,0.00137795,0.829129,0.285321,-0.989577,0.00121894,0.862443,0.266407,-0.991764,0.00109596,0.862503,0.307786,-0.989026,0.00150136,0.847171,0.31309,-0.991309,0.00112477,0.7,0,-1,-0.0360748,-0.00774919,-0.0931797,0.153224,-0.332046,1.42495,0.999826,-0.0169248,-0.0077999,0.000492092,0.0439449,-0.00813645,-0.0119715,0,0,-0.389083,0.45,1,5,0.785398,0,0,0,0.0119139,0.179151,0.041386,-0.901508,0.627545,0.139204,0.0147191,0.173795,0.0377617,0.536111,0.311337,0.481182,0.215255,nan,nan,nan,nan,nan,nan,nan,nan,0.116137,-0.155657,1.23913,711.968,441.684,648.583,320.511,-3,2.94957,-2,0.0814169,-0.40158,1.65386,0.0788655,-0.490578,-0.52218
4.1,0.999707,-0.0236842,-0.00445614,0.00235083,0.0840819,0.0346801,0.00604661,0.729302,0.366753,-0.872917,-0.0565266,0.126951,-0.139244,0.718217,0.305399,-0.992779,-0.000966453,0.715569,0.34445,-0.991927,0.000756728,0.689852,0.39122,-0.983677,-0.000381348,0.68588,0.439583,-0.980947,0.00120998,0.683086,0.484882,-0.977186,0.000757489,0.682232,0.497226,-0.982067,-0.000334464,0.68585,0.521649,-0.975754,0.00165019,0.689275,0.505053,-0.974467,-8.80714e-05,0.658073,0.513898,-0.976285,0.00232205,0.670801,0.529784,-0.976117,0.00379208,0.698342,0.512772,-0.980675,0.00152881,0.683796,0.545666,-0.988937,0.000318519,0.688569,0.588894,-0.983731,0.00112869,0.724907,0.544126,-0.972504,0.000982624,0.728027,0.524604,-0.98641,0.00156313,0.707654,0.55946,-0.982229,0.00136272,0.705603,0.574703,-0.986388,0.00127626,0.694582,0.635507,-0.983831,0.000760211,0.685966,0.643478,-0.976783,0.000236784,0.739194,0.649905,-0.97889,-0.00034224,0.730636,0.648642,-0.980585,-0.000179975,0.706146,0.621606,-0.973303,0.000700137,0.69446,0.636803,-0.987775,0.000986131,0.723707,0.644856,-0.987965,0.00192713,0.692232,0.616292,-1.00109,0.000184075,0.68367,0.579956,-0.980708,0.000953641,0.692402,0.606619,-0.976714,0.000686372,0.720515,0.613113,-0.986894,0.000343527,0.698718,0.606953,-0.993488,6.77139e-06,0.713331,0.605165,-0.983699,0.00148599,0.697589,0.61974,-0.985429,0.000192322,0.707105,0.65331,-0.985017,0.00170042,0.716974,0.674351,-0.97819,0.00197143,0.710091,0.686095,-0.987343,0.00131588,0.692833,0.669439,-0.971783,0.00171135,0.670534,0.669154,-0.979281,0.000793912,0.685704,0.668791,-0.979388,0.000957484,0.665613,0.631712,-0.971888,8.85191e-05,0.683446,0.626268,-0.977641,-0.000752942,0.680538,0.615615,-0.979092,0.000900615,0.648819,0.596396,-0.994128,0.000988186,0.714266,0.576917,-0.979365,-0.000236319,0.678024,0.537194,-0.988801,0.00103261,0.711787,0.548259,-0.970316,0.00136758,0.708429,0.54732,-0.977844,-0.00015946,0.727921,0.560654,-0.974711,-0.000108831,0.758132,0.580599,-0.984692,-0.000323319,0.758281,0.599129,-0.984599,0.00148314,0.773856,0.561601,-0.978582,0.00170937,0.764894,0.528575,-0.984111,0.000768679,0.742315,0.518737,-0.987003,-7.1585e-05,0.719119,0.469912,-0.982948,0.000678775,0.722505,0.503216,-0.985107,0.000290365,0.710133,0.494261,-0.989322,-0.000230634,0.714829,0.471706,-0.991695,0.000865321,0.692835,0.420829,-0.983884,0.000967084,0.721073,0.36898,-0.988481,0.000179711,0.779875,0.4007,-0.98561,0.000602818,0.771446,0.406128,-0.988873,0.00107867,0.769885,0.410254,-0.989565,0.00100686,0.755726,0.395071,-0.987535,0.00182213,0.782548,0.378629,-0.985843,0.00116015,0.822546,0.349315,-0.995356,0.00118433,0.823725,0.348324,-0.98824,0.00139247,0.800436,0.291105,-0.989393,0.0012727,0.827289,0.300869,-0.990414,0.00107924,0.839963,0.288769,-0.993226,0.0010339,0.813297,0.291091,-0.988271,0.00164338,0.865785,0.291644,-0.989432,0.00123411,0.87448,0.303535,-0.993212,0.00133232,0.7,0,-1,0.00986522,-0.00581066,-0.0925975,0.239671,-0.273632,1.38427,0.999828,-0.0139331,-0.0122266,-0.000925344,0.0447492,0.0170162,-0.0123131,0,0,-0.386652,0.45,1,5,0.785398,0,0,0,0.0118046,0.179002,0.0413639,0.830187,-3.06517,-0.0285939,-0.00194366,0.17871,0.0376885,0.554407,0.299118,0.476056,0.22675,nan,nan,nan,nan,nan,nan,nan,nan,0.09892,-0.0370423,1.19768,722.327,436.495,645.325,325.633,-3,3,-2,0.0742039,-0.389351,1.59053,-0.101349,0.277056,0.0195093
4.12,0.999741,-0.0223233,-0.00362176,0.0024346,0.0961632,0.0533005,0.0127171,0.729118,0.37142,-0.875142,-0.0513869,0.123326,-0.132772,0.745232,0.339109,-0.992069,0.000703057,0.715779,0.367132,-0.984478,-0.000326067,0.683141,0.395173,-0.981412,0.00112439,0.687054,0.457204,-0.977085,0.000804792,0.690001,0.451158,-0.982455,-0.000308663,0.698344,0.503691,-0.974106,0.00172366,0.677573,0.478275,-0.973468,-7.04173e-05,0.663512,0.495902,-0.976744,0.00241642,0.654466,0.496425,-0.975221,0.00383912,0.700051,0.527618,-0.981561,0.00165859,0.684541,0.535334,-0.990092,0.000331923,0.69778,0.558145,-0.982669,0.000931327,0.71707,0.545667,-0.974302,0.0010722,0.707393,0.530006,-0.986597,0.00143742,0.702411,0.569012,-0.983918,0.00140268,0.726839,0.581101,-0.986515,0.00127386,0.691406,0.643542,-0.981792,0.000726205,0.681589,0.645698,-0.97836,0.000328393,0.713491,0.62849,-0.97943,-0.000350714,0.726013,0.624968,-0.979102,-0.000333702,0.719119,0.623553,-0.974283,0.000739256,0.718127,0.621231,-0.987575,0.00094406,0.719248,0.639747,-0.987333,0.00188294,0.679132,0.626739,-1.00155,0.000212829,0.678423,0.582698,-0.978617,0.000689014,0.668963,0.588447,-0.975263,0.000603222,0.72989,0.578279,-0.987563,0.000461596,0.702475,0.606225,-0.994552,0.000241218,0.693147,0.610588,-0.983162,0.00148275,0.711678,0.60972,-0.985729,0.000226239,0.693024,0.661485,-0.984902,0.00151793,0.722823,0.689503,-0.977452,0.00192841,0.71241,0.649987,-0.985758,0.00133345,0.709761,0.666117,-0.972535,0.00186031,0.687671,0.679634,-0.979224,0.000774934,0.67924,0.657317,-0.980101,0.000869521,0.677125,0.63657,-0.973949,-4.24865e-05,0.710366,0.633905,-0.977036,-0.000699685,0.663029,0.62286,-0.978502,0.00106755,0.659116,0.602637,-0.99456,0.00106718,0.697175,0.599653,-0.981035,-0.000159504,0.694549,0.580351,-0.987324,0.00116179,0.733309,0.576722,-0.970491,0.0014009,0.724545,0.584313,-0.977362,-0.000347475,0.746534,0.559969,-0.973257,4.24779e-06,0.741041,0.62582,-0.983075,-0.00017103,0.763729,0.603452,-0.984829,0.00143597,0.776496,0.597155,-0.979322,0.00177594,0.743623,0.538642,-0.98432,0.000702621,0.718064,0.563781,-0.986316,-7.26027e-05,0.702934,0.500041,-0.983248,0.000512285,0.72279,0.535832,-0.985168,0.000241629,0.704215,0.524342,-0.987974,-7.35195e-05,0.706515,0.493923,-0.991767,0.000717632,0.705905,0.470316,-0.985133,0.00101025,0.737146,0.434105,-0.988076,0.000260065,0.763354,0.434435,-0.986335,0.000569644,0.772718,0.415169,-0.989186,0.00111722,0.761244,0.43882,-0.988628,0.00101173,0.772314,0.409181,-0.987618,0.00169093,0.79596,0.377844,-0.984406,0.00131449,0.810089,0.370603,-0.995692,0.00125239,0.824391,0.345841,-0.990252,0.00148027,0.804222,0.313143,-0.989954,0.00114845,0.823987,0.29721,-0.990764,0.00120432,0.829219,0.311087,-0.992732,0.000952012,0.8228,0.319441,-0.98839,0.00154608,0.845385,0.294547,-0.988864,0.0012844,0.867067,0.317018,-0.990982,0.00147873,0.895739,0.32027,-0.99116,0.00162829,0.7,0,-1,-0.0329042,0.0301615,-0.091923,0.15952,-0.231082,1.41462,0.999898,-0.0117798,-0.00812634,0.000313036,0.0985205,0.00719645,-0.0157993,0,0,-0.391577,0.45,1,5,0.785398,0,0,0,0.0115524,0.178846,0.0413236,-2.2575,1.09518,-0.530714,0.00493285,0.178509,0.037585,0.546869,0.301588,0.478451,0.219701,nan,nan,nan,nan,nan,nan,nan,nan,0.137494,-0.0765132,1.25122,720.321,433.383,643.555,323.282,-2.9803,3,-2,0.0600007,-0.364211,1.652,0.256985,-0.18128,0.32362
4.14,0.999772,-0.0209401,-0.00345623,0.00248116,0.111471,-0.00833494,-2.33337e-05,0.728821,0.376055,-0.87775,-0.0560745,0.106304,-0.137428,0.70318,0.327515,-0.983898,-0.000478415,0.713747,0.358044,-0.980911,0.00119894,0.701552,0.402444,-0.977387,0.000879766,0.71135,0.439809,-0.982845,-0.000326029,0.717256,0.46832,-0.97335,0.00175824,0.710674,0.478562,-0.973595,3.69605e-05,0.657066,0.530903,-0.976963,0.00249312,0.679726,0.50405,-0.974341,0.00381789,0.745861,0.501207,-0.981882,0.00161573,0.697561,0.527011,-0.987971,0.00031043,0.730727,0.552681,-0.983332,0.000772138,0.730748,0.523304,-0.973397,0.00117165,0.714849,0.534772,-0.986112,0.00146985,0.699021,0.576939,-0.984025,0.00138882,0.716367,0.565653,-0.986808,0.00126816,0.656271,0.642851,-0.9829,0.000870977,0.703504,0.623783,-0.977896,0.000241228,0.722286,0.600421,-0.97631,-0.000215757,0.726865,0.587253,-0.979023,-0.000133695,0.710921,0.588484,-0.974543,0.000888738,0.712001,0.604117,-0.985969,0.00085138,0.721387,0.627587,-0.987214,0.00188221,0.674308,0.623995,-1.00268,0.000200501,0.634813,0.584531,-0.979002,0.000563652,0.675587,0.570636,-0.977185,0.000565657,0.713072,0.585155,-0.986944,0.000547918,0.720518,0.58827,-0.99431,0.000317522,0.721117,0.606414,-0.983468,0.00140091,0.734282,0.626465,-0.986669,0.00016667,0.695856,0.667685,-0.985377,0.00144053,0.730254,0.660934,-0.977323,0.00193246,0.675207,0.681255,-0.983497,0.00132343,0.705943,0.687593,-0.973992,0.00161851,0.690309,0.682408,-0.980408,0.000810566,0.679418,0.627363,-0.979518,0.000997851,0.677624,0.640017,-0.975601,-2.98721e-05,0.720941,0.619819,-0.977042,-0.000705755,0.662635,0.630068,-0.97774,0.000978473,0.640572,0.596129,-0.994102,0.00105852,0.670512,0.623666,-0.981501,-0.000381788,0.685557,0.585367,-0.986007,0.00126918,0.727144,0.574046,-0.970444,0.00155861,0.72586,0.584019,-0.978585,-0.000175046,0.742792,0.606342,-0.972877,0.00010349,0.763202,0.653732,-0.982951,-0.000282304,0.749492,0.623404,-0.984522,0.0014965,0.753329,0.60743,-0.979804,0.00170272,0.739596,0.592334,-0.983519,0.000632416,0.729072,0.575728,-0.98671,-3.44874e-05,0.70911,0.563397,-0.983594,0.000424576,0.671005,0.539181,-0.986583,0.000204387,0.682553,0.520762,-0.98767,4.34362e-05,0.737987,0.510574,-0.991865,0.000833483,0.719872,0.475566,-0.984208,0.000953487,0.774177,0.474807,-0.987445,0.000132954,0.758817,0.459726,-0.987533,0.000594797,0.758251,0.44023,-0.989393,0.00115787,0.741776,0.448229,-0.987918,0.00110013,0.758988,0.455759,-0.987697,0.00159899,0.808567,0.394977,-0.984231,0.000953306,0.82633,0.392624,-0.995402,0.00135196,0.814203,0.374528,-0.988457,0.00135702,0.798253,0.370897,-0.990323,0.00117355,0.827115,0.300019,-0.991258,0.00107635,0.795467,0.351847,-0.990453,0.000937947,0.805033,0.335579,-0.987635,0.00175151,0.826636,0.32841,-0.990009,0.00116548,0.868588,0.31067,-0.989771,0.00150415,0.886763,0.322953,-0.992212,0.00171658,0.896493,0.309086,-0.992206,0.00160167,0.7,0,-1,-0.0326128,0.0279948,-0.0900463,0.131139,-0.261022,1.38302,0.999889,-0.0133061,-0.00667971,0.000319904,0.0631415,-0.0122589,-0.0172095,0,0,-0.389072,0.45,1,5,0.785398,0,0,0,0.0114747,0.178826,0.04128,1.74919,-1.54638,0.0211829,0.0177057,0.179528,0.0374271,0.543323,0.314668,0.493281,0.215036,nan,nan,nan,nan,nan,nan,nan,nan,0.0753025,-0.189588,1.19349,717.856,440.641,654.934,319.948,-3,2.94949,-2,0.0579828,-0.345951,1.54831,-0.234381,-0.851068,-0.232832
4.16,0.999781,-0.0205019,-0.0033976,0.00249626,0.0971219,0.0135019,0.00545121,0.728718,0.377477,-0.878578,-0.0531011,0.108445,-0.131456,0.675753,0.346429,-0.981207,0.00137857,0.694726,0.377881,-0.978225,0.000835227,0.71927,0.389847,-0.981083,-0.00038155,0.705871,0.43042,-0.972432,0.0016457,0.73458,0.453034,-0.975307,0.000105176,0.694325,0.493045,-0.974816,0.00243986,0.678792,0.48659,-0.974395,0.00365872,0.730878,0.515212,-0.983164,0.0016283,0.704978,0.537381,-0.986829,0.000225672,0.704033,0.521032,-0.983239,0.000718603,0.697642,0.508428,-0.974768,0.00111923,0.696392,0.521184,-0.985025,0.00158262,0.696012,0.549657,-0.982224,0.00147466,0.685115,0.522953,-0.987092,0.0012915,0.655328,0.589609,-0.981066,0.000768585,0.70742,0.60162,-0.976488,0.000152987,0.707243,0.588934,-0.97703,-0.000195992,0.708346,0.570918,-0.97903,-5.97017e-05,0.737315,0.591446,-0.972798,0.00107189,0.722866,0.624836,-0.985469,0.000872135,0.726483,0.621905,-0.988577,0.00176809,0.66525,0.625605,-1.00107,0.000141664,0.651907,0.590962,-0.977319,0.000571823,0.671537,0.563929,-0.976905,0.000901872,0.692236,0.573177,-0.986701,0.000551543,0.722881,0.573935,-0.995259,0.000521708,0.709183,0.605025,-0.983258,0.00121431,0.72734,0.649577,-0.987222,4.47508e-05,0.704318,0.664946,-0.986043,0.00137984,0.700033,0.663271,-0.976023,0.00179281,0.700396,0.672168,-0.984124,0.00115849,0.717711,0.691272,-0.972365,0.00144239,0.661707,0.670161,-0.978789,0.000800555,0.675951,0.639717,-0.981674,0.000992491,0.707894,0.653951,-0.976179,0.000135705,0.701728,0.637474,-0.976777,-0.000925966,0.663085,0.658407,-0.978196,0.00110694,0.656591,0.619181,-0.993293,0.00132156,0.69522,0.62164,-0.982677,-0.000457947,0.671191,0.613028,-0.985959,0.00132654,0.693287,0.62615,-0.97013,0.00161525,0.713298,0.596839,-0.978207,-6.31595e-06,0.736606,0.621255,-0.972667,0.00017885,0.719862,0.655389,-0.981261,-0.000383861,0.763282,0.62827,-0.985697,0.0016293,0.760217,0.631905,-0.977863,0.00182481,0.748669,0.598035,-0.984082,0.000800402,0.721168,0.577765,-0.986335,0.000104674,0.729997,0.533028,-0.984519,0.000466419,0.661716,0.552461,-0.984562,0.000211315,0.69954,0.551913,-0.988002,0.000120355,0.694516,0.513801,-0.990247,0.000978247,0.717063,0.484843,-0.982433,0.000963875,0.754841,0.473071,-0.987376,4.99589e-05,0.759874,0.49652,-0.988725,0.000522902,0.755683,0.468396,-0.989129,0.00119016,0.721923,0.461473,-0.987593,0.00113748,0.794853,0.476889,-0.988219,0.0016434,0.781244,0.434109,-0.983463,0.000957015,0.823731,0.425351,-0.995088,0.00133124,0.81247,0.412234,-0.990024,0.00130958,0.800114,0.348967,-0.991351,0.00102977,0.785192,0.367219,-0.991053,0.00141842,0.798028,0.335062,-0.990016,0.00109769,0.776489,0.327187,-0.987341,0.00183757,0.833634,0.337301,-0.991116,0.00111727,0.8542,0.340685,-0.989493,0.00155594,0.858136,0.32044,-0.993724,0.00154137,0.896849,0.285277,-0.992304,0.00164477,0.905886,0.319228,-0.990696,0.00157159,0.7,0,-1,-0.00772759,-0.0847031,-0.101081,0.166819,-0.417501,1.32928,0.999737,-0.0212643,-0.00851287,-0.000664351,0.0193875,-0.0685477,-0.0212059,0,0,-0.385661,0.45,1,5,0.785398,0,0,0,0.011504,0.178794,0.0412602,-0.518742,-0.233125,0.256014,0.00885848,0.186189,0.0374337,0.550846,0.300257,0.488279,0.213124,nan,nan,nan,nan,nan,nan,nan,nan,0.0820712,-0.0752567,1.20778,718.551,436.074,653.549,316.799,-2.9908,2.99388,-2,0.056688,-0.336852,1.59341,0.148669,0.107058,0.298616
4.18,0.9998,-0.0196321,-0.00294308,0.00254144,0.0518632,0.0350165,0.00796966,0.728214,0.381573,-0.88119,-0.0627293,0.110219,-0.138236,0.71702,0.368497,-0.979051,0.000861759,0.712428,0.361901,-0.981708,-0.000427001,0.734499,0.386099,-0.970682,0.00148608,0.719664,0.434358,-0.974584,0.000180795,0.694683,0.467349,-0.973706,0.00242144,0.702946,0.458779,-0.975459,0.00358978,0.701172,0.475417,-0.981288,0.00166449,0.70804,0.47855,-0.984722,0.000156844,0.707388,0.509076,-0.982585,0.000836171,0.683074,0.497959,-0.975782,0.00122519,0.70734,0.524453,-0.985103,0.00149016,0.701746,0.523111,-0.982807,0.00148159,0.685342,0.540571,-0.986404,0.00120225,0.680841,0.54815,-0.982804,0.000883273,0.73145,0.596262,-0.975533,0.000112471,0.707822,0.56557,-0.979241,-9.22679e-05,0.709039,0.564791,-0.979371,3.19765e-05,0.729725,0.582468,-0.97272,0.00128712,0.7237,0.599903,-0.985427,0.00111202,0.706146,0.613496,-0.987142,0.00175203,0.676755,0.601978,-0.999698,0.000244843,0.673805,0.579722,-0.977476,0.000458579,0.665196,0.556431,-0.975352,0.000939843,0.686026,0.613845,-0.985258,0.000619083,0.692717,0.611147,-0.997355,0.000375898,0.688784,0.594796,-0.98303,0.00122593,0.697451,0.601207,-0.987449,0.000106518,0.720563,0.646209,-0.985668,0.0014033,0.69245,0.659086,-0.975834,0.00171676,0.675953,0.675449,-0.983949,0.00109925,0.671281,0.685746,-0.973472,0.00149875,0.645225,0.677995,-0.979278,0.000903415,0.66505,0.631438,-0.983092,0.00105865,0.692088,0.686899,-0.977378,-4.4038e-05,0.69703,0.664326,-0.979403,-0.000863186,0.672348,0.634527,-0.976864,0.000996302,0.664707,0.635323,-0.994205,0.00125895,0.680751,0.5976,-0.982944,-0.00033841,0.658747,0.632583,-0.983706,0.00150603,0.683034,0.618231,-0.969879,0.001601,0.709939,0.631197,-0.977744,0.000186672,0.723326,0.64395,-0.973199,0.000234916,0.725116,0.674928,-0.980325,-0.00044851,0.756711,0.644742,-0.984418,0.00162256,0.785557,0.644258,-0.977763,0.00187526,0.7327,0.611161,-0.982886,0.000792223,0.727796,0.613615,-0.987058,7.91857e-05,0.703096,0.5716,-0.985049,0.000541104,0.661544,0.580646,-0.983587,0.000200449,0.674907,0.549235,-0.989137,-5.53137e-05,0.691348,0.521042,-0.989195,0.000997147,0.716145,0.531209,-0.981068,0.000998557,0.749475,0.513224,-0.986181,0.000171349,0.766419,0.522268,-0.985217,0.000436991,0.755181,0.490066,-0.988235,0.00107153,0.733861,0.474537,-0.98657,0.00125348,0.787214,0.456388,-0.989403,0.00175808,0.77192,0.45605,-0.984518,0.000954149,0.806095,0.433259,-0.995252,0.00148733,0.790722,0.395843,-0.990803,0.00122283,0.784999,0.377133,-0.991825,0.00106516,0.784075,0.36047,-0.991468,0.00156863,0.79659,0.310779,-0.988893,0.00109407,0.77787,0.299547,-0.988872,0.00188188,0.808945,0.315801,-0.990717,0.000897611,0.806709,0.311171,-0.987837,0.00154855,0.837459,0.354852,-0.993073,0.00153087,0.870028,0.308955,-0.990809,0.00186242,0.874027,0.307605,-0.992801,0.00169455,0.904281,0.323456,-0.990495,0.00171716,0.7,0,-1,-0.0214339,-0.0666209,-0.089309,0.148321,-0.480316,1.39357,0.999672,-0.024462,-0.00756522,-0.00042438,0.0574618,-0.0286808,-0.0163185,0,0,-0.388681,0.45,1,5,0.785398,0,0,0,0.0113,0.17858,0.0411946,-2.78182,-0.660539,0.0362896,0.000488992,0.185378,0.0372481,0.5538,0.292519,0.479769,0.217593,nan,nan,nan,nan,nan,nan,nan,nan,0.0322624,-0.146847,1.19786,721.722,430.167,650.108,315.936,-3,3,-2,0.0489743,-0.321119,1.62995,-0.48141,0.0886749,-0.338984
4.2,0.999822,-0.018414,-0.00307311,0.00273599,0.0565637,-0.0233216,0.0150484,0.727502,0.386673,-0.884815,-0.0653911,0.099058,-0.133466,0.72099,0.349015,-0.980828,-0.000381728,0.716186,0.369569,-0.970757,0.00171389,0.718016,0.412641,-0.973819,0.00026134,0.704445,0.441149,-0.974058,0.00266834,0.699288,0.455667,-0.974193,0.00365048,0.704189,0.441516,-0.980888,0.00155344,0.735676,0.477854,-0.984758,7.98747e-05,0.683013,0.506689,-0.983067,0.000847719,0.70423,0.519547,-0.974131,0.00112997,0.722968,0.517648,-0.985592,0.00159795,0.712882,0.522126,-0.98116,0.00154292,0.692083,0.539118,-0.986363,0.0012456,0.697611,0.567894,-0.982072,0.00105713,0.700245,0.599599,-0.975819,5.58042e-05,0.705882,0.572293,-0.97961,-7.79412e-05,0.691392,0.589658,-0.980537,7.66477e-05,0.674693,0.603869,-0.972533,0.00129771,0.7143,0.602483,-0.983891,0.00101679,0.71306,0.621506,-0.988129,0.00197193,0.694103,0.604475,-0.998246,0.000184238,0.685358,0.573198,-0.97629,0.000388694,0.670485,0.567145,-0.976226,0.00102366,0.674263,0.588348,-0.985276,0.000783725,0.665931,0.601939,-0.996533,0.000463162,0.665415,0.580244,-0.981987,0.0012144,0.702601,0.574101,-0.985379,0.000222734,0.732614,0.614141,-0.984712,0.00128538,0.677348,0.660529,-0.976431,0.0017608,0.689151,0.668729,-0.983805,0.00105848,0.669943,0.673797,-0.973812,0.00162635,0.668759,0.649997,-0.978635,0.000971202,0.698234,0.669581,-0.982253,0.00105869,0.706461,0.687189,-0.975578,-0.000141462,0.686358,0.633887,-0.98004,-0.000830195,0.691616,0.649501,-0.977043,0.000789536,0.654018,0.645003,-0.992096,0.00123444,0.657453,0.611584,-0.98294,-0.000294259,0.663827,0.640888,-0.982095,0.00160298,0.661066,0.644524,-0.968469,0.00144386,0.72986,0.630726,-0.978939,-8.50124e-05,0.714942,0.652091,-0.972772,0.000117787,0.735503,0.692563,-0.980896,-0.000620833,0.76116,0.647753,-0.9829,0.00173974,0.747673,0.646535,-0.978693,0.00197374,0.711151,0.58648,-0.983534,0.000819533,0.744422,0.614969,-0.986196,0.000183229,0.696336,0.583841,-0.983658,0.000801021,0.682106,0.586418,-0.984783,0.000127687,0.690126,0.590763,-0.988826,2.21637e-05,0.710716,0.566729,-0.989361,0.000985232,0.701928,0.540702,-0.981027,0.000942413,0.752948,0.539301,-0.986499,0.000113968,0.776595,0.508698,-0.9854,0.000393919,0.750158,0.497692,-0.988432,0.000918391,0.760675,0.497089,-0.985903,0.00130089,0.775639,0.474249,-0.988457,0.00194337,0.765066,0.447612,-0.985731,0.00101497,0.792798,0.455334,-0.993614,0.00146883,0.807639,0.407687,-0.989976,0.00107755,0.826703,0.376242,-0.991657,0.00102521,0.816192,0.358214,-0.992654,0.00149373,0.795059,0.315886,-0.989473,0.00102915,0.805197,0.331963,-0.990919,0.00190755,0.813903,0.327768,-0.989596,0.000627138,0.784699,0.320635,-0.988223,0.00153287,0.816316,0.367246,-0.993734,0.00171667,0.8866,0.340098,-0.991937,0.0019468,0.882485,0.334404,-0.992048,0.00161783,0.875069,0.342061,-0.991413,0.00175863,0.890948,0.353119,-0.990395,0.00169224,0.7,0,-1,-0.0214339,-0.0666209,-0.089309,0.148321,-0.480316,1.39357,0.999672,-0.024462,-0.00756522,-0.00042438,0.0516485,-0.037604,-0.0148211,0,0,-0.385245,0.45,1,5,0.785398,0,0,0,0.0110591,0.178243,0.041099,-1.0131,-2.77626,0.149604,0.0144231,0.182209,0.0364384,0.54293,0.305839,0.490224,0.212826,nan,nan,nan,nan,nan,nan,nan,nan,0.0295822,-0.204436,1.21694,718.803,429.982,651.551,313.684,-3,2.97422,-2,0.0509487,-0.30022,1.65519,-0.133089,-0.558041,0.238474
4.22,0.999824,-0.0182488,-0.0032439,0.00279461,0.0362129,-0.0374568,0.0139059,0.727399,0.38785,-0.885811,-0.0669244,0.0993224,-0.133629,0.712012,0.36481,-0.971436,0.00171932,0.709547,0.384796,-0.972096,0.000159425,0.727359,0.412511,-0.974254,0.00231129,0.684902,0.411347,-0.975142,0.0036134,0.723569,0.42741,-0.982317,0.00163952,0.73087,0.461766,-0.983002,-3.33444e-05,0.681002,0.474379,-0.98348,0.000814826,0.691396,0.494616,-0.974514,0.00119734,0.699391,0.494117,-0.985806,0.00152097,0.682775,0.509225,-0.981682,0.00141342,0.699605,0.547302,-0.985742,0.00126587,0.71928,0.542508,-0.981796,0.00104307,0.730164,0.589783,-0.974111,0.00027553,0.707649,0.586793,-0.979888,-4.77412e-05,0.710141,0.549734,-0.979678,7.80958e-06,0.698177,0.576359,-0.972103,0.00126338,0.727751,0.574806,-0.983356,0.00106664,0.721684,0.591196,-0.987066,0.00196617,0.713683,0.61396,-0.997539,0.000108212,0.687715,0.582879,-0.975189,0.000633336,0.697834,0.558383,-0.978098,0.00112601,0.66977,0.602308,-0.985741,0.00087191,0.66599,0.570839,-0.997491,0.000319389,0.6735,0.587413,-0.984033,0.00141127,0.684742,0.604431,-0.985885,5.15754e-05,0.725017,0.603408,-0.983696,0.0012271,0.693043,0.646991,-0.97729,0.00167329,0.709296,0.626369,-0.98301,0.00114957,0.664971,0.6652,-0.97306,0.00179266,0.678864,0.632053,-0.979512,0.000916268,0.712098,0.643949,-0.983692,0.00108705,0.69444,0.675123,-0.972961,-0.00025426,0.725292,0.656247,-0.980288,-0.000744393,0.712176,0.632597,-0.977312,0.000690431,0.678725,0.647568,-0.992606,0.00119829,0.656826,0.629676,-0.983481,-0.00024998,0.646149,0.658344,-0.982722,0.00140452,0.672662,0.693022,-0.967683,0.00131073,0.706923,0.649109,-0.980166,0.000115973,0.69666,0.669203,-0.972832,6.79151e-05,0.711748,0.692778,-0.981584,-0.000666692,0.740402,0.687016,-0.981843,0.0017897,0.743906,0.643715,-0.978625,0.00197689,0.715308,0.601945,-0.981884,0.000838751,0.719867,0.62923,-0.985958,0.000142017,0.70594,0.591786,-0.983905,0.00078289,0.704594,0.604523,-0.986121,0.000240556,0.680703,0.594845,-0.988459,2.87475e-05,0.712015,0.599217,-0.986594,0.000943887,0.701459,0.57588,-0.980962,0.00103555,0.735481,0.538651,-0.988136,4.27604e-05,0.764573,0.54685,-0.98419,0.000287703,0.74221,0.544909,-0.987904,0.00101068,0.757563,0.521395,-0.988101,0.00143402,0.764747,0.495973,-0.988704,0.00195339,0.745299,0.464446,-0.985492,0.00105384,0.816638,0.479698,-0.993986,0.00139728,0.808258,0.438967,-0.987749,0.00110895,0.803965,0.392397,-0.99209,0.00101415,0.792584,0.384658,-0.992744,0.0015988,0.797852,0.350864,-0.989829,0.00107779,0.814905,0.359883,-0.991058,0.00190522,0.82157,0.325151,-0.989151,0.000838278,0.813298,0.320385,-0.987002,0.00143369,0.82496,0.379187,-0.993198,0.00153822,0.854035,0.330839,-0.993684,0.00198049,0.876087,0.335607,-0.992114,0.00158815,0.88304,0.329236,-0.991447,0.00163437,0.874511,0.353274,-0.989949,0.00146928,0.866752,0.337084,-0.990446,0.00171663,0.7,0,-1,-0.0470079,-0.0520172,-0.0826671,0.104132,-0.355512,1.36275,0.999822,-0.0181191,-0.00529556,0.000593402,0.0403783,-0.0244174,-0.0151691,0,0,-0.386708,0.45,1,5,0.785398,0,0,0,0.0111559,0.178151,0.0410466,-0.531279,-1.28264,0.0489529,0.0245774,0.179628,0.0361488,0.53239,0.313308,0.494624,0.206512,nan,nan,nan,nan,nan,nan,nan,nan,0.0394524,-0.0858829,1.1589,713.751,438.898,656.49,309.861,-3,3,-2,0.053946,-0.29863,1.62458,-0.0766639,0.0132192,-0.00813305
4.24,0.999822,-0.0182804,-0.00353339,0.00292527,-0.00385483,-0.0276587,0.0175283,0.727092,0.390131,-0.887688,-0.064621,0.101616,-0.123521,0.692859,0.381926,-0.972655,1.84581e-05,0.720693,0.369407,-0.974184,0.00217029,0.718187,0.365794,-0.973432,0.00367443,0.708163,0.430255,-0.98222,0.00148359,0.705925,0.456714,-0.981506,-1.57891e-05,0.694503,0.482426,-0.984903,0.000726178,0.697867,0.469536,-0.973594,0.00110478,0.687289,0.482091,-0.986799,0.00156511,0.690552,0.488508,-0.981427,0.00128243,0.695886,0.513957,-0.986581,0.00116869,0.701787,0.545806,-0.982437,0.000958265,0.718749,0.567109,-0.973477,0.000435532,0.705072,0.526096,-0.979907,-1.18787e-05,0.717553,0.551121,-0.97837,-2.90434e-05,0.695192,0.559609,-0.971177,0.00143767,0.708958,0.58942,-0.983305,0.00112412,0.703326,0.583032,-0.985878,0.00207646,0.707927,0.561668,-0.997338,7.03079e-05,0.680961,0.562575,-0.977349,0.000629975,0.678745,0.591836,-0.975933,0.00106816,0.679694,0.567167,-0.987208,0.00107785,0.674218,0.570149,-0.997094,0.000193174,0.699941,0.597822,-0.984158,0.00142266,0.695743,0.598277,-0.986113,2.19729e-05,0.697634,0.605665,-0.982901,0.00126714,0.692107,0.644958,-0.977107,0.00164777,0.67319,0.626176,-0.982228,0.00101966,0.661643,0.640303,-0.972385,0.00166719,0.688887,0.611194,-0.980719,0.00113877,0.736875,0.642923,-0.982304,0.000873075,0.706565,0.667044,-0.972712,-0.00038316,0.721864,0.678393,-0.980054,-0.000528474,0.685995,0.65584,-0.978597,0.000896931,0.653207,0.636608,-0.991292,0.00118565,0.66925,0.657852,-0.981466,-0.000253225,0.629269,0.676364,-0.983647,0.00161828,0.654955,0.669692,-0.967832,0.00117293,0.691599,0.647136,-0.978766,0.000186006,0.7152,0.69565,-0.972879,9.32047e-05,0.696665,0.678346,-0.980949,-0.000727968,0.734338,0.686853,-0.981928,0.00175575,0.743006,0.635386,-0.979693,0.0020432,0.709036,0.606084,-0.982962,0.00071295,0.677581,0.622071,-0.98524,7.95046e-05,0.681746,0.644239,-0.986042,0.000670705,0.683705,0.619053,-0.983979,0.000190166,0.699737,0.651241,-0.988048,5.54745e-05,0.690846,0.611224,-0.986115,0.000711887,0.722176,0.575032,-0.981912,0.000902447,0.737628,0.575869,-0.988517,-4.20171e-05,0.771075,0.541557,-0.983791,0.000458164,0.730537,0.541074,-0.987782,0.00108531,0.736112,0.536136,-0.988271,0.00131887,0.758911,0.522843,-0.987785,0.00169623,0.763383,0.513787,-0.98509,0.000992095,0.809693,0.488352,-0.993066,0.00148808,0.798234,0.466423,-0.986842,0.00126695,0.801585,0.455256,-0.991266,0.00118532,0.793685,0.401853,-0.992593,0.0016439,0.808226,0.354397,-0.989671,0.000978503,0.795996,0.377715,-0.989861,0.00184329,0.8022,0.341812,-0.990073,0.00102771,0.813349,0.323944,-0.987872,0.00139885,0.824039,0.354742,-0.993836,0.00158907,0.82245,0.333614,-0.994663,0.00194655,0.892836,0.342897,-0.989176,0.00151902,0.913797,0.332591,-0.990226,0.00152461,0.946332,0.350868,-0.99034,0.00145956,0.859064,0.335938,-0.990389,0.00173514,0.865943,0.330144,-0.989468,0.00145285,0.7,0,-1,-0.00747346,-0.032677,-0.0784953,0.227991,-0.316956,1.4024,0.999802,-0.016154,-0.0116139,0.0002432,0.00648219,-0.0443002,-0.0215697,0,0,-0.389743,0.45,1,5,0.785398,0,0,0,0.0113209,0.178208,0.0409591,2.5698,-3.21785,-0.124202,-0.000955152,0.195441,0.03585,0.562618,0.285065,0.489335,0.214982,nan,nan,nan,nan,nan,nan,nan,nan,0.107325,-0.0598183,1.22229,731.101,429.892,655.015,309.844,-2.99443,3,-2,0.0594572,-0.302849,1.52277,0.11517,0.114666,0.505365
4.26,0.99982,-0.0182936,-0.00394181,0.00306137,0.0268972,-0.0590799,0.0106307,0.726533,0.393519,-0.89073,-0.0654659,0.0790287,-0.119347,0.70901,0.327367,-0.975228,0.00189899,0.726468,0.320348,-0.972987,0.00380336,0.716292,0.401978,-0.983377,0.00161609,0.734367,0.447893,-0.980372,-2.43173e-05,0.719258,0.461859,-0.984988,0.00071023,0.70363,0.456988,-0.97401,0.00103737,0.706792,0.459519,-0.985809,0.00150838,0.69764,0.474468,-0.980551,0.00135827,0.701304,0.487697,-0.986218,0.00112258,0.709048,0.526177,-0.982287,0.000911461,0.719925,0.537671,-0.972522,0.000444113,0.724276,0.508813,-0.979166,4.86564e-05,0.731873,0.529331,-0.977732,0.000286622,0.735477,0.574941,-0.96985,0.00138285,0.716225,0.592814,-0.983108,0.000993686,0.711048,0.556442,-0.985952,0.00222682,0.714501,0.557374,-0.996024,9.95097e-05,0.704274,0.535431,-0.97682,0.000371392,0.697676,0.556855,-0.976168,0.00123817,0.691423,0.55093,-0.984997,0.0010435,0.691983,0.583406,-0.996518,0.00040409,0.686114,0.592369,-0.984902,0.00150787,0.693208,0.618108,-0.986429,5.39735e-05,0.70778,0.616854,-0.981616,0.00134024,0.680481,0.643191,-0.976003,0.00147808,0.659819,0.643858,-0.980778,0.000802112,0.691873,0.618055,-0.968886,0.00171824,0.696093,0.595301,-0.979819,0.00106925,0.695714,0.646805,-0.983477,0.00102931,0.715374,0.671189,-0.972564,-0.000143159,0.722238,0.713833,-0.979716,-0.00039518,0.684378,0.669752,-0.979625,0.000703664,0.672577,0.628039,-0.989462,0.00130573,0.671704,0.621702,-0.982383,-4.46864e-05,0.654088,0.671457,-0.982336,0.00145784,0.682844,0.670747,-0.967152,0.00125674,0.699186,0.642334,-0.976051,0.000488248,0.701844,0.6653,-0.973279,0.00027145,0.686348,0.671071,-0.982259,-0.000952482,0.717446,0.676919,-0.981867,0.00160625,0.727042,0.623072,-0.981343,0.0020626,0.682044,0.636611,-0.983087,0.000915373,0.660678,0.632439,-0.982083,-1.09586e-05,0.676161,0.631404,-0.986229,0.000643197,0.671179,0.663736,-0.984492,5.53643e-05,0.702449,0.656396,-0.986592,5.31017e-05,0.704444,0.64046,-0.98528,0.00062664,0.725628,0.612981,-0.982119,0.000867218,0.734105,0.595856,-0.988569,7.05004e-05,0.755448,0.596119,-0.985336,0.000545745,0.716895,0.591193,-0.985996,0.00105067,0.734142,0.578562,-0.986905,0.00109929,0.743324,0.5414,-0.987838,0.00180588,0.771967,0.517432,-0.985723,0.000967517,0.781755,0.496299,-0.992085,0.0016754,0.75884,0.480354,-0.985155,0.00144291,0.785186,0.450974,-0.98945,0.00108475,0.766209,0.401317,-0.992088,0.00166,0.808329,0.363989,-0.989763,0.000832581,0.784555,0.406413,-0.990554,0.00187225,0.797455,0.369752,-0.989599,0.000945719,0.796037,0.34944,-0.988667,0.00152991,0.806041,0.332061,-0.994811,0.00148555,0.843395,0.342788,-0.993963,0.00195715,0.87378,0.346251,-0.98855,0.00118768,0.923371,0.357038,-0.989738,0.00141365,0.923288,0.363108,-0.990461,0.00163254,0.839285,0.352437,-0.988531,0.00178194,0.852516,0.333276,-0.988099,0.00155777,0.832761,0.335289,-0.987959,0.00138833,0.7,0,-1,-0.00747346,-0.032677,-0.0784953,0.227991,-0.316956,1.4024,0.999802,-0.016154,-0.0116139,0.0002432,0.00447705,-0.0549421,-0.0173385,0,0,-0.388898,0.45,1,5,0.785398,0,0,0,0.0112274,0.178317,0.0408986,0.229781,0.985348,-0.340378,0.00261208,0.178851,0.0356974,0.54911,0.300064,0.481182,0.225235,nan,nan,nan,nan,nan,nan,nan,nan,0.104834,-0.187732,1.23899,727.517,427.936,651.61,323.538,-3,2.9173,-2,0.066126,-0.302386,1.5407,-0.0422433,-1.12935,0.208712
4.28,0.999823,-0.0180498,-0.00432109,0.00309547,0.0534924,-0.0834918,0.00707774,0.726351,0.394561,-0.891698,-0.062371,0.0860521,-0.12067,0.749627,0.274109,-0.972086,0.00382211,0.713084,0.387572,-0.982735,0.00172299,0.724051,0.431405,-0.981341,0.000208801,0.737231,0.456641,-0.985382,0.00080332,0.704534,0.430705,-0.973856,0.000985766,0.697484,0.43596,-0.985586,0.0015365,0.653505,0.463872,-0.980059,0.00142903,0.695,0.471029,-0.986653,0.00140153,0.680252,0.480715,-0.984236,0.00100194,0.695858,0.516291,-0.972207,0.000482171,0.698149,0.48918,-0.979968,0.000166744,0.715907,0.535076,-0.97927,0.000310147,0.703457,0.577277,-0.968625,0.00172915,0.723518,0.562069,-0.983521,0.000922746,0.715328,0.55265,-0.985811,0.00219115,0.692249,0.553137,-0.995013,5.84789e-05,0.681273,0.509957,-0.978923,0.000397274,0.694041,0.525654,-0.975306,0.00127108,0.688773,0.561345,-0.986592,0.000875028,0.661507,0.553941,-0.996998,0.000392699,0.677426,0.592607,-0.983991,0.00118889,0.70576,0.625446,-0.984978,6.94296e-05,0.696849,0.619114,-0.980426,0.00149693,0.681338,0.629543,-0.97429,0.00165971,0.685038,0.633027,-0.9803,0.000793109,0.658432,0.608744,-0.9693,0.00177095,0.666467,0.602719,-0.979811,0.00106701,0.657022,0.621043,-0.983706,0.000957662,0.700037,0.658103,-0.973598,-0.000230033,0.705448,0.683491,-0.979346,-0.000395076,0.690529,0.678027,-0.97998,0.000729239,0.655599,0.624337,-0.989565,0.00119333,0.665784,0.64671,-0.984058,0.000198987,0.660357,0.656588,-0.983241,0.00147163,0.673797,0.669652,-0.966108,0.0012362,0.700804,0.65886,-0.977,0.000416779,0.713091,0.63006,-0.970474,0.000223521,0.71938,0.682483,-0.980771,-0.00103715,0.704007,0.68469,-0.98337,0.00143607,0.711519,0.63781,-0.98216,0.00212023,0.666427,0.661237,-0.981342,0.000784454,0.645689,0.625483,-0.980876,-6.03995e-05,0.672308,0.651424,-0.987017,0.000809279,0.684714,0.64792,-0.984546,-9.22882e-05,0.699614,0.630289,-0.98764,5.73941e-05,0.707857,0.636024,-0.985116,0.000591373,0.731687,0.638928,-0.983143,0.000776867,0.736188,0.637912,-0.98771,4.66651e-05,0.730891,0.638186,-0.986272,0.000523333,0.716864,0.608542,-0.986578,0.00129523,0.740036,0.603707,-0.987628,0.000947255,0.75376,0.568938,-0.991302,0.00179847,0.754349,0.525205,-0.986088,0.00109429,0.755367,0.524926,-0.9923,0.00152295,0.763071,0.527718,-0.985875,0.00138635,0.78808,0.447492,-0.989464,0.00107237,0.765653,0.419822,-0.992323,0.00175764,0.781167,0.416841,-0.988623,0.000878096,0.807337,0.39403,-0.991022,0.00194467,0.79297,0.386201,-0.991729,0.000795832,0.802217,0.367434,-0.989514,0.00150936,0.797692,0.372601,-0.996596,0.00130924,0.852092,0.355997,-0.995372,0.00196852,0.888735,0.378695,-0.989431,0.00123518,0.922547,0.386929,-0.988135,0.0014922,0.914548,0.389554,-0.988761,0.00160587,0.846006,0.35377,-0.988051,0.0018577,0.836112,0.345535,-0.987695,0.0016565,0.839575,0.337318,-0.988653,0.00131968,0.834434,0.32359,-0.988635,0.00153714,0.7,0,-1,-0.00329146,-0.0527549,-0.0783113,0.17382,-0.387282,1.36981,0.999766,-0.0197286,-0.0088633,-0.00036578,-0.0248061,-0.0459418,-0.0174581,0,0,-0.388901,0.45,1,5,0.785398,0,0,0,0.0111001,0.178357,0.0408712,-0.665167,0.0102604,-0.735225,-0.00527696,0.183047,0.0358657,0.557828,0.29169,0.478405,0.227683,nan,nan,nan,nan,nan,nan,nan,nan,0.0631984,-0.14041,1.20037,727.16,423.785,648.265,326.898,-2.99173,2.9821,-2,0.0720351,-0.296839,1.58199,0.154743,0.351174,-0.0661623
4.3,0.999826,-0.01778,-0.00464835,0.0031348,0.059958,-0.0727708,0.00844019,0.726155,0.3956,-0.892656,-0.0631751,0.0820656,-0.121302,0.684348,0.385399,-0.982467,0.00182939,0.704864,0.397072,-0.982103,0.00026153,0.71123,0.415136,-0.986238,0.000941534,0.694339,0.409581,-0.973176,0.000918984,0.694595,0.410939,-0.983961,0.00137595,0.690138,0.455215,-0.978738,0.00166248,0.710421,0.431047,-0.985235,0.00152041,0.667602,0.457966,-0.985268,0.00102833,0.673612,0.50151,-0.972224,0.000617821,0.702781,0.505817,-0.979904,0.000255202,0.727933,0.527585,-0.977068,0.000347262,0.72476,0.557894,-0.968589,0.00184065,0.726447,0.547894,-0.983436,0.00111436,0.708592,0.560676,-0.984476,0.00219876,0.714622,0.536654,-0.995521,0.000277671,0.697535,0.529565,-0.978319,0.000553434,0.672003,0.539295,-0.974283,0.00126612,0.703317,0.561805,-0.985863,0.000806262,0.681116,0.549372,-0.996578,0.000137421,0.689938,0.608133,-0.984196,0.00117809,0.720749,0.60274,-0.983982,-2.87226e-05,0.701084,0.617843,-0.980671,0.00151964,0.667525,0.619105,-0.974793,0.00165913,0.67126,0.612071,-0.979633,0.000945693,0.660737,0.63685,-0.969624,0.00179667,0.646275,0.646054,-0.979894,0.000848974,0.687141,0.644031,-0.985559,0.00097877,0.696466,0.635765,-0.973631,-0.000351991,0.711166,0.664375,-0.977548,-4.77944e-05,0.690406,0.663972,-0.979694,0.00074111,0.664763,0.630602,-0.988608,0.0010204,0.653112,0.619267,-0.984621,0.000115476,0.673354,0.628365,-0.983231,0.00157933,0.672494,0.676425,-0.966575,0.00130491,0.692168,0.672265,-0.976612,0.000147112,0.713026,0.63804,-0.970212,0.000201294,0.71873,0.697296,-0.979699,-0.00102227,0.724164,0.678107,-0.985441,0.00138265,0.709529,0.690744,-0.981144,0.00215866,0.679613,0.66845,-0.980863,0.000835469,0.633472,0.643975,-0.981013,-0.000142189,0.650943,0.648932,-0.986081,0.000713222,0.692105,0.634779,-0.984795,-4.00552e-05,0.713182,0.63188,-0.984903,1.98233e-05,0.69861,0.651697,-0.984552,0.000647688,0.71339,0.657825,-0.98245,0.000654894,0.710054,0.664573,-0.987839,0.000235904,0.738847,0.640676,-0.98655,0.000617523,0.699622,0.652877,-0.986968,0.00122213,0.733486,0.614159,-0.988769,0.000870644,0.730781,0.563047,-0.99283,0.00189215,0.769299,0.532214,-0.986363,0.00110893,0.764911,0.550102,-0.991666,0.00150575,0.779498,0.546193,-0.986407,0.00134023,0.791927,0.492241,-0.988711,0.000998553,0.783857,0.448569,-0.991388,0.0018999,0.805962,0.437699,-0.988275,0.000735031,0.792003,0.398804,-0.991653,0.00208916,0.800473,0.39864,-0.992666,0.00066512,0.803983,0.385117,-0.990274,0.00159299,0.80219,0.360142,-0.996217,0.00152524,0.836755,0.395033,-0.99578,0.00220135,0.862472,0.421138,-0.991477,0.00112861,0.892748,0.379488,-0.98684,0.00157457,0.890704,0.394496,-0.989494,0.00163759,0.840052,0.38403,-0.988087,0.00202337,0.841837,0.341109,-0.98623,0.0016732,0.819487,0.349379,-0.988695,0.00123457,0.804301,0.354784,-0.988864,0.00158323,0.858763,0.328793,-0.98766,0.00165542,0.7,0,-1,-0.0294138,-0.0237233,-0.0671921,0.107101,-0.304739,1.40904,0.999864,-0.0155319,-0.00546004,-7.55866e-05,-0.0467784,-0.0294298,-0.0202053,0,0,-0.38655,0.45,1,5,0.785398,0,0,0,0.0106731,0.178498,0.0408151,0.339923,-2.16649,-0.129249,0.00718627,0.180657,0.0361343,0.545242,0.30011,0.48291,0.217938,nan,nan,nan,nan,nan,nan,nan,nan,0.0411046,-0.127423,1.1926,723.513,423.361,647.025,323.641,-3,2.99119,-2,0.0768316,-0.290161,1.64428,-0.0402058,-0.199329,-0.0315968
4.32,0.999831,-0.0172869,-0.00532355,0.00314406,0.0155697,-0.0401544,-0.00356162,0.725613,0.398535,-0.895613,-0.0681114,0.0928064,-0.123415,0.679487,0.399052,-0.981772,0.00028364,0.706752,0.37401,-0.985261,0.000819665,0.715469,0.371035,-0.973472,0.000940561,0.698007,0.41278,-0.983733,0.00135335,0.711541,0.436118,-0.977863,0.00195243,0.693985,0.395423,-0.984403,0.00165093,0.661281,0.454281,-0.984736,0.000954982,0.672582,0.470829,-0.973129,0.000704997,0.714736,0.488116,-0.981692,0.000353899,0.729991,0.489576,-0.978666,0.000104057,0.738207,0.537196,-0.969585,0.0018117,0.729634,0.507171,-0.982486,0.000942006,0.704651,0.5449,-0.982566,0.00212151,0.692769,0.544288,-0.996889,0.000360669,0.699203,0.542515,-0.978298,0.000553221,0.691925,0.53994,-0.97425,0.00136627,0.691033,0.555007,-0.987993,0.000929202,0.697894,0.539075,-0.99537,5.27133e-05,0.714983,0.575158,-0.98447,0.00116159,0.721095,0.607825,-0.985529,-8.65032e-05,0.665807,0.61222,-0.979081,0.00145364,0.665758,0.594122,-0.97516,0.00188439,0.669706,0.596029,-0.979036,0.000735046,0.657116,0.632178,-0.968324,0.0017941,0.665873,0.643717,-0.97962,0.000957468,0.705617,0.636559,-0.984977,0.00102103,0.705676,0.588789,-0.973345,-0.000292087,0.726139,0.637011,-0.976665,-0.000130732,0.68505,0.651565,-0.979321,0.000835985,0.666341,0.653827,-0.989013,0.000979838,0.67575,0.635033,-0.983453,0.000199858,0.6841,0.598021,-0.982646,0.00151083,0.664055,0.65953,-0.967085,0.00130899,0.701054,0.643578,-0.976955,0.000275101,0.74469,0.649589,-0.969996,0.000149949,0.729404,0.67422,-0.978235,-0.000871978,0.716903,0.694087,-0.985098,0.00134196,0.705925,0.696625,-0.980801,0.00198311,0.68885,0.68799,-0.98068,0.000976702,0.644852,0.681492,-0.979558,-0.000365416,0.652146,0.659204,-0.988133,0.000619935,0.661966,0.653534,-0.985196,-1.1566e-05,0.712772,0.632518,-0.983729,8.93621e-05,0.686297,0.673283,-0.986343,0.000975202,0.698895,0.658335,-0.981612,0.000374597,0.683585,0.663771,-0.98943,0.0003717,0.735784,0.652947,-0.987243,0.000856644,0.678473,0.619522,-0.987745,0.001049,0.714175,0.612477,-0.98909,0.000782106,0.708209,0.572315,-0.992001,0.00198502,0.749896,0.538045,-0.986378,0.000960697,0.745586,0.551967,-0.991421,0.00154859,0.764554,0.530382,-0.986707,0.00155625,0.785204,0.505959,-0.988208,0.000873865,0.777903,0.483163,-0.990307,0.00181143,0.813246,0.461037,-0.988983,0.00089747,0.807697,0.402951,-0.992086,0.00227762,0.814258,0.390982,-0.992176,0.000702295,0.798922,0.385583,-0.989356,0.00158055,0.816129,0.377754,-0.996369,0.00149585,0.828944,0.424311,-0.996622,0.00249447,0.875519,0.443917,-0.991811,0.00115213,0.909542,0.39739,-0.986247,0.00147475,0.905265,0.397373,-0.989815,0.00155413,0.845951,0.354696,-0.990911,0.00209699,0.819387,0.343864,-0.985458,0.00156864,0.817336,0.360243,-0.987108,0.00137066,0.791772,0.3382,-0.989602,0.0014877,0.824906,0.343421,-0.985513,0.00178039,0.861563,0.33516,-0.989257,0.00174007,0.7,0,-1,-0.0291401,-0.0249989,-0.065335,0.157598,-0.264979,1.40118,0.999877,-0.0135053,-0.00803418,-9.92886e-05,-0.0247134,0.010615,-0.0139191,0,0,-0.387687,0.45,1,5,0.785398,0,0,0,0.010499,0.178744,0.0407864,-1.84679,-1.46505,-0.342288,0.00548854,0.19368,0.0365089,0.557162,0.291212,0.491675,0.210697,nan,nan,nan,nan,nan,nan,nan,nan,0.0615445,-0.00896467,1.16886,725.352,420.193,653.158,318.756,-3,3,-2,0.0881833,-0.283185,1.61197,-0.246814,0.537041,-0.105608
4.34,0.999829,-0.0172564,-0.00592106,0.00312832,0.00305877,-0.0516706,0.00204006,0.72535,0.400316,-0.89759,-0.0642468,0.0908299,-0.111486,0.691434,0.370663,-0.985272,0.000687097,0.728346,0.370365,-0.975361,0.00105562,0.714979,0.391342,-0.983569,0.00119046,0.690927,0.394086,-0.977507,0.00187888,0.684476,0.40095,-0.985556,0.00162279,0.669782,0.440598,-0.984995,0.00110547,0.653994,0.473846,-0.973541,0.000791441,0.696227,0.462062,-0.982395,0.000438812,0.736972,0.507698,-0.977721,8.82019e-05,0.73272,0.499673,-0.969966,0.00169292,0.705226,0.504023,-0.981687,0.000740421,0.710891,0.539008,-0.982497,0.00211,0.726717,0.53597,-0.996336,0.0005997,0.705234,0.535279,-0.978561,0.000377522,0.677347,0.50637,-0.974439,0.0014494,0.679075,0.538008,-0.9862,0.00074602,0.685498,0.533668,-0.99695,3.44075e-05,0.707897,0.580832,-0.986221,0.00123682,0.682256,0.58488,-0.98617,-6.31477e-05,0.666203,0.597503,-0.978536,0.00119162,0.673122,0.58208,-0.975202,0.00181918,0.685592,0.591367,-0.978755,0.000816613,0.680498,0.636935,-0.969422,0.0016445,0.654793,0.633712,-0.97837,0.00103154,0.682692,0.647741,-0.98421,0.000991603,0.714116,0.633503,-0.972912,-0.000217389,0.704074,0.644121,-0.975469,-7.37478e-05,0.680072,0.651468,-0.978823,0.000794867,0.645366,0.664195,-0.989364,0.000991553,0.661501,0.624491,-0.983461,0.000289153,0.63747,0.62302,-0.982644,0.00135113,0.66417,0.616289,-0.966619,0.00122111,0.685594,0.647754,-0.977585,0.000190989,0.739245,0.653603,-0.971242,7.67785e-06,0.741163,0.691231,-0.978042,-0.000889539,0.699124,0.678814,-0.983895,0.00133321,0.718289,0.69425,-0.979938,0.00176157,0.683729,0.688342,-0.978279,0.00102141,0.672009,0.65745,-0.980367,-0.000531724,0.687073,0.67845,-0.987758,0.000747529,0.676808,0.668307,-0.98525,-7.19377e-05,0.718067,0.654729,-0.983363,8.53204e-05,0.687782,0.663522,-0.984981,0.0010287,0.690185,0.661071,-0.981425,0.000522798,0.677399,0.657472,-0.989079,0.000436115,0.730829,0.645155,-0.986698,0.000891018,0.720864,0.641578,-0.987997,0.000826896,0.70631,0.615006,-0.988116,0.000823487,0.729938,0.612102,-0.991479,0.00195221,0.760465,0.576322,-0.984884,0.000788262,0.735161,0.550166,-0.992345,0.00157795,0.774042,0.565686,-0.987318,0.00148657,0.798961,0.523566,-0.989196,0.000745846,0.787342,0.485038,-0.991305,0.00175727,0.825272,0.473655,-0.989195,0.000681005,0.800383,0.419405,-0.991316,0.00255072,0.786728,0.395348,-0.992789,0.000666435,0.785573,0.372292,-0.990434,0.00172206,0.838921,0.372057,-0.993987,0.00138965,0.848775,0.413898,-0.996012,0.00242274,0.834834,0.418744,-0.991462,0.00129037,0.890939,0.393919,-0.985869,0.00151029,0.87122,0.389312,-0.988149,0.00167739,0.843359,0.370051,-0.989874,0.00215122,0.81378,0.362769,-0.985414,0.00156108,0.812417,0.349429,-0.986418,0.00140303,0.795917,0.359267,-0.988867,0.00156334,0.819966,0.350767,-0.986397,0.00176248,0.806904,0.345317,-0.990205,0.00188745,0.889717,0.308898,-0.989619,0.00172777,0.7,0,-1,-0.0134661,-0.0780688,-0.0661036,0.142355,-0.389386,1.39692,0.999777,-0.0198464,-0.0072375,0.000805938,0.0100195,-0.0408206,-0.0168077,0,0,-0.385953,0.45,1,5,0.785398,0,0,0,0.0106023,0.178848,0.0407494,-0.54764,-0.238133,0.268378,0.025532,0.165688,0.0366677,0.521622,0.323604,0.484174,0.214415,nan,nan,nan,nan,nan,nan,nan,nan,0.0445844,-0.0466847,1.21539,715.729,451.814,651.059,316.338,-2.99055,3,-2,0.0987254,-0.28482,1.54927,0.193232,-0.0988252,0.596409
4.36,0.999826,-0.017266,-0.00629375,0.00313515,0.00193733,-0.0249574,0.00455063,0.72508,0.402048,-0.899532,-0.0713812,0.0751471,-0.114435,0.73521,0.302808,-0.975436,0.00102193,0.721926,0.351886,-0.982503,0.00102527,0.707203,0.352332,-0.977194,0.00203685,0.701815,0.377195,-0.986736,0.00163409,0.666502,0.393726,-0.9847,0.00115655,0.691569,0.45915,-0.971629,0.000732294,0.695095,0.468687,-0.981739,0.000355656,0.719936,0.506027,-0.978446,-4.13002e-05,0.708182,0.493108,-0.969332,0.00157098,0.702636,0.479347,-0.978844,0.000769269,0.695547,0.509985,-0.983621,0.00210731,0.717906,0.525557,-0.995834,0.000414783,0.68156,0.553449,-0.977482,0.00054485,0.668452,0.49557,-0.974283,0.00138195,0.671722,0.515353,-0.984819,0.000585511,0.682038,0.538631,-0.996797,5.50317e-05,0.726404,0.59444,-0.987179,0.00121525,0.68637,0.571343,-0.987255,-5.77848e-05,0.652006,0.591518,-0.980123,0.00120998,0.660819,0.591538,-0.975718,0.00199171,0.668185,0.599918,-0.979644,0.000851833,0.708041,0.603981,-0.969226,0.00165348,0.678127,0.642466,-0.977861,0.000863097,0.678567,0.646097,-0.984338,0.0010007,0.691417,0.632116,-0.9722,-9.83903e-05,0.674437,0.634864,-0.976139,-1.40872e-05,0.6977,0.620502,-0.979126,0.00109666,0.692999,0.661515,-0.988532,0.00110902,0.671603,0.639418,-0.984046,-1.48963e-06,0.636867,0.653037,-0.983198,0.00113759,0.676205,0.642385,-0.965426,0.00125158,0.676505,0.655683,-0.976997,0.000248599,0.720227,0.668669,-0.971957,-3.22281e-05,0.748378,0.710205,-0.978903,-0.00111216,0.727526,0.675523,-0.984105,0.00145352,0.724402,0.677164,-0.980968,0.00158292,0.681807,0.643314,-0.978435,0.00114355,0.670012,0.637849,-0.980638,-0.000356293,0.690932,0.688092,-0.989656,0.000710772,0.704512,0.666078,-0.984191,-0.00021472,0.723782,0.664048,-0.983477,0.000265043,0.71752,0.653342,-0.984678,0.000998617,0.672179,0.664035,-0.980431,0.000702368,0.670647,0.668897,-0.989881,0.000555611,0.710086,0.655474,-0.985843,0.0010177,0.713347,0.628177,-0.988267,0.00088646,0.703893,0.64014,-0.987784,0.000808802,0.69932,0.640749,-0.992343,0.00201657,0.737976,0.590673,-0.983842,0.000749576,0.739362,0.553571,-0.993056,0.00140472,0.779718,0.564385,-0.985168,0.00149003,0.785601,0.502341,-0.990148,0.000924899,0.754574,0.478024,-0.992222,0.00168657,0.790154,0.479504,-0.987014,0.000611356,0.797621,0.415842,-0.990737,0.00249934,0.786498,0.39664,-0.991742,0.000609734,0.77915,0.398351,-0.989491,0.00167046,0.80825,0.381683,-0.990421,0.00144797,0.864357,0.416156,-0.992773,0.00242757,0.843606,0.406026,-0.990239,0.00125299,0.851568,0.366254,-0.985181,0.00150839,0.859239,0.370579,-0.987052,0.00162807,0.817367,0.361082,-0.989155,0.00212084,0.780935,0.379295,-0.984605,0.00141057,0.803134,0.364159,-0.985259,0.0012632,0.786736,0.352845,-0.987675,0.00149794,0.816402,0.366208,-0.986066,0.00179949,0.830687,0.358625,-0.989576,0.001817,0.865098,0.318277,-0.98975,0.00158592,0.897084,0.310664,-0.98906,0.00161871,0.7,0,-1,0.0254339,-0.129838,-0.0611882,0.241957,-0.539132,1.40669,0.999546,-0.0274695,-0.0122761,0.00157398,-0.0158522,-0.016398,-0.0200566,0,0,-0.387506,0.45,1,5,0.785398,0,0,0,0.0106863,0.178806,0.0407304,-1.52815,1.29432,-0.00709227,0.0253656,0.168207,0.036652,0.524256,0.322441,0.486603,0.21352,nan,nan,nan,nan,nan,nan,nan,nan,0.0231253,-0.186666,1.1937,709.22,451.501,650.165,314.22,-3,2.94981,-2,0.103866,-0.282189,1.6296,-0.35672,-0.78414,-0.147448
4.38,0.999821,-0.0173986,-0.00670685,0.00319312,-0.031107,-0.0327963,0.0089644,0.724657,0.403736,-0.901562,-0.0714462,0.073436,-0.111676,0.709601,0.312671,-0.982535,0.00113521,0.717765,0.345428,-0.974347,0.00184416,0.695359,0.367547,-0.98612,0.00169639,0.686889,0.386601,-0.983785,0.00118042,0.703485,0.433769,-0.968397,0.000710407,0.700187,0.480869,-0.98017,0.000289091,0.734756,0.473916,-0.979279,-0.000276368,0.710578,0.463798,-0.968094,0.00144612,0.694226,0.438899,-0.977111,0.000914569,0.702235,0.490071,-0.982886,0.00229369,0.72007,0.497349,-0.996983,0.000678774,0.711416,0.535547,-0.979304,0.000621644,0.661031,0.504663,-0.974159,0.00120014,0.656725,0.527337,-0.984667,0.000520147,0.653939,0.551195,-0.997193,8.78745e-05,0.713054,0.546403,-0.987811,0.00120467,0.69125,0.559891,-0.98573,2.41727e-06,0.659408,0.57781,-0.981823,0.00124065,0.635411,0.622741,-0.974347,0.00189972,0.67291,0.590095,-0.979258,0.000576446,0.692558,0.603508,-0.968774,0.00168259,0.679243,0.605004,-0.978106,0.000870196,0.678775,0.639255,-0.984383,0.00100907,0.690982,0.609384,-0.972964,-0.000248989,0.692205,0.643582,-0.975067,1.47299e-05,0.697508,0.630457,-0.980646,0.00133543,0.687541,0.657835,-0.989055,0.00107898,0.655539,0.633147,-0.982897,-0.000113652,0.624717,0.639456,-0.983672,0.0012003,0.630666,0.623642,-0.965092,0.00123413,0.678637,0.64999,-0.977897,0.000169377,0.700816,0.671134,-0.973793,5.62851e-05,0.722667,0.700415,-0.980147,-0.00104673,0.715568,0.667638,-0.982507,0.00163825,0.712309,0.661775,-0.980092,0.00136151,0.667732,0.657192,-0.978119,0.0010979,0.654725,0.65548,-0.977769,-0.000474807,0.676579,0.685611,-0.991711,0.000771341,0.703193,0.67699,-0.984605,-0.000415673,0.70009,0.686247,-0.98378,0.000327513,0.695221,0.697938,-0.985278,0.000883993,0.674525,0.673329,-0.982163,0.000658602,0.647391,0.675058,-0.98898,0.000679935,0.703918,0.652018,-0.986146,0.00115229,0.715003,0.653838,-0.98689,0.000965105,0.701007,0.668302,-0.989176,0.000792989,0.737004,0.638028,-0.990885,0.00198072,0.748005,0.607538,-0.983281,0.000686871,0.760854,0.583086,-0.99238,0.00145801,0.768935,0.558517,-0.984104,0.00156232,0.775785,0.514968,-0.991042,0.00103941,0.772728,0.484081,-0.993111,0.00169458,0.805595,0.474598,-0.987585,0.000512219,0.798549,0.427134,-0.990307,0.00250977,0.791493,0.407601,-0.99175,0.000556934,0.773422,0.410197,-0.991062,0.00170704,0.802799,0.398613,-0.991899,0.00149023,0.821641,0.429004,-0.993394,0.00246443,0.843998,0.419171,-0.990081,0.00122289,0.824819,0.396919,-0.98338,0.00169214,0.843764,0.378992,-0.987543,0.00161854,0.824219,0.358859,-0.989042,0.00214,0.765333,0.385475,-0.984421,0.00123573,0.804238,0.354405,-0.985989,0.00120771,0.802702,0.357666,-0.986569,0.00153665,0.814214,0.368476,-0.986528,0.00180023,0.844115,0.378266,-0.990119,0.00204697,0.861318,0.311451,-0.98828,0.00140914,0.898137,0.299635,-0.990395,0.00146257,0.91009,0.299222,-0.990203,0.00173496,0.7,0,-1,-0.0406707,-0.012752,-0.0682517,0.137613,-0.260592,1.36139,0.999887,-0.0132822,-0.00701325,4.866e-05,-0.00820862,-0.00748413,-0.0144552,0,0,-0.385724,0.45,1,5,0.785398,0,0,0,0.010772,0.178743,0.0407034,2.26806,-1.66752,-0.103431,0.00605329,0.175945,0.0364035,0.542154,0.302084,0.477684,0.220974,nan,nan,nan,nan,nan,nan,nan,nan,0.0603343,-0.130133,1.18769,709.199,444.819,646.975,317.865,-3,2.9695,-2,0.109941,-0.282511,1.68205,-0.00325032,-0.0855532,0.137969
4.4,0.999814,-0.017852,-0.00657677,0.00328793,-0.00540121,-0.0109015,0.00898263,0.723821,0.406898,-0.905463,-0.0628955,0.077278,-0.1048,0.751238,0.317317,-0.973358,0.00190526,0.735712,0.322146,-0.986251,0.00171205,0.725424,0.385548,-0.983535,0.001236,0.705008,0.444469,-0.968914,0.00096979,0.729142,0.4645,-0.980987,0.000232609,0.756014,0.456409,-0.979721,-0.000305958,0.725755,0.425277,-0.967613,0.00150172,0.674491,0.413328,-0.977693,0.00082036,0.68508,0.469381,-0.982627,0.00228576,0.722975,0.494357,-0.997534,0.000653654,0.725068,0.513746,-0.977493,0.000665351,0.706393,0.505258,-0.972921,0.00125945,0.658875,0.507872,-0.983977,0.000453132,0.667381,0.559836,-0.996624,0.000112756,0.733674,0.550982,-0.987795,0.00108019,0.711255,0.557724,-0.98542,-0.000162211,0.672696,0.588037,-0.981825,0.00131591,0.618829,0.595334,-0.975018,0.00180151,0.663453,0.607451,-0.978737,0.000668956,0.658017,0.602981,-0.968556,0.00153953,0.653356,0.598324,-0.97868,0.000909918,0.642343,0.626606,-0.982353,0.00105483,0.66917,0.606542,-0.971591,-0.000198829,0.653607,0.627206,-0.974982,4.41686e-05,0.660459,0.606239,-0.979778,0.00154396,0.666482,0.653961,-0.98731,0.00117467,0.645124,0.640835,-0.981313,-0.00012426,0.64031,0.632978,-0.984848,0.000963253,0.653292,0.623496,-0.966423,0.00121563,0.674256,0.653686,-0.978762,0.000250055,0.702941,0.673595,-0.975463,0.000141762,0.700974,0.688822,-0.979625,-0.00103177,0.714182,0.698192,-0.98259,0.00170691,0.6976,0.657181,-0.981135,0.00127926,0.651308,0.631999,-0.978324,0.00100327,0.651325,0.642345,-0.976636,-0.000418056,0.680067,0.68565,-0.990464,0.000586879,0.724451,0.706425,-0.982804,-0.000510823,0.701211,0.708068,-0.982408,0.000248612,0.693949,0.707756,-0.986954,0.000862417,0.667303,0.681067,-0.983443,0.000643516,0.678255,0.662642,-0.988991,0.000829372,0.705975,0.662515,-0.987697,0.00121925,0.696578,0.677251,-0.986354,0.000739437,0.689145,0.69025,-0.987081,0.000752055,0.741817,0.65209,-0.992443,0.00186184,0.74769,0.607933,-0.983345,0.000678698,0.766329,0.58508,-0.992705,0.00152507,0.782079,0.557678,-0.983821,0.00152898,0.757999,0.535809,-0.990517,0.00122927,0.737471,0.516692,-0.992242,0.00176574,0.749722,0.499281,-0.986805,0.00060238,0.758621,0.457996,-0.990255,0.00252685,0.806297,0.416566,-0.992936,0.000605264,0.781167,0.439757,-0.990345,0.00160054,0.806722,0.452122,-0.992838,0.0016275,0.821796,0.440921,-0.993085,0.00264725,0.831848,0.432964,-0.990184,0.00116981,0.799385,0.394533,-0.984364,0.00172928,0.818268,0.399816,-0.988881,0.00175771,0.783965,0.379006,-0.988005,0.00197883,0.794251,0.373672,-0.983417,0.00126135,0.793535,0.363567,-0.98425,0.0013121,0.808047,0.357046,-0.98588,0.00153327,0.824697,0.367838,-0.987495,0.00184564,0.865226,0.363063,-0.988396,0.00201903,0.867801,0.309684,-0.990107,0.00150951,0.890102,0.302623,-0.99102,0.00143969,0.899768,0.296949,-0.991132,0.00148313,0.934408,0.312902,-0.989468,0.00188611,0.7,0,-1,-0.0401338,-0.0138706,-0.0663443,0.141363,-0.24086,1.38348,0.999899,-0.0122769,-0.00720449,5.33623e-05,0.031985,-0.00229954,-0.0196863,0,0,-0.385399,0.45,1,5,0.785398,0,0,0,0.0107613,0.178728,0.0406297,0.711129,-2.05371,0.0965259,-0.00438457,0.197424,0.0360342,0.564029,0.27882,0.485529,0.213218,nan,nan,nan,nan,nan,nan,nan,nan,0.119175,-0.069481,1.22966,732.571,432.326,646.794,315.266,-2.96822,3,-2,0.10972,-0.294832,1.54342,0.427534,0.192097,0.343814
4.42,0.999815,-0.0174978,-0.00718183,0.00338926,0.0570947,-0.0761074,0.011806,0.723533,0.408241,-0.90732,-0.0690991,0.0689085,-0.100635,0.771873,0.324678,-0.986495,0.00180256,0.729037,0.365446,-0.983547,0.00112732,0.730064,0.399069,-0.966482,0.000905833,0.745908,0.433697,-0.981482,0.000320858,0.749018,0.401932,-0.979551,-0.00032011,0.716534,0.395884,-0.967706,0.00156391,0.697228,0.42877,-0.978055,0.00056794,0.700614,0.449543,-0.983504,0.00228761,0.734096,0.48263,-0.99699,0.000720949,0.7372,0.48853,-0.976528,0.000702608,0.70783,0.503816,-0.971156,0.00133455,0.680478,0.493194,-0.982784,0.000484632,0.701072,0.51966,-0.994586,0.000157577,0.723026,0.545809,-0.990247,0.00109524,0.700368,0.567879,-0.983224,-0.000233329,0.649592,0.5741,-0.981761,0.00111234,0.621589,0.585693,-0.974811,0.00156992,0.67294,0.582675,-0.979489,0.000707339,0.66208,0.618487,-0.96704,0.00153073,0.655524,0.590522,-0.976831,0.000879666,0.641558,0.623739,-0.981944,0.00106573,0.671948,0.599078,-0.971572,-0.0002421,0.66005,0.620063,-0.972551,2.34097e-05,0.656645,0.629184,-0.979397,0.00139128,0.628479,0.631256,-0.986566,0.00128415,0.608144,0.624143,-0.979811,-0.00018973,0.656978,0.63217,-0.985627,0.000782629,0.672011,0.633526,-0.967162,0.00107815,0.684029,0.662711,-0.977448,0.00038458,0.707633,0.690541,-0.974957,0.00024784,0.683426,0.69149,-0.979617,-0.00121769,0.696075,0.686183,-0.981249,0.00162328,0.706249,0.686563,-0.981337,0.0010471,0.678474,0.659452,-0.978054,0.000995565,0.661906,0.654878,-0.977117,-0.000376639,0.693004,0.690506,-0.990932,0.000485667,0.692461,0.706488,-0.983958,-0.000366482,0.673887,0.725148,-0.983056,0.000262622,0.696019,0.710968,-0.987244,0.000925307,0.693788,0.664373,-0.984005,0.000952822,0.669765,0.65764,-0.986567,0.000821187,0.717404,0.689435,-0.988325,0.00137493,0.716845,0.705667,-0.986183,0.000640166,0.726674,0.658811,-0.985792,0.000660052,0.73838,0.658387,-0.991423,0.00171632,0.742301,0.586589,-0.984182,0.000557089,0.711813,0.587837,-0.993058,0.00149223,0.739521,0.564045,-0.985441,0.00155625,0.704388,0.556544,-0.990768,0.00122086,0.735581,0.534425,-0.992162,0.00194783,0.729049,0.530187,-0.986841,0.000568553,0.751995,0.479315,-0.989062,0.00252711,0.774184,0.448117,-0.993005,0.000331969,0.742526,0.473993,-0.98925,0.0015495,0.793224,0.467866,-0.993551,0.00176583,0.787286,0.458264,-0.992782,0.00254191,0.827384,0.458715,-0.988861,0.00149269,0.80268,0.412669,-0.984353,0.00167796,0.797925,0.422371,-0.990371,0.00155074,0.769936,0.370592,-0.987784,0.00204976,0.758541,0.394641,-0.984173,0.0013131,0.769875,0.373386,-0.984988,0.00127718,0.807247,0.356354,-0.98485,0.00156308,0.815738,0.379051,-0.988251,0.00187614,0.837255,0.345395,-0.988997,0.00200254,0.830895,0.304853,-0.988507,0.00156388,0.900685,0.29302,-0.989843,0.00138336,0.881344,0.309785,-0.990806,0.00158705,0.897212,0.337126,-0.990938,0.00180724,0.880157,0.30708,-0.989522,0.00190762,0.7,0,-1,-0.0284248,-0.0416668,-0.0683334,0.100961,-0.332209,1.35051,0.999843,-0.0169315,-0.00514089,0.000256528,-0.0227964,0.00387939,-0.0148892,0,0,-0.386244,0.45,1,5,0.785398,0,0,0,0.0106941,0.178903,0.0405692,1.59966,-3.03188,-0.349114,0.00328,0.188081,0.0358657,0.552761,0.291604,0.485439,0.215497,nan,nan,nan,nan,nan,nan,nan,nan,0.0100061,-0.150058,1.2213,729.602,427.057,646.633,314.079,-3,2.98682,-2,0.118787,-0.286643,1.60876,-0.31018,-0.418471,0.208236
4.44,0.999823,-0.0166634,-0.00796749,0.00347593,0.0492216,-0.05679,-0.0020076,0.723031,0.410183,-0.910017,-0.060083,0.0792821,-0.0992199,0.69714,0.367664,-0.984421,0.00100574,0.7104,0.377118,-0.965018,0.000744308,0.746695,0.372497,-0.981945,0.000179497,0.718256,0.378845,-0.978475,-0.000387037,0.721408,0.376845,-0.969397,0.00163887,0.700753,0.404734,-0.978527,0.000425132,0.683957,0.418303,-0.984075,0.00217527,0.756741,0.449947,-0.996242,0.000559233,0.736815,0.470154,-0.97534,0.000781894,0.735888,0.468043,-0.971903,0.00144975,0.689278,0.487254,-0.982613,0.000528604,0.725399,0.498647,-0.997097,0.000281786,0.682581,0.531619,-0.991958,0.00101503,0.696372,0.538538,-0.982763,-8.16635e-05,0.666323,0.565239,-0.980702,0.00117421,0.642488,0.592699,-0.974447,0.00151401,0.664393,0.583438,-0.979543,0.000809691,0.692071,0.580284,-0.968123,0.00159642,0.649574,0.590102,-0.977023,0.000983003,0.649332,0.647408,-0.983658,0.00117316,0.648891,0.618584,-0.970847,-0.000203846,0.667663,0.621671,-0.971094,0.00027092,0.665656,0.647167,-0.981242,0.00131925,0.649854,0.638706,-0.986569,0.00108614,0.642028,0.649149,-0.979314,-0.000294659,0.64832,0.636299,-0.986577,0.000913347,0.658396,0.638866,-0.965987,0.00103167,0.675481,0.651435,-0.978178,0.000501078,0.686148,0.692634,-0.973833,0.000180023,0.679922,0.704292,-0.980748,-0.000966581,0.699563,0.687762,-0.978997,0.00157993,0.697724,0.667815,-0.983352,0.000966655,0.644398,0.648109,-0.978247,0.000961907,0.669582,0.6537,-0.977032,-0.000504781,0.659216,0.701535,-0.99149,0.000589452,0.672078,0.717151,-0.982554,-0.000399366,0.678834,0.727284,-0.982509,0.000361268,0.679335,0.703012,-0.9887,0.00128021,0.653785,0.672221,-0.983019,0.000979271,0.671735,0.675962,-0.988372,0.000573784,0.697567,0.705235,-0.987405,0.00140116,0.720824,0.700652,-0.986567,0.000671885,0.716004,0.679257,-0.986655,0.000789093,0.723401,0.656034,-0.993034,0.00182111,0.720868,0.608009,-0.982771,0.000534044,0.716584,0.609299,-0.991889,0.0016162,0.737962,0.575611,-0.985449,0.00147208,0.71818,0.575492,-0.991009,0.00136434,0.714409,0.546888,-0.990933,0.00189282,0.717442,0.543254,-0.987908,0.000725921,0.739608,0.476858,-0.988389,0.00231661,0.773554,0.453707,-0.992776,0.000154195,0.760851,0.475448,-0.989652,0.00174887,0.764454,0.460938,-0.99408,0.00186921,0.801247,0.471585,-0.993338,0.00261087,0.822835,0.453869,-0.987844,0.00146142,0.799871,0.428157,-0.983265,0.00157755,0.781146,0.43006,-0.989286,0.00167492,0.770441,0.367479,-0.986766,0.00197394,0.749937,0.397903,-0.985196,0.00142244,0.762101,0.382986,-0.984849,0.00128049,0.801613,0.371608,-0.985674,0.00164878,0.787029,0.399334,-0.988013,0.00183306,0.81691,0.373547,-0.988974,0.00202833,0.852901,0.313131,-0.985637,0.00157776,0.910547,0.334929,-0.990828,0.00143725,0.886911,0.318479,-0.989483,0.00146002,0.889358,0.321495,-0.991017,0.00202034,0.88147,0.310382,-0.99015,0.00175646,0.883078,0.324793,-0.988137,0.00209013,0.7,0,-1,0.0134797,-0.106905,-0.0569215,0.185028,-0.4633,1.40692,0.999677,-0.0236015,-0.00941783,0.000288691,-0.100298,-0.017802,-0.0102165,0,0,-0.386026,0.45,1,5,0.785398,0,0,0,0.0103848,0.179154,0.0405286,-2.22562,-0.752161,-0.291673,-0.00915379,0.190966,0.0364287,0.56398,0.28116,0.477948,0.221512,nan,nan,nan,nan,nan,nan,nan,nan,0.0667932,-0.0748483,1.23773,732.656,419.734,644.396,318.585,-2.96807,3,-2,0.131465,-0.27251,1.62028,0.450806,0.51868,0.0707489
4.46,0.999824,-0.0165347,-0.00818919,0.00345219,0.028844,-0.048149,-0.00602956,0.722855,0.410781,-0.910898,-0.0641676,0.0750454,-0.0972372,0.711712,0.338742,-0.963386,0.000829526,0.727912,0.367861,-0.982051,0.000159063,0.702709,0.386102,-0.978455,-0.000518426,0.739975,0.371422,-0.96726,0.00154426,0.70718,0.384991,-0.978145,0.0005444,0.694467,0.359694,-0.984369,0.00205149,0.726648,0.440027,-0.997074,0.000375583,0.735101,0.441865,-0.975469,0.000825121,0.75749,0.460793,-0.972139,0.00142852,0.696846,0.490159,-0.981185,0.000613729,0.708142,0.510537,-0.997378,0.000310606,0.695476,0.529631,-0.990115,0.000919016,0.685234,0.512826,-0.981412,-7.11051e-07,0.694739,0.534063,-0.983019,0.00127257,0.672983,0.573019,-0.973065,0.00138334,0.660308,0.57515,-0.978056,0.000644818,0.677454,0.59797,-0.965511,0.00161604,0.632303,0.570936,-0.975495,0.000727206,0.634021,0.619326,-0.98381,0.00127152,0.650787,0.630478,-0.969935,-0.000125392,0.681429,0.635246,-0.971605,0.000257171,0.678647,0.661363,-0.981367,0.00139969,0.664067,0.665301,-0.987483,0.000882512,0.654296,0.661324,-0.976803,-0.000406694,0.645626,0.638338,-0.987369,0.000786777,0.626962,0.629956,-0.965612,0.000970929,0.667999,0.632864,-0.977419,0.000470011,0.680821,0.674353,-0.973076,1.42926e-05,0.674737,0.646879,-0.980246,-0.000969181,0.681834,0.612283,-0.978725,0.00163946,0.646286,0.665371,-0.985683,0.0010035,0.61342,0.657032,-0.978063,0.00106975,0.666377,0.688263,-0.977443,-0.000328153,0.675175,0.700648,-0.993685,0.000563109,0.678468,0.739498,-0.981783,-0.000417377,0.681217,0.731454,-0.982827,0.000193448,0.686812,0.706605,-0.991345,0.00132877,0.691222,0.708604,-0.9829,0.000877076,0.693618,0.699513,-0.987077,0.000565115,0.704533,0.700721,-0.986672,0.00118694,0.737918,0.695042,-0.986574,0.000863097,0.732922,0.689424,-0.988674,0.000751798,0.730255,0.659062,-0.993503,0.00172903,0.700532,0.598939,-0.98211,0.000454094,0.702107,0.586991,-0.990227,0.00141703,0.748267,0.576324,-0.984251,0.00142914,0.729394,0.557053,-0.989924,0.00145351,0.707455,0.561797,-0.988859,0.0018583,0.720417,0.583986,-0.986782,0.000679352,0.741433,0.490989,-0.987151,0.00232553,0.764621,0.489721,-0.993256,0.000230012,0.756752,0.499834,-0.988791,0.00166666,0.762547,0.503498,-0.995007,0.00177129,0.824705,0.4605,-0.992909,0.00269426,0.812531,0.472593,-0.987697,0.0013808,0.804894,0.454701,-0.984437,0.00144265,0.763365,0.404939,-0.989268,0.00161916,0.734838,0.360801,-0.986613,0.00200018,0.735788,0.405594,-0.985568,0.00143381,0.750553,0.407574,-0.983983,0.00126843,0.791159,0.399323,-0.985377,0.00163134,0.786261,0.408193,-0.990478,0.00208133,0.82831,0.365994,-0.988687,0.00217515,0.83183,0.331597,-0.987229,0.00148811,0.849937,0.322559,-0.989592,0.00132856,0.859908,0.307847,-0.987753,0.00161557,0.892671,0.277969,-0.991671,0.00206439,0.884142,0.309447,-0.991025,0.00171017,0.884319,0.33896,-0.987618,0.00218473,0.868458,0.328527,-0.987696,0.0021168,0.7,0,-1,-0.0104376,-0.0983123,-0.0623812,0.210814,-0.362919,1.36776,0.999771,-0.0184949,-0.0107343,0.000369027,-0.00732751,0.028363,-0.0142935,0,0,-0.388169,0.45,1,5,0.785398,0,0,0,0.0100999,0.179261,0.0405208,-0.861847,-1.52864,-0.120898,0.00851512,0.191935,0.0367632,0.554524,0.295322,0.492809,0.210019,nan,nan,nan,nan,nan,nan,nan,nan,0.105335,-0.022678,1.22833,730.138,418.786,654.411,314.728,-3,3,-2,0.135751,-0.27173,1.57975,-0.20423,-0.211835,0.0991378
4.48,0.999822,-0.0165832,-0.00836938,0.00343417,-0.0105054,-0.0392639,-0.00436157,0.722677,0.411335,-0.911763,-0.0619372,0.0765886,-0.0931734,0.712271,0.350404,-0.983189,0.000220969,0.697292,0.33644,-0.978924,-0.000532636,0.743627,0.337296,-0.967176,0.00137537,0.696542,0.346044,-0.977938,0.000659412,0.709493,0.342697,-0.985134,0.00183978,0.724283,0.388565,-0.994696,6.74092e-05,0.707898,0.433499,-0.973496,0.000849897,0.734936,0.436449,-0.971222,0.00140706,0.706008,0.470901,-0.980024,0.000678679,0.713347,0.48868,-0.997178,0.00028535,0.708133,0.521186,-0.990523,0.000812916,0.664941,0.525181,-0.981277,-8.53567e-05,0.713321,0.538132,-0.983318,0.00118481,0.674074,0.557618,-0.972788,0.00127147,0.689016,0.581087,-0.977649,0.000621614,0.697819,0.581677,-0.96557,0.00169207,0.634742,0.581867,-0.975763,0.000621958,0.647628,0.620593,-0.984654,0.00133815,0.639846,0.627678,-0.96833,9.56658e-06,0.646223,0.631077,-0.972131,0.000200235,0.673725,0.661424,-0.979293,0.00146412,0.689402,0.650019,-0.985615,0.000837975,0.65827,0.644323,-0.977381,-0.000400593,0.65951,0.612037,-0.987883,0.000889695,0.632509,0.63623,-0.964301,0.00093204,0.667682,0.6357,-0.977604,0.000661441,0.70346,0.660647,-0.973716,-7.51097e-05,0.697185,0.648483,-0.981345,-0.000942157,0.664714,0.643235,-0.979426,0.00170216,0.662332,0.681938,-0.986853,0.00104012,0.627587,0.662945,-0.977987,0.001322,0.675747,0.682566,-0.976751,-0.000306995,0.672915,0.698264,-0.995905,0.000620843,0.664805,0.711848,-0.984954,-0.000465213,0.675308,0.709351,-0.98336,0.000178968,0.718227,0.703685,-0.991821,0.00116326,0.689383,0.689002,-0.981846,0.000940601,0.700956,0.711043,-0.98923,0.000679281,0.702066,0.711485,-0.98873,0.000987768,0.731685,0.70959,-0.986831,0.000859099,0.719629,0.691482,-0.986448,0.000665624,0.701372,0.6595,-0.990969,0.00170082,0.700761,0.623459,-0.98029,0.00052968,0.703982,0.613125,-0.989031,0.00137569,0.726823,0.586732,-0.982243,0.00131904,0.676844,0.560547,-0.992674,0.00168689,0.692803,0.549351,-0.991505,0.00178087,0.711482,0.580873,-0.987093,0.000655625,0.741793,0.540961,-0.984932,0.002345,0.750208,0.519415,-0.991117,0.000279959,0.725466,0.52039,-0.987843,0.00175326,0.756897,0.514349,-0.996018,0.00166684,0.786061,0.469661,-0.993177,0.00266288,0.789785,0.484615,-0.987319,0.00155406,0.782327,0.460109,-0.983074,0.00145894,0.756013,0.43223,-0.990725,0.00155074,0.750957,0.419766,-0.986535,0.00200745,0.766662,0.431361,-0.984511,0.00136296,0.787133,0.464242,-0.983275,0.00130924,0.799452,0.422341,-0.985524,0.00151173,0.794444,0.404452,-0.989972,0.00194883,0.803304,0.392823,-0.9877,0.00232583,0.837269,0.350792,-0.986806,0.00155066,0.883808,0.348091,-0.988498,0.00139132,0.891831,0.324709,-0.986893,0.00169785,0.904168,0.259923,-0.993265,0.00207135,0.870194,0.291214,-0.992314,0.00167679,0.856367,0.35265,-0.987652,0.00197091,0.885948,0.372313,-0.986059,0.00209273,0.869866,0.330827,-0.990812,0.00200114,0.7,0,-1,0.0493362,-0.0879555,-0.0639758,0.264128,-0.386016,1.38258,0.999716,-0.019673,-0.0134427,0.000636676,0.0612509,0.00660944,-0.0185228,0,0,-0.388261,0.45,1,5,0.785398,0,0,0,0.0102115,0.179607,0.0404985,-1.28826,-1.01428,0.450483,0.030427,0.187237,0.0374799,0.536516,0.314947,0.504359,0.19722,nan,nan,nan,nan,nan,nan,nan,nan,0.0514045,-0.0549487,1.26579,723.391,440.895,667.361,307.495,-3,3,-2,0.141164,-0.277331,1.4346,0.111516,0.0771604,0.20319
4.5,0.999808,-0.0169715,-0.00917607,0.00331525,-0.0109323,-0.0410282,-0.00146146,0.721733,0.413653,-0.915428,-0.0697249,0.0624219,-0.0960215,0.739708,0.324344,-0.978641,-0.000334737,0.726219,0.315092,-0.967358,0.00165794,0.683348,0.320795,-0.977236,0.000752967,0.689748,0.349547,-0.984036,0.00186804,0.718746,0.354686,-0.992446,0.000237374,0.703959,0.396421,-0.971361,0.00100336,0.719573,0.42679,-0.970545,0.00166247,0.712319,0.427248,-0.978336,0.000669215,0.720597,0.435756,-0.996921,0.00011701,0.712216,0.463754,-0.990099,0.000755094,0.660522,0.463938,-0.982802,-0.000289778,0.714771,0.525576,-0.982151,0.00106614,0.680854,0.548515,-0.971617,0.00135319,0.679515,0.558386,-0.97755,0.000498121,0.673806,0.58379,-0.966538,0.00167498,0.687589,0.591161,-0.975743,0.000655816,0.670226,0.602863,-0.983078,0.00143642,0.650771,0.632432,-0.967394,-0.000198536,0.639556,0.624973,-0.970336,0.000138343,0.66286,0.650807,-0.97936,0.00149848,0.651462,0.632375,-0.987081,0.00101189,0.658229,0.637266,-0.977802,-0.000548436,0.672446,0.605991,-0.988235,0.000880704,0.670691,0.636228,-0.965909,0.0008897,0.69133,0.645131,-0.978499,0.000659842,0.661895,0.657196,-0.97381,-2.5116e-05,0.710469,0.665829,-0.980938,-0.000867749,0.676951,0.64035,-0.981389,0.00164319,0.676127,0.686261,-0.986713,0.00109865,0.646737,0.669595,-0.978436,0.00132633,0.6727,0.692889,-0.976143,-0.000510167,0.68787,0.69958,-0.996249,0.000697189,0.66259,0.696004,-0.984687,-0.000434669,0.647887,0.714056,-0.984473,0.000102221,0.691112,0.691971,-0.993413,0.0010775,0.687864,0.658978,-0.980136,0.000884358,0.69283,0.711698,-0.98732,0.000645718,0.710256,0.700273,-0.989314,0.00105563,0.740028,0.701967,-0.987661,0.00072838,0.737611,0.691499,-0.984398,0.000722822,0.706336,0.674383,-0.991784,0.00168969,0.696763,0.635815,-0.980373,0.000555595,0.695376,0.628621,-0.988406,0.00136152,0.719028,0.604394,-0.982477,0.00148555,0.692075,0.607234,-0.992403,0.00170614,0.69872,0.595573,-0.992308,0.00190903,0.722236,0.582652,-0.986102,0.000538225,0.726698,0.55142,-0.985161,0.00214385,0.750498,0.532198,-0.991767,0.000242435,0.728932,0.512659,-0.987803,0.00160722,0.772126,0.503697,-0.996016,0.00156831,0.773772,0.477759,-0.991899,0.00262169,0.748847,0.509501,-0.987971,0.00164221,0.725334,0.481539,-0.98195,0.00141154,0.748916,0.468277,-0.990651,0.00148243,0.742744,0.466845,-0.984807,0.00197847,0.781355,0.483269,-0.98371,0.00158093,0.752542,0.453027,-0.985377,0.00132175,0.775617,0.455222,-0.984099,0.00185345,0.789738,0.42495,-0.991882,0.00189325,0.791442,0.435893,-0.986616,0.00214923,0.84633,0.386153,-0.985151,0.00153137,0.854326,0.350949,-0.989341,0.00129498,0.878366,0.319791,-0.988351,0.00167916,0.883173,0.277609,-0.992965,0.00197166,0.860699,0.297091,-0.992226,0.00145029,0.868368,0.33803,-0.987652,0.00198414,0.883682,0.364041,-0.983819,0.00206308,0.848538,0.303734,-0.991761,0.00221673,0.863138,0.318599,-0.991476,0.00213572,0.7,0,-1,0.0497871,-0.0886227,-0.0623439,0.32617,-0.456522,1.37034,0.999592,-0.0232559,-0.0165975,0.000515004,0.00334723,0.0274594,-0.016628,0,0,-0.388272,0.45,1,5,0.785398,0,0,0,0.0104776,0.179586,0.0404611,2.06479,-0.189088,0.528511,0.0154875,0.165015,0.0373911,0.531799,0.320529,0.478699,0.224099,nan,nan,nan,nan,nan,nan,nan,nan,0.0631287,-0.207883,1.23563,717.038,448.085,660.185,322.004,-3,2.95748,-2,0.154277,-0.283092,1.45604,-0.389384,-0.708338,-0.142408
4.52,0.999807,-0.0170794,-0.00911897,0.00330633,-0.0236048,0.0137491,-0.00145302,0.721542,0.41411,-0.916197,-0.0648257,0.066178,-0.0876688,0.721332,0.292692,-0.968654,0.00171584,0.7095,0.287562,-0.979159,0.00059461,0.734111,0.320952,-0.984382,0.00200038,0.71256,0.347552,-0.991057,0.000104148,0.687267,0.381357,-0.971461,0.000872144,0.705036,0.390438,-0.971918,0.00179597,0.716273,0.388065,-0.977547,0.000647894,0.703059,0.402794,-0.997754,3.0082e-05,0.698886,0.432582,-0.99243,0.00089778,0.701245,0.463375,-0.984055,-0.000266002,0.722854,0.520236,-0.981841,0.00124844,0.720585,0.548047,-0.971481,0.00146047,0.684335,0.540637,-0.978506,0.000544049,0.699616,0.570344,-0.968001,0.00189854,0.706547,0.577489,-0.976874,0.000541601,0.669147,0.60261,-0.983171,0.00151224,0.654109,0.62449,-0.966254,-0.000256399,0.640595,0.595501,-0.970308,4.9218e-05,0.659168,0.613312,-0.978954,0.00153529,0.648464,0.620685,-0.986936,0.00093117,0.643787,0.633743,-0.97777,-0.000599611,0.694071,0.588366,-0.987501,0.000820275,0.660596,0.623573,-0.964505,0.000892182,0.661694,0.633632,-0.979869,0.000659296,0.683271,0.64215,-0.974016,-0.000270704,0.664313,0.635967,-0.979678,-0.000790757,0.667166,0.645198,-0.981603,0.00164738,0.642662,0.675182,-0.985793,0.00117587,0.668035,0.667581,-0.977583,0.00144109,0.667226,0.697382,-0.976185,-0.000655192,0.669538,0.685738,-0.997383,0.00071335,0.671381,0.717555,-0.985526,-0.000599298,0.669848,0.717231,-0.985133,-1.02631e-05,0.689154,0.689154,-0.992788,0.00110957,0.675853,0.647634,-0.979502,0.000932813,0.687638,0.685355,-0.986136,0.000476749,0.73123,0.711233,-0.989508,0.00104547,0.733805,0.68885,-0.987453,0.000821392,0.741643,0.704189,-0.984925,0.00076262,0.736395,0.709789,-0.990822,0.00158609,0.677664,0.643832,-0.978235,0.000463132,0.69399,0.667538,-0.988926,0.00127685,0.704434,0.608083,-0.983655,0.00160585,0.688193,0.615044,-0.990663,0.00188341,0.695033,0.596353,-0.992092,0.00200255,0.704646,0.594574,-0.987118,0.000392327,0.695286,0.564211,-0.984165,0.00212175,0.733186,0.560096,-0.991807,0.000427105,0.735895,0.529999,-0.986315,0.00168574,0.756038,0.495627,-0.993321,0.00149939,0.770249,0.482807,-0.993388,0.00259451,0.792214,0.497215,-0.988223,0.00153927,0.763776,0.495287,-0.983875,0.00127707,0.753935,0.505828,-0.989034,0.00141088,0.732486,0.461774,-0.984249,0.0018905,0.74492,0.45796,-0.984533,0.00151163,0.737598,0.484982,-0.984396,0.00147979,0.749363,0.447176,-0.983392,0.00165241,0.795203,0.416748,-0.99188,0.00201163,0.774336,0.434403,-0.986098,0.00219361,0.82299,0.390089,-0.985527,0.00138588,0.841418,0.364918,-0.988662,0.00120776,0.859228,0.318265,-0.988438,0.00148016,0.881323,0.299708,-0.991876,0.0019297,0.872953,0.311728,-0.990259,0.00124239,0.845021,0.339311,-0.988872,0.00203625,0.856709,0.347836,-0.982408,0.0018638,0.859768,0.381065,-0.992718,0.00234276,0.860299,0.304294,-0.993186,0.00209774,0.846587,0.290402,-0.993126,0.00196577,0.7,0,-1,-0.00639709,-0.0762441,-0.0365862,0.182013,-0.299346,1.4443,0.999841,-0.0152579,-0.00927162,0.00027327,-0.0529197,-0.00813427,-0.0171244,0,0,-0.385939,0.45,1,5,0.785398,0,0,0,0.0103358,0.179468,0.0404132,0.976072,-0.960126,0.434647,-0.0161693,0.177848,0.0369792,0.560004,0.285814,0.462955,0.234981,nan,nan,nan,nan,nan,nan,nan,nan,0.0693106,-0.032834,1.23997,728.341,437.038,650.31,336.604,-2.99088,3,-2,0.153721,-0.285635,1.43456,0.244961,0.187804,0.417637
4.54,0.99981,-0.0172337,-0.00852598,0.00331912,-0.0150941,0.081588,0.00213777,0.721197,0.414921,-0.917714,-0.0568697,0.0664167,-0.0893812,0.724929,0.266299,-0.980623,0.000716701,0.714117,0.265647,-0.985667,0.00214079,0.710396,0.319053,-0.990666,1.95938e-05,0.698773,0.394884,-0.970846,0.00082192,0.715985,0.394636,-0.972643,0.00184458,0.70211,0.394293,-0.977639,0.000763247,0.687958,0.390253,-0.997718,-1.6854e-05,0.673264,0.425039,-0.993143,0.000925667,0.687445,0.469261,-0.984014,-0.000178002,0.731529,0.518645,-0.982576,0.00134089,0.740893,0.538589,-0.970188,0.00110672,0.711612,0.55396,-0.97723,0.000594454,0.718184,0.558904,-0.968291,0.0019078,0.709303,0.600051,-0.97701,0.000474766,0.659575,0.606714,-0.985047,0.00144206,0.661329,0.6062,-0.966474,-0.000137626,0.676427,0.599125,-0.96985,3.69325e-05,0.64409,0.613314,-0.979868,0.00145755,0.642405,0.616244,-0.988533,0.000967172,0.665788,0.630993,-0.975443,-0.000629792,0.668498,0.601363,-0.987128,0.0007322,0.643579,0.621311,-0.964256,0.000955672,0.654913,0.615431,-0.978917,0.000515938,0.655773,0.653144,-0.97402,-0.000290393,0.670719,0.642796,-0.979706,-0.000851895,0.6823,0.681515,-0.981036,0.00170735,0.643463,0.673933,-0.984624,0.00104414,0.666476,0.651993,-0.976723,0.00142753,0.654874,0.657625,-0.977042,-0.000695969,0.666228,0.68383,-0.996961,0.000563543,0.666414,0.736853,-0.98577,-0.000507411,0.64891,0.729621,-0.986459,-0.000107846,0.694925,0.695116,-0.994074,0.00109599,0.683798,0.663508,-0.978967,0.000956602,0.706043,0.677582,-0.984564,0.000405595,0.732523,0.728545,-0.989647,0.00103172,0.749581,0.702308,-0.988004,0.000659358,0.741742,0.709936,-0.983619,0.00072334,0.733091,0.680703,-0.992683,0.00175102,0.702761,0.658407,-0.977858,0.000515119,0.689027,0.686654,-0.987874,0.00132096,0.71926,0.64345,-0.981781,0.00166245,0.708552,0.636154,-0.990799,0.00196417,0.69002,0.604176,-0.991279,0.00202034,0.709696,0.606199,-0.988498,0.000488896,0.757142,0.591543,-0.983742,0.00216359,0.756273,0.571439,-0.990812,0.0005142,0.724742,0.549168,-0.985772,0.00167115,0.72806,0.533474,-0.995066,0.00160763,0.764776,0.514193,-0.99073,0.00261015,0.754927,0.49096,-0.987651,0.00168884,0.754768,0.504897,-0.98357,0.00114146,0.761548,0.507844,-0.98989,0.00138129,0.736324,0.503383,-0.98265,0.00206363,0.736375,0.478016,-0.982857,0.00154512,0.741824,0.499948,-0.985693,0.00167939,0.729546,0.435491,-0.982139,0.00159614,0.799283,0.44428,-0.99102,0.00209193,0.801168,0.464074,-0.985641,0.00251568,0.831747,0.415726,-0.984155,0.0012909,0.820665,0.363807,-0.988428,0.0014766,0.823067,0.326019,-0.98758,0.00148968,0.853075,0.317904,-0.99157,0.00212319,0.850021,0.313483,-0.989204,0.00105359,0.826895,0.327574,-0.989382,0.00200122,0.841003,0.369633,-0.981553,0.00187372,0.869933,0.363472,-0.992939,0.0022732,0.840978,0.303065,-0.992206,0.00211298,0.812596,0.273489,-0.993453,0.00204773,0.802044,0.313496,-0.993876,0.00205168,0.7,0,-1,0.020897,-0.0905909,-0.0499583,0.191697,-0.432869,1.38863,0.999709,-0.0220469,-0.00977365,-0.000382927,-0.0145953,-0.0208377,-0.0175002,0,0,-0.387592,0.45,1,5,0.785398,0,0,0,0.0101904,0.17938,0.0403899,-1.17239,-0.859183,-0.266501,-0.00742038,0.172934,0.0367926,0.550974,0.296106,0.466672,0.233272,nan,nan,nan,nan,nan,nan,nan,nan,0.0694151,-0.129191,1.23094,725.943,432.041,643.952,336.06,-2.96529,3,-2,0.141921,-0.284488,1.54381,0.3978,0.0119369,-0.0856198
4.56,0.999814,-0.0172163,-0.00799573,0.00338563,0.0136305,0.0254579,0.00492689,0.720822,0.415743,-0.919346,-0.0614437,0.0611347,-0.0931728,0.698946,0.252252,-0.985787,0.00214119,0.725414,0.299741,-0.990221,9.78379e-05,0.700324,0.375888,-0.970428,0.000834622,0.712873,0.373484,-0.971888,0.00196909,0.708354,0.4026,-0.977581,0.000725265,0.706409,0.393897,-0.997875,5.60725e-07,0.707001,0.390061,-0.991686,0.00106934,0.699345,0.452467,-0.983758,-0.000319187,0.740366,0.476907,-0.981676,0.00124557,0.728374,0.517042,-0.971,0.000965454,0.72928,0.545259,-0.977047,0.000512546,0.715057,0.549277,-0.968411,0.0020493,0.695358,0.585443,-0.977855,0.000419505,0.676098,0.608866,-0.98602,0.00141601,0.666464,0.619251,-0.964542,-0.000117023,0.656385,0.613582,-0.968403,2.9096e-05,0.638227,0.609229,-0.979905,0.00143535,0.625881,0.608607,-0.98701,0.000834068,0.675599,0.592455,-0.97528,-0.000521182,0.684888,0.610884,-0.985479,0.000768037,0.672597,0.590873,-0.96413,0.000793417,0.657674,0.600181,-0.977955,0.000524693,0.635193,0.642517,-0.973375,-0.000229205,0.634553,0.648187,-0.980117,-0.000896367,0.672471,0.658268,-0.980161,0.00185507,0.642849,0.646565,-0.984344,0.00105109,0.654696,0.675563,-0.973662,0.00141265,0.652227,0.653803,-0.975694,-0.000805722,0.665399,0.693991,-0.997577,0.000412695,0.671954,0.713174,-0.983989,-0.000538962,0.663371,0.735393,-0.987055,2.99221e-05,0.672926,0.69869,-0.993418,0.0012586,0.657445,0.678803,-0.980335,0.00106569,0.701513,0.673483,-0.983369,0.000345256,0.730852,0.703308,-0.987436,0.000879673,0.70702,0.688231,-0.987668,0.00056362,0.708356,0.676342,-0.984711,0.00088109,0.714771,0.693811,-0.991307,0.00150157,0.692957,0.676439,-0.978053,0.000763931,0.6968,0.686985,-0.989946,0.00142651,0.698159,0.658369,-0.981077,0.00180808,0.704454,0.619935,-0.989694,0.0019547,0.650934,0.615874,-0.989733,0.00213846,0.720385,0.623536,-0.98942,0.000508552,0.720415,0.606981,-0.983322,0.00215469,0.716911,0.597461,-0.990413,0.000502742,0.732392,0.573567,-0.984969,0.00152964,0.73193,0.554702,-0.993372,0.00157757,0.755954,0.522493,-0.988973,0.00270255,0.745972,0.524473,-0.988866,0.00160929,0.756776,0.523319,-0.984127,0.00108352,0.752686,0.513676,-0.991972,0.00134257,0.727626,0.520266,-0.982644,0.00216196,0.723266,0.486131,-0.982813,0.00144771,0.734299,0.516737,-0.983696,0.00154933,0.716398,0.490323,-0.982018,0.00142496,0.766478,0.447357,-0.991207,0.00212823,0.816505,0.47644,-0.98552,0.00222409,0.820689,0.425954,-0.984724,0.00132079,0.817177,0.396384,-0.987726,0.00162171,0.835653,0.355038,-0.988026,0.00145157,0.804457,0.345119,-0.99189,0.0020339,0.825011,0.309846,-0.989713,0.00112885,0.801156,0.332828,-0.991842,0.00199229,0.830996,0.326977,-0.981485,0.00197592,0.853079,0.363816,-0.993784,0.00225269,0.791856,0.319846,-0.992833,0.00221568,0.830546,0.281054,-0.994794,0.00190278,0.814253,0.315376,-0.993276,0.00192194,0.79977,0.33274,-0.993446,0.00204539,0.7,0,-1,0.020897,-0.0905909,-0.0499583,0.191697,-0.432869,1.38863,0.999709,-0.0220469,-0.00977365,-0.000382927,-0.0364099,-0.0348776,-0.0155864,0,0,-0.385218,0.45,1,5,0.785398,0,0,0,0.00981969,0.179026,0.040327,2.47207,-3.00468,-0.756805,-0.00663098,0.177272,0.036613,0.551766,0.291879,0.468938,0.228288,nan,nan,nan,nan,nan,nan,nan,nan,0.0297865,-0.156148,1.21578,724.354,426.93,639.82,333.991,-3,3,-2,0.131736,-0.281156,1.63275,-0.228702,-0.264101,-0.18958
4.58,0.999834,-0.0161879,-0.00768218,0.00344906,0.0594679,0.0119539,-0.00308515,0.71994,0.417263,-0.922519,-0.0591493,0.0522994,-0.0922348,0.761962,0.320019,-0.99171,8.69601e-05,0.709215,0.326811,-0.969983,0.000670398,0.720655,0.336045,-0.971107,0.00189072,0.700596,0.360638,-0.977272,0.000620483,0.708399,0.347617,-0.997894,-8.99453e-05,0.693915,0.368646,-0.992418,0.00102634,0.703252,0.42698,-0.982864,-7.76767e-05,0.713449,0.479873,-0.981489,0.00106478,0.720382,0.510244,-0.970274,0.000922597,0.737888,0.535971,-0.976364,0.000559997,0.696873,0.560066,-0.967615,0.00219395,0.686314,0.587976,-0.977978,0.000449779,0.678875,0.597519,-0.984531,0.00140182,0.6753,0.608526,-0.964475,-0.000116044,0.647002,0.598023,-0.968665,0.000221099,0.653937,0.589047,-0.97913,0.00126768,0.662518,0.568511,-0.987561,0.000883868,0.657266,0.561035,-0.975499,-0.0003658,0.677395,0.56123,-0.985234,0.000976964,0.664648,0.554914,-0.966946,0.000887017,0.676244,0.610094,-0.978294,0.000434329,0.645928,0.625736,-0.972138,-0.00036498,0.649158,0.642745,-0.980426,-0.000974666,0.671325,0.637791,-0.981007,0.00177354,0.667939,0.673621,-0.984618,0.00133265,0.673372,0.647164,-0.973736,0.00152073,0.664336,0.643988,-0.976503,-0.00108707,0.681358,0.697514,-0.996632,0.000388748,0.709266,0.679751,-0.984019,-0.000339088,0.67173,0.698455,-0.987481,-1.26359e-05,0.6768,0.727458,-0.996086,0.00118807,0.693268,0.69883,-0.981209,0.00114754,0.698681,0.669381,-0.982869,0.000176828,0.730061,0.710719,-0.988971,0.00101454,0.734167,0.669609,-0.986369,0.000634499,0.703557,0.66902,-0.985144,0.000829774,0.72543,0.667331,-0.990337,0.00162448,0.712809,0.683534,-0.977232,0.0010408,0.70712,0.685639,-0.989518,0.00135748,0.719026,0.666518,-0.980676,0.00176029,0.688448,0.614935,-0.98872,0.00185208,0.680678,0.593033,-0.989197,0.00202441,0.703545,0.620704,-0.991101,0.00055888,0.71814,0.599367,-0.984758,0.00212524,0.734731,0.611722,-0.991161,0.000761634,0.733146,0.590726,-0.984994,0.00139058,0.76152,0.57021,-0.992413,0.00170607,0.762919,0.534013,-0.989072,0.00277398,0.759987,0.546545,-0.987349,0.00172051,0.736961,0.540097,-0.983877,0.00106274,0.732074,0.536431,-0.993451,0.00122992,0.738184,0.502395,-0.981062,0.0020593,0.706523,0.477911,-0.984182,0.00138189,0.721027,0.496949,-0.982819,0.00155606,0.740227,0.489444,-0.982229,0.00151872,0.768469,0.469833,-0.989992,0.00211364,0.788547,0.474037,-0.98608,0.00242776,0.805988,0.442966,-0.983358,0.00143004,0.803603,0.391738,-0.988386,0.00185134,0.814849,0.410753,-0.987603,0.00149038,0.801728,0.376351,-0.991043,0.00196797,0.799078,0.336834,-0.99173,0.00109557,0.80786,0.331429,-0.992625,0.00182567,0.822045,0.343061,-0.982027,0.00205782,0.843791,0.342828,-0.992251,0.00227512,0.801689,0.338619,-0.994161,0.00223994,0.817792,0.32814,-0.994023,0.00189108,0.833535,0.355671,-0.992989,0.00204426,0.804711,0.352446,-0.994131,0.00194765,0.804634,0.34003,-0.993939,0.00207848,0.7,0,-1,0.00392651,-0.121054,-0.0386577,0.19184,-0.48863,1.44978,0.999642,-0.0248921,-0.00975515,0.00061515,-0.0183139,-0.00482267,-0.0159878,0,0,-0.387916,0.45,1,5,0.785398,0,0,0,0.00943767,0.178787,0.0403163,0.455603,-1.33816,-0.608958,0.000500867,0.168091,0.0372432,0.543084,0.306269,0.469085,0.231329,nan,nan,nan,nan,nan,nan,nan,nan,0.0762433,-0.192431,1.23547,720.823,429.952,636.758,333.45,-3,2.98211,-2,0.12587,-0.262889,1.67729,0.114722,-0.441762,0.0469014
4.6,0.999838,-0.0159526,-0.00763495,0.00341804,0.0528178,0.0111403,-0.0072465,0.719734,0.417613,-0.923342,-0.0592575,0.0628209,-0.0896873,0.707355,0.342296,-0.970406,0.000790351,0.721678,0.324648,-0.971348,0.00172105,0.677895,0.340697,-0.976118,0.000578431,0.704231,0.353373,-0.998427,-0.000279945,0.728814,0.356588,-0.992988,0.000975843,0.701686,0.407096,-0.982292,-0.000259761,0.748294,0.454548,-0.980813,0.00103514,0.695322,0.512912,-0.971087,0.00062662,0.755844,0.511739,-0.976861,0.000425239,0.711717,0.569427,-0.967568,0.00231288,0.703109,0.55857,-0.977383,0.000384202,0.685657,0.575852,-0.985165,0.00141631,0.676193,0.61182,-0.96485,-0.000147974,0.631134,0.593347,-0.967678,0.000269827,0.646099,0.575112,-0.979801,0.00128787,0.647121,0.557872,-0.988076,0.000906225,0.669765,0.553524,-0.977212,-0.000414509,0.701872,0.552027,-0.987157,0.00110692,0.649063,0.54902,-0.966132,0.000775183,0.661728,0.632767,-0.977422,0.00046201,0.642477,0.605762,-0.970331,-0.000332966,0.622875,0.615916,-0.978641,-0.00105168,0.641623,0.643674,-0.979967,0.00191881,0.646909,0.62379,-0.984031,0.00130773,0.670086,0.647863,-0.974536,0.00142693,0.674296,0.630496,-0.974695,-0.00121399,0.657619,0.630495,-0.997976,0.000489397,0.701996,0.686254,-0.983415,-0.000361788,0.660143,0.700001,-0.989379,-0.000168227,0.670112,0.713292,-0.9968,0.00131059,0.650936,0.712883,-0.980607,0.00121516,0.700437,0.69496,-0.979148,0.000234328,0.709634,0.702028,-0.988815,0.0011254,0.706954,0.67423,-0.986087,0.000506762,0.710638,0.657922,-0.984563,0.000904598,0.743126,0.667283,-0.989882,0.00128573,0.715365,0.693342,-0.977603,0.00120863,0.725465,0.684649,-0.987654,0.00147178,0.708655,0.676547,-0.981931,0.00178393,0.727802,0.641804,-0.988833,0.00188118,0.679234,0.611159,-0.990032,0.00202728,0.703922,0.599763,-0.990343,0.000660022,0.676681,0.597359,-0.984516,0.00212283,0.732601,0.62521,-0.991037,0.000720871,0.70663,0.609055,-0.983001,0.0012982,0.756469,0.562917,-0.992517,0.00164595,0.761075,0.553689,-0.988561,0.00280138,0.738165,0.572701,-0.987226,0.00172612,0.75152,0.558369,-0.983746,0.00118295,0.737346,0.509154,-0.993138,0.0012633,0.716503,0.517836,-0.979319,0.00228563,0.699289,0.501114,-0.984612,0.00132228,0.699407,0.516927,-0.982154,0.00149607,0.676004,0.492467,-0.980863,0.00144159,0.762202,0.465745,-0.990773,0.00208076,0.792994,0.486292,-0.984628,0.00227205,0.810258,0.43924,-0.98086,0.00138314,0.792619,0.425019,-0.989342,0.00184072,0.796881,0.426606,-0.987153,0.00153451,0.802523,0.377487,-0.990857,0.0020891,0.794137,0.383033,-0.993783,0.000985039,0.799582,0.365282,-0.992606,0.00186079,0.833467,0.345032,-0.985387,0.00212251,0.835331,0.331309,-0.992443,0.00217565,0.799029,0.324756,-0.993307,0.00219752,0.819401,0.332137,-0.99309,0.00205904,0.821714,0.345643,-0.992805,0.00172637,0.780374,0.329549,-0.995311,0.00204821,0.784632,0.334031,-0.993775,0.00217838,0.796614,0.350153,-0.993674,0.00188491,0.7,0,-1,0.0082752,-0.146752,-0.0485967,0.175334,-0.476251,1.3835,0.999666,-0.0242596,-0.0089274,0.000141765,-0.00188358,-0.0200957,-0.0159209,0,0,-0.384663,0.45,1,5,0.785398,0,0,0,0.00916032,0.178673,0.0403194,-1.15523,-0.759314,-0.348486,0.0144807,0.178087,0.038365,0.53861,0.307428,0.482136,0.210477,nan,nan,nan,nan,nan,nan,nan,nan,0.0463333,-0.0475249,1.21914,716.958,431.445,642.359,326.053,-3,3,-2,0.124878,-0.258648,1.69036,-0.00541192,0.526072,0.127375
4.62,0.999842,-0.0157287,-0.00772116,0.00308156,0.00282648,-0.0299411,-0.0206929,0.718691,0.418773,-0.926174,-0.0663655,0.0446038,-0.0767464,0.702142,0.290858,-0.971929,0.00186669,0.686562,0.348489,-0.977144,0.000477182,0.713682,0.317266,-0.99847,-0.000480891,0.722189,0.336624,-0.995513,0.00102978,0.703385,0.393101,-0.983691,-0.000246669,0.743706,0.457338,-0.979676,0.00123975,0.718436,0.502565,-0.969997,0.000601139,0.736568,0.51463,-0.975494,0.000427519,0.708975,0.549014,-0.968096,0.00233349,0.6968,0.536796,-0.977858,0.000445586,0.68058,0.571829,-0.982935,0.00138465,0.642583,0.583155,-0.96486,-0.000185409,0.627956,0.575275,-0.968666,0.000142165,0.654675,0.545861,-0.980523,0.0015049,0.650616,0.534551,-0.987667,0.00100606,0.682777,0.555538,-0.976139,-0.000597647,0.673574,0.550281,-0.987486,0.00114564,0.621646,0.547593,-0.963689,0.000737979,0.654788,0.611781,-0.977559,0.000613136,0.638687,0.594652,-0.970706,-0.000408516,0.609721,0.625701,-0.9774,-0.000952088,0.60905,0.617319,-0.979272,0.00202496,0.676304,0.622253,-0.985067,0.000968728,0.667878,0.628883,-0.976084,0.00141018,0.680075,0.612622,-0.973523,-0.00128356,0.644386,0.616465,-0.996549,0.000475996,0.675433,0.689271,-0.982254,-0.000346368,0.664214,0.699585,-0.987344,-0.000261744,0.682682,0.697517,-0.997512,0.00137141,0.67837,0.716773,-0.978873,0.00148957,0.722843,0.721171,-0.978845,0.000423855,0.712113,0.699113,-0.986925,0.000924089,0.726518,0.677048,-0.986372,0.000520192,0.704709,0.665944,-0.984924,0.00126294,0.723065,0.677863,-0.990868,0.00139659,0.745452,0.688079,-0.978746,0.00138415,0.700703,0.692951,-0.986788,0.00144794,0.726756,0.660137,-0.982194,0.00183657,0.723996,0.675812,-0.987377,0.00180734,0.724315,0.616231,-0.990799,0.0020644,0.72467,0.634714,-0.988377,0.000546721,0.677316,0.581943,-0.983954,0.00210114,0.690538,0.633267,-0.991268,0.000644135,0.732484,0.634179,-0.982738,0.00136616,0.769126,0.587995,-0.990866,0.00141399,0.75502,0.56307,-0.988479,0.00271735,0.727987,0.580598,-0.986019,0.00185053,0.748985,0.587862,-0.982355,0.00122987,0.742089,0.53596,-0.994548,0.0012607,0.738056,0.537614,-0.979341,0.00220005,0.713831,0.541694,-0.98339,0.00117642,0.68363,0.542441,-0.979977,0.00159834,0.675503,0.526754,-0.982532,0.00134988,0.747098,0.501912,-0.993296,0.00195772,0.769662,0.498494,-0.984989,0.00231634,0.771241,0.43259,-0.981069,0.00150871,0.784787,0.443843,-0.989448,0.00187008,0.777088,0.436264,-0.987042,0.0013847,0.772281,0.422854,-0.990702,0.00206057,0.782915,0.382291,-0.994915,0.00114396,0.778174,0.351924,-0.992953,0.00185962,0.805389,0.363797,-0.98344,0.00203106,0.817496,0.348484,-0.993355,0.00201738,0.799531,0.324871,-0.994293,0.00223176,0.817739,0.322605,-0.993261,0.00217816,0.81866,0.323819,-0.99429,0.00169343,0.785399,0.357241,-0.993944,0.00182818,0.771366,0.361741,-0.994906,0.00227452,0.785826,0.338848,-0.994621,0.00196356,0.825205,0.360948,-0.992455,0.00194299,0.7,0,-1,-0.0158547,-0.160354,-0.0526466,0.13987,-0.55101,1.37988,0.999581,-0.0280642,-0.00709787,0.000871657,0.00147186,-0.00958808,-0.0172366,0,0,-0.387077,0.45,1,5,0.785398,0,0,0,0.00914844,0.178714,0.0403237,-1.31768,-1.51635,0.589684,0.0259055,0.172748,0.0385882,0.526286,0.318813,0.485526,0.205256,nan,nan,nan,nan,nan,nan,nan,nan,0.0151457,-0.205505,1.28349,710.699,445.859,646.218,318.731,-3,2.9345,-2,0.12659,-0.255879,1.66389,-0.355396,-0.910856,0.647042
4.64,0.999834,-0.01593,-0.00830127,0.00301725,-0.0370895,-0.043295,0.00577979,0.717943,0.419476,-0.928079,-0.0588384,0.0441392,-0.0749949,0.705037,0.31751,-0.977113,0.000433446,0.70091,0.305705,-0.997632,-0.000437459,0.706574,0.323052,-0.994155,0.000916326,0.718981,0.389182,-0.984189,-0.000130961,0.738268,0.430847,-0.97778,0.00107338,0.729937,0.468111,-0.969885,0.000665741,0.718144,0.503262,-0.976023,0.0004411,0.71126,0.507218,-0.966887,0.0021471,0.694584,0.509735,-0.979328,0.00044351,0.709355,0.543178,-0.981136,0.0012846,0.647922,0.543625,-0.965111,-0.000150797,0.652126,0.556346,-0.967056,0.000103409,0.651716,0.525297,-0.979408,0.00170623,0.645505,0.535982,-0.986942,0.000977824,0.705988,0.58047,-0.97572,-0.000337459,0.688876,0.580912,-0.986221,0.00118898,0.630697,0.587283,-0.963204,0.000565713,0.634961,0.6121,-0.977099,0.00077822,0.628538,0.572519,-0.971356,-0.000235817,0.608767,0.623281,-0.977937,-0.0009755,0.625693,0.631573,-0.979695,0.00186784,0.683988,0.622274,-0.984175,0.00100047,0.659524,0.628325,-0.975961,0.00141069,0.676599,0.600897,-0.973204,-0.00128364,0.693318,0.622586,-0.997379,0.000452314,0.702683,0.644021,-0.983106,-0.000367398,0.687464,0.703693,-0.986311,-0.000388806,0.688814,0.701712,-0.99852,0.0012957,0.709941,0.652078,-0.977125,0.00148582,0.693842,0.6835,-0.978341,0.000249761,0.69865,0.688597,-0.987139,0.00058855,0.693854,0.677315,-0.987033,0.000450538,0.677416,0.640716,-0.984031,0.0012374,0.68334,0.675295,-0.991139,0.0014178,0.735004,0.716925,-0.97972,0.00141718,0.718276,0.699804,-0.987583,0.00120739,0.735788,0.689248,-0.982667,0.00200092,0.724617,0.702082,-0.988002,0.00168399,0.715183,0.636611,-0.991398,0.00208272,0.707452,0.643694,-0.988688,0.000528875,0.696339,0.613348,-0.985238,0.00214374,0.69269,0.640902,-0.99279,0.000645633,0.713508,0.624658,-0.983145,0.001459,0.737864,0.5972,-0.991611,0.00139946,0.732412,0.580063,-0.989105,0.00259729,0.72704,0.568663,-0.983746,0.00194351,0.738392,0.59064,-0.981681,0.00118465,0.719904,0.552616,-0.99601,0.00138489,0.72991,0.559601,-0.980222,0.00229171,0.704764,0.558982,-0.982863,0.000967962,0.698095,0.565183,-0.983109,0.00161046,0.704575,0.548444,-0.983449,0.0011889,0.760991,0.500249,-0.993384,0.00173811,0.76821,0.465156,-0.984373,0.0024028,0.774557,0.435497,-0.981203,0.0014128,0.756079,0.44836,-0.990744,0.00172563,0.775173,0.441755,-0.985114,0.00140629,0.776506,0.453147,-0.991999,0.00216801,0.791364,0.426798,-0.993281,0.00116037,0.767598,0.415614,-0.992808,0.00176759,0.804895,0.40211,-0.983175,0.0020791,0.83694,0.365755,-0.994236,0.00189262,0.811424,0.333044,-0.994347,0.00224202,0.804004,0.324912,-0.993459,0.00220213,0.818618,0.321762,-0.993716,0.00165497,0.780449,0.335141,-0.993908,0.00168552,0.787328,0.359938,-0.992433,0.00230882,0.78247,0.344706,-0.996328,0.00172785,0.810738,0.347642,-0.994006,0.00194334,0.819858,0.364364,-0.993485,0.00195573,0.7,0,-1,-0.00707358,-0.0751306,-0.0357631,0.192356,-0.31809,1.41213,0.999581,-0.0280642,-0.00709787,0.000871657,-0.0387271,-0.0166447,-0.0197218,0,0,-0.386209,0.45,1,5,0.785398,0,0,0,0.00918738,0.178723,0.0403231,-1.76372,-0.0411707,0.717722,-0.00132246,0.184534,0.0379249,0.547067,0.304117,0.492338,0.204785,nan,nan,nan,nan,nan,nan,nan,nan,0.103315,-0.120899,1.2552,714.442,441.227,653.896,313.069,-2.97605,2.95826,-2,0.136883,-0.260754,1.61335,0.376355,-0.0232251,0.0875756
4.66,0.999832,-0.0160837,-0.00824846,0.00305282,-0.0333835,0.0123459,0.00809505,0.717711,0.419703,-0.928683,-0.0567059,0.0507552,-0.0786122,0.687811,0.292757,-0.99903,-0.000390339,0.705244,0.308982,-0.994592,0.000935962,0.698876,0.376689,-0.984033,-0.000124788,0.745481,0.408129,-0.97701,0.00130936,0.754627,0.448906,-0.968114,0.000543094,0.703815,0.453942,-0.975745,0.000391643,0.709137,0.486735,-0.965768,0.00202647,0.726263,0.472973,-0.979852,0.000440676,0.695273,0.465644,-0.981276,0.00127579,0.692368,0.511627,-0.962525,-3.02582e-05,0.692999,0.527917,-0.967499,7.45398e-05,0.67686,0.525101,-0.978901,0.00158879,0.672688,0.540621,-0.986044,0.00112097,0.70024,0.570224,-0.975188,-0.000230447,0.69905,0.569209,-0.986363,0.00115422,0.658792,0.573525,-0.96455,0.000393834,0.636283,0.582096,-0.974543,0.000825573,0.631874,0.580361,-0.970129,-0.000151993,0.615287,0.612116,-0.97823,-0.00105651,0.652056,0.613168,-0.977276,0.00163682,0.696407,0.602062,-0.984322,0.00107331,0.69658,0.602998,-0.976891,0.0012254,0.642734,0.617274,-0.973015,-0.00130987,0.663476,0.610857,-0.995867,0.000754679,0.694011,0.646334,-0.982541,-0.000469979,0.670331,0.679175,-0.985922,-0.000335386,0.682999,0.667525,-0.999419,0.00128501,0.713968,0.690042,-0.979015,0.00142209,0.699539,0.6764,-0.979662,0.000229985,0.711893,0.676802,-0.986864,0.000630818,0.711796,0.654809,-0.986912,0.000455573,0.706906,0.63095,-0.983519,0.00125443,0.685527,0.667482,-0.991158,0.00146213,0.703808,0.713467,-0.980516,0.00158025,0.695876,0.694502,-0.987728,0.00133822,0.711209,0.723518,-0.983552,0.00191437,0.735108,0.698905,-0.987777,0.00152505,0.696436,0.624366,-0.99141,0.00206445,0.677531,0.638605,-0.988894,0.000588736,0.678191,0.63282,-0.983998,0.00207737,0.67683,0.620703,-0.991335,0.000548122,0.711592,0.625719,-0.983894,0.00146886,0.700801,0.611429,-0.990375,0.00125171,0.70715,0.597965,-0.989591,0.00258519,0.698902,0.58176,-0.981314,0.00215288,0.71285,0.61376,-0.981012,0.00126524,0.717861,0.585241,-0.996479,0.0015862,0.718401,0.556994,-0.978531,0.00234892,0.742348,0.545745,-0.984233,0.00114714,0.698549,0.570463,-0.983859,0.00166861,0.699608,0.557864,-0.982587,0.00122102,0.724708,0.532526,-0.994156,0.00183584,0.747504,0.494302,-0.984859,0.00236142,0.766398,0.424496,-0.978682,0.00137528,0.740578,0.470128,-0.987963,0.00162021,0.778332,0.455925,-0.98435,0.00157981,0.773304,0.460816,-0.990979,0.00218355,0.772773,0.428136,-0.992795,0.00130093,0.769572,0.405511,-0.991312,0.00171701,0.798441,0.383332,-0.982378,0.00208121,0.810571,0.375364,-0.994268,0.00175,0.784951,0.359188,-0.993853,0.00222789,0.803101,0.367161,-0.99288,0.00230019,0.776867,0.343765,-0.994664,0.0017137,0.790862,0.334212,-0.994075,0.00171646,0.791712,0.404086,-0.991298,0.00239306,0.779518,0.343256,-0.997374,0.00182266,0.783087,0.340568,-0.995563,0.00208331,0.775213,0.360665,-0.993909,0.00188708,0.787304,0.384989,-0.994262,0.00204807,0.7,0,-1,-0.00651787,-0.0752923,-0.0347982,0.153971,-0.325602,1.43135,0.999821,-0.0162115,-0.00979826,0.000236297,-0.0370219,-0.0181125,-0.0202047,0,0,-0.386209,0.45,1,5,0.785398,0,0,0,0.00936361,0.178821,0.0402707,-0.289522,2.47762,0.928012,0.0122823,0.172267,0.0370984,0.54,0.308608,0.475822,0.222488,nan,nan,nan,nan,nan,nan,nan,nan,0.0707207,-0.0733721,1.25609,712.54,439.173,649.251,319.885,-2.97892,3,-2,0.135342,-0.26193,1.6551,0.106622,0.330797,-0.180865
4.68,0.99982,-0.0167966,-0.00814857,0.00331716,-0.0426026,-0.024942,0.0215179,0.716907,0.420332,-0.930693,-0.0613298,0.0496803,-0.0821809,0.66597,0.32287,-0.994571,0.000893415,0.713481,0.336706,-0.983828,-1.06055e-05,0.753609,0.374842,-0.976741,0.00143768,0.765488,0.426711,-0.968578,0.000634385,0.738425,0.40399,-0.975816,0.000338988,0.732668,0.446882,-0.967655,0.00197808,0.718263,0.449695,-0.980501,0.000422208,0.704362,0.463022,-0.98339,0.00106397,0.683112,0.487157,-0.9643,-0.000140573,0.663259,0.483024,-0.966868,0.000161882,0.676421,0.513138,-0.979236,0.00161256,0.68425,0.513964,-0.985783,0.00104602,0.697943,0.538522,-0.97389,-0.000200552,0.668684,0.568096,-0.986953,0.00106359,0.686874,0.563857,-0.964172,0.00049614,0.651606,0.583113,-0.972932,0.000789529,0.619202,0.607603,-0.970872,-0.000367386,0.647549,0.611765,-0.979751,-0.0011883,0.648795,0.607089,-0.975689,0.00174525,0.692963,0.59199,-0.984513,0.00106154,0.695953,0.598913,-0.977545,0.00132427,0.676631,0.608776,-0.972202,-0.00125745,0.672231,0.614195,-0.99431,0.000692732,0.660967,0.643686,-0.981959,-0.00045241,0.687171,0.652672,-0.98645,-0.000335792,0.699237,0.674214,-0.999585,0.00130957,0.690409,0.686319,-0.978841,0.00133054,0.698481,0.677544,-0.978979,0.000169006,0.696743,0.66524,-0.985317,0.000667198,0.703764,0.663422,-0.987254,0.000405176,0.691401,0.654303,-0.98352,0.00130383,0.673753,0.660878,-0.990972,0.00149791,0.714908,0.70035,-0.97937,0.00155716,0.688375,0.70333,-0.989257,0.0011781,0.686069,0.690453,-0.982417,0.00204635,0.723587,0.683477,-0.989243,0.00153034,0.708296,0.606283,-0.993341,0.00204949,0.694615,0.632951,-0.989308,0.00058566,0.698334,0.611824,-0.984642,0.00226815,0.660627,0.619829,-0.99243,0.000462522,0.712889,0.630055,-0.984809,0.00157664,0.691213,0.675566,-0.991425,0.00123571,0.682927,0.629362,-0.991182,0.00251737,0.708397,0.599169,-0.981455,0.00229784,0.707707,0.57552,-0.981265,0.0014407,0.759483,0.581112,-0.997317,0.00167462,0.721638,0.587439,-0.97826,0.00233544,0.752771,0.571355,-0.985021,0.00118278,0.726612,0.583346,-0.983795,0.00161459,0.737998,0.534323,-0.98292,0.00108239,0.739978,0.533938,-0.993487,0.00175982,0.771451,0.522304,-0.986386,0.00250128,0.739021,0.500675,-0.976062,0.00149954,0.74805,0.489241,-0.987987,0.00182234,0.761974,0.445332,-0.984789,0.00158934,0.765656,0.435943,-0.992981,0.00211603,0.798288,0.434723,-0.990963,0.00119512,0.776374,0.406376,-0.991331,0.00172106,0.785847,0.394368,-0.983066,0.00216858,0.813376,0.362848,-0.994011,0.00175865,0.800581,0.373257,-0.992943,0.00220902,0.797668,0.369032,-0.991596,0.00201687,0.74946,0.352005,-0.997035,0.00167419,0.762269,0.361167,-0.991915,0.00179049,0.789412,0.382629,-0.990188,0.00231556,0.769353,0.358556,-0.995665,0.00190425,0.770087,0.336098,-0.995422,0.00210162,0.766572,0.336534,-0.993298,0.0018464,0.764539,0.357835,-0.994701,0.00215055,0.780545,0.351734,-0.994604,0.00226609,0.7,0,-1,-0.0109785,-0.124286,-0.035577,0.105441,-0.397346,1.38215,0.999831,-0.0165948,-0.00784198,0.000265035,-0.0349318,-0.0102547,-0.0158906,0,0,-0.386373,0.45,1,5,0.785398,0,0,0,0.00935034,0.178812,0.0402494,-0.182782,-0.674334,0.0718255,-0.0001381,0.177223,0.0360307,0.536329,0.310269,0.47928,0.218959,nan,nan,nan,nan,nan,nan,nan,nan,-0.00258651,-0.0534782,1.19573,710.115,438.157,646.74,318.714,-3,3,-2,0.132907,-0.271661,1.711,-0.231194,-0.0537466,-0.178437
4.7,0.999814,-0.0170695,-0.00828095,0.00353302,-0.024222,0.00795995,0.0242862,0.716434,0.42065,-0.931572,-0.0555691,0.0316648,-0.0729603,0.72539,0.312517,-0.982674,-7.45439e-05,0.728271,0.349433,-0.977149,0.00143407,0.754053,0.389636,-0.966283,0.000587938,0.775317,0.409111,-0.974558,0.000336445,0.755399,0.434436,-0.967186,0.00198477,0.719091,0.439997,-0.980573,0.000599707,0.711157,0.469138,-0.983081,0.00113878,0.692436,0.482946,-0.965059,-0.000264777,0.651333,0.462666,-0.967684,0.000137984,0.687936,0.48053,-0.979981,0.00152319,0.678811,0.489385,-0.986032,0.0010735,0.670134,0.508731,-0.973086,-9.59702e-05,0.669263,0.564643,-0.985144,0.00106459,0.673426,0.547416,-0.96396,0.000446865,0.663205,0.612326,-0.973022,0.000848211,0.634677,0.607863,-0.968376,-0.000512308,0.620595,0.582889,-0.97877,-0.00124083,0.627587,0.614641,-0.977,0.00163163,0.681324,0.599032,-0.984695,0.00103181,0.709398,0.610943,-0.976061,0.00126538,0.661381,0.614362,-0.972346,-0.00123614,0.652558,0.620614,-0.992134,0.00077844,0.664965,0.677594,-0.982619,-0.000343231,0.692176,0.640505,-0.986525,-0.000221814,0.722482,0.652109,-0.998787,0.00149061,0.685429,0.648573,-0.978841,0.00115395,0.704826,0.662113,-0.980511,0.000109615,0.709027,0.656276,-0.985288,0.000823169,0.712041,0.669985,-0.985349,0.000115309,0.670863,0.66628,-0.982847,0.0012741,0.672822,0.670981,-0.991041,0.00149085,0.689873,0.708514,-0.979809,0.00167332,0.681325,0.70308,-0.98714,0.00126824,0.675384,0.67772,-0.980621,0.00201954,0.711551,0.673765,-0.989992,0.00175129,0.710306,0.622894,-0.991548,0.00193785,0.701081,0.608771,-0.989928,0.000622174,0.702335,0.619594,-0.986389,0.00223316,0.672419,0.604306,-0.992857,0.000228122,0.701463,0.615452,-0.983513,0.00150279,0.700181,0.694019,-0.989438,0.001234,0.731029,0.631082,-0.990308,0.00238085,0.697103,0.591514,-0.981322,0.00231056,0.698208,0.586855,-0.981403,0.00167578,0.747995,0.582987,-0.999069,0.00182538,0.730294,0.579411,-0.977158,0.00225263,0.751693,0.565021,-0.983928,0.00114845,0.733804,0.570622,-0.983127,0.001536,0.722589,0.524686,-0.983689,0.00101945,0.752395,0.542673,-0.991949,0.00170572,0.756508,0.523448,-0.986768,0.00247983,0.727039,0.49555,-0.976053,0.00172982,0.715204,0.517428,-0.988108,0.00178423,0.767682,0.461695,-0.982641,0.00157314,0.762298,0.441941,-0.994066,0.00204211,0.785069,0.466816,-0.990012,0.00114176,0.788256,0.436852,-0.989459,0.00190571,0.793768,0.398602,-0.983462,0.00200029,0.799887,0.385962,-0.995224,0.00182681,0.767703,0.392389,-0.99434,0.00222774,0.759922,0.384416,-0.990309,0.00215865,0.751024,0.362738,-0.997271,0.00172823,0.742083,0.367419,-0.992062,0.00173629,0.764931,0.369989,-0.990198,0.00221313,0.731558,0.370288,-0.99558,0.00201617,0.739318,0.354462,-0.995971,0.00203553,0.749516,0.365762,-0.99408,0.001993,0.754772,0.384985,-0.994831,0.00210528,0.799674,0.358724,-0.993785,0.00210311,0.794621,0.33944,-0.994706,0.00214813,0.7,0,-1,-0.00780947,-0.098897,-0.0403857,0.0605115,-0.236444,1.27872,0.99978,-0.0202494,-0.00535554,0.000825026,-0.0551288,-0.00731192,-0.019783,0,0,-0.387032,0.45,1,5,0.785398,0,0,0,0.00925127,0.178687,0.040104,-0.561645,2.55223,0.230082,0.0105136,0.174681,0.0350934,0.540934,0.302979,0.481256,0.220321,nan,nan,nan,nan,nan,nan,nan,nan,-0.0172772,-0.0473323,1.14843,709.542,435.076,645.412,318.29,-2.98465,2.9374,-2,0.134515,-0.274798,1.74773,0.288035,-0.900771,0.461032
4.72,0.999813,-0.01714,-0.00818968,0.00364437,-0.0147364,0.0204787,0.0249031,0.716218,0.420775,-0.932027,-0.0551228,0.0378913,-0.0750637,0.722402,0.325062,-0.975627,0.00142506,0.75311,0.348089,-0.964775,0.000589058,0.732427,0.366611,-0.973383,0.000318907,0.741447,0.410496,-0.966847,0.00190567,0.75686,0.433995,-0.981627,0.000673391,0.722023,0.456565,-0.983016,0.00111082,0.676223,0.466606,-0.964626,-0.000238452,0.685114,0.44996,-0.967086,-1.91212e-05,0.695974,0.499991,-0.978518,0.00146372,0.686228,0.483596,-0.984819,0.00108857,0.692599,0.500572,-0.972216,-0.000347218,0.693347,0.526498,-0.985134,0.001224,0.654932,0.542429,-0.96463,0.000372327,0.644549,0.591059,-0.971153,0.000658739,0.649751,0.587083,-0.969162,-0.000314653,0.652056,0.573809,-0.977814,-0.0010738,0.665677,0.572263,-0.97717,0.00158914,0.684452,0.588021,-0.983873,0.00107174,0.700211,0.605553,-0.976887,0.00126687,0.675858,0.600227,-0.971429,-0.00124749,0.639516,0.607419,-0.991379,0.00102738,0.675663,0.647205,-0.97972,-0.000450306,0.724046,0.650307,-0.985493,-0.000311567,0.715324,0.679666,-0.997696,0.00164007,0.696825,0.663229,-0.97768,0.00100012,0.689786,0.644301,-0.981328,5.7155e-05,0.711762,0.674855,-0.984197,0.00083972,0.707526,0.661441,-0.983757,8.63247e-05,0.694219,0.673715,-0.981817,0.0015788,0.689587,0.662794,-0.990622,0.00152663,0.713747,0.69518,-0.979975,0.00184356,0.66768,0.699101,-0.987432,0.00136652,0.673992,0.667869,-0.97928,0.00203023,0.700504,0.637257,-0.988391,0.00180823,0.717303,0.650516,-0.991543,0.00213971,0.715888,0.615008,-0.990848,0.000816114,0.689155,0.609718,-0.98569,0.00215975,0.666271,0.640398,-0.993488,0.000158823,0.710837,0.645863,-0.985455,0.00155832,0.699745,0.659262,-0.988482,0.0011442,0.690308,0.644026,-0.990555,0.00246252,0.677444,0.615175,-0.980248,0.00221277,0.712847,0.622979,-0.979909,0.00172129,0.740895,0.606955,-0.999541,0.001783,0.734487,0.585385,-0.976582,0.00230714,0.751269,0.570328,-0.98135,0.00112248,0.736997,0.572756,-0.984267,0.00136536,0.736827,0.560017,-0.984413,0.0010346,0.734695,0.560728,-0.991699,0.00171731,0.759554,0.544863,-0.986387,0.00242787,0.709958,0.52131,-0.975831,0.00173291,0.725128,0.519636,-0.987946,0.00182657,0.77155,0.453416,-0.983771,0.00159104,0.757093,0.4622,-0.991719,0.00210674,0.781149,0.470323,-0.989662,0.00125748,0.781154,0.457526,-0.991538,0.00183394,0.753654,0.440557,-0.985461,0.00184656,0.754593,0.414128,-0.994779,0.00165781,0.7368,0.412664,-0.995176,0.00210384,0.768909,0.41182,-0.989073,0.00184752,0.759608,0.385253,-0.995244,0.00156132,0.748002,0.37132,-0.992158,0.00157969,0.756424,0.351201,-0.991091,0.00204092,0.742712,0.374759,-0.995325,0.00186269,0.731968,0.381841,-0.996331,0.00217142,0.776635,0.369801,-0.994097,0.00184913,0.758623,0.369287,-0.995298,0.00222799,0.791659,0.339238,-0.994844,0.00207918,0.76104,0.337207,-0.995307,0.00201068,0.784567,0.355865,-0.994818,0.00234975,0.7,0,-1,-0.0443735,-0.0932419,-0.0576065,0.0664621,-0.194845,1.19269,0.999923,-0.0120525,-0.00308222,0.000179584,-0.0845451,0.00918754,-0.0162661,0,0,-0.38733,0.45,1,5,0.785398,0,0,0,0.009269,0.178645,0.0400591,1.93857,-1.92586,-0.148278,-0.00450779,0.186424,0.0346664,0.538105,0.30613,0.482561,0.221333,nan,nan,nan,nan,nan,nan,nan,nan,0.0575743,0.0472223,1.12286,708.344,433.763,644.782,318.374,-2.99568,2.99605,-2,0.132682,-0.275106,1.77169,0.0223128,0.311324,-0.105171
4.74,0.99981,-0.0173738,-0.00802214,0.00384496,-0.0197385,0.0219474,0.018248,0.715635,0.421045,-0.93314,-0.0562627,0.0424202,-0.0779765,0.760108,0.343228,-0.962046,0.000647831,0.726841,0.325554,-0.973389,0.000218527,0.748718,0.372433,-0.967136,0.00197373,0.748343,0.42123,-0.980513,0.0007112,0.718702,0.425664,-0.984292,0.00112244,0.671332,0.4485,-0.963639,-0.000211249,0.688619,0.458758,-0.966115,-5.24106e-05,0.708918,0.467154,-0.97533,0.00152143,0.664304,0.463402,-0.98508,0.00126052,0.692315,0.487489,-0.971333,-0.000287838,0.674949,0.537271,-0.985164,0.0012829,0.65372,0.551454,-0.965995,0.000557051,0.625071,0.559652,-0.971965,0.00062393,0.656302,0.590589,-0.969754,-0.00026552,0.646621,0.575995,-0.977624,-0.00108984,0.692378,0.56585,-0.977011,0.00167444,0.682004,0.590875,-0.983253,0.00109156,0.695365,0.567159,-0.977047,0.00121709,0.672712,0.573276,-0.970509,-0.00124348,0.657743,0.597831,-0.992998,0.000967901,0.687519,0.599106,-0.980709,-0.00050243,0.70894,0.642847,-0.985293,-0.000111768,0.723107,0.640204,-0.997915,0.00167687,0.719176,0.641629,-0.978054,0.00105633,0.719238,0.653375,-0.9814,-9.386e-05,0.683576,0.649664,-0.983677,0.000910513,0.71576,0.644064,-0.98357,0.000235993,0.69155,0.694501,-0.982481,0.00151338,0.686361,0.662439,-0.988047,0.00146403,0.688874,0.667492,-0.980096,0.00177327,0.691168,0.688223,-0.985871,0.00142515,0.678323,0.677375,-0.980094,0.00201118,0.689845,0.644784,-0.98918,0.00183316,0.724485,0.632606,-0.991677,0.00219221,0.714233,0.623781,-0.992822,0.000717105,0.689997,0.602317,-0.983868,0.00223499,0.670532,0.627204,-0.993415,6.64815e-05,0.701714,0.65444,-0.986033,0.00149458,0.691397,0.647207,-0.988191,0.00103185,0.677677,0.637156,-0.990631,0.00257052,0.657051,0.638759,-0.981932,0.00214262,0.704384,0.632818,-0.980738,0.00163253,0.731588,0.618815,-0.999764,0.0017269,0.74769,0.594362,-0.976105,0.00252396,0.757707,0.601862,-0.981969,0.00094813,0.75464,0.628749,-0.983108,0.00139145,0.73972,0.594061,-0.983383,0.00110583,0.728594,0.587338,-0.991539,0.0017262,0.740649,0.589116,-0.986477,0.00210405,0.725158,0.548125,-0.974612,0.00165506,0.735959,0.533612,-0.986924,0.00170885,0.744491,0.49999,-0.983764,0.00182441,0.755877,0.488363,-0.993938,0.00239626,0.769837,0.448022,-0.988632,0.00131727,0.787724,0.472591,-0.992932,0.0017536,0.7548,0.48404,-0.986369,0.00184865,0.747118,0.419584,-0.994961,0.00182081,0.726854,0.413618,-0.995644,0.00241149,0.746304,0.413191,-0.99036,0.0018094,0.762233,0.416553,-0.993992,0.00146688,0.744952,0.384536,-0.991754,0.00151459,0.753087,0.396302,-0.992863,0.00186614,0.754299,0.394904,-0.994158,0.00173429,0.749883,0.401621,-0.99476,0.00214317,0.761873,0.371683,-0.993012,0.00192784,0.761622,0.344991,-0.995716,0.00233188,0.775921,0.357068,-0.995886,0.00203775,0.757479,0.313567,-0.996135,0.00204199,0.773908,0.346016,-0.994803,0.00240593,0.784895,0.348762,-0.996593,0.00217095,0.7,0,-1,-0.0443735,-0.0932419,-0.0576065,0.0664621,-0.194845,1.19269,0.999945,-0.00993463,-0.00338414,0.0004131,-0.0205046,-0.0563261,-0.0241819,0,0,-0.38924,0.45,1,5,0.785398,0,0,0,0.00910474,0.178629,0.0399829,1.04017,0.0698709,-0.171266,-0.00165299,0.169176,0.0343739,0.565746,0.277852,0.479011,0.226711,nan,nan,nan,nan,nan,nan,nan,nan,0.0460301,0.08155,1.11121,734.388,423.704,643.306,325.566,-3,3,-2,0.133471,-0.286167,1.56089,-0.0569932,0.226446,-0.14564
4.76,0.999808,-0.0174211,-0.0081073,0.00395547,0.00759244,-0.0273211,0.00592157,0.714801,0.421381,-0.934643,-0.0615449,0.0336242,-0.0688901,0.752481,0.31236,-0.973004,8.80685e-05,0.747806,0.361999,-0.964363,0.00222622,0.745713,0.385565,-0.981327,0.000857496,0.72178,0.399087,-0.983207,0.00123373,0.680879,0.421284,-0.964485,-0.000230355,0.681157,0.451128,-0.967146,3.75494e-05,0.708317,0.484472,-0.975484,0.00149,0.667968,0.444155,-0.985883,0.00112991,0.654695,0.488938,-0.969901,-0.000388744,0.650702,0.517064,-0.982331,0.00132334,0.642984,0.51327,-0.9664,0.000613583,0.618556,0.571216,-0.973218,0.000551957,0.640736,0.572899,-0.968203,-0.000111047,0.655455,0.556099,-0.977231,-0.00105667,0.704214,0.571656,-0.977162,0.00172966,0.691195,0.553254,-0.983823,0.00110954,0.70275,0.570559,-0.978383,0.00104942,0.667261,0.566755,-0.970557,-0.00124119,0.678343,0.573715,-0.99195,0.000879304,0.681731,0.58893,-0.980022,-0.00042911,0.694573,0.608911,-0.985239,-0.000149146,0.709853,0.616245,-0.996996,0.00178922,0.699413,0.621297,-0.977628,0.00101371,0.6848,0.653139,-0.98176,-5.91526e-05,0.69765,0.64727,-0.985747,0.0010454,0.671166,0.631692,-0.982019,0.000230523,0.679011,0.662907,-0.982652,0.00168744,0.668015,0.650436,-0.988168,0.00137151,0.69763,0.656787,-0.979933,0.00177796,0.684127,0.695312,-0.986149,0.00121425,0.701038,0.657456,-0.98226,0.00206167,0.670745,0.646723,-0.988655,0.00187964,0.71837,0.648675,-0.991111,0.00208547,0.707891,0.655648,-0.992657,0.000659748,0.7175,0.60664,-0.982247,0.00208574,0.694809,0.654002,-0.992717,0.000145224,0.698777,0.659299,-0.985946,0.00152956,0.682304,0.632332,-0.989469,0.00109875,0.706141,0.67097,-0.990205,0.00262963,0.677523,0.663624,-0.980785,0.00214983,0.713801,0.640797,-0.981368,0.00154708,0.740058,0.64461,-1.00106,0.0019995,0.735808,0.620161,-0.97729,0.00240168,0.748571,0.66285,-0.97975,0.000803778,0.735877,0.620968,-0.983802,0.00147843,0.752532,0.602054,-0.983536,0.000974784,0.718692,0.60345,-0.990948,0.00183889,0.699822,0.58834,-0.984509,0.00195171,0.717306,0.541786,-0.975916,0.00170933,0.725858,0.533471,-0.99019,0.00167851,0.744889,0.514983,-0.984708,0.00165998,0.758278,0.511681,-0.992821,0.0022515,0.792532,0.481434,-0.989383,0.00156139,0.777831,0.505967,-0.993946,0.00177744,0.752593,0.485494,-0.987787,0.00181009,0.757883,0.432567,-0.993255,0.00197279,0.7293,0.42993,-0.996652,0.0024639,0.753033,0.414491,-0.991494,0.00185037,0.77711,0.429466,-0.993386,0.00139725,0.728695,0.365424,-0.991435,0.00160626,0.749271,0.383533,-0.990121,0.00188595,0.77975,0.382799,-0.995001,0.00168888,0.770137,0.385677,-0.995404,0.0022665,0.741268,0.387232,-0.992078,0.00190305,0.761391,0.345179,-0.997418,0.00224037,0.786174,0.346102,-0.996763,0.00205625,0.767422,0.331473,-0.996457,0.00196212,0.761774,0.345337,-0.994215,0.00253204,0.785432,0.340467,-0.997951,0.00221308,0.788782,0.364529,-0.996185,0.00231586,0.7,0,-1,0.0124323,-0.102651,-0.0456023,0.12126,-0.283654,1.24552,0.999876,-0.0144556,-0.00618183,-0.000126647,0.0345562,-0.00974901,-0.0211207,0,0,-0.385857,0.45,1,5,0.785398,0,0,0,0.00889966,0.178526,0.0399233,0.634675,-2.60519,0.0588112,0.010151,0.188881,0.0346239,0.539539,0.307598,0.480305,0.229518,nan,nan,nan,nan,nan,nan,nan,nan,-0.045022,-0.0419299,1.15237,727.404,431.619,642.563,329.359,-3,2.98467,-2,0.134703,-0.286484,1.57366,-0.264109,-0.439802,0.454322
4.78,0.999806,-0.0173409,-0.00851165,0.00398146,0.0129693,-0.0618497,0.00637148,0.714216,0.421551,-0.935608,-0.0569727,0.0305487,-0.0724439,0.766212,0.340622,-0.965224,0.00226318,0.730308,0.376545,-0.982112,0.000822941,0.712314,0.389586,-0.985012,0.00116742,0.689111,0.383978,-0.964845,-0.000287135,0.667934,0.429276,-0.968708,-0.000148219,0.719964,0.470593,-0.976507,0.00164176,0.666535,0.487806,-0.985123,0.000972987,0.679198,0.49527,-0.968907,-0.000441953,0.634909,0.508907,-0.983121,0.00121868,0.623835,0.529761,-0.964154,0.00090546,0.65157,0.553323,-0.973912,0.000472357,0.66623,0.560711,-0.967567,-0.000110934,0.671729,0.559042,-0.975281,-0.00110113,0.705494,0.55581,-0.97823,0.00163736,0.712433,0.55143,-0.983519,0.00115494,0.700434,0.572371,-0.977551,0.0011512,0.710141,0.551889,-0.969585,-0.00128501,0.691409,0.582953,-0.991377,0.000842348,0.705148,0.582647,-0.981545,-0.000297682,0.684055,0.598517,-0.986362,-9.85492e-05,0.686222,0.60138,-0.998022,0.00188329,0.706267,0.616132,-0.977379,0.00102572,0.702555,0.664742,-0.983774,-0.00016258,0.665971,0.638264,-0.985856,0.00101607,0.653537,0.629925,-0.981663,0.000263726,0.669594,0.653408,-0.982987,0.00171125,0.638469,0.646759,-0.988005,0.00153001,0.673243,0.659016,-0.980654,0.00186684,0.685234,0.668776,-0.986177,0.00125997,0.704073,0.639482,-0.981701,0.00210037,0.668424,0.652319,-0.988663,0.00181287,0.717317,0.655257,-0.990678,0.00205648,0.712158,0.650465,-0.991092,0.000820804,0.688245,0.620659,-0.979867,0.00220172,0.670624,0.655234,-0.993368,0.000134574,0.693927,0.659344,-0.985668,0.00133037,0.699383,0.668865,-0.988263,0.00107415,0.713867,0.672096,-0.990647,0.00273725,0.688706,0.668072,-0.981319,0.00210023,0.689339,0.655834,-0.979254,0.00141123,0.714276,0.653682,-1.00251,0.00214928,0.713599,0.645331,-0.976455,0.00232511,0.712089,0.645979,-0.978889,0.000860773,0.722739,0.628103,-0.981113,0.00164501,0.730598,0.60081,-0.984382,0.000952783,0.723864,0.619678,-0.991382,0.00183934,0.705788,0.601398,-0.986258,0.00195099,0.744475,0.57343,-0.977237,0.00175786,0.74623,0.538428,-0.990933,0.00177457,0.763269,0.532585,-0.984683,0.00163951,0.766457,0.517048,-0.992658,0.00223957,0.787458,0.486757,-0.990503,0.00136007,0.734984,0.486734,-0.993256,0.00166534,0.743752,0.488065,-0.988426,0.00183281,0.73089,0.447124,-0.994659,0.00185996,0.766682,0.472774,-0.996238,0.00230439,0.760534,0.44054,-0.992581,0.00179284,0.798332,0.413764,-0.995719,0.0014522,0.757119,0.398703,-0.994818,0.00163202,0.765725,0.384928,-0.992409,0.00179269,0.746207,0.384026,-0.994417,0.00163298,0.772588,0.401223,-0.994803,0.00232661,0.7477,0.395967,-0.99213,0.00194211,0.758062,0.378751,-0.997186,0.00247275,0.764389,0.365445,-0.997404,0.00203211,0.743771,0.33429,-0.997316,0.00195628,0.744297,0.335686,-0.994442,0.00236413,0.768908,0.332873,-0.99926,0.00206077,0.775258,0.326863,-0.994761,0.00234334,0.775372,0.351806,-0.997128,0.00246329,0.7,0,-1,0.0128024,-0.102226,-0.0453654,0.218141,-0.376286,1.27602,0.999754,-0.0191684,-0.0111187,-0.000250452,-0.0207935,0.0269915,-0.0171249,0,0,-0.386916,0.45,1,5,0.785398,0,0,0,0.0089532,0.178594,0.0398572,-1.42384,1.16049,0.403697,0.0175038,0.178186,0.0348785,0.530074,0.308634,0.487282,0.212324,nan,nan,nan,nan,nan,nan,nan,nan,0.0849778,-0.141536,1.16771,719.584,432.987,648.195,323.602,-2.9912,2.99765,-2,0.14061,-0.283605,1.61781,0.228607,-0.153773,-0.17769
4.8,0.999798,-0.0175069,-0.00896651,0.00402794,-0.025336,-0.00475079,0.00287406,0.713421,0.421738,-0.936634,-0.0485466,0.0299487,-0.057978,0.723331,0.354338,-0.982084,0.00114077,0.71836,0.37514,-0.984777,0.0013121,0.705596,0.373253,-0.966084,-0.000430383,0.686075,0.421474,-0.968272,-0.000131529,0.677854,0.471671,-0.975901,0.00164254,0.702543,0.466807,-0.98573,0.00101145,0.692882,0.458834,-0.967492,-0.000335397,0.636699,0.48713,-0.984578,0.00120662,0.643229,0.528402,-0.965175,0.000984634,0.65374,0.548675,-0.974062,0.000523808,0.648876,0.510346,-0.968359,-0.000179163,0.639194,0.540113,-0.974599,-0.00117654,0.669581,0.520004,-0.977149,0.00170138,0.689212,0.555337,-0.983404,0.00119974,0.701064,0.567398,-0.977704,0.00120646,0.684653,0.531125,-0.969441,-0.00128479,0.686303,0.557675,-0.99274,0.000888085,0.700613,0.552066,-0.980525,-0.000440668,0.721831,0.584064,-0.987086,-0.000281681,0.682654,0.630142,-0.995667,0.0018368,0.691138,0.624662,-0.976195,0.0011231,0.7012,0.656177,-0.984171,9.89518e-05,0.704347,0.649598,-0.983267,0.000881665,0.660074,0.623226,-0.981592,0.000169427,0.656096,0.616878,-0.983562,0.00177056,0.62998,0.617007,-0.986296,0.00145206,0.667625,0.663671,-0.979074,0.00194894,0.683792,0.645558,-0.985165,0.0014101,0.70132,0.625999,-0.98085,0.00207779,0.694915,0.634524,-0.99091,0.00183905,0.709376,0.667466,-0.991619,0.0020097,0.732093,0.631943,-0.989699,0.000891681,0.689418,0.649894,-0.979859,0.0021307,0.674749,0.65366,-0.992133,0.000329954,0.70793,0.66648,-0.98575,0.00136759,0.691655,0.679446,-0.98788,0.00116681,0.73522,0.662168,-0.990527,0.00270939,0.711811,0.659464,-0.982475,0.00213689,0.701186,0.651817,-0.980089,0.00153277,0.692438,0.678108,-1.00203,0.00225123,0.69191,0.671249,-0.976093,0.00219284,0.738345,0.65872,-0.979157,0.00073171,0.709793,0.619589,-0.982283,0.00168821,0.70737,0.633416,-0.983864,0.00082162,0.730718,0.615179,-0.992344,0.00178157,0.692008,0.592071,-0.985889,0.00197998,0.719353,0.594319,-0.976915,0.00184167,0.720968,0.578183,-0.992626,0.00177611,0.737243,0.522473,-0.98305,0.00187049,0.728856,0.529621,-0.992912,0.00213887,0.782542,0.524539,-0.989518,0.00135609,0.727029,0.472763,-0.994426,0.00180959,0.701923,0.506637,-0.987577,0.00169721,0.724819,0.474595,-0.99605,0.00192708,0.732635,0.491632,-0.994344,0.00248071,0.747799,0.451808,-0.99379,0.00182155,0.760153,0.453034,-0.996012,0.00138061,0.752869,0.420032,-0.994258,0.00162138,0.752591,0.412386,-0.990682,0.00187139,0.752097,0.402672,-0.995092,0.00173136,0.78045,0.395531,-0.995722,0.00205613,0.75008,0.405968,-0.992184,0.00204975,0.767764,0.369145,-0.99733,0.00220978,0.759933,0.402699,-0.997754,0.00198415,0.753212,0.37617,-0.996355,0.00186868,0.743122,0.365775,-0.995443,0.00215784,0.760044,0.333622,-0.998894,0.00205389,0.793881,0.355426,-0.994364,0.00245426,0.782788,0.351863,-0.996633,0.00254325,0.768343,0.369213,-0.996813,0.00234478,0.7,0,-1,0.0104402,-0.089901,-0.0380819,0.185568,-0.304502,1.24759,0.999835,-0.0155226,-0.00944765,0.000565846,0.0458746,0.0483955,-0.0216062,0,0,-0.391493,0.45,1,5,0.785398,0,0,0,0.00893996,0.178677,0.0398386,-0.741009,0.308634,0.425726,0.00995908,0.18969,0.0349245,0.534207,0.30716,0.488979,0.212908,nan,nan,nan,nan,nan,nan,nan,nan,0.104031,-0.0860332,1.168,714.833,432.521,650.14,319.472,-2.96379,3,-2,0.147202,-0.284576,1.66696,0.421306,-0.0300035,0.723296
4.82,0.999789,-0.0180358,-0.00889814,0.00413191,-0.0582012,-0.00355702,0.0131214,0.7131,0.421411,-0.936793,-0.0422036,0.00155729,-0.0380425,0.697022,0.3738,-0.984654,0.00142376,0.722069,0.391666,-0.966221,-0.000587475,0.677944,0.420498,-0.968978,-0.000149677,0.664459,0.4536,-0.975646,0.00167272,0.675604,0.46602,-0.985791,0.00105385,0.702809,0.488011,-0.965874,-0.000367623,0.662006,0.454562,-0.984045,0.00108105,0.647383,0.533121,-0.964625,0.000962335,0.637433,0.547907,-0.976128,0.000361744,0.640996,0.522459,-0.968531,-0.000138158,0.644835,0.54885,-0.975957,-0.00109515,0.631984,0.506024,-0.977599,0.00171004,0.678878,0.520289,-0.984374,0.00128397,0.688117,0.548916,-0.976214,0.00136205,0.692306,0.534807,-0.968792,-0.00128619,0.685298,0.550978,-0.992225,0.00088957,0.699569,0.538621,-0.981315,-0.000485848,0.711645,0.583209,-0.987058,-0.000253657,0.686583,0.603814,-0.99762,0.00185099,0.70997,0.618176,-0.975514,0.00120669,0.6993,0.635683,-0.984258,0.000203496,0.703419,0.62618,-0.982368,0.000814795,0.65489,0.611567,-0.982787,0.000240346,0.644828,0.602801,-0.983345,0.00175851,0.657321,0.608353,-0.986806,0.00129625,0.629416,0.629509,-0.980166,0.00183176,0.672996,0.648518,-0.984015,0.00131042,0.686851,0.645805,-0.982691,0.00206197,0.69872,0.63028,-0.990408,0.00169506,0.709961,0.643041,-0.990465,0.00193972,0.735049,0.635033,-0.991288,0.00090203,0.68365,0.627927,-0.980738,0.00215108,0.659283,0.63844,-0.991708,0.00032466,0.701985,0.642504,-0.986747,0.00148005,0.696898,0.671582,-0.987042,0.000991245,0.741402,0.677652,-0.990815,0.00260769,0.713416,0.664319,-0.983836,0.00224949,0.723921,0.661839,-0.978992,0.00153668,0.71366,0.666371,-1.00129,0.00220281,0.715806,0.676036,-0.976434,0.00216735,0.725137,0.666037,-0.980482,0.000732115,0.706314,0.63196,-0.981464,0.00169493,0.68892,0.658846,-0.983595,0.000871283,0.693019,0.631899,-0.990652,0.00181609,0.691313,0.599663,-0.984687,0.00198024,0.714606,0.61161,-0.975955,0.00176407,0.744865,0.593296,-0.991512,0.00195686,0.718607,0.540065,-0.98338,0.00188283,0.735539,0.4928,-0.992674,0.00213349,0.743436,0.539986,-0.98977,0.00143452,0.74204,0.506951,-0.995348,0.0018444,0.724289,0.469324,-0.987511,0.00181404,0.730855,0.469996,-0.995422,0.00203282,0.748369,0.504416,-0.993491,0.00258248,0.72772,0.451055,-0.991768,0.00177263,0.725278,0.438397,-0.996494,0.00147057,0.734839,0.409872,-0.993431,0.00155091,0.743304,0.392338,-0.990241,0.001979,0.753182,0.408497,-0.995748,0.00161346,0.753846,0.399586,-0.997062,0.00207476,0.74386,0.430874,-0.990983,0.00215416,0.747308,0.402271,-0.996687,0.00230532,0.771697,0.406879,-0.997767,0.00219594,0.772951,0.369422,-0.995609,0.00207314,0.767599,0.352997,-0.994841,0.0020342,0.733667,0.349718,-0.998571,0.00224978,0.76517,0.375252,-0.995515,0.00237187,0.816221,0.36734,-0.995966,0.00252246,0.773282,0.347288,-0.994898,0.00257129,0.784416,0.385031,-0.996692,0.00266263,0.7,0,-1,0.0465038,-0.0722049,-0.0249316,0.25488,-0.156813,1.29745,0.999884,-0.00799528,-0.0129889,0.000219982,0.0404082,0.0208385,-0.0257889,0,0,-0.395134,0.45,1,5,0.785398,0,0,0,0.00901306,0.17896,0.0397803,-1.03582,3.63679,0.211492,0.0246058,0.173387,0.0339008,0.54613,0.306279,0.505341,0.208222,nan,nan,nan,nan,nan,nan,nan,nan,0.124318,-0.13188,1.245,714.489,431.891,668.423,314.788,-2.94693,2.88784,-2,0.148554,-0.297998,1.53345,0.31715,-1.41957,0.996772
4.84,0.999779,-0.0184258,-0.00904728,0.00446754,-0.0169169,0.0253853,0.0325015,0.712471,0.420792,-0.93701,-0.0455256,-0.00401926,-0.0347458,0.715623,0.387269,-0.966013,-0.000497941,0.672493,0.397875,-0.969909,-0.00020594,0.665473,0.423039,-0.976334,0.00182783,0.670296,0.465924,-0.987781,0.00108952,0.700187,0.457345,-0.965957,-0.000189032,0.658804,0.444771,-0.982881,0.0011298,0.638057,0.510779,-0.965421,0.00106526,0.629827,0.514367,-0.976668,0.00054858,0.657716,0.504096,-0.969741,-0.000224723,0.676065,0.524829,-0.976141,-0.00127405,0.647095,0.504207,-0.977168,0.00197605,0.656297,0.530482,-0.981964,0.00121179,0.649416,0.548805,-0.976486,0.00133445,0.659227,0.54396,-0.968194,-0.00127775,0.670907,0.533735,-0.990998,0.00103148,0.698089,0.559569,-0.98114,-0.000531887,0.681129,0.544948,-0.988838,-0.000297649,0.695246,0.575567,-0.997052,0.0018617,0.720941,0.586744,-0.975356,0.00130786,0.710152,0.612873,-0.98661,2.36268e-05,0.660435,0.635224,-0.981667,0.000724014,0.635151,0.597342,-0.98337,0.000177501,0.656639,0.596599,-0.979517,0.0018239,0.634015,0.629732,-0.988291,0.00137345,0.622406,0.621877,-0.980271,0.00188266,0.605998,0.65005,-0.982152,0.00136533,0.683856,0.663406,-0.982876,0.0020798,0.702675,0.63964,-0.990025,0.00155374,0.7306,0.617728,-0.98916,0.00181121,0.698853,0.579181,-0.991398,0.00069997,0.687491,0.629166,-0.981777,0.00214599,0.651765,0.640465,-0.991763,0.000278456,0.680361,0.635173,-0.986981,0.00147957,0.716731,0.678067,-0.987992,0.00101242,0.735139,0.705807,-0.991987,0.00264021,0.708212,0.684496,-0.984289,0.00230303,0.690298,0.678907,-0.981095,0.00133218,0.719563,0.670716,-0.999901,0.00216888,0.750126,0.650234,-0.976672,0.00203271,0.733934,0.655085,-0.980633,0.000634007,0.711782,0.634951,-0.980801,0.00174222,0.730159,0.66356,-0.985085,0.000980557,0.703425,0.657019,-0.989959,0.0019111,0.682407,0.592653,-0.983356,0.00189464,0.715034,0.607393,-0.977694,0.00181516,0.718714,0.626198,-0.993039,0.00199936,0.71904,0.556873,-0.983905,0.00187442,0.705162,0.544102,-0.992427,0.00197527,0.727321,0.526066,-0.990486,0.00148626,0.741552,0.499589,-0.995422,0.00182426,0.732658,0.489697,-0.988238,0.00165734,0.75678,0.50627,-0.996026,0.0021188,0.718391,0.478176,-0.990846,0.00252021,0.702729,0.449066,-0.991348,0.00178652,0.720376,0.443254,-0.99548,0.00147301,0.733678,0.431461,-0.992818,0.00156981,0.749893,0.427448,-0.989787,0.00207394,0.726632,0.408635,-0.995563,0.00171026,0.756253,0.432001,-0.997358,0.00202939,0.730662,0.42115,-0.990863,0.00222607,0.748425,0.422707,-0.999536,0.00213757,0.801542,0.403239,-0.997967,0.00198318,0.77477,0.368283,-0.99691,0.00201383,0.75653,0.351045,-0.994831,0.00205461,0.740248,0.373716,-0.997561,0.00216293,0.76762,0.388034,-0.995578,0.0025061,0.806095,0.370164,-0.995896,0.00267002,0.78133,0.353253,-0.99414,0.0026488,0.762938,0.394667,-0.997465,0.00267681,0.773685,0.419976,-0.997517,0.00249328,0.7,0,-1,0.0397456,-0.100761,-0.036359,0.234065,-0.313797,1.24733,0.999834,-0.0133116,-0.0123794,0.000966612,0.044982,0.0493213,-0.0232842,0,0,-0.395517,0.45,1,5,0.785398,0,0,0,0.00934348,0.179152,0.0396952,2.40783,0.698789,0.491759,0.0182638,0.184372,0.0333722,0.534133,0.323921,0.500899,0.221583,nan,nan,nan,nan,nan,nan,nan,nan,0.0794778,-0.217119,1.25378,710.984,452.292,667.218,318.686,-2.97882,2.89074,-2,0.152842,-0.307796,1.4412,-0.1661,-0.278828,0.164837
4.86,0.99978,-0.0183847,-0.00893168,0.00463162,0.00997374,0.0251927,0.0364798,0.712303,0.420571,-0.937071,-0.0384842,-0.0044071,-0.0367042,0.700737,0.376734,-0.971422,-2.83815e-05,0.70348,0.441055,-0.975628,0.00176187,0.676653,0.434645,-0.988072,0.000958548,0.708946,0.470376,-0.966309,-0.000206591,0.654421,0.479844,-0.980943,0.000940627,0.658321,0.488553,-0.964922,0.00111086,0.657254,0.520172,-0.975651,0.000604288,0.633524,0.523121,-0.96824,-0.00016926,0.674267,0.515808,-0.975873,-0.00129862,0.655532,0.538564,-0.977186,0.00199935,0.654963,0.53386,-0.981095,0.00119781,0.655397,0.507084,-0.976217,0.00135172,0.663802,0.554505,-0.968423,-0.00127021,0.680968,0.547662,-0.990136,0.000941055,0.683534,0.570408,-0.98133,-0.000473435,0.676968,0.534518,-0.987655,-0.000436938,0.691219,0.538985,-0.996672,0.00191061,0.704295,0.56068,-0.974501,0.00132528,0.678474,0.592672,-0.986187,-3.8524e-05,0.662297,0.602984,-0.981338,0.000763293,0.643512,0.58596,-0.98365,0.000287827,0.634525,0.578408,-0.978719,0.00195668,0.634279,0.625121,-0.989883,0.0013871,0.663653,0.633452,-0.978397,0.00190822,0.642886,0.665006,-0.981624,0.00147572,0.689216,0.648599,-0.980971,0.00220862,0.73495,0.591407,-0.989838,0.00141914,0.732596,0.596835,-0.986434,0.00179956,0.684591,0.584623,-0.989864,0.000590392,0.715101,0.645157,-0.982683,0.00210871,0.676431,0.643135,-0.991217,0.000335279,0.681115,0.65319,-0.987044,0.00150499,0.697035,0.652003,-0.988023,0.00088909,0.735601,0.707083,-0.990887,0.00284679,0.732806,0.671497,-0.985029,0.0023457,0.692227,0.694719,-0.982321,0.00141925,0.737771,0.687099,-0.999799,0.00210502,0.75582,0.681729,-0.975227,0.00188362,0.742961,0.665347,-0.980327,0.00062142,0.73887,0.681619,-0.979594,0.00181858,0.716998,0.675113,-0.986402,0.000929946,0.711954,0.637621,-0.987715,0.0020485,0.69937,0.622009,-0.983141,0.0018707,0.722126,0.605237,-0.977253,0.00187278,0.701558,0.615034,-0.992968,0.00213469,0.709098,0.575069,-0.984251,0.00171411,0.710705,0.547909,-0.990062,0.0020904,0.719188,0.539285,-0.989749,0.00139109,0.735299,0.520654,-0.995447,0.00191485,0.712618,0.469866,-0.985978,0.0015542,0.722537,0.501074,-0.995934,0.00195336,0.735787,0.506159,-0.991595,0.00250252,0.72247,0.467235,-0.990792,0.00174987,0.734464,0.458415,-0.995118,0.00147393,0.72141,0.446015,-0.992867,0.00163192,0.699965,0.424624,-0.991055,0.00207715,0.716179,0.401103,-0.99711,0.00147691,0.709526,0.428576,-0.996954,0.00210479,0.712102,0.432717,-0.991916,0.00217743,0.739536,0.430964,-0.999311,0.0021171,0.76259,0.438471,-0.996903,0.00202576,0.799514,0.36409,-0.995254,0.00193755,0.766165,0.346225,-0.995697,0.00202806,0.732854,0.374331,-0.998485,0.00206996,0.752422,0.405132,-0.995362,0.00250033,0.73978,0.402007,-0.995324,0.0026912,0.794143,0.368048,-0.992435,0.00266395,0.764729,0.394939,-0.996715,0.00281994,0.783507,0.410352,-0.996244,0.0025635,0.745819,0.431758,-0.998218,0.00246063,0.7,0,-1,0.053098,-0.0733262,-0.0289763,0.243174,-0.260978,1.26416,0.999897,-0.00934705,-0.0108683,0.000468711,-0.0024038,-0.0118297,-0.0265744,0,0,-0.392215,0.45,1,5,0.785398,0,0,0,0.00966487,0.179247,0.0394566,2.15026,-0.323577,-0.196724,-0.00695746,0.182018,0.0314013,0.557441,0.290382,0.484565,0.237682,nan,nan,nan,nan,nan,nan,nan,nan,0.0969786,-0.184087,1.23325,725.565,441.668,661.735,340.167,-2.95893,2.91996,-2,0.153154,-0.311567,1.31923,0.35207,-0.0193919,-0.0979211
4.88,0.999787,-0.0179458,-0.00884366,0.0051485,0.0580671,-0.0306298,0.0375403,0.711665,0.419918,-0.937449,-0.0494811,0.00722977,-0.0346304,0.704527,0.40683,-0.97445,0.00158811,0.691975,0.415845,-0.985849,0.000937097,0.70751,0.427043,-0.965421,-0.000181207,0.64961,0.470736,-0.97984,0.000905908,0.654748,0.485162,-0.964426,0.00126033,0.648632,0.504846,-0.976291,0.000472231,0.671432,0.499518,-0.967915,-0.000120046,0.674223,0.509765,-0.975753,-0.0014353,0.662258,0.517364,-0.976934,0.002071,0.694961,0.496947,-0.981492,0.00117398,0.643297,0.493568,-0.975527,0.00146791,0.655392,0.531471,-0.968993,-0.00140535,0.686323,0.510476,-0.992896,0.00100197,0.693151,0.562796,-0.982253,-0.000420802,0.668218,0.545653,-0.988216,-0.00026315,0.693967,0.520074,-0.997524,0.00193313,0.689482,0.521863,-0.971173,0.00130039,0.702182,0.567956,-0.986984,-0.000120817,0.692689,0.589326,-0.98078,0.000995052,0.667256,0.594823,-0.983178,0.000323684,0.676845,0.577866,-0.980705,0.00184755,0.676762,0.608634,-0.989996,0.00145203,0.663112,0.61148,-0.977344,0.0018719,0.681696,0.63471,-0.980561,0.00159768,0.696919,0.624085,-0.98017,0.00208046,0.707215,0.57913,-0.990608,0.00129889,0.703558,0.577456,-0.98685,0.00160959,0.675851,0.61713,-0.989987,0.000544873,0.68528,0.637381,-0.984001,0.00211963,0.675362,0.658973,-0.989318,6.40403e-05,0.664156,0.683869,-0.987197,0.00145346,0.665455,0.681449,-0.988147,0.000931014,0.738973,0.695297,-0.990816,0.0028024,0.738092,0.703952,-0.986087,0.00207107,0.69556,0.70265,-0.981189,0.00152545,0.722787,0.681096,-0.999506,0.00197598,0.747707,0.693437,-0.977704,0.00188484,0.752784,0.672355,-0.980205,0.000653501,0.733008,0.690577,-0.979517,0.00199774,0.704162,0.676755,-0.988332,0.000930895,0.739933,0.651016,-0.98961,0.0020709,0.720488,0.629572,-0.983393,0.00173475,0.729879,0.656636,-0.977616,0.00178976,0.72068,0.62805,-0.991068,0.00219509,0.682816,0.613641,-0.98491,0.0018632,0.725324,0.568745,-0.990568,0.00212099,0.733544,0.546625,-0.987792,0.0013621,0.729704,0.511545,-0.994296,0.00184833,0.731432,0.485713,-0.987511,0.00155996,0.730116,0.507675,-0.995077,0.00202492,0.73835,0.499703,-0.991092,0.00252808,0.719578,0.462569,-0.98939,0.00180388,0.747886,0.479379,-0.994913,0.00138577,0.729951,0.472463,-0.99181,0.00171419,0.716258,0.440348,-0.98964,0.00221376,0.725663,0.430705,-0.997144,0.00157248,0.704995,0.438879,-0.998821,0.00216966,0.704075,0.432514,-0.99178,0.00228839,0.758266,0.437399,-0.997754,0.00209678,0.764312,0.423978,-0.997331,0.0020627,0.782544,0.378852,-0.995802,0.00193238,0.762943,0.357108,-0.996135,0.00189431,0.751084,0.385991,-0.999123,0.00206723,0.760433,0.410956,-0.993685,0.00212406,0.751833,0.382118,-0.994736,0.00258823,0.808647,0.369043,-0.991309,0.0025212,0.777352,0.408528,-0.9958,0.0028324,0.778738,0.422243,-0.996583,0.00235658,0.759158,0.436077,-0.99756,0.00236523,0.724196,0.412559,-0.999096,0.00246016,0.7,0,-1,0.0126771,-0.0597122,-0.046149,0.213311,-0.18328,1.18955,0.999897,-0.00934705,-0.0108683,0.000468711,0.0394354,-0.0118273,-0.0300193,0,0,-0.39091,0.45,1,5,0.785398,0,0,0,0.00929391,0.179282,0.0393222,1.14677,-1.62318,-0.897191,-0.00759457,0.180687,0.0303029,0.556346,0.290268,0.484765,0.240666,nan,nan,nan,nan,nan,nan,nan,nan,0.069265,-0.0419228,1.23562,725.297,433.648,657.67,344.265,-3,3,-2,0.150596,-0.301666,1.38528,-0.549842,0.581843,0.103688
4.9,0.999792,-0.0175432,-0.00900337,0.00530004,0.0901108,-0.0363806,0.0320851,0.711412,0.419695,-0.937545,-0.0469259,0.00141176,-0.0297845,0.699227,0.423493,-0.987005,0.000794759,0.675847,0.391433,-0.965421,-0.000242724,0.652917,0.428052,-0.979213,0.00099188,0.662962,0.465673,-0.963523,0.00128192,0.638726,0.482259,-0.976547,0.000385374,0.679355,0.492633,-0.969493,-2.56074e-05,0.692718,0.466001,-0.977337,-0.00145873,0.658886,0.498921,-0.976319,0.00193689,0.697265,0.490658,-0.982451,0.00126236,0.663035,0.495149,-0.97463,0.0016017,0.674133,0.537926,-0.969806,-0.00132585,0.666051,0.513477,-0.992881,0.00106431,0.679176,0.558002,-0.981102,-0.000304544,0.702604,0.541924,-0.987851,-0.00044707,0.688947,0.514103,-0.998392,0.00203152,0.705995,0.510095,-0.970232,0.00129204,0.718109,0.563779,-0.986412,-0.000454172,0.705278,0.572034,-0.980952,0.00108248,0.693227,0.586087,-0.983763,0.000395425,0.673109,0.576726,-0.979096,0.00181301,0.67564,0.594927,-0.992287,0.00166765,0.673411,0.634018,-0.980029,0.00199215,0.653774,0.604538,-0.980207,0.00161059,0.68637,0.589401,-0.979053,0.0018703,0.705738,0.588765,-0.990777,0.00143039,0.70738,0.598641,-0.986664,0.0016557,0.684442,0.61626,-0.988888,0.000533326,0.672431,0.65928,-0.980155,0.0021596,0.69173,0.673276,-0.990631,0.000142993,0.684184,0.651147,-0.984081,0.00147009,0.68797,0.685266,-0.988451,0.00104877,0.749474,0.682759,-0.990798,0.00286781,0.731845,0.72116,-0.985346,0.00208486,0.715901,0.679262,-0.980987,0.00153674,0.714224,0.683003,-0.999979,0.001842,0.722614,0.714979,-0.977765,0.00190862,0.743773,0.709817,-0.981056,0.000550566,0.712209,0.680206,-0.977378,0.00192711,0.683248,0.664303,-0.988105,0.000847909,0.749076,0.677301,-0.989136,0.00201117,0.732895,0.642466,-0.982566,0.00183038,0.742985,0.623707,-0.976719,0.00165221,0.714913,0.581888,-0.991547,0.00232618,0.7145,0.609442,-0.983906,0.00188565,0.713695,0.554609,-0.99087,0.00204551,0.695158,0.5467,-0.987294,0.00122105,0.701334,0.502283,-0.993287,0.00169241,0.687412,0.518855,-0.98762,0.00175137,0.720288,0.50599,-0.99248,0.00196417,0.721708,0.517781,-0.992044,0.00273811,0.70609,0.50069,-0.990434,0.00207451,0.725873,0.494492,-0.993904,0.00147273,0.728902,0.474803,-0.992253,0.00172601,0.72457,0.453815,-0.990406,0.00234024,0.688018,0.46026,-0.997308,0.00166981,0.700845,0.470532,-1.0016,0.00221002,0.719372,0.435229,-0.990505,0.00235383,0.742456,0.448313,-0.997413,0.00216578,0.738445,0.438584,-0.996717,0.00220268,0.779709,0.40983,-0.995185,0.00191829,0.74704,0.353876,-0.995411,0.00198771,0.717536,0.393151,-0.999263,0.0021622,0.759291,0.438181,-0.994246,0.00222083,0.756978,0.4302,-0.99329,0.00260859,0.776595,0.414828,-0.991158,0.0024398,0.778592,0.445203,-0.995694,0.0026965,0.760331,0.461296,-0.996798,0.00213023,0.754935,0.427291,-0.997586,0.00234614,0.712741,0.410856,-0.99905,0.00257494,0.734567,0.405379,-0.997888,0.00238652,0.7,0,-1,-0.0119495,-0.0406433,-0.0490343,0.138853,-0.165242,1.1537,0.999939,-0.00842707,-0.0070719,0.000652253,0.0419213,-0.000808295,-0.0324194,0,0,-0.391781,0.45,1,5,0.785398,0,0,0,0.00916147,0.179361,0.0392736,-0.435156,-0.981996,-0.196833,0.00570288,0.179482,0.0301154,0.543803,0.298234,0.491404,0.2302,nan,nan,nan,nan,nan,nan,nan,nan,0.0666434,-0.0989923,1.2307,721.726,430.174,656.483,340.794,-3,3,-2,0.151832,-0.292025,1.46568,0.127761,-0.2909,0.242295
4.92,0.9998,-0.0167439,-0.00942097,0.00554283,0.0897983,-0.0397614,0.0217153,0.711157,0.419233,-0.937114,-0.045395,-0.0162017,-0.0291233,0.689432,0.376979,-0.964504,-0.000252312,0.694588,0.442529,-0.978209,0.000917438,0.686144,0.475476,-0.962179,0.00135936,0.635321,0.483443,-0.9778,0.000425205,0.669984,0.481717,-0.96921,1.48849e-05,0.671096,0.470994,-0.977023,-0.00171834,0.67027,0.478231,-0.976189,0.00204403,0.701307,0.491209,-0.981645,0.00126098,0.684156,0.481812,-0.973238,0.00135234,0.667237,0.495837,-0.969571,-0.0012659,0.677996,0.510973,-0.992788,0.00108583,0.666148,0.513476,-0.981888,-0.000343053,0.687922,0.551227,-0.987051,-0.000378157,0.699007,0.514261,-0.998973,0.00189712,0.717241,0.500988,-0.972538,0.0013807,0.712278,0.559742,-0.985908,-0.000223781,0.704539,0.548679,-0.980746,0.0010947,0.688665,0.558561,-0.984549,0.00018708,0.673732,0.568929,-0.978548,0.0016738,0.66896,0.600949,-0.991359,0.00159933,0.661979,0.598393,-0.979636,0.00204287,0.656092,0.590312,-0.981137,0.00163317,0.679476,0.616929,-0.980085,0.00192267,0.706836,0.591102,-0.990718,0.00128284,0.678363,0.598426,-0.987189,0.00203854,0.683473,0.634389,-0.988653,0.000470032,0.669055,0.639678,-0.979687,0.00216359,0.663634,0.68507,-0.989037,0.000254707,0.685898,0.667507,-0.984045,0.00139867,0.689625,0.684595,-0.989497,0.00104118,0.706459,0.694106,-0.990783,0.00286346,0.747507,0.716376,-0.984545,0.00208265,0.738915,0.70811,-0.982401,0.00154281,0.745187,0.664292,-0.999837,0.00195413,0.733925,0.723872,-0.977688,0.00205261,0.72882,0.682018,-0.9805,0.00054111,0.724647,0.687977,-0.978372,0.00179336,0.696658,0.698127,-0.986978,0.000684785,0.7276,0.672374,-0.987403,0.00190385,0.717034,0.658789,-0.982214,0.00185154,0.732669,0.635365,-0.979002,0.00181339,0.700783,0.62415,-0.991593,0.00222493,0.694367,0.596195,-0.982037,0.00186749,0.701311,0.583552,-0.990592,0.00208858,0.727637,0.544838,-0.985474,0.00109489,0.679244,0.506155,-0.993636,0.00185557,0.696734,0.495421,-0.987988,0.00174781,0.713758,0.533859,-0.992211,0.00199939,0.703912,0.517895,-0.992582,0.00264459,0.692604,0.507815,-0.989372,0.00194846,0.712701,0.496395,-0.993265,0.00156682,0.73634,0.51358,-0.994082,0.00167151,0.71399,0.489549,-0.989276,0.00220348,0.711338,0.489718,-0.997007,0.00155797,0.734306,0.485085,-1.00125,0.00221189,0.724493,0.454672,-0.990245,0.00240865,0.734801,0.464965,-0.9974,0.00220162,0.716722,0.447057,-0.99675,0.00238872,0.755636,0.418485,-0.99402,0.00198984,0.730813,0.392581,-0.994949,0.00197115,0.704523,0.406168,-0.996503,0.00204717,0.742123,0.415502,-0.993658,0.00229822,0.765847,0.441794,-0.994022,0.00259783,0.78667,0.436744,-0.9916,0.00239662,0.767354,0.451604,-0.994089,0.00272362,0.724087,0.416617,-0.998146,0.00204087,0.7317,0.416977,-0.998745,0.00234731,0.743374,0.43037,-0.998242,0.00261637,0.755246,0.384272,-0.99805,0.00233058,0.773448,0.386023,-0.998469,0.00262786,0.7,0,-1,-0.00822911,-0.0370387,-0.0373074,0.131045,-0.238792,1.24365,0.999904,-0.0121709,-0.00668066,-9.55081e-05,5.7544e-05,-0.00997071,-0.0328818,0,0,-0.393076,0.45,1,5,0.785398,0,0,0,0.00910893,0.179535,0.0391858,-0.370141,-1.14166,-0.364825,0.016049,0.192431,0.0301375,0.546537,0.297286,0.508719,0.214581,nan,nan,nan,nan,nan,nan,nan,nan,0.0612338,-0.276051,1.27638,719.779,427.259,672.211,332.955,-3,2.94002,-2,0.160107,-0.280903,1.39671,0.0765419,-0.880672,0.0330636
4.94,0.999802,-0.0161772,-0.0100947,0.00566655,0.0478581,-0.0882588,0.00895202,0.710817,0.418697,-0.936831,-0.0383593,-0.00835611,-0.0299636,0.698089,0.436768,-0.978159,0.000968346,0.671499,0.484688,-0.962345,0.00139992,0.626004,0.471606,-0.980654,0.000195913,0.613102,0.475383,-0.97088,0.000111596,0.633399,0.464514,-0.978141,-0.00170967,0.624972,0.46421,-0.977287,0.00202899,0.683487,0.480659,-0.981194,0.00117346,0.677468,0.516578,-0.97235,0.00149838,0.669163,0.497776,-0.969695,-0.00131747,0.660323,0.498259,-0.993523,0.00105687,0.677033,0.495485,-0.981195,-0.000626875,0.684225,0.514191,-0.99017,-0.000344754,0.702707,0.459784,-0.997381,0.00179156,0.756726,0.460279,-0.974239,0.00145322,0.730323,0.526138,-0.98567,-0.000180474,0.699508,0.55906,-0.981985,0.00104573,0.691065,0.542691,-0.984121,0.000461991,0.678154,0.570792,-0.979727,0.00174947,0.678095,0.575221,-0.991857,0.00164286,0.664345,0.6015,-0.979128,0.00214967,0.673438,0.60072,-0.980211,0.00155961,0.669671,0.583206,-0.979707,0.00191627,0.720341,0.58548,-0.992089,0.00115973,0.664667,0.594531,-0.987974,0.00210237,0.660812,0.614221,-0.988956,0.000399654,0.669161,0.645604,-0.978832,0.00210058,0.668261,0.639212,-0.988537,0.000242937,0.68395,0.672944,-0.984336,0.00139779,0.708004,0.689554,-0.989115,0.000977004,0.719963,0.688402,-0.991313,0.00286662,0.737756,0.70772,-0.982585,0.00213249,0.728951,0.699055,-0.983243,0.00149096,0.729143,0.701852,-1.00049,0.002075,0.713547,0.702745,-0.975292,0.00206717,0.715856,0.682623,-0.983282,0.000457635,0.706217,0.674143,-0.977377,0.00189074,0.72251,0.698937,-0.987803,0.000568512,0.746816,0.711853,-0.98825,0.00173917,0.723914,0.680536,-0.982684,0.0020708,0.738532,0.633166,-0.980125,0.00183651,0.739194,0.658492,-0.990907,0.00228787,0.698476,0.631214,-0.980591,0.00216423,0.706997,0.592767,-0.990299,0.00193304,0.695123,0.546831,-0.984935,0.000953456,0.696799,0.534475,-0.994079,0.00179832,0.721883,0.529559,-0.989335,0.00167019,0.670197,0.549456,-0.992588,0.00212338,0.672101,0.545843,-0.991815,0.00258403,0.680952,0.520811,-0.989553,0.00202449,0.703197,0.502121,-0.99339,0.00149631,0.742087,0.506575,-0.994321,0.00176348,0.715664,0.485293,-0.987835,0.00230962,0.719082,0.486263,-0.998786,0.00157107,0.719944,0.509191,-1.00152,0.00232546,0.693243,0.486081,-0.99042,0.00227492,0.715226,0.461839,-0.997839,0.00231498,0.711504,0.449253,-0.996648,0.00233165,0.740597,0.425257,-0.995331,0.00190171,0.738505,0.408459,-0.995353,0.00197961,0.690926,0.420235,-0.99786,0.00194931,0.741854,0.419318,-0.994605,0.00223079,0.770181,0.437347,-0.993886,0.00260665,0.757262,0.445217,-0.993077,0.00252768,0.762531,0.439623,-0.993913,0.00279232,0.74835,0.464363,-0.997386,0.00202886,0.744098,0.454196,-0.999221,0.00244822,0.725864,0.421572,-0.996683,0.00263902,0.747025,0.392082,-0.999748,0.00229715,0.786855,0.38264,-0.997671,0.00241984,0.763386,0.399693,-0.999085,0.00252521,0.7,0,-1,-0.00795709,-0.0364654,-0.0379524,0.140917,-0.132906,1.22915,0.999951,-0.00677495,-0.00718423,-6.28652e-05,0.0373726,0.0253832,-0.029324,0,0,-0.395216,0.45,1,5,0.785398,0,0,0,0.0091279,0.179895,0.0390806,-1.20065,-0.298309,-0.0461099,0.024183,0.181743,0.0307836,0.534562,0.311931,0.50696,0.216427,nan,nan,nan,nan,nan,nan,nan,nan,0.110038,-0.094889,1.26111,715.075,437.137,671.749,327.685,-2.98193,3,-2,0.171113,-0.270785,1.41201,0.351785,0.392278,-0.0420153
4.96,0.999796,-0.0161855,-0.0106639,0.00568353,-0.0260601,-0.0162342,-0.00457529,0.710319,0.417807,-0.936248,-0.039062,-0.0104996,-0.0249275,0.652325,0.495733,-0.963403,0.001371,0.637412,0.481001,-0.979946,0.000322141,0.625381,0.441523,-0.971035,0.000196614,0.632802,0.441789,-0.978419,-0.00176276,0.642136,0.470077,-0.978243,0.00204697,0.646374,0.434526,-0.979651,0.00134258,0.67199,0.478817,-0.973905,0.0014563,0.694868,0.500757,-0.968591,-0.00126659,0.654665,0.536102,-0.993627,0.00106679,0.680419,0.483379,-0.980784,-0.000577721,0.656158,0.490306,-0.98956,-0.000333162,0.701954,0.460836,-0.998544,0.00196578,0.737773,0.459581,-0.972186,0.00156603,0.719156,0.508214,-0.984597,1.22393e-05,0.693263,0.525873,-0.984136,0.00122058,0.677843,0.505607,-0.982621,0.000586502,0.699206,0.52689,-0.980197,0.00173819,0.703606,0.555596,-0.991175,0.00140498,0.697165,0.589499,-0.978604,0.00217818,0.693635,0.597044,-0.979911,0.00161671,0.66924,0.57814,-0.979986,0.00203195,0.657637,0.547153,-0.992415,0.00109113,0.692786,0.593695,-0.986632,0.00213778,0.649455,0.580916,-0.989768,0.000483266,0.646696,0.634046,-0.979805,0.00192373,0.638067,0.617243,-0.988601,0.000385143,0.679975,0.667052,-0.982999,0.00146843,0.691095,0.664847,-0.990287,0.00104583,0.738033,0.712602,-0.990566,0.00302342,0.739391,0.710841,-0.979935,0.00221586,0.729031,0.694048,-0.98502,0.00121037,0.723422,0.69864,-0.999789,0.00199081,0.699735,0.716477,-0.974285,0.00194614,0.711536,0.669847,-0.981269,0.000354868,0.697577,0.6753,-0.976271,0.00175032,0.74046,0.711587,-0.988379,0.000459849,0.742978,0.723055,-0.987016,0.0016508,0.733587,0.690798,-0.983203,0.00205168,0.750173,0.67881,-0.977409,0.00169467,0.734859,0.654021,-0.988697,0.00226646,0.708756,0.631087,-0.981922,0.00202818,0.727107,0.589465,-0.990511,0.00203258,0.690242,0.561515,-0.985058,0.00104695,0.704127,0.551541,-0.993505,0.00191155,0.717521,0.545143,-0.988408,0.00179281,0.692645,0.55679,-0.992792,0.00208805,0.683587,0.555578,-0.991413,0.00256733,0.665746,0.533555,-0.989723,0.0020855,0.702483,0.51793,-0.992571,0.00135666,0.753975,0.502698,-0.995483,0.00186151,0.690894,0.494309,-0.989275,0.00221718,0.709338,0.498117,-0.997367,0.00150156,0.690841,0.505268,-1.00336,0.00223066,0.707594,0.488945,-0.990155,0.00205396,0.725541,0.472245,-0.997014,0.00233805,0.705138,0.448649,-0.997783,0.0023368,0.720923,0.439874,-0.992558,0.00176294,0.752431,0.434591,-0.993098,0.00198264,0.72218,0.476686,-0.997965,0.00194803,0.751506,0.463267,-0.995116,0.0021307,0.744729,0.457764,-0.994239,0.00269674,0.773935,0.434411,-0.992722,0.00241478,0.781534,0.44959,-0.995374,0.00284355,0.737447,0.44478,-0.996212,0.002024,0.758853,0.4288,-0.998254,0.00238237,0.740467,0.417141,-0.997432,0.00242009,0.77538,0.406688,-0.999575,0.00217212,0.792654,0.392031,-0.997181,0.00259506,0.762867,0.367868,-0.999229,0.0027605,0.774737,0.401413,-0.99695,0.00266878,0.7,0,-1,-0.00412894,-0.00735364,-0.0416096,0.169206,-0.0976248,1.23544,0.99995,-0.00498345,-0.00862249,0.000751002,0.0711373,0.040218,-0.0285162,0,0,-0.39646,0.45,1,5,0.785398,0,0,0,0.00920272,0.180001,0.0390519,1.63265,0.472636,0.190722,0.0117499,0.18923,0.0311314,0.548776,0.297973,0.502893,0.21936,nan,nan,nan,nan,nan,nan,nan,nan,0.115006,-0.123366,1.30217,716.309,432.712,670.273,324.71,-3,3,-2,0.179818,-0.269577,1.4522,-0.0351362,-0.107173,0.251804
4.98,0.999786,-0.0163675,-0.0113383,0.00569559,-0.0076371,-0.0799303,-0.00267904,0.709987,0.417193,-0.935935,-0.0451074,-0.0181823,-0.0235582,0.633803,0.439859,-0.981028,0.000275565,0.602565,0.420861,-0.971977,0.000237329,0.658334,0.443521,-0.978773,-0.00175882,0.655916,0.443425,-0.975958,0.00204861,0.649761,0.435227,-0.981515,0.00142874,0.657265,0.421342,-0.973292,0.00136083,0.695908,0.483848,-0.966946,-0.00117116,0.676865,0.52388,-0.993784,0.000934644,0.68508,0.512115,-0.979812,-0.000568917,0.671952,0.482525,-0.99146,-0.000184801,0.684684,0.466507,-0.998901,0.0019383,0.731788,0.478924,-0.970592,0.00151252,0.742086,0.473085,-0.983022,6.47598e-06,0.70728,0.511493,-0.984835,0.00112608,0.685267,0.512925,-0.983462,0.000396991,0.716483,0.522704,-0.980658,0.00165976,0.723381,0.533402,-0.990472,0.00131478,0.683205,0.568776,-0.977892,0.00214426,0.696365,0.596482,-0.978406,0.00163716,0.685101,0.550339,-0.979878,0.00202995,0.663171,0.558293,-0.991093,0.00110673,0.681001,0.591028,-0.984792,0.00225378,0.660983,0.576106,-0.989111,0.000429964,0.63989,0.607284,-0.980987,0.00199851,0.629493,0.617388,-0.989745,0.000524596,0.670636,0.636596,-0.983052,0.00159911,0.666826,0.627217,-0.992252,0.00113478,0.712282,0.683715,-0.99197,0.00327051,0.733374,0.705403,-0.979477,0.00239417,0.73171,0.712126,-0.983072,0.00134668,0.695587,0.679855,-0.999495,0.00218149,0.675969,0.677677,-0.973872,0.00197336,0.69022,0.697435,-0.979746,0.000181443,0.684697,0.684046,-0.975703,0.00149082,0.720863,0.699766,-0.989459,0.000573209,0.725107,0.69451,-0.985408,0.0017646,0.742043,0.679254,-0.982559,0.00199327,0.741541,0.653172,-0.977691,0.00194781,0.754554,0.638441,-0.98747,0.00227929,0.75132,0.622712,-0.982521,0.00204352,0.740596,0.601206,-0.991129,0.00203573,0.727888,0.585384,-0.982882,0.0010037,0.736484,0.579903,-0.993043,0.00173611,0.720019,0.56694,-0.988761,0.00170906,0.705634,0.598425,-0.992712,0.00210145,0.666616,0.54495,-0.990637,0.00257151,0.680297,0.514799,-0.990012,0.00214705,0.691115,0.534676,-0.992673,0.00121024,0.706325,0.500744,-0.996537,0.0019222,0.700004,0.508464,-0.989389,0.00220307,0.696746,0.51908,-0.997826,0.00150693,0.724077,0.496528,-1.00539,0.00245767,0.712772,0.50538,-0.989719,0.00218241,0.727856,0.47839,-0.995692,0.00237355,0.71982,0.46732,-1.00035,0.0023639,0.735256,0.472522,-0.991812,0.00196824,0.736646,0.429522,-0.992698,0.0019469,0.712056,0.456783,-0.998758,0.00195766,0.754846,0.448686,-0.993833,0.00222259,0.728372,0.458724,-0.995657,0.00253691,0.778992,0.445141,-0.992291,0.00241649,0.773227,0.480995,-0.996089,0.00285412,0.76555,0.472987,-0.998222,0.00192599,0.773584,0.433817,-0.996624,0.00249948,0.762592,0.425118,-0.995856,0.00232161,0.752841,0.394347,-0.999782,0.00198076,0.798194,0.408895,-0.996086,0.00255944,0.750839,0.394055,-0.99938,0.0027744,0.763346,0.406827,-0.998165,0.00286701,0.775233,0.395995,-0.99777,0.00253353,0.7,0,-1,-0.00895645,0.0089812,-0.054818,0.0677854,-0.110884,1.15206,0.999978,-0.00565622,-0.00345482,0.000377837,0.0721572,0.0433435,-0.0345172,0,0,-0.394305,0.45,1,5,0.785398,0,0,0,0.00931569,0.180144,0.0390205,-0.203315,3.03975,0.218137,0.0193886,0.171404,0.0313609,0.534325,0.319537,0.498791,0.229657,nan,nan,nan,nan,nan,nan,nan,nan,-0.0182228,-0.2068,1.2771,712.403,446.781,668.02,329.538,-3,2.98899,-2,0.192168,-0.274056,1.40636,-0.30227,-0.384135,0.0684642
5,0.999787,-0.0159462,-0.0117015,0.00585204,0.0443397,0.0247804,0.0104576,0.709482,0.416006,-0.934556,-0.0336927,-0.00713657,-0.0219314,0.627126,0.405219,-0.970517,0.00014277,0.655867,0.419278,-0.980833,-0.00177133,0.663656,0.443182,-0.976802,0.00214012,0.650721,0.429346,-0.979551,0.00142649,0.63376,0.432671,-0.971533,0.00132671,0.653369,0.466416,-0.967376,-0.00105859,0.661625,0.508608,-0.993716,0.000985701,0.680488,0.5259,-0.980324,-0.000629947,0.678707,0.487298,-0.990534,-5.54959e-05,0.699546,0.47766,-0.999432,0.00191595,0.709116,0.474873,-0.971369,0.00158936,0.753804,0.489057,-0.982268,-3.58649e-07,0.712507,0.513614,-0.985529,0.00111485,0.698313,0.5214,-0.983254,0.000215004,0.711388,0.531119,-0.979496,0.00143183,0.699928,0.536437,-0.989146,0.00142343,0.699369,0.565404,-0.976721,0.00228174,0.692153,0.595254,-0.980298,0.00170175,0.679053,0.556152,-0.979509,0.00213175,0.670024,0.563955,-0.990107,0.00108908,0.643682,0.589318,-0.984431,0.00234719,0.649378,0.597073,-0.990022,0.000269728,0.646918,0.630956,-0.981309,0.00209773,0.622216,0.646633,-0.990045,0.000565439,0.635374,0.630696,-0.980604,0.00177247,0.664675,0.659712,-0.990527,0.00111992,0.718343,0.682375,-0.992349,0.00334992,0.753729,0.704395,-0.980228,0.00231007,0.734791,0.688189,-0.983637,0.00134017,0.712323,0.668685,-0.998124,0.00209162,0.675191,0.679079,-0.973442,0.00199075,0.704164,0.694049,-0.979599,0.000418349,0.701284,0.686282,-0.975772,0.00151254,0.716343,0.6916,-0.989079,0.000736292,0.728162,0.689956,-0.984419,0.00183243,0.740655,0.674431,-0.981374,0.00216852,0.768326,0.636057,-0.977759,0.00163592,0.714995,0.638435,-0.989119,0.00228878,0.739637,0.616299,-0.980367,0.00185982,0.745137,0.624458,-0.990964,0.00218685,0.740183,0.616403,-0.981522,0.000983898,0.740532,0.595363,-0.993993,0.00162073,0.721323,0.583242,-0.990114,0.00178955,0.67617,0.597202,-0.993049,0.00224341,0.64002,0.548366,-0.98966,0.00248239,0.688947,0.533117,-0.991366,0.00217138,0.689935,0.511951,-0.990918,0.00116792,0.689839,0.509891,-0.995918,0.00189645,0.709188,0.50628,-0.991429,0.00233583,0.702505,0.530919,-0.997527,0.00137881,0.739756,0.536221,-1.00623,0.00224078,0.727603,0.525658,-0.988983,0.00224372,0.728183,0.50754,-0.997321,0.00217441,0.746758,0.512874,-0.999529,0.00195351,0.72328,0.46608,-0.994309,0.00200772,0.735138,0.426369,-0.993592,0.00205312,0.736339,0.455747,-0.997221,0.00187586,0.755612,0.487293,-0.994315,0.0022692,0.75181,0.492268,-0.996054,0.00221051,0.782507,0.468733,-0.989634,0.00257061,0.770235,0.496027,-0.996686,0.00296986,0.774045,0.478153,-0.997286,0.00197112,0.757407,0.465921,-0.995588,0.00252581,0.752532,0.415936,-0.995554,0.00231177,0.74175,0.393148,-1.00052,0.00195973,0.773598,0.418425,-0.995838,0.00253195,0.776251,0.397746,-1.00047,0.00282055,0.778441,0.393696,-0.996742,0.00297858,0.773073,0.401015,-0.996842,0.0021968,0.776319,0.417943,-0.996311,0.00264355,0.7,0,-1,-0.00989846,0.0224217,-0.0471564,0.0743719,-0.106804,1.2099,0.999978,-0.00544454,-0.00378751,0.000463548,0.0312374,0.0448225,-0.0346118,0,0,-0.393234,0.45,1,5,0.785398,0,0,0,0.00966667,0.180429,0.0389123,2.39551,3.21286,0.015574,0.000233026,0.177584,0.0309717,0.558611,0.292893,0.500471,0.225247,nan,nan,nan,nan,nan,nan,nan,nan,0.0624122,-0.14884,1.3108,726.823,438.333,666.796,328.074,-2.96292,3,-2,0.199953,-0.269169,1.33519,0.570738,0.552284,0.0813407
5.02,0.999803,-0.0150427,-0.0114114,0.00604317,0.0890416,-0.00828308,0.0148263,0.709113,0.415119,-0.93347,-0.0397017,-0.0199101,-0.0258065,0.652447,0.416437,-0.982294,-0.00168709,0.649609,0.442899,-0.97689,0.00223622,0.649042,0.417496,-0.978538,0.00154498,0.65302,0.409561,-0.972741,0.00120051,0.642761,0.45162,-0.967447,-0.000900482,0.652149,0.477781,-0.99385,0.000834024,0.650284,0.503184,-0.981088,-0.000592274,0.676952,0.499466,-0.991547,-0.0002026,0.695428,0.499211,-0.99891,0.00188119,0.731637,0.47337,-0.972091,0.00183712,0.743861,0.468569,-0.982167,-0.000105148,0.735721,0.490294,-0.98493,0.00116776,0.720563,0.510001,-0.983563,-4.42603e-05,0.710131,0.53365,-0.978415,0.00151927,0.704786,0.499956,-0.989681,0.00148503,0.7044,0.549328,-0.976375,0.00209937,0.681871,0.576231,-0.978478,0.0016231,0.676679,0.565269,-0.97846,0.00218483,0.667979,0.548646,-0.99004,0.00126919,0.626926,0.569835,-0.982939,0.00206075,0.629069,0.609708,-0.990045,0.000226459,0.626712,0.633896,-0.981398,0.0021345,0.650384,0.649521,-0.99065,0.000567376,0.698768,0.630974,-0.980807,0.00182932,0.68292,0.661947,-0.989737,0.00113798,0.736942,0.668417,-0.989554,0.00325695,0.737305,0.707318,-0.981906,0.00221577,0.721081,0.691401,-0.980696,0.00102335,0.696951,0.670057,-0.997946,0.00203508,0.688675,0.653652,-0.973781,0.00186601,0.7029,0.689803,-0.981052,0.000497948,0.725186,0.673285,-0.9754,0.00166111,0.694081,0.671261,-0.989243,0.000433863,0.699965,0.684239,-0.987164,0.00190933,0.762707,0.647054,-0.98159,0.00197271,0.743057,0.67167,-0.975527,0.00161583,0.722291,0.66299,-0.989645,0.0024169,0.682521,0.631352,-0.978883,0.00179161,0.716891,0.625409,-0.990089,0.00210301,0.7316,0.610082,-0.980065,0.00108836,0.723296,0.611327,-0.992074,0.00144256,0.713648,0.605615,-0.989187,0.00199137,0.687089,0.611314,-0.993726,0.00224773,0.660593,0.564506,-0.990347,0.00245006,0.65015,0.560336,-0.99098,0.00216399,0.683428,0.547469,-0.991403,0.00116013,0.693632,0.527493,-0.9966,0.00183448,0.695083,0.529296,-0.992527,0.00232652,0.702545,0.567268,-0.997225,0.0014844,0.747039,0.549416,-1.00722,0.00205437,0.714286,0.538939,-0.989133,0.00238166,0.749654,0.551491,-0.998428,0.00192856,0.735318,0.533413,-0.998801,0.00184762,0.757245,0.446209,-0.993709,0.00198855,0.741664,0.442983,-0.992616,0.00213934,0.747506,0.483887,-0.997333,0.00196871,0.761879,0.531743,-0.992961,0.00225851,0.735291,0.476603,-0.994395,0.00222676,0.75788,0.500404,-0.990451,0.00258661,0.747961,0.464776,-0.99689,0.00289305,0.777131,0.479499,-0.996027,0.00186514,0.744997,0.453751,-0.997153,0.00242994,0.730129,0.421557,-0.99375,0.00233433,0.74059,0.384313,-1.00206,0.00210163,0.758945,0.38564,-0.995687,0.0026969,0.783575,0.401769,-0.999469,0.00252298,0.778346,0.381663,-0.997587,0.00285421,0.774556,0.395733,-0.997821,0.00219442,0.782603,0.402895,-0.996401,0.00238778,0.76145,0.414652,-0.993569,0.00266147,0.7,0,-1,-0.0533224,0.0793583,-0.0347428,0.0343089,0.0809973,1.25902,0.99999,0.00413177,-0.00175352,0.00069275,0.0325752,0.0331728,-0.034284,0,0,-0.392512,0.45,1,5,0.785398,0,0,0,0.00945054,0.180661,0.038767,1.26084,1.87861,-0.124939,-0.00611003,0.190693,0.0307266,0.562296,0.284166,0.491964,0.231621,nan,nan,nan,nan,nan,nan,nan,nan,0.0602441,-0.156339,1.29476,730.847,429.178,663.498,332.176,-3,2.96144,-2,0.194422,-0.253099,1.35959,-0.30045,-0.638678,-0.193754
5.04,0.999809,-0.0145521,-0.0115004,0.00610973,0.109815,-0.0203931,0.0134752,0.709008,0.414839,-0.933147,-0.041687,-0.0231341,-0.0315633,0.671151,0.450833,-0.975327,0.00217883,0.639995,0.417493,-0.978652,0.00192265,0.653543,0.401233,-0.974753,0.00112942,0.626043,0.444097,-0.967521,-0.00081421,0.633711,0.494658,-0.994353,0.00107762,0.641585,0.496386,-0.981358,-0.000481926,0.680162,0.498565,-0.990559,-0.000219466,0.714158,0.466727,-0.998542,0.00176147,0.720768,0.447296,-0.971684,0.00191254,0.750754,0.472056,-0.981961,-0.000307581,0.732673,0.49624,-0.983424,0.00119496,0.73673,0.488169,-0.983666,-0.000226448,0.705007,0.492515,-0.977056,0.00141351,0.704544,0.508422,-0.989718,0.00140914,0.70155,0.535716,-0.977651,0.00191274,0.687478,0.545553,-0.979494,0.00146976,0.675636,0.527864,-0.977024,0.00220953,0.644409,0.530094,-0.989837,0.00111528,0.595816,0.559435,-0.980364,0.00194505,0.647145,0.594865,-0.99001,0.000274055,0.643608,0.621434,-0.979305,0.00233314,0.669078,0.610859,-0.990442,0.000500254,0.678208,0.633604,-0.98054,0.00170539,0.713099,0.648109,-0.988853,0.00116997,0.758204,0.672616,-0.988628,0.00326906,0.70848,0.687308,-0.982323,0.00228422,0.717079,0.682684,-0.982402,0.00129675,0.716924,0.657036,-0.996977,0.00195041,0.697077,0.688948,-0.974141,0.00178663,0.698503,0.711334,-0.981632,0.000498193,0.719809,0.682459,-0.975974,0.00186591,0.691944,0.650427,-0.989782,0.000439283,0.711786,0.678517,-0.987441,0.00171987,0.754459,0.65449,-0.98196,0.00187334,0.740873,0.655614,-0.974141,0.00163774,0.717724,0.641262,-0.988887,0.00234721,0.712914,0.641131,-0.979915,0.00168862,0.722961,0.624543,-0.990302,0.00194471,0.705697,0.608739,-0.978439,0.00101783,0.700522,0.597896,-0.992283,0.00160995,0.684937,0.617611,-0.988066,0.00205765,0.67772,0.601555,-0.994775,0.0021252,0.677714,0.572528,-0.992889,0.00257991,0.650378,0.559523,-0.991065,0.00217503,0.676748,0.555536,-0.991851,0.00123227,0.69128,0.530274,-0.995676,0.00180456,0.674856,0.518006,-0.99136,0.00221012,0.687244,0.535189,-0.996442,0.00149179,0.725881,0.56047,-1.00673,0.00207024,0.727771,0.569674,-0.987985,0.00223235,0.737794,0.554972,-0.998252,0.00198852,0.734029,0.538642,-0.999194,0.00171774,0.728588,0.493236,-0.993601,0.00185681,0.738314,0.474711,-0.993099,0.00213887,0.786508,0.489909,-0.995452,0.00173978,0.761366,0.533154,-0.990414,0.0024696,0.756474,0.489333,-0.99418,0.00240309,0.771358,0.479071,-0.988607,0.00255861,0.7683,0.515081,-0.995872,0.0027573,0.779129,0.500989,-0.997015,0.00184273,0.746462,0.454563,-0.99678,0.0025714,0.742614,0.428714,-0.993035,0.00237226,0.726971,0.399619,-1.00109,0.00237065,0.769358,0.380708,-0.995601,0.00271606,0.771339,0.398573,-0.999078,0.00256891,0.801491,0.407508,-0.99614,0.00272089,0.760497,0.398427,-0.997561,0.00221869,0.792795,0.405148,-0.996298,0.00251438,0.782233,0.425945,-0.994397,0.00259069,0.800393,0.410686,-0.99392,0.00277008,0.7,0,-1,-0.0708502,0.0266992,-0.0533201,-0.0224018,-0.146007,1.19485,0.999972,-0.00744359,0.00114318,0.000146296,0.0695836,0.0237352,-0.0306435,0,0,-0.393387,0.45,1,5,0.785398,0,0,0,0.0092824,0.180765,0.03868,1.62319,-1.19025,-0.737556,0.00250771,0.190753,0.0305416,0.556775,0.290749,0.499,0.226386,nan,nan,nan,nan,nan,nan,nan,nan,0.0274617,-0.281942,1.28188,729.381,424.417,662.988,330.437,-3,2.96965,-2,0.194654,-0.243235,1.41287,-0.0992667,-0.161198,-0.287842
5.06,0.999824,-0.0134213,-0.0115694,0.00617843,0.126842,0.0111073,0.00474701,0.708739,0.414306,-0.932527,-0.0372574,-0.0224754,-0.025398,0.650328,0.43088,-0.978691,0.00202891,0.644686,0.40235,-0.974503,0.00110636,0.632187,0.453075,-0.966389,-0.000974978,0.627091,0.466011,-0.995716,0.00103649,0.623242,0.464932,-0.981844,-0.000415672,0.662793,0.466662,-0.989893,-0.000286897,0.707027,0.453573,-0.996747,0.00163749,0.708473,0.418212,-0.971618,0.00207005,0.740103,0.406494,-0.982359,-0.000199576,0.715508,0.474776,-0.982327,0.00117892,0.701094,0.465519,-0.983571,-0.000308255,0.713798,0.497571,-0.977574,0.00152913,0.696215,0.509187,-0.990419,0.00137532,0.68946,0.541641,-0.976404,0.00201024,0.670225,0.554852,-0.979913,0.00155248,0.653741,0.542191,-0.975486,0.00221371,0.626454,0.533579,-0.987623,0.00106545,0.631892,0.519943,-0.980451,0.00197599,0.646115,0.595969,-0.989162,0.000299241,0.658077,0.611927,-0.978532,0.00216096,0.659801,0.610423,-0.991127,0.000698982,0.670398,0.606592,-0.980832,0.00190009,0.725793,0.664199,-0.987983,0.00140547,0.73178,0.689309,-0.989283,0.00319006,0.714595,0.675285,-0.980808,0.00232879,0.694574,0.674954,-0.982689,0.00122184,0.707862,0.686619,-0.996454,0.002071,0.684176,0.698655,-0.973503,0.0015775,0.712568,0.706728,-0.981759,0.000467921,0.696554,0.68186,-0.977564,0.00190714,0.70263,0.688155,-0.988073,0.000361641,0.699019,0.699761,-0.987038,0.00157461,0.712937,0.678311,-0.981475,0.00179661,0.735003,0.67229,-0.972752,0.00170376,0.738954,0.65562,-0.988596,0.00223386,0.727763,0.636617,-0.979684,0.00180536,0.716559,0.628686,-0.990247,0.00205054,0.692972,0.6043,-0.979502,0.00106649,0.708762,0.609195,-0.992173,0.0015696,0.708543,0.592623,-0.989284,0.00188179,0.660057,0.588911,-0.993681,0.00212889,0.717269,0.575302,-0.992767,0.00265778,0.689333,0.56491,-0.991922,0.00218179,0.705449,0.538357,-0.991888,0.00119663,0.686146,0.525636,-0.995504,0.00185511,0.648232,0.529846,-0.989756,0.00219321,0.668828,0.551973,-0.996289,0.00147067,0.705061,0.58353,-1.00771,0.00188551,0.749382,0.554441,-0.986707,0.00230841,0.710971,0.557846,-0.998649,0.00200137,0.700199,0.548428,-1.0016,0.00188362,0.738491,0.518478,-0.993757,0.00172905,0.733524,0.475258,-0.994164,0.00226801,0.768803,0.500056,-0.996258,0.00170533,0.765724,0.506233,-0.991755,0.00257776,0.738804,0.503796,-0.993193,0.00234104,0.76203,0.484748,-0.988878,0.00256855,0.786251,0.499634,-0.996094,0.00273512,0.778324,0.478596,-0.998861,0.00188059,0.747399,0.451474,-0.997101,0.00245958,0.743542,0.418069,-0.994577,0.00234463,0.757838,0.402261,-1,0.0022777,0.781912,0.412546,-0.997563,0.00272253,0.767039,0.384036,-0.999109,0.00283807,0.817619,0.419159,-0.996406,0.00256666,0.761048,0.421522,-0.996331,0.00244164,0.776231,0.416075,-0.994868,0.00258005,0.787873,0.417649,-0.995394,0.00267934,0.820912,0.387474,-0.992757,0.00270232,0.830243,0.422525,-0.993307,0.00296054,0.7,0,-1,-0.0770336,-0.00578812,-0.0435268,-0.0333322,-0.13659,1.22144,0.999974,-0.00696546,0.00170041,8.32308e-05,0.0586387,0.0619751,-0.0321763,0,0,-0.39717,0.45,1,5,0.785398,0,0,0,0.00922812,0.18079,0.0386468,-2.39541,2.1521,-0.574594,0.0176584,0.183003,0.0307575,0.544333,0.310696,0.507554,0.224474,nan,nan,nan,nan,nan,nan,nan,nan,0.0581152,-0.189696,1.29396,724.938,435.553,670.963,328.491,-2.99762,2.99558,-2,0.19765,-0.226443,1.32934,0.221479,0.0329361,0.308264
5.08,0.999839,-0.0125033,-0.0112967,0.00615368,0.0973454,0.0267282,-0.00660069,0.708571,0.413735,-0.931871,-0.0323955,-0.014821,-0.0281276,0.638222,0.400261,-0.974485,0.00109517,0.632578,0.423845,-0.966126,-0.00102828,0.625725,0.434675,-0.995132,0.000923223,0.655496,0.479082,-0.981627,-0.000291351,0.642603,0.478386,-0.990826,-0.000215584,0.714009,0.440364,-0.995499,0.00166106,0.718149,0.382874,-0.971617,0.00211751,0.695418,0.424005,-0.982779,-0.000373301,0.70287,0.468169,-0.983535,0.00112091,0.656311,0.480401,-0.982081,-0.000184853,0.66429,0.488304,-0.978016,0.00144578,0.672654,0.507879,-0.990232,0.00125502,0.679744,0.526077,-0.975421,0.00207442,0.667453,0.516268,-0.979928,0.00152365,0.634504,0.511394,-0.9757,0.00221584,0.612199,0.519476,-0.986031,0.00109611,0.624843,0.542292,-0.981659,0.00187984,0.65685,0.561869,-0.99031,0.000165967,0.646484,0.607099,-0.978587,0.00214626,0.653237,0.610269,-0.99185,0.000701641,0.683647,0.627519,-0.978959,0.00193046,0.719761,0.640281,-0.986446,0.00159576,0.697835,0.663515,-0.990317,0.00309045,0.717691,0.675899,-0.981559,0.00229647,0.698288,0.68404,-0.979999,0.00121357,0.726774,0.688579,-0.995076,0.00215606,0.70654,0.673202,-0.97347,0.00176607,0.688799,0.670557,-0.982809,0.000502229,0.685217,0.687326,-0.977274,0.00185148,0.702529,0.678083,-0.989959,0.000307136,0.716691,0.700603,-0.986055,0.00169726,0.748963,0.698044,-0.982407,0.00178424,0.769837,0.664541,-0.972333,0.00162099,0.73087,0.653157,-0.98884,0.00221208,0.714101,0.645922,-0.978186,0.00173677,0.7147,0.622066,-0.991927,0.00199434,0.677718,0.633833,-0.977479,0.000891332,0.711714,0.622874,-0.992199,0.00177729,0.689842,0.586793,-0.991523,0.0019599,0.705354,0.615928,-0.992723,0.00217935,0.721962,0.589869,-0.99196,0.0026781,0.700639,0.560307,-0.992825,0.00206682,0.664491,0.555561,-0.991785,0.00130858,0.650539,0.53219,-0.995695,0.0018018,0.641859,0.511661,-0.989395,0.00221295,0.667608,0.555521,-0.996572,0.00163972,0.735074,0.600375,-1.00839,0.00197724,0.729593,0.570149,-0.987161,0.00234724,0.703759,0.563579,-0.999191,0.00211227,0.720308,0.576481,-1.00335,0.00190239,0.728078,0.517588,-0.994179,0.00177847,0.720719,0.515206,-0.994233,0.00213003,0.736975,0.512563,-0.996024,0.00165718,0.748296,0.531397,-0.992292,0.00247314,0.742278,0.51795,-0.993152,0.0022574,0.748287,0.506551,-0.988765,0.00250555,0.786138,0.482707,-0.997408,0.00278163,0.792993,0.474102,-0.999998,0.00202052,0.739563,0.435451,-0.996888,0.00227409,0.719946,0.4174,-0.994217,0.0024881,0.779983,0.422702,-1.00081,0.002263,0.777632,0.411572,-0.996759,0.0027676,0.803239,0.423466,-0.998683,0.002851,0.777531,0.431835,-0.995113,0.00247196,0.800032,0.426672,-0.997307,0.00238065,0.773046,0.411487,-0.993049,0.0025585,0.785359,0.419019,-0.996207,0.00247245,0.824638,0.384019,-0.992601,0.00255402,0.826551,0.413851,-0.99297,0.00287691,0.844708,0.425068,-0.995743,0.00299538,0.7,0,-1,-0.035192,0.0381184,-0.0498525,0.0470543,-0.0242593,1.22566,0.999974,-0.00696546,0.00170041,8.32308e-05,0.0145809,0.0623974,-0.0346992,0,0,-0.392254,0.45,1,5,0.785398,0,0,0,0.0089911,0.180986,0.038559,-2.81762,1.77639,0.307574,0.00161355,0.181853,0.0313749,0.550974,0.296269,0.490272,0.231501,nan,nan,nan,nan,nan,nan,nan,nan,0.078713,-0.11272,1.31256,723.386                                                                                                                                                                                                                                                                                                                                                                                                                                                                                                                                                                                                                                                                                                                                                                                                                                                                                                                                                                                                                                                                                                                                                                                                                                                                                                                                                                                                                                                                                                                                                                                                                                                                                                                                                                                                                                                                                                                                                                                                                                                                                                                                                                                                                                                                                                                                                                                                                                                                                                                                                                                                                                                                                                                                                                                                                                                                                                                                                                                                                                                                                                                                                                                                                                                                                                                                                                                                                                                                                                                                                                                                                                                                                                                                                                                                                                                                                                                                                                                   