t,cur_e0, cur_e1, cur_e2, cur_e3,cur_wx, cur_wy, cur_wz,cur_x, cur_y, cur_z,cur_vx, cur_vy, cur_vz,t_pred,input_1, input_2, input_3, input_4,pred_e0, pred_e1, pred_e2, pred_e3,pred_wx, pred_wy, pred_wz,pred_x, pred_y, pred_z,pred_vx, pred_vy, pred_vz
0,0.721907,-0.0105439,-0.0106839,0.691827,0.000208052,0.001039,8.1285e-05,-0.00134895,0.0285714,0.0207554,-0.000453542,-0.00141666,0.0174945,0.02,3.4383,-0.0221402,-0.000432584,-0.961942,0.721907,-0.0105467,-0.0106794,0.691827,4.73761,-6.57206,238.727,-0.00135349,0.0285572,0.0209303,-1.43955e-05,-0.00142311,0.100937
0.02,0.721911,-0.0105415,-0.0106909,0.691823,-0.00099037,-0.00135785,-0.000717662,-0.00139116,0.0285998,0.0207585,-0.00078965,-0.00123432,0.0173759,0.04,4.90031,-0.0338185,-0.0264077,-0.942786,0.721914,-0.0105404,-0.0106993,0.69182,9.85548,-4.39774,235.992,-0.00139906,0.0285875,0.0209322,-0.00016363,-0.00124324,0.0945994
0.04,0.721914,-0.0105365,-0.0106946,0.69182,7.48919e-05,-0.00122469,-0.00031815,-0.00143457,0.0286293,0.0207645,-0.000957344,-0.00100637,0.0173452,0.06,7.787,0.0165363,0.031119,-0.928391,0.721915,-0.010532,-0.0106988,0.691818,-5.4871,-5.70553,233.9,-0.00144414,0.0286192,0.0209379,3.73994e-05,-0.00102014,0.0822904
0.06,0.721916,-0.0105359,-0.0106891,0.691818,0.000873832,0.00117216,0.000214481,-0.00147795,0.0286608,0.0207747,-0.000955061,-0.000638683,0.0174696,0.08,10.4098,-0.00199817,0.031979,-0.937616,0.721915,-0.0105368,-0.0106818,0.691819,-2.86127,-8.41274,235.191,-0.00148751,0.0286544,0.0209494,0.000374333,-0.000657387,0.0712592
0.08,0.721924,-0.0105254,-0.0106846,0.69181,0.00247172,-0.000692054,-0.00204921,-0.00152048,0.0286939,0.0207887,-0.000975063,-0.000443364,0.0174512,0.1,12.067,0.00794025,-0.00461242,-0.935866,0.721931,-0.010514,-0.0106787,0.691803,0.750119,-1.74818,235.038,-0.00153023,0.0286894,0.0209632,0.000564891,-0.000464604,0.0641921
0.1,0.721942,-0.0105187,-0.0106671,0.691791,0.00167277,0.00356901,-0.0020492,-0.00160487,0.0287638,0.0207935,-0.00121738,6.80847e-05,0.0177501,0.12,13.9955,0.0233836,0.00123372,-0.948176,0.72195,-0.0105249,-0.0106485,0.691784,-2.19079,-0.477736,236.84,-0.00161704,0.0287645,0.020971,0.000566634,4.25411e-05,0.0562879
0.12,0.721943,-0.0105167,-0.0106631,0.691791,0.000873817,0.000639527,0.000613953,-0.00164752,0.0288002,0.0208037,-0.00127471,3.98869e-05,0.0180211,0.14,15.1366,-0.00210755,0.0345738,-0.930718,0.721941,-0.0105158,-0.0106577,0.691793,-3.26021,-8.78091,234.194,-0.00166027,0.0288006,0.020984,0.000654206,1.20811e-05,0.0517053
0.14,0.721961,-0.0106456,-0.0107876,0.691767,-0.00938061,0.000108167,-0.00298616,-0.00175305,0.0288707,0.0208769,-0.00429376,-2.01435e-05,0.0179125,0.16,18.2369,-0.013277,-0.00393905,-0.9501,0.721971,-0.0106796,-0.0108199,0.691756,3.84844,-4.84868,237.053,-0.00179599,0.0288705,0.021056,-0.00194198,-5.47783e-05,0.0384108
0.16,0.721983,-0.0106121,-0.0107536,0.691745,0.00114426,0.000104004,-0.000327666,-0.00211697,0.0290743,0.0207294,-0.00380644,0.000328614,0.0176359,0.18,20.6515,-0.0278804,-0.0141759,-0.9532,0.721985,-0.0106083,-0.0107493,0.691744,7.39889,-5.38617,237.495,-0.00215504,0.0290776,0.0209057,-0.00115166,0.000289425,0.0278637
0.18,0.722016,-0.0105852,-0.0107715,0.691712,0.00154372,0.000902936,-0.000460825,-0.00241064,0.0292913,0.0205117,-0.00238379,0.000340484,0.0177158,0.2,22.4356,0.01358,-0.0301018,-0.948287,0.722017,-0.0105827,-0.0107629,0.69171,3.57792,2.66249,236.914,-0.00243448,0.0292947,0.0206889,0.000499244,0.000303839,0.0203554
0.2,0.722025,-0.0106039,-0.0107818,0.691702,-0.00404893,0.00076979,0.00126923,-0.00251002,0.0293734,0.0204578,-0.00181157,0.000224871,0.0180613,0.22,22.112,-0.0190684,-0.0158489,-0.944841,0.72202,-0.0106212,-0.010793,0.691706,6.29091,-3.91002,236.317,-0.00252814,0.0293756,0.0206384,0.00103372,0.000187524,0.0220772
0.22,0.999885,-0.0151212,-0.000410763,-0.00142568,0.00154371,0.00276716,0.000603448,0.0464427,-0.00652008,-0.0117157,-0.00234308,0.000215189,0.0181784,0.24,24.9741,0.00531628,-0.0488046,-0.881295,0.999885,-0.0151134,-0.000396894,-0.00142287,2.42606,-7.0109,-176.102,0.0464193,-0.00651792,-0.0115339,-0.00226037,-0.0029985,0.0100207
0.24,0.999885,-0.0151145,-0.000419302,-0.00146188,7.89677e-05,0.000636638,0.000603448,0.0462093,-0.0063126,-0.0117368,-0.00234635,0.00139622,0.0182002,0.26,25.4834,-0.019586,-0.0408222,-0.812302,0.999885,-0.0151141,-0.000416075,-0.00145891,-2.21518,-5.62986,-162.271,0.0461858,-0.00629864,-0.0115548,-0.00226022,-0.00188156,0.00787639
0.26,0.999885,-0.0150577,-0.000416802,-0.001507,0.00181251,-0.000429918,-0.000458326,0.0459814,-0.00599947,-0.0116335,-0.00206087,0.00261488,0.0181695,0.28,26.7835,-0.0101687,0.0106037,-0.784767,0.999886,-0.0150486,-0.000419,-0.00150925,-0.236131,4.56413,-156.601,0.0459608,-0.00597332,-0.0114519,-0.00197104,-0.000817188,0.00231537
0.28,0.999886,-0.0150455,-0.00041098,-0.00151305,0.00287777,0.00156746,-5.88521e-05,0.045948,-0.00594397,-0.0116058,-0.00203879,0.00266066,0.0182452,0.3,28.212,0.0148947,0.000363748,-0.730311,0.999886,-0.0150311,-0.000403169,-0.00151346,4.97353,2.35702,-145.743,0.0459276,-0.00591736,-0.0114234,-0.00194559,-0.000951539,-0.00368517
0.3,0.999886,-0.0150435,-0.000418944,-0.00151765,0.000347766,-0.00189465,0.000207455,0.0459159,-0.00588846,-0.0115741,-0.00191381,0.00267043,0.0183517,0.32,28.4226,0.00274703,0.020274,-0.656201,0.999886,-0.0150418,-0.000428404,-0.00151647,2.7577,6.11326,-130.861,0.0458968,-0.00586176,-0.0113905,-0.00181801,-0.000968242,-0.0044741
0.32,0.999886,-0.0150152,-0.000440853,-0.00154508,-5.21503e-05,-0.00109529,-0.000325197,0.0458546,-0.00563424,-0.0116258,-0.00219126,0.00267609,0.0181291,0.34,28.3109,-0.000876217,-0.0031034,-0.646712,0.999886,-0.0150154,-0.000446353,-0.00154662,2.05921,1.40938,-129.028,0.0458326,-0.00560748,-0.0114445,-0.00209064,-0.000941477,-0.00422186
0.34,0.999886,-0.0149917,-0.000415727,-0.00154773,0.00154575,-0.00069582,-0.000857831,0.045818,-0.00551194,-0.0116137,-0.00261266,0.00276477,0.0181061,0.36,31.5515,-0.00454175,-0.0101878,-0.533913,0.999886,-0.014984,-0.000419282,-0.00155197,1.58551,-0.354747,-106.491,0.0457919,-0.0054843,-0.0114327,-0.00250727,-0.00126057,-0.0180285
0.36,0.999886,-0.0149857,-0.000413985,-0.00155525,0.0014126,0.000502603,-0.000990974,0.0458029,-0.00546977,-0.0116052,-0.00270814,0.00293284,0.0178048,0.38,33.1267,-0.0119358,-0.00853483,-0.591552,0.999887,-0.0149786,-0.000411558,-0.00156024,-0.0171138,0.145268,-118.01,0.0457758,-0.00544044,-0.0114271,-0.00259801,-0.00129177,-0.0250299
0.38,0.999887,-0.0149764,-0.000408335,-0.00157136,0.00141259,0.000236281,0.000473758,0.0457687,-0.00538664,-0.0115809,-0.00301562,0.00270245,0.017647,0.4,34.156,0.0103374,-0.0239269,-0.536345,0.999887,-0.0149694,-0.00040713,-0.00156901,4.55778,-3.09343,-107.015,0.0457385,-0.00535962,-0.0114045,-0.00290377,-0.00165073,-0.0295659
0.4,0.999887,-0.0149703,-0.000409779,-0.00160224,0.00181207,0.00063576,-0.000990984,0.0456768,-0.00517227,-0.0114531,-0.00283914,0.00279227,0.017904,0.42,35.9997,0.0238537,0.0194194,-0.484275,0.999887,-0.0149612,-0.000406689,-0.00160724,7.34222,5.42298,-96.4674,0.0456484,-0.00514435,-0.0112741,-0.00272095,-0.00179402,-0.0371512
0.42,0.999887,-0.0149773,-0.000411636,-0.00160844,-0.00191636,-0.00122845,-0.000857817,0.0455933,-0.00497254,-0.0112542,-0.00246632,0.00296425,0.0179658,0.44,32.4251,-0.00871084,-0.0188008,-0.450736,0.999886,-0.0149869,-0.000417827,-0.00161264,0.900177,-2.33005,-89.871,0.0455686,-0.0049429,-0.0110746,-0.00235939,-0.00116858,-0.021885
0.44,0.999886,-0.0149759,-0.000410271,-0.00161336,0.000346366,0.00036964,-0.000857979,0.0455795,-0.00493292,-0.0112049,-0.00225988,0.00300568,0.0182182,0.46,35.6922,-0.00679884,0.00283024,-0.4186,0.999886,-0.0149741,-0.00040849,-0.00161767,1.32516,1.89962,-83.3789,0.0455569,-0.00490287,-0.0110227,-0.00214261,-0.00154312,-0.0355288
0.46,0.999887,-0.0149768,-0.000388225,-0.00160634,-0.000452586,0.00116859,0.000739914,0.0455426,-0.00481483,-0.0110359,-0.00208542,0.00301446,0.0183548,0.48,36.2191,0.00157831,0.0101718,-0.420887,0.999886,-0.014979,-0.000382324,-0.00160273,2.99663,3.37297,-83.8162,0.0455217,-0.00478469,-0.0108523,-0.00197318,-0.00160176,-0.0376334
0.48,0.999887,-0.0149661,-0.000378478,-0.00162263,0.00234256,0.00236802,-0.00338803,0.0455516,-0.00470486,-0.0109024,-0.00194238,0.00292947,0.018373,0.5,36.0243,0.00636114,0.0111432,-0.383494,0.999887,-0.0149544,-0.000366912,-0.00163974,4.00354,3.45402,-76.3328,0.0455322,-0.00467557,-0.0107187,-0.0018338,-0.00165865,-0.0367866
0.5,0.999887,-0.0149353,-0.000389603,-0.00160211,0.0012773,-0.00282514,0.000739857,0.0455795,-0.0046005,-0.0107565,-0.00176622,0.0031734,0.0186662,0.52,40.8117,-0.0112637,-0.019505,-0.371979,0.999887,-0.014929,-0.000403682,-0.0015982,0.496673,-2.71514,-74.1243,0.0455618,-0.00456877,-0.0105698,-0.00163922,-0.00201376,-0.0568565
0.52,0.999887,-0.0149288,-0.000417078,-0.00159855,0.00180991,-0.00335777,0.00153882,0.0455931,-0.0045468,-0.0106651,-0.00166311,0.00314004,0.0186381,0.54,39.9078,0.0185035,0.0191541,-0.335101,0.999887,-0.0149198,-0.000433765,-0.00159061,6.47821,4.92025,-66.6374,0.0455764,-0.0045154,-0.0104787,-0.00152958,-0.00193004,-0.0530401
0.54,0.999887,-0.0149227,-0.000394481,-0.0015955,7.88632e-05,0.00330013,0.000207233,0.0456064,-0.00449207,-0.0105645,-0.00165961,0.00332657,0.018689,0.56,36.9075,0.0106233,-0.0125591,-0.304235,0.999887,-0.0149223,-0.000377967,-0.00159471,4.94708,-1.52125,-60.5594,0.0455898,-0.00445881,-0.0103776,-0.00154319,-0.00136042,-0.0402276
0.56,0.999888,-0.0149106,-0.000374025,-0.00159446,-0.000320613,-0.000161979,0.00047355,0.0456394,-0.00434678,-0.0102715,-0.00139135,0.00385358,0.0184985,0.58,39.931,-0.00730668,0.0270558,-0.287749,0.999887,-0.0149122,-0.000374796,-0.00159208,1.36345,6.34113,-57.1432,0.0456255,-0.00430824,-0.0100866,-0.00127234,-0.00121326,-0.0532787
0.58,0.999885,-0.015088,-0.000370391,-0.00159393,0.00247425,0.000903559,0.00100617,0.0457464,-0.0041964,-0.0101057,-0.00169799,0.00789975,0.0181109,0.6,40.6371,-0.00233132,-0.0165574,-0.30182,0.999885,-0.0150756,-0.000365817,-0.00158896,2.39314,-2.32699,-60.0881,0.0457294,-0.0041174,-0.00992455,-0.00157823,0.00268201,-0.0566675
0.6,0.999885,-0.0150801,-0.000364877,-0.00158893,0.00207389,0.00143496,0.00114298,0.0457835,-0.00414134,-0.0100869,-0.00149877,0.00810882,0.0180906,0.62,39.1261,-0.00286684,0.0150262,-0.282424,0.999885,-0.0150697,-0.000357633,-0.00158332,2.29418,3.92874,-56.1151,0.0457685,-0.00406025,-0.00990601,-0.00138526,0.00308772,-0.0502612
0.62,0.999885,-0.0150684,-0.000353517,-0.00158453,0.00300599,0.00289971,0.00100983,0.0458213,-0.00408685,-0.0100655,-0.00128347,0.00775483,0.017941,0.64,41.9681,-0.0034648,0.0224523,-0.260275,0.999885,-0.0150534,-0.000338968,-0.0015797,2.19061,5.34393,-51.6643,0.0458085,-0.0040093,-0.00988606,-0.00116575,0.00237318,-0.0624991
0.64,0.999886,-0.0150465,-0.000361962,-0.00159715,0.000475614,0.0019686,-0.00298495,0.0460476,-0.0038634,-0.00989618,-0.000640835,0.00375421,0.0184602,0.66,41.8377,0.0310228,0.0114346,-0.268674,0.999885,-0.0150441,-0.000352349,-0.00161222,9.07769,3.17747,-53.3771,0.0460412,-0.00382586,-0.00971157,-0.000520525,-0.00160294,-0.0614257
0.66,0.999885,-0.0150575,-0.000361153,-0.00162089,-0.000723769,-0.000294906,-0.00431655,0.0462249,-0.0038033,-0.00979222,-0.000470331,0.00321668,0.0184339,0.68,38.7901,0.0230179,0.00128193,-0.235635,0.999885,-0.0150611,-0.000362946,-0.00164245,7.51148,1.04566,-46.7953,0.0462202,-0.00377114,-0.00960788,-0.000359175,-0.00175384,-0.0484888
0.68,0.999885,-0.0150793,-0.000361353,-0.00161102,-0.00112324,-2.85902e-05,0.00114294,0.0463223,-0.00377522,-0.00975226,-0.000629009,0.00363628,0.0180209,0.7,39.6954,-0.0024203,0.0138037,-0.187519,0.999885,-0.0150849,-0.0003614,-0.0016053,2.46006,3.39744,-37.1355,0.046316,-0.00373886,-0.00957205,-0.000515153,-0.00145762,-0.0527523
0.7,0.999885,-0.0150806,-0.000365581,-0.00161401,-0.00019113,-0.000960698,-0.000987598,0.0463693,-0.00375777,-0.0097288,-0.000456606,0.00388964,0.018129,0.72,39.1354,0.00626804,-0.0194975,-0.220251,0.999885,-0.0150816,-0.000370457,-0.00161887,4.18507,-3.15962,-43.7816,0.0463648,-0.00371887,-0.00954751,-0.000342964,-0.00113284,-0.0502625
0.72,0.999885,-0.0150788,-0.000365472,-0.00161173,0.000607815,0.000104566,0.000343984,0.0464159,-0.00373817,-0.00970285,-0.000523236,0.00420275,0.0179649,0.74,40.8956,0.0192266,-0.0179577,-0.174563,0.999885,-0.0150757,-0.000364928,-0.00161002,6.8063,-2.9854,-34.6418,0.0464107,-0.00369614,-0.00952321,-0.000404507,-0.00104498,-0.0579134
0.74,0.999885,-0.0150756,-0.000325419,-0.00159786,0.00260518,0.000237721,-5.54946e-05,0.0466528,-0.00360675,-0.00954795,0.000654447,0.0055731,0.0170704,0.76,42.1081,-0.0157076,0.0407452,-0.190443,0.999885,-0.0150625,-0.000324255,-0.00159815,-0.209566,8.78237,-37.6408,0.0466593,-0.00355102,-0.00937725,0.000762421,0.00017095,-0.0639652
0.76,0.999885,-0.0150738,-0.000341438,-0.00160748,-0.000323203,0.00116977,0.000472882,0.0468901,-0.00343813,-0.00934158,0.000634193,0.00542883,0.0175834,0.78,40.1882,0.00919458,0.00532062,-0.190142,0.999885,-0.0150754,-0.000335551,-0.0016052,4.78359,1.70847,-37.6872,0.0468965,-0.00338384,-0.00916574,0.000742673,0.000273591,-0.0552859
0.78,0.999885,-0.0150803,-0.000336523,-0.00161238,-0.00152162,0.00130293,-0.00139133,0.0469357,-0.00340475,-0.009291,0.00079427,0.00557925,0.0176038,0.8,39.9715,0.00218301,-0.00590428,-0.187906,0.999885,-0.0150879,-0.000330101,-0.00161943,3.38808,-0.545985,-37.2723,0.0469437,-0.00334896,-0.00911496,0.000900464,0.000449602,-0.0543439
0.8,0.999885,-0.0150862,-0.000331974,-0.00160663,-0.00138847,0.00116978,0.00127183,0.0469825,-0.00336992,-0.00923797,0.00111626,0.00567598,0.0176519,0.82,42.5779,-0.00660885,-0.0017088,-0.170144,0.999885,-0.0150931,-0.000326019,-0.00160036,1.64081,0.235909,-33.7084,0.0469936,-0.00331316,-0.00906145,0.00122776,0.000209701,-0.0653817
0.82,0.999885,-0.0150702,-0.000344335,-0.00157935,0.00220551,-0.00229064,0.000605978,0.0473987,-0.00318553,-0.00903284,0.00179969,0.00507222,0.0169987,0.84,42.6327,0.0172777,0.0160996,-0.169271,0.999885,-0.0150591,-0.000355759,-0.00157614,6.40809,3.80406,-33.4871,0.0474167,-0.00313481,-0.00886286,0.00191597,-0.000395268,-0.066268
0.84,0.999885,-0.015075,-0.00035539,-0.00156976,-0.000857118,-0.00149169,0.000605989,0.0475181,-0.00313888,-0.00898627,0.00191334,0.00506214,0.0163266,0.86,39.855,0.00870984,0.0135598,-0.181217,0.999885,-0.0150793,-0.000362795,-0.00156662,4.68932,3.33182,-35.885,0.0475372,-0.00308826,-0.008823,0.00202585,-5.0786e-05,-0.0551256
0.86,0.999885,-0.0150705,-0.000362593,-0.00157029,0.0012734,-0.00175801,-0.000326124,0.0475769,-0.00311583,-0.00896139,0.00196137,0.00496387,0.0162972,0.88,41.9811,0.0174072,0.0116578,-0.129413,0.999885,-0.0150642,-0.000371417,-0.00157179,6.45609,2.79933,-25.5318,0.0475966,-0.00306619,-0.00879842,0.00208245,-0.000420197,-0.064198
0.88,0.999885,-0.0150745,-0.000358917,-0.00156072,0.00140656,-0.000426431,0.00113861,0.0477542,-0.00304168,-0.00887057,0.00240141,0.00520489,0.0164451,0.9,43.2244,0.00425969,-0.0170621,-0.139644,0.999885,-0.0150674,-0.000360974,-0.00155499,3.83202,-2.91791,-27.6652,0.0477782,-0.00298963,-0.00870612,0.00252478,-0.000340083,-0.0693385
0.9,0.999886,-0.0150401,-0.000350538,-0.00154475,0.00313762,0.00103831,-0.00112507,0.0479908,-0.00294081,-0.00871164,0.00269738,0.00495188,0.0167754,0.92,42.1272,0.0288961,0.0104474,-0.133529,0.999886,-0.0150244,-0.000345455,-0.00155045,8.74563,2.56993,-26.3644,0.0480177,-0.00289129,-0.00854389,0.00281472,-0.000440022,-0.0643419
0.92,0.999886,-0.0150095,-0.000353119,-0.00153131,-0.000192831,-0.00202339,0.000339609,0.0483227,-0.00285926,-0.0085601,0.00315516,0.00420134,0.0167561,0.94,44.2043,0.028206,0.000843368,-0.123501,0.999886,-0.0150104,-0.000363207,-0.00152946,8.60928,0.618645,-24.3906,0.0483542,-0.00281725,-0.00839254,0.00327934,-0.00144489,-0.0731962
0.94,0.999886,-0.0150077,-0.000361958,-0.0015341,0.000606689,-0.00215743,-0.000852801,0.0483922,-0.00284872,-0.0085334,0.00309003,0.00426321,0.0168975,0.96,41.0921,-0.0197402,0.0247646,-0.10483,0.999886,-0.0150047,-0.000372813,-0.0015382,-0.979288,5.33333,-20.581,0.0484231,-0.00280609,-0.00836443,0.00320854,-0.000984877,-0.0598174
0.96,0.999886,-0.0149934,-0.000352182,-0.00155666,0.00220458,0.000505728,-0.00298334,0.0485318,-0.00282227,-0.00847599,0.00349436,0.00459949,0.0163583,0.98,39.5945,0.0335559,-0.00384165,-0.0861371,0.999886,-0.0149823,-0.000349895,-0.00157161,9.69136,-0.429071,-16.928,0.0485667,-0.00277628,-0.0083124,0.00360516,-0.000452504,-0.0539867
0.98,0.999887,-0.0149723,-0.000366158,-0.00155397,0.00113931,-0.00255691,0.00207666,0.048885,-0.00275174,-0.00831152,0.00363164,0.00422099,0.0158999,1,42.5533,0.0042693,0.0107117,-0.12221,0.999887,-0.0149666,-0.000378795,-0.00154339,3.8133,2.58261,-24.0967,0.0489213,-0.00270953,-0.00815252,0.00375581,-0.0012009,-0.0670301
1,0.999887,-0.0149697,-0.000361423,-0.00153873,0.000874143,-2.47903e-05,7.92877e-05,0.0491287,-0.00271472,-0.00821296,0.00340509,0.00440977,0.015631,1.02,39.7193,0.00645875,0.0129222,-0.126956,0.999887,-0.0149653,-0.000361547,-0.00153833,4.24785,3.03851,-25.0424,0.0491627,-0.00267062,-0.00805665,0.00351947,-0.000650147,-0.055245
1.02,0.999887,-0.0149678,-0.000352658,-0.00153348,0.000607827,0.00210574,0.00127771,0.0491994,-0.0027165,-0.00822189,0.00341127,0.00418732,0.0153777,1.04,40.0919,0.000982242,0.00258852,-0.136209,0.999887,-0.0149648,-0.00034204,-0.00152725,3.15168,0.996222,-26.9244,0.0492335,-0.00267462,-0.00806811,0.00352375,-0.000919418,-0.0570831
1.04,0.999887,-0.0149722,-0.000356983,-0.00154255,7.20278e-05,0.000643233,-0.00231767,0.0494354,-0.0027497,-0.00832083,0.00306663,0.00422283,0.0153688,1.06,39.3941,0.0118047,0.0043788,-0.0655352,0.999887,-0.0149719,-0.000353941,-0.00155418,5.34243,1.14693,-12.7848,0.0494661,-0.00270747,-0.00816714,0.00317856,-0.000796509,-0.054124
1.06,0.999884,-0.0151758,-0.000338852,-0.00156792,0.00180308,-2.2546e-05,0.000611831,0.0499285,-0.00277732,-0.00842702,0.00277988,0.00696542,0.0144766,1.08,41.9306,0.00546044,0.00891581,-0.121493,0.999884,-0.0151668,-0.000338933,-0.00156486,4.09344,2.22118,-23.9555,0.0499563,-0.00270767,-0.00828225,0.0028923,0.00155029,-0.0658029
1.08,0.999884,-0.0151359,-0.000344962,-0.0015828,0.00393156,0.000111094,-0.000990535,0.0501363,-0.00273066,-0.00844713,0.00357234,0.00593155,0.0148118,1.1,43.6967,0.0208787,0.0133239,-0.101502,0.999884,-0.0151162,-0.000344513,-0.00158776,7.17464,3.04733,-19.9426,0.050172,-0.00267134,-0.00829901,0.0036917,0.000303169,-0.0729797
1.1,0.999884,-0.0151108,-0.000347294,-0.00159109,0.00326577,-0.00135364,-0.000857391,0.0502781,-0.00272295,-0.00844279,0.00368448,0.00425148,0.0146906,1.12,42.4071,0.0197766,-0.0208522,-0.0644624,0.999885,-0.0150944,-0.000354152,-0.00159527,6.97164,-3.89939,-12.6372,0.0503149,-0.00268043,-0.00829588,0.00380113,-0.00120173,-0.0676161
1.12,0.999884,-0.0151354,-0.000338525,-0.00159194,-0.00166257,-0.00068661,0.000740468,0.0506585,-0.00285086,-0.00854179,0.00389095,0.00100909,0.0141531,1.14,43.1607,0.00104386,-0.00622068,-0.0718094,0.999884,-0.0151437,-0.000341888,-0.00158819,3.22507,-0.95859,-14.0608,0.0506975,-0.00284077,-0.00840026,0.00400644,-0.00455007,-0.0713587
1.14,0.999884,-0.0151571,-0.000338266,-0.00159596,0.00166799,0.00131202,-0.00165636,0.0509443,-0.00299566,-0.00863071,0.00385201,0.00141812,0.0144265,1.16,38.6571,0.0136588,0.0120573,-0.0685064,0.999884,-0.0151487,-0.000331845,-0.00160434,5.74674,2.69086,-13.3449,0.0509829,-0.00298148,-0.00848644,0.00395533,-0.0035681,-0.0519298
1.16,0.999884,-0.0151493,-0.000332673,-0.00159385,0.00220062,0.00131202,0.000607322,0.0510112,-0.0030267,-0.00864675,0.0038536,0.00169991,0.014468,1.18,43.4327,-0.00986585,0.00297994,-0.0749334,0.999884,-0.0151383,-0.000326085,-0.00159091,1.04231,0.886338,-14.6565,0.0510497,-0.0030097,-0.00850207,0.00396763,-0.00389942,-0.0722007
1.18,0.999884,-0.0151428,-0.000338346,-0.00157764,0.000469562,0.000646232,0.00220522,0.0511446,-0.0030805,-0.00866598,0.00392918,0.00207802,0.0147491,1.2,43.3604,0.01328,0.0182303,-0.103452,0.999884,-0.0151405,-0.000334952,-0.00156666,5.65448,4.0308,-20.3182,0.0511839,-0.00305972,-0.00851849,0.00404521,-0.00350962,-0.0716122
1.2,0.999884,-0.0151422,-0.00032842,-0.0015669,0.00260009,0.00117886,0.00233838,0.0513452,-0.00315086,-0.00867247,0.00452905,0.00229824,0.0147367,1.22,41.9947,0.0270151,0.0241539,-0.0811873,0.999884,-0.0151292,-0.000322369,-0.0015553,8.40594,5.15022,-15.8509,0.0513905,-0.00312788,-0.0085251,0.00463794,-0.00311317,-0.0658158
1.22,0.999884,-0.0151168,-0.000317753,-0.00154731,0.00166799,0.000246759,0.000607329,0.0517373,-0.00326624,-0.00861002,0.00451716,0.00190497,0.0146468,1.24,42.3061,0.0324247,-0.0150748,-0.0898489,0.999885,-0.0151084,-0.000316486,-0.00154429,9.49233,-2.66939,-17.7059,0.0517824,-0.00324719,-0.00846355,0.00462313,-0.00353741,-0.0672304
1.24,0.999885,-0.0151109,-0.000313667,-0.00153767,0.00166799,0.000912548,0.00247154,0.0518012,-0.0032869,-0.00859197,0.00461489,0.00169938,0.0146432,1.26,41.8845,0.00908612,0.0196012,-0.0559184,0.999885,-0.0151025,-0.000308931,-0.00152538,4.82421,4.1543,-10.8162,0.0518474,-0.00326991,-0.00844553,0.0047184,-0.00368665,-0.0654409
1.26,0.999885,-0.015116,-0.000314992,-0.00153744,-0.00112655,-0.000419673,8.18503e-05,0.0518648,-0.00330893,-0.00857162,0.00458784,0.00145973,0.0145951,1.28,40.6285,0.0178193,0.00215368,-0.0890302,0.999884,-0.0151216,-0.000317075,-0.001537,6.56789,0.768313,-17.4911,0.0519107,-0.00329434,-0.00842567,0.00468871,-0.00376657,-0.0601468
1.28,0.999885,-0.0151206,-0.000286675,-0.00152952,7.1869e-05,0.000778751,-5.1303e-05,0.052268,-0.00346279,-0.00839956,0.00594569,0.000335549,0.0144134,1.3,45.824,0.00910467,0.024629,-0.0377639,0.999884,-0.0151203,-0.000282786,-0.00152984,4.83195,5.09955,-7.17208,0.0523275,-0.00345943,-0.00825543,0.00604846,-0.00556086,-0.0824267
1.3,0.999885,-0.0151002,-0.000287635,-0.00153716,-0.000460287,0.000647281,0.00114711,0.0526188,-0.00363039,-0.00836349,0.00584167,0.000103947,0.0139679,1.32,38.1238,-0.0213984,-0.011776,-0.0222043,0.999885,-0.0151024,-0.000284308,-0.00153147,-1.25847,-2.23693,-4.16728,0.0526772,-0.00362935,-0.00822381,0.00592745,-0.00479499,-0.0501205
1.32,0.999885,-0.0151004,-0.000279755,-0.00153452,0.00193656,0.00157939,0.00114711,0.0527537,-0.003705,-0.00838121,0.00592273,0.000101085,0.0139507,1.34,39.3537,0.00643255,0.0240867,-0.0695407,0.999885,-0.0150907,-0.000271787,-0.0015289,4.2869,5.08472,-13.5273,0.052813,-0.00370399,-0.0082417,0.00600866,-0.00495597,-0.0553691
1.34,0.999885,-0.0150935,-0.000276192,-0.00153904,0.00180341,0.000780443,-0.00111658,0.0528202,-0.00374005,-0.00838707,0.00588165,0.000287303,0.0137114,1.36,41.9379,-0.0160592,0.0242941,-0.0473482,0.999885,-0.0150845,-0.000272388,-0.00154468,-0.207526,5.05149,-9.08655,0.052879,-0.00373718,-0.00824996,0.00597193,-0.00509937,-0.0665998
1.36,0.999885,-0.0150872,-0.000272049,-0.00153311,0.000338664,0.00144623,0.000215005,0.0529537,-0.00380916,-0.00839408,0.00607525,5.61322e-05,0.0134425,1.38,41.0173,0.0245675,-0.0176656,-0.0825597,0.999885,-0.0150855,-0.000264805,-0.00153214,7.91961,-3.22166,-16.2581,0.0530144,-0.0038086,-0.00825965,0.00616213,-0.0052101,-0.0629532
1.38,0.999885,-0.0150546,-0.000277145,-0.00154298,0.00140393,0.000114648,0.000747633,0.0532897,-0.00399139,-0.00837286,0.00636648,-0.000529193,0.013443,1.4,39.4139,-0.00168096,0.00213544,-0.044914,0.999886,-0.0150476,-0.000276527,-0.00153925,2.66856,0.617175,-8.66668,0.0533534,-0.00399668,-0.00823843,0.00645164,-0.00557863,-0.0561332
1.4,0.999885,-0.0150793,-0.000267927,-0.00156234,-0.00179393,0.00131312,-0.0031257,0.0536168,-0.00414886,-0.00852581,0.00689809,-0.000440664,0.0135077,1.42,43.5123,0.00960276,0.00603014,-0.0643675,0.999885,-0.0150883,-0.000261584,-0.00157807,4.92441,1.45659,-12.5419,0.0536858,-0.00415327,-0.00839073,0.00698857,-0.00602431,-0.0735005
1.42,0.999885,-0.0150714,-0.000259961,-0.00157162,0.00206766,0.00197891,-0.00219359,0.0537018,-0.00418816,-0.00856198,0.0069059,-0.000752639,0.0134963,1.44,42.4041,0.00761937,-0.00250842,-0.0564421,0.999885,-0.0150611,-0.000250249,-0.00158274,4.53093,-0.277112,-10.9808,0.0537708,-0.00419569,-0.00842702,0.00699115,-0.00619122,-0.0687983
1.44,0.999885,-0.015071,-0.000243165,-0.0015608,0.000203442,0.00410945,0.00286641,0.0537862,-0.00422762,-0.00859495,0.00702263,-0.000601162,0.0134218,1.46,41.3472,0.0101185,-0.00307141,-0.0553062,0.999885,-0.0150699,-0.000222406,-0.00154678,5.03115,-0.395723,-10.7576,0.0538564,-0.00423363,-0.00846073,0.00709991,-0.00590402,-0.0643772
1.46,0.999885,-0.0150621,-0.000205517,-0.00157738,0.00393108,0.00264481,-0.00139465,0.054249,-0.0044262,-0.00884867,0.0073865,-0.000846579,0.0126487,1.48,39.6037,0.00735385,0.0196399,-0.048389,0.999886,-0.0150424,-0.00019243,-0.00158455,4.47064,4.11672,-9.3024,0.0543229,-0.00443466,-0.00872218,0.00744776,-0.00592283,-0.0577349
1.48,0.999885,-0.0150732,-0.000188413,-0.00159463,-0.00139524,0.00224532,-0.000862025,0.0546029,-0.00458196,-0.00901476,0.00785627,-0.00118623,0.0122477,1.5,41.3746,0.0185769,0.00772069,-0.0262686,0.999885,-0.0150802,-0.000177242,-0.00159911,6.7245,1.66675,-4.91165,0.0546815,-0.00459382,-0.00889228,0.00791414,-0.00649337,-0.0656678
1.5,0.999885,-0.0150715,-0.000185016,-0.00159522,0.000470995,0.000780941,-6.30299e-05,0.0546847,-0.00461967,-0.00905678,0.00791043,-0.00117776,0.0120892,1.52,41.9938,-0.00741051,0.0126972,-0.0279049,0.999885,-0.0150691,-0.00018112,-0.00159559,1.52578,2.6579,-5.22279,0.0547638,-0.00463145,-0.00893589,0.00796795,-0.00656371,-0.0684602
1.52,0.999885,-0.0150637,-0.000192177,-0.00160044,0.00233521,-0.00148275,-0.000728814,0.0548465,-0.00469416,-0.00913558,0.00780885,-0.00139048,0.0116845,1.54,40.124,-0.0138113,0.00801826,-0.0103528,0.999885,-0.015052,-0.000199664,-0.00160397,0.247293,1.66867,-1.72558,0.0549246,-0.00470806,-0.00901874,0.00786624,-0.00653397,-0.0609121
1.54,0.999885,-0.0150821,-0.000169197,-0.00160403,-0.0105811,0.00251203,-0.000728768,0.0551602,-0.00485432,-0.00925318,0.00752293,-0.00144285,0.0143046,1.56,41.1502,0.0209623,-0.000999648,-0.0379917,0.999884,-0.015135,-0.000156608,-0.00160787,7.2046,-0.0447473,-7.28043,0.0552355,-0.00486874,-0.00911014,0.00757371,-0.00672431,-0.0626566
1.56,0.999883,-0.0151976,-0.000172969,-0.00160983,0.00286784,-0.000950113,-0.000196191,0.0553846,-0.00490449,-0.00928228,0.00756488,0.00170304,0.0113135,1.58,44.5011,-0.000610199,0.0238206,-0.021235,0.999883,-0.0151832,-0.000177757,-0.00161073,2.90754,4.8625,-3.85215,0.0554603,-0.00488746,-0.00916915,0.00762112,-0.00405221,-0.079899
1.58,0.999884,-0.0151757,-0.000178956,-0.00162389,0.000469381,0.000646888,-0.00152205,0.0557245,-0.00498269,-0.00945831,0.00818796,-0.000824655,0.0113714,1.6,38.7679,0.0182457,0.00418899,-0.0252107,0.999884,-0.0151733,-0.000175841,-0.00163155,6.68009,0.95593,-4.70476,0.0558063,-0.00499094,-0.0093446,0.00823887,-0.00583122,-0.0554561
1.6,0.999884,-0.0151691,-0.000179183,-0.001636,0.0016678,-1.8908e-05,-0.00298679,0.0558128,-0.00501713,-0.00949425,0.00846576,-0.00173359,0.0112584,1.62,40.8136,-0.000265352,0.00402371,0.00428109,0.999884,-0.0151608,-0.000179518,-0.00165093,2.97954,0.827406,1.1955,0.0558975,-0.00503446,-0.00938166,0.00851937,-0.00700207,-0.0642701
1.62,0.999884,-0.0151594,-0.000179353,-0.00164384,0.00246676,-1.89054e-05,-0.00192151,0.0559029,-0.00505759,-0.00952672,0.00864366,-0.00250485,0.0113455,1.64,39.9841,0.00862093,0.00565988,-0.0451493,0.999884,-0.015147,-0.000179613,-0.00165345,4.74913,1.30743,-8.68323,0.0559893,-0.00508264,-0.00941327,0.00869621,-0.00766294,-0.0606549
1.64,0.999884,-0.0151728,-0.000172518,-0.00163885,0.00153463,-0.0032147,0.0024727,0.0563605,-0.00529434,-0.00964875,0.00936772,-0.00335603,0.0111523,1.66,43.5478,0.0230732,0.00382994,-0.0306088,0.999884,-0.0151651,-0.000188415,-0.00162625,7.6441,0.900844,-5.78249,0.0564542,-0.0053279,-0.00953723,0.00942244,-0.00897881,-0.0760057
1.66,0.999884,-0.0151602,-0.000155205,-0.00163884,0.00220043,-0.000285225,0.000475326,0.0567405,-0.00546609,-0.00969567,0.00982481,-0.0023174,0.0112015,1.68,41.9478,0.0204018,0.00606654,-0.0284287,0.999884,-0.0151492,-0.000156613,-0.00163644,7.10714,1.33709,-5.33959,0.0568388,-0.00548927,-0.00958365,0.00987135,-0.00772908,-0.0691512
1.68,0.999884,-0.0151551,-0.000142344,-0.00162815,0.00126831,0.00317689,0.00273902,0.0568211,-0.00549832,-0.00971461,0.00970094,-0.00193769,0.0110724,1.7,39.0251,-0.0114761,-0.0184019,-0.0297097,0.999884,-0.0151488,-0.000126264,-0.0016147,0.739173,-3.56518,-5.67111,0.0569181,-0.0055177,-0.00960389,0.00974002,-0.00697064,-0.0568492
1.7,0.999884,-0.0151444,-0.000108997,-0.00163096,0.0019363,0.000913567,-0.00112252,0.0571438,-0.00560618,-0.00977385,0.0100364,-0.00141461,0.0106689,1.72,41.675,0.00647752,-0.00240033,-0.0279836,0.999884,-0.0151347,-0.000104531,-0.00163664,4.32315,-0.371342,-5.27733,0.0572442,-0.00562033,-0.00966716,0.0100663,-0.00678547,-0.0685235
1.72,0.999885,-0.015111,-9.43886e-05,-0.00163254,-0.000194775,0.000780709,0.001008,0.0577744,-0.00583465,-0.0100292,0.0115853,-0.00326382,0.00934116,1.74,41.0781,0.0157433,-0.00294024,-0.061728,0.999884,-0.0151119,-9.04077e-05,-0.00162756,6.16414,-0.37741,-12.0269,0.0578903,-0.00586729,-0.00993583,0.0116097,-0.00854608,-0.0673131
1.74,0.999885,-0.0151079,-9.83958e-05,-0.00162667,0.000737334,-0.00108351,0.00140747,0.0578732,-0.00587572,-0.010085,0.0117013,-0.00324393,0.00903289,1.76,41.8711,0.00338166,-0.00146804,-0.0403727,0.999885,-0.0151042,-0.000103712,-0.00161955,3.69503,-0.150808,-7.75282,0.0579902,-0.00590816,-0.00999467,0.0117276,-0.00862704,-0.0709942
1.76,0.999885,-0.0151079,-9.92146e-05,-0.00162122,-6.03154e-05,-0.000285846,0.00128483,0.0579713,-0.00591664,-0.01014,0.0115732,-0.00335071,0.00878417,1.78,40.6025,0.0168947,0.0149215,-0.0344246,0.999885,-0.0151082,-0.000100546,-0.00161477,6.39204,3.1133,-6.51518,0.058087,-0.00595015,-0.0100521,0.011599,-0.00857074,-0.0658471
1.78,0.999885,-0.0150914,-9.57368e-05,-0.00159437,-6.03166e-05,0.00264363,0.00208377,0.0585523,-0.00614884,-0.0104153,0.0114465,-0.00277085,0.00893893,1.8,43.8758,0.0214246,0.00192002,-0.0412805,0.999885,-0.0150917,-8.23624e-05,-0.00158415,7.29803,0.534533,-7.93093,0.0586668,-0.00617654,-0.0103259,0.0114732,-0.00840555,-0.0796151
1.8,0.999885,-0.0150509,-7.86644e-05,-0.00160079,0.00140442,0.002111,0.000219568,0.0590233,-0.00631027,-0.0105565,0.0114743,-0.00252724,0.00891795,1.82,41.5711,-0.00599617,-0.00781153,-0.0176797,0.999886,-0.0150439,-6.81054e-05,-0.00159986,1.8127,-1.4951,-3.23883,0.059138,-0.00633554,-0.0104673,0.0114936,-0.00785165,-0.0698339
1.82,0.999885,-0.0150537,-7.55043e-05,-0.00158341,0.000738539,-0.00028577,0.0023501,0.0591987,-0.00636925,-0.0106632,0.0114224,-0.0023718,0.00890652,1.84,38.8852,-0.000455211,0.0134454,-0.0301164,0.999885,-0.01505,-7.6762e-05,-0.00157164,2.91335,2.79439,-5.66546,0.0593129,-0.00639296,-0.0105742,0.0114395,-0.00735311,-0.0584209
1.84,0.999885,-0.0150513,-7.28989e-05,-0.00158057,0.000474199,0.000513871,0.000619085,0.0592789,-0.00639661,-0.0107166,0.0113867,-0.00242834,0.00857544,1.86,38.2166,0.00705968,0.00189002,-0.0209138,0.999885,-0.015049,-7.0287e-05,-0.00157752,4.4204,0.457726,-3.86063,0.0593927,-0.00642089,-0.0106309,0.0114027,-0.00732322,-0.055908
1.86,0.999885,-0.0150597,-6.34311e-05,-0.00157676,-0.00152317,-0.000950866,0.00101856,0.0597613,-0.00657407,-0.0109994,0.0115731,-0.00307557,0.00770693,1.88,42.2928,0.0115423,0.0166182,-0.0271443,0.999885,-0.0150673,-6.80962e-05,-0.00157159,5.31282,3.42134,-5.06303,0.059877,-0.00660483,-0.0109224,0.0115873,-0.00849554,-0.0741144
1.88,0.999886,-0.0150295,-6.73657e-05,-0.00156844,0.000739343,-0.000418689,-0.000984789,0.0601757,-0.0067258,-0.0111863,0.011994,-0.00272243,0.00737756,1.9,44.7763,-0.000290568,-0.000932844,-0.00014058,0.999886,-0.0150258,-6.95387e-05,-0.00157333,2.94808,-0.172745,0.282738,0.0602956,-0.00675303,-0.0111125,0.0120107,-0.00844919,-0.0850075
1.9,0.999886,-0.0150113,-6.86394e-05,-0.00156624,0.00446777,-0.00041869,0.000479964,0.0602631,-0.00675179,-0.0112166,0.0120691,-0.00246635,0.00740304,1.92,46.7146,0.0109614,0.0191669,-0.0111173,0.999886,-0.0149889,-7.07316e-05,-0.0015638,5.18721,3.88347,-1.85259,0.0603838,-0.00677646,-0.0111425,0.012087,-0.00843375,-0.0932263
1.92,0.999886,-0.0150035,-9.34267e-05,-0.00157484,-5.96099e-05,-0.00348132,-0.00191689,0.0605209,-0.00682784,-0.011326,0.0119268,-0.00247924,0.00729826,1.94,41.3403,-0.000952316,0.00186013,-0.0233252,0.999886,-0.0150038,-0.000110975,-0.00158416,2.8084,0.460359,-4.34398,0.0606402,-0.00685263,-0.011253,0.0119513,-0.0077574,-0.0704724
1.94,0.999887,-0.0149876,-9.86854e-05,-0.00157848,0.0024703,0.000247268,-0.000452165,0.0610412,-0.00699122,-0.0116,0.0120447,-0.00228187,0.0073435,1.96,44.8456,0.0259346,0.0191977,-0.0257287,0.999887,-0.0149753,-9.75026e-05,-0.00158076,8.17473,3.94414,-4.77246,0.0611617,-0.00701404,-0.0115266,0.0120734,-0.00800154,-0.0853369
1.96,0.999887,-0.0149721,-9.83894e-05,-0.00156958,0.00207083,-0.00228274,0.00034679,0.0613044,-0.00705568,-0.0116992,0.0119188,-0.00160237,0.00737305,1.98,39.2835,0.00422841,0.020414,0.0296342,0.999887,-0.0149618,-0.000109792,-0.00156767,3.83222,4.0146,6.3011,0.0614235,-0.00707171,-0.0116254,0.0119439,-0.00660745,-0.0616492
1.98,0.999887,-0.01497,-9.86162e-05,-0.00156325,0.000472916,-0.000152212,0.00154521,0.0613734,-0.00706803,-0.0117339,0.0120376,-0.00153564,0.00733213,2,39.4882,0.0227095,-0.000621427,-0.0106303,0.999887,-0.0149677,-9.92652e-05,-0.00155551,7.53442,-0.0656229,-1.81552,0.0614938,-0.00708339,-0.0116605,0.0120629,-0.00656608,-0.0625608
2,0.999887,-0.0149758,-9.56491e-05,-0.00157897,-0.0024545,-0.00108355,-0.00351475,0.0615146,-0.00709397,-0.0117937,0.0118658,-0.00171121,0.00751495,2.02,39.9251,0.0133602,0.00698853,-0.00780057,0.999886,-0.0149881,-0.00010131,-0.00159647,5.66411,1.44426,-1.2235,0.0616332,-0.00711108,-0.0117185,0.0118903,-0.00679929,-0.0642365
2.02,0.999885,-0.015115,-9.58012e-05,-0.00158862,0.00393713,-1.836e-05,0.00101263,0.0618524,-0.00706149,-0.0119434,0.0116651,0.000780072,0.00741147,2.04,40.179,0.00796684,-0.0116658,-0.034958,0.999885,-0.0150953,-9.58477e-05,-0.00158355,4.61708,-2.20552,-6.70852,0.061969,-0.00705369,-0.0118692,0.0116896,-0.00438795,-0.0654184
2.04,0.999885,-0.0150928,-9.4349e-05,-0.00156938,-0.000191892,0.00144662,-5.58054e-05,0.0621464,-0.00707869,-0.0120793,0.0122608,-0.00230938,0.00826395,2.06,42.3181,0.0220739,0.0185855,-0.0172105,0.999885,-0.0150937,-8.71195e-05,-0.00156977,7.42497,3.79441,-3.07217,0.062269,-0.00710179,-0.0119967,0.0122863,-0.00774454,-0.0736646
2.06,0.999885,-0.0150868,-8.86705e-05,-0.00157177,0.001406,0.00131346,-0.000588443,0.0622228,-0.00709797,-0.0121031,0.012258,-0.00290897,0.00824741,2.08,39.7589,0.0201402,0.0175335,-0.0291693,0.999885,-0.0150797,-8.21594e-05,-0.00157481,7.03654,3.61837,-5.46633,0.0623454,-0.00712706,-0.0120206,0.01228,-0.00801339,-0.0627959
2.08,0.999885,-0.0150829,-7.94175e-05,-0.00155136,-0.00152348,0.00304452,0.00393893,0.0625318,-0.00720157,-0.0121702,0.0122883,-0.00367281,0.00823859,2.1,38.4301,0.00797658,0.00535353,-0.00614612,0.999885,-0.0150905,-6.38878e-05,-0.00153189,4.60976,1.10748,-0.902825,0.0626547,-0.0072383,-0.0120879,0.0123066,-0.00860536,-0.0571529
2.1,0.999885,-0.0150839,-5.51315e-05,-0.00154989,0.00100653,0.000514512,0.000210511,0.062848,-0.00730502,-0.0122042,0.0123765,-0.00313219,0.00816222,2.12,37.9729,-0.00581523,0.00180582,-0.00640326,0.999885,-0.0150789,-5.25511e-05,-0.00154887,1.85312,0.389663,-0.96505,0.0629718,-0.00733634,-0.0121226,0.0123868,-0.00800637,-0.0552844
2.12,0.999885,-0.0150762,-4.34393e-05,-0.00155583,-5.87377e-05,0.000514514,-0.00125423,0.0630045,-0.00734838,-0.0122111,0.0119469,-0.00270534,0.00811976,2.14,37.4498,0.0121214,0.0127996,-0.00819759,0.999885,-0.0150765,-4.09611e-05,-0.00156214,5.43462,2.59681,-1.28971,0.0631239,-0.00737544,-0.0121299,0.0119532,-0.00750993,-0.0531023
2.14,0.999885,-0.0150793,-4.41906e-05,-0.00155391,-0.000857688,-0.000284433,0.000476827,0.0630821,-0.00736645,-0.0122108,0.011987,-0.00243588,0.00817348,2.16,39.4247,0.0036833,0.00935938,0.0153804,0.999885,-0.0150836,-4.557e-05,-0.0015515,3.74916,1.83526,3.41467,0.063202,-0.00739081,-0.0121291,0.0119939,-0.00749488,-0.0614486
2.16,0.999885,-0.0150584,-3.24663e-05,-0.00155027,0.00287074,0.00104714,0.00127578,0.0632383,-0.00739881,-0.0122029,0.0119071,-0.00231059,0.00841301,2.18,39.4817,-0.00330854,-0.000640226,-0.00462913,0.999886,-0.0150441,-2.71574e-05,-0.00154397,2.35017,-0.108622,-0.617609,0.0633574,-0.00742192,-0.0121188,0.0119101,-0.00736987,-0.0614515
2.18,0.999886,-0.0149958,1.07501e-05,-0.00157336,0.00100789,0.00238025,-0.00205314,0.0635309,-0.00749235,-0.0121863,0.011936,-0.00285149,0.00792733,2.2,41.836,0.00255169,-0.0097874,0.00689504,0.999886,-0.0149908,2.24881e-05,-0.0015838,3.51228,-1.97928,1.66414,0.0636503,-0.00752086,-0.0121071,0.0119238,-0.00819015,-0.0719515
2.2,0.999887,-0.0149811,-7.26944e-06,-0.00157958,0.00194076,-0.00148144,-0.000588376,0.0638231,-0.00760109,-0.0122247,0.01257,-0.0036258,0.00836524,2.22,42.1436,0.00946467,-0.0149746,-0.0230484,0.999887,-0.0149714,-1.47352e-05,-0.00158242,4.89236,-2.92107,-4.33815,0.0639488,-0.00763735,-0.012141,0.0125641,-0.00899845,-0.0728225
2.22,0.999887,-0.0149707,-1.91414e-06,-0.00158103,0.00247464,0.00118157,-0.000324612,0.0638821,-0.0076234,-0.012239,0.0126944,-0.00384579,0.00822788,2.24,39.9925,0.00975889,-0.0103113,-0.0108606,0.999887,-0.0149583,3.94916e-06,-0.00158274,4.94847,-2.02604,-1.88658,0.064009,-0.00766186,-0.0121567,0.012687,-0.00894065,-0.0638103
2.24,0.999887,-0.0149645,9.25535e-06,-0.00158522,0.00140937,0.00264631,-0.000990402,0.0639422,-0.00764675,-0.0122518,0.0127092,-0.00386878,0.00822996,2.26,39.761,-0.00271498,0.0131384,0.0311798,0.999887,-0.0149574,2.24001e-05,-0.00159037,2.44402,2.53136,6.59157,0.0640693,-0.00768544,-0.0121695,0.0126981,-0.00893206,-0.0628234
2.26,0.999887,-0.0149683,2.17362e-05,-0.00157807,-0.000321676,-0.000948963,0.00127328,0.0641851,-0.00772773,-0.0123084,0.0129854,-0.00337156,0.00814964,2.28,39.8041,0.0154826,-0.0135527,-0.0475216,0.999887,-0.0149699,1.70898e-05,-0.00157163,6.09028,-2.56743,-9.22817,0.0643149,-0.00776144,-0.0122269,0.0129701,-0.0084416,-0.0630871
2.28,0.999887,-0.0149584,4.15175e-05,-0.00159177,0.00154319,0.00011633,0.00127329,0.0644179,-0.00778127,-0.0124156,0.0131142,-0.00293099,0.00819428,2.3,41.8267,0.0182077,0.0184395,-0.00239233,0.999887,-0.0149507,4.21821e-05,-0.00158541,6.62596,3.69213,-0.104778,0.064549,-0.00781058,-0.0123337,0.0130909,-0.00825514,-0.0716456
2.3,0.999887,-0.0149338,5.05418e-05,-0.00159701,0.00234214,0.00104842,0.000607494,0.0645385,-0.0078067,-0.0124551,0.0129627,-0.00305209,0.00814181,2.32,40.6845,0.0168532,0.00358048,-0.00722956,0.999887,-0.0149221,5.581e-05,-0.00159405,6.35543,0.732883,-1.11552,0.0646682,-0.00783722,-0.0123737,0.0129369,-0.00822232,-0.0668399
2.32,0.999888,-0.0149181,4.73869e-05,-0.00159366,0.00380688,-0.00094893,0.000873814,0.0646005,-0.00782034,-0.0124713,0.0131236,-0.00302897,0.00812322,2.34,36.4792,0.00241511,0.0115041,-0.0381992,0.999888,-0.0148991,4.26776e-05,-0.00158922,3.4609,2.40582,-7.28594,0.0647317,-0.00785063,-0.0123901,0.0131015,-0.00765992,-0.048972
2.34,0.999888,-0.0148949,5.49471e-05,-0.00158066,0.00114372,0.000116327,0.00100697,0.0647866,-0.00785243,-0.0125252,0.0134219,-0.00270793,0.00838022,2.36,43.5863,0.0224949,0.0153801,-0.0279587,0.999888,-0.0148892,5.55946e-05,-0.00157563,7.47062,3.15508,-5.22894,0.0649208,-0.0078795,-0.0124414,0.0133928,-0.0082325,-0.0789448
2.36,0.999888,-0.0148843,8.57892e-05,-0.00157744,0.000213758,0.00238097,-0.000590876,0.0650183,-0.00786992,-0.0127034,0.0135455,-0.00250939,0.00831566,2.38,40.3263,0.0185427,-0.000290184,0.0112647,0.999888,-0.0148832,9.7647e-05,-0.00158058,6.68417,-0.10287,2.56759,0.0651537,-0.00789502,-0.0126202,0.013508,-0.00761709,-0.065143
2.38,0.999888,-0.0148591,0.000106956,-0.00156237,0.00141218,0.00158202,-0.000857192,0.0652235,-0.00787316,-0.0128427,0.0140194,-0.00250772,0.00850851,2.4,43.1781,0.0137934,-0.011316,-0.00778062,0.999888,-0.014852,0.000114791,-0.00156677,5.73333,-2.25691,-1.27685,0.0653637,-0.00789824,-0.0127576,0.0139715,-0.00796737,-0.0770805
2.4,0.999888,-0.0148597,0.000117653,-0.00156499,-0.000320357,0.00251277,-0.000586981,0.0652801,-0.00787458,-0.0128696,0.0140776,-0.0026103,0.00850204,2.42,39.4757,0.00513295,0.00240869,-0.0188013,0.999888,-0.0148612,0.000130175,-0.00156811,3.99752,0.51564,-3.4396,0.0654209,-0.00790069,-0.0127846,0.0140303,-0.00760198,-0.0613389
2.42,0.999888,-0.0148677,0.000132835,-0.0015552,-0.00165194,0.00184698,0.000744599,0.0653986,-0.00787936,-0.0129135,0.0144976,-0.00250447,0.00861068,2.44,36.6893,0.00185693,0.0173574,-0.012954,0.999888,-0.014876,0.000142137,-0.00155161,3.33913,3.48362,-2.22784,0.0655435,-0.0079044,-0.0128274,0.0144489,-0.00714633,-0.0493785
2.44,0.999889,-0.0148341,0.000173217,-0.00155624,0.0023428,0.000382233,-0.000453827,0.0657392,-0.00788606,-0.0129938,0.0147926,-0.00245878,0.00822462,2.46,39.9128,0.0104117,0.00576988,0.00406612,0.999889,-0.0148224,0.000175076,-0.00155854,5.04676,1.11039,1.14183,0.0658871,-0.00791065,-0.0129115,0.0147259,-0.00749703,-0.0634759
2.46,0.999889,-0.0148308,0.00018266,-0.00155136,-0.000187205,0.00118119,-0.000586983,0.0659538,-0.00790181,-0.0130138,0.0146798,-0.0028464,0.00855636,2.48,41.0129,0.00919637,0.0158864,0.0156164,0.999889,-0.0148318,0.000188523,-0.00155438,4.79887,3.09693,3.48063,0.0661006,-0.00793028,-0.0129283,0.014608,-0.00802236,-0.0678232
2.48,0.999889,-0.0148209,0.000184238,-0.00154473,0.00234279,0.00024908,0.00167671,0.0660257,-0.00790872,-0.0130135,0.0145274,-0.00288256,0.00881278,2.5,38.5829,0.0182579,0.0190778,0.00218099,0.999889,-0.0148092,0.00018559,-0.00153637,6.60834,3.77746,0.802285,0.0661709,-0.00793754,-0.0129254,0.0144594,-0.00774859,-0.057231
2.5,0.999887,-0.0149523,0.000201752,-0.00155609,-0.0346751,-0.0002835,-5.44545e-05,0.0663131,-0.00795172,-0.0129656,0.0138953,-0.00247937,0.013799,2.52,40.5068,0.0256708,-0.00803873,0.00856751,0.999884,-0.0151256,0.000200601,-0.00155631,8.12501,-1.66554,2.00149,0.066452,-0.00797651,-0.0128276,0.0138178,-0.00763332,-0.0604268
2.52,0.999887,-0.014943,0.000200134,-0.00155087,0.00447512,-0.00227926,0.000478322,0.0665279,-0.00789691,-0.0129663,0.0126051,-0.00186824,0.00966441,2.54,42.9406,-0.000685488,0.0203733,-0.0130037,0.999887,-0.0149206,0.00018874,-0.00154831,2.84484,4.07283,-2.22945,0.066654,-0.00791559,-0.0128697,0.0125235,-0.00732846,-0.0749136
2.54,0.999887,-0.0149287,0.000211568,-0.00152677,0.000480699,0.00318035,0.00114412,0.0666159,-0.00790661,-0.0130087,0.0119559,-0.00396331,0.00947982,2.56,38.0508,0.0015961,0.0324997,0.0199486,0.999887,-0.0149263,0.00022755,-0.00152129,3.29199,6.39782,4.39169,0.0667355,-0.00794624,-0.0129139,0.01188,-0.00879713,-0.0542997
2.56,0.999887,-0.0149363,0.000212019,-0.00154489,-0.00111828,-0.00148179,-0.0016551,0.0666645,-0.00792976,-0.0130599,0.0119692,-0.00481069,0.00946851,2.58,43.1246,0.0136766,0.0185912,0.00204314,0.999887,-0.0149419,0.000204496,-0.00155305,5.71565,3.67354,0.773641,0.0667842,-0.00797787,-0.0129652,0.0118829,-0.0102918,-0.075892
2.58,0.999887,-0.0149493,0.000242761,-0.00152753,-0.0032488,0.00118137,0.000608596,0.0667513,-0.00798411,-0.0131199,0.0120046,-0.00505499,0.00946384,2.6,39.4412,0.0146301,0.0257027,-0.026595,0.999887,-0.0149655,0.000248737,-0.00152457,5.90662,5.17539,-4.93538,0.0668713,-0.00803466,-0.0130253,0.0119154,-0.0100723,-0.0602297
2.6,0.999888,-0.0149253,0.000247616,-0.00151697,0.00261016,0.000515574,0.000608592,0.0668843,-0.00804919,-0.013155,0.0116571,-0.00414254,0.00976914,2.62,36.1353,-0.011004,0.00504517,-0.000127221,0.999888,-0.0149122,0.000250219,-0.00151397,0.78277,0.956445,0.292434,0.0670009,-0.00809062,-0.0130573,0.011574,-0.00873195,-0.0458632
2.62,0.999888,-0.0149113,0.000261527,-0.0014887,0.00154491,-0.0001502,0.00287227,0.0670572,-0.0080948,-0.0131511,0.0112062,-0.00303141,0.00947031,2.64,43.8364,0.00852705,-0.0140524,0.000128318,0.999888,-0.0149036,0.000260978,-0.00147433,4.69126,-2.8603,0.281905,0.0671693,-0.00812512,-0.0130564,0.0111003,-0.00859369,-0.0789182
2.64,0.999888,-0.0149064,0.000275157,-0.0014873,0.000213313,0.0023798,0.000874904,0.0671314,-0.00811122,-0.0131346,0.0114206,-0.00360611,0.00935152,2.66,40.5216,0.0368623,0.0235968,-0.0459995,0.999888,-0.0149054,0.000287118,-0.00148311,10.3424,4.81191,-8.82907,0.0672456,-0.00814728,-0.0130411,0.011318,-0.0087461,-0.0649377
2.66,0.999888,-0.0148881,0.000275426,-0.00149344,0.00447437,-1.70455e-05,-0.00152194,0.0671721,-0.00812284,-0.0131243,0.0115794,-0.003728,0.00924879,2.68,37.385,-0.000850895,-0.03506,0.0360977,0.999888,-0.0148657,0.000275194,-0.00150105,2.81217,-7.17403,7.41294,0.0672879,-0.00816012,-0.0130318,0.0114847,-0.00846428,-0.0516991
2.68,0.999889,-0.014858,0.00027759,-0.00150074,0.000348196,-0.000148975,-0.000190328,0.0673331,-0.0081641,-0.0131476,0.0123963,-0.00445787,0.00832501,2.7,41.315,0.00619482,0.0235816,-0.00586557,0.999888,-0.0148563,0.000276828,-0.00150168,4.20275,4.67956,-0.802449,0.0674571,-0.00820868,-0.0130643,0.0122909,-0.00968148,-0.0693393
2.7,0.999889,-0.0148499,0.000293736,-0.00149256,-0.000450752,0.00104945,0.000342306,0.0674746,-0.0082175,-0.0131644,0.0124626,-0.00533557,0.00853186,2.72,38.4119,0.0277633,0.0322343,-0.0240801,0.999889,-0.0148521,0.000299012,-0.00149093,8.51026,6.46721,-4.41964,0.0675992,-0.00827086,-0.0130791,0.0123594,-0.0101894,-0.0567842
2.72,0.999889,-0.0148494,0.000303234,-0.00149686,-4.97215e-05,0.00224718,-0.000994654,0.0675125,-0.00823613,-0.0131618,0.0123259,-0.00550301,0.0085984,2.74,41.5285,0.0208087,0.0153035,0.0335709,0.999889,-0.0148496,0.000314395,-0.001502,7.12186,2.90624,7.05949,0.0676358,-0.00829116,-0.0130758,0.0122109,-0.0107505,-0.0699742
2.74,0.999889,-0.01485,0.000311645,-0.00150167,-0.000316041,0.00198086,-0.00112781,0.0675517,-0.0082563,-0.0131571,0.0124526,-0.00555192,0.00851912,2.76,41.5486,0.0222737,-0.006773,0.0187312,0.999888,-0.0148516,0.000321467,-0.00150746,7.42378,-1.46571,4.02739,0.0676763,-0.00831182,-0.013072,0.0123345,-0.0108022,-0.0701388
2.76,0.999888,-0.0148601,0.00032284,-0.00148338,-4.93196e-05,-0.000415769,0.00060324,0.0677464,-0.00835018,-0.0131528,0.0126013,-0.00555096,0.00874076,2.78,35.3161,-0.000437536,0.00871926,-0.0352389,0.999888,-0.0148603,0.000320806,-0.00148033,2.88224,1.7837,-6.72447,0.0678724,-0.00840569,-0.0130654,0.0124976,-0.0100167,-0.0434076
2.78,0.999889,-0.0148564,0.000345144,-0.00146127,0.000616471,0.00104897,0.000603238,0.0679461,-0.00844433,-0.0131256,0.0118703,-0.00513555,0.00936226,2.8,40.5044,-0.00289168,0.0116209,0.00385382,0.999889,-0.0148533,0.000350429,-0.00145834,2.38911,2.2426,1.09723,0.0680648,-0.00849569,-0.013032,0.0117439,-0.0102561,-0.0648541
2.8,0.999889,-0.0148566,0.000343339,-0.00146763,-0.000182476,-0.000548929,-0.00152729,0.0679862,-0.00846291,-0.0131092,0.0117614,-0.00509197,0.00962453,2.82,38.0896,0.0292792,0.00241293,-0.014059,0.999888,-0.0148575,0.000340482,-0.00147522,8.82518,0.46424,-2.50881,0.0681038,-0.00851383,-0.0130129,0.0116431,-0.00990727,-0.0543207
2.82,0.999889,-0.0148481,0.00035564,-0.00147043,0.000882789,0.00131528,-0.000328866,0.0681119,-0.00852175,-0.0130396,0.0115584,-0.00543071,0.0102612,2.84,42.565,0.00547286,0.0284338,0.0100549,0.999889,-0.0148437,0.000362185,-0.00147217,4.05359,5.58676,2.38963,0.0682275,-0.00857606,-0.012937,0.0114217,-0.0108087,-0.0727199
2.84,0.999889,-0.0148469,0.000392659,-0.00150606,0.000216993,0.00184791,-0.00126098,0.0682822,-0.00860797,-0.0129132,0.0118432,-0.00526572,0.0103764,2.86,37.7164,0.00841614,0.00341421,0.0234089,0.999889,-0.0148458,0.000401802,-0.0015125,4.64862,0.537268,4.99323,0.0684006,-0.00866063,-0.0128094,0.01171,-0.0100307,-0.0519817
2.86,0.999889,-0.0148202,0.000419966,-0.00148942,-4.79957e-05,0.00198242,0.000736417,0.0684681,-0.00869904,-0.0127399,0.011702,-0.00551898,0.0107317,2.88,41.9459,-0.000163195,0.00809977,-0.012786,0.999889,-0.0148204,0.000429932,-0.00148589,2.92973,1.57364,-2.23508,0.0685851,-0.00875423,-0.0126326,0.0115442,-0.0108088,-0.0696164
2.88,0.999889,-0.0148161,0.000431027,-0.00149077,0.000883084,0.0026474,-0.000200645,0.068509,-0.00871896,-0.0126984,0.0118444,-0.0052127,0.0107203,2.9,35.9893,0.00496724,0.0168811,-0.00622793,0.999889,-0.0148117,0.000444241,-0.00149197,3.95155,3.30959,-0.896878,0.0686274,-0.00877109,-0.0125912,0.0117056,-0.00975006,-0.0442919
2.9,0.999889,-0.0148136,0.000445874,-0.00148737,0.000483614,0.0035795,0.000997773,0.0685526,-0.00873777,-0.0126549,0.0120427,-0.00519983,0.0108433,2.92,36.4544,0.0128244,0.0136359,0.00872893,0.999889,-0.0148112,0.00046384,-0.00148264,5.52184,2.61567,2.08458,0.0686731,-0.00878977,-0.0125465,0.0118975,-0.00979504,-0.0461473
2.92,0.999889,-0.0148414,0.000463182,-0.00149178,-0.00151376,0.00184845,0.00046515,0.0688011,-0.0088412,-0.012415,0.012567,-0.00546065,0.0105748,2.94,38.2253,-0.00293752,-0.00919649,-0.000586447,0.999889,-0.0148489,0.000472469,-0.00148958,2.3835,-1.93086,0.153476,0.0689268,-0.00889581,-0.0123093,0.0124092,-0.0102881,-0.053948
2.94,0.999889,-0.0148007,0.000454818,-0.00151208,0.00407982,0.000117832,-0.000733283,0.0689884,-0.0089126,-0.0122702,0.0121793,-0.00539511,0.0112084,2.96,37.2825,-0.0135378,0.0103656,-0.00560387,0.99989,-0.0147803,0.000455322,-0.00151576,0.249769,1.99442,-0.788817,0.0691102,-0.00896655,-0.0121582,0.0120279,-0.0100906,-0.0493046
2.96,0.999889,-0.0147902,0.000445028,-0.00151687,0.00248194,-0.00254531,-0.00113275,0.0690293,-0.00892866,-0.0122314,0.0122506,-0.00539178,0.0111211,2.98,38.5472,0.00254864,0.00205714,-0.0122932,0.99989,-0.0147778,0.000432201,-0.00152235,3.46795,0.359524,-2.14871,0.0691518,-0.00898258,-0.0121202,0.0120972,-0.0102431,-0.0547712
2.98,0.999886,-0.0149873,0.000464919,-0.00149722,-0.000447556,0.00291416,0.00272883,0.0691592,-0.00892718,-0.0120746,0.0119355,-0.00188685,0.0108422,3,38.9343,0.00350127,0.00176069,-0.0281215,0.999886,-0.0149895,0.000479696,-0.00148379,3.69851,0.344467,-5.31864,0.0692786,-0.00894605,-0.0119662,0.011774,-0.00685219,-0.0566948
3,0.999887,-0.0149519,0.000464174,-0.0015137,-0.000181233,0.00238153,-0.000733277,0.0693855,-0.00893469,-0.0118458,0.0122771,-0.00519534,0.0111281,3.02,39.4867,0.0182812,0.0119995,0.0220601,0.999887,-0.0149528,0.000476027,-0.00151755,6.63907,2.24637,4.75181,0.0695082,-0.00898664,-0.0117346,0.0121135,-0.0102192,-0.058759
3.02,0.999887,-0.0149579,0.000477879,-0.00152742,-0.000712608,-0.0013454,-0.00126588,0.0694426,-0.00895709,-0.0117847,0.0123448,-0.00630692,0.0114938,3.04,41.4579,0.0233124,0.0110664,-0.0101237,0.999887,-0.0149615,0.000471063,-0.00153364,7.64997,2.15487,-1.68373,0.069566,-0.00902016,-0.0116698,0.0121682,-0.0115837,-0.0667773
3.04,0.999887,-0.0149567,0.000467837,-0.00153818,-0.000312137,-0.00121185,-0.0024643,0.0694892,-0.00898557,-0.0117442,0.0124601,-0.00711464,0.0112045,3.06,39.6079,0.0031427,0.0237578,0.00328419,0.999887,-0.0149583,0.000461597,-0.00155041,3.61132,4.64861,1.03573,0.0696139,-0.00905672,-0.0116322,0.0122946,-0.0121556,-0.0591979
3.06,0.999887,-0.0149784,0.000464723,-0.00154231,0.000619798,0.000517561,0.000864968,0.0696426,-0.00909858,-0.0116063,0.0125864,-0.007082,0.0113578,3.08,39.1603,0.00264644,0.0142446,0.0345234,0.999887,-0.0149753,0.00046737,-0.00153803,3.5152,2.65305,7.25525,0.0697685,-0.0091694,-0.0114928,0.0124239,-0.0120732,-0.0571404
3.08,0.999887,-0.0149471,0.000506282,-0.00152645,0.00341724,0.00331431,0.000731817,0.0697437,-0.009132,-0.0114462,0.0118837,-0.00644793,0.0115039,3.1,41.4661,0.0148972,0.00255206,-0.00131818,0.999887,-0.01493,0.000522881,-0.00152305,5.96755,0.417597,0.050788,0.0698625,-0.00919648,-0.0113311,0.011697,-0.011722,-0.0668022
3.1,0.999887,-0.014936,0.000508255,-0.00151759,0.0011543,-0.000813217,-6.71181e-05,0.0697574,-0.00913189,-0.0113925,0.0114064,-0.00646775,0.0122943,3.12,38.9001,0.0283831,0.0164246,-0.0115039,0.999887,-0.0149302,0.000504175,-0.00151787,8.65755,3.22589,-1.94508,0.0698714,-0.00919656,-0.0112695,0.0112306,-0.0114117,-0.0550975
3.12,0.999887,-0.0149254,0.000507834,-0.00152357,0.00208641,-0.000147432,-0.00206449,0.0697749,-0.00913986,-0.0113213,0.0115108,-0.0068376,0.0125647,3.14,35.6913,0.00939893,0.00336784,0.0260907,0.999887,-0.014915,0.000506927,-0.00153389,4.85981,0.496918,5.53324,0.06989,-0.00920823,-0.0111957,0.0113497,-0.0113705,-0.041179
3.14,0.999888,-0.0149074,0.000526315,-0.0015085,0.00182009,0.00224942,0.00193025,0.0697986,-0.00915684,-0.0112375,0.0112605,-0.00717747,0.0128025,3.16,39.4221,0.0171889,0.0137647,-0.0155931,0.999888,-0.0148982,0.000537691,-0.00149902,6.41527,2.69906,-2.77375,0.0699112,-0.00922861,-0.0111095,0.0110764,-0.0121782,-0.0568101
3.16,0.999888,-0.0148989,0.000527627,-0.00151391,-0.00177381,0.000120318,0.00179711,0.0698686,-0.00925228,-0.0109437,0.0109414,-0.00831788,0.0135485,3.18,40.7882,0.0115597,0.0189728,-0.00969317,0.999888,-0.0149077,0.000528376,-0.00150493,5.28586,3.721,-1.57792,0.069978,-0.00933546,-0.0108083,0.0107504,-0.0134889,-0.0618745
3.18,0.999888,-0.0149036,0.000524331,-0.00151067,-0.000175908,-0.00121127,-6.70945e-05,0.0698842,-0.0092882,-0.0108347,0.0108366,-0.00811206,0.013912,3.2,40.823,0.0138424,0.0120299,0.0125474,0.999888,-0.0149045,0.000518272,-0.00151091,5.7432,2.26763,2.84861,0.0699926,-0.00936932,-0.0106956,0.0106466,-0.0132892,-0.0616589
3.2,0.999888,-0.0149022,0.000536208,-0.00151284,9.23575e-05,0.00278337,-0.000462135,0.0698945,-0.00930612,-0.0107746,0.0107284,-0.00807091,0.0140572,3.22,40.2292,0.0150576,-0.00136758,-0.0491352,0.999888,-0.0149018,0.000550088,-0.00151536,5.99338,-0.229714,-9.52586,0.0700018,-0.00938683,-0.010634,0.0105371,-0.0131722,-0.0589881
3.22,0.999888,-0.0148891,0.000571238,-0.00150247,0.00222356,-1.24802e-05,0.00126894,0.0699358,-0.00938679,-0.0104891,0.0104855,-0.00754093,0.0143095,3.24,42.8129,-0.00287144,0.0156719,-0.0232589,0.999888,-0.014878,0.000571253,-0.00149613,2.40036,3.08819,-4.30447,0.0700406,-0.0094622,-0.010346,0.0102693,-0.0129651,-0.0697257
3.24,0.999888,-0.0148729,0.000565692,-0.00149621,-0.000306443,0.000919625,0.00193472,0.069967,-0.00945171,-0.0101995,0.0102684,-0.00758614,0.0152674,3.26,38.9939,-0.00729929,0.0171355,-0.00080895,0.999888,-0.0148744,0.000570436,-0.0014866,1.50933,3.31382,0.187581,0.0700697,-0.00952757,-0.0100468,0.0100733,-0.0125211,-0.0525242
3.26,0.999888,-0.0148658,0.000557313,-0.00149269,0.00155777,-0.00227617,0.000869448,0.0699772,-0.00946834,-0.0101302,0.0101163,-0.00762069,0.0154308,3.28,38.7962,0.00644803,-0.00361978,0.0133045,0.999888,-0.014858,0.000545986,-0.00148818,4.26188,-0.872957,2.94906,0.0700784,-0.00954455,-0.00997588,0.00992496,-0.0125283,-0.05152
3.28,0.999888,-0.01485,0.000553165,-0.00149732,0.00248988,-0.00240933,-6.2645e-05,0.0700125,-0.0095201,-0.00991043,0.0100158,-0.00741807,0.0155317,3.3,37.1718,-0.00645091,0.0289478,-0.0253998,0.999889,-0.0148375,0.000541096,-0.00149746,1.67183,5.7518,-4.69469,0.0701126,-0.00959428,-0.00975512,0.00983384,-0.0121152,-0.0445097
3.3,0.999889,-0.0148284,0.000553622,-0.00150038,-0.0020375,-0.000145641,-0.00019581,0.070099,-0.00961941,-0.00949873,0.0096396,-0.00740188,0.0160461,3.32,39.2911,-0.00064173,0.00517511,0.00511336,0.999889,-0.0148386,0.000552895,-0.00150134,2.83516,0.908838,1.33788,0.0701954,-0.00969343,-0.00933827,0.00944705,-0.0123596,-0.0530098
3.32,0.999889,-0.0148332,0.000544722,-0.00148726,-0.00150334,-0.00200848,0.00100264,0.0701659,-0.009716,-0.00907709,0.00945257,-0.00760566,0.0162005,3.34,39.0357,0.00979278,0.021049,-0.0141412,0.999889,-0.0148407,0.000534766,-0.00148209,4.91915,4.14527,-2.46699,0.0702604,-0.00979206,-0.00891509,0.0092643,-0.0125327,-0.0517693
3.34,0.999889,-0.0148336,0.00054315,-0.00148663,-0.000305635,-0.000544773,0.000198498,0.0701772,-0.00973574,-0.00899127,0.00920013,-0.00787432,0.0165057,3.36,39.8725,0.00846334,0.019622,0.0212652,0.999889,-0.0148351,0.000540444,-0.00148559,4.64971,3.75477,4.60898,0.0702692,-0.00981448,-0.00882621,0.00900835,-0.0129071,-0.0550233
3.36,0.999889,-0.0148421,0.000522924,-0.00148457,-0.00190353,-0.00174319,0.000198495,0.0702013,-0.00978328,-0.00881007,0.00918452,-0.00807379,0.0167551,3.38,36.4851,-0.00587956,0.0012972,0.000885279,0.999888,-0.0148516,0.000514238,-0.00148344,1.7921,0.150464,0.477152,0.0702932,-0.00986402,-0.00864252,0.00901532,-0.0126817,-0.0403658
3.38,0.999889,-0.014837,0.000544773,-0.00149245,-0.00070511,0.000520491,6.53369e-05,0.0702786,-0.0099149,-0.00833061,0.00873248,-0.00810207,0.0166345,3.4,40.3184,0.0203811,0.00827857,0.00874856,0.999889,-0.0148405,0.000547385,-0.00149216,7.03891,1.52671,2.07476,0.0703659,-0.00999592,-0.00816427,0.00853797,-0.0131923,-0.0567912
3.4,0.999886,-0.0150098,0.000527122,-0.00149794,0.000228534,-0.000143888,0.000997483,0.0702164,-0.00997653,-0.00806209,0.00848303,-0.00520379,0.0167633,3.42,37.1994,0.0140218,0.0246342,-0.00322639,0.999886,-0.0150087,0.000526476,-0.00149294,5.79774,4.83475,-0.270222,0.0703012,-0.0100286,-0.00789446,0.00830905,-0.00995496,-0.0433942
3.42,0.999886,-0.0149986,0.000533606,-0.00149487,0.00262538,0.001454,0.000864298,0.0702076,-0.00997154,-0.00801856,0.00842123,-0.00525643,0.0169752,3.44,37.8021,0.0220198,0.00551713,0.0247563,0.999886,-0.0149854,0.00054092,-0.00149067,7.39719,0.928914,5.26853,0.0702918,-0.0100241,-0.00784881,0.00824237,-0.010081,-0.0457459
3.44,0.999887,-0.0149815,0.000551429,-0.00148242,0.00249222,0.00278559,0.00232904,0.0701932,-0.00997431,-0.00791995,0.00830123,-0.00649624,0.0174105,3.46,39.83,0.0225621,0.00128226,0.00827307,0.999887,-0.014969,0.000565511,-0.00147099,7.50603,0.12805,1.95721,0.0702763,-0.0100393,-0.00774584,0.0081068,-0.0115738,-0.0539363
3.46,0.999887,-0.014977,0.000537961,-0.00147769,-0.00190134,-0.000942377,0.00139694,0.0701267,-0.0100543,-0.00776422,0.00845332,-0.00961499,0.0180291,3.48,38.133,0.0105588,0.0203103,-0.0204646,0.999886,-0.0149865,0.000533368,-0.00147063,5.1017,4.01844,-3.73498,0.0702112,-0.0101504,-0.00758393,0.00827156,-0.0144747,-0.0460995
3.48,0.999886,-0.015007,0.000545918,-0.00147385,-0.00203365,-0.000807485,0.000595531,0.0700879,-0.0101726,-0.00761029,0.00852504,-0.0101515,0.0179817,3.5,38.5867,0.00513513,-0.000872112,0.011595,0.999886,-0.0150172,0.000541941,-0.00147081,4.02706,-0.316861,2.61142,0.0701731,-0.0102741,-0.00743047,0.00833852,-0.0150789,-0.0480764
3.5,0.999886,-0.0150085,0.000547144,-0.00147401,-0.000568907,0.000124621,6.289e-05,0.070081,-0.010204,-0.00756847,0.00847788,-0.0100535,0.0179528,3.52,36.9475,0.0210805,0.0198672,0.0211644,0.999886,-0.0150113,0.000547776,-0.0014737,7.20722,3.80625,4.58911,0.0701658,-0.0103046,-0.00738895,0.0082989,-0.0147721,-0.041133
3.52,0.999886,-0.0150118,0.000548173,-0.00144744,-0.00283176,-0.00187219,0.00139448,0.070042,-0.0102947,-0.00742899,0.00854199,-0.00858809,0.0180064,3.54,36.9214,0.0230433,0.017291,-0.0032651,0.999886,-0.0150259,0.000538938,-0.00144032,7.60458,3.36465,-0.309051,0.0701274,-0.0103806,-0.00724893,0.00836293,-0.0133044,-0.0409684
3.54,0.999886,-0.0149961,0.000582757,-0.00143233,-0.000168597,0.00185623,0.00299237,0.0699876,-0.0103566,-0.00727512,0.00787414,-0.00823138,0.0180202,3.56,38.227,-0.0022948,-0.00831303,-0.000742432,0.999886,-0.0149969,0.000592263,-0.00141751,2.54267,-1.77739,0.112763,0.0700663,-0.010439,-0.00709492,0.00767759,-0.0131093,-0.046508
3.56,0.999886,-0.0149939,0.000573829,-0.00143128,0.000364035,-0.00240483,0.00032921,0.0699787,-0.0103728,-0.00723341,0.00783793,-0.00818978,0.0183705,3.58,39.2343,0.00843346,-0.00877663,-0.0245109,0.999886,-0.0149921,0.000561828,-0.00142946,4.68949,-1.79396,-4.64076,0.0700571,-0.0104547,-0.0070497,0.00763918,-0.0131955,-0.0504422
3.58,0.999887,-0.0149923,0.00057127,-0.00143085,0.000230873,-0.00080693,0.000196049,0.0699717,-0.0103901,-0.00718792,0.00784181,-0.0082538,0.0182663,3.6,37.4476,0.00320148,0.0278362,-0.0123625,0.999886,-0.0149911,0.000567248,-0.00142981,3.63072,5.49036,-2.10224,0.0700502,-0.0104727,-0.00700526,0.00765293,-0.0130311,-0.0429468
3.6,0.999887,-0.0149845,0.000584196,-0.00143351,-0.000434926,0.000790964,0.00112815,0.0699511,-0.0106151,-0.00673455,0.00742259,-0.00972598,0.0185261,3.62,38.9524,-0.000743185,0.00390884,-0.0213096,0.999887,-0.0149867,0.000588238,-0.00142793,2.84894,0.728503,-3.96315,0.0700253,-0.0107124,-0.00654929,0.00722182,-0.0146926,-0.0490876
3.62,0.999887,-0.0149696,0.000582818,-0.0014305,0.00129614,-0.00107325,-0.000736053,0.0699696,-0.010763,-0.0064498,0.00785805,-0.010048,0.0190519,3.64,37.6641,-0.00163374,0.0204142,-0.026044,0.999887,-0.0149632,0.000577388,-0.00143411,2.66277,4.04334,-4.86121,0.0700481,-0.0108635,-0.00625928,0.00766439,-0.0148457,-0.0430825
3.64,0.999887,-0.0149736,0.000587423,-0.00141989,-0.000430709,-0.000805483,0.00125546,0.0699761,-0.0108283,-0.00631218,0.00785164,-0.00961129,0.0188645,3.66,36.6283,-0.0155943,0.003996,-0.0392948,0.999887,-0.0149758,0.000583494,-0.00141355,-0.123004,0.794888,-7.56399,0.0700547,-0.0109245,-0.00612353,0.00766191,-0.0142782,-0.0388643
3.66,0.999887,-0.0149518,0.000608263,-0.00139536,0.000102995,-0.000138744,0.000456506,0.0699002,-0.0109505,-0.00604636,0.00683398,-0.00925585,0.0186728,3.68,42.0858,0.011188,0.030309,-0.0367196,0.999887,-0.0149513,0.000607603,-0.00139307,5.22015,6.05241,-6.97205,0.0699685,-0.0110431,-0.00585963,0.00660867,-0.0146103,-0.062269
3.68,0.999887,-0.0149326,0.000615518,-0.00139983,-0.000562793,-0.00107085,-0.000475599,0.0698554,-0.0110511,-0.00583956,0.00711221,-0.00977659,0.0188621,3.7,39.0746,0.0304316,0.011899,-0.0156048,0.999887,-0.0149355,0.000610133,-0.00140213,9.06879,2.31157,-2.80138,0.0699265,-0.0111489,-0.00565094,0.00690059,-0.0147416,-0.049272
3.7,0.999888,-0.0149212,0.000636408,-0.00139908,0.00143457,0.00265758,-7.61257e-05,0.0698463,-0.0111174,-0.00571698,0.00689742,-0.0102734,0.018896,3.72,38.8756,0.0205556,-0.00669096,0.000743324,0.999888,-0.0149141,0.000649679,-0.00139966,7.09598,-1.46177,0.411082,0.0699153,-0.0112202,-0.00552802,0.00667998,-0.0152093,-0.048392
3.72,0.999888,-0.0148934,0.000625535,-0.00141618,0.00236667,-0.00240243,-0.000209291,0.0698345,-0.011232,-0.00551953,0.00675498,-0.0104457,0.0187986,3.74,37.2923,-0.000896764,0.0085266,-0.00200259,0.999888,-0.0148816,0.000613492,-0.00141705,2.79707,1.58575,-0.0919839,0.0699021,-0.0113364,-0.00533155,0.00654978,-0.0151718,-0.041755
3.74,0.999888,-0.0148887,0.000616979,-0.00140858,0.000236153,0.00172547,-0.000209281,0.0698457,-0.0114556,-0.00513027,0.00654342,-0.010978,0.0194284,3.76,35.0025,0.00602461,0.0136421,0.00826632,0.999888,-0.0148875,0.000625588,-0.00140975,4.17723,2.58181,1.97613,0.0699111,-0.0115654,-0.00493599,0.0063534,-0.0154125,-0.0313856
3.76,0.999888,-0.0148825,0.000594288,-0.00140546,0.00103743,-0.000669836,-0.00114141,0.0697692,-0.0115314,-0.00508385,0.00596463,-0.0109659,0.0193712,3.78,38.9466,0.0130603,0.0170656,0.00277141,0.999888,-0.0148773,0.000590847,-0.00141112,5.58245,3.28932,0.887629,0.0698288,-0.0116411,-0.00489014,0.00576074,-0.015898,-0.0482189
3.78,0.999888,-0.0148817,0.000605412,-0.00141802,-2.83497e-05,0.00265868,-0.00287951,0.0697348,-0.0115469,-0.00508617,0.00586688,-0.0110083,0.019279,3.8,37.9326,0.0160378,0.00804361,-0.00927634,0.999888,-0.0148818,0.00061849,-0.00143262,6.18178,1.51963,-1.54561,0.0697935,-0.011657,-0.00489338,0.00566464,-0.0158117,-0.043998
3.8,0.999888,-0.0148857,0.000648712,-0.00141477,-0.00109148,0.00239348,0.00151473,0.0695546,-0.0116013,-0.00515994,0.00558339,-0.0109715,0.018892,3.82,40.3744,0.00843121,0.0177376,-0.0229099,0.999888,-0.0148912,0.000660799,-0.00140737,4.6598,3.48798,-4.24464,0.0696104,-0.011711,-0.00497102,0.00535327,-0.0160855,-0.0547712
3.82,0.999888,-0.0149229,0.000655298,-0.00141867,-0.0114778,-0.00120178,4.99851e-05,0.0694141,-0.0116436,-0.00519298,0.00481814,-0.010121,0.0215312,3.84,38.0866,0.00283226,0.0082487,-0.0252888,0.999887,-0.0149803,0.000649375,-0.00141829,3.55088,1.59479,-4.74849,0.0694623,-0.0117449,-0.00497767,0.0045989,-0.0149573,-0.0424008
3.84,0.999885,-0.0150759,0.000635188,-0.00141279,-0.000957583,-0.00173419,0.00124844,0.0693326,-0.0116206,-0.00519498,0.00410504,-0.00700616,0.0190115,3.86,38.8454,0.0255808,0.018033,0.00769178,0.999885,-0.0150807,0.000626619,-0.00140641,8.1231,3.4632,1.87833,0.0693736,-0.0116907,-0.00500486,0.00388803,-0.0119894,-0.0481461
3.86,0.999885,-0.0150669,0.000643949,-0.00140671,0.00197189,0.00199424,0.00178104,0.0692918,-0.0116004,-0.00520673,0.00403145,-0.0066632,0.0189477,3.88,40.0041,-0.00469348,0.00735346,-8.21465e-05,0.999885,-0.015057,0.000654039,-0.00139796,2.07261,1.34068,0.286436,0.0693321,-0.0116671,-0.00501726,0.00380502,-0.011792,-0.0531387
3.88,0.999886,-0.0150171,0.000652101,-0.00141745,0.00290401,-0.00120156,0.00111524,0.0691869,-0.0115583,-0.00522993,0.0045702,-0.00802923,0.0185123,3.9,36.699,0.0154528,0.00411721,-0.0235175,0.999886,-0.0150026,0.000646157,-0.00141179,6.09432,0.767957,-4.40512,0.0692326,-0.0116386,-0.00504481,0.0043599,-0.0127187,-0.0395165
3.9,0.999886,-0.0150025,0.000651887,-0.00141958,-0.00149021,-0.00146788,-0.00128159,0.0690592,-0.0116116,-0.00519147,0.004776,-0.0106352,0.018663,3.92,39.1504,0.00758449,-0.0131853,0.00743646,0.999886,-0.01501,0.000644463,-0.00142587,4.51957,-2.78727,1.73243,0.069107,-0.011718,-0.00500484,0.00455172,-0.015633,-0.0497926
3.92,0.999887,-0.0149678,0.000666332,-0.00143899,0.00117225,-3.41405e-06,4.99551e-05,0.0689688,-0.011739,-0.00506421,0.00447275,-0.0100147,0.0187147,3.94,32.6545,0.0297495,-0.00869016,0.00130247,0.999887,-0.014962,0.00066631,-0.00143874,8.94367,-1.86642,0.526179,0.0690136,-0.0118391,-0.00487706,0.0042816,-0.0141736,-0.0221118
3.94,0.999887,-0.0149603,0.000662498,-0.00143833,0.00170488,-0.00106868,0.000316281,0.0689478,-0.0117525,-0.00504169,0.00434237,-0.00961738,0.0186428,3.96,36.6155,-0.00391538,0.0181922,-0.00318197,0.999887,-0.0149517,0.000657167,-0.00143667,2.20372,3.51394,-0.294776,0.0689913,-0.0118487,-0.00485526,0.00412924,-0.0142785,-0.0390313
3.96,0.999887,-0.0149503,0.000665165,-0.00143565,0.00223925,0.000529849,0.000848928,0.0689283,-0.0117644,-0.00501682,0.00447596,-0.00931621,0.0185805,3.98,37.0924,0.0254009,0.0112277,0.0224741,0.999887,-0.0149391,0.000667862,-0.00143146,8.06155,2.05235,4.81836,0.0689731,-0.0118576,-0.00483102,0.00425923,-0.0140349,-0.0411223
3.98,0.999888,-0.0149081,0.000657925,-0.00143624,0.0029064,0.0015955,-0.00101528,0.0688103,-0.0117646,-0.0049729,0.00349844,-0.00863902,0.0174861,4,36.3921,0.0149065,0.00222963,-0.0118008,0.999888,-0.0148936,0.000665805,-0.00144144,5.96295,0.353772,-2.06408,0.0688453,-0.011851,-0.00479803,0.00328806,-0.0132556,-0.0392386
4,0.999888,-0.0148695,0.000655611,-0.00145708,0.00237376,-0.000268709,-0.00114845,0.0686998,-0.0117546,-0.00495274,0.00296604,-0.0084733,0.016634,4.02,37.354,0.0251127,0.0139294,0.0265145,0.999888,-0.0148576,0.000654165,-0.00146281,7.98607,2.58292,5.63841,0.0687294,-0.0118394,-0.0047864,0.00275076,-0.0131996,-0.0441824
4.02,0.999888,-0.0148578,0.000640706,-0.00147248,0.00303956,-0.0034645,-0.00314581,0.0686478,-0.0117562,-0.00493295,0.00299865,-0.00841686,0.0165817,4.04,38.5689,0.000216496,0.0146062,0.0183184,0.999889,-0.0148426,0.00062313,-0.00148796,3.00739,2.73842,4.00117,0.0686778,-0.0118404,-0.00476714,0.00278118,-0.013293,-0.0494021
4.04,0.999888,-0.0148488,0.000637937,-0.0014917,-0.000289402,0.000130764,-0.000748972,0.0686062,-0.0117659,-0.00489814,0.00337396,-0.00881495,0.0164665,4.06,37.7936,0.00926871,0.00415425,-0.011525,0.999888,-0.0148503,0.000638537,-0.00149545,4.82318,0.740176,-1.99292,0.0686399,-0.0118541,-0.00473347,0.00316166,-0.0135902,-0.0462199
4.06,0.999889,-0.014822,0.000674142,-0.0014881,0.00157481,0.00345972,-8.31826e-05,0.0685167,-0.0118266,-0.00477075,0.00282585,-0.00922735,0.0161253,4.08,38.7166,0.0129362,0.0180818,-0.00120666,0.999889,-0.0148141,0.00069142,-0.00148878,5.54541,3.48858,0.111628,0.068545,-0.0119188,-0.0046095,0.00259647,-0.0141104,-0.0504873
4.08,0.999889,-0.0148086,0.000681184,-0.00149053,-0.000554252,0.00172928,-0.000615796,0.0684206,-0.0118397,-0.00473819,0.0030127,-0.00845589,0.0162106,4.1,38.8763,0.00852601,0.00328672,-0.0214497,0.999889,-0.0148114,0.000689788,-0.00149374,4.66787,0.58712,-3.98049,0.0684508,-0.0119242,-0.00457609,0.00278004,-0.0133546,-0.0510813
4.1,0.999889,-0.0148025,0.000677251,-0.00149118,0.00131086,-0.00106699,-8.33134e-05,0.0683978,-0.0118374,-0.00473201,0.00281246,-0.00824354,0.0162309,4.12,37.6849,-0.00946919,0.00923307,-0.0132602,0.999889,-0.014796,0.000671901,-0.00149152,1.0654,1.74741,-2.32749,0.0684259,-0.0119198,-0.0045697,0.0025882,-0.0129902,-0.0459934
4.12,0.999889,-0.0147953,0.000685711,-0.00148133,0.00157717,0.00199565,0.00257984,0.0683747,-0.0118345,-0.00472179,0.00268928,-0.00800521,0.0163392,4.14,37.521,0.0215351,0.019104,-0.0281648,0.999889,-0.0147874,0.000695867,-0.00146859,7.26141,3.77296,-5.27663,0.0684016,-0.0119146,-0.0045584,0.00246334,-0.0127289,-0.045188
4.14,0.999889,-0.0147809,0.000682136,-0.00149352,0.00104589,0.000797652,-0.00061593,0.0682729,-0.0118026,-0.00469682,0.00206948,-0.00792117,0.0163066,4.16,38.5804,0.0155543,0.0104424,-0.00582984,0.999889,-0.0147756,0.00068607,-0.00149666,6.0638,1.97371,-0.834177,0.0682936,-0.0118818,-0.00453375,0.00183828,-0.0127735,-0.0497271
4.16,0.99989,-0.014769,0.000711462,-0.00149163,-0.00175043,0.0041266,0.00178092,0.0681603,-0.0117823,-0.00459953,0.00204638,-0.00758732,0.0161233,4.18,37.4932,0.0116228,-0.00965334,-0.0102979,0.999889,-0.0147777,0.000732237,-0.00148302,5.28196,-2.03885,-1.78793,0.0681808,-0.0118581,-0.0044383,0.00181236,-0.0122991,-0.0452862
4.18,0.99989,-0.014766,0.000715413,-0.00147948,0.000113779,-0.00066709,0.00218038,0.0681208,-0.0117845,-0.00453954,0.00190133,-0.00762847,0.0161924,4.2,35.2122,-0.00984771,0.00628944,-0.00331574,0.99989,-0.0147654,0.000712238,-0.00146853,0.982268,1.12156,-0.350047,0.0681398,-0.0118608,-0.00437761,0.00168042,-0.0120527,-0.0355146
4.2,0.99989,-0.0147609,0.000727285,-0.00146953,0.00104588,0.00146344,0.000848808,0.0680827,-0.0117942,-0.00446943,0.00169497,-0.00781818,0.0159344,4.22,38.0664,0.011035,0.0125995,-0.025235,0.99989,-0.0147557,0.000734656,-0.0014654,5.15756,2.45192,-4.71377,0.0680997,-0.0118724,-0.00431009,0.00145235,-0.0125994,-0.0479129
4.22,0.99989,-0.0147495,0.000739051,-0.00148081,-0.000152536,-0.00133288,-0.00114857,0.068036,-0.0118203,-0.00435283,0.00189287,-0.00782808,0.0155608,4.24,35.4555,0.0100436,-4.4322e-06,-0.0337715,0.99989,-0.0147503,0.000732303,-0.00148646,4.96156,-0.0460831,-6.45595,0.068055,-0.0118986,-0.00419723,0.00166329,-0.0122779,-0.0371816
4.24,0.999891,-0.0147054,0.000754668,-0.00144681,0.00277846,-0.000799934,0.000316193,0.0679471,-0.0117827,-0.00433633,0.00251754,-0.00741026,0.0156359,4.26,37.6945,0.00989444,0.00707659,-0.0114155,0.999891,-0.0146915,0.000750672,-0.00144518,4.91902,1.30068,-1.97121,0.0679723,-0.0118568,-0.00417997,0.00226864,-0.012127,-0.0466304
4.26,0.999891,-0.014696,0.000766024,-0.00144445,0.00104574,0.000531286,0.000188854,0.0679172,-0.0117737,-0.00428258,0.00228385,-0.00749821,0.0161588,4.28,39.4955,0.00358055,-0.00995828,-0.00297546,0.999891,-0.0146908,0.000768686,-0.00144355,3.65838,-2.13485,-0.334889,0.06794,-0.0118487,-0.004121,0.00201925,-0.0124371,-0.053768
4.28,0.999891,-0.0146917,0.000766767,-0.00144203,0.000912582,0.000131812,0.000588331,0.0679073,-0.011774,-0.00425574,0.0023223,-0.00749244,0.016255,4.3,38.1233,0.0133094,0.0167222,-0.0072424,0.999891,-0.0146871,0.000767463,-0.00143911,5.59548,3.21586,-1.10877,0.0679305,-0.0118489,-0.00409319,0.00206667,-0.0122583,-0.0478353
4.3,0.999891,-0.014687,0.000785744,-0.00143686,-0.00188129,0.00106445,-7.74347e-05,0.0678642,-0.0117374,-0.00423866,0.00249038,-0.00771286,0.0162358,4.32,36.7382,0.0225213,0.00544271,0.00635696,0.999891,-0.0146964,0.000791073,-0.00143732,7.43776,0.919091,1.57812,0.0678891,-0.0118145,-0.0040763,0.00223813,-0.0123041,-0.041963
4.32,0.999888,-0.0148537,0.000814247,-0.00142318,0.00131451,0.000531824,5.57447e-05,0.0678184,-0.0116491,-0.0042302,0.00194567,-0.00437154,0.0163279,4.34,32.3241,-0.00962275,0.0269893,-0.00869132,0.999888,-0.0148471,0.0008169,-0.00142294,1.0388,5.25751,-1.37486,0.0678379,-0.0116929,-0.00406692,0.00171588,-0.008457,-0.0230943
4.34,0.999889,-0.0148313,0.000819876,-0.00144098,-0.000283398,-0.00186503,0.000854675,0.0677908,-0.0115584,-0.00421333,0.0023265,-0.00544062,0.0165468,4.36,41.3864,-0.00218868,0.000346702,-0.0121694,0.999889,-0.0148327,0.000810617,-0.00143657,2.53024,-0.0591575,-2.14478,0.0678141,-0.0116129,-0.00404786,0.00203023,-0.0106636,-0.0614212
4.36,0.999889,-0.0148274,0.000821277,-0.00143056,0.000781878,0.0002655,0.00258573,0.0677847,-0.01154,-0.00419962,0.00238836,-0.00625529,0.0165799,4.38,39.1869,-0.00599436,0.0136924,-0.0298599,0.999889,-0.0148235,0.00082279,-0.00141766,1.76607,2.66078,-5.64561,0.0678086,-0.0116026,-0.00403382,0.00210741,-0.0111994,-0.052033
4.38,0.999889,-0.0148244,0.000818441,-0.0014407,-0.000416553,-0.000932921,0.000322048,0.0677767,-0.0115341,-0.00413227,0.00266104,-0.0086881,0.0166602,4.4,36.4773,0.00910329,-0.0171932,-0.0427657,0.999889,-0.0148265,0.000813804,-0.00143902,4.79402,-3.47252,-8.31356,0.0678033,-0.011621,-0.00396567,0.00240035,-0.0132894,-0.0404273
4.4,0.999888,-0.0148611,0.000797044,-0.00143613,-0.00307971,0.00133077,0.000322051,0.0677957,-0.0116489,-0.0039192,0.00303295,-0.00958512,0.0171818,4.42,38.3761,0.0117598,0.00789185,-0.0185465,0.999888,-0.0148764,0.000803743,-0.00143461,5.32379,1.4773,-3.39636,0.0678261,-0.0117448,-0.00374738,0.00276569,-0.0144379,-0.047982
4.42,0.999888,-0.0148521,0.000806459,-0.0014276,0.00104819,0.00106445,0.000188888,0.0678139,-0.0116971,-0.00381604,0.00334282,-0.00903078,0.0177566,4.44,37.7516,0.0127582,0.0125143,-0.0158364,0.999888,-0.0148468,0.000811787,-0.00142674,5.51991,2.39199,-2.84222,0.0678474,-0.0117874,-0.00363847,0.00307693,-0.0138017,-0.0447511
4.44,0.999888,-0.0148532,0.00080377,-0.00143284,-0.000417551,-0.000667644,-0.00128296,0.067826,-0.0117191,-0.00375776,0.00336747,-0.00863865,0.01801,4.46,39.5242,0.0256422,-0.0159224,-0.00743939,0.999888,-0.0148553,0.00080034,-0.0014392,8.10283,-3.31542,-1.24436,0.0678596,-0.0118055,-0.00357766,0.00308997,-0.013634,-0.0520372
4.46,0.999889,-0.0148247,0.000801945,-0.00142569,0.000115884,0.00239549,0.000980742,0.0679097,-0.0118229,-0.0034428,0.00434761,-0.00846715,0.0187337,4.48,37.5447,0.00801517,0.0121109,-0.0362607,0.999889,-0.0148241,0.000813993,-0.00142097,4.56789,2.37134,-6.92903,0.0679532,-0.0119075,-0.00325546,0.00408464,-0.0132032,-0.042894
4.48,0.999889,-0.0148028,0.000818906,-0.00143238,-0.000148604,-0.000134267,0.00124708,0.0679934,-0.0118369,-0.00328363,0.00466524,-0.00886889,0.0187626,4.5,38.0873,-0.00657034,0.000606736,0.0147225,0.999889,-0.0148035,0.000818328,-0.00142614,1.64367,-0.0878984,3.23133,0.06804,-0.0119256,-0.003096,0.00439295,-0.0136663,-0.0451732
4.5,0.999889,-0.0148097,0.000810125,-0.00142269,-0.00187967,-0.00226479,0.00244549,0.0680133,-0.011843,-0.00325384,0.004782,-0.00902931,0.018629,4.52,35.8473,-0.000930448,0.00177581,0.00352667,0.999889,-0.0148191,0.000798997,-0.00141029,2.77476,0.182405,0.99487,0.0680611,-0.0119333,-0.00306755,0.00452845,-0.0135466,-0.035779
4.52,0.999889,-0.0148256,0.000821089,-0.00141116,-0.00414336,0.00266204,0.00297812,0.0680346,-0.0118525,-0.00322145,0.00482174,-0.00930895,0.0186359,4.54,38.7563,0.0167901,0.00386272,-0.00205381,0.999888,-0.0148462,0.000834648,-0.00139645,6.32155,0.619087,-0.114305,0.0680828,-0.0119456,-0.00303509,0.00454404,-0.0141981,-0.0481455
4.54,0.999889,-0.014809,0.000833235,-0.00141639,0.000117711,0.00172995,0.000181815,0.0681557,-0.0119498,-0.00300456,0.00518544,-0.0103207,0.0190977,4.56,37.5474,0.0118436,0.0197018,-0.0327061,0.999889,-0.0148084,0.000841896,-0.00141561,5.32776,3.87352,-6.19692,0.0682076,-0.012053,-0.00281358,0.00491251,-0.0150521,-0.0425417
4.56,0.999889,-0.0147805,0.000843516,-0.00140269,0.00278276,-0.00159884,-0.000350803,0.0682907,-0.0120353,-0.00286074,0.00546603,-0.0110386,0.0191465,4.58,36.6743,-0.0120792,0.0153544,-0.0101044,0.99989,-0.0147666,0.000835478,-0.00140434,0.537211,2.92833,-1.6968,0.0683454,-0.0121457,-0.00266927,0.00519631,-0.015651,-0.0387795
4.58,0.99989,-0.0147583,0.000843668,-0.00140727,0.000918554,0.00133064,-0.00154923,0.0683507,-0.0120649,-0.00282258,0.00575908,-0.0111141,0.0193149,4.6,38.1729,0.0161275,-0.00977745,0.0155872,0.99989,-0.0147537,0.0008502,-0.00141512,6.17604,-2.16546,3.37239,0.0684083,-0.0121761,-0.00262943,0.00547828,-0.0159078,-0.0449855
4.6,0.99989,-0.014749,0.000854873,-0.00141509,0.00211893,0.00279527,-0.00181664,0.0683827,-0.0120828,-0.00279678,0.00571088,-0.0111541,0.0193869,4.62,37.0494,0.0201771,0.00995129,-0.0123494,0.99989,-0.0147384,0.000868699,-0.00142439,6.98311,1.86122,-2.15382,0.0684398,-0.0121943,-0.00260291,0.00543477,-0.0158038,-0.0401346
4.62,0.99989,-0.0147043,0.000869664,-0.00143007,0.00145314,0.00106423,-0.00248242,0.0685567,-0.0121803,-0.00270136,0.00648954,-0.0112945,0.0185901,4.64,36.6159,0.0097687,0.018062,-0.0410299,0.999891,-0.0146971,0.000874792,-0.00144257,4.89326,3.56154,-7.86428,0.0686215,-0.0122933,-0.00251545,0.00621201,-0.0158758,-0.0390879
4.64,0.999891,-0.0146976,0.000860777,-0.00143967,0.000390443,-0.00253015,0.00058024,0.0687384,-0.0122175,-0.00279106,0.00654901,-0.0110975,0.0187263,4.66,36.8763,-0.00590329,0.00263566,-0.00999501,0.999891,-0.0146956,0.000848167,-0.00143658,1.75974,0.38262,-1.70415,0.0688039,-0.0123285,-0.0026038,0.00627225,-0.0157093,-0.0400598
4.66,0.999891,-0.0146743,0.000852436,-0.00142508,0.00385256,-0.00159804,0.00204497,0.0688139,-0.0122428,-0.00279191,0.00648819,-0.0108666,0.0189577,4.68,38.1646,-0.000825085,0.0205074,-0.00214541,0.999891,-0.014655,0.000844569,-0.00141476,2.76376,3.93663,-0.0840044,0.0688788,-0.0123514,-0.00260233,0.00620455,-0.0156319,-0.0453084
4.68,0.999891,-0.0146735,0.000841205,-0.00142746,-0.000807973,-0.000133307,-0.000618183,0.0688919,-0.0122717,-0.00277248,0.0063815,-0.0106993,0.019247,4.7,40.2128,0.0145845,0.0197042,-0.0376521,0.999891,-0.0146775,0.000840499,-0.00143053,5.84903,3.88685,-7.18386,0.0689557,-0.0123787,-0.00258001,0.00608647,-0.0157202,-0.0537308
4.7,0.999891,-0.014664,0.000828801,-0.00143333,0.000523605,-0.00133173,-0.00208292,0.0690451,-0.0123321,-0.00274584,0.00620642,-0.0107021,0.0190053,4.72,35.6361,0.0079096,0.00943616,-0.00753987,0.999891,-0.0146614,0.000821986,-0.00144365,4.51279,1.74566,-1.19219,0.0691072,-0.0124391,-0.00255578,0.00594871,-0.0151486,-0.0345056
4.72,0.999891,-0.0146531,0.000850878,-0.00143994,-0.000274338,0.000798624,-0.000218717,0.06921,-0.0123794,-0.00281086,0.00603038,-0.0109789,0.0192441,4.74,37.7699,0.0105846,0.00851844,-0.00352213,0.999891,-0.0146545,0.000854857,-0.00144109,5.04518,1.54672,-0.389628,0.0692703,-0.0124892,-0.00261842,0.00575012,-0.0156882,-0.0433432
4.74,0.999891,-0.0146518,0.000855197,-0.00142816,-8.02268e-06,0.0011981,0.00231129,0.069294,-0.0124161,-0.00281727,0.00605239,-0.0109589,0.019192,4.76,37.6456,-0.000294766,0.00543258,-0.0482997,0.999891,-0.0146518,0.000861356,-0.0014167,2.87466,1.05683,-9.35741,0.0693545,-0.0125257,-0.00262535,0.00577172,-0.0156523,-0.0428665
4.76,0.999891,-0.0146627,0.000851776,-0.00141819,-0.00293882,-0.000933255,0.00257738,0.0693367,-0.0124363,-0.00281489,0.00607636,-0.0108094,0.0191641,4.78,37.603,0.0153256,-0.0168165,-0.0221832,0.999891,-0.0146774,0.00084732,-0.00140522,6.00439,-3.46387,-4.19926,0.0693975,-0.0125444,-0.00262325,0.00579714,-0.015501,-0.0427131
4.78,0.999891,-0.0146658,0.000848253,-0.00141048,0.000656445,-0.000533777,-0.00101789,0.0695602,-0.0125641,-0.00274238,0.00636327,-0.0111051,0.0192092,4.8,38.5911,-0.00133923,-0.000994377,-0.0396404,0.999891,-0.0146625,0.000845505,-0.00141553,2.67004,-0.252592,-7.6483,0.0696238,-0.0126752,-0.00255029,0.00607791,-0.0159209,-0.0468709
4.8,0.999889,-0.0148117,0.000881979,-0.00139784,0.00145862,0.00133182,0.000180575,0.06974,-0.0125096,-0.00280049,0.00621787,-0.00892947,0.0196198,4.82,39.4567,0.0110389,-0.00564607,0.0145974,0.999889,-0.0148044,0.000888641,-0.00139704,5.16833,-1.34562,3.18391,0.0698022,-0.0125989,-0.00260429,0.00591478,-0.0139023,-0.0501405
4.82,0.999889,-0.0148001,0.000885709,-0.00140141,0.0002602,0.000932347,0.00124584,0.0698225,-0.0125128,-0.00282187,0.0068398,-0.0105887,0.0198544,4.84,38.1618,0.0067264,0.00706945,-0.00827708,0.999889,-0.0147987,0.000890461,-0.00139525,4.30438,1.263,-1.35286,0.0698909,-0.0126187,-0.00262333,0.00654543,-0.0153945,-0.0443984
4.84,0.999889,-0.0147939,0.000879468,-0.00139361,0.000925988,-0.00119818,0.000846373,0.0699138,-0.0125478,-0.00282329,0.00711497,-0.0122152,0.0200788,4.86,37.657,0.00126245,0.019856,0.0202552,0.999889,-0.0147893,0.000873534,-0.0013893,3.20095,3.73531,4.38825,0.069985,-0.0126699,-0.0026225,0.00682653,-0.0169555,-0.0420268
4.86,0.999889,-0.0147871,0.000885579,-0.00139489,0.00145862,0.00146498,-0.000218896,0.0699604,-0.012576,-0.00281655,0.00700058,-0.0125458,0.0200983,4.88,38.8376,0.00947119,-0.00980807,0.0109177,0.999889,-0.0147798,0.000892876,-0.0013961,4.8518,-2.16814,2.43492,0.0700304,-0.0127014,-0.00261557,0.00670108,-0.0174324,-0.0470288
4.88,0.999889,-0.0147954,0.000904363,-0.00138394,-0.000139278,-0.000266076,0.00164532,0.0702542,-0.0128274,-0.0027106,0.0071053,-0.0133767,0.0194482,4.9,37.1253,0.0130917,-0.00413305,0.0088916,0.999889,-0.0147961,0.000903156,-0.0013757,5.57627,-1.03006,2.04502,0.0703252,-0.0129612,-0.00251612,0.00681312,-0.0180505,-0.0403961
4.9,0.999889,-0.0147937,0.000900627,-0.00136163,0.000127039,0.0010655,0.00177848,0.0704086,-0.012964,-0.00261283,0.00761008,-0.0125854,0.0197608,4.92,43.5494,0.0135241,0.00382191,0.00860414,0.999889,-0.0147931,0.000906084,-0.00135282,5.66027,0.562417,2.00668,0.0704847,-0.0130899,-0.00241523,0.00726885,-0.0180674,-0.0674081
4.92,0.999889,-0.0147936,0.000904168,-0.00135546,-0.000139457,0.000799626,0.00164184,0.0704638,-0.0130083,-0.00257193,0.00757992,-0.0124253,0.0197791,4.94,37.9158,0.00334279,0.0133146,0.0187705,0.999889,-0.0147943,0.000908288,-0.00134731,3.61939,2.42719,4.06474,0.0705396,-0.0131326,-0.00237413,0.00728172,-0.017198,-0.0434272
4.94,0.999889,-0.0147788,0.000940691,-0.00134129,0.000925803,0.00146542,0.00164183,0.0707395,-0.0132415,-0.00231329,0.00746816,-0.0126474,0.0202996,4.96,36.8244,-0.0221641,0.00711296,-0.00574841,0.99989,-0.0147741,0.000948132,-0.00133319,-1.47825,1.24536,-0.864474,0.0708142,-0.0133679,-0.0021103,0.00716717,-0.0172781,-0.0382646
4.96,0.99989,-0.0147676,0.000945109,-0.0013492,-0.000800924,-0.000929713,-0.00102128,0.0709488,-0.0133642,-0.00227563,0.00724564,-0.0131122,0.0199684,4.98,35.5087,-0.00434791,-0.0029578,0.0278768,0.99989,-0.0147716,0.000940391,-0.00135424,2.07838,-0.864004,5.83499,0.0710213,-0.0134953,-0.00207594,0.00695403,-0.0175741,-0.0329999
4.98,0.99989,-0.0147538,0.000958907,-0.00134345,0.000663806,0.00160029,0.00150873,0.0710318,-0.013413,-0.00226933,0.00724644,-0.0132828,0.0198679,5,36.5007,0.00028768,0.0355248,0.00581183,0.99989,-0.0147505,0.000967014,-0.00133603,2.99572,6.89534,1.53578,0.0711042,-0.0135458,-0.00207065,0.00694243,-0.0178651,-0.0373199
5,0.99989,-0.0147593,0.000961662,-0.0013279,-1.98917e-06,0.000668195,0.00377241,0.0711183,-0.0134722,-0.00224458,0.00750245,-0.0134608,0.0198518,5.02,38.0247,-0.0092277,0.00547988,-0.01981,0.99989,-0.0147593,0.000965281,-0.00130909,1.10813,0.959569,-3.6816,0.0711933,-0.0136068,-0.00204607,0.00718493,-0.0182362,-0.0438181
5.02,0.99989,-0.0147472,0.000943115,-0.00133154,0.00186222,0.000401873,-0.00115444,0.0713059,-0.0136168,-0.00214812,0.00753832,-0.0137592,0.020166,5.04,36.4384,0.020076,0.0247415,0.00445562,0.99989,-0.0147379,0.000945027,-0.00133735,6.95523,4.75136,1.23406,0.0713812,-0.0137544,-0.00194646,0.00723979,-0.0183317,-0.0367569
5.04,0.99989,-0.0147348,0.000942404,-0.00134706,0.00252802,-0.0025276,-0.00168706,0.0714957,-0.0138034,-0.00198569,0.00707771,-0.0141581,0.0203744,5.06,41.6048,0.00910462,0.00939281,0.000524124,0.99989,-0.0147222,0.000929626,-0.00135532,4.7648,1.6908,0.403592,0.0715665,-0.013945,-0.00178194,0.00673703,-0.0193744,-0.0585238
5.06,0.99989,-0.0147265,0.000946497,-0.00134885,0.00186223,0.000934503,-0.000355487,0.0715409,-0.0138547,-0.00193706,0.00696313,-0.0140797,0.0202655,5.08,36.5988,-0.024419,0.00187422,-0.00985321,0.99989,-0.0147172,0.00095113,-0.00135071,-1.93763,0.207957,-1.69979,0.0716105,-0.0139954,-0.00173441,0.00666216,-0.0186658,-0.0373399
5.08,0.99989,-0.0147174,0.000949018,-0.00133781,0.00146438,0.000134792,0.00176642,0.0716301,-0.0139592,-0.00182969,0.00657413,-0.0141676,0.020484,5.1,35.7235,0.0300998,0.00456337,-0.0102318,0.999891,-0.0147101,0.000949812,-0.001329,8.96199,0.760963,-1.75946,0.0716959,-0.0141009,-0.00162485,0.00627965,-0.0186413,-0.0333985
5.1,0.99989,-0.0147288,0.000977158,-0.00135807,0.00066964,0.000535334,-0.00182881,0.0717601,-0.0140501,-0.00190348,0.00557757,-0.0147809,0.0207877,5.12,36.547,0.0110482,-0.00258728,0.00775301,0.99989,-0.0147254,0.000979695,-0.00136726,5.15406,-0.732647,1.81655,0.0718159,-0.0141979,-0.0016956,0.00526745,-0.0193612,-0.0365971
5.12,0.999891,-0.0146955,0.000985377,-0.00138408,0.0013376,-0.00106123,-0.000364031,0.0718132,-0.014089,-0.00202981,0.00503805,-0.0146236,0.0208287,5.14,38.3136,0.00499761,0.0203038,-0.0151334,0.999891,-0.0146888,0.000980036,-0.00138583,3.93489,3.90912,-2.6889,0.0718636,-0.0142353,-0.00182152,0.00471014,-0.0194145,-0.0440707
5.14,0.999891,-0.0146872,0.000990662,-0.00139182,-0.000260303,4.03096e-06,0.0011007,0.0718487,-0.0141314,-0.00210275,0.00446259,-0.0142448,0.0206852,5.16,37.2288,-0.00579176,0.00636795,0.0200113,0.999891,-0.0146885,0.000990764,-0.00138632,1.77278,1.01495,4.29772,0.0718933,-0.0142738,-0.0018959,0.00414227,-0.0188974,-0.0396001
5.16,0.999891,-0.0146815,0.000995032,-0.00139245,0.00107128,0.000936138,3.54433e-05,0.0718566,-0.014147,-0.00210997,0.00425802,-0.0142764,0.0205571,5.18,40.4525,0.00249763,0.0202906,-0.0271129,0.999891,-0.0146761,0.000999708,-0.00139235,3.43382,3.93899,-5.08346,0.0718992,-0.0142897,-0.0019044,0.00390846,-0.0193299,-0.05344
5.18,0.999891,-0.0146701,0.000979777,-0.00139334,0.000139166,-0.00292545,0.000168601,0.0718706,-0.0141847,-0.00211602,0.00422253,-0.0142263,0.0202452,5.2,37.1314,0.00142779,-0.0126064,0.00378507,0.999891,-0.0146694,0.000965163,-0.00139228,3.22206,-2.72764,0.998861,0.0719129,-0.014327,-0.00191357,0.00390648,-0.0188613,-0.0396259
5.2,0.999891,-0.0146648,0.000992507,-0.00138599,-0.00105925,0.00253404,3.54428e-05,0.0719228,-0.0143193,-0.00204999,0.00446074,-0.0142857,0.020775,5.22,33.84,0.0215731,0.00724714,-0.0141151,0.999891,-0.0146701,0.00100519,-0.001386,7.24684,1.29817,-2.52,0.0719674,-0.0144622,-0.00184224,0.00416907,-0.0185083,-0.0250961
5.22,0.999891,-0.0146486,0.00098032,-0.00138597,0.00133726,0.000935791,0.000568844,0.0719873,-0.014459,-0.00192691,0.00442856,-0.01414,0.020042,5.24,37.4157,0.0131156,0.000417957,-0.00653607,0.999891,-0.0146419,0.000985031,-0.00138321,5.55341,-0.089676,-1.02611,0.0720316,-0.0146004,-0.00172649,0.00410996,-0.0188036,-0.0410386
5.24,0.999891,-0.0146485,0.000987249,-0.00138377,-0.000260639,0.00160158,0.000702001,0.0720035,-0.0144959,-0.00189202,0.00444721,-0.0138291,0.0199065,5.26,37.3731,-0.0237256,0.00325095,0.0116894,0.999891,-0.0146498,0.000995309,-0.00138038,-1.81915,0.411878,2.61918,0.072048,-0.0146342,-0.00169295,0.00412678,-0.0184874,-0.040993
5.26,0.999889,-0.0148029,0.000999553,-0.00137705,-0.0105138,0.00120217,0.00256623,0.0720808,-0.0146321,-0.00167076,0.00455366,-0.0109382,0.0202493,5.28,34.3641,0.013815,-0.0129932,0.0115018,0.999888,-0.0148554,0.00100583,-0.00136425,5.72383,-2.82848,2.53977,0.0721264,-0.0147415,-0.00146827,0.00425541,-0.0152665,-0.02785
5.28,0.999889,-0.0147718,0.0010277,-0.00139749,0.00067656,0.00133643,-0.00236056,0.0721462,-0.0145946,-0.00166846,0.00473176,-0.0128715,0.020505,5.3,37.0396,0.0019364,0.0033857,0.0109621,0.999889,-0.0147684,0.0010342,-0.00140939,3.33819,0.439704,2.48205,0.0721935,-0.0147233,-0.00146341,0.00440133,-0.017527,-0.0389748
5.3,0.99989,-0.0147623,0.0010445,-0.00141743,-0.000122381,0.0024017,-0.00129529,0.0721739,-0.0146024,-0.00168181,0.00511165,-0.0143678,0.020439,5.32,38.9346,0.0100719,0.00535389,0.0367456,0.999889,-0.0147629,0.00105641,-0.00142408,4.95523,0.756147,7.64967,0.072225,-0.0147461,-0.00147742,0.00475865,-0.0192584,-0.0471013
5.32,0.999889,-0.0147642,0.00106466,-0.00142349,-0.0003887,0.00200222,-0.00142845,0.0722064,-0.0146381,-0.00167736,0.00497858,-0.0151164,0.0205384,5.34,35.309,0.0242148,0.0111161,0.00261715,0.999889,-0.0147661,0.00107457,-0.00143077,7.79048,2.00923,0.846017,0.0722562,-0.0147893,-0.00147197,0.00465237,-0.0195521,-0.0315804
5.34,0.999889,-0.0147707,0.00106877,-0.0014278,-0.00145397,0.0008038,0.00136787,0.072256,-0.0147166,-0.0016387,0.00473164,-0.0149826,0.0203828,5.36,34.358,0.0165913,0.024953,0.0199824,0.999889,-0.0147779,0.0010729,-0.00142101,6.25872,4.72203,4.35882,0.0723033,-0.0148664,-0.00143487,0.00441299,-0.0193007,-0.0276907
5.36,0.999889,-0.0147644,0.0010976,-0.00146396,-0.000388702,0.00107012,-0.00395845,0.0723331,-0.0148605,-0.0014929,0.0041973,-0.0136171,0.0207171,5.38,36.4945,0.00348165,0.0061504,0.00388797,0.999889,-0.0147664,0.00110266,-0.00148383,3.64639,0.999988,1.08919,0.0723751,-0.0149966,-0.00128572,0.00384972,-0.0182018,-0.0364442
5.38,0.99989,-0.0147504,0.00109742,-0.00148332,-0.000920046,-0.00039472,-0.00129494,0.0723799,-0.0149419,-0.00135805,0.00421765,-0.0131003,0.0205692,5.4,35.9155,0.000353253,-0.000464908,0.010859,0.999889,-0.014755,0.00109536,-0.00148976,3.01829,-0.344361,2.4669,0.0724221,-0.0150729,-0.00115236,0.00387555,-0.017608,-0.0341292
5.4,0.99989,-0.0147471,0.00109724,-0.00148495,0.000544689,-0.000128403,-0.000362833,0.0723984,-0.0149699,-0.00130808,0.00452932,-0.0128823,0.0205164,5.42,37.8057,0.00721175,-0.0165195,-0.00299948,0.99989,-0.0147444,0.00109657,-0.00148675,4.39668,-3.51197,-0.350013,0.0724437,-0.0150987,-0.00110292,0.00416927,-0.0176261,-0.0422221
5.42,0.999889,-0.0147476,0.00111705,-0.00150281,0.000944162,0.00133633,-0.00236021,0.0724963,-0.0151047,-0.0010759,0.00527946,-0.0135861,0.0205389,5.44,36.979,0.00812089,0.00795456,-0.00224243,0.99989,-0.0147429,0.00112355,-0.00151471,4.57143,1.3764,-0.122632,0.0725491,-0.0152406,-0.000870516,0.00492097,-0.0182264,-0.0386831
5.44,0.99989,-0.0147094,0.00109636,-0.00150864,-0.000246389,-0.00238971,0.00216726,0.0725635,-0.0150597,-0.00118703,0.00566476,-0.0143363,0.0204635,5.46,39.7453,0.00214687,0.0177781,0.00736648,0.99989,-0.0147107,0.00108458,-0.00149763,3.36368,3.31495,1.8276,0.0726202,-0.015203,-0.0009824,0.00528644,-0.0193108,-0.0505256
5.46,0.99989,-0.0146885,0.00110497,-0.00152391,0.00241677,0.00187136,-0.00289274,0.0725751,-0.0150117,-0.00128546,0.00579161,-0.0147323,0.0201334,5.48,33.974,-0.00710491,0.0100809,0.0208166,0.999891,-0.0146764,0.00111409,-0.00153852,1.50834,1.73167,4.49565,0.072633,-0.015159,-0.00108413,0.00546568,-0.0189784,-0.0263076
5.48,0.999891,-0.0146776,0.00110603,-0.00153309,0.00228361,0.000140296,-0.00222695,0.0725828,-0.0149941,-0.00132714,0.00581363,-0.0147535,0.0202021,5.5,37.0398,0.00775382,-0.00783655,-0.0175515,0.999891,-0.0146662,0.00110656,-0.00154425,4.49176,-1.73442,-3.22462,0.0726409,-0.0151416,-0.00112512,0.00545792,-0.0193793,-0.0392793
5.5,0.999891,-0.0146779,0.00110174,-0.00152581,0.000552553,-0.00265602,0.00043622,0.0726163,-0.0149635,-0.00142102,0.0057695,-0.0149092,0.0200425,5.52,41.0908,0.00649059,-0.00489302,0.0114406,0.999891,-0.0146752,0.00108849,-0.00152343,4.23224,-1.23042,2.58006,0.072674,-0.0151126,-0.0012206,0.00537642,-0.020041,-0.0566699
5.52,0.999891,-0.0146533,0.00110029,-0.00150799,-0.0011785,0.00160503,-0.000229575,0.0726727,-0.0149204,-0.00155785,0.00569588,-0.0140703,0.0192134,5.54,32.1181,0.0301265,0.0184924,0.00542687,0.999891,-0.0146592,0.00110831,-0.00150925,8.94666,3.47121,1.44765,0.0727296,-0.0150611,-0.00136571,0.00538911,-0.0180749,-0.0193338
5.54,0.999891,-0.0146336,0.0011208,-0.00150895,0.0018859,0.000538447,-0.000349429,0.0727077,-0.0148391,-0.00171696,0.00589764,-0.0132775,0.0190266,5.56,38.0023,0.0260102,0.0310507,-0.0168507,0.999891,-0.0146242,0.00112346,-0.00151075,8.11979,6.04249,-2.97131,0.0727667,-0.0149719,-0.0015267,0.00552804,-0.0180093,-0.0445491
5.56,0.999891,-0.0146333,0.00111886,-0.00149822,-0.000377791,-0.000659969,0.00258005,0.0727216,-0.0148152,-0.00175972,0.00576756,-0.0132864,0.0190063,5.58,40.1799,0.00502904,-0.00171624,-0.024828,0.999891,-0.0146352,0.00111575,-0.00148527,3.93749,-0.492789,-4.66934,0.0727793,-0.014948,-0.00156966,0.0053775,-0.0182892,-0.0538321
5.58,0.999892,-0.0145972,0.00111747,-0.00151602,-0.000777256,-0.000127336,-0.000216265,0.072794,-0.0147439,-0.00190733,0.00556662,-0.0134175,0.018765,5.6,35.391,0.0110287,0.0220536,0.0161884,0.999892,-0.0146011,0.00111683,-0.00151708,5.11336,4.14286,3.60735,0.0728496,-0.014878,-0.00171968,0.00522341,-0.0178132,-0.0337039
5.6,0.999892,-0.0145967,0.00114697,-0.00151006,0.00028801,0.000937931,-0.001681,0.0728827,-0.0147352,-0.0019622,0.00579669,-0.0138681,0.0186907,5.62,37.3057,0.00476048,0.010765,0.00694172,0.999892,-0.0145953,0.00115153,-0.00151853,3.86622,1.90456,1.72269,0.0729407,-0.0148738,-0.00177529,0.00542558,-0.0185015,-0.0419222
5.62,0.999892,-0.0146017,0.00114922,-0.00150932,-0.000242105,0.000406354,5.01068e-05,0.0729179,-0.0147248,-0.00197934,0.00616741,-0.0134944,0.0185163,5.64,36.0934,0.02413,-0.0227908,0.023449,0.999892,-0.0146029,0.00115126,-0.0015091,7.7449,-4.84868,4.93011,0.0729796,-0.0148597,-0.00179418,0.00580766,-0.0179788,-0.0369403
5.64,0.999892,-0.0145989,0.00114977,-0.00151027,0.000290527,6.87983e-06,-0.000349365,0.0729385,-0.0147217,-0.00198345,0.00625742,-0.0134755,0.0183934,5.66,35.1196,0.00978769,-0.0192897,0.00582395,0.999892,-0.0145975,0.00114977,-0.00151202,4.88087,-4.1015,1.41261,0.0730011,-0.0148565,-0.00179951,0.00590721,-0.0178379,-0.0329211
5.66,0.999892,-0.0145887,0.00115304,-0.00150298,-0.000375266,0.00120531,0.00204748,0.0729952,-0.0146935,-0.00203735,0.00591922,-0.0132921,0.01813,5.68,36.5245,0.0225754,0.03544,0.0211594,0.999892,-0.0145906,0.00115922,-0.00149283,7.41356,6.8017,4.64059,0.0730544,-0.0148265,-0.00185605,0.00555402,-0.0178259,-0.0391604
5.68,0.999892,-0.0146016,0.00116481,-0.00147433,-0.000106841,0.00160521,-0.000349334,0.0730642,-0.0145862,-0.00222831,0.00529592,-0.0126992,0.018648,5.7,36.8697,0.00957998,-0.0198948,0.00603395,0.999892,-0.0146022,0.00117281,-0.0014762,4.83981,-4.22626,1.44563,0.0731171,-0.0147132,-0.00204183,0.0049237,-0.0172799,-0.0401103
5.7,0.999892,-0.0145877,0.00117269,-0.00147749,0.00149106,-0.000259,0.000582767,0.0730918,-0.0145589,-0.00226726,0.00525008,-0.0125497,0.0189589,5.72,38.6636,0.0242372,0.00836222,-0.0217564,0.999892,-0.0145803,0.00117143,-0.00147457,7.76545,1.50839,-4.02527,0.0731443,-0.0146844,-0.00207767,0.00485716,-0.0173487,-0.0474299
5.72,0.999892,-0.0145896,0.00116926,-0.00148574,-0.000108134,0.000406888,-0.00247883,0.0731202,-0.0145388,-0.00228256,0.00523762,-0.0121819,0.0190898,5.74,37.218,0.00673064,0.00987682,-0.0258514,0.999892,-0.0145902,0.00117111,-0.00149816,4.26584,1.81876,-4.84221,0.0731725,-0.0146606,-0.00209166,0.00486043,-0.0168021,-0.0411505
5.74,0.99989,-0.0147199,0.00115929,-0.00149039,0.00215555,-0.00132416,-0.000614627,0.0732064,-0.0144227,-0.00221429,0.00560955,-0.00937396,0.0189272,5.76,37.1893,0.0282848,-0.015644,0.00128988,0.99989,-0.0147092,0.00115261,-0.00149338,8.60315,-3.35566,0.516496,0.0732625,-0.0145164,-0.00202502,0.00523572,-0.0140318,-0.0411895
5.76,0.99989,-0.0146951,0.00119356,-0.00147549,0.00189155,0.00187205,0.000317532,0.0732934,-0.0142973,-0.00232744,0.00544299,-0.0126261,0.0193236,5.78,39.1959,0.0127392,0.0153471,-0.00666602,0.99989,-0.0146856,0.00120293,-0.00147405,5.48298,2.85374,-0.989847,0.0733478,-0.0144236,-0.00213421,0.00503765,-0.0175269,-0.0493284
5.78,0.99989,-0.0146974,0.00120199,-0.00147459,-0.000904765,0.00200521,0.000184368,0.0733055,-0.0142751,-0.00235954,0.00568332,-0.0128199,0.0192481,5.8,35.7084,0.0248514,0.0151463,0.00569513,0.99989,-0.0147019,0.00121203,-0.00147381,7.9021,2.77914,1.48428,0.0733623,-0.0144033,-0.00216706,0.00531149,-0.0172855,-0.0345698
5.8,0.99989,-0.0146915,0.00119423,-0.00146283,0.0010947,-0.00212162,0.00284758,0.0733192,-0.0142565,-0.00238717,0.00563841,-0.0128389,0.0191431,5.82,35.0432,0.0076803,0.0217805,0.0340881,0.99989,-0.0146861,0.00118383,-0.00144845,4.4572,4.0189,7.17525,0.0733755,-0.0143849,-0.00219573,0.00527587,-0.0172195,-0.0318456
5.82,0.99989,-0.0147133,0.00121094,-0.0014564,0.000698422,0.00213997,-0.00021501,0.073387,-0.0139931,-0.00284836,0.00597098,-0.0118153,0.0185125,5.84,36.7342,-0.00776963,0.000926917,0.000715966,0.99989,-0.0147098,0.00122162,-0.00145763,1.38837,-0.0611691,0.435271,0.0734468,-0.0141112,-0.00266323,0.00558574,-0.0164141,-0.0396685
5.84,0.999891,-0.0146512,0.00120111,-0.00142174,0.00189685,-0.00318636,0.00391289,0.073458,-0.0137489,-0.00319246,0.00551736,-0.0105463,0.0179205,5.86,34.7059,0.00370265,0.0181053,0.00345262,0.999891,-0.0146417,0.00118546,-0.00140195,3.66419,3.37141,1.02871,0.0735132,-0.0138543,-0.00301326,0.00515648,-0.0148728,-0.0316341
5.86,0.999891,-0.0146451,0.00119965,-0.0014162,0.00109985,-0.000523511,0.00138119,0.0734724,-0.0137043,-0.0032474,0.00550146,-0.0104001,0.0179258,5.88,33.5764,0.00147558,0.0093961,0.0200215,0.999891,-0.0146396,0.00119713,-0.00140927,3.21592,1.58089,4.31495,0.0735274,-0.0138083,-0.00306814,0.00515277,-0.0145841,-0.0268242
5.88,0.999891,-0.0146423,0.00119433,-0.00141914,0.000300905,-0.00145562,-0.000749343,0.0734868,-0.0136613,-0.00329674,0.00533849,-0.0102218,0.0179487,5.9,36.3661,-0.000909972,-0.00634154,0.00812033,0.999891,-0.0146408,0.001187,-0.00142278,2.74619,-1.53105,1.8889,0.0735402,-0.0137636,-0.00311725,0.00496246,-0.0147526,-0.0386675
5.9,0.999891,-0.0146181,0.00122396,-0.00141251,0.00256609,0.00240628,0.00218015,0.0735524,-0.0134312,-0.00358605,0.00524462,-0.0105784,0.0178601,5.92,34.2009,0.00489864,0.0117951,0.00814168,0.999892,-0.0146052,0.00123613,-0.00140181,3.89758,2.09159,1.94632,0.0736049,-0.013537,-0.00340745,0.00488239,-0.0148323,-0.0295466
5.92,0.999892,-0.0146111,0.00123038,-0.00138453,-0.00222761,0.000408912,0.00124805,0.0736439,-0.013253,-0.00383856,0.00603317,-0.0109764,0.0170429,5.94,39.4305,0.00918819,0.00412024,0.00331671,0.999891,-0.0146222,0.00123253,-0.0013783,4.75753,0.570762,0.954447,0.0737042,-0.0133628,-0.00366813,0.00561354,-0.0158785,-0.0526081
5.94,0.999892,-0.0146122,0.00122611,-0.0013844,-0.000629704,-0.00118899,4.9628e-05,0.0736676,-0.0132267,-0.00387704,0.00615253,-0.0107749,0.0170505,5.96,38.9557,-0.011168,0.0137708,-0.0160351,0.999891,-0.0146153,0.00122017,-0.00138406,0.688366,2.55244,-2.89232,0.0737291,-0.0133344,-0.00370654,0.00573937,-0.0156183,-0.0505806
5.96,0.999892,-0.0146062,0.00122676,-0.00138324,0.00216838,0.000809431,-0.000216642,0.0737089,-0.0131611,-0.00396206,0.00651199,-0.0107648,0.0170348,5.98,34.3005,0.0115919,0.0321198,0.0239761,0.999892,-0.0145954,0.00123078,-0.0013844,5.22205,6.11111,5.168,0.073774,-0.0132688,-0.00379171,0.00614801,-0.0150277,-0.0307956
5.98,0.999892,-0.0146018,0.00122713,-0.00137463,3.78326e-05,-0.00118794,0.00218019,0.0737561,-0.0131063,-0.00402965,0.00649093,-0.0106561,0.0170504,6,37.3574,0.0156551,-0.00943595,-0.0203119,0.999892,-0.0146016,0.00122135,-0.00136365,6.05753,-2.06876,-3.81075,0.073821,-0.0132128,-0.00385914,0.00609445,-0.0152975,-0.0437824
6,0.999892,-0.0145617,0.00126421,-0.00137392,0.00376627,0.00227416,0.000182822,0.0739133,-0.0129809,-0.00410322,0.00620469,-0.0103184,0.0177985,6.02,38.7687,0.00843671,-0.00409098,-0.00288491,0.999892,-0.0145428,0.00127557,-0.00137319,4.60121,-1.0602,-0.311947,0.0739753,-0.0130841,-0.00392524,0.00578101,-0.0151219,-0.0490379
6.02,0.999893,-0.0145342,0.00129372,-0.00135491,0.00309976,0.00187448,0.00110816,0.0739953,-0.0129539,-0.00407851,0.00607972,-0.0101753,0.017614,6.04,36.2451,0.0197625,0.00741886,-0.0216956,0.999893,-0.0145187,0.00130315,-0.00134953,6.86119,1.29332,-4.04103,0.0740561,-0.0130557,-0.00390237,0.00567462,-0.0146577,-0.0384884
6.04,0.999893,-0.0145144,0.00129257,-0.00135524,0.00469766,-0.000389203,4.2897e-05,0.074023,-0.0129475,-0.00406385,0.00607069,-0.00998829,0.0176305,6.06,30.4264,0.0260463,0.00987322,0.00945777,0.999893,-0.0144909,0.0012906,-0.00135502,8.1052,1.69555,2.19776,0.0740838,-0.0130474,-0.00388755,0.00573093,-0.0137459,-0.0137221
6.06,0.999893,-0.0144939,0.0012986,-0.00135393,0.00190134,-0.000256044,0.00204027,0.0741403,-0.0129216,-0.00402015,0.00613904,-0.0101426,0.0177651,6.08,36.2834,0.0361338,0.00263807,0.001926,0.999893,-0.0144844,0.00129746,-0.00134373,10.1217,0.272067,0.672948,0.0742017,-0.013023,-0.00384249,0.00573202,-0.0146172,-0.0385003
6.08,0.999894,-0.0144644,0.00133599,-0.00133597,0.000704699,0.00373932,0.000575551,0.0742567,-0.0128445,-0.00406526,0.00624606,-0.00963243,0.0173732,6.1,35.9876,-0.0268096,0.00263644,0.00377471,0.999894,-0.0144608,0.00135473,-0.00133337,-2.47127,0.241978,1.02249,0.0743192,-0.0129409,-0.00389152,0.005831,-0.0140615,-0.0376344
6.1,0.999894,-0.0144516,0.00133633,-0.00134378,0.00296839,1.08859e-05,-0.00182129,0.0742844,-0.0128342,-0.00406355,0.00634839,-0.00962472,0.0173205,6.12,34.8256,0.0331017,0.00687739,-0.00633924,0.999894,-0.0144367,0.00133623,-0.0013529,9.50808,1.13531,-0.970261,0.0743479,-0.0129305,-0.00389034,0.00594661,-0.013907,-0.0327446
6.12,0.999894,-0.0144457,0.00133356,-0.00134461,0.00123734,-0.000788054,-9.0246e-05,0.0743131,-0.0128255,-0.00405781,0.00637108,-0.00947926,0.0174057,6.14,38.1026,0.0127687,0.000512241,0.0287374,0.999894,-0.0144395,0.00132961,-0.00134501,5.43338,-0.243839,6.02064,0.0743768,-0.0129203,-0.00388375,0.00593239,-0.0141626,-0.0465983
6.14,0.999894,-0.0144273,0.00133366,-0.00134116,0.0023044,0.00254214,-0.000889143,0.0744445,-0.0127388,-0.00399284,0.00591438,-0.00854805,0.0177341,6.16,37.4803,-0.00427865,-0.00129,-0.0145642,0.999894,-0.0144158,0.00134629,-0.00134581,2.03373,-0.4838,-2.6492,0.0745036,-0.0128242,-0.0038155,0.00548284,-0.0131491,-0.0436232
6.16,0.999895,-0.0143821,0.00135567,-0.00133199,0.00283704,-0.000121016,0.00044243,0.0745352,-0.0126783,-0.00395069,0.00599153,-0.00850933,0.017328,6.18,36.5361,-0.00339858,0.0118303,-0.00748465,0.999895,-0.014368,0.00135508,-0.00132979,2.19536,2.11534,-1.1973,0.0745951,-0.0127634,-0.00377741,0.00556408,-0.0129804,-0.0400136
6.18,0.999895,-0.0144046,0.00136401,-0.00132386,-0.00954457,0.000544542,0.0016333,0.0745808,-0.0125496,-0.00413953,0.00502745,-0.00825291,0.0199036,6.2,37.2702,0.0152359,-0.00284342,-0.000619377,0.999894,-0.0144523,0.00136691,-0.00131567,5.92834,-0.835579,0.136847,0.0746311,-0.0126321,-0.00394049,0.00458879,-0.0128209,-0.0405603
6.2,0.999893,-0.0145396,0.00136538,-0.00131696,-0.0340457,0.000145155,0.00189952,0.0745936,-0.0125004,-0.00416356,0.00464271,-0.00619274,0.0197912,6.22,34.781,-0.0140962,0.00177289,-0.0114641,0.99989,-0.0147097,0.00136647,-0.00130724,0.091153,0.111117,-2.02791,0.07464,-0.0125623,-0.00396565,0.00423292,-0.0104956,-0.0300835
6.22,0.999893,-0.0144994,0.00137163,-0.00132347,0.0023065,1.19452e-05,-0.000896711,0.0746265,-0.0123226,-0.00428241,0.00453828,-0.00535625,0.017833,6.24,35.7699,-0.00512833,0.0123409,0.0182702,0.999893,-0.0144878,0.00137161,-0.00132797,1.8653,2.13928,3.9527,0.0746718,-0.0123762,-0.00410408,0.00411492,-0.0097692,-0.0362484
6.24,0.999893,-0.0144868,0.00140394,-0.0013208,-0.00142192,0.000145099,-0.000497236,0.0747097,-0.0121434,-0.00438398,0.00484329,-0.00866166,0.0181914,6.26,34.5277,0.0254004,0.0100576,0.00487814,0.999893,-0.0144939,0.00140464,-0.00132329,7.97176,1.72312,1.27593,0.0747581,-0.01223,-0.00420206,0.00442516,-0.0129176,-0.030606
6.25999,0.999893,-0.0144749,0.001402,-0.00132473,0.000309128,-0.000254371,3.53964e-05,0.0747633,-0.0121152,-0.00438066,0.00415912,-0.00924276,0.0181876,6.27999,37.8944,0.0207317,0.00711304,-0.0265789,0.999893,-0.0144734,0.00140073,-0.00132453,7.04474,1.22452,-5.02389,0.0748049,-0.0122076,-0.00419878,0.00370083,-0.0139099,-0.0449305
6.27999,0.999894,-0.0144574,0.00140061,-0.00132801,0.0023065,-0.000520691,-0.000896707,0.0747922,-0.0121053,-0.00436193,0.00409919,-0.00876526,0.017902,6.29999,36.9587,-0.00695086,0.010795,-0.00704313,0.999894,-0.0144458,0.00139792,-0.00133247,1.50025,1.89719,-1.11364,0.0748332,-0.012193,-0.00418291,0.00365264,-0.0133116,-0.0412361
6.29999,0.999894,-0.0144445,0.0014011,-0.00132273,-0.000222033,-0.00171796,0.00163333,0.0748101,-0.0120783,-0.00435874,0.00403749,-0.00821721,0.0176389,6.31999,29.6431,0.00297943,0.0155242,-0.0079096,0.999894,-0.0144456,0.00139263,-0.00131444,3.48237,2.84796,-1.27155,0.0748505,-0.0121605,-0.00418235,0.00367923,-0.0118604,-0.0103825
6.31999,0.999893,-0.0144719,0.00137936,-0.0013335,-0.00075303,-0.000385895,3.544e-05,0.0748345,-0.0119285,-0.00443681,0.00351985,-0.00636805,0.0177612,6.33999,32.5967,0.00168639,0.0023469,0.0149799,0.999893,-0.0144756,0.00137744,-0.00133329,3.22652,0.150579,3.2696,0.0748697,-0.0119922,-0.0042592,0.00313188,-0.0103819,-0.0228229
6.33999,0.999894,-0.0144489,0.00138432,-0.0013313,0.0039075,1.35825e-05,-0.00129615,0.0748389,-0.011815,-0.0044919,0.00326766,-0.00619539,0.0173502,6.35999,38.9265,-0.0087765,0.000378641,-0.0421115,0.999894,-0.0144293,0.00138427,-0.00133781,1.14354,-0.0817583,-8.15651,0.0748716,-0.011877,-0.0043184,0.00280273,-0.010981,-0.0501583
6.35999,0.999894,-0.0144513,0.00138964,-0.00133204,-0.000885962,0.00121134,3.12554e-05,0.0748419,-0.0117823,-0.00450399,0.00343057,-0.00629131,0.0172539,6.37999,36.6904,0.0208882,0.0044654,0.00628902,0.999894,-0.0144558,0.0013957,-0.00133197,7.06381,0.602475,1.54276,0.0748762,-0.0118452,-0.00433145,0.00299068,-0.0108028,-0.0407433
6.37999,0.999894,-0.0144378,0.00139238,-0.00132272,0.000978254,-0.000652875,0.00296073,0.0748499,-0.0117247,-0.00451353,0.00327493,-0.00636178,0.017543,6.39999,40.0227,-0.00256288,-0.00800904,-0.043734,0.999894,-0.0144328,0.00138933,-0.00130788,2.38646,-1.75448,-8.50521,0.0748827,-0.0117883,-0.0043381,0.00279421,-0.0112784,-0.0546282
6.39999,0.999895,-0.0143891,0.00139603,-0.00130438,0.0017772,0.00201029,0.00122968,0.0748599,-0.0116266,-0.00445262,0.00249843,-0.00673022,0.0178519,6.41999,31.5717,-0.011962,0.0133094,0.00514852,0.999895,-0.0143802,0.00140616,-0.00129839,0.480249,2.36449,1.32541,0.0748849,-0.0116939,-0.0042741,0.00211831,-0.0105956,-0.0183733
6.41999,0.999895,-0.0143766,0.00142538,-0.00130028,-0.00022017,0.00187713,-0.00183295,0.074866,-0.0115698,-0.00429873,0.00215373,-0.00619841,0.0179538,6.43999,32.7437,0.00103991,-0.00259494,0.00376401,0.999895,-0.0143777,0.00143463,-0.00130957,3.08286,-0.814531,1.00559,0.0748875,-0.0116318,-0.0041192,0.00175135,-0.0102038,-0.0232564
6.43999,0.999895,-0.01438,0.00142203,-0.00130065,-0.00101912,-0.000919187,3.12613e-05,0.0748669,-0.0115616,-0.00425801,0.00205196,-0.00617461,0.0179521,6.45999,35.5388,-0.00030875,0.00809235,0.00752584,0.999895,-0.0143851,0.00141745,-0.00130042,2.80983,1.3122,1.7883,0.0748874,-0.0116233,-0.00407849,0.00161625,-0.0105229,-0.0351472
6.45999,0.999895,-0.0143778,0.00139516,-0.00129414,0.000312451,-0.0027834,0.001496,0.0748666,-0.011552,-0.00416476,0.00171285,-0.0063163,0.0181764,6.47999,38.6209,0.00938703,0.0317353,-0.000209791,0.999895,-0.0143762,0.00138135,-0.00128646,4.74303,6.07043,0.310723,0.0748837,-0.0116152,-0.003983,0.00124821,-0.011041,-0.0480329
6.47999,0.999895,-0.0143758,0.00139977,-0.00129283,0.0013808,-0.00184975,-0.00143344,0.0747828,-0.0114243,-0.00409617,0.00050721,-0.00557298,0.0191593,6.49999,32.3414,0.0173434,0.0106932,-0.0112091,0.999895,-0.0143689,0.00139041,-0.00129987,6.34307,1.8952,-1.94744,0.0747879,-0.0114801,-0.00390458,0.000116855,-0.00952894,-0.0203397
6.49999,0.999895,-0.0143559,0.00138765,-0.0012891,0.00138019,-0.000518042,0.00109301,0.0746621,-0.0112949,-0.00402735,3.24354e-05,-0.0056875,0.0192838,6.51999,37.5879,0.00850934,-0.00177061,-0.010306,0.999895,-0.014349,0.00138513,-0.00128361,4.57593,-0.599802,-1.80591,0.0746624,-0.0113518,-0.00383451,-0.000417344,-0.0102789,-0.0425316
6.51999,0.999895,-0.0143443,0.00137802,-0.00128997,0.00271177,-0.00251542,-0.000105407,0.0746378,-0.0112743,-0.00400025,-7.03172e-05,-0.00569368,0.0193652,6.53999,37.3733,0.0261069,0.0149748,-0.000305071,0.999896,-0.0143307,0.00136542,-0.00129034,8.08462,2.72667,0.247115,0.0746371,-0.0113312,-0.00380659,-0.000514466,-0.0102551,-0.0415375
6.53999,0.999896,-0.0143253,0.00136856,-0.00127581,0.00164651,-0.000917518,0.00202512,0.074589,-0.0112392,-0.00393562,-0.000323386,-0.00557838,0.0192982,6.55999,36.4967,0.0145819,0.00934193,0.000410867,0.999896,-0.014317,0.0013641,-0.00126563,5.77821,1.59705,0.368057,0.0745858,-0.011295,-0.00374264,-0.000754106,-0.0100269,-0.037876
6.55999,0.999896,-0.0143167,0.00136033,-0.00128008,0.00204598,-0.000784364,0.000693537,0.0745136,-0.0111892,-0.00381224,-0.000584469,-0.00497096,0.0193365,6.57999,33.2125,-0.00575473,0.0169559,-0.0268318,0.999896,-0.0143064,0.00135645,-0.00127657,1.71398,3.19414,-5.06283,0.0745078,-0.0112389,-0.00361887,-0.000974121,-0.0090168,-0.0238686
6.57999,0.999896,-0.0143069,0.00137858,-0.0012908,-0.000215678,-0.000117628,0.00109303,0.0743133,-0.010987,-0.00379671,-0.00127671,-0.0043703,0.0191212,6.59999,34.9668,-0.00924536,0.00556129,-0.0176353,0.999896,-0.014308,0.00137808,-0.00128532,1.01531,0.884529,-3.25519,0.0743006,-0.0110307,-0.0036055,-0.00169241,-0.00862691,-0.0315456
6.59999,0.999896,-0.0142914,0.00138511,-0.00128487,0.00364592,0.00148026,0.00162566,0.074274,-0.0109497,-0.0037823,-0.00120629,-0.00434111,0.0189908,6.61999,31.8644,0.00583392,0.00307335,0.0155846,0.999896,-0.0142731,0.00139261,-0.00127688,4.01942,0.294567,3.38394,0.0742619,-0.0109931,-0.00359239,-0.00158686,-0.00821586,-0.0184801
6.61999,0.999896,-0.0142834,0.0013846,-0.0012928,0.00151538,-0.000383949,-0.0010375,0.074158,-0.0108441,-0.00371763,-0.00134785,-0.00393249,0.0190639,6.63999,30.975,0.00897685,0.0015124,0.00431955,0.999896,-0.0142758,0.0013826,-0.00129797,4.65013,0.0155393,1.12916,0.0741445,-0.0108834,-0.00352699,-0.00171768,-0.00769697,-0.0146236
6.63999,0.999896,-0.0142652,0.00141708,-0.00129101,-0.000480966,0.00534179,0.000427252,0.0739599,-0.0106522,-0.00358345,-0.00216087,-0.00300551,0.0197852,6.65999,37.3027,-0.0210499,0.0158947,0.0226841,0.999896,-0.0142676,0.00144382,-0.00128925,-1.36876,2.82506,4.8339,0.0739383,-0.0106823,-0.0033856,-0.00261655,-0.00753323,-0.0408179
6.65999,0.999894,-0.0144473,0.00144839,-0.00130546,0.00338178,0.000815668,-0.00303919,0.0737515,-0.0103719,-0.00341867,-0.00209105,0.00123255,0.0203737,6.67999,33.8473,0.0158886,0.00543834,-0.00244941,0.999894,-0.0144304,0.00145223,-0.00132074,6.06571,0.809131,-0.208448,0.0737306,-0.0103596,-0.00321494,-0.00251367,-0.00292816,-0.02553
6.67999,0.999894,-0.0144317,0.00144714,-0.00132199,0.0036481,-0.000382743,-0.00397131,0.0737036,-0.0102829,-0.00341057,-0.00234451,0.0013523,0.0205449,6.69999,36.0881,0.00400887,0.016607,-0.0323774,0.999894,-0.0144135,0.00144492,-0.00134184,3.69107,3.12617,-6.16134,0.0736801,-0.0102694,-0.00320512,-0.00279479,-0.00307908,-0.0348905
6.69999,0.999894,-0.0144251,0.00145254,-0.001321,0.00138441,0.00121516,0.000422906,0.0736543,-0.0101966,-0.00339706,-0.00256988,0.00118674,0.020651,6.71999,35.4157,-0.0186444,0.00180456,-0.0373259,0.999894,-0.0144182,0.00145864,-0.00131898,-0.835618,0.173156,-7.20042,0.0736286,-0.0101848,-0.00319055,-0.00301339,-0.00316011,-0.0319244
6.71999,0.999894,-0.0144231,0.00147378,-0.00129657,-0.00261033,0.00121516,0.00335238,0.0734173,-0.00986002,-0.00327042,-0.002862,-0.00177789,0.0205317,6.73999,32.5604,-0.00453241,0.00807409,0.010994,0.999894,-0.0144361,0.00148011,-0.00127988,1.9726,1.28703,2.47981,0.0733887,-0.0098778,-0.0030651,-0.00327554,-0.00577372,-0.0198986
6.73999,0.999894,-0.0144227,0.00147846,-0.00129305,0.000718625,0.000283052,-0.00157446,0.0732233,-0.00968026,-0.00309778,-0.00319128,-0.00210811,0.0210345,6.75999,36.6174,-0.00844837,-0.00123405,-0.0113526,0.999894,-0.0144191,0.00147976,-0.00130094,1.19842,-0.511883,-2.01776,0.0731914,-0.00970134,-0.00288743,-0.00365779,-0.00660168,-0.0366522
6.75999,0.999894,-0.0144254,0.00148689,-0.00129464,-0.000879274,0.00201411,-0.000242884,0.0731758,-0.00963966,-0.00304168,-0.00328918,-0.0020098,0.0212909,6.77999,36.0751,-0.0103294,0.0180784,0.0162727,0.999894,-0.0144298,0.00149695,-0.00129599,0.808892,3.26833,3.56217,0.0731429,-0.00965976,-0.00282877,-0.00375137,-0.00643766,-0.034089
6.77999,0.999894,-0.0144451,0.00152838,-0.00127277,0.000319141,0.00441096,0.00548291,0.0729817,-0.00947097,-0.00278307,-0.00381223,-0.00067775,0.0211067,6.79999,36.4106,0.0188188,0.00556804,-0.00134202,0.999894,-0.0144434,0.00155082,-0.00124567,6.6508,0.816514,0.00798809,0.0729436,-0.00947775,-0.002572,-0.00429149,-0.00515286,-0.0357
6.79999,0.999894,-0.0144066,0.00155135,-0.00126828,0.0021857,-0.000116244,-0.000242889,0.0726934,-0.00909309,-0.00291221,-0.00494933,0.000841284,0.0204057,6.81999,32.6904,-0.00897948,0.0278498,-0.0109553,0.999894,-0.0143957,0.00155073,-0.00126951,1.08055,5.28842,-1.85974,0.0726439,-0.00908467,-0.00270815,-0.00538598,-0.00316591,-0.0205776
6.81999,0.999895,-0.0143879,0.00152226,-0.00126054,0.00311779,-0.0034452,0.00281976,0.0725068,-0.00885509,-0.00299553,-0.00548507,0.000716978,0.020604,6.83999,31.3476,0.026114,0.000315581,-0.0231498,0.999895,-0.0143723,0.00150522,-0.00124622,8.10504,-0.168112,-4.36854,0.0724519,-0.00884792,-0.00278949,-0.00589599,-0.00312063,-0.0146677
6.83999,0.999895,-0.0143852,0.0015105,-0.00124941,0.000455749,-0.00304677,0.002822,0.0724432,-0.00878165,-0.00301166,-0.00564065,0.000707595,0.0207206,6.85999,37.2504,0.0157758,-0.0062419,0.0127687,0.999895,-0.0143829,0.00149547,-0.00123509,6.02892,-1.58311,2.79013,0.0723868,-0.00877458,-0.00280445,-0.00612517,-0.00385178,-0.0396588
6.85999,0.999895,-0.0143474,0.001502,-0.00123748,0.000322579,-0.00118254,-0.00170537,0.0721113,-0.00844424,-0.00302133,-0.0063673,0.00047249,0.0207341,6.87999,34.4794,-0.00912634,0.0178504,-0.0101843,0.999895,-0.0143458,0.00149596,-0.00124592,1.04232,3.29631,-1.7407,0.0720477,-0.00843952,-0.00281399,-0.00681321,-0.00373664,-0.0278591
6.87999,0.999895,-0.0143322,0.00149189,-0.00126144,0.000988379,-0.00224781,-0.00277063,0.0717199,-0.00810077,-0.00286375,-0.00691063,0.00104222,0.0215517,6.89999,35.5243,0.000860009,0.0208937,0.00100233,0.999895,-0.0143272,0.00148044,-0.00127513,3.03222,3.87729,0.512853,0.0716508,-0.00809035,-0.00264823,-0.00736709,-0.00328987,-0.0314865
6.89999,0.999895,-0.0143286,0.00148778,-0.00126464,0.000722052,-0.00104939,-0.000773252,0.0716518,-0.00804471,-0.00282177,-0.00702858,0.0011407,0.0214565,6.91999,38.6517,0.0135689,0.000907266,0.0178565,0.999896,-0.014325,0.00148247,-0.00126844,5.57296,-0.163831,3.83046,0.0715815,-0.0080333,-0.0026072,-0.00752389,-0.00357159,-0.0448841
6.91999,0.999896,-0.0143232,0.00148829,-0.00125515,-0.000343205,-0.00064992,0.00175675,0.0715165,-0.00793281,-0.00272855,-0.00714871,0.00147933,0.0212702,6.93999,34.9971,-0.0049365,-0.016209,-0.0404064,0.999896,-0.0143249,0.00148517,-0.00124632,1.89078,-3.42458,-7.87734,0.071445,-0.00791801,-0.00251584,-0.0075973,-0.00278579,-0.0295255
6.93999,0.999896,-0.0143012,0.0015189,-0.001254,0.00285259,0.0030785,0.00109096,0.0711749,-0.00765225,-0.00245904,-0.00775351,0.00232078,0.0211055,6.95999,37.2855,-0.00466904,0.0236083,0.00749794,0.999896,-0.0142869,0.00153435,-0.00124879,1.91742,4.3948,1.81631,0.0710974,-0.00762904,-0.00224799,-0.00824113,-0.00221624,-0.0394241
6.95999,0.999896,-0.0142921,0.00154108,-0.00124571,-7.52299e-05,0.00121302,0.0013572,0.0708668,-0.00727536,-0.00258455,-0.00827069,0.00291421,0.020736,6.97999,36.4724,0.013123,0.0143642,-0.0216841,0.999896,-0.0142925,0.00154724,-0.00123901,5.48465,2.62961,-4.04215,0.0707841,-0.00724621,-0.00237719,-0.00875452,-0.00152107,-0.0363351
6.97999,0.999896,-0.0142993,0.00154685,-0.001247,-0.00193986,0.00147934,-0.000116471,0.0708031,-0.00719833,-0.00261363,-0.00839677,0.00303818,0.0204712,6.99999,36.2015,-0.00864562,-0.0241364,0.0110507,0.999896,-0.0143089,0.00155425,-0.00124767,1.13239,-5.16988,2.38759,0.0707191,-0.00716795,-0.00240892,-0.00887879,-0.00136633,-0.0354474
6.99999,0.999896,-0.0143039,0.00154939,-0.00124306,-0.000475129,0.00187882,0.00201405,0.0706768,-0.00704678,-0.00265885,-0.00845998,0.00329559,0.0205133,7.01999,35.5426,0.00423554,-0.0111966,0.0501784,0.999896,-0.0143063,0.00155893,-0.00123312,3.69124,-2.69144,10.2525,0.0705922,-0.00701382,-0.00245372,-0.00893398,-0.00103018,-0.0326026
7.01999,0.999896,-0.0143007,0.00151971,-0.00125792,-0.00100714,-0.00278199,0.00068245,0.0703589,-0.00663867,-0.00284909,-0.00903242,0.00386141,0.0208825,7.03999,32.3054,-0.0022067,0.0183737,-0.00857974,0.999896,-0.0143058,0.00150585,-0.0012543,2.41624,3.39443,-1.41233,0.0702685,-0.00660005,-0.00264026,-0.00945515,-6.94925e-05,-0.018464
7.03999,0.999896,-0.0143052,0.00151162,-0.00126846,-0.000873989,0.0010796,0.00188087,0.0701637,-0.00639738,-0.0028975,-0.00945987,0.00426149,0.0210328,7.05999,35.6683,0.0114858,0.0072516,0.010109,0.999896,-0.0143096,0.00151716,-0.00125913,5.15265,1.12187,2.29947,0.0700691,-0.00635476,-0.00268717,-0.0099242,-7.99689e-05,-0.0326178
7.05999,0.999896,-0.0143076,0.00152478,-0.00126829,-0.000740828,0.00334328,0.000282982,0.0700965,-0.00631902,-0.00290356,-0.00955537,0.00428046,0.0209386,7.07999,36.4586,0.00702369,-0.000370591,-0.031728,0.999896,-0.0143113,0.00154151,-0.00126711,4.27437,-0.286462,-6.09022,0.0700009,-0.00627621,-0.00269417,-0.0100341,-0.000157925,-0.0360735
7.07999,0.999896,-0.0142854,0.00152457,-0.00126954,0.00272129,-0.00171673,0.000682449,0.0698268,-0.00600815,-0.00288767,-0.0095195,0.00491618,0.0208288,7.09999,32.7025,-0.0203009,0.0216591,-0.00227011,0.999896,-0.0142718,0.00151602,-0.00126603,-1.20874,4.02783,-0.144402,0.0697316,-0.00595899,-0.00267938,-0.00994882,0.000941232,-0.0202067
7.09999,0.999896,-0.0142824,0.0014955,-0.00125518,-0.00167256,1.36183e-05,-0.000915489,0.0695227,-0.00563392,-0.00290895,-0.00996499,0.00464471,0.0213916,7.11999,32.9701,0.0118096,0.0107359,-0.0256505,0.999896,-0.0142907,0.00149551,-0.00125975,5.22183,1.92412,-4.84436,0.0694231,-0.00558748,-0.00269503,-0.0103896,0.000638066,-0.0207825
7.11999,0.999894,-0.0144286,0.00147948,-0.00128912,0.00365322,-0.000786516,-0.000915499,0.0692993,-0.0053109,-0.00289661,-0.0101796,0.00805577,0.0211112,7.13999,33.4374,0.0149974,0.0262987,-0.0119376,0.999894,-0.0144103,0.00147546,-0.00129367,5.88009,5.00163,-2.04915,0.0691975,-0.00523034,-0.0026855,-0.0106058,0.00395076,-0.0230493
7.13999,0.999894,-0.0144131,0.00148908,-0.00129094,0.00378601,0.00254204,-0.000248142,0.0692429,-0.00521916,-0.00289375,-0.0102534,0.0078875,0.0209697,7.15999,34.2838,0.0104627,-0.011394,-0.017456,0.999894,-0.0143942,0.00150175,-0.0012924,4.98229,-2.52333,-3.26239,0.0691403,-0.00514028,-0.00268405,-0.0106933,0.0036831,-0.0267911
7.15999,0.999894,-0.0143961,0.00147214,-0.00130035,0.00112284,-0.00052059,0.00281449,0.0690116,-0.00490585,-0.00284585,-0.0105384,0.00545285,0.0206091,7.17999,35.8145,0.000190396,0.0148374,-0.0284721,0.999895,-0.0143905,0.00146974,-0.00128625,2.92034,2.7548,-5.391,0.0689062,-0.00485132,-0.00263976,-0.0109927,0.00106589,-0.0336629
7.17999,0.999894,-0.0144167,0.00143354,-0.00129636,-0.00313795,-0.000255053,0.000284424,0.0687431,-0.00462604,-0.0028454,-0.010695,0.00339718,0.0206082,7.19999,35.617,-0.00589223,0.0168573,-0.0174552,0.999894,-0.0144324,0.00143231,-0.0012949,1.70476,3.13323,-3.18452,0.0686361,-0.00459207,-0.00263932,-0.0111352,-0.000971844,-0.0328235
7.19999,0.999894,-0.0144201,0.00144099,-0.00129476,-0.000341627,1.12606e-05,1.81201e-05,0.0686376,-0.00453096,-0.0028521,-0.0107285,0.00332094,0.0203981,7.21999,36.9441,-0.00235557,0.00978235,-0.0247085,0.999894,-0.0144218,0.00144105,-0.00129467,2.41651,1.73874,-4.65472,0.0685303,-0.00449775,-0.00264812,-0.0111874,-0.00121192,-0.0386784
7.21999,0.999894,-0.014425,0.00144351,-0.00130483,-0.00127373,0.000810209,-0.00237872,0.0685841,-0.00448417,-0.00284918,-0.0109152,0.00359372,0.0204909,7.23999,34.5919,0.0028787,-0.0284807,-0.00629715,0.999894,-0.0144313,0.0014474,-0.00131677,3.46868,-5.96528,-1.07969,0.0684749,-0.00444824,-0.00264427,-0.0113457,-0.000651977,-0.0285804
7.23999,0.999894,-0.0143999,0.00143484,-0.00132754,0.000457317,-0.00185295,-0.000248195,0.0681937,-0.00412504,-0.00271442,-0.0111599,0.00501461,0.0201681,7.25999,41.1921,0.0108373,0.00538353,-0.0125231,0.999894,-0.0143976,0.00142555,-0.00132865,5.04893,0.828598,-2.22025,0.0680821,-0.0040749,-0.00251274,-0.0116696,-3.23686e-05,-0.0569774
7.25999,0.999895,-0.0143869,0.00140505,-0.00131692,0.00112228,0.00107398,0.00254806,0.0679633,-0.00388768,-0.00271058,-0.0115127,0.00493415,0.0202292,7.27999,33.9123,0.00543117,0.0195233,0.0202446,0.999895,-0.0143812,0.00141059,-0.00130427,3.95148,3.56645,4.36955,0.0678482,-0.00383833,-0.00250829,-0.0119236,0.000782853,-0.0259516
7.27999,0.999895,-0.0143919,0.00140958,-0.0013188,-0.0012734,0.00134097,-0.00037995,0.0679371,-0.00384221,-0.00276132,-0.0113808,0.00501128,0.0204448,7.29999,32.0141,0.00215341,-0.00316627,0.0025118,0.999894,-0.0143983,0.00141626,-0.00132078,3.30912,-0.921736,0.757531,0.0678233,-0.0037921,-0.00255687,-0.01177,0.00109097,-0.0176621
7.29999,0.999895,-0.0143682,0.00139516,-0.00131094,0.00112341,-0.00105688,0.000685265,0.0678567,-0.00371315,-0.00287675,-0.0112802,0.00487814,0.0204058,7.31999,33.5331,0.00851942,-0.00423559,0.0180443,0.999895,-0.0143626,0.00138992,-0.00130744,4.57283,-1.17565,3.86084,0.0677439,-0.00366437,-0.00267269,-0.0116837,0.000778572,-0.0241621
7.31999,0.999895,-0.0143609,0.00140204,-0.00133059,0.000590779,0.00107365,-0.00211105,0.067738,-0.0035467,-0.00296451,-0.0110692,0.00534342,0.0202862,7.33999,36.583,0.00564396,-0.00180855,-0.0319857,0.999895,-0.014358,0.00140725,-0.00134123,4.00879,-0.548679,-6.13399,0.0676273,-0.00349326,-0.00276165,-0.0115116,0.000873277,-0.0372548
7.33999,0.999895,-0.0143364,0.00140025,-0.00131892,0.000457512,-0.000392166,0.00148416,0.0676199,-0.00333382,-0.00312645,-0.0116171,0.0057301,0.0200843,7.35999,37.7849,0.0108189,-0.0162542,0.0239758,0.999895,-0.0143341,0.0013984,-0.00131147,5.02704,-3.5964,5.01483,0.0675038,-0.00327652,-0.00292561,-0.0120735,0.00112096,-0.0425695
7.35999,0.999895,-0.014336,0.00140779,-0.00133065,5.80384e-05,0.00200468,-0.00237742,0.067564,-0.00324688,-0.00317587,-0.0117119,0.00594072,0.0198929,7.37999,35.175,0.00770968,0.00458048,-0.0151298,0.999895,-0.0143357,0.00141764,-0.00134268,4.41157,0.679904,-2.74424,0.0674468,-0.00318748,-0.00297694,-0.012139,0.00165009,-0.0316592
7.37999,0.999895,-0.0143337,0.00140518,-0.00133668,0.000590655,-0.000392168,-0.00144532,0.0675349,-0.00320393,-0.0031918,-0.0118402,0.00592798,0.0201874,7.39999,35.8822,0.0150696,-0.0209874,0.0231362,0.999895,-0.0143307,0.00140311,-0.00134388,5.87773,-4.54035,4.83814,0.0674165,-0.00314465,-0.00298993,-0.0122752,0.00155178,-0.034373
7.39999,0.999895,-0.0143294,0.0013968,-0.00133864,0.00192225,0.00346942,0.000152577,0.0672965,-0.00295681,-0.00318245,-0.0132615,0.00585318,0.0198407,7.41999,33.2262,-0.0171348,-0.00145218,-0.0186933,0.999896,-0.0143197,0.00141414,-0.00133814,-0.556048,-0.520751,-3.47952,0.0671639,-0.00289828,-0.00298404,-0.0136618,0.00180213,-0.0234222
7.41999,0.999896,-0.0143272,0.00140279,-0.00132859,-0.00313866,-0.000925882,0.000153602,0.0671332,-0.00280865,-0.00315088,-0.0133191,0.00619637,0.0201264,7.43999,36.5536,0.0104459,-0.00171428,-0.0069165,0.999895,-0.0143429,0.00139819,-0.00132774,4.95657,-0.600753,-1.11945,0.067,-0.00274668,-0.00294962,-0.0137614,0.00174029,-0.03729
7.43999,0.999896,-0.0143122,0.00140186,-0.00132707,0.00378557,6.22238e-06,0.000419916,0.0670888,-0.00277218,-0.00313095,-0.0135277,0.00610544,0.0202058,7.45999,38.472,0.0154327,0.00231318,-0.0300667,0.999896,-0.0142933,0.0014019,-0.001325,5.95484,0.272405,-5.73638,0.0669535,-0.00271112,-0.00292889,-0.0139929,0.00142042,-0.0453704
7.45999,0.999896,-0.0142938,0.00139249,-0.0013106,-0.000475492,0.00120464,0.000952542,0.0669423,-0.00266122,-0.00304571,-0.0137284,0.00639856,0.0202062,7.47999,36.4207,-0.0123394,-0.000461108,0.0199844,0.999896,-0.0142962,0.00139859,-0.00130592,0.384914,-0.431047,4.2538,0.066805,-0.00259723,-0.00284365,-0.0141658,0.00196902,-0.0366448
7.47999,0.999896,-0.0142752,0.00140559,-0.00129919,0.00098924,0.00240307,0.00135202,0.0666185,-0.00242853,-0.00276418,-0.0142874,0.00697349,0.0209506,7.49999,32.8591,-0.0229428,-0.0150071,-0.000405893,0.999896,-0.0142702,0.00141769,-0.00129261,-1.73011,-3.287,0.129346,0.0664757,-0.00235879,-0.00255468,-0.0146856,0.00298234,-0.0207513
7.49999,0.999896,-0.0142836,0.001407,-0.00130292,-0.00207339,0.000538851,-0.000911667,0.0665568,-0.0023879,-0.00270198,-0.0144754,0.00697825,0.0208543,7.51999,36.5984,0.0122943,0.00222433,0.0196105,0.999896,-0.014294,0.00140964,-0.0013075,5.30846,0.110633,4.19206,0.066412,-0.00231812,-0.00249344,-0.0149194,0.00253029,-0.0367529
7.51999,0.999896,-0.014292,0.00140305,-0.00131029,-0.00207339,-0.000792729,-0.00184377,0.0664924,-0.00234717,-0.00263701,-0.0147068,0.00700359,0.0208557,7.53999,35.0621,0.00527655,0.0102623,0.00571825,0.999896,-0.0143024,0.00139897,-0.00131943,3.90908,1.75671,1.43638,0.0663453,-0.00227714,-0.00242845,-0.015131,0.00273983,-0.0302167
7.53999,0.999896,-0.0142821,0.00139982,-0.00132929,0.000456612,-0.000260097,0.000419909,0.0662155,-0.00218701,-0.0023371,-0.015172,0.00686576,0.0214168,7.55999,36.8757,0.0065948,-0.00890434,-0.00158642,0.999896,-0.0142798,0.00139855,-0.00132718,4.17787,-2.05433,-0.0750076,0.0660637,-0.00211835,-0.00212293,-0.0156173,0.00238458,-0.03737
7.55999,0.999894,-0.0144427,0.00140438,-0.00133572,-0.0108625,-0.000395519,0.000153543,0.0659815,-0.00201405,-0.00217628,-0.0160292,0.00959417,0.0215327,7.57999,31.0271,-0.00429229,0.00136949,-0.00721307,0.999893,-0.014497,0.00140248,-0.00133485,2.03173,0.0127125,-1.17259,0.0658212,-0.00191811,-0.00196095,-0.0164051,0.00578132,-0.0123753
7.57999,0.999894,-0.0144097,0.00140878,-0.00135307,0.00258565,-0.00039755,-0.00264283,0.0658382,-0.0018676,-0.00208249,-0.016228,0.00930701,0.0216164,7.59999,34.0645,0.0109502,0.00644535,0.00775733,0.999894,-0.0143968,0.00140658,-0.00136627,5.0675,0.987815,1.84355,0.0656759,-0.00177453,-0.00186633,-0.016642,0.00513048,-0.0252117
7.59999,0.999894,-0.0144002,0.00141361,-0.00134486,0.0024517,0.00146641,0.00214872,0.0657919,-0.00182576,-0.00204799,-0.0159897,0.00869729,0.0216608,7.61999,35.7906,-0.00316376,-0.0210583,-0.00958794,0.999895,-0.0143879,0.00142108,-0.00133424,2.25494,-4.46715,-1.70998,0.065632,-0.00173878,-0.00183138,-0.0164261,0.00431202,-0.0325095
7.61999,0.999895,-0.0143927,0.00140057,-0.0013575,0.00018801,-0.000264639,0.000683991,0.0655668,-0.00170686,-0.00185177,-0.0156671,0.00515299,0.022178,7.63999,36.4284,0.00504873,0.00545806,0.00277762,0.999895,-0.0143917,0.0013993,-0.00135406,3.88582,0.804787,0.844062,0.0654102,-0.00165533,-0.00162999,-0.0161073,0.000691907,-0.0347052
7.63999,0.999895,-0.0143938,0.00139891,-0.00135315,0.000587117,-0.000799044,0.000417611,0.0654198,-0.00167739,-0.00175498,-0.0157419,0.00532216,0.0224611,7.65999,35.0275,-0.00261328,-0.0125715,-0.0522728,0.999895,-0.0143908,0.00139494,-0.00135101,2.37,-2.64401,-10.2198,0.0652624,-0.00162417,-0.00153037,-0.0161647,0.00103231,-0.0284633
7.65999,0.999895,-0.0143933,0.00139115,-0.0013608,0.000187637,-0.001598,-0.00184606,0.0653849,-0.00166685,-0.00172144,-0.0156448,0.00569389,0.0224292,7.67999,35.4204,0.00729562,-0.010614,-0.00236851,0.999895,-0.0143924,0.00138303,-0.00136992,4.34094,-2.39198,-0.230045,0.0652284,-0.00160991,-0.00149715,-0.01607,0.00135603,-0.0301665
7.67999,0.999895,-0.014383,0.00138042,-0.00137008,-0.000344992,-0.000399572,-0.00157975,0.0652666,-0.00161768,-0.0015964,-0.0161275,0.00648365,0.0223744,7.69999,35.9052,0.0201311,-0.00696082,-0.0240294,0.999895,-0.0143847,0.00137831,-0.00137795,6.90946,-1.59343,-4.54585,0.0651053,-0.00155285,-0.00137266,-0.0165553,0.00208959,-0.0322835
7.69999,0.999895,-0.0143546,0.00139276,-0.00137705,0.00245132,0.00292938,1.81408e-05,0.0650146,-0.00150583,-0.00130843,-0.0166791,0.00704549,0.0229608,7.71999,35.3912,0.00188484,0.00941192,0.0217585,0.999895,-0.0143423,0.00140739,-0.00137719,3.23838,1.54172,4.65417,0.0648478,-0.00143538,-0.00107882,-0.0171045,0.00272289,-0.029511
7.71999,0.999895,-0.0143351,0.00138606,-0.00140707,0.00205185,0.000266228,-0.00304449,0.0648715,-0.00143966,-0.00114975,-0.0168047,0.00689376,0.02276,7.73999,34.6274,-0.0111218,0.0214824,-0.0103148,0.999895,-0.0143248,0.00138716,-0.00142232,0.638707,4.0453,-1.72286,0.0647034,-0.00137072,-0.000922151,-0.0172191,0.00267021,-0.026463
7.73999,0.999896,-0.0143203,0.00137894,-0.00139762,0.00271681,-0.00173499,0.0026812,0.0648623,-0.00141634,-0.00121483,-0.0173149,0.00672541,0.0232059,7.75999,35.5191,0.00215368,0.00420845,0.0107467,0.999896,-0.0143068,0.00137044,-0.00138411,3.29042,0.535667,2.44125,0.0646891,-0.00134909,-0.000982769,-0.0177378,0.00239755,-0.02981
7.75999,0.999896,-0.0143183,0.0013776,-0.00139343,0.000586786,0.000127059,0.00108858,0.0648569,-0.00140581,-0.00124353,-0.0174231,0.00666713,0.0231611,7.77999,31.93,0.0143312,0.00707677,0.00603191,0.999896,-0.0143154,0.00137831,-0.001388,5.72555,1.12644,1.50913,0.0646826,-0.00133914,-0.00101192,-0.0178028,0.00277714,-0.0145885
7.77999,0.999896,-0.0143027,0.00137956,-0.00139854,0.000853099,0.000127059,0.000689104,0.0647847,-0.00135688,-0.00130553,-0.0174105,0.00659735,0.0231242,7.79999,35.4524,0.00171424,0.0039443,0.0180591,0.999896,-0.0142985,0.00138024,-0.00139511,3.19678,0.461716,3.90287,0.0646106,-0.00129091,-0.00107428,-0.0178328,0.00228292,-0.0296083
7.79999,0.999896,-0.014289,0.00138206,-0.00138528,0.00165205,-0.000671888,0.00122173,0.0646509,-0.00129809,-0.0012236,-0.0179575,0.00658605,0.023916,7.81999,35.3451,0.00820517,0.0121283,0.00577343,0.999896,-0.0142808,0.00137877,-0.00137914,4.49336,2.13481,1.46852,0.0644714,-0.00123223,-0.000984437,-0.0183792,0.0022888,-0.0283601
7.81999,0.999896,-0.0142906,0.00138476,-0.00138423,-0.00034532,0.00105917,0.000289629,0.0646154,-0.00128436,-0.00119081,-0.0179618,0.00655623,0.0238879,7.83999,34.9095,0.0127604,-0.0066031,-0.0206811,0.999896,-0.0142924,0.00139008,-0.00138285,5.41659,-1.53476,-3.87432,0.0644357,-0.0012188,-0.000951935,-0.018379,0.00231147,-0.0265353
7.83999,0.999896,-0.0142837,0.00138441,-0.0013746,0.00178521,0.000260225,0.00242016,0.0645774,-0.00126982,-0.00115383,-0.0180063,0.00664299,0.0238745,7.85999,29.8738,0.0178238,0.00451693,0.0208751,0.999896,-0.0142748,0.00138587,-0.00136254,6.413,0.571705,4.46732,0.0643973,-0.00120339,-0.000915084,-0.0183632,0.0030123,-0.00512907
7.85999,0.999896,-0.01428,0.00137246,-0.00137586,-0.00101112,-0.00093821,0.00281963,0.0644534,-0.00121638,-0.00100811,-0.017937,0.00718338,0.0244112,7.87999,35.1905,0.00370028,0.0115973,-0.0171203,0.999896,-0.014285,0.00136798,-0.00136169,3.59685,2.09466,-3.11442,0.064274,-0.00114455,-0.000763999,-0.0183539,0.00290763,-0.0272074
7.87999,0.999896,-0.0142741,0.00138179,-0.00135809,0.00111883,0.00332081,-0.00104198,0.0643256,-0.00114453,-0.000895916,-0.0179443,0.00687207,0.0244691,7.89999,32.6829,0.00409143,0.000952818,0.00069653,0.999896,-0.0142685,0.00139831,-0.00136355,3.67254,-0.086663,0.414733,0.0641461,-0.00107581,-0.000651225,-0.018334,0.00290263,-0.0164834
7.89999,0.999896,-0.0142651,0.00139649,-0.00139981,0.000185773,0.0029211,-0.00183779,0.0641826,-0.00109203,-0.000740982,-0.0177252,0.00656359,0.0243636,7.91999,33.7099,-8.21951e-07,-0.00695701,-0.00734853,0.999896,-0.0142641,0.00141096,-0.00140921,2.8567,-1.64956,-1.20947,0.0640053,-0.0010264,-0.000497346,-0.0181316,0.00247202,-0.0209576
7.91999,0.999896,-0.0142598,0.00139842,-0.00139693,0.00138343,0.000921373,0.000692189,0.0641628,-0.00108418,-0.000711345,-0.017695,0.00681432,0.0242158,7.93999,35.0284,-0.0134325,-0.00695757,0.00862875,0.999896,-0.0142529,0.00140307,-0.00139354,0.164849,-1.69939,1.98133,0.0639859,-0.00101604,-0.000469187,-0.0181178,0.00256428,-0.0267137
7.93999,0.999896,-0.0142495,0.00141395,-0.0013924,-8.13078e-05,0.00385085,-0.000106762,0.0640904,-0.00104751,-0.000598453,-0.0175395,0.00698155,0.0246631,7.95999,33.9333,0.010892,-0.016316,-0.00319476,0.999897,-0.0142499,0.00143319,-0.0013932,5.03298,-3.53348,-0.403853,0.063915,-0.000977696,-0.000351822,-0.0179535,0.00286736,-0.0216083
7.95999,0.999897,-0.0142347,0.00143295,-0.00137419,0.0020487,0.00118578,-0.000373125,0.0640612,-0.00102092,-0.000537573,-0.0169347,0.00653414,0.025172,7.97999,35.3763,-0.00419792,-0.000517456,0.00532602,0.999897,-0.0142245,0.00143884,-0.00137615,2.006,-0.406357,1.33723,0.0638919,-0.000955579,-0.000285853,-0.017372,0.00224946,-0.0272374
7.97999,0.999897,-0.0142211,0.00142986,-0.00137965,0.00244817,-0.000678432,-0.00103892,0.0640358,-0.00101191,-0.000472239,-0.0173206,0.0063173,0.0254122,7.99999,34.518,0.00032923,-0.0145933,0.00908773,0.999897,-0.0142089,0.00142637,-0.00138481,2.91107,-3.23005,2.05185,0.0638626,-0.000948735,-0.000218117,-0.0177463,0.00214057,-0.0233463
7.99999,0.999897,-0.0142091,0.00143187,-0.00137558,0.000583961,0.000919465,0.000825294,0.0639976,-0.000999204,-0.000381636,-0.0172546,0.00650168,0.0258988,8.01999,34.9205,0.00806101,0.00667728,0.00549298,0.999897,-0.0142061,0.00143652,-0.00137152,4.45024,1.03558,1.39486,0.063825,-0.000934187,-0.000122648,-0.0176859,0.00227983,-0.0245719
8.01999,0.999895,-0.01435,0.0014253,-0.00137611,-0.0329719,-0.00054529,-0.0033027,0.0638988,-0.000973568,-0.000118924,-0.017296,0.00729084,0.0304984,8.03999,34.0843,0.011929,0.00932235,0.00869425,0.999893,-0.0145149,0.00142256,-0.00139234,5.25007,1.55758,2.04402,0.0637259,-0.00090066,0.000186059,-0.0177151,0.0031292,-0.0164144
8.03999,0.999895,-0.0143587,0.00138742,-0.00134077,0.00484445,-0.00134645,0.00228997,0.0638706,-0.000866978,6.40308e-05,-0.0168887,0.0066059,0.0267856,8.05999,37.4853,-0.0131235,-0.00916242,0.018522,0.999895,-0.0143345,0.00138082,-0.00132926,0.243776,-2.16646,3.94219,0.0637017,-0.000800919,0.000331887,-0.0173374,0.00202619,-0.0345936
8.05999,0.999895,-0.0143508,0.00137213,-0.0013256,0.00204754,-0.00347768,0.00375426,0.06386,-0.000864262,0.000113754,-0.0167655,0.0057029,0.0271065,8.07999,34.2784,0.00760285,0.0184032,-0.00235807,0.999895,-0.0143406,0.001355,-0.00130659,4.38577,3.41464,-0.151566,0.0636923,-0.000807233,0.000384819,-0.0171713,0.00151729,-0.0206318
8.08,0.999895,-0.0143575,0.00139149,-0.00132368,-0.00114906,0.00237898,-0.000240509,0.0638683,-0.000886503,0.000195706,-0.016276,0.00437672,0.0269524,8.1,35.1932,0.0247276,-0.00850403,0.0225059,0.999895,-0.0143633,0.00140338,-0.00132505,7.81079,-2.03698,4.74787,0.0637055,-0.000842736,0.000465229,-0.0166984,7.74106e-05,-0.024677
8.1,0.999895,-0.0143836,0.00140374,-0.00134833,4.93704e-05,0.00184635,-0.00197156,0.0638457,-0.000978269,0.000556461,-0.0160214,0.00437076,0.0271604,8.12,35.1497,0.0184101,0.00435814,-0.00479149,0.999895,-0.0143834,0.00141283,-0.00135832,6.55798,0.609567,-0.670853,0.0636855,-0.000934562,0.000828065,-0.0164471,6.89635e-05,-0.0242839
8.12,0.999895,-0.0143784,0.00141504,-0.00134591,-0.000483261,-0.00228155,0.00122422,0.0638263,-0.00102164,0.000914101,-0.0149459,0.00506897,0.0276915,8.14,36.3604,0.00681747,-0.0134606,0.0309108,0.999895,-0.0143808,0.00140373,-0.00133962,4.23221,-3.06188,6.41387,0.0636768,-0.00097095,0.00119102,-0.0153898,0.000620623,-0.0289026
8.14,0.999895,-0.0143722,0.00139924,-0.0013458,0.00164662,-0.00348259,2.57642e-05,0.0638507,-0.00103202,0.000948773,-0.0150521,0.00527096,0.0279119,8.16,35.3819,-0.00640974,0.0178599,-0.0188689,0.999895,-0.014364,0.00138182,-0.00134543,1.59207,3.3443,-3.45471,0.0637001,-0.000979307,0.00122789,-0.0154793,0.000944184,-0.02452
8.16,0.999895,-0.0143633,0.00140735,-0.00135243,0.00231241,0.00250953,-0.00157214,0.0638708,-0.00104061,0.00098982,-0.0152009,0.00530383,0.0280072,8.18,36.3,0.0223801,0.00586464,-0.00389466,0.999895,-0.0143518,0.00141976,-0.00136048,7.34695,0.908607,-0.485246,0.0637188,-0.000987576,0.00126989,-0.0156417,0.00086753,-0.0283301
8.18,0.999895,-0.0143583,0.00143218,-0.00137889,0.000448187,-0.000553106,-0.000773203,0.0639458,-0.00107901,0.00127963,-0.014364,0.0048169,0.028556,8.2,34.5294,-0.00596008,-0.0003809,0.0233339,0.999895,-0.014356,0.00142936,-0.00138272,1.67235,-0.431228,4.93924,0.0638022,-0.00103084,0.00156519,-0.0147906,0.000598502,-0.0202499
8.2,0.999895,-0.0143619,0.00144728,-0.00138259,-0.00261342,0.00197689,-0.000112066,0.063975,-0.00112913,0.00170741,-0.0140926,0.00411185,0.0291657,8.22,35.7881,-0.0107874,-0.0138932,0.00190473,0.999895,-0.014375,0.00145718,-0.00138327,0.717976,-3.07622,0.614365,0.063834,-0.00108801,0.00199906,-0.0145394,-0.000261429,-0.0249943
8.22,0.999895,-0.0143641,0.00144368,-0.00138828,-0.00048289,-0.000553117,-0.00131048,0.0639744,-0.00113974,0.00180708,-0.0141388,0.00391445,0.029157,8.24,31.257,0.00179748,0.000823287,0.00131876,0.999895,-0.0143665,0.00144082,-0.00139478,3.23166,-0.127355,0.544235,0.063833,-0.0011006,0.00209865,-0.0145281,9.42957e-05,-0.00572951
8.24,0.999895,-0.0143594,0.00144465,-0.0013976,-0.000350172,0.000909402,-0.00064472,0.0640447,-0.00119267,0.00200002,-0.0140394,0.00384476,0.0295838,8.26,36.9983,0.0258045,-0.0113308,0.00583858,0.999895,-0.0143612,0.00144915,-0.00140088,8.03254,-2.56439,1.422,0.0639043,-0.00115422,0.00229586,-0.0145006,-0.000675614,-0.0297238
8.26,0.999895,-0.01436,0.00143706,-0.00139265,0.000181806,0.00197224,-0.000112149,0.0642473,-0.0013129,0.00225559,-0.0141486,0.00392083,0.0301523,8.28,34.5829,0.00246626,-0.00226833,0.0155877,0.999895,-0.014359,0.00144692,-0.00139336,3.36098,-0.785082,3.38991,0.0641058,-0.00127369,0.00255711,-0.0145774,-0.000304596,-0.0188813
8.28,0.999895,-0.0143469,0.00139662,-0.00138669,-0.00114978,-0.00308777,0.00215153,0.0643155,-0.00136305,0.00246073,-0.0139096,0.00358854,0.030486,8.3,35.5323,0.00177258,-0.0113698,0.0294584,0.999895,-0.0143526,0.00138134,-0.0013757,3.21734,-2.63704,6.13625,0.0641764,-0.00132716,0.00276559,-0.014338,-0.000748944,-0.0225859
8.3,0.999895,-0.0143512,0.00138593,-0.00138223,-0.00101661,-0.00228881,0.00121944,0.0643339,-0.00137972,0.00254032,-0.0136941,0.00371568,0.0304732,8.32,34.7128,-0.00263749,-0.0215258,-0.00636623,0.999895,-0.0143562,0.00137458,-0.00137596,2.34977,-4.56432,-1.05921,0.064197,-0.00134256,0.00284505,-0.0141093,-0.000523038,-0.0191129
8.32,0.999895,-0.0143545,0.00139032,-0.00137632,-0.000884142,0.00196959,0.000420428,0.0644829,-0.00146194,0.00274432,-0.0126982,0.00317836,0.0299206,8.34,31.3005,-0.0142811,0.0170704,0.0049161,0.999895,-0.0143589,0.00140021,-0.00137436,0.00816734,3.11764,1.30339,0.0643559,-0.00143016,0.00304353,-0.0130738,-0.000644578,-0.0051513
8.34,0.999895,-0.0143415,0.0014096,-0.00140168,0.00044743,-0.000560419,-0.00210958,0.0647363,-0.00158745,0.00291704,-0.0118187,0.00327894,0.0294273,8.36,35.535,0.00725442,0.0103891,0.0103378,0.999895,-0.0143392,0.00140664,-0.00141219,4.31282,1.76809,2.3795,0.0646181,-0.00155466,0.00321131,-0.0122511,-0.00105724,-0.0236563
8.36,0.999895,-0.0143335,0.0013965,-0.00140786,0.00204534,-0.0028241,-0.00144378,0.0647817,-0.00160962,0.00296652,-0.0117763,0.00309637,0.0295861,8.38,33.12,-0.00605915,-0.0142319,0.019715,0.999895,-0.0143234,0.00138226,-0.00141489,1.65261,-3.18357,4.18163,0.0646639,-0.00157866,0.00326239,-0.0121756,-0.000942881,-0.0132252
8.38,0.999896,-0.0143118,0.00139878,-0.00139143,0.00151253,-0.00136037,0.000691166,0.0649575,-0.00169464,0.00320336,-0.0111133,0.00299156,0.0300992,8.4,38.0417,0.0125552,0.0213879,0.0121706,0.999896,-0.0143042,0.00139202,-0.00138789,5.36268,3.96607,2.77686,0.0648464,-0.00166472,0.00350436,-0.0115726,-0.0016409,-0.0336471
8.4,0.999896,-0.014317,0.00140941,-0.00139804,-0.000619052,0.0028966,-0.00143941,0.0653239,-0.00185088,0.00326761,-0.0107656,0.0027577,0.0302661,8.42,36.1385,0.00318609,-0.0274752,-0.0227557,0.999895,-0.0143201,0.0014238,-0.00140544,3.51281,-5.71027,-4.34886,0.0652162,-0.0018233,0.00357027,-0.0112052,-0.00164459,-0.0253848
8.42,0.999896,-0.0143126,0.00141334,-0.0014,0.00124516,-0.0012313,-0.000374148,0.0656577,-0.00198939,0.00341944,-0.0106024,0.00300685,0.0306351,8.44,37.1708,0.0199954,0.00948186,0.0235972,0.999896,-0.0143064,0.00140715,-0.0014018,6.85037,1.55158,5.03171,0.0655516,-0.00195932,0.00372579,-0.0110558,-0.00151981,-0.0294067
8.44,0.999896,-0.0143148,0.0014013,-0.00139824,-0.000485894,-0.00256288,0.000424793,0.0657143,-0.00201386,0.00346757,-0.010654,0.00290379,0.0306267,8.46,37.1176,0.0124659,0.0173285,-0.0128689,0.999896,-0.0143173,0.00138852,-0.00139593,5.35376,3.22543,-2.24079,0.0656077,-0.00198482,0.00377384,-0.0111029,-0.00161709,-0.0291885
8.46,0.999896,-0.0143192,0.00138931,-0.00139699,-0.00101852,-0.00256288,0.000291646,0.0657682,-0.00203819,0.00352081,-0.0105151,0.00290168,0.0306526,8.48,34.1346,-0.00379931,0.00177107,0.0346148,0.999896,-0.0143243,0.00137652,-0.00139534,2.0922,-0.023849,7.20563,0.0656631,-0.00200918,0.00382734,-0.0109244,-0.00125715,-0.0164745
8.48,0.999896,-0.0143114,0.00137448,-0.00137529,0.000579368,0.00156502,-0.000374152,0.0659652,-0.00212759,0.00379829,-0.0102753,0.00300772,0.0312637,8.5,34.7735,-0.00513755,0.0161258,-0.0267467,0.999896,-0.0143085,0.00138227,-0.00137728,1.83635,3.02509,-5.02901,0.0658625,-0.00209751,0.00411093,-0.0106878,-0.00122665,-0.0185809
8.5,0.999894,-0.014431,0.00135245,-0.00139044,-0.00727744,-0.000567986,-0.000107842,0.0663301,-0.00222926,0.00410221,-0.00996221,0.00511419,0.0317546,8.52,34.4502,0.0265543,-0.00587645,0.0200814,0.999893,-0.0144674,0.00134966,-0.00139089,8.19105,-1.4962,4.28414,0.0662305,-0.00217812,0.00441975,-0.0103646,0.000884118,-0.0167141
8.52001,0.999894,-0.0144198,0.00135661,-0.00137821,0.00284257,0.00142939,0.00308792,0.0663947,-0.00223365,0.00414608,-0.00998221,0.00517592,0.0320052,8.54001,37.7769,0.0169038,0.0106511,0.0221384,0.999894,-0.0144056,0.00136396,-0.0013629,6.25415,1.79951,4.73812,0.0662949,-0.00218189,0.00446613,-0.0104247,0.000540958,-0.0306137
8.54001,0.999894,-0.0144029,0.00133922,-0.00136823,4.62591e-05,-0.00256537,0.00135686,0.0665707,-0.00225308,0.00431816,-0.00979521,0.00432181,0.0322136,8.56001,35.7928,-0.0172767,0.0037739,3.09844e-06,0.999894,-0.0144026,0.00132649,-0.00136126,-0.575878,0.482148,0.28048,0.0664727,-0.00220987,0.0046403,-0.0102091,-6.45621e-05,-0.0219659
8.56001,0.999895,-0.0143928,0.00135575,-0.00136292,-0.00115263,0.00116086,0.00148998,0.0669205,-0.0023477,0.00449401,-0.00914491,0.00238625,0.0322479,8.58001,36.9145,0.0107953,-0.00812286,0.0170185,0.999894,-0.0143986,0.00136167,-0.00135555,5.03432,-1.94157,3.65544,0.066829,-0.00232383,0.00481649,-0.00957696,-0.00213443,-0.0267031
8.58001,0.999894,-0.0144126,0.00136511,-0.00135342,-0.000886313,0.00142719,0.00135682,0.0670713,-0.00239957,0.0045503,-0.00885578,0.00245726,0.0320843,8.60001,31.5183,-0.00636787,0.0041712,-0.00670663,0.999894,-0.014417,0.00137235,-0.00134673,1.60963,0.578768,-1.06024,0.0669828,-0.002375,0.00487114,-0.00922715,-0.00140789,-0.00391367
8.60001,0.999894,-0.0144083,0.0013836,-0.00134833,-0.000886318,0.00382403,-0.000374236,0.0672121,-0.00244732,0.00462975,-0.00874976,0.00256967,0.0320819,8.62001,37.0994,-0.00390197,0.00270497,0.0350613,0.999894,-0.0144127,0.00140269,-0.00135047,2.08911,0.16216,7.28787,0.0671246,-0.00242163,0.00495056,-0.0091927,-0.00197853,-0.0276554
8.62001,0.999894,-0.014395,0.00137704,-0.00136947,-0.000220519,-0.00110282,-0.00157266,0.0675151,-0.00253552,0.00492433,-0.00856188,0.00332701,0.0324682,8.64001,34.3876,0.00527637,0.00937013,-0.0187189,0.999894,-0.0143961,0.00137142,-0.00137725,3.93608,1.65379,-3.44109,0.0674295,-0.00250225,0.00524901,-0.00897061,-0.000884849,-0.0157344
8.64001,0.999894,-0.0144023,0.00137897,-0.0013619,0.00151053,0.00222613,0.000424708,0.0678098,-0.00259288,0.00527727,-0.00746889,0.0034437,0.0322785,8.66001,33.5016,0.0258935,-0.00536853,-0.000432301,0.999894,-0.0143947,0.00139012,-0.00135995,8.05918,-1.34106,0.177578,0.0677351,-0.00255844,0.00560006,-0.00786762,-0.000661705,-0.0121551
8.66001,0.999895,-0.0143901,0.00139147,-0.00137176,0.000977354,0.000226283,-0.00130639,0.0679776,-0.00262284,0.00532331,-0.00730733,0.00350341,0.0321069,8.68001,36.1842,-0.00628395,-0.00608904,-0.0278645,0.999895,-0.0143852,0.0013925,-0.00137832,1.62955,-1.41747,-5.31726,0.0679045,-0.00258781,0.00564438,-0.00774187,-0.000926962,-0.0237374
8.68001,0.999895,-0.0143938,0.00139194,-0.00137553,-0.000886852,0.000492599,-0.000906916,0.068057,-0.00263719,0.00535432,-0.00747101,0.00336993,0.0319569,8.70001,31.4137,0.00795614,0.0242199,0.0176659,0.999894,-0.0143982,0.00139434,-0.00138009,4.45685,4.51645,3.87983,0.0679823,-0.00260349,0.00567388,-0.0078484,-0.000477341,-0.00359616
8.70001,0.999894,-0.0144081,0.00141805,-0.0013803,0.000444726,0.00288945,0.00109045,0.0684052,-0.00270368,0.0055933,-0.00742628,0.00289481,0.031809,8.72001,32.0225,0.0131379,-0.0140548,0.0127442,0.999894,-0.0144058,0.00143257,-0.00137506,5.50841,-3.12733,2.78783,0.068331,-0.00267473,0.00591139,-0.00781813,-0.0010309,-0.00633329
8.72001,0.999894,-0.0144073,0.00141298,-0.00136381,0.000577889,0.00169102,0.00202256,0.0686918,-0.00277616,0.00596707,-0.00704585,0.00250874,0.0319458,8.74001,35.8514,0.0130704,-0.0114685,0.0198928,0.999894,-0.0144044,0.00142158,-0.00135382,5.49177,-2.62978,4.22151,0.0686214,-0.00275107,0.00628653,-0.00748293,-0.00188614,-0.0224828
8.74001,0.999894,-0.0143939,0.00140016,-0.00135408,0.00111052,-0.000838983,0.000690983,0.0687878,-0.00280595,0.00615285,-0.00721815,0.00224718,0.0320546,8.76001,33.5365,0.0225388,-0.00862831,0.00440906,0.999895,-0.0143883,0.00139601,-0.00135057,7.38631,-2.01207,1.13398,0.0687157,-0.00278348,0.0064734,-0.0076233,-0.00186011,-0.0125276
8.76001,0.999894,-0.0144039,0.00138897,-0.00135392,-0.000487378,-0.000439509,-0.00024112,0.0688751,-0.0028347,0.00636156,-0.00684728,0.002394,0.0324166,8.78001,37.0059,0.0214045,-0.0068895,0.00924811,0.999894,-0.0144063,0.00138675,-0.00135509,7.15967,-1.67636,2.10628,0.0688066,-0.00281076,0.00668573,-0.00729082,-0.00214135,-0.026923
8.78001,0.999894,-0.0144048,0.00138223,-0.00134979,-0.000621105,-0.00257255,-0.000374337,0.0692291,-0.0029059,0.0066083,-0.00590045,0.00300923,0.0330063,8.80001,37.5684,0.0105423,-0.0026854,0.00415098,0.999894,-0.0144079,0.00136935,-0.00135148,4.98857,-0.822554,1.09522,0.0691701,-0.0028758,0.00693837,-0.00634857,-0.00159535,-0.028726
8.80001,0.999894,-0.0144075,0.00135769,-0.00135568,-0.000621651,-0.000310712,-0.00104018,0.0695935,-0.0029743,0.00660863,-0.00557072,0.00304387,0.0329795,8.82001,34.269,-0.000589746,0.0124597,-0.0509839,0.999894,-0.0144106,0.00135606,-0.00136086,2.77006,2.36692,-9.88886,0.0695378,-0.00294386,0.00693842,-0.00597235,-0.00115712,-0.0147185
8.82001,0.999894,-0.0144123,0.00135886,-0.00135208,-0.00115429,0.000621394,0.000957198,0.0696844,-0.00299175,0.00660679,-0.00550428,0.00302459,0.0331224,8.84001,33.1375,-0.000139551,-0.00585538,0.0351119,0.999894,-0.0144181,0.00136204,-0.00134733,2.84477,-1.54394,7.27512,0.0696294,-0.00296151,0.00693801,-0.00589297,-0.00103904,-0.00976272
8.84001,0.999894,-0.0144017,0.00136068,-0.00134842,0.000310456,-0.00190861,-0.00263807,0.0701013,-0.00306026,0.0067043,-0.00496316,0.0032972,0.0329196,8.86001,36.6396,-0.00363271,-0.00839399,0.0257947,0.999894,-0.0144002,0.00135095,-0.00136147,2.14805,-2.02601,5.40288,0.0700516,-0.00302729,0.00703349,-0.00539346,-0.0011926,-0.024862
8.86001,0.999894,-0.0144161,0.00138143,-0.00137367,0.000576765,-0.00137598,-0.000640701,0.0704892,-0.00311744,0.00695264,-0.00381425,0.00276039,0.0327274,8.88001,34.0846,0.00343842,-0.0201617,-0.00568186,0.999894,-0.0144133,0.0013745,-0.00137678,3.5773,-4.29085,-0.918727,0.070451,-0.00308984,0.00727992,-0.00422068,-0.00142047,-0.0141859
8.88001,0.999894,-0.0144151,0.00137596,-0.00137049,0.000310451,-0.00110966,0.000824036,0.070562,-0.00312957,0.00701808,-0.00386949,0.0026812,0.0327884,8.90001,36.2524,-0.00828662,0.00566199,-0.000522854,0.999894,-0.0144135,0.00137047,-0.00136629,1.22431,0.856351,0.183552,0.0705233,-0.00310276,0.00734597,-0.00430007,-0.00176525,-0.023346
8.90001,0.999894,-0.0144196,0.00135465,-0.00139081,-0.00128869,0.000352029,-0.00370343,0.0708841,-0.00320701,0.00685572,-0.00342656,0.00293506,0.032881,8.92001,36.7408,-0.0194697,0.00609156,0.0128956,0.999894,-0.0144261,0.00135616,-0.00140934,-1.01562,0.904674,2.86928,0.0708498,-0.00317766,0.00718453,-0.00385637,-0.00157271,-0.0253308
8.92001,0.999895,-0.0143954,0.00136839,-0.00137639,-0.00115554,0.000352033,0.000291313,0.0714085,-0.00333631,0.00664503,-0.00283107,0.00234103,0.0331775,8.94001,36.0894,0.0117997,0.00452723,-0.00462556,0.999894,-0.0144011,0.00137018,-0.00137495,5.23851,0.648266,-0.633501,0.0713802,-0.0033129,0.00697681,-0.00325741,-0.00207937,-0.0222638
8.94001,0.999894,-0.0144109,0.00136875,-0.00139355,-0.00115553,0.00128414,-0.00303764,0.071878,-0.00345843,0.00662682,-0.0024179,0.00233903,0.0329957,8.96001,34.9825,0.00547217,0.00166946,0.0240036,0.999894,-0.0144167,0.00137496,-0.00140882,3.96859,-0.00752115,5.08519,0.0718538,-0.00343504,0.00695678,-0.00283134,-0.00195042,-0.0177371
8.96002,0.999894,-0.0144174,0.00137812,-0.0013874,-0.00155501,0.00261573,0.00162289,0.0719657,-0.00347981,0.00664291,-0.00253097,0.00232206,0.0329066,8.98002,35.2681,-0.0111608,-0.00502094,-0.014901,0.999894,-0.0144252,0.00139132,-0.00137947,0.656531,-1.23981,-2.71998,0.0719404,-0.00345659,0.00697197,-0.00295057,-0.00200436,-0.019041
8.98002,0.999894,-0.0144255,0.0013784,-0.00138537,-0.00195448,0.000352031,0.000557636,0.0720501,-0.00350115,0.0066649,-0.00251793,0.00219765,0.0327771,9.00002,33.4144,0.0222964,-0.0254629,-0.0210307,0.999894,-0.0144353,0.00138022,-0.0013826,7.35447,-5.30083,-3.99597,0.0720249,-0.00347918,0.00699267,-0.00291556,-0.00190368,-0.0112858
9.00002,0.999894,-0.014418,0.00137514,-0.00138576,0.00124082,0.00288067,-0.000108177,0.0724014,-0.00359503,0.00665579,-0.00246594,0.00196392,0.0328196,9.02002,32.4973,0.00328121,-0.00524957,0.00986573,0.999894,-0.0144118,0.00138953,-0.00138652,3.53832,-1.35234,2.23583,0.0723768,-0.00357539,0.00698399,-0.00285175,-0.00202277,-0.00734239
9.02002,0.999894,-0.0144183,0.00138803,-0.00139296,0.000308707,0.00168224,-0.00104029,0.0729137,-0.00374422,0.00663347,-0.00243988,0.00173872,0.0323247,9.04002,36.4082,0.0238982,-0.0101369,0.00456274,0.999894,-0.0144168,0.00139637,-0.00139828,7.66335,-2.31125,1.16842,0.0728893,-0.00372684,0.00695672,-0.00287615,-0.00272784,-0.0244724
9.04002,0.999895,-0.0143626,0.00139914,-0.0014072,0.00962977,0.00394593,-0.00210555,0.0730669,-0.00379723,0.00666764,-0.00224411,0.000839028,0.0311785,9.06002,34.4557,-0.00545528,-0.0177898,0.0150261,0.999896,-0.0143145,0.00141865,-0.00141808,1.78157,-3.88209,3.23368,0.0730444,-0.00378884,0.00697943,-0.00266028,-0.00337166,-0.017314
9.06002,0.999897,-0.0141988,0.00141168,-0.00139549,0.0269403,0.00261436,0.00308759,0.0732141,-0.00386862,0.00670045,-0.00187572,-0.00107164,0.0288819,9.08002,32.8831,0.00819445,0.00902782,0.0220439,0.999899,-0.014064,0.00142478,-0.00138042,4.46883,1.46276,4.71535,0.0731954,-0.00387934,0.00698927,-0.00227629,-0.0050443,-0.0129228
9.08002,0.999918,-0.0126887,0.00137735,-0.00138731,0.102308,-0.00777182,0.00175604,0.0735582,-0.00448333,0.00649719,-0.00329767,-0.0271404,0.0130091,9.10002,35.2462,0.00686816,0.00148266,-0.0128455,0.999924,-0.0121773,0.00133789,-0.00137874,3.91412,0.055565,-2.2858,0.0735252,-0.00475474,0.00662728,-0.00371608,-0.0309458,-0.0388595
9.10002,0.999931,-0.0115871,0.00124904,-0.00136288,0.0877933,-0.00937076,0.00148975,0.0737288,-0.00552299,0.00582187,-0.00581524,-0.0489167,-0.00529811,9.12002,33.995,0.0158757,0.0049525,0.0239128,0.999936,-0.0111482,0.00120167,-0.00135544,5.48405,0.689554,5.07023,0.0736706,-0.00601216,0.00576888,-0.00618115,-0.0522683,-0.051852
9.12002,0.999935,-0.0112384,0.00122392,-0.00137053,0.0872607,-0.00590898,-0.00183914,0.0737668,-0.00596618,0.00550266,-0.00658649,-0.0533643,-0.0128946,9.14002,34.7401,0.0121892,0.00482323,-0.00383542,0.99994,-0.0108022,0.00119368,-0.00137993,4.68476,0.731776,-0.479121,0.0737009,-0.00649983,0.00537372,-0.00695289,-0.0566863,-0.0626204
9.14002,0.999961,-0.00865345,0.00107106,-0.00136151,0.162628,-0.0108364,0.000557962,0.0738874,-0.00852346,0.00295572,-0.00707713,-0.0670169,-0.0597028,9.16002,35.2106,0.00288723,0.0162848,0.066975,0.999968,-0.0078404,0.00101579,-0.00135912,2.28521,2.9275,13.6956,0.0738167,-0.00919363,0.00235869,-0.00740161,-0.0696095,-0.111446
9.16002,0.999987,-0.00493395,0.000740448,-0.00133654,0.134265,-0.00883875,0.0018891,0.0739204,-0.0122639,-0.00274349,-0.00913266,-0.0729907,-0.132002,9.18002,36.4653,0.0257574,-0.0115091,-0.0134638,0.99999,-0.00426269,0.000695404,-0.00132737,6.14278,-2.4297,-2.43296,0.0738291,-0.0129938,-0.00406351,-0.0093645,-0.0745216,-0.1891
9.18002,0.999989,-0.00441943,0.000710785,-0.00133249,0.128673,-0.00710733,0.00109061,0.0739116,-0.0128541,-0.00402755,-0.00887109,-0.0678508,-0.145159,9.20002,35.0931,0.00455117,-0.0105595,0.0446437,0.999992,-0.00377612,0.000674416,-0.00132734,1.78964,-2.29229,9.18645,0.0738229,-0.0135326,-0.00547914,-0.00908513,-0.0691704,-0.196418
9.20002,0.999993,-0.00339622,0.000652601,-0.00132334,0.129871,-0.00843891,0.00135661,0.0738952,-0.0138918,-0.00690157,-0.00815111,-0.0552151,-0.172227,9.22002,32.4345,0.00602253,-0.00570283,0.00124462,0.999995,-0.00274692,0.000609571,-0.00131684,1.88507,-1.27033,0.510502,0.0738137,-0.014444,-0.00862384,-0.00833249,-0.0561523,-0.212177
9.22002,0.999999,-0.000888562,0.000390995,-0.00128353,0.106435,-0.0140319,0.00242193,0.0738891,-0.0155827,-0.0159539,-0.00675861,-0.0232103,-0.243613,9.24002,36.9236,-0.0012724,-0.00123941,0.00470482,0.999999,-0.000356471,0.000320163,-0.00127157,-0.0768194,-0.327244,1.19735,0.0738215,-0.0158148,-0.01839,-0.00688184,-0.0234893,-0.302668
9.24002,0.999999,-6.34093e-05,0.000325452,-0.00125476,0.00723376,8.27195e-05,0.00122336,0.0738978,-0.0156328,-0.0282263,-0.00405892,0.0297114,-0.318603,9.26002,33.1782,-0.0125608,-0.0132435,0.0207999,0.999999,-2.7238e-05,0.000325821,-0.00124866,-2.4975,-2.7172,4.40995,0.0738572,-0.0153357,-0.0314123,-0.00415084,0.0296936,-0.36172
9.26002,0.999999,-7.66169e-05,0.000312228,-0.00127171,-0.00261995,-0.00191463,-0.00263821,0.0739437,-0.014963,-0.0341741,-0.00172243,0.0552274,-0.34914,9.28002,31.71,-0.0150329,0.0166904,0.0233064,0.999999,-8.97329e-05,0.00030267,-0.0012849,-2.99697,3.27145,4.91493,0.0739265,-0.0144108,-0.0376655,-0.00180672,0.0552068,-0.38601
9.28002,0.999999,-0.000108249,0.000301149,-0.00126739,-0.00794627,-0.00271358,0.0010902,0.0739771,-0.0144809,-0.0373205,-0.000856042,0.0666291,-0.364635,9.30002,31.7385,-0.000920917,0.0208372,-0.0077332,0.999999,-0.000147996,0.000287632,-0.00126193,-0.167355,4.10715,-1.29276,0.0739685,-0.0138146,-0.0409669,-0.000937424,0.0665999,-0.401626
9.30002,0.999999,-0.000689445,0.000256263,-0.00124734,-0.0666682,-0.00151642,0.000956962,0.0741958,-0.0117344,-0.0514959,0.000836067,0.102998,-0.428512,9.32002,31.5672,-0.00466933,-0.0139689,0.0273221,0.999999,-0.00102279,0.0002491,-0.00124246,-0.793959,-2.84995,5.71171,0.0742042,-0.0107045,-0.055781,0.000766989,0.102813,-0.464773
9.32002,0.999996,-0.00248304,0.000322816,-0.00124109,-0.13551,0.00660466,-0.00143993,0.0745443,-0.00778644,-0.068088,0.00366691,0.14044,-0.488261,9.34002,29.7477,-0.0131486,0.0129471,-0.0303029,0.999994,-0.00316055,0.000356662,-0.00124815,-2.13466,2.53663,-5.80676,0.074581,-0.00638204,-0.0729706,0.0035844,0.139811,-0.516779
9.34002,0.99999,-0.00422988,0.000415358,-0.00122369,-0.149225,0.00886849,0.00188894,0.0748554,-0.00404307,-0.0815762,0.00633507,0.166323,-0.525711,9.36002,28.7513,-0.0279227,-0.0132127,0.0204597,0.999987,-0.00497594,0.000460653,-0.00121412,-4.73756,-2.74972,4.32313,0.0749188,-0.00237985,-0.0868333,0.00623217,0.165288,-0.549986
9.36002,0.999985,-0.00541076,0.000482325,-0.00123996,-0.146562,0.00846911,-0.00277145,0.0750848,-0.00126752,-0.0909781,0.00751311,0.176194,-0.546668,9.38002,30.7857,-0.0162074,-0.0119205,-0.0281769,0.99998,-0.00614351,0.000525503,-0.0012537,-2.15425,-2.45406,-5.40177,0.0751599,0.00049442,-0.0964448,0.00738498,0.174776,-0.579596
9.38002,0.999981,-0.00598948,0.000512669,-0.00123823,-0.144831,0.00753752,0.000424453,0.0752027,0.000165268,-0.0957824,0.00776122,0.178628,-0.555858,9.40002,28.5972,-0.0287417,0.00129528,0.00671386,0.999977,-0.00671357,0.000551265,-0.00123596,-4.55187,0.14136,1.58899,0.0752803,0.00195155,-0.101341,0.00763464,0.177171,-0.579473
9.40003,0.999952,-0.00972352,0.00071095,-0.00120059,-0.161073,0.0104647,0.00042431,0.0759488,0.00886629,-0.126063,0.00775128,0.173848,-0.597175,9.42003,28.0985,-0.00573639,0.00144295,-0.0289369,0.999944,-0.0105288,0.000764258,-0.00119841,0.800402,0.201288,-5.54501,0.0760263,0.0106048,-0.132035,0.00757848,0.171523,-0.618654
9.42003,0.999933,-0.0114856,0.000855397,-0.00119361,-0.13777,0.0132606,0.00348717,0.076363,0.0131484,-0.142008,0.00821454,0.166702,-0.608985,9.44003,31.9369,-0.0307176,0.0174437,0.00119951,0.999925,-0.0121743,0.000922718,-0.00117635,-3.8518,3.30734,0.513407,0.0764452,0.0148154,-0.148098,0.00797832,0.163581,-0.646784
9.44003,0.999927,-0.0119751,0.000895515,-0.00118558,-0.122723,0.0100648,0.00202244,0.0765006,0.0145256,-0.147354,0.00852281,0.162825,-0.611742,9.46003,34.5063,-0.00614415,0.0119573,-0.00751353,0.99992,-0.0125886,0.000946684,-0.00117552,1.16451,2.22874,-1.23796,0.0765859,0.0161538,-0.153471,0.00825567,0.159309,-0.660468
9.46003,0.999906,-0.0136455,0.00102756,-0.00116553,-0.0630683,0.00380646,0.00148976,0.0771626,0.0207097,-0.174145,0.00754931,0.129154,-0.618614,9.48003,29.283,-0.0116164,0.0166648,0.00663653,0.999901,-0.0139608,0.00104706,-0.00115802,0.400168,3.10633,1.60336,0.0772381,0.0220012,-0.180331,0.00728929,0.125754,-0.645109
9.48003,0.999896,-0.0143309,0.00116957,-0.00113865,-0.0141993,0.00633641,-0.000108103,0.0776855,0.0253499,-0.200745,0.00492822,0.0920302,-0.615364,9.50003,30.4543,-0.0127932,-0.00517217,-0.000718945,0.999895,-0.0144019,0.00120133,-0.00113957,0.308884,-1.26907,0.0661163,0.0777348,0.0262702,-0.206899,0.00462088,0.0883166,-0.646837
9.50003,0.999896,-0.0143343,0.00119971,-0.001131,-0.0011498,0.00766802,0.00202237,0.0777761,0.026109,-0.206013,0.00478818,0.0859196,-0.613975,9.52003,28.702,-0.0088204,-0.00213377,-0.0374464,0.999896,-0.01434,0.0012382,-0.00112143,1.11031,-0.561269,-7.27055,0.077824,0.0269682,-0.212152,0.0044912,0.0824188,-0.637994
9.52003,0.999898,-0.014156,0.00123353,-0.00112886,0.0305418,0.00354014,0.000690836,0.0779473,0.0274772,-0.216486,0.00423293,0.0737885,-0.610693,9.54003,29.0458,-0.00378939,-0.00279026,-0.00596908,0.999901,-0.0140033,0.0012511,-0.00112584,2.07542,-0.788631,-0.97678,0.0779896,0.0282151,-0.222593,0.00392409,0.0702899,-0.636175
9.54003,0.999907,-0.0135254,0.00123727,-0.00113102,0.0642308,-0.00112046,-0.000374306,0.0781741,0.0291804,-0.232016,0.00309636,0.0573134,-0.604348,9.56003,23.6296,-0.00973973,0.0175608,-0.00262018,0.999911,-0.0132043,0.00123128,-0.00113321,0.753438,3.26929,-0.252712,0.0782051,0.0297535,-0.23806,0.00284449,0.0545939,-0.606796
9.56003,0.999927,-0.0119928,0.00118313,-0.00109745,0.0834129,-0.00285395,0.00242203,0.0785939,0.0317069,-0.257411,0.000382977,0.0414278,-0.59209,9.58003,26.9454,-0.0180744,0.00281394,-0.0252779,0.999932,-0.0115758,0.00116855,-0.00108567,-1.21185,0.382802,-4.83326,0.0785978,0.0321212,-0.263332,0.00010866,0.0386781,-0.608651
9.58003,0.999939,-0.0109746,0.00117784,-0.00108855,0.0847445,0.000474749,0.0022886,0.0788126,0.0331121,-0.272319,0.000120329,0.0428159,-0.58438,9.60003,27.9017,0.0075706,-0.00299714,-0.00618459,0.999943,-0.0105509,0.00117988,-0.00107763,3.71094,-0.819722,-1.02394,0.0788139,0.0335403,-0.278163,-0.000162182,0.0402104,-0.605016
9.60003,0.999942,-0.0106346,0.00115034,-0.00108814,0.0844782,-0.00658264,0.000157854,0.0788817,0.0335938,-0.277234,0.000186041,0.0450198,-0.581717,9.62003,26.3547,0.000605804,-0.00140577,0.00432535,0.999947,-0.0102122,0.00111698,-0.00108749,2.24735,-0.52026,1.07979,0.0788836,0.034044,-0.283051,-7.45558e-05,0.0426349,-0.595772
9.62003,0.999957,-0.00911542,0.000999091,-0.00107135,0.0659692,-0.00511773,0.000558061,0.0791946,0.0363609,-0.301361,0.000185276,0.0644295,-0.567045,9.64003,27.8756,-0.00888703,-0.0134573,-0.00633155,0.99996,-0.00878561,0.000973175,-0.00106865,0.0496287,-2.88152,-1.07831,0.0791965,0.0370052,-0.307032,-5.40537e-05,0.0622673,-0.587578
9.64003,0.999964,-0.00833059,0.000902681,-0.00105597,0.0189693,-0.00432311,0.000424319,0.0796546,0.0402486,-0.323699,0.00184291,0.0958258,-0.550723,9.66003,28.1172,0.0216352,0.000437855,0.0117139,0.999965,-0.00823577,0.000880983,-0.00105376,5.99029,-0.107909,2.55851,0.079673,0.0412068,-0.329207,0.0016248,0.0938327,-0.572287
9.66003,0.999965,-0.00829074,0.000892556,-0.00105046,0.00924878,-0.0021926,0.00148969,0.0797815,0.0412214,-0.327896,0.00250212,0.103461,-0.547097,9.68003,27.4127,-0.0345668,0.00346594,-0.00357235,0.999965,-0.0082445,0.000881606,-0.00104296,-5.25606,0.51332,-0.504783,0.0798065,0.042256,-0.333367,0.00229186,0.101527,-0.565664
9.68003,0.999963,-0.00848851,0.000883498,-0.00102675,-0.0275028,0.00153579,0.00202223,0.0803197,0.0456898,-0.344436,0.00536276,0.133611,-0.533689,9.70003,28.5829,-0.0553669,0.00246837,-0.0117171,0.999962,-0.008626,0.000891403,-0.00101658,-9.37644,0.325486,-2.14358,0.0803733,0.0470259,-0.349773,0.00514573,0.131546,-0.557234
9.70003,0.999956,-0.0093167,0.000913861,-0.000993691,-0.0691813,0.00313354,0.0013565,0.0808992,0.0510273,-0.360584,0.00753646,0.160609,-0.520208,9.72003,25.6509,-0.0259514,-0.00417641,-0.0142168,0.999952,-0.00966256,0.000929935,-0.000986739,-3.32411,-0.996676,-2.65702,0.0809746,0.0526334,-0.365786,0.00733494,0.158575,-0.531275
9.72003,0.999937,-0.0111089,0.0010026,-0.000976582,-0.0979435,0.00606275,0.000690632,0.0816572,0.0587082,-0.380257,0.00961412,0.185724,-0.505482,9.74003,26.7935,-0.0180724,0.0132667,-0.0158224,0.999932,-0.0115986,0.00103342,-0.000972975,-1.39272,2.48429,-2.94313,0.0817534,0.0605654,-0.385311,0.00938304,0.183191,-0.521401
9.74003,0.999933,-0.0115086,0.00103261,-0.000970468,-0.100473,0.00766136,0.00162272,0.0818145,0.0603383,-0.384126,0.0103295,0.188588,-0.502516,9.76003,23.557,-0.0190318,-0.0178297,-0.00302619,0.999927,-0.0120109,0.0010715,-0.000962277,-1.50109,-3.76895,-0.456087,0.0819178,0.0622242,-0.389151,0.0101202,0.186281,-0.504665
9.76003,0.999918,-0.0127565,0.00113757,-0.000966073,-0.107265,0.00925891,0.00109004,0.0822938,0.0653088,-0.395608,0.0111736,0.192761,-0.494261,9.78003,23.8976,-0.0467961,0.00926496,-0.00829044,0.99991,-0.0132927,0.00118445,-0.000960603,-6.81005,1.63745,-1.45176,0.0824055,0.0672364,-0.400551,0.0109397,0.190167,-0.497853
9.78003,0.999888,-0.0149042,0.00130219,-0.00097142,-0.10354,0.00685875,0.000424373,0.0833463,0.0732911,-0.413088,0.0116529,0.187939,-0.479413,9.80003,27.5516,-0.0242031,-0.0128781,0.000671949,0.99988,-0.0154218,0.00133701,-0.000969135,-1.85804,-2.84244,0.283946,0.0834628,0.0751705,-0.417882,0.0113442,0.184445,-0.498534
9.80003,0.999871,-0.0159628,0.00139552,-0.00095737,-0.0814354,0.00898931,0.000956745,0.0839364,0.077883,-0.423376,0.011091,0.178413,-0.470471,9.82003,26.7618,-0.0416276,-0.0123563,0.0352413,0.999865,-0.0163699,0.00144093,-0.000952736,-5.14435,-2.87049,7.18773,0.0840473,0.0796672,-0.428081,0.0107697,0.174778,-0.486226
9.82003,0.999862,-0.0165387,0.00146856,-0.000940828,-0.0685191,0.00805702,0.00242153,0.084308,0.0807813,-0.430148,0.010435,0.168991,-0.464815,9.84003,27.3722,-0.00124578,0.00274307,-0.00697616,0.999856,-0.0168812,0.00150936,-0.000928885,3.06006,0.277708,-1.19819,0.0844123,0.0824712,-0.434797,0.0100894,0.165139,-0.483162
9.84004,0.999851,-0.0171872,0.00152402,-0.000935599,-0.0480127,0.00392926,0.0010898,0.0848326,0.0848095,-0.440181,0.00987943,0.152774,-0.456407,9.86004,26.1126,-0.0405079,0.00249124,-0.00607169,0.999847,-0.0174272,0.00154398,-0.000930122,-4.66444,0.206706,-1.03085,0.0849314,0.0863372,-0.444745,0.00953721,0.148955,-0.469392
9.86004,0.999843,-0.0176171,0.00159046,-0.000935931,-0.00260612,0.00152985,-0.000641513,0.0857594,0.0906196,-0.456117,0.00786544,0.126026,-0.442298,9.88004,29.4189,-0.00962328,3.51615e-05,0.00846815,0.999843,-0.0176301,0.00159807,-0.000939252,1.59607,-0.34265,1.87758,0.0858381,0.0918798,-0.46054,0.00746316,0.121616,-0.46934
9.88004,0.999845,-0.017481,0.00163123,-0.000952565,0.018566,0.00419302,-0.000242074,0.0862782,0.0935914,-0.46543,0.00757659,0.111562,-0.433933,9.90004,26.6963,-0.0247516,0.000238327,0.0178725,0.999847,-0.0173881,0.00165208,-0.000954293,-1.46087,-0.345739,3.75719,0.086354,0.094707,-0.46977,0.00720224,0.107592,-0.449398
9.90004,0.999847,-0.0173855,0.0016426,-0.000954217,0.0238923,0.00326089,-0.00010891,0.0864433,0.0945066,-0.468504,0.00730718,0.107336,-0.431323,9.92004,24.0886,-0.0379635,0.022966,-0.0010358,0.999849,-0.017266,0.00165878,-0.000955241,-4.12192,4.26039,0.0510694,0.0865163,0.0955799,-0.472818,0.00696708,0.103772,-0.435699
9.92004,0.99986,-0.0166601,0.00164121,-0.00093655,0.0418687,0.00139673,0.00122265,0.0872037,0.0986704,-0.483694,0.00617336,0.0938133,-0.4199,9.94004,27.6415,-0.0234993,-0.0283187,0.0195141,0.999863,-0.0164508,0.0016481,-0.000930898,-1.37117,-6.06057,3.98749,0.0872654,0.0996085,-0.487893,0.00578365,0.0898949,-0.43939
9.94004,0.999875,-0.0157039,0.00162991,-0.000932149,0.0482688,-0.000467907,0.00108973,0.0878747,0.103013,-0.499034,0.00505246,0.0921782,-0.41028,9.96004,29.0578,-0.0118922,-0.00956845,-0.00356779,0.999879,-0.0154626,0.00162743,-0.000927058,0.765201,-2.2304,-0.560991,0.0879253,0.103935,-0.503137,0.00464582,0.0882955,-0.435802
9.96004,0.999883,-0.0152116,0.00161676,-0.000916462,0.0362845,-0.00100042,0.00228825,0.0882346,0.105713,-0.508166,0.00446824,0.0971862,-0.404663,9.98004,28.0108,-0.0142987,0.00768799,0.00305368,0.999885,-0.0150302,0.00161177,-0.000905239,0.180117,1.20219,0.812701,0.0882793,0.106685,-0.512213,0.00407954,0.0935607,-0.425735
9.98004,0.999885,-0.0150758,0.0015964,-0.000906109,0.0336214,-0.00486213,0.00268757,0.0883473,0.106639,-0.511189,0.00435119,0.0997588,-0.403184,10,24.9599,-0.0268009,-0.00214151,0.024238,0.999887,-0.0149077,0.00157214,-0.000892575,-2.35372,-0.825435,5.01323,0.0883908,0.107636,-0.515221,0.00400921,0.096557,-0.411281
10,0.999889,-0.0147717,0.00152968,-0.000884776,0.0188408,-0.00419622,0.00015775,0.088659,0.109548,-0.520201,0.00341692,0.109896,-0.398433,10.02,27.2888,-0.0351005,0.00174994,-0.0434286,0.999891,-0.0146775,0.00150863,-0.000883821,-4.05663,0.166138,-8.51339,0.0886932,0.110647,-0.524185,0.00305866,0.106466,-0.416438
10.02,0.999891,-0.014668,0.00151178,-0.000873866,-0.00858206,-0.00033437,0.00162277,0.0891054,0.115515,-0.535872,0.00402616,0.130162,-0.391304,10.04,27.1596,-0.020899,-0.00120942,0.00497591,0.99989,-0.0147109,0.00151026,-0.000865663,-1.24771,-0.562431,1.15996,0.0891456,0.116817,-0.539785,0.00367379,0.126772,-0.40876
10.04,0.999889,-0.0148135,0.0015087,-0.000857,-0.0208326,-0.000600658,0.00375333,0.0892859,0.118099,-0.542052,0.00481876,0.138468,-0.38796,10.06,25.413,-0.0152792,0.0127821,0.0156902,0.999887,-0.0149176,0.00150607,-0.000838034,-0.100674,2.20533,3.34234,0.0893341,0.119484,-0.545931,0.00448975,0.135265,-0.397986
10.06,0.999885,-0.0150452,0.00148017,-0.000847003,-0.0325505,-0.00379642,0.000690664,0.0894672,0.120799,-0.548182,0.00484902,0.146773,-0.385022,10.08,24.0055,-0.0170168,0.00730387,-0.0301611,0.999883,-0.015208,0.00146138,-0.000843023,-0.388114,1.25248,-5.84521,0.0895157,0.122267,-0.552032,0.00454404,0.1437,-0.38906
10.08,0.99987,-0.0160185,0.00143706,-0.000822241,-0.0555838,6.51818e-05,0.00122333,0.0898909,0.12818,-0.564038,0.00451809,0.163069,-0.377673,10.1,27.766,-0.0419783,0.00601161,0.0114628,0.999866,-0.0162964,0.00143771,-0.000815731,-5.19826,0.871164,2.46388,0.0899361,0.129811,-0.567815,0.00417544,0.159284,-0.397698
10.1,0.99985,-0.0172656,0.00148658,-0.000796018,-0.0663696,0.00405995,0.000690797,0.0902888,0.135946,-0.579679,0.00622284,0.168605,-0.369349,10.12,24.0236,-0.0382525,-0.0116735,-0.0167868,0.999844,-0.0175973,0.0015072,-0.000792421,-4.19264,-2.57973,-3.24936,0.0903511,0.137632,-0.583372,0.00591614,0.165076,-0.373449
10.12,0.99984,-0.0177854,0.00152147,-0.000780342,-0.065837,0.00472574,0.00255494,0.0904641,0.139041,-0.585819,0.00708126,0.167711,-0.366451,10.14,24.1752,-0.0241024,-0.000451331,0.0265348,0.999834,-0.0181145,0.00154558,-0.000767489,-1.27292,-0.492645,5.45322,0.0905349,0.140718,-0.589484,0.00676542,0.164053,-0.371192
10.14,0.999836,-0.0180409,0.00152858,-0.000770719,-0.0646385,0.00166306,0.00228887,0.0905531,0.140575,-0.588867,0.00705328,0.166828,-0.364789,10.16,21.8871,-0.0279482,0.0148498,0.00696557,0.99983,-0.018364,0.00153735,-0.000758932,-1.98687,2.63436,1.59204,0.0906237,0.142244,-0.592515,0.00676601,0.163468,-0.359799
10.16,0.999816,-0.019108,0.00153743,-0.000757042,-0.0449311,0.00206251,0.00175597,0.0909364,0.147975,-0.603843,0.00469402,0.155319,-0.355414,10.18,25.8192,-0.0346475,-0.0124558,0.00766865,0.999812,-0.0193326,0.00154808,-0.000748115,-3.1098,-2.83268,1.62657,0.0909834,0.149528,-0.607397,0.00435307,0.151121,-0.367135
10.18,0.999803,-0.0197595,0.00162708,-0.000750937,-0.0229656,0.00472632,0.000291047,0.0912066,0.154483,-0.618785,0.00426994,0.136204,-0.345223,10.2,26.2509,-0.0308168,-0.0074863,-0.00827866,0.999801,-0.0198743,0.00165082,-0.000749762,-2.20855,-1.79423,-1.54486,0.0912493,0.155845,-0.622238,0.00390319,0.131791,-0.358774
10.2,0.999802,-0.0198216,0.00163667,-0.000751325,-0.0157751,0.0023295,-0.000108355,0.0912512,0.155629,-0.621838,0.00412789,0.131934,-0.343165,10.22,24.3461,-0.050425,-0.00150805,0.00785099,0.9998,-0.0199004,0.00164837,-0.000751969,-6.1262,-0.667521,1.69764,0.0912924,0.156949,-0.62527,0.00378576,0.127828,-0.348617
10.22,0.999801,-0.0198676,0.00162773,-0.000744756,-0.00392405,-0.00139893,0.000424257,0.0913309,0.157812,-0.627876,0.00329132,0.12295,-0.339277,10.24,28.2936,-0.0275426,0.00640839,0.0185437,0.999801,-0.0198872,0.00162079,-0.000742464,-1.54316,0.878156,3.87342,0.0913638,0.159042,-0.631269,0.00289588,0.118167,-0.361513
10.24,0.999813,-0.0192569,0.00156604,-0.000740492,0.034954,-0.000599466,-0.000907427,0.091423,0.164087,-0.649025,-0.000366877,0.0931332,-0.325182,10.26,24.5112,-0.0270029,-0.00992548,0.0242962,0.999816,-0.0190822,0.00156283,-0.000745244,-1.55706,-2.39545,4.95972,0.0914194,0.165018,-0.652277,-0.000696476,0.0891171,-0.331341
10.26,0.999819,-0.0189594,0.00155953,-0.00073737,0.0370845,-0.00126527,0.000823466,0.0914027,0.165529,-0.655121,-0.000942761,0.0875935,-0.321181,10.28,23.4138,-0.0390084,-0.00127993,0.0325471,0.999822,-0.018774,0.00155315,-0.000733423,-4.02323,-0.696956,6.63867,0.0913933,0.166405,-0.658333,-0.00125625,0.0838165,-0.322676
10.28,0.999822,-0.0187852,0.00153457,-0.000727454,0.0437424,-0.00632532,0.00242146,0.09139,0.16622,-0.65813,-0.00106475,0.0856323,-0.319552,10.3,27.5341,-0.0477632,-0.00350207,-0.0138639,0.999826,-0.0185666,0.00150302,-0.000715091,-5.79381,-0.962011,-2.65465,0.0913794,0.167077,-0.661326,-0.00142749,0.0812313,-0.338568
10.3,0.999841,-0.0177759,0.00136283,-0.000729498,0.0535962,-0.00938788,-0.000641189,0.0912626,0.169491,-0.672802,-0.00365932,0.0801154,-0.309794,10.32,24.1232,-0.0464812,-0.0132561,0.0237644,0.999846,-0.017508,0.00131565,-0.000732234,-5.74928,-3.01458,4.8382,0.091226,0.170292,-0.6759,-0.00394173,0.0764667,-0.314314
10.32,0.999856,-0.0169302,0.00127625,-0.000734537,0.0325572,-0.00233057,0.00108997,0.0910673,0.17273,-0.686869,-0.00349593,0.0853482,-0.300959,10.34,25.7664,-0.0464661,0.00189434,-0.00860449,0.999858,-0.0167674,0.00126457,-0.000729098,-5.90771,0.145909,-1.57921,0.0910324,0.173584,-0.689878,-0.00377849,0.0816364,-0.312473
10.34,0.999858,-0.0168124,0.00126107,-0.000711448,0.0297609,-0.00392851,0.00575035,0.0910305,0.173417,-0.689614,-0.00327783,0.0879602,-0.299047,10.36,23.5693,-0.00610356,0.00587466,0.0115034,0.99986,-0.0166636,0.0012418,-0.000682558,2.13786,0.883039,2.46084,0.0909977,0.174296,-0.692604,-0.00353315,0.0845884,-0.301218
10.36,0.999861,-0.0166015,0.00120021,-0.000704159,0.0225703,-0.0087222,0.000557165,0.0909602,0.174858,-0.695039,-0.00294527,0.0940408,-0.295922,10.38,24.3016,-0.0368979,-0.00399491,0.00200667,0.999863,-0.0164887,0.00115657,-0.000700785,-4.06048,-1.05074,0.51997,0.0909308,0.175799,-0.697998,-0.00319588,0.0906079,-0.301209
10.38,0.999864,-0.0164167,0.0010515,-0.000678698,-0.00326234,-0.00179791,0.000157798,0.0907778,0.178881,-0.708236,-0.00353874,0.109782,-0.287458,10.4,24.3338,-0.0289188,-0.00730532,0.061134,0.999864,-0.016433,0.00104253,-0.000677745,-2.51911,-1.87579,12.3308,0.0907424,0.179978,-0.71111,-0.00375878,0.106383,-0.292883
10.4,0.999858,-0.0168261,0.00106611,-0.000681004,-0.0286976,-0.000333014,-0.00130701,0.0905918,0.183471,-0.721593,-0.00119199,0.127174,-0.279028,10.42,25.6431,-0.0272391,0.00990062,-0.0161881,0.999855,-0.0169696,0.00106443,-0.000687357,-2.08157,1.81742,-3.07346,0.0905798,0.184743,-0.724383,-0.00142712,0.123503,-0.290019
10.42,0.999855,-0.016967,0.00105971,-0.000679687,-0.0348229,-0.00166443,0.000290887,0.0905691,0.184459,-0.724283,-0.000375939,0.130368,-0.277114,10.44,28.9991,-0.0278402,-0.00975033,0.0228535,0.999852,-0.0171411,0.00105154,-0.000677907,-2.17973,-2.24303,4.66698,0.0905653,0.185763,-0.727054,-0.000640286,0.126182,-0.302377
10.44,0.999853,-0.0171254,0.00103905,-0.000672249,-0.0392171,-0.0052599,0.00175568,0.0905515,0.185472,-0.726948,7.71789e-05,0.133264,-0.2757,10.46,26.1886,-0.0198795,-0.0198725,0.0247689,0.999849,-0.0173214,0.00101303,-0.000662817,-0.555119,-4.26921,5.01529,0.0905523,0.186805,-0.729705,-0.000156937,0.129448,-0.289008
10.46,0.99983,-0.0184041,0.00102684,-0.000663649,-0.0595908,0.0025964,-0.000241888,0.0904531,0.191872,-0.743404,1.40679e-05,0.142786,-0.265264,10.48,25.8184,-0.0277665,0.0218319,0.0136929,0.999824,-0.018702,0.00104,-0.000664791,-1.87988,4.10621,2.94548,0.0904533,0.1933,-0.746057,-0.000214206,0.138743,-0.276988
10.4801,0.999812,-0.0193463,0.00111272,-0.000678441,-0.0582592,0.00539284,-0.000375016,0.0904094,0.196251,-0.753949,0.00139654,0.140754,-0.258368,10.5001,21.178,-0.0398474,-0.00472703,0.000943018,0.999806,-0.0196375,0.00113984,-0.000680513,-4.1014,-1.17678,0.297073,0.0904234,0.197658,-0.756532,0.00119366,0.137268,-0.250353
10.5001,0.999803,-0.0197829,0.00114302,-0.0006755,-0.0520008,0.00339522,-0.000108691,0.0903979,0.198387,-0.75906,0.00145396,0.137097,-0.254463,10.5201,20.9072,-0.0429494,0.00807215,-0.00393538,0.999798,-0.0200428,0.00116015,-0.000676082,-4.63561,1.39532,-0.629728,0.0904125,0.199758,-0.761605,0.00124824,0.133578,-0.245294
10.5201,0.999796,-0.0201666,0.00113841,-0.000710817,-0.0465413,-0.000332874,-0.0038372,0.090382,0.200448,-0.764063,0.000964377,0.13108,-0.250724,10.5401,23.3338,-0.0389797,0.0010394,-0.028829,0.999791,-0.0203993,0.00113653,-0.0007297,-3.75936,0.0909374,-5.62716,0.0903916,0.201759,-0.76657,0.000735505,0.127077,-0.251869
10.5401,0.999782,-0.0208229,0.00123852,-0.000723018,-0.0219104,0.00685739,0.00122266,0.0903028,0.204921,-0.776832,-0.000916761,0.112562,-0.241338,10.5601,25.5377,-0.0340481,-0.00317663,0.00326475,0.99978,-0.0209324,0.00127301,-0.000717484,-2.64636,-0.901359,0.775717,0.0902936,0.206046,-0.779245,-0.00118916,0.108038,-0.251848
10.5601,0.99978,-0.0209022,0.00124757,-0.000718596,0.00765064,-0.00392843,0.000823209,0.0901852,0.20789,-0.786672,-0.00234755,0.0944439,-0.233767,10.5801,25.9106,-0.0568315,0.0114648,0.0139992,0.999781,-0.020864,0.00122799,-0.000714118,-7.19595,1.97631,2.97666,0.0901617,0.208835,-0.78901,-0.00262591,0.0898358,-0.245861
10.5801,0.999781,-0.0208593,0.00122973,-0.000714742,0.0111128,-0.00446104,0.000956405,0.0901465,0.208542,-0.789061,-0.00308404,0.0896738,-0.23186,10.6001,25.2399,-0.0309681,0.00474206,-0.00665097,0.999783,-0.0208037,0.00120749,-0.000709564,-2.0216,0.725634,-1.17482,0.0901156,0.209439,-0.79138,-0.00335134,0.0851943,-0.241104
10.6001,0.99979,-0.0204538,0.00119528,-0.000733898,0.0322849,-0.0023306,-0.00144044,0.0899354,0.210781,-0.798329,-0.00550353,0.0715028,-0.223592,10.6201,23.9245,-0.0337467,-0.011015,-0.00295889,0.999793,-0.0202924,0.00118336,-0.000741053,-2.65744,-2.43439,-0.498033,0.0898803,0.211496,-0.800564,-0.00574991,0.0673392,-0.227246
10.6201,0.999808,-0.0195346,0.00107632,-0.000726231,0.0555842,-0.0121842,0.00108924,0.0896004,0.212758,-0.809864,-0.00749327,0.0555133,-0.214039,10.6401,21.3793,-0.0326752,0.00966469,-0.00409527,0.999814,-0.0192567,0.00101532,-0.000719895,-2.6297,1.7286,-0.642954,0.0895255,0.213314,-0.812004,-0.00769165,0.0519598,-0.206879
10.6401,0.999827,-0.0185592,0.000931246,-0.000726089,0.0649052,-0.00552665,-0.00104091,0.0892602,0.213913,-0.818904,-0.00976556,0.0482445,-0.207503,10.6601,24.5661,-0.0254002,0.00453927,0.00453802,0.999833,-0.0182348,0.000903285,-0.000731082,-1.3701,0.700947,1.06476,0.0891625,0.214396,-0.820979,-0.00996304,0.0443651,-0.213901
10.6601,0.999832,-0.0183088,0.00091309,-0.000725718,0.063041,-0.00446128,0.000156993,0.0891657,0.214181,-0.821097,-0.0098241,0.0476364,-0.206007,10.6801,22.6919,-0.0368321,0.000757922,-0.00434903,0.999837,-0.0179936,0.000890573,-0.000724813,-3.70526,-0.0204493,-0.728491,0.0890675,0.214657,-0.823157,-0.010003,0.0441013,-0.204437
10.6801,0.999852,-0.0171815,0.000798717,-0.000709357,0.0518557,-0.00712445,0.000823033,0.0887334,0.215568,-0.831678,-0.00789396,0.051192,-0.198128,10.7001,24.2495,-0.0260103,-0.00352533,0.0147459,0.999856,-0.0169223,0.000762986,-0.000704837,-1.76841,-0.919042,3.07433,0.0886545,0.21608,-0.833659,-0.00806129,0.0476467,-0.20319
10.7001,0.999865,-0.016393,0.000629549,-0.000701823,0.0322843,-0.00659211,-0.0013076,0.0883473,0.217457,-0.84217,-0.00791482,0.0650668,-0.19112,10.7201,25.2192,-0.0498384,-0.0139948,0.0076899,0.999868,-0.0162316,0.000596373,-0.000707921,-6.69124,-2.95669,1.62596,0.0882681,0.218108,-0.844082,-0.0080524,0.0615489,-0.200312
10.7201,0.999867,-0.0162992,0.000611495,-0.000700826,0.023629,-0.00446167,0.000290308,0.088274,0.217941,-0.844347,-0.00783946,0.0685208,-0.189889,10.7401,24.2799,-0.0333805,-0.01282,0.00565318,0.999869,-0.016181,0.00058913,-0.000699083,-3.4164,-2.70905,1.22476,0.0881956,0.218626,-0.846246,-0.00796816,0.0651533,-0.195087
10.7401,0.999868,-0.0162394,0.000598354,-0.000694021,0.0151069,-0.00326322,0.00175501,0.0882022,0.218453,-0.846499,-0.00755657,0.0720264,-0.188858,10.7601,26.1079,-0.0343443,-0.0111753,0.012469,0.999869,-0.0161638,0.00058213,-0.000685027,-3.62239,-2.39968,2.59185,0.0881267,0.219173,-0.848387,-0.00769201,0.0684187,-0.20183
10.7601,0.999868,-0.0162469,0.000567503,-0.000686625,-0.00752998,-0.00246425,0.00055663,0.0879568,0.220809,-0.854863,-0.00479144,0.0875631,-0.184281,10.7801,26.9377,-0.0275481,0.00329474,0.0207031,0.999867,-0.0162846,0.000555255,-0.000683621,-2.26427,0.47432,4.28497,0.0879089,0.221684,-0.856706,-0.00492408,0.083839,-0.200783
10.7801,0.999859,-0.0167885,0.000541641,-0.000689393,-0.036154,0.00272832,-0.00223967,0.087808,0.224781,-0.865776,-0.00217874,0.105486,-0.178249,10.8001,21.8535,-0.0390958,-0.00473879,0.00667241,0.999856,-0.0169693,0.000555217,-0.00070072,-4.46309,-1.08373,1.45201,0.0877862,0.225836,-0.867558,-0.00228161,0.102364,-0.173124
10.8001,0.99985,-0.0173245,0.000571785,-0.000696884,-0.048934,0.0047251,-0.00117448,0.0878046,0.227653,-0.872738,-0.000400204,0.11289,-0.175311,10.8201,21.2077,-0.0416727,0.012867,-0.0116515,0.999845,-0.0175691,0.000595476,-0.000703025,-4.8724,2.49323,-2.15077,0.0878006,0.228782,-0.874491,-0.00050557,0.109764,-0.167436
10.8201,0.999846,-0.0175351,0.000604306,-0.000704012,-0.0530619,0.00818703,-0.00157401,0.0878116,0.228641,-0.874998,0.000184825,0.114745,-0.173976,10.8401,21.6872,-0.0452973,0.0104973,-0.017784,0.999841,-0.0178003,0.000645283,-0.000712439,-5.55473,2.03428,-3.38413,0.0878135,0.229789,-0.876738,7.1026e-05,0.111509,-0.168138
10.8401,0.999824,-0.0187305,0.000737685,-0.000712821,-0.0605187,0.00632291,-0.00223972,0.0878997,0.233709,-0.885857,0.00230073,0.118688,-0.167886,10.8601,23.7407,-0.0214915,0.00170725,0.013581,0.999818,-0.019033,0.0007693,-0.000724386,-0.55492,0.139939,2.86148,0.0879228,0.234896,-0.887536,0.00214901,0.114905,-0.170772
10.8601,0.999802,-0.0198816,0.000887907,-0.000728206,-0.054391,0.00818613,-0.00170714,0.0880477,0.238757,-0.896361,0.00262229,0.111516,-0.160746,10.8801,19.9067,-0.0443942,-0.0137323,-0.010986,0.999796,-0.0201535,0.000928858,-0.000737312,-4.90134,-2.88625,-2.11363,0.0880739,0.239872,-0.897969,0.00246943,0.108149,-0.147322
10.8801,0.999798,-0.0200829,0.00092569,-0.000732225,-0.0509288,0.00951785,-0.000775032,0.0880858,0.239739,-0.898483,0.0025279,0.108842,-0.159132,10.9001,25.892,-0.0424227,0.0109434,-0.0127655,0.999792,-0.0203375,0.000973379,-0.00073682,-4.46966,2.0482,-2.37007,0.088111,0.240827,-0.900074,0.00232072,0.104418,-0.171155
10.9001,0.999788,-0.0205707,0.00101003,-0.000727239,-0.0344172,0.0068546,0.000689697,0.0881919,0.242531,-0.904647,0.00197069,0.0992766,-0.154151,10.9201,21.5318,-0.0406585,-0.00410021,-0.0130109,0.999784,-0.0207427,0.00104449,-0.000724323,-4.01638,-0.974215,-2.48129,0.0882116,0.243523,-0.906188,0.0017829,0.0955079,-0.147631
10.9201,0.999779,-0.0209658,0.00112268,-0.000735997,-0.00618773,0.00445779,0.000157128,0.0883043,0.246548,-0.914283,0.000172167,0.078469,-0.145471,10.9401,23.5479,-0.0471257,0.00312181,-0.0147925,0.999779,-0.0209967,0.00114501,-0.000735644,-5.23217,0.454828,-2.80816,0.088306,0.247333,-0.915738,-5.58697e-05,0.0742684,-0.14752
10.9401,0.999781,-0.0208817,0.00117391,-0.000720187,0.0127207,0.00325937,0.000157131,0.0883193,0.249097,-0.921438,-0.0021648,0.0603091,-0.138396,10.9601,23.69,-0.0249951,0.0184646,-0.0199858,0.999782,-0.0208181,0.00119018,-0.000719816,-0.822404,3.53724,-3.78104,0.0882977,0.2497,-0.922822,-0.00240446,0.0561001,-0.14105
10.9601,0.999783,-0.020791,0.00118707,-0.000723358,0.0221749,0.00339255,-0.000641827,0.0883088,0.249641,-0.923151,-0.00293781,0.056175,-0.136701,10.9801,22.6885,-0.0451266,-0.0189873,-0.0110906,0.999785,-0.0206802,0.00120388,-0.000727051,-4.86502,-3.99442,-2.16266,0.0882795,0.250202,-0.924518,-0.00316988,0.0521614,-0.135098
10.9801,0.999792,-0.0203579,0.00119359,-0.000725405,0.0394855,-0.000469017,2.39895e-05,0.0882448,0.251064,-0.928123,-0.00458492,0.0442388,-0.131938,11.0001,24.7204,-0.0345933,0.0124188,0.0140071,0.999796,-0.0201606,0.00119111,-0.000725473,-2.85393,2.18253,2.98819,0.088199,0.251506,-0.929443,-0.00483909,0.0399568,-0.138977
11.0001,0.99982,-0.0189165,0.00105504,-0.00073993,0.0561296,-0.00473083,-0.00104133,0.087979,0.253429,-0.939847,-0.00967249,0.0290876,-0.122507,11.0201,24.9503,-0.0291074,0.00386278,0.0303389,0.999825,-0.0186359,0.00103109,-0.000744985,-2.04749,0.442358,6.22312,0.0878823,0.25372,-0.941072,-0.00989945,0.0250717,-0.130536
11.0201,0.999829,-0.0184577,0.000988826,-0.000772334,0.0563959,-0.00766062,-0.00210644,0.0878521,0.253994,-0.94301,-0.0105492,0.0287147,-0.119867,11.0401,24.8593,-0.033156,0.00434679,1.8319e-05,0.999834,-0.0181758,0.000950117,-0.000782437,-2.94127,0.66629,0.167593,0.0877466,0.254281,-0.944209,-0.0107614,0.0248105,-0.127513
11.0401,0.999837,-0.0180103,0.000945129,-0.000770489,0.054798,-0.00699483,0.0012222,0.0877124,0.254559,-0.946069,-0.0108619,0.0295379,-0.117355,11.0601,23.4292,-0.0266587,0.00154548,-0.013554,0.999842,-0.0177363,0.000910059,-0.000764008,-1.72811,0.164765,-2.55576,0.0876038,0.254855,-0.947242,-0.0110531,0.0259474,-0.118922
11.0601,0.999847,-0.0174341,0.000799742,-0.000756811,0.0450775,-0.0108562,0.000423388,0.0874948,0.255454,-0.950482,-0.0108979,0.0338149,-0.114277,11.0801,26.3482,-0.028279,0.00206643,0.0115187,0.999851,-0.0172088,0.000745336,-0.000753928,-2.1719,0.208855,2.4574,0.0873858,0.255793,-0.951625,-0.0110801,0.0299062,-0.128262
11.0801,0.999858,-0.016794,0.000641148,-0.000779111,0.0227081,-0.00406643,-0.000242301,0.0871584,0.257303,-0.95771,-0.0108079,0.0471567,-0.108526,11.1001,26.0178,-0.0308836,-0.0016003,-0.0237101,0.99986,-0.0166805,0.00062071,-0.000780054,-2.8163,-0.3734,-4.59489,0.0870503,0.257775,-0.958795,-0.0109527,0.0434386,-0.121112
11.1001,0.999862,-0.0166029,0.000528725,-0.000771415,0.00459859,-0.0109907,0.000290239,0.0869747,0.259262,-0.963581,-0.00884745,0.0610619,-0.104316,11.1201,23.303,-0.0508848,0.000704727,-0.0224643,0.999862,-0.01658,0.000473786,-0.000769063,-6.85784,0.101939,-4.34101,0.0868862,0.259873,-0.964624,-0.00895483,0.0577697,-0.105356
11.1201,0.999862,-0.0166173,0.000489417,-0.000771788,-0.00379,-0.00966003,-0.000242354,0.0869464,0.259823,-0.965085,-0.00859316,0.0645577,-0.103658,11.1401,28.2346,-0.0421433,-0.0144132,-0.00214217,0.999861,-0.0166363,0.000441118,-0.000772187,-5.1049,-2.97949,-0.326066,0.0868605,0.260469,-0.966121,-0.00871382,0.0605653,-0.125672
11.1401,0.999856,-0.0169299,0.000384992,-0.000754817,-0.0309542,-0.00167059,0.000423429,0.0868449,0.262334,-0.970868,-0.00674353,0.0785765,-0.100274,11.1601,22.1505,-0.0363753,-0.0084757,-0.0138495,0.999854,-0.0170847,0.000376793,-0.000752499,-3.88838,-1.73048,-2.65007,0.0867775,0.26312,-0.971871,-0.00681851,0.0753855,-0.0964115
11.1601,0.999842,-0.0177736,0.000404868,-0.000772072,-0.0485311,-0.00100487,-0.000775032,0.0868176,0.266038,-0.977602,-0.0026752,0.0925866,-0.0962273,11.1801,22.1227,-0.0489618,0.0196338,0.00416726,0.999837,-0.0180163,0.000399963,-0.000775759,-6.24442,3.8228,1.05354,0.0867908,0.266964,-0.978565,-0.002754,0.0892408,-0.0922404
11.1801,0.999835,-0.0181657,0.000415177,-0.000771934,-0.0494632,0.000326921,2.40366e-05,0.0868447,0.26763,-0.980153,-0.00168726,0.0948844,-0.0948621,11.2001,22.6329,-0.0412057,-0.0174245,0.00292357,0.99983,-0.018413,0.000417005,-0.000771741,-4.60784,-3.58433,0.672251,0.0868279,0.268579,-0.981101,-0.00176992,0.091386,-0.0930422
11.2001,0.999827,-0.0185808,0.000445121,-0.000749226,-0.0549227,0.00418825,0.00108925,0.0868822,0.26924,-0.982626,-0.00105141,0.0954194,-0.0930962,11.2201,23.7241,-0.0369869,0.0130914,0.0291152,0.999822,-0.0188553,0.000466366,-0.000744048,-3.68893,2.41508,6.01721,0.0868717,0.270194,-0.983557,-0.00114407,0.0916685,-0.0959138
11.2201,0.999805,-0.0197307,0.000574532,-0.000737306,-0.0555888,0.00977999,-0.000641828,0.0870888,0.273189,-0.989043,0.00115179,0.092285,-0.0884024,11.2401,22.8164,-0.0354122,0.00187142,-0.00327066,0.999799,-0.0200086,0.000623564,-0.00074132,-3.13731,0.267012,-0.503257,0.0871004,0.274111,-0.989927,0.00103742,0.0884545,-0.0873513
11.2401,0.999785,-0.0207194,0.000807599,-0.000748651,-0.0292235,0.0112448,0.000822916,0.0874119,0.27747,-0.996028,0.00253312,0.0762344,-0.0821126,11.2601,25.3428,-0.0464372,0.0144474,-0.0251942,0.999782,-0.0208654,0.000864006,-0.000745584,-5.14588,2.82483,-4.83569,0.0874373,0.278232,-0.99685,0.00235562,0.0717667,-0.091795
11.2601,0.999783,-0.0208265,0.000846752,-0.000749256,-0.0268266,0.00991315,2.40807e-05,0.0874636,0.27809,-0.997119,0.00219485,0.0721289,-0.0810324,11.2801,23.7742,-0.0575583,0.0199026,-0.0107113,0.99978,-0.0209606,0.00089641,-0.000750054,-7.353,3.84634,-1.91883,0.0874855,0.278811,-0.997929,0.00202041,0.067916,-0.0840447
11.2801,0.999778,-0.021041,0.00094033,-0.000747467,-0.0144429,0.00725003,0.000822975,0.0875937,0.279748,-1.00026,0.000834117,0.0600333,-0.0776198,11.3001,22.2373,-0.0396225,-0.00363755,0.0216831,0.999776,-0.0211131,0.000976713,-0.000744048,-3.72241,-1.01254,4.46236,0.087602,0.280349,-1.00104,0.000653219,0.0560523,-0.0740962
11.3001,0.99978,-0.0209525,0.00106892,-0.000752863,0.0173819,0.00658423,0.000423459,0.0877157,0.281861,-1.00513,-0.00150842,0.0399338,-0.0729348,11.3201,25.2955,-0.0397759,0.00268375,0.00647941,0.999781,-0.0208656,0.00110181,-0.000751529,-3.76813,0.289754,1.44888,0.0877006,0.282261,-1.00586,-0.00174189,0.0354243,-0.082414
11.3201,0.999787,-0.0205959,0.00110392,-0.000747232,0.0317629,0.000725348,0.000556637,0.0877336,0.28274,-1.00783,-0.00306325,0.0286967,-0.0701388,11.3401,23.0161,-0.0229366,0.0120364,-0.00857219,0.99979,-0.0204371,0.00110749,-0.000744699,-0.468613,2.21792,-1.52014,0.0877029,0.283027,-1.00853,-0.00328246,0.0246634,-0.06993
11.3401,0.999794,-0.0202695,0.00109132,-0.000765211,0.0418829,-0.00113886,-0.00383749,0.0877289,0.283115,-1.00968,-0.00452435,0.0219616,-0.0683115,11.3601,22.6248,-0.0394188,0.0183555,0.0328537,0.999798,-0.0200601,0.00108508,-0.000784508,-3.84424,3.31291,6.7882,0.0876836,0.283334,-1.01036,-0.00473743,0.0180597,-0.0664413
11.3601,0.999805,-0.019721,0.0010786,-0.000774793,0.0480043,-0.00247151,-0.000508671,0.0876889,0.283414,-1.0125,-0.0067174,0.0150851,-0.0664753,11.3801,21.1135,-0.0327602,0.00561789,-0.010733,0.999809,-0.0194811,0.00106601,-0.000777351,-2.60752,0.944937,-1.97617,0.0876217,0.283565,-1.01317,-0.00691392,0.0115422,-0.0581833
11.3801,0.999832,-0.018291,0.00088574,-0.000773397,0.049469,-0.0101945,0.00175523,0.0873989,0.283824,-1.01853,-0.0101954,0.0130651,-0.062014,11.4001,21.6663,-0.0315591,-0.0159086,0.00247808,0.999837,-0.0180437,0.000834745,-0.000763909,-2.65283,-3.37225,0.586399,0.0872969,0.283955,-1.01915,-0.0103613,0.00969307,-0.0560825
11.4001,0.999836,-0.0180871,0.000856769,-0.000766544,0.0512001,-0.00713192,0.00162182,0.0873408,0.283892,-1.01934,-0.0103848,0.0139722,-0.0611121,11.4201,20.9966,-0.0413257,-0.00945454,-0.0209163,0.99984,-0.0178311,0.000821066,-0.000758011,-4.64538,-1.9926,-4.07057,0.0872369,0.284032,-1.01995,-0.0105403,0.0107407,-0.0523344
11.4201,0.999842,-0.0177427,0.000799392,-0.000755992,0.0412132,-0.0065992,-0.000375526,0.0872348,0.284012,-1.02099,-0.0109075,0.016247,-0.0599228,11.4401,28.0542,-0.0185652,-0.0235516,0.0331401,0.999846,-0.0175366,0.000766212,-0.000757449,-0.169208,-4.98984,6.69161,0.0871257,0.284175,-1.02159,-0.0111015,0.0120116,-0.0811607
11.4401,0.999855,-0.0170265,0.000563734,-0.000741352,0.0107177,-0.0108614,0.000290253,0.0868946,0.284858,-1.02668,-0.010114,0.0340309,-0.0576099,11.4601,26.6036,-0.0252164,-0.0116111,-0.0132126,0.999856,-0.0169729,0.000509419,-0.000739007,-1.63565,-2.39337,-2.53627,0.0867935,0.285199,-1.02726,-0.0102445,0.0301765,-0.0726847
11.4601,0.999855,-0.0169972,0.000486506,-0.000733392,0.00113029,-0.0107283,0.00135554,0.0868024,0.285312,-1.0282,-0.00952028,0.0401652,-0.0572733,11.4801,23.0056,-0.0481682,-0.0119716,0.00381708,0.999855,-0.0169916,0.000432984,-0.000725706,-6.23564,-2.5113,0.864579,0.0867072,0.285714,-1.02878,-0.00961796,0.0368378,-0.0570462
11.4801,0.999855,-0.0170062,0.000442966,-0.000739438,-0.00193237,-0.0107283,-0.00170707,0.0867579,0.285579,-1.02895,-0.00923572,0.0434498,-0.056869,11.5001,16.6312,-0.0274637,0.00993106,0.0102918,0.999855,-0.0170159,0.000389194,-0.000747055,-2.09473,1.85828,2.23728,0.0866655,0.286014,-1.02952,-0.00930019,0.0410431,-0.0295327
11.5001,0.999854,-0.0170848,0.000395748,-0.00076177,-0.0112534,-0.00340456,-0.00357135,0.0866789,0.286189,-1.0304,-0.0077947,0.0491138,-0.0566475,11.5201,23.5147,-0.0267614,-0.00939788,-0.00643139,0.999853,-0.0171411,0.000378466,-0.000779311,-1.93403,-1.94054,-1.16799,0.0866009,0.28668,-1.03097,-0.00787649,0.0456953,-0.0585849
11.5201,0.999845,-0.0176021,0.000429988,-0.000770534,-0.0370861,0.0024543,0.000689874,0.0866074,0.288083,-1.03387,-0.00229147,0.0606004,-0.0551105,11.5401,21.7958,-0.0362656,0.0170669,-0.00544459,0.999841,-0.0177875,0.000442461,-0.000767221,-3.73662,3.34045,-0.877702,0.0865844,0.288689,-1.03442,-0.00237374,0.0573359,-0.0497344
11.5401,0.99983,-0.0184044,0.000418217,-0.000774374,-0.0406833,0.000721594,-0.00117433,0.086766,0.290274,-1.03739,-0.000332945,0.0666345,-0.0534982,11.5601,23.7548,-0.0504619,-0.000119399,0.0179765,0.999826,-0.0186078,0.000421874,-0.000780226,-6.41654,-0.18149,3.74487,0.0867627,0.29094,-1.03792,-0.000420362,0.0629144,-0.0564473
11.5601,0.999827,-0.0185716,0.000440777,-0.000771791,-0.0414822,0.00578156,0.000689745,0.0868134,0.290721,-1.0381,0.000146643,0.0668427,-0.0532733,11.5801,23.3901,-0.0383058,0.0153906,0.0258579,0.999823,-0.018779,0.000469904,-0.000768788,-3.95458,2.8875,5.37881,0.0868149,0.29139,-1.03863,5.60617e-05,0.0631465,-0.0546703
11.5801,0.99982,-0.0189357,0.000526734,-0.000780156,-0.0460096,0.0115073,-0.00184012,0.0869201,0.291613,-1.03948,0.00155489,0.0654977,-0.0526822,11.6001,22.0592,-0.0502653,0.00498993,0.00238391,0.999816,-0.0191656,0.000584265,-0.000790324,-6.26999,0.875608,0.646302,0.0869356,0.292268,-1.04001,0.00145325,0.0619434,-0.0484175
11.6001,0.999804,-0.0197546,0.000785714,-0.000797936,-0.0325636,0.00857575,-0.00184,0.0874289,0.293466,-1.04341,0.00471613,0.0573368,-0.0509049,11.6201,24.833,-0.02904,-0.0199311,-0.00740274,0.999801,-0.0199174,0.000828533,-0.000807854,-1.85416,-4.11794,-1.40401,0.0874761,0.29404,-1.04391,0.00454677,0.0531627,-0.058428
11.6201,0.999797,-0.0201317,0.000858377,-0.000771033,-0.0181831,0.004447,0.00215466,0.0878772,0.294623,-1.04655,0.00279842,0.0457558,-0.0496058,11.6401,22.7905,-0.0389217,0.0118919,-0.00900884,0.999795,-0.0202226,0.000880894,-0.000760632,-3.7602,2.23653,-1.60603,0.0879052,0.295081,-1.04704,0.00262895,0.0418519,-0.0484415
11.6401,0.999795,-0.0201852,0.000899962,-0.000774126,-0.0129899,0.0107055,-0.000641695,0.0879739,0.294853,-1.04731,0.00207155,0.0424544,-0.0491583,11.6601,25.744,-0.0381384,0.0130957,0.0155605,0.999794,-0.0202501,0.000953464,-0.000778356,-3.59768,2.36992,3.31226,0.0879946,0.295278,-1.04781,0.00187099,0.038033,-0.0605513
11.6601,0.999794,-0.0202459,0.00107315,-0.000785016,-0.000339941,0.0133686,-0.00223951,0.0882381,0.295399,-1.04953,0.00160868,0.03253,-0.0475676,11.6801,24.8021,-0.0384163,0.0230995,-0.0154838,0.999794,-0.0202476,0.00113976,-0.000797563,-3.63734,4.46102,-2.85387,0.0882542,0.295724,-1.05001,0.00137885,0.0282575,-0.0549554
11.6801,0.999799,-0.0200206,0.00120404,-0.00079044,0.0221638,0.00378127,0.000157336,0.0886318,0.295823,-1.05296,0.00075256,0.0164639,-0.0451763,11.7001,22.793,-0.0501383,0.00676876,0.00177568,0.999801,-0.0199098,0.00122287,-0.000790166,-6.02817,1.09768,0.528151,0.0886393,0.295988,-1.05341,0.000515974,0.0125812,-0.0440235
11.7001,0.999808,-0.0195427,0.00118045,-0.000795629,0.0342812,-0.000879315,-0.000907889,0.0888368,0.295759,-1.05547,-0.00315977,0.0050416,-0.0430276,11.7201,24.1871,-0.0271241,-0.00923676,-0.0296493,0.999811,-0.0193714,0.00117583,-0.000800284,-1.51009,-1.97147,-5.81213,0.0888052,0.29581,-1.0559,-0.00340592,0.00101973,-0.0478063
11.7201,0.999811,-0.0194095,0.0011737,-0.000795343,0.0336154,-0.00141194,2.42014e-05,0.0888632,0.295693,-1.05606,-0.00420362,0.00267836,-0.0424129,11.7401,23.1309,-0.0472545,0.00840652,0.028901,0.999814,-0.0192414,0.00116651,-0.000795282,-5.58143,1.32658,5.95969,0.0888212,0.29572,-1.05649,-0.00443767,-0.00114165,-0.0427013
11.7401,0.999816,-0.0191023,0.00119217,-0.00079759,0.0404065,0.00351485,0.000823084,0.0888948,0.29552,-1.05722,-0.00514223,-0.000516693,-0.0416074,11.7601,23.2318,-0.0128619,-0.00419253,-0.0299699,0.99982,-0.0189003,0.00120966,-0.000794052,1.25431,-0.964296,-5.85248,0.0888434,0.295515,-1.05764,-0.00538091,-0.00429267,-0.042327
11.7601,0.999834,-0.0181926,0.0011393,-0.000795265,0.0482628,-0.00913508,-0.000242215,0.0889219,0.294961,-1.05993,-0.00630963,-0.00424105,-0.0397223,11.7801,25.6653,-0.0359824,-0.0116824,-0.0139941,0.999838,-0.0179514,0.00109342,-0.00079592,-3.55467,-2.51873,-2.69002,0.0888588,0.294919,-1.06033,-0.0065616,-0.00821397,-0.0507975
11.7801,0.999845,-0.017567,0.000960125,-0.000785153,0.0361466,-0.0117996,0.00148905,0.0889165,0.294586,-1.0622,-0.00914889,-0.0015108,-0.0382296,11.8001,24.585,-0.0339021,-0.000748278,-0.00721592,0.999848,-0.0173863,0.000901125,-0.000776846,-3.26658,-0.321599,-1.29509,0.088825,0.294571,-1.06259,-0.00935264,-0.00518569,-0.0447156
11.8001,0.999847,-0.0174255,0.000931138,-0.000782317,0.0354808,-0.00700589,0.00055709,0.0889037,0.294522,-1.06277,-0.00957404,0.000229974,-0.0380304,11.8201,24.244,-0.0262772,0.00219999,-0.0321453,0.999851,-0.0172482,0.000896024,-0.000779087,-1.76691,0.361649,-6.26887,0.088808,0.294524,-1.06315,-0.00976895,-0.00336477,-0.043067
11.8201,0.999854,-0.0170733,0.000900108,-0.000787545,0.0284234,-0.00381009,-0.00130735,0.0888493,0.294423,-1.0644,-0.00906176,0.00594475,-0.0373376,11.8401,24.1306,-0.0223183,0.00412487,-0.0214123,0.999856,-0.0169312,0.000880837,-0.000793883,-1.04682,0.714458,-4.11427,0.0887587,0.294482,-1.06478,-0.00924935,0.00243913,-0.0418945
11.8401,0.999859,-0.0167606,0.000736834,-0.000792107,0.00325657,-0.00940277,-0.000108931,0.0888207,0.294668,-1.06706,-0.00787959,0.017623,-0.0366466,11.8601,24.1603,-0.0470273,-0.00290218,-0.0171633,0.999859,-0.0167443,0.000689805,-0.000791876,-6.05324,-0.677616,-3.29043,0.0887419,0.294844,-1.06743,-0.00803381,0.0141773,-0.0413318
11.8601,0.999857,-0.0168646,0.000613419,-0.000778578,-0.0119197,-0.00368,0.00135597,0.0889183,0.295417,-1.06954,-0.00750044,0.0293524,-0.0363067,11.8801,20.0683,-0.0252713,0.01871,0.0140579,0.999856,-0.0169242,0.000595182,-0.000771452,-1.68726,3.56745,3.02687,0.0888433,0.29571,-1.06991,-0.00760744,0.0264725,-0.0235885
11.8801,0.999856,-0.0169152,0.000602972,-0.000775776,-0.0128518,-0.00234842,0.000557122,0.088952,0.295673,-1.07019,-0.00687495,0.0320031,-0.0362048,11.9001,20.6133,-0.0333625,-0.0130831,-0.025466,0.999855,-0.0169794,0.000591329,-0.000772754,-3.28668,-2.65584,-4.98562,0.0888833,0.295993,-1.07055,-0.00698302,0.0290361,-0.0258045
11.9001,0.999854,-0.0170397,0.000601576,-0.000756119,-0.0152486,0.000714193,0.00268762,0.0890269,0.296241,-1.07144,-0.00556375,0.0361932,-0.0361783,11.9201,22.88,-0.0536655,0.00465335,0.0098587,0.999853,-0.017116,0.000605433,-0.000742697,-7.3306,0.768524,2.13206,0.0889713,0.296603,-1.0718,-0.00568338,0.0328757,-0.0354171
11.9201,0.999844,-0.0176431,0.000587538,-0.000735186,-0.0398829,-0.00221529,0.000823416,0.0892748,0.297895,-1.07441,-0.00266859,0.0436678,-0.0360655,11.9401,25.2947,-0.0269411,0.00567985,0.00631398,0.99984,-0.0178425,0.000576683,-0.000730757,-1.86173,0.992062,1.42649,0.0892481,0.298332,-1.07477,-0.00279785,0.0398704,-0.0455691
11.9401,0.999833,-0.0182561,0.000617268,-0.000726053,-0.0354877,0.00697159,0.00428555,0.0895396,0.299435,-1.07694,-0.00227682,0.04652,-0.0354207,11.9601,22.1387,-0.0367736,0.00766717,-0.00895688,0.99983,-0.0184335,0.00065264,-0.000705156,-3.70501,1.43711,-1.62244,0.0895168,0.2999,-1.07729,-0.0023956,0.043081,-0.0314986
11.9601,0.99983,-0.0184086,0.000654343,-0.000723473,-0.0384171,0.0095015,0.000690356,0.0896085,0.299829,-1.07757,-0.00173203,0.0461372,-0.0353784,11.9801,25.6288,-0.0572012,-0.0220688,0.0491247,0.999826,-0.0186006,0.000702045,-0.00072077,-7.77121,-4.733,9.87921,0.0895912,0.30029,-1.07792,-0.00187764,0.0421228,-0.0462965
11.9801,0.999819,-0.0189773,0.000746734,-0.000720189,-0.0329576,0.00524061,-0.000508075,0.0899113,0.30133,-1.07999,0.000199491,0.0412188,-0.0346927,12.0001,21.1126,-0.0437326,0.0042212,0.0058101,0.999816,-0.019142,0.000773003,-0.000723103,-4.95469,0.666417,1.31531,0.0899133,0.301742,-1.08034,6.28856e-05,0.0378097,-0.0264022
12.0001,0.999808,-0.0195546,0.000851949,-0.000721776,-0.0156471,0.00577311,-0.00157336,0.0903377,0.303143,-1.08331,-0.000439468,0.0284388,-0.033051,12.0201,19.728,-0.0253758,0.0121285,0.0183609,0.999807,-0.0196328,0.000880712,-0.000730139,-1.17035,2.17941,3.85891,0.0903333,0.303428,-1.08364,-0.000584851,0.0251563,-0.0188693
12.0201,0.999806,-0.0196492,0.000903603,-0.000716185,-0.00352971,0.00550684,0.00122296,0.0905065,0.303787,-1.08482,-0.000988062,0.0202481,-0.0318689,12.0401,23.3387,-0.0361982,-0.000151564,0.00792537,0.999806,-0.0196668,0.000931265,-0.000710597,-3.31251,-0.247323,1.72084,0.0904966,0.303989,-1.08514,-0.0011703,0.0163461,-0.0330394
12.0401,0.999806,-0.019658,0.000928247,-0.000708824,-0.00246447,0.00630576,0.00188878,0.0905584,0.303956,-1.08531,-0.0011409,0.0174061,-0.0315883,12.0601,26.1509,-0.0356684,-0.0153705,-0.0103532,0.999806,-0.0196703,0.000959964,-0.00069999,-3.19976,-3.22346,-1.99556,0.090547,0.30413,-1.08562,-0.00135055,0.013032,-0.0447162
12.0601,0.999809,-0.019518,0.00100487,-0.000716951,0.0165762,0.00337547,-0.000774447,0.0907924,0.304341,-1.08768,-0.00175985,0.00608236,-0.0307141,12.0801,26.0305,-0.0307676,0.0096346,0.0172404,0.99981,-0.0194351,0.00102161,-0.000721235,-2.25621,1.6539,3.62221,0.0907748,0.304402,-1.08799,-0.00198552,0.00175941,-0.0433309
12.0801,0.999819,-0.0189897,0.000937895,-0.000714499,0.0309573,-0.00141825,0.000690431,0.0909837,0.304346,-1.09039,-0.00455878,-0.00552537,-0.0293724,12.1001,21.4309,-0.035429,0.00877529,0.0489332,0.999822,-0.018835,0.00093076,-0.000711058,-3.30408,1.37629,9.95443,0.0909381,0.304291,-1.09069,-0.00473228,-0.00898817,-0.0224354
12.1001,0.999824,-0.0187219,0.000947658,-0.000704216,0.0330878,0.00111186,0.000690325,0.091014,0.30424,-1.0914,-0.00550496,-0.00815983,-0.0290889,12.1201,20.5992,-0.031892,0.0130556,0.0231129,0.999827,-0.0185565,0.000953165,-0.000701026,-2.64234,2.33013,4.80542,0.0909589,0.304159,-1.09169,-0.00567338,-0.0114413,-0.018617
12.1201,0.999826,-0.0185961,0.000954036,-0.000706833,0.0313567,0.00177753,-0.000641224,0.0910237,0.304174,-1.09189,-0.00561635,-0.00926757,-0.0286136,12.1401,24.1076,-0.0170296,-0.00513523,-0.0124331,0.999829,-0.0184393,0.000962751,-0.000710353,0.316116,-1.17381,-2.3672,0.0909675,0.304081,-1.09218,-0.00581475,-0.0130821,-0.0330614
12.1401,0.999839,-0.0178832,0.000935192,-0.000713349,0.0333541,-0.00368192,-0.000508062,0.0910547,0.303779,-1.09419,-0.00556218,-0.0100788,-0.0271132,12.1601,20.3357,-0.0269247,-0.00718472,0.00970613,0.999842,-0.0177164,0.000916621,-0.000715715,-1.80978,-1.66228,2.05283,0.0909991,0.303678,-1.09446,-0.00572621,-0.0131732,-0.0155261
12.1601,0.99985,-0.0172968,0.000868773,-0.000703254,0.0236345,-0.000753777,-0.000108583,0.091114,0.303533,-1.097,-0.00727876,-0.00572358,-0.0266549,12.1801,24.6295,-0.0234932,0.0212362,-0.00200915,0.999852,-0.0171787,0.000864913,-0.000703834,-1.24295,4.07652,-0.191758,0.0910412,0.303475,-1.09727,-0.00746339,-0.00934853,-0.0333318
12.1801,0.999853,-0.0171374,0.000863876,-0.000683561,0.0184414,-0.00155269,0.00255459,0.0911122,0.303504,-1.09805,-0.00743415,-0.00172697,-0.0266048,12.2001,23.7525,-0.0285172,-4.65196e-05,0.0127279,0.999854,-0.0170452,0.000856269,-0.000670737,-2.27898,-0.229575,2.67681,0.0910378,0.303487,-1.09832,-0.00761112,-0.00519064,-0.0295531
12.2001,0.999854,-0.0170681,0.000849722,-0.000675114,0.017243,-0.00341693,0.00202194,0.0911101,0.303514,-1.09857,-0.00710718,0.000364489,-0.0266062,12.2201,22.3889,-0.0345036,0.0108979,0.00200635,0.999855,-0.0169819,0.000832754,-0.000664787,-3.49014,1.99783,0.567553,0.091039,0.303518,-1.09883,-0.00727126,-0.00288714,-0.0237558
12.2201,0.999856,-0.0169398,0.000745005,-0.000663393,-0.00379603,-0.00155272,0.00188878,0.091104,0.303927,-1.10146,-0.00545233,0.0133851,-0.0257665,12.2401,20.0189,-0.0299294,0.0092508,-0.0031167,0.999856,-0.0169588,0.000737415,-0.000653805,-2.5995,1.7075,-0.463709,0.0910495,0.304061,-1.10172,-0.00558115,0.0104995,-0.0128378
12.2401,0.999851,-0.017241,0.000721331,-0.00064671,-0.0207071,-0.00301748,0.000690382,0.0911442,0.304751,-1.10361,-0.00363404,0.0245208,-0.0245446,12.2601,26.5461,-0.0439576,0.0214286,0.0316248,0.999849,-0.0173445,0.000706373,-0.000642924,-5.3552,4.02611,6.52089,0.0911079,0.304996,-1.10386,-0.0037995,0.0206263,-0.0393729
12.2601,0.999847,-0.0174499,0.000726237,-0.00065527,-0.0277645,0.000444629,-0.00144005,0.0911717,0.305192,-1.10441,-0.00292306,0.0275799,-0.0244263,12.2801,22.4227,-0.0282907,0.0135923,0.00171557,0.999845,-0.0175887,0.000728426,-0.000662407,-2.17104,2.56312,0.517423,0.0911425,0.305468,-1.10466,-0.00306381,0.0242505,-0.0217173
12.2801,0.999845,-0.0175624,0.000720718,-0.000660212,-0.0281639,-0.00128635,-0.00130703,0.0911862,0.305429,-1.10481,-0.00277486,0.0287577,-0.0244067,12.3001,21.084,-0.0243138,-0.00934217,-0.0249896,0.999843,-0.0177032,0.000714266,-0.000666531,-1.34699,-1.9277,-4.90145,0.0911585,0.305717,-1.10505,-0.00290625,0.0256069,-0.016004
12.3001,0.999837,-0.0180417,0.000759288,-0.000665629,-0.0309603,0.00297463,0.000690441,0.0912613,0.306434,-1.10629,-0.00112728,0.030858,-0.0237734,12.3201,22.0253,-0.0168445,-0.0105092,-0.0235059,0.999834,-0.0181964,0.000774324,-0.000662328,0.243234,-2.17075,-4.60779,0.09125,0.306743,-1.10653,-0.00127184,0.0274767,-0.0193706
12.3201,0.999824,-0.0187429,0.000829285,-0.000686864,-0.035355,0.00510257,-0.00263843,0.0915374,0.307665,-1.1085,0.000446021,0.0289866,-0.0225454,12.3401,24.9375,-0.0393458,0.0117959,-0.013099,0.99982,-0.0189197,0.000854667,-0.000700386,-4.12212,2.23663,-2.4443,0.0915418,0.307955,-1.10872,0.000267317,0.0250095,-0.0305211
12.3401,0.999822,-0.0188497,0.000855847,-0.000691671,-0.0266997,0.00683367,-0.00117378,0.0916097,0.307892,-1.10897,0.000485972,0.0279813,-0.0223502,12.3601,23.7944,-0.0288397,-0.00584743,-0.0126768,0.999819,-0.0189832,0.000889991,-0.000698068,-1.99592,-1.29661,-2.42358,0.0916146,0.308172,-1.1092,0.000310049,0.0241649,-0.0254643
12.3601,0.99982,-0.0189506,0.000883542,-0.00069331,-0.025235,0.00709994,-0.000374679,0.0916816,0.30811,-1.10944,0.000767865,0.0265201,-0.0222567,12.3801,18.9685,-0.0158707,0.00648037,-0.0120825,0.999817,-0.0190768,0.000919087,-0.000695744,0.616957,1.16276,-2.25567,0.0916893,0.308375,-1.10967,0.000623136,0.0234615,-0.00484913
12.3801,0.99981,-0.0194666,0.00106019,-0.000692261,-0.00726052,0.00696514,0.0018889,0.0922588,0.30904,-1.11293,-0.000126531,0.0101671,-0.0204152,12.4001,25.3173,-0.0302554,0.00222512,0.00867361,0.999809,-0.0195029,0.00109521,-0.000683458,-2.16068,0.194985,1.87506,0.0922576,0.309141,-1.11313,-0.000357826,0.00597363,-0.0300002
12.4001,0.999809,-0.0194772,0.00113756,-0.000689773,0.00419108,0.00616616,0.00108996,0.0924802,0.309097,-1.11441,-0.000964072,0.00199861,-0.0200726,12.4201,18.6326,-0.0125988,0.0166687,-0.0130683,0.99981,-0.0194563,0.00116848,-0.000684949,1.37566,3.15481,-2.41316,0.0924706,0.309117,-1.11461,-0.00114656,-0.00108929,-0.00123348
12.4201,0.99981,-0.0194338,0.00114782,-0.000692785,0.0109821,0.00283725,-0.000774265,0.0925439,0.309072,-1.11489,-0.00165868,-0.00103255,-0.019738,12.4401,20.3351,-0.0438035,-0.00207153,-0.0118918,0.999811,-0.0193789,0.00116189,-0.000696994,-4.87328,-0.603595,-2.25748,0.0925273,0.309062,-1.11508,-0.00185962,-0.00439507,-0.00813829
12.4401,0.999813,-0.0192914,0.00117631,-0.000698503,0.0193711,0.00403565,-0.000507987,0.092651,0.308954,-1.1158,-0.00283865,-0.00674141,-0.019183,12.4601,23.2195,-0.0247601,-0.0025412,-0.0278391,0.999815,-0.0191946,0.00119636,-0.000701546,-1.0886,-0.639411,-5.44274,0.0926227,0.308886,-1.11599,-0.00307372,-0.0105528,-0.0198489
12.4601,0.999823,-0.0187956,0.00113175,-0.000711066,0.031089,-0.00541859,0.000290987,0.0927994,0.308311,-1.11791,-0.00646398,-0.017687,-0.018586,12.4801,23.5534,-0.0233653,-0.00205034,-0.0254527,0.999825,-0.0186402,0.00110458,-0.000709278,-0.909301,-0.543948,-4.96044,0.0927347,0.308134,-1.11809,-0.00669348,-0.0214538,-0.0206758
12.4801,0.999838,-0.0179429,0.00105908,-0.00069926,0.0394751,-0.00621887,0.000823469,0.0928294,0.306981,-1.12075,-0.009536,-0.0228772,-0.0176405,12.5001,21.9458,-0.0327284,0.00965112,-0.0292413,0.999842,-0.0177455,0.00102792,-0.000694794,-2.95483,1.81849,-5.67979,0.092734,0.306752,-1.12093,-0.00973612,-0.0262277,-0.0129001
12.5001,0.999841,-0.017785,0.00102079,-0.000695693,0.0397415,-0.00928142,0.000690373,0.0928231,0.306729,-1.12124,-0.010068,-0.023084,-0.0176982,12.5201,21.4566,-0.0113121,-0.0316102,-0.0190683,0.999845,-0.0175863,0.000974318,-0.000691619,1.30057,-6.45891,-3.78869,0.0927224,0.306498,-1.12142,-0.0102566,-0.026331,-0.0108784
12.5201,0.999844,-0.01765,0.000974929,-0.000701566,0.0340156,-0.0111457,-0.00170644,0.0928105,0.306477,-1.12172,-0.0106092,-0.023134,-0.017902,12.5401,20.2688,-0.0164067,0.00636512,-0.0195189,0.999847,-0.01748,0.000918939,-0.000709279,0.250868,1.14447,-3.74361,0.0927044,0.306246,-1.1219,-0.0107795,-0.0261781,-0.00603199
12.5401,0.999854,-0.0170505,0.00076065,-0.000691789,0.0296211,-0.00715206,0.00242147,0.0927188,0.305286,-1.12443,-0.0126405,-0.0183453,-0.0172451,12.5601,24.4481,-0.017337,0.0264972,-0.00340707,0.999857,-0.0169025,0.000724999,-0.000679186,-0.0616721,5.15578,-0.455255,0.0925924,0.305103,-1.1246,-0.0128012,-0.0218923,-0.0231523
12.5601,0.999861,-0.0166402,0.000581778,-0.000651457,0.00858216,-0.00648623,0.00148931,0.0925853,0.304275,-1.12763,-0.0108751,-0.00736716,-0.016004,12.5801,20.8031,-0.0268047,0.0084508,-0.00715024,0.999862,-0.0165973,0.000549448,-0.000643497,-2.03382,1.59389,-1.27457,0.0924766,0.304202,-1.12779,-0.01098,-0.0103128,-0.00641201
12.5801,0.999861,-0.016625,0.000529179,-0.000655626,0.00405476,-0.0128778,-0.00130707,0.0925663,0.304167,-1.12812,-0.0106143,-0.00499802,-0.015688,12.6001,21.8728,-0.0403574,-0.00125243,-0.0313781,0.999862,-0.0166047,0.000464677,-0.000661101,-4.74624,-0.257233,-6.15208,0.0924602,0.304117,-1.12828,-0.0107148,-0.00809229,-0.0106459
12.6001,0.999862,-0.0166203,0.000489934,-0.000659486,0.00139158,-0.0095489,-0.00117382,0.0925475,0.304079,-1.1286,-0.0103437,-0.00281614,-0.0155738,12.6201,21.4113,-0.00804011,-0.000883486,0.0185736,0.999862,-0.0166134,0.000442094,-0.000664564,1.71388,-0.337446,3.84236,0.0924441,0.30405,-1.12875,-0.010435,-0.00584428,-0.00856883
12.6201,0.999859,-0.0167822,0.000419253,-0.000655864,-0.0136553,-0.000360996,0.00202196,0.0924807,0.303906,-1.13083,-0.00797096,0.00764298,-0.0146102,12.6401,23.1628,-0.0494666,-0.0167948,-0.0345739,0.999858,-0.0168505,0.000417663,-0.000645697,-6.53696,-3.33277,-6.84317,0.092401,0.303982,-1.13098,-0.00805576,0.00433521,-0.0150535
12.6401,0.999853,-0.0171332,0.000442705,-0.000639568,-0.0235079,0.00176786,0.00135614,0.0925876,0.30412,-1.1329,-0.00448947,0.0147844,-0.0137229,12.6601,21.8862,-0.035003,0.00962785,0.0146975,0.999851,-0.0172507,0.000451735,-0.000632888,-3.5781,1.78192,3.09685,0.0925427,0.304268,-1.13304,-0.00457396,0.0115936,-0.00873425
12.6601,0.999851,-0.0172404,0.000449811,-0.000643071,-0.0267037,0.00203422,-0.000907497,0.0926311,0.304212,-1.13342,-0.00398139,0.0162315,-0.0134978,12.6801,21.8145,-0.0250004,0.00177688,0.0208947,0.999849,-0.0173739,0.000459988,-0.000647723,-1.55521,0.190113,4.3108,0.0925913,0.304375,-1.13356,-0.00406695,0.0130313,-0.00820353
12.6801,0.999847,-0.0174942,0.000470825,-0.000633149,-0.0338942,0.00269996,0.00175562,0.0927203,0.304425,-1.13444,-0.00363769,0.0179447,-0.0130507,12.7001,25.3153,-0.0348424,0.00732489,-0.0152852,0.999844,-0.0176636,0.000484584,-0.000624529,-3.47069,1.41967,-2.9076,0.092684,0.304605,-1.13457,-0.0037415,0.0141762,-0.0226429
12.7001,0.999834,-0.018182,0.000587561,-0.0006543,-0.032829,0.0066948,-0.000508087,0.0929398,0.305028,-1.13675,-0.00269505,0.0182591,-0.01196,12.7201,22.2418,-0.0563873,0.00405315,-0.00836863,0.999831,-0.0183461,0.00062109,-0.000657352,-7.64468,0.716057,-1.5345,0.0929128,0.305211,-1.13687,-0.00280851,0.014818,-0.00847673
12.7201,0.999826,-0.0186324,0.000672438,-0.000641277,-0.0260379,0.00389835,0.00108981,0.0931046,0.305441,-1.13839,-0.00235618,0.0133255,-0.0104639,12.7401,20.4307,-0.0245498,0.0116994,-0.00834317,0.999824,-0.0187625,0.000692112,-0.000636104,-1.18452,2.23294,-1.49981,0.0930811,0.305575,-1.1385,-0.00247516,0.0100864,0.000723893
12.7401,0.999824,-0.018734,0.000701673,-0.000646847,-0.0253721,0.00749369,-0.00130701,0.093174,0.30553,-1.13895,-0.00220198,0.0117422,-0.0099692,12.7601,21.3676,-0.0308415,0.00755886,-0.0169834,0.999822,-0.0188608,0.000739094,-0.000653993,-2.42146,1.43084,-3.24274,0.093152,0.305647,-1.13905,-0.00233176,0.0083361,-0.00276473
12.7601,0.999818,-0.0190377,0.000786938,-0.000668333,-0.0155176,0.00562773,-0.000241757,0.0934259,0.305747,-1.14102,-0.00282092,0.00436481,-0.00900397,12.7801,24.9431,-0.0436337,0.0134074,-0.00972434,0.999817,-0.0191152,0.000815101,-0.000670016,-4.92204,2.55482,-1.76669,0.0933977,0.305791,-1.14111,-0.00299065,0.000324298,-0.0170014
12.7801,0.999817,-0.0190877,0.000936698,-0.000681746,0.00645347,0.00509511,-0.00303805,0.0936819,0.305541,-1.14369,-0.00457625,-0.0112084,-0.00593169,12.8001,23.7048,-0.0339207,0.00151642,-0.0298297,0.999818,-0.0190555,0.000961857,-0.00069745,-2.96388,0.225175,-5.8291,0.0936361,0.305429,-1.14375,-0.00476782,-0.0150583,-0.00866289
12.8001,0.99982,-0.0189201,0.000956249,-0.000695901,0.0159077,-0.000231255,-0.00117387,0.0937484,0.305149,-1.14484,-0.00614312,-0.018993,-0.00483639,12.8201,19.3769,-0.0222198,-0.0166048,-0.00599822,0.999822,-0.0188406,0.000954926,-0.000701823,-0.657197,-3.49198,-1.12736,0.0936869,0.304959,-1.14488,-0.00630296,-0.0221125,0.0108344
12.8201,0.999822,-0.0188461,0.000954617,-0.000691967,0.0184377,-0.000231225,0.000956722,0.0937569,0.304979,-1.14519,-0.00688353,-0.021263,-0.00462631,12.8401,21.2889,-0.0376902,0.00397016,0.0163446,0.999823,-0.018754,0.000953488,-0.000687251,-3.77434,0.536178,3.41447,0.093688,0.304767,-1.14524,-0.00705883,-0.0246768,0.00291381
12.8401,0.999829,-0.0184506,0.000940544,-0.000671477,0.0314871,0.00083152,0.00162222,0.0938732,0.304143,-1.14762,-0.00946986,-0.0273537,-0.00368551,12.8601,22.3247,-0.0282828,0.00648114,0.00124861,0.999832,-0.0182931,0.000944744,-0.000663592,-1.96814,1.09952,0.402548,0.0937785,0.303869,-1.14766,-0.00965088,-0.0308585,-0.000553035
12.8601,0.999841,-0.0177968,0.000854502,-0.000687168,0.0344165,-0.00875588,0.00148901,0.0939131,0.302895,-1.15043,-0.01072,-0.0319635,-0.00227007,12.8801,18.4829,-0.0211303,0.0165176,-0.00578587,0.999844,-0.0176247,0.000810744,-0.000679092,-0.668652,3.14982,-0.964398,0.0938059,0.302575,-1.15045,-0.0108563,-0.0347624,0.0171955
12.8801,0.999846,-0.017529,0.000763749,-0.000677985,0.033085,-0.0110195,0.000556941,0.0938968,0.302363,-1.15144,-0.0117655,-0.0323283,-0.00207087,12.9001,25.5799,-0.0255042,-0.0136006,-0.035831,0.999849,-0.0173636,0.000708597,-0.000674361,-1.59066,-2.75027,-7.0811,0.0937792,0.302039,-1.15146,-0.0119344,-0.0361437,-0.012788
12.9001,0.999852,-0.0171574,0.000690242,-0.000673841,0.0282913,-0.00422842,0.000823321,0.0938255,0.301578,-1.15287,-0.0127701,-0.0304324,-0.00195975,12.9201,23.3293,-0.0282058,0.0107358,-0.0165605,0.999855,-0.017016,0.000669078,-0.00066946,-2.21004,2.06183,-3.14392,0.0936978,0.301274,-1.15289,-0.0129094,-0.0338384,-0.00310826
12.9201,0.99986,-0.0166885,0.000566024,-0.000665449,0.0161754,-0.00862385,0.000290528,0.0937439,0.30055,-1.15542,-0.0117024,-0.022393,-0.00119601,12.9401,19.4772,-0.0161768,0.00549543,-0.0163291,0.999862,-0.0166076,0.000522881,-0.000663323,0.102976,1.03809,-3.11579,0.0936268,0.300326,-1.15543,-0.0117981,-0.0251588,0.0140352
12.9401,0.999863,-0.0165357,0.000435786,-0.00065214,0.00578913,-0.00596069,-0.00250571,0.093706,0.300047,-1.15745,-0.010716,-0.0136956,-0.00102348,12.9601,23.5297,-0.0377289,-0.000806652,-0.0173449,0.999863,-0.0165068,0.000405761,-0.000664187,-4.23884,-0.196012,-3.34406,0.0935988,0.29991,-1.15746,-0.0108054,-0.0170064,-0.00302846
12.9601,0.999863,-0.0165238,0.00041521,-0.000654332,0.00285965,-0.00489542,-0.000641537,0.093698,0.299963,-1.15792,-0.0102245,-0.0114599,-0.00100134,12.9801,21.8852,-0.0388281,-0.0152166,0.0215828,0.999863,-0.0165095,0.000390674,-0.000657141,-4.46326,-3.20233,4.3933,0.0935958,0.299849,-1.15793,-0.0103038,-0.0145371,0.00398761
12.9801,0.999863,-0.016542,0.000372533,-0.000661346,-0.0039314,-0.00489542,-0.00223944,0.0936852,0.299854,-1.15883,-0.00940794,-0.00638615,-0.000571843,13.0001,20.3653,-0.0134602,0.0121249,-0.00855177,0.999863,-0.0165616,0.000347887,-0.000672129,0.615087,2.37666,-1.53876,0.0935911,0.29979,-1.15883,-0.0094744,-0.0092528,0.0108811
13.0001,0.999858,-0.0168605,0.000363863,-0.000671113,-0.0225735,0.00189564,-0.00144051,0.0937127,0.299892,-1.16086,-0.00541517,0.00385602,0.000284294,13.0201,15.6588,-0.0252046,0.0111183,-0.0235835,0.999856,-0.0169733,0.000373294,-0.000678434,-1.67011,2.22673,-4.54617,0.0936585,0.29993,-1.16086,-0.00546516,0.00160944,0.0317556
13.0201,0.999847,-0.0174485,0.000403729,-0.000693886,-0.0317614,0.00269469,-0.00330474,0.0938452,0.300268,-1.16259,-0.00301421,0.0106556,0.00149139,13.0401,21.4656,-0.021537,-0.00811004,-0.0190254,0.999845,-0.0176073,0.000417023,-0.000710578,-0.815929,-1.63909,-3.69579,0.0938151,0.300374,-1.16258,-0.00309016,0.00746857,0.00827074
13.0401,0.999843,-0.0177065,0.000450614,-0.000681055,-0.0317615,0.0069556,0.00268742,0.093908,0.300473,-1.1632,-0.00220405,0.0115093,0.00223243,13.0601,24.3006,-0.0483355,-0.00179449,-0.0324962,0.99984,-0.0178652,0.000485733,-0.000668164,-6.12714,-0.340456,-6.37274,0.0938859,0.300588,-1.16318,-0.00229972,0.00784799,-0.00304313
13.0601,0.999841,-0.0178384,0.000485404,-0.000683098,-0.033093,0.00881981,-0.000375259,0.0939431,0.300578,-1.16348,-0.00163642,0.0113407,0.00257188,13.0801,16.7468,-0.0358615,0.0164317,-0.0270636,0.999838,-0.0180038,0.000529575,-0.00068568,-3.60718,3.28041,-5.22013,0.0939267,0.300691,-1.16346,-0.00170732,0.00879872,0.0294209
13.0801,0.999829,-0.0184828,0.000673403,-0.000704776,-0.0282993,0.0109504,0.000956318,0.0941536,0.301016,-1.16473,3.14641e-05,0.00643072,0.00491306,13.1001,20.4737,-0.0422908,-0.0110079,-0.0191626,0.999826,-0.0186242,0.000728334,-0.000700912,-4.76024,-2.27098,-3.73733,0.0941539,0.30108,-1.16468,-8.81223e-05,0.00321084,0.015917
13.1001,0.99982,-0.0189222,0.000850474,-0.000698635,-0.0179119,0.0112148,0.000556749,0.0944771,0.301239,-1.16657,-0.000846923,-0.00261666,0.00616749,13.1201,22.5672,-0.0218184,0.0118993,0.00444661,0.999819,-0.0190117,0.000906653,-0.000696837,-0.582089,2.18949,1.07019,0.0944686,0.301213,-1.16651,-0.00101277,-0.0062501,0.00827234
13.1201,0.999819,-0.0189858,0.000895749,-0.000699307,-0.0160477,0.011481,2.4193e-05,0.0945372,0.301238,-1.16694,-0.00110978,-0.00486311,0.00646426,13.1401,19.5092,-0.0212192,0.00206343,0.00871023,0.999817,-0.019066,0.000953202,-0.000700204,-0.448779,0.197452,1.8856,0.0945261,0.301189,-1.16688,-0.00126069,-0.00801477,0.0215727
13.1401,0.999817,-0.0190676,0.00100105,-0.000712038,-0.00113399,0.00908424,0.000157309,0.0946974,0.301111,-1.16797,-0.00156003,-0.0127718,0.00733659,13.1601,18.9338,-0.00591439,-0.0115501,0.0050677,0.999817,-0.0190733,0.00104648,-0.000712112,2.63113,-2.52994,1.1105,0.0946818,0.300983,-1.16789,-0.0017235,-0.0158436,0.0248923
13.1601,0.999821,-0.0188543,0.00109459,-0.000733283,0.015777,0.00468773,-0.0013077,0.095052,0.300438,-1.17077,-0.00411336,-0.0266933,0.00865226,13.1801,19.3222,-0.032682,0.00317008,-0.00993934,0.999823,-0.0187754,0.00111784,-0.000740348,-2.76488,0.44771,-1.83608,0.0950108,0.300171,-1.17068,-0.0042956,-0.0297931,0.0245553
13.1801,0.999824,-0.0187134,0.0011191,-0.000742827,0.0184402,0.00189133,-0.000641972,0.0951523,0.30002,-1.17186,-0.00562253,-0.0309018,0.00939462,13.2001,23.752,-0.0338482,0.0012045,-0.0204191,0.999826,-0.0186213,0.00112843,-0.000746316,-3.02429,0.0884706,-3.93762,0.0950961,0.299711,-1.17177,-0.00585152,-0.0346837,0.00645996
13.2001,0.999825,-0.0186334,0.00112418,-0.000733358,0.0199049,0.00149193,0.00242076,0.0951909,0.299786,-1.17239,-0.00627319,-0.0326438,0.00984452,13.2201,22.6695,-0.0318219,-0.00794782,0.00926035,0.999827,-0.0185339,0.00113179,-0.000721508,-2.63967,-1.85326,1.96162,0.0951282,0.29946,-1.17229,-0.00649268,-0.036238,0.0115123
13.2201,0.999834,-0.0181655,0.00111035,-0.000726454,0.0332207,-0.00130446,0.00268694,0.0952636,0.298728,-1.1743,-0.00912801,-0.0381292,0.0104983,13.2401,21.1319,-0.0206725,-0.012059,0.00848127,0.999837,-0.0179994,0.00110395,-0.000713088,-0.502023,-2.66724,1.79284,0.0951723,0.298347,-1.17419,-0.00933004,-0.0413955,0.0187016
13.2401,0.999847,-0.017439,0.000985299,-0.000720505,0.0345521,-0.0095611,0.000556373,0.0952374,0.297214,-1.17664,-0.011597,-0.0408392,0.0109648,13.2601,20.6053,-0.00861873,-0.0199855,-0.0277248,0.99985,-0.0172663,0.000937425,-0.00071706,1.77049,-4.09806,-5.47144,0.0951214,0.296806,-1.17653,-0.0117719,-0.0438968,0.0214025
13.2601,0.999854,-0.0170696,0.000868068,-0.000701228,0.0286932,-0.00889519,0.00188799,0.0951753,0.296298,-1.17813,-0.0129911,-0.0388476,0.0113355,13.2801,22.7112,-0.0260579,0.00857181,-0.0206965,0.999856,-0.0169262,0.00082366,-0.000691155,-1.79654,1.60752,-3.97373,0.0950454,0.29591,-1.17801,-0.0131612,-0.0421463,0.0128151
13.2801,0.999856,-0.0169584,0.000837799,-0.000701336,0.0277611,-0.00729738,-0.000109484,0.0951444,0.296007,-1.17859,-0.0132755,-0.0374927,0.0113743,13.3001,19.9571,-0.0119828,-0.000653937,0.00981619,0.999858,-0.0168196,0.000801211,-0.000701381,0.993489,-0.333278,2.09898,0.0950117,0.295632,-1.17848,-0.0134198,-0.0403726,0.024566
13.3001,0.999863,-0.0165185,0.00067292,-0.000710074,0.0188395,-0.00822949,-0.00104151,0.0949726,0.294736,-1.18068,-0.0124274,-0.029264,0.011897,13.3201,22.625,-0.0144873,0.00149199,0.0234207,0.999865,-0.0164244,0.000631626,-0.000714665,0.402021,0.0843588,4.82847,0.0948483,0.294444,-1.18056,-0.0125592,-0.0324442,0.0137393
13.3201,0.999866,-0.0163799,0.000489965,-0.000704974,6.42178e-05,-0.00636525,0.000290049,0.0948009,0.293815,-1.18242,-0.0113991,-0.0194575,0.0132675,13.3401,20.9819,-0.0293631,-0.0016434,0.0045113,0.999865,-0.0163796,0.000458166,-0.000703003,-2.59752,-0.445534,1.03485,0.0946869,0.293621,-1.18229,-0.0114887,-0.022382,0.0220972
13.3401,0.999865,-0.0163971,0.000463755,-0.000707718,-0.00432998,-0.00636525,-0.000775235,0.094766,0.29368,-1.18272,-0.0111041,-0.0171628,0.0135345,13.3601,19.8833,-0.0391394,0.0134593,0.00276728,0.999865,-0.0164188,0.000431885,-0.000711062,-4.55239,2.58414,0.735415,0.0946549,0.293508,-1.18259,-0.0111845,-0.0199371,0.0270368
13.3601,0.999862,-0.0165699,0.000449109,-0.000695615,-0.0147163,0.00402105,0.00108901,0.0946452,0.293307,-1.18381,-0.00885781,-0.00908046,0.0145607,13.3801,21.1007,-0.0436419,0.0030826,-0.0105973,0.999861,-0.0166435,0.000469353,-0.000690471,-5.41603,0.555673,-1.97377,0.0945567,0.293216,-1.18366,-0.00894052,-0.0120556,0.0228864
13.3801,0.999855,-0.0170157,0.000435544,-0.00070418,-0.0297614,2.48706e-05,-0.000509134,0.0947184,0.293296,-1.18569,-0.00591611,-0.0023529,0.0154974,13.4001,21.6671,-0.0126159,-0.0173352,-0.0155805,0.999852,-0.0171645,0.000435729,-0.000706663,0.882926,-3.50238,-3.03492,0.0946593,0.293273,-1.18554,-0.00599863,-0.0054901,0.0214168
13.4001,0.999846,-0.017511,0.000469806,-0.000705818,-0.0306895,0.00614768,-0.000775786,0.0949247,0.293631,-1.18771,-0.00574773,0.000172966,0.0157709,13.4201,19.298,-0.0346287,0.00317789,0.00532272,0.999844,-0.0176644,0.00050058,-0.000710162,-3.42558,0.518005,1.2134,0.0948672,0.293633,-1.18755,-0.00582691,-0.00270252,0.0317686
13.4201,0.999844,-0.0176165,0.00049455,-0.000696151,-0.0266947,0.00641395,0.00255327,0.0949795,0.29373,-1.18823,-0.00552354,-0.000117343,0.0160596,13.4401,23.5987,-0.0451451,0.0196158,0.00346577,0.999842,-0.0177499,0.000526933,-0.000683885,-5.51168,3.80517,0.896901,0.0949242,0.293729,-1.18807,-0.00562531,-0.00365482,0.0137683
13.4401,0.999837,-0.0180287,0.000615205,-0.000708458,-0.0274937,0.00801181,-0.0011751,0.095217,0.294067,-1.19013,-0.0032423,-0.00326965,0.0165716,13.4601,22.2445,-0.023893,0.00483102,-0.0106756,0.999835,-0.0181661,0.000655249,-0.00071497,-1.17274,0.878135,-1.97863,0.0951846,0.294034,-1.18996,-0.00336116,-0.00668212,0.020042
13.4601,0.999827,-0.0185827,0.000708735,-0.00070108,-0.014311,0.00295186,0.00188742,0.0955611,0.294234,-1.19245,-0.00407119,-0.0113104,0.0190625,13.4801,21.5757,-0.0310224,-0.0243371,-0.00609774,0.999825,-0.0186542,0.000723717,-0.000691868,-2.48555,-4.99,-1.17399,0.0955204,0.294121,-1.19226,-0.0042037,-0.0147219,0.025381
13.4801,0.999826,-0.0186094,0.00073825,-0.000701127,-0.00698734,0.00761235,0.000156392,0.0956025,0.294215,-1.19277,-0.00439407,-0.01332,0.0192521,13.5001,20.8161,-0.0500507,-0.0032378,0.0353429,0.999826,-0.0186443,0.000776345,-0.000701028,-6.2983,-0.933631,7.18811,0.0955586,0.294081,-1.19258,-0.00452715,-0.0166161,0.028801
13.5001,0.999826,-0.0186222,0.000794996,-0.000710793,-0.0020605,0.00867762,-0.00184095,0.0956731,0.294117,-1.19338,-0.00493823,-0.0179698,0.0200839,13.5201,21.2034,-0.0340134,-0.00831092,-0.000859066,0.999826,-0.0186325,0.000838212,-0.000720795,-3.07802,-1.8225,-0.0660113,0.0956237,0.293938,-1.19318,-0.00508405,-0.0213295,0.027986
13.5201,0.999826,-0.0186115,0.000858854,-0.000705759,0.0018018,0.00774479,0.00175413,0.0957557,0.293959,-1.1942,-0.00522779,-0.0233492,0.0209425,13.5401,23.6561,-0.0321627,-0.0117691,-0.0140515,0.999826,-0.0186025,0.000897728,-0.000697718,-2.7076,-2.47738,-2.71801,0.0957034,0.293725,-1.19399,-0.00540332,-0.0270955,0.0184145
13.5401,0.99983,-0.0184231,0.000894931,-0.000691783,0.0153839,-0.00357369,0.00188734,0.0958775,0.293028,-1.19625,-0.00890652,-0.0339585,0.0226557,13.5601,21.8936,-0.0210657,0.00578932,-0.00307951,0.999831,-0.0183462,0.000877186,-0.000682088,-0.528957,0.987144,-0.459904,0.0957884,0.292688,-1.19602,-0.00907561,-0.0373906,0.0276211
13.5601,0.999835,-0.0181259,0.000882179,-0.000678758,0.0290992,-0.000910562,-0.00104214,0.0958215,0.292379,-1.19705,-0.0117961,-0.0384271,0.024216,13.5801,26.2283,-0.0257848,-0.000181947,-0.0244144,0.999838,-0.0179804,0.000877434,-0.000684014,-1.5289,-0.127784,-4.75155,0.0957035,0.291994,-1.19681,-0.0119957,-0.0424724,0.0107461
13.5801,0.999837,-0.0180089,0.000879969,-0.000671975,0.028966,-0.000377814,0.00175415,0.0957857,0.292135,-1.19728,-0.0125122,-0.0399097,0.0246365,13.6001,20.1432,-0.0227929,-0.0113345,-0.0181931,0.99984,-0.0178641,0.000878141,-0.0006633,-0.953098,-2.38004,-3.5485,0.0956606,0.291736,-1.19704,-0.0126652,-0.0429964,0.0370432
13.6001,0.999845,-0.0175606,0.000786303,-0.000651415,0.025905,-0.00863438,0.00321872,0.0956152,0.291134,-1.19848,-0.0147824,-0.0430152,0.0256834,13.6201,24.2084,-0.0387095,0.025381,0.0050398,0.999848,-0.0174311,0.000743336,-0.000634668,-4.23648,4.89544,1.22112,0.0954674,0.290704,-1.19822,-0.0149467,-0.0466325,0.0207992
13.6201,0.999854,-0.0170506,0.000617036,-0.000631369,0.0263044,-0.00810173,0.000688749,0.0952703,0.289888,-1.19981,-0.0173007,-0.0395018,0.0261343,13.6401,18.8262,-0.0285974,-0.0129143,0.00158912,0.999856,-0.0169191,0.000576508,-0.000627316,-2.30878,-2.7149,0.396464,0.0950973,0.289493,-1.19955,-0.0174013,-0.0422332,0.044136
13.6401,0.999859,-0.0167676,0.000497518,-0.000635165,0.0207118,-0.0100991,-0.000642815,0.0950097,0.289205,-1.20044,-0.0177586,-0.036892,0.0271822,13.6601,20.4845,-0.035685,0.0111785,0.00448508,0.999861,-0.0166641,0.00044691,-0.000637583,-3.78672,2.11632,1.05784,0.0948322,0.288836,-1.20017,-0.0178472,-0.0398147,0.0381298
13.6601,0.999862,-0.0166033,0.000406075,-0.000627514,0.0177823,-0.0119633,0.00188705,0.0948245,0.288779,-1.20079,-0.0180294,-0.0343207,0.0278256,13.6801,19.85,-0.0186598,0.00153046,0.00503463,0.999863,-0.0165144,0.000346368,-0.000617123,-0.412015,0.205785,1.13584,0.0946442,0.288436,-1.20051,-0.0180998,-0.0371252,0.0414707
13.6801,0.999863,-0.01656,0.000361568,-0.000618358,0.0105918,-0.0110312,0.00215339,0.0947288,0.288582,-1.20094,-0.0179738,-0.0327136,0.0281962,13.7001,23.9523,-0.0360335,0.00754265,-0.0327189,0.999864,-0.0165071,0.000306565,-0.000606698,-3.89629,1.53993,-6.39686,0.0945491,0.288255,-1.20066,-0.0180496,-0.0360889,0.0243939
13.7001,0.999863,-0.0165348,0.000164526,-0.000592232,-0.0011228,-0.00557299,0.0013543,0.0943275,0.288034,-1.20212,-0.016814,-0.0215927,0.0286868,13.7201,21.821,-0.011873,-0.00906336,-0.0502092,0.999863,-0.0165404,0.00013678,-0.000585,0.930875,-1.68069,-9.95239,0.0941593,0.287818,-1.20184,-0.0168463,-0.0246629,0.0339487
13.7201,0.999862,-0.0166275,6.12576e-05,-0.000597374,-0.0109765,-0.00810299,-0.000643139,0.0940685,0.287894,-1.20296,-0.0138509,-0.0153384,0.0283082,13.7401,20.6638,-0.0374746,0.00485418,0.000560425,0.999861,-0.0166824,2.07276e-05,-0.000599912,-4.17134,0.95211,0.247211,0.09393,0.287741,-1.20268,-0.0138634,-0.0182622,0.0384922
13.7401,0.999861,-0.016685,3.40025e-05,-0.000609272,-0.0147049,-0.00663825,-0.00303989,0.0940138,0.287881,-1.20314,-0.0132981,-0.0140833,0.0283436,13.7601,20.1016,-0.0350632,0.00460656,-0.00874294,0.999859,-0.0167586,6.07051e-07,-0.000623913,-3.67738,0.939287,-1.61137,0.0938808,0.28774,-1.20286,-0.0133057,-0.0169374,0.0409189
13.7601,0.999859,-0.0167665,9.1691e-06,-0.000605755,-0.0206971,-0.00610557,0.000821586,0.0939617,0.287877,-1.20331,-0.0127805,-0.0127437,0.0284745,13.7801,19.675,-0.0291398,0.0165522,0.00206396,0.999857,-0.01687,-2.12229e-05,-0.000601135,-2.47774,3.29769,0.589318,0.0938339,0.28775,-1.20302,-0.0127838,-0.0155508,0.0428647
13.7801,0.99985,-0.0173027,-3.73427e-06,-0.000612334,-0.0296186,0.000818606,-0.00170834,0.0937459,0.287975,-1.20397,-0.00972745,-0.00677083,0.0290469,13.8001,23.5115,-0.0161217,-0.00551306,-0.0134051,0.999848,-0.0174507,3.01041e-07,-0.000620946,0.23653,-1.05729,-2.57723,0.0936486,0.287907,-1.20368,-0.00972882,-0.0102325,0.0271245
13.8001,0.999841,-0.0178006,8.25664e-05,-0.000601681,-0.0266868,0.00827409,0.00162038,0.0937684,0.288356,-1.20527,-0.00541277,-0.00734966,0.0295137,13.8201,22.0778,-0.0280488,0.015942,0.00359916,0.999839,-0.017934,0.000124155,-0.000594306,-2.05261,3.15519,0.896328,0.0937142,0.288282,-1.20498,-0.00543029,-0.0106938,0.0336915
13.8201,0.999839,-0.0179132,0.00011414,-0.000597036,-0.028551,0.00800789,0.0013541,0.0937853,0.28841,-1.20549,-0.00485885,-0.00834058,0.0295207,13.8401,21.3734,-0.0285475,0.00706359,0.00978721,0.999837,-0.018056,0.000154379,-0.000590967,-2.12873,1.35119,2.10117,0.0937367,0.288327,-1.2052,-0.00488155,-0.0115985,0.0366951
13.8401,0.999833,-0.0182562,0.000214077,-0.000594878,-0.0280184,0.0080078,-0.000776469,0.0938531,0.288515,-1.20607,-0.00352805,-0.010988,0.0300695,13.8601,23.9462,-0.0263136,0.0128136,-0.0282241,0.999831,-0.0183962,0.000254122,-0.00059946,-1.61393,2.6194,-5.47926,0.0938178,0.288405,-1.20577,-0.00357388,-0.0147079,0.0263052
13.8601,0.999827,-0.0185692,0.000422568,-0.000560757,-0.00631366,0.0112036,0.00175351,0.0939667,0.288444,-1.20678,-0.0030919,-0.0193682,0.0309619,13.8801,20.053,-0.0306594,0.00336138,-0.0180598,0.999827,-0.0186007,0.000478757,-0.000553018,-2.41822,0.651294,-3.48931,0.0939358,0.28825,-1.20647,-0.00316579,-0.0225367,0.0437554
13.8801,0.999827,-0.0185662,0.000572475,-0.00056284,0.00247481,0.00933939,0.00108775,0.0940368,0.287882,-1.20716,-0.00401206,-0.0314757,0.0325555,13.9001,16.4916,-0.0307046,0.0048556,0.00149145,0.999828,-0.0185538,0.000619258,-0.000558277,-2.42914,0.847482,0.425301,0.0939967,0.287567,-1.20683,-0.00409387,-0.0340811,0.0604933
13.9001,0.999828,-0.0185488,0.000608988,-0.000557195,0.00407268,0.00920624,0.00162037,0.0940423,0.287709,-1.2072,-0.0040757,-0.0333562,0.0327804,13.9201,23.6318,-0.0343979,-0.0135012,-0.0024712,0.999828,-0.0185284,0.00065515,-0.000549961,-3.16937,-2.81621,-0.437011,0.0940015,0.287376,-1.20687,-0.00420024,-0.0370861,0.0303551
13.9201,0.99983,-0.0184166,0.000692718,-0.000555253,0.0156574,0.00494517,0.00135405,0.0940429,0.287098,-1.20726,-0.00481411,-0.0381478,0.0336713,13.9401,22.0415,-0.00849137,-0.00671953,-0.0140738,0.999831,-0.0183383,0.000717521,-0.000548993,1.98745,-1.4313,-2.72917,0.0939947,0.286717,-1.20692,-0.00494595,-0.0416018,0.0380079
13.9401,0.999837,-0.0180257,0.000759725,-0.000562551,0.0273773,0.00467735,0.000421704,0.0940768,0.286217,-1.20811,-0.00751927,-0.0445935,0.0340886,13.9601,19.7978,-0.0328034,-0.00454012,0.00929033,0.99984,-0.0178888,0.000783068,-0.000560968,-2.95749,-1.09698,1.9489,0.0940017,0.285771,-1.20777,-0.00764896,-0.0476302,0.0479639
13.9601,0.999845,-0.0175924,0.000832873,-0.000579617,0.0255131,0.00294637,0.000288441,0.0939952,0.285115,-1.20875,-0.00995315,-0.0487161,0.0345338,13.9801,21.2702,-0.0302944,-0.0127073,0.00950527,0.999847,-0.0174648,0.000847554,-0.00057854,-2.54164,-2.74457,1.96691,0.0938957,0.284628,-1.2084,-0.0101057,-0.0519002,0.0421451
13.9801,0.999846,-0.0174978,0.000826047,-0.000575425,0.0233826,-0.00158099,0.00108738,0.0939584,0.28482,-1.20887,-0.0106884,-0.048799,0.0344788,14.0001,23.6503,-0.00984367,0.014682,-0.00834519,0.999848,-0.0173809,0.000818171,-0.000569948,1.53016,2.79883,-1.50396,0.0938515,0.284332,-1.20853,-0.0108566,-0.0523203,0.0319674
14.0001,0.999853,-0.0171123,0.000719082,-0.000571472,0.0272471,-0.00850642,0.000288211,0.0938128,0.283844,-1.2101,-0.0144008,-0.0467773,0.0339437,14.0201,23.7656,-0.0191754,-0.00230961,-0.00845772,0.999856,-0.0169761,0.000676503,-0.000569401,-0.411347,-0.578896,-1.58768,0.0936688,0.283377,-1.20976,-0.0145482,-0.0502378,0.0309395
14.0201,0.999862,-0.0166114,0.000556062,-0.000564251,0.017926,-0.00850642,0.000421384,0.0934403,0.282663,-1.21131,-0.0172864,-0.04393,0.0339934,14.0401,24.4529,-0.00682578,-0.0053708,0.0076592,0.999863,-0.0165218,0.00051352,-0.000561487,1.95684,-1.21142,1.62586,0.0932674,0.282224,-1.21097,-0.0174041,-0.0473864,0.0280625
14.0401,0.999863,-0.0165554,0.000525128,-0.000561836,0.013665,-0.00757432,0.00055452,0.0933528,0.282435,-1.21151,-0.0173072,-0.042686,0.0341721,14.0601,23.157,-0.0435702,0.0190652,0.0153992,0.999864,-0.0164871,0.000487269,-0.000558473,-5.40967,3.65163,3.25032,0.0931798,0.282008,-1.21117,-0.0174125,-0.0459483,0.0337522
14.0601,0.999864,-0.0164648,0.000375355,-0.000526953,0.00381125,-0.0133001,0.00454924,0.0930881,0.281811,-1.21203,-0.0168165,-0.037373,0.0341716,14.0801,21.0008,-0.015445,0.0120679,0.0018905,0.999865,-0.0164457,0.000309228,-0.000503122,0.202318,2.33034,0.522004,0.0929199,0.281437,-1.21169,-0.0168851,-0.0403153,0.0429216
14.0801,0.999865,-0.0164302,0.000130174,-0.000517001,-0.00590928,-0.004778,0.00188612,0.0925449,0.280899,-1.21274,-0.0159869,-0.0272875,0.0347752,14.1001,17.795,-0.0368766,-0.0138686,-0.0132604,0.999864,-0.0164598,0.000106458,-0.000507176,-4.08934,-2.75962,-2.59487,0.092385,0.280626,-1.21239,-0.0160079,-0.0297755,0.0571592
14.1001,0.999861,-0.0166447,6.34249e-05,-0.000496705,-0.0160293,-0.00384594,-0.000244435,0.0922088,0.280477,-1.21298,-0.0138156,-0.0216449,0.0354365,14.1201,22.8714,-0.00668122,0.0196483,0.0206657,0.99986,-0.0167249,4.42174e-05,-0.000497602,1.98925,3.84697,4.29721,0.0920707,0.28026,-1.21263,-0.0138296,-0.0248844,0.0362319
14.1201,0.99986,-0.0167282,4.82432e-05,-0.000492832,-0.0210893,-0.0037127,0.000954009,0.0921343,0.280396,-1.21301,-0.0130644,-0.020221,0.0355368,14.1401,23.1886,-0.0136799,0.00472613,0.0322478,0.999858,-0.0168336,2.98141e-05,-0.000487747,0.607172,0.826209,6.56288,0.0920037,0.280194,-1.21266,-0.0130755,-0.0235219,0.0349837
14.1401,0.999856,-0.0169914,1.65406e-05,-0.000488324,-0.0232198,-0.000516993,-0.00170914,0.0919283,0.280197,-1.21304,-0.0117872,-0.0174044,0.0363415,14.1601,19.4544,-0.0368134,-0.00031636,0.0114698,0.999854,-0.0171075,1.38675e-05,-0.000496822,-3.96586,-0.109143,2.39007,0.0918104,0.280023,-1.21268,-0.0117913,-0.0202172,0.0516709
14.1601,0.999848,-0.0174224,1.29422e-05,-0.000508843,-0.0222877,0.00294517,0.000820879,0.091626,0.279894,-1.21287,-0.0099584,-0.0177249,0.0374455,14.1801,19.5021,-0.0104093,0.000819483,0.00261257,0.999846,-0.0175338,2.7794e-05,-0.000504995,1.40265,0.151121,0.627016,0.0915264,0.279716,-1.2125,-0.00996202,-0.0206161,0.0525748
14.1801,0.999842,-0.0177625,9.31958e-05,-0.000519228,-0.0204171,0.00533941,-0.00131009,0.0915734,0.279912,-1.21345,-0.0075693,-0.0200881,0.0374309,14.2001,20.5725,-0.0289414,-0.0210768,-0.0211355,0.99984,-0.0178646,0.000119825,-0.000526242,-2.23535,-4.16124,-4.19802,0.0914977,0.279711,-1.21307,-0.00758723,-0.0231976,0.04801
14.2001,0.999841,-0.0178306,0.000112048,-0.000532522,-0.0174876,0.00493999,-0.00317428,0.0915801,0.279923,-1.21363,-0.0070395,-0.0207869,0.0373504,14.2201,20.53,-0.0356113,-0.0179624,0.00501269,0.999839,-0.017918,0.000136507,-0.000548822,-3.5561,-3.63599,1.04401,0.0915097,0.279715,-1.21326,-0.00706073,-0.0239018,0.0481108
14.2201,0.999839,-0.0179502,0.000143575,-0.000548864,-0.0138923,0.00507316,-0.0013101,0.0915937,0.279912,-1.21397,-0.00693595,-0.0229825,0.0371985,14.2401,18.5943,-0.0211703,-0.0190136,0.010462,0.999837,-0.0180196,0.000168857,-0.000555859,-0.643197,-3.8707,2.13295,0.0915244,0.279683,-1.21359,-0.00696023,-0.0258227,0.0561914
14.2401,0.999836,-0.0181099,0.000255233,-0.000548949,-0.000576503,0.00613843,0.000554116,0.0916216,0.279686,-1.21485,-0.00689594,-0.031116,0.0367064,14.2601,20.7388,-0.0138684,0.0114838,-0.00647161,0.999836,-0.0181127,0.000285971,-0.000546734,0.847154,2.26727,-1.14345,0.0915527,0.279375,-1.21448,-0.00694273,-0.0343119,0.0465807
14.2601,0.999837,-0.0180599,0.000339196,-0.000555503,0.00475831,0.00240724,-0.00104468,0.0918005,0.279735,-1.21722,-0.00639892,-0.0369298,0.0352505,14.2801,22.75,0.00180149,-0.00421833,-0.00385185,0.999837,-0.0180361,0.000351123,-0.000560951,3.97288,-0.897243,-0.674276,0.0917365,0.279366,-1.21687,-0.00646653,-0.0404259,0.0365715
14.2801,0.999837,-0.018032,0.000350884,-0.000557345,0.0060899,0.00320617,-0.000245727,0.0918429,0.279711,-1.2178,-0.00662925,-0.0384809,0.0350595,14.3001,19.6307,-0.0308876,0.0059351,-0.0279358,0.999838,-0.0180016,0.000366873,-0.000558873,-2.572,1.21397,-5.45556,0.0917766,0.279326,-1.21745,-0.00668954,-0.041493,0.0496456
14.3001,0.99984,-0.0178804,0.000351813,-0.000536157,0.012881,-0.00105486,0.00215116,0.0919401,0.279538,-1.21941,-0.00768126,-0.0423323,0.0342605,14.3201,23.5055,-0.0272353,-0.0185583,0.00864006,0.999841,-0.017816,0.000346697,-0.000525331,-1.87081,-3.81524,1.76667,0.0918633,0.279114,-1.21907,-0.00775355,-0.0459086,0.0323676
14.3201,0.999846,-0.0175415,0.000401513,-0.000538226,0.0172752,0.000942521,0.00068636,0.0920222,0.278984,-1.22172,-0.00818681,-0.0460548,0.0344537,14.3401,18.9478,-0.0103196,0.0140961,-0.0159473,0.999847,-0.0174551,0.000406238,-0.000534912,1.44348,2.79334,-3.03271,0.0919403,0.278524,-1.22138,-0.00825307,-0.048883,0.0519409
14.3401,0.999854,-0.0170797,0.000429922,-0.000530748,0.0215362,0.000276735,-0.00157743,0.092053,0.278218,-1.22355,-0.00844601,-0.0466682,0.035782,14.3601,20.6051,-0.0143285,-0.0118274,0.013263,0.999856,-0.0169721,0.000431113,-0.000538704,0.549887,-2.49793,2.71671,0.0919685,0.277752,-1.22319,-0.00852298,-0.0496629,0.0462185
14.3601,0.999855,-0.0169917,0.000414636,-0.000531004,0.0212699,-0.00358491,2.06654e-05,0.0920498,0.278053,-1.22386,-0.00879333,-0.0462622,0.0360204,14.3801,18.7785,-0.0340591,0.0233068,0.00335619,0.999857,-0.0168853,0.00039666,-0.00053064,-3.41817,4.56276,0.853707,0.0919619,0.277591,-1.2235,-0.00886103,-0.0489773,0.0542247
14.3801,0.999859,-0.0167909,0.000426305,-0.000532277,0.0120858,0.00320533,0.000153474,0.0920507,0.277707,-1.22504,-0.00947392,-0.0432029,0.0362262,14.4001,21.5245,-0.0264316,0.00272125,0.00927841,0.99986,-0.0167304,0.00044231,-0.000531805,-1.92982,0.424952,1.96874,0.091956,0.277274,-1.22467,-0.00955364,-0.0462783,0.0427509
14.4001,0.999862,-0.0166287,0.000402521,-0.000515998,0.00609373,-0.0039852,0.00148505,0.0920039,0.277369,-1.22691,-0.0103031,-0.0353036,0.036922,14.4201,22.1454,-0.036978,0.00450289,0.0226252,0.999862,-0.0165983,0.000382706,-0.000508254,-4.07427,0.740899,4.63959,0.0919009,0.277016,-1.22654,-0.0103806,-0.0384372,0.040805
14.4201,0.999862,-0.0165892,0.000361087,-0.000502357,0.00116688,-0.00252046,0.00228399,0.0919418,0.277254,-1.22781,-0.0106307,-0.030664,0.0378651,14.4401,24.0024,-0.0406137,-0.0161568,-0.0168853,0.999862,-0.0165834,0.000348673,-0.000490731,-4.80458,-3.25118,-3.33268,0.0918355,0.276948,-1.22744,-0.0107062,-0.0340522,0.0338501
14.4401,0.999862,-0.016611,0.000351734,-0.00050412,-0.00602366,-0.00318625,0.000153459,0.0918912,0.277216,-1.22833,-0.0105085,-0.0275887,0.0384708,14.4601,25.3373,-0.0299644,-0.0136336,0.00853817,0.999861,-0.0166412,0.000335833,-0.000503077,-2.67098,-2.82807,1.76081,0.0917862,0.27694,-1.22794,-0.0105862,-0.0311701,0.0287785
14.4601,0.99986,-0.0167099,0.000330712,-0.000511458,-0.0168095,-0.00278673,-0.000645516,0.0918367,0.277212,-1.22877,-0.0103515,-0.0241329,0.0390319,14.4801,24.1641,-0.012798,-0.0158146,0.0462214,0.999859,-0.016794,0.000316769,-0.000514425,0.777032,-3.38439,9.29156,0.0917332,0.276971,-1.22838,-0.0104213,-0.0275688,0.03433
14.4801,0.999853,-0.0171307,0.000305636,-0.000494758,-0.0210655,-0.000790837,0.00175103,0.0917753,0.277639,-1.23014,-0.00918509,-0.0157206,0.0405232,14.5001,17.762,-0.0274233,-0.0152628,0.0217566,0.999851,-0.017236,0.000301885,-0.000485905,-2.06005,-3.19048,4.39565,0.0916834,0.277481,-1.22974,-0.00923257,-0.0183097,0.0630512
14.5001,0.999847,-0.0174703,0.000313195,-0.000492652,-0.020666,0.000807133,-0.000512646,0.0917799,0.278201,-1.23121,-0.00760094,-0.0134839,0.0419871,14.5201,20.617,-0.0267357,0.00642274,0.0255786,0.999845,-0.0175736,0.000317236,-0.000495253,-1.85697,1.12971,5.23422,0.0917039,0.278066,-1.23079,-0.00765739,-0.0165488,0.0523752
14.5201,0.999846,-0.0175639,0.00031838,-0.000497865,-0.0241281,0.00147278,-0.0011784,0.0917836,0.278333,-1.23143,-0.00737947,-0.0136204,0.0426612,14.5401,20.5492,-0.0414663,0.0108818,0.011543,0.999843,-0.0176845,0.000325699,-0.000503847,-4.78448,2.06769,2.44339,0.0917098,0.278197,-1.231,-0.00743667,-0.0166916,0.0533383
14.5401,0.999835,-0.018175,0.000315285,-0.000500767,-0.0321176,0.000673809,-0.00237689,0.0917905,0.278901,-1.23225,-0.00676699,-0.0139144,0.0440027,14.5601,25.5161,-0.0394348,-0.0184567,-0.0235496,0.999832,-0.0183356,0.000318518,-0.00051266,-4.25178,-3.67212,-4.67858,0.0917228,0.278762,-1.23181,-0.00683742,-0.0178606,0.0335617
14.5601,0.999828,-0.0185532,0.000399773,-0.000512446,-0.0124102,0.00506813,0.000685817,0.0918059,0.279281,-1.23267,-0.0052574,-0.0189572,0.0458154,14.5801,22.4271,-0.0297727,0.0359958,0.0254335,0.999826,-0.0186152,0.000425205,-0.000509462,-2.25386,7.02056,5.31948,0.0917534,0.279092,-1.23221,-0.0053355,-0.0224978,0.0485131
14.5801,0.999827,-0.0186061,0.000415459,-0.000507591,-0.0137418,0.00400289,0.00135158,0.0918102,0.279309,-1.23271,-0.00525952,-0.0210636,0.0463066,14.6001,21.6691,-0.0300099,0.0118018,0.011383,0.999825,-0.0186748,0.00043563,-0.000501178,-2.28405,2.23148,2.41913,0.0917576,0.279099,-1.23225,-0.00533787,-0.0244942,0.0522281
14.6001,0.999824,-0.0187595,0.000448839,-0.000517208,-0.0117444,0.0012066,-0.00117842,0.0918101,0.27926,-1.23273,-0.00587625,-0.0275565,0.0472128,14.6201,23.1498,-0.0310583,0.0179356,0.0013837,0.999823,-0.0188182,0.000454791,-0.000523186,-2.46307,3.48832,0.44462,0.0917513,0.278985,-1.23226,-0.00596658,-0.0312518,0.0468387
14.6201,0.999824,-0.0187536,0.000493471,-0.000518309,0.00916691,0.0013387,0.00161759,0.0917618,0.279008,-1.23299,-0.00797654,-0.0363285,0.048677,14.6401,17.2316,-0.0485988,-0.0149767,-0.0437978,0.999825,-0.0187078,0.000500291,-0.000510371,-5.96991,-2.93426,-8.71535,0.091682,0.278645,-1.23251,-0.00805032,-0.0390782,0.073469
14.6401,0.99983,-0.0184315,0.000537124,-0.000519343,0.0155585,-0.000392378,0.00188388,0.0916611,0.278556,-1.23359,-0.00977198,-0.0456135,0.0498453,14.6601,20.8659,-0.0266185,0.0037778,-0.00284899,0.999831,-0.0183537,0.000535296,-0.000509931,-1.63793,0.655763,-0.454784,0.0915634,0.2781,-1.23309,-0.00986905,-0.048886,0.0591811
14.6601,0.999831,-0.0183772,0.000526537,-0.000524166,0.0130285,-0.00252289,-0.00117874,0.0916275,0.278408,-1.23366,-0.0101549,-0.0469105,0.0496735,14.6801,24.9358,-0.0295949,0.000484681,0.0106771,0.999832,-0.0183121,0.000513783,-0.000529861,-2.24553,-0.0507156,2.23854,0.0915259,0.277939,-1.23316,-0.0102687,-0.0508098,0.041702
14.6801,0.999832,-0.0183161,0.000509346,-0.000541114,0.0147596,-0.00412077,-0.00424138,0.0915889,0.278245,-1.23372,-0.0106466,-0.0481018,0.0495167,14.7001,23.2262,-0.0188344,0.00243371,-0.0130678,0.999833,-0.0182423,0.000488317,-0.000561977,-0.102937,0.43064,-2.49792,0.0914825,0.277764,-1.23323,-0.0107493,-0.0517217,0.0488146
14.7001,0.999841,-0.0178328,0.000426672,-0.000527202,0.0306107,-0.00505354,0.00108465,0.091338,0.277651,-1.23467,-0.013838,-0.0511943,0.0497324,14.7201,20.9326,-0.0240031,0.0123642,0.00662541,0.999843,-0.0176798,0.000401424,-0.000521394,-1.23653,2.36096,1.47234,0.0911996,0.27714,-1.23417,-0.0139156,-0.0543706,0.0587805
14.7201,0.999849,-0.0173895,0.000327507,-0.00053734,0.0226212,-0.00984717,-0.00038012,0.0910613,0.277064,-1.23532,-0.0147219,-0.0526707,0.0490671,14.7401,21.2897,-0.0274062,-0.00289675,-0.00849215,0.999851,-0.0172765,0.000278185,-0.000538421,-2.00307,-0.618164,-1.60259,0.0909141,0.276537,-1.23483,-0.0147829,-0.055821,0.056594
14.7401,0.99985,-0.0173133,0.000289715,-0.000547077,0.0183602,-0.00931454,-0.00251056,0.0909836,0.2769,-1.23544,-0.0149404,-0.0521681,0.0490164,14.7601,18.9955,-0.0233112,-0.000867799,0.00525444,0.999852,-0.0172215,0.000242882,-0.000558848,-1.20007,-0.252213,1.15577,0.0908342,0.276378,-1.23495,-0.0149888,-0.0549666,0.0662995
14.7601,0.999855,-0.0170382,0.000133545,-0.000542716,0.0178275,-0.0103798,0.00241628,0.0906487,0.276383,-1.23602,-0.0159562,-0.0471024,0.048858,14.7801,20.0447,0.000169296,0.00423244,0.0217538,0.999856,-0.0169491,8.18105e-05,-0.000529764,3.43961,0.745549,4.47309,0.0904892,0.275911,-1.23553,-0.0159806,-0.0500086,0.0616776
14.7801,0.99986,-0.0167007,1.24588e-05,-0.000554529,0.0118414,-0.00731771,-0.00104614,0.0902382,0.276251,-1.23716,-0.0146746,-0.0403963,0.0489518,14.8001,21.2266,-0.0351625,-0.0123157,0.00401328,0.999861,-0.0166415,-2.42449e-05,-0.000559149,-3.69237,-2.48259,0.872211,0.0900915,0.275847,-1.23668,-0.0146785,-0.0434129,0.0567428
14.8001,0.99986,-0.0167184,-7.13457e-05,-0.00054148,-0.00959703,-0.00625244,-0.00184503,0.0899278,0.276229,-1.23779,-0.0139189,-0.0332244,0.0488127,14.8201,19.6461,-0.0179006,0.0119406,0.00843749,0.999859,-0.0167664,-0.000102732,-0.000550184,-0.238008,2.3719,1.83572,0.0897886,0.275897,-1.2373,-0.0139085,-0.0360193,0.0633254
14.8201,0.999859,-0.0167636,-9.98483e-05,-0.000546594,-0.012127,-0.00705138,-0.00131248,0.0898502,0.276248,-1.23791,-0.0138646,-0.0309227,0.049058,14.8401,22.1627,-0.0247675,0.026085,0.0285298,0.999858,-0.0168242,-0.000135177,-0.000552571,-1.6059,5.13788,5.90241,0.0897115,0.275939,-1.23742,-0.0138475,-0.0340842,0.0528683
14.8401,0.999856,-0.0169766,-0.000141068,-0.000553272,-0.0130591,-0.00092608,0.00121758,0.089546,0.276442,-1.23824,-0.0125186,-0.0231746,0.0489423,14.8601,23.1053,-0.0133061,-0.0133403,0.0186958,0.999855,-0.0170419,-0.000145558,-0.000547116,0.735292,-2.70441,3.80433,0.0894208,0.27621,-1.23775,-0.0124927,-0.0265124,0.0487452
14.8602,0.999849,-0.0173412,-0.000148654,-0.000580679,-0.0266352,-0.000661206,-0.00131272,0.0893504,0.27721,-1.23918,-0.00882067,-0.0192857,0.0495463,14.8802,21.6336,-0.0246304,-0.00757641,-0.0201507,0.999847,-0.0174743,-0.000151996,-0.000587205,-1.45869,-1.4183,-3.93896,0.0892622,0.277017,-1.23868,-0.00879516,-0.022478,0.0556103
14.8802,0.999845,-0.0175833,-0.000142904,-0.000584075,-0.0338258,4.59693e-06,-0.000114212,0.0893078,0.27755,-1.23952,-0.00813981,-0.0177262,0.0497711,14.9002,20.5987,-0.0196147,-0.0116794,0.00845665,0.999842,-0.0177524,-0.000142793,-0.000584671,-0.405118,-2.33897,1.76735,0.0892264,0.277373,-1.23902,-0.00811656,-0.0208082,0.0602378
14.9002,0.999841,-0.0178332,-0.000123094,-0.000577559,-0.0312958,0.0033335,0.000817781,0.0892702,0.277889,-1.2398,-0.00737136,-0.0160329,0.0499108,14.9202,22.5202,-0.0436357,0.00345364,0.0171019,0.999838,-0.0179896,-0.000106266,-0.000573787,-5.16303,0.649196,3.54872,0.0891965,0.277728,-1.2393,-0.00734975,-0.0194503,0.0522074
14.9202,0.999834,-0.0182249,-4.11637e-06,-0.000626544,-0.0237057,0.0070621,-0.00184534,0.0892505,0.278601,-1.24037,-0.00499832,-0.017396,0.0498047,14.9402,25.6477,-0.0308809,-0.0265794,-0.00924305,0.999832,-0.0183434,3.10944e-05,-0.000636413,-2.53003,-5.28436,-1.81987,0.0892005,0.278427,-1.23987,-0.00499992,-0.0213735,0.0388045
14.9402,0.999825,-0.01867,0.000184339,-0.000622572,-0.0171717,0.00812522,0.00015134,0.0894792,0.279988,-1.24231,-0.00325412,-0.0252176,0.0501001,14.9602,18.4882,-0.0193718,-0.00312674,0.00750739,0.999824,-0.0187558,0.000225026,-0.000622558,-0.140394,-0.692546,1.61332,0.0894466,0.279735,-1.24181,-0.00328495,-0.0281547,0.0695482
14.9602,0.999824,-0.0187339,0.000217827,-0.000622592,-0.0171717,0.00852468,0.00028453,0.0895169,0.280168,-1.24259,-0.00346193,-0.0260994,0.0502536,14.9802,20.7585,-0.0273685,0.0285384,0.0109006,0.999823,-0.0188197,0.000260523,-0.00062195,-1.73315,5.61888,2.40997,0.0894823,0.279907,-1.24208,-0.00350246,-0.0294085,0.060048
14.9802,0.999823,-0.018783,0.000246497,-0.000623584,-0.0134433,0.00732628,1.81772e-05,0.0895513,0.280332,-1.24285,-0.00365686,-0.0271324,0.0504015,15.0002,23.5271,-0.0302441,-0.00463884,0.0319694,0.999822,-0.0188502,0.000283165,-0.000624164,-2.29584,-1.10076,6.49853,0.0895147,0.280061,-1.24234,-0.00370856,-0.0308926,0.0484234
15.0002,0.999822,-0.0188344,0.000406245,-0.000663398,0.00439987,0.00812523,-0.000114968,0.0896638,0.280865,-1.24386,-0.00485485,-0.034678,0.0516942,15.0202,22.0568,-0.0409219,0.0126184,-0.0158768,0.999823,-0.0188124,0.000446838,-0.000664747,-4.42036,2.49638,-2.99794,0.0896153,0.280519,-1.24335,-0.00493345,-0.0382129,0.0559685
15.0202,0.999825,-0.0187148,0.000491819,-0.00068151,0.00480375,0.00213232,0.00174902,0.0897242,0.281053,-1.24474,-0.00630752,-0.0421934,0.0531031,15.0402,24.3688,-0.0314232,-0.00272954,0.0147368,0.999825,-0.0186908,0.000502626,-0.000672978,-2.54392,-0.703602,3.06982,0.0896611,0.280631,-1.24421,-0.00641215,-0.046074,0.0475452
15.0402,0.999825,-0.018699,0.000508416,-0.000668988,0.00280638,0.00426285,0.0033469,0.0897319,0.281084,-1.24495,-0.0068281,-0.0430612,0.053301,15.0602,21.9024,-0.0306453,-0.016447,0.0106047,0.999825,-0.018685,0.00053003,-0.000652662,-2.38954,-3.43424,2.18973,0.0896636,0.280654,-1.24442,-0.00692519,-0.046546,0.058231
15.0602,0.999828,-0.0185504,0.000514346,-0.00066948,0.0154564,0.000933883,-0.000115257,0.0897177,0.281088,-1.24548,-0.00878523,-0.045672,0.0538426,15.0802,23.8856,-0.0145518,0.0198073,-0.00891414,0.999829,-0.0184732,0.000518952,-0.000670182,0.797223,3.88904,-1.57666,0.0896299,0.280631,-1.24494,-0.00889229,-0.0494423,0.050338
15.0802,0.999835,-0.0181271,0.00052587,-0.000650614,0.0221143,-0.00306081,0.00321372,0.089593,0.280889,-1.24616,-0.0103781,-0.0495943,0.0548286,15.1002,19.0122,-0.0377153,0.0172,0.0185765,0.999837,-0.0180165,0.000510788,-0.000634329,-3.92435,3.26203,3.90317,0.0894892,0.280393,-1.24561,-0.0104651,-0.0525268,0.0720454
15.1002,0.999841,-0.0178269,0.000395334,-0.0006287,0.0126646,-0.00532507,-0.000381704,0.0894064,0.280751,-1.24698,-0.0127028,-0.0475392,0.0551887,15.1202,21.6142,-0.0128818,0.0133333,0.0089314,0.999842,-0.0177636,0.000368639,-0.000630158,0.986276,2.55371,1.95824,0.0892794,0.280276,-1.24642,-0.0127776,-0.0508179,0.0613382
15.1202,0.999842,-0.0177712,0.00036863,-0.000630762,0.0129309,-0.00652355,-0.000514918,0.089352,0.280718,-1.24709,-0.0131338,-0.0464638,0.0552474,15.1402,21.2756,-0.018082,-0.00412524,-0.00672342,0.999843,-0.0177066,0.000335931,-0.000632781,-0.0612693,-0.877017,-1.23433,0.0892207,0.280253,-1.24654,-0.0132025,-0.049681,0.0628365
15.1402,0.999843,-0.017697,0.000352305,-0.00061862,0.0175914,-0.00399347,0.00308043,0.0892931,0.280684,-1.24719,-0.0134293,-0.0457215,0.0552904,15.1602,17.8495,-0.0455838,0.00935755,0.0354891,0.999845,-0.0176091,0.000332558,-0.000602898,-5.58565,1.66952,7.25031,0.0891588,0.280227,-1.24663,-0.0134845,-0.0484094,0.0774492
15.1602,0.999848,-0.0174261,0.000232255,-0.000608683,0.00653929,-0.00985247,-0.0010476,0.0889892,0.280483,-1.24744,-0.0124157,-0.0420583,0.0562329,15.1802,21.2537,-0.0163092,0.00131628,0.0217157,0.999848,-0.0173935,0.000182889,-0.000613069,0.221422,0.139102,4.46803,0.088865,0.280063,-1.24687,-0.0124596,-0.0452098,0.0639133
15.1802,0.999847,-0.0174729,6.70092e-05,-0.000598599,-0.00637702,-0.00279509,0.000284017,0.0886677,0.280336,-1.2473,-0.01256,-0.0345286,0.0573166,15.2002,22.6823,-0.0205649,0.00859905,0.0207137,0.999847,-0.0175048,5.30798e-05,-0.000596933,-0.620696,1.6313,4.29157,0.0885421,0.27999,-1.24673,-0.012575,-0.0379011,0.0589217
15.2002,0.999847,-0.0175134,7.87445e-05,-0.000592315,-0.00624386,0.000800187,0.00228143,0.088537,0.280316,-1.24715,-0.0117611,-0.0317798,0.0577916,15.2202,18.8038,-0.0167511,-0.00721508,0.00697096,0.999846,-0.0175446,8.29631e-05,-0.000580978,0.153059,-1.48494,1.48689,0.0884194,0.279998,-1.24658,-0.0117753,-0.0345821,0.075891
15.2202,0.999845,-0.0176177,5.00698e-05,-0.000591963,-0.0114303,-0.00612474,-0.000248765,0.0883959,0.280679,-1.24731,-0.0106844,-0.0285405,0.0577376,15.2402,19.9085,-0.0241892,-0.00809735,-0.00340079,0.999844,-0.0176748,1.94628e-05,-0.000592664,-1.31372,-1.62011,-0.590451,0.088289,0.280393,-1.24673,-0.0106947,-0.031525,0.0711396
15.2402,0.999839,-0.0179321,-3.83665e-05,-0.000603658,-0.0222161,-0.00159732,-0.000248761,0.08817,0.281241,-1.24728,-0.0102764,-0.0253399,0.0580428,15.2602,20.7575,-0.0289594,0.00879726,-0.0134663,0.999837,-0.0180431,-4.63071e-05,-0.000604763,-2.20766,1.81164,-2.54035,0.0880673,0.280988,-1.2467,-0.0102716,-0.0285073,0.0678362
15.2602,0.999836,-0.0181132,-3.90194e-05,-0.000586397,-0.0236808,0.00266363,0.0028138,0.0880764,0.281448,-1.24717,-0.00982212,-0.0242318,0.0581947,15.2802,22.1489,0.000765182,0.00558041,0.0137549,0.999834,-0.0182316,-2.53792e-05,-0.000572576,3.77471,1.07396,2.88799,0.0879781,0.281205,-1.24659,-0.00981677,-0.0276456,0.0620724
15.2802,0.999832,-0.0183351,-3.18814e-06,-0.000575739,-0.0167566,0.00399526,0.00108277,0.0879531,0.281729,-1.24692,-0.00808127,-0.0236457,0.0583627,15.3002,24.7037,-0.0164878,0.0198638,-0.011051,0.99983,-0.0184188,1.69323e-05,-0.000570693,0.366274,4.01135,-2.02185,0.0878723,0.281493,-1.24633,-0.00808282,-0.0274999,0.0513776
15.3002,0.999826,-0.0186491,5.45468e-05,-0.000570547,-0.0159518,0.000266214,1.73272e-05,0.087831,0.282304,-1.24675,-0.00704881,-0.028019,0.0592241,15.3202,19.1614,-0.0333121,0.00206793,-0.0170688,0.999824,-0.0187289,5.59248e-05,-0.000570481,-2.93411,0.462469,-3.29173,0.0877605,0.282024,-1.24616,-0.00705944,-0.0310597,0.0758097
15.3202,0.999823,-0.0188321,8.47207e-05,-0.000576381,-0.0136881,0.00372835,-0.000781654,0.0877595,0.282591,-1.24668,-0.00750778,-0.0307874,0.0595679,15.3402,22.9798,-0.0172558,-0.0129492,0.0186149,0.999821,-0.0189005,0.000103325,-0.000580633,0.315512,-2.67842,3.78852,0.0876844,0.282283,-1.24609,-0.00752647,-0.0344698,0.0599174
15.3402,0.999822,-0.0188739,0.000100346,-0.000584808,-0.0112913,0.00399469,-0.00198002,0.08773,0.282657,-1.24663,-0.00769615,-0.0317528,0.0594906,15.3602,20.463,-0.00950717,-0.0276879,0.0288224,0.999821,-0.0189303,0.000120162,-0.000595078,1.87316,-5.66657,5.77569,0.087653,0.282339,-1.24604,-0.00771555,-0.0350391,0.0705424
15.3602,0.999821,-0.0189061,0.000192562,-0.000606982,-0.00157076,0.0010652,0.00188154,0.0875451,0.282673,-1.24609,-0.00716863,-0.040774,0.0594202,15.3802,20.6326,-0.0394974,0.0103636,0.0184045,0.999821,-0.018914,0.000198069,-0.000597675,-4.1226,1.95946,3.83928,0.0874734,0.282266,-1.24549,-0.00720445,-0.0440932,0.0697511
15.3802,0.999823,-0.0188063,0.000240181,-0.000606416,0.00842229,0.000931648,-0.0010482,0.0873742,0.282498,-1.24585,-0.00840014,-0.0476559,0.0595201,15.4002,22.1633,-0.0303186,0.0117923,-0.0121474,0.999824,-0.0187642,0.000244714,-0.000611754,-2.30452,2.35204,-2.2649,0.0872902,0.282021,-1.24526,-0.00844759,-0.0512026,0.0633416
15.4002,0.999825,-0.0186873,0.000245359,-0.000621807,0.0144144,0.00186374,-0.000515538,0.0872872,0.282392,-1.24581,-0.00915342,-0.0500098,0.0597311,15.4202,16.5471,-0.0312995,-0.00103445,0.010175,0.999826,-0.0186152,0.000254583,-0.000624576,-2.52374,-0.297838,2.15359,0.0871957,0.281892,-1.24522,-0.0091896,-0.052641,0.0874335
15.4202,0.999829,-0.0184643,0.000275555,-0.00062877,0.0217381,0.00159748,-0.00118131,0.0871255,0.282099,-1.24565,-0.0102867,-0.0540952,0.059988,15.4402,20.6104,-0.0304885,-0.00749975,-0.00523043,0.999831,-0.0183557,0.000283363,-0.000634853,-2.40442,-1.53931,-0.949551,0.0870226,0.281558,-1.24505,-0.0103371,-0.0573334,0.0704104
15.4402,0.999836,-0.0180917,0.000254615,-0.000663393,0.0168216,-0.00439558,-0.000116573,0.086872,0.282155,-1.24648,-0.0114823,-0.0563218,0.0587179,15.4602,19.9036,-0.0412542,0.000309992,0.0133562,0.999838,-0.0180076,0.000232574,-0.000663599,-4.63527,-0.0427272,2.80247,0.0867572,0.281591,-1.24589,-0.0115275,-0.0593858,0.0721438
15.4602,0.999843,-0.0177379,0.000159854,-0.000665714,0.0192228,-0.00519473,-0.00264676,0.086606,0.282235,-1.24723,-0.013547,-0.0548418,0.0573361,15.4802,23.1851,-0.0283932,0.0102459,0.00975623,0.999844,-0.0176418,0.000133585,-0.0006785,-2.13363,1.97849,2.1195,0.0864706,0.281686,-1.24665,-0.0135809,-0.0583413,0.0568045
15.4802,0.999845,-0.0176023,0.000108266,-0.000665031,0.0146954,-0.00705894,-0.000383074,0.0864513,0.28231,-1.24762,-0.0139638,-0.0535568,0.0568088,15.5002,22.5292,-0.0445267,-0.00117392,0.0101729,0.999846,-0.0175288,7.28937e-05,-0.000666333,-5.38724,-0.298133,2.16215,0.0863117,0.281774,-1.24706,-0.0139868,-0.0569313,0.0590658
15.5002,0.999847,-0.017509,6.56718e-05,-0.000670345,0.0092359,-0.00559419,-0.00131518,0.0862889,0.282368,-1.24796,-0.0140195,-0.0517138,0.0564627,15.5202,21.4171,-0.0475654,-0.000890689,0.00761462,0.999847,-0.0174629,3.7559e-05,-0.000676433,-6.01387,-0.224285,1.653,0.0861487,0.281851,-1.24739,-0.0140337,-0.0549048,0.0634485
15.5202,0.99985,-0.0173369,-9.44835e-05,-0.000667125,0.00643957,-0.00692579,0.000948547,0.0858829,0.2825,-1.24853,-0.0129704,-0.0455528,0.0559661,15.5402,19.483,-0.0413408,-0.00459782,0.0192248,0.99985,-0.0173048,-0.000129047,-0.00066178,-4.8022,-0.972708,3.96263,0.0857532,0.282044,-1.24797,-0.0129567,-0.048427,0.0711759
15.5402,0.99985,-0.0173083,-0.00011021,-0.000664825,0.000447472,-0.000134722,-0.000249888,0.0857301,0.282558,-1.24866,-0.0121016,-0.0431902,0.0561457,15.5602,24.2684,-0.0228679,-0.00176765,0.002547,0.99985,-0.0173061,-0.000110907,-0.000666062,-1.11186,-0.343296,0.636654,0.0856091,0.282126,-1.2481,-0.0120812,-0.0467646,0.0510042
15.5602,0.999849,-0.0173462,-0.000113601,-0.000661121,-0.00967254,-0.00106684,0.000948534,0.0855872,0.282624,-1.24873,-0.011268,-0.0402767,0.0559957,15.5802,21.6624,-0.0208867,0.0211527,0.0211536,0.999848,-0.0173945,-0.00011882,-0.000656292,-0.712105,4.17648,4.43615,0.0854745,0.282221,-1.24817,-0.0112492,-0.0434742,0.0619371
15.5802,0.999845,-0.0175943,-0.000140894,-0.000672162,-0.0149989,0.00252845,-0.00357886,0.0852797,0.282846,-1.24866,-0.00906595,-0.0334277,0.0564214,15.6002,23.1908,-0.0123389,0.0182636,0.0148741,0.999844,-0.0176693,-0.000128518,-0.000690287,1.04818,3.62633,3.17339,0.085189,0.282512,-1.2481,-0.00904048,-0.0368997,0.0558646
15.6002,0.99984,-0.017875,-9.7985e-05,-0.00067592,-0.0164573,0.00585671,0.0008152,0.0850788,0.283592,-1.24902,-0.00756281,-0.0317639,0.0561639,15.6202,19.1919,-0.0358952,0.00386032,0.0194202,0.999839,-0.0179572,-6.85776e-05,-0.000672376,-3.60604,0.717254,4.03308,0.0850032,0.283274,-1.24846,-0.00754878,-0.0346831,0.0726151
15.6202,0.999834,-0.0182032,-4.88877e-05,-0.000643141,-0.0197863,0.00226141,0.00121467,0.0849616,0.284043,-1.24906,-0.00601857,-0.0313219,0.0563391,15.6402,20.0975,-0.0304163,0.025638,0.00423806,0.999832,-0.0183021,-3.74083e-05,-0.000637279,-2.4478,5.11718,1.06971,0.0849014,0.28373,-1.24849,-0.00601221,-0.0344349,0.0689411
15.6402,0.999833,-0.018283,-3.09225e-05,-0.000644746,-0.0209847,0.00452513,-0.000250137,0.0849349,0.284138,-1.24903,-0.00603677,-0.0312598,0.0564154,15.6602,21.4785,-0.00372288,-0.00809196,-0.0199428,0.999831,-0.0183879,-8.25584e-06,-0.000646414,2.9122,-1.5395,-3.88853,0.0848745,0.283825,-1.24847,-0.00603327,-0.0346013,0.0631453
15.6602,0.999829,-0.0184861,2.05929e-05,-0.00063401,-0.0157916,0.00532409,0.00161412,0.0848488,0.284358,-1.24887,-0.00586489,-0.0328799,0.0568491,15.6802,23.2215,-0.0220242,0.00449714,-0.0367086,0.999828,-0.0185651,4.7408e-05,-0.000626431,-0.710714,1.02808,-7.19714,0.0847902,0.284029,-1.24831,-0.00587128,-0.0365327,0.0561682
15.6802,0.999825,-0.018673,9.92029e-05,-0.00060707,-0.00819556,0.00425832,0.00281234,0.0847344,0.284738,-1.24884,-0.00560516,-0.0385408,0.0571853,15.7002,17.7487,-0.0388434,-0.00480627,0.0321569,0.999825,-0.018714,0.000120778,-0.000593405,-4.03756,-1.10573,6.53292,0.0846784,0.284353,-1.24826,-0.00562186,-0.0413609,0.0797783
15.7002,0.999824,-0.0187429,0.000121942,-0.000597762,-0.0105924,0.00292679,0.00121444,0.0846983,0.284936,-1.24899,-0.00566978,-0.0407747,0.0572214,15.7202,22.275,-0.0124777,0.000617644,-0.0336798,0.999823,-0.0187958,0.000136718,-0.000591959,1.25181,0.223883,-6.61323,0.0846416,0.284528,-1.24842,-0.00569501,-0.0443272,0.0605672
15.7202,0.999823,-0.0188067,0.000152833,-0.000590582,-0.00339679,0.00239364,-0.000649973,0.0846454,0.285234,-1.24931,-0.00597756,-0.043769,0.0575509,15.7402,19.8995,-0.0204896,0.000905802,0.00341479,0.999823,-0.0188237,0.000164748,-0.000594054,-0.336863,0.135303,0.803714,0.0845856,0.284796,-1.24874,-0.00600532,-0.0469535,0.0709984
15.7402,0.999826,-0.0186664,0.000220034,-0.000580729,0.00792165,0.00452415,0.0016137,0.0845108,0.285344,-1.24953,-0.00685533,-0.0504841,0.0579333,15.7602,21.0344,-0.0262767,0.00604141,0.00279232,0.999826,-0.0186268,0.000242778,-0.000573093,-1.52333,1.1506,0.695891,0.0844423,0.284839,-1.24895,-0.00689666,-0.0538251,0.066554
15.7602,0.999829,-0.0185053,0.000228091,-0.00055823,0.0111174,-0.000935305,-0.000516786,0.0843657,0.285094,-1.24945,-0.00762447,-0.0538793,0.0581617,15.7802,20.9686,-0.0170813,0.0211554,-0.022703,0.99983,-0.0184497,0.000223336,-0.000560739,0.281738,4.26687,-4.35068,0.0842895,0.284555,-1.24886,-0.00766701,-0.0571811,0.067061
15.7802,0.999829,-0.0184639,0.00022898,-0.000556296,0.00938638,0.000263111,0.000548433,0.0843233,0.284996,-1.24939,-0.00771432,-0.0544405,0.0583105,15.8002,22.487,-0.0219963,0.0105377,-0.0148205,0.99983,-0.018417,0.00023032,-0.000553589,-0.707729,2.11368,-2.81444,0.0842461,0.284452,-1.24881,-0.0077601,-0.0579735,0.060753
15.8002,0.999832,-0.0183025,0.000220367,-0.000555587,0.0159111,-0.00106849,1.58398e-05,0.0841828,0.284632,-1.24915,-0.00855091,-0.0556925,0.058628,15.8202,19.296,-0.0141876,0.00724044,-0.0164544,0.999834,-0.018223,0.000214983,-0.000555428,0.822427,1.46243,-3.15336,0.0840973,0.284075,-1.24857,-0.00858876,-0.0586977,0.0746389
15.8202,0.999839,-0.0179444,0.00018348,-0.000557363,0.0136474,-0.00546273,-0.00038372,0.0838259,0.283643,-1.24835,-0.00965533,-0.0565995,0.0593667,15.8402,20.3277,-0.021873,0.015753,0.00774137,0.99984,-0.0178762,0.000156098,-0.000558804,-0.788462,3.08317,1.71521,0.0837294,0.283077,-1.24775,-0.0096888,-0.0597034,0.0709879
15.8402,0.999841,-0.0178092,0.000128653,-0.000557744,0.0103185,-0.00532952,-0.000117346,0.0836274,0.283059,-1.24779,-0.00996838,-0.0555758,0.0596385,15.8602,17.3115,-0.0254554,0.0102184,-0.0341685,0.999842,-0.0177576,0.000101971,-0.000557863,-1.53213,2.1365,-6.68534,0.0835277,0.282503,-1.2472,-0.0099888,-0.0581993,0.0840857
15.8602,0.999842,-0.0177629,0.000101713,-0.000566402,0.0109843,-0.00666109,-0.00224786,0.0835564,0.28286,-1.24759,-0.0102176,-0.0547985,0.0599575,15.8802,21.5618,-0.0506691,-0.0199202,-0.0179549,0.999843,-0.017708,6.81816e-05,-0.000577054,-6.58286,-3.94571,-3.54896,0.0834542,0.282312,-1.24699,-0.0102381,-0.0580575,0.0663298
15.8802,0.999843,-0.0177016,7.41203e-05,-0.000575105,0.00592427,-0.00493005,-0.00064999,0.083424,0.28262,-1.24734,-0.0106047,-0.0531455,0.0601306,15.9002,21.3291,-0.0140124,0.000666137,0.00619646,0.999844,-0.017672,4.93994e-05,-0.00057792,0.737701,0.0948355,1.35625,0.0833179,0.282088,-1.24674,-0.01062,-0.0563583,0.0674919
15.9002,0.999845,-0.0175975,2.22358e-05,-0.000558155,-0.00258271,-0.00280068,0.000681188,0.0830371,0.28303,-1.24791,-0.0100441,-0.0471563,0.057791,15.9202,22.2459,-0.0266317,-0.0110484,-0.00400955,0.999845,-0.0176104,8.30174e-06,-0.000554503,-1.80626,-2.20265,-0.729174,0.0829367,0.282559,-1.24733,-0.0100501,-0.0504875,0.0612528
15.9202,0.999844,-0.0176344,-2.54068e-05,-0.000550113,-0.00444693,-0.00612963,0.000681192,0.0829197,0.28311,-1.24796,-0.0103375,-0.0453018,0.0573688,15.9402,19.3404,-0.0392173,0.0162742,-0.0167724,0.999844,-0.0176567,-5.59779e-05,-0.000546167,-4.32092,3.31426,-3.18636,0.0828163,0.282657,-1.24738,-0.0103349,-0.048204,0.073187
15.9402,0.999844,-0.0176658,-4.5155e-05,-0.000542427,-0.00897431,-0.00493119,0.0018796,0.0828579,0.283148,-1.24796,-0.0105327,-0.0442046,0.0570369,15.9602,22.1594,-0.0392431,0.00124902,0.0460647,0.999843,-0.0177106,-6.96167e-05,-0.000532596,-4.32044,0.0917844,9.32473,0.0827526,0.282706,-1.24739,-0.010526,-0.0475357,0.0608669
15.9602,0.999841,-0.0178218,-7.65778e-05,-0.000535918,-0.0109717,-0.000536979,0.000947541,0.0825929,0.283272,-1.24789,-0.0105647,-0.0414469,0.0557224,15.9802,21.937,0.00010041,0.000960677,0.0113461,0.99984,-0.0178767,-7.91485e-05,-0.000531137,3.58428,0.166987,2.37945,0.0824873,0.282858,-1.24733,-0.0105522,-0.0447736,0.0604991
15.9802,0.999838,-0.018017,-9.51978e-05,-0.000512259,-0.0130955,-0.00200229,0.002412,0.0823394,0.283789,-1.24822,-0.00845691,-0.0400572,0.0549166,16.0002,23.6788,-0.0376874,-0.00924531,-0.0334923,0.999836,-0.0180824,-0.000104957,-0.000500027,-3.93729,-1.7129,-6.62754,0.0822548,0.283388,-1.24767,-0.00843958,-0.0436874,0.0522878
16.0002,0.999836,-0.0181329,-9.86112e-05,-0.000502897,-0.0165576,-0.00213543,0.00174629,0.0822542,0.283982,-1.24833,-0.00827322,-0.0398006,0.0547213,16.0202,23.5007,-0.00776283,0.00949653,-0.0247806,0.999834,-0.0182157,-0.000109087,-0.000493981,2.07144,2.0078,-4.82014,0.0821715,0.283584,-1.24778,-0.00825532,-0.0434267,0.0528504
16.0202,0.999834,-0.0182377,-0.000103344,-0.000508404,-0.0117639,-0.000803831,-0.000384262,0.0821657,0.284139,-1.24839,-0.00827766,-0.0400147,0.0548353,16.0402,21.3114,-0.0369088,0.00784045,0.0207403,0.999833,-0.0182965,-0.000107368,-0.000510258,-3.73675,1.50909,4.27839,0.082083,0.283738,-1.24784,-0.0082606,-0.0433219,0.0622754
16.0402,0.99983,-0.0184328,-6.92232e-05,-0.000517586,-0.00936707,0.00225876,0.00214577,0.081931,0.28433,-1.2483,-0.00805271,-0.0422411,0.054946,16.0602,22.8321,-0.0315831,-0.00592102,0.00399148,0.999829,-0.0184796,-5.77093e-05,-0.00050707,-2.63024,-1.18815,0.880268,0.0818505,0.283908,-1.24775,-0.00804111,-0.0458223,0.0559205
16.0602,0.999828,-0.018557,-2.76345e-05,-0.000521045,-0.00430131,0.000260801,0.000947113,0.0817219,0.284474,-1.24845,-0.0084347,-0.046394,0.0551341,16.0802,20.2011,-0.0198606,-0.00759262,0.0163088,0.999827,-0.0185785,-2.62316e-05,-0.000516335,-0.260489,-1.57533,3.33732,0.0816375,0.28401,-1.2479,-0.00843162,-0.0495838,0.0672979
16.0802,0.999827,-0.0185741,-2.81654e-05,-0.000523965,-0.00217078,-5.53099e-06,-0.00198237,0.0816294,0.284501,-1.24856,-0.00925004,-0.0484239,0.0552125,16.1002,19.4541,-0.0145884,-0.00338591,-0.0151195,0.999827,-0.0185849,-2.83714e-05,-0.000533875,0.797071,-0.616795,-2.9311,0.0815369,0.284016,-1.24801,-0.00924699,-0.0514986,0.0705527
16.1002,0.999828,-0.0185555,-2.25819e-05,-0.00051313,0.00248976,0.0011929,0.00094711,0.0815227,0.284457,-1.24862,-0.00964769,-0.0505499,0.0548074,16.1202,22.6293,-0.0354045,0.0102619,-0.0136112,0.999828,-0.018543,-1.65369e-05,-0.000508506,-3.37258,2.10341,-2.58092,0.0814262,0.283952,-1.24807,-0.00964518,-0.0541229,0.0566452
16.1202,0.999829,-0.0184721,-4.34672e-06,-0.000526053,0.00768292,0.00185868,-0.00371343,0.0813409,0.284261,-1.24862,-0.0103953,-0.053327,0.0543916,16.1402,22.1714,-0.0054812,-0.00569345,0.00497628,0.99983,-0.0184337,4.58193e-06,-0.000544788,2.59882,-1.15659,1.07925,0.0812369,0.283728,-1.24807,-0.0103963,-0.0568119,0.0581762
16.1402,0.999832,-0.0183019,-5.01575e-05,-0.000534535,0.0104849,-0.00187033,-0.000517855,0.0810494,0.284239,-1.24945,-0.0116737,-0.0561054,0.0543193,16.1602,22.8964,-0.0312702,0.000265896,0.0371418,0.999833,-0.0182494,-5.9583e-05,-0.00053695,-2.59659,-0.0760956,7.53529,0.0809327,0.283678,-1.24891,-0.0116658,-0.0596712,0.0550195
16.1602,0.999835,-0.0181691,-9.94891e-05,-0.000550316,0.0106229,-0.00386825,-0.000118655,0.0808562,0.284271,-1.25013,-0.0128694,-0.0566473,0.0539244,16.1802,21.9189,-0.0269068,-0.0123107,0.0276833,0.999836,-0.018116,-0.000118867,-0.000550552,-1.74773,-2.54539,5.6016,0.0807275,0.283705,-1.24959,-0.0128527,-0.0600361,0.0587805
16.1802,0.999836,-0.0181174,-0.000121225,-0.000553873,0.0115551,-0.00533294,-0.00091757,0.0807845,0.284258,-1.25033,-0.0130488,-0.0567957,0.0537705,16.2002,21.1436,-0.00915717,-0.00172915,0.00617762,0.999837,-0.0180597,-0.000148,-0.00055797,1.79247,-0.344931,1.34003,0.080654,0.28369,-1.24979,-0.0130288,-0.0600554,0.0619234
16.2002,0.999839,-0.017936,-0.000208674,-0.000552806,0.00729398,-0.00413456,0.000946646,0.0803992,0.284038,-1.25106,-0.01313,-0.0561606,0.0534723,16.2202,19.033,-0.0156149,-0.00129931,0.00651178,0.99984,-0.0178995,-0.000229279,-0.000547695,0.46462,-0.243177,1.40868,0.0802679,0.283476,-1.25052,-0.0130978,-0.0590654,0.0705994
16.2202,0.999841,-0.0177997,-0.000347329,-0.000564556,0.0055629,-0.00586564,0.00201186,0.0800016,0.283647,-1.25141,-0.0129284,-0.054012,0.0538287,16.2402,19.862,-0.0165327,0.0127773,0.0338318,0.999842,-0.0177719,-0.00037649,-0.000553966,0.252024,2.50221,6.92481,0.0798723,0.283107,-1.25087,-0.0128714,-0.0570204,0.0674295
16.2402,0.999843,-0.0177396,-0.000384483,-0.000554099,0.00822608,-0.00293613,0.00107982,0.0798419,0.283455,-1.25146,-0.0123389,-0.0531647,0.0539551,16.2602,17.9664,-0.0266391,-0.00522185,-0.0185557,0.999843,-0.0176985,-0.000399088,-0.000548424,-1.78184,-0.90444,-3.61624,0.0797185,0.282924,-1.25092,-0.0122816,-0.0558768,0.0756169
16.2602,0.999843,-0.0177219,-0.0003869,-0.000554747,0.0034324,-0.000539274,-0.000118632,0.0797657,0.283352,-1.25146,-0.0119452,-0.0527468,0.0540036,16.2802,22.4974,-0.0216868,-0.0101567,0.00933909,0.999843,-0.0177048,-0.000389616,-0.000555286,-0.791605,-1.98915,1.94414,0.0796463,0.282824,-1.25092,-0.011873,-0.0561395,0.0563965
16.2802,0.999842,-0.0177748,-0.000410333,-0.000547626,-0.00375813,-0.000672446,0.00400928,0.0794353,0.282802,-1.25127,-0.0091382,-0.0485049,0.0551292,16.3002,16.8928,-0.0300361,-0.0235639,0.0202859,0.999841,-0.0177936,-0.000413328,-0.00052753,-2.45038,-4.70538,4.08474,0.0793439,0.282317,-1.25072,-0.00908062,-0.05106,0.081357
16.3002,0.99984,-0.017849,-0.000380969,-0.000529087,-0.00667881,0.00198961,-0.000118851,0.0792388,0.282708,-1.25139,-0.00765926,-0.0453853,0.055393,16.3202,20.0896,-0.00538981,-0.00650916,0.0306806,0.99984,-0.0178824,-0.000371015,-0.000529872,2.49323,-1.33554,6.21812,0.0791622,0.282254,-1.25084,-0.00759574,-0.0484366,0.0680263
16.3202,0.99984,-0.0178894,-0.000361031,-0.000527452,-0.0112062,0.00505225,0.000546976,0.079211,0.282736,-1.25146,-0.00752083,-0.0450249,0.0553229,16.3402,21.437,-0.0149121,0.0131323,0.0121396,0.999839,-0.0179454,-0.000335696,-0.000525189,0.59447,2.65323,2.58107,0.0791358,0.282286,-1.25091,-0.0074567,-0.0482883,0.0622265
16.3402,0.999839,-0.0179342,-0.000348569,-0.000527275,-0.0122715,0.00318803,0.000147492,0.0791841,0.282757,-1.25151,-0.00715106,-0.0447038,0.0551686,16.3602,16.2434,-0.0215729,0.0178459,0.0112446,0.999838,-0.0179956,-0.000332585,-0.000526845,-0.729764,3.59569,2.4195,0.0791126,0.28231,-1.25096,-0.00710419,-0.0471827,0.0841585
16.3602,0.999834,-0.0182251,-0.000252647,-0.000501883,-0.0138694,0.00398697,0.00187853,0.0790795,0.282785,-1.25159,-0.00550223,-0.0422092,0.0544417,16.3802,18.8414,-0.0337448,-0.00207135,0.0198415,0.999833,-0.0182944,-0.00023251,-0.000492873,-3.10441,-0.43939,4.06216,0.0790245,0.282363,-1.25105,-0.00546319,-0.0451312,0.0723855
16.3802,0.999831,-0.0183881,-0.000193393,-0.000506012,-0.0109399,0.00625067,-0.000118845,0.0789774,0.282604,-1.25135,-0.00595502,-0.0448928,0.0550424,16.4002,23.0823,-0.0170809,0.0153793,0.00100951,0.99983,-0.0184428,-0.000162128,-0.000507191,0.259529,3.10857,0.360272,0.0789178,0.282155,-1.2508,-0.00591887,-0.0485045,0.0549529
16.4002,0.99983,-0.0184347,-0.000172919,-0.000508579,-0.0124046,0.0051854,-0.000518277,0.0789519,0.282528,-1.25126,-0.00592932,-0.0453789,0.0551873,16.4202,18.9171,-0.0325864,-0.00485605,0.0480959,0.999829,-0.0184967,-0.000147013,-0.000511659,-2.83335,-1.11711,9.70247,0.0788926,0.282075,-1.25071,-0.005903,-0.0483463,0.0728104
16.4202,0.999827,-0.0185716,-9.05996e-05,-0.00051131,-0.0132036,0.00625066,0.000413825,0.0788751,0.282225,-1.25093,-0.00562658,-0.0473347,0.0555047,16.4402,17.099,-0.00830631,-0.00259826,0.0220436,0.999826,-0.0186375,-5.92795e-05,-0.000509828,2.05296,-0.584172,4.5007,0.0788188,0.281752,-1.25038,-0.00561478,-0.0500368,0.0808598
16.4402,0.999827,-0.0186225,-4.4229e-05,-0.000490573,0.00211887,-0.000808156,0.000946202,0.0788489,0.282155,-1.25114,-0.00645816,-0.05114,0.0556707,16.4602,18.708,-0.0150825,-0.0151435,0.00130254,0.999827,-0.018612,-4.81861e-05,-0.000485767,0.70918,-3.02566,0.302292,0.0787843,0.281644,-1.25058,-0.00645258,-0.0541045,0.074184
16.4602,0.999827,-0.0185919,-4.81304e-05,-0.000481046,0.00171939,0.00305343,0.00147883,0.0787999,0.281996,-1.25122,-0.00771274,-0.0551821,0.0561473,16.4802,21.6213,-0.0204692,0.0114156,-0.00506171,0.999827,-0.0185833,-3.27326e-05,-0.000473936,-0.37697,2.3092,-0.873329,0.0787228,0.281444,-1.25066,-0.00770553,-0.0586026,0.0622719
16.4802,0.999827,-0.0185724,-1.69643e-05,-0.000475301,0.00118677,0.00292027,-0.00038538,0.0787465,0.281794,-1.25121,-0.00817459,-0.0571536,0.0564892,16.5002,21.2967,-0.02131,0.0048358,-0.00076201,0.999828,-0.0185664,-2.40408e-06,-0.000477499,-0.548139,0.971189,-0.0392972,0.0786648,0.281222,-1.25064,-0.00817311,-0.0605193,0.0639941
16.5002,0.999829,-0.018499,2.11402e-05,-0.000475021,0.0083773,0.00198816,-0.000918018,0.0786594,0.281371,-1.25108,-0.00769785,-0.059744,0.057031,16.5202,22.5622,-0.00343377,-0.00298808,-0.00771099,0.99983,-0.0184571,3.09745e-05,-0.000479795,3.01334,-0.573538,-1.45802,0.0785824,0.280774,-1.2505,-0.0077036,-0.0632955,0.0591538
16.5202,0.999834,-0.0181996,-4.471e-05,-0.000491456,0.0134373,-0.00333817,-0.00238274,0.0784579,0.280377,-1.25061,-0.0101107,-0.0636201,0.0574501,16.5402,21.3813,-0.00786173,0.00285097,-0.0167544,0.999836,-0.0181325,-6.16479e-05,-0.000503061,2.06677,0.639252,-3.24161,0.0783568,0.279741,-1.25003,-0.0101042,-0.0669313,0.0645928
16.5402,0.999838,-0.0180053,-4.55196e-05,-0.000502219,0.0107829,0.000389052,-0.0015841,0.0783141,0.280018,-1.25098,-0.0111902,-0.0638393,0.0573548,16.5602,19.1646,-0.00977205,-0.00991868,-0.00515546,0.999839,-0.0179514,-4.37443e-05,-0.000510171,1.64751,-1.95673,-0.966126,0.0782022,0.27938,-1.2504,-0.0111842,-0.0667755,0.0739226
16.5602,0.999839,-0.0179637,-4.83753e-05,-0.000510195,0.00918503,-0.000543065,-0.00198349,0.0782878,0.280032,-1.25123,-0.011142,-0.0636262,0.0571755,16.5802,24.1475,-0.0283464,-0.0135089,0.0173211,0.999839,-0.0179178,-5.12917e-05,-0.000520059,-2.07638,-2.7568,3.51742,0.0781763,0.279396,-1.25065,-0.011134,-0.0673173,0.052553
16.5802,0.99984,-0.0178538,-8.39905e-05,-0.000510892,0.0135908,-0.00560447,-0.00145134,0.078258,0.280216,-1.25197,-0.0108299,-0.0624502,0.056339,16.6002,24.6422,-0.0158021,0.0115421,0.00309094,0.999842,-0.0177859,-0.000112173,-0.000517641,0.409028,2.31219,0.761731,0.0781497,0.279591,-1.25141,-0.0108142,-0.0661939,0.049612
16.6002,0.999847,-0.0175149,-0.000239454,-0.00051868,0.00853077,-0.00320769,-0.00145137,0.0780977,0.280525,-1.25377,-0.012085,-0.0595257,0.0549772,16.6202,21.2275,-0.0393036,-0.000471487,0.00552093,0.999847,-0.0174722,-0.000255639,-0.000525644,-4.35898,-0.0698165,1.20797,0.0779768,0.279929,-1.25322,-0.0120434,-0.0626895,0.0627695
16.6202,0.999847,-0.0174696,-0.000260898,-0.000521582,-0.00385292,-0.000943992,-0.00238347,0.0779607,0.280624,-1.25462,-0.0108151,-0.0539408,0.0542118,16.6402,19.1598,-0.0226587,-0.0181121,-0.00236928,0.999847,-0.0174888,-0.000265815,-0.00053342,-1.03685,-3.56378,-0.431582,0.0778526,0.280085,-1.25408,-0.0107741,-0.056789,0.0707969
16.6402,0.999847,-0.0174687,-0.000284458,-0.000521321,-0.00132294,-0.00573768,1.33921e-05,0.077929,0.280651,-1.25479,-0.0106152,-0.052429,0.0543162,16.6602,25.1728,-0.0199343,0.0122346,0.0232745,0.999847,-0.0174753,-0.000313137,-0.000520755,-0.494358,2.42004,4.80232,0.0778229,0.280127,-1.25425,-0.0105562,-0.0561709,0.0453297
16.6602,0.999846,-0.0175159,-0.000407096,-0.000500568,-0.00970628,-0.00520581,-0.00145157,0.0777963,0.281314,-1.25625,-0.0101751,-0.0451855,0.0540566,16.6802,19.5993,-0.00922372,0.0154201,-0.0107452,0.999846,-0.0175644,-0.000433224,-0.000507389,1.65552,3.20167,-1.99384,0.0776946,0.280863,-1.25571,-0.0101087,-0.0481068,0.0687728
16.6802,0.99984,-0.0178605,-0.000386925,-0.000476924,-0.0222231,0.00238414,0.00214368,0.0777019,0.281907,-1.25712,-0.00784396,-0.0386158,0.0541282,16.7002,19.4589,-0.0128375,-0.00593881,0.000486541,0.999838,-0.0179716,-0.000374761,-0.000466463,1.00527,-1.11316,0.172441,0.0776234,0.28152,-1.25658,-0.0077813,-0.0415732,0.0694439
16.7002,0.999837,-0.0180307,-0.000374273,-0.000481263,-0.0231552,0.000519977,-0.000652582,0.0776865,0.28214,-1.25735,-0.00672508,-0.0366394,0.054769,16.7202,20.4983,-0.0395741,-0.0290342,-0.00830943,0.999835,-0.0181464,-0.000371676,-0.000484616,-4.30969,-5.7049,-1.66712,0.0776193,0.281773,-1.2568,-0.00666131,-0.0397845,0.0656656
16.7202,0.999836,-0.0181189,-0.00037654,-0.000488865,-0.0234216,-0.000412138,-0.00185104,0.0776826,0.282249,-1.25744,-0.00644097,-0.0363506,0.0549259,16.7402,22.2362,-0.0167732,0.00634102,-0.00806888,0.999834,-0.018236,-0.000378711,-0.000498126,0.267776,1.37089,-1.49151,0.0776182,0.281886,-1.25689,-0.0063714,-0.0397789,0.0584322
16.7402,0.999828,-0.0185303,-0.000335794,-0.000517608,-0.0216905,0.00438165,0.000545816,0.0776599,0.282652,-1.25764,-0.00597741,-0.0371788,0.0566229,16.7602,17.9985,-0.0078072,-0.00288207,-0.00706321,0.999826,-0.0186387,-0.000313783,-0.000515321,2.14449,-0.483799,-1.31905,0.0776001,0.28228,-1.25708,-0.00592745,-0.0400168,0.0781525
16.7602,0.999819,-0.0190022,-0.000231808,-0.000520769,-0.0234216,0.00637897,0.0018774,0.0776355,0.282757,-1.25745,-0.00521904,-0.0396324,0.0577997,16.7802,21.0398,-0.00453059,-0.0302738,-0.0274687,0.999817,-0.0191193,-0.000199679,-0.000512017,2.89315,-5.9034,-5.50345,0.0775833,0.282361,-1.25687,-0.00517931,-0.0430344,0.0663996
16.7802,0.999818,-0.0190758,-0.000205022,-0.00052245,-0.0192937,0.00677841,-0.000253191,0.0776296,0.282739,-1.25736,-0.00511218,-0.0405009,0.0580249,16.8002,18.2922,-0.0238427,-0.00769648,-0.00716157,0.999816,-0.0191723,-0.00017111,-0.000524383,-0.95329,-1.47319,-1.35597,0.0775785,0.282334,-1.25678,-0.00508182,-0.0434701,0.078309
16.8002,0.999815,-0.01922,-0.000149867,-0.000511512,-0.00917365,0.00344947,-0.000119982,0.077609,0.282576,-1.25704,-0.00505384,-0.0450998,0.0585221,16.8202,19.8544,-0.00455532,-0.00205276,-0.0262597,0.999814,-0.0192658,-0.000132611,-0.00051245,2.93115,-0.280031,-5.15645,0.0775585,0.282125,-1.25645,-0.00503018,-0.0483468,0.0721641
16.8202,0.999814,-0.0192872,-8.90521e-05,-0.000495601,-0.00011094,0.00358136,-0.000919201,0.0775852,0.282229,-1.25688,-0.00702809,-0.0561789,0.0596624,16.8402,18.5813,-0.0204051,0.00201331,-0.00551025,0.999814,-0.0192877,-7.1237e-05,-0.000500542,-0.223999,0.439628,-0.994614,0.0775149,0.281667,-1.25628,-0.00701552,-0.0592284,0.0787185
16.8402,0.999814,-0.0192806,-7.61128e-05,-0.000491148,0.000688002,0.00331505,0.00121132,0.0775762,0.282139,-1.25687,-0.00735651,-0.0577071,0.059845,16.8602,23.0907,-0.00651901,-0.00384924,0.00741052,0.999814,-0.0192772,-5.94255e-05,-0.000485412,2.55284,-0.7837,1.5653,0.0775027,0.281562,-1.25627,-0.00734341,-0.0614954,0.0597262
16.8602,0.999816,-0.0191548,-4.28519e-05,-0.000490965,0.0136043,0.00264927,-0.00211763,0.0775246,0.281739,-1.25675,-0.00853129,-0.0622711,0.0602455,16.8802,21.986,-0.0357802,0.0026252,0.0104641,0.999818,-0.0190867,-2.98441e-05,-0.000501802,-3.32663,0.489911,2.20097,0.0774393,0.281116,-1.25615,-0.00852504,-0.0658546,0.0648233
16.8802,0.999824,-0.0187269,-0.000106943,-0.000497518,0.0205285,-0.00826975,-0.000786085,0.0773369,0.280644,-1.25628,-0.0113027,-0.0698748,0.0606895,16.9002,23.597,-0.0253406,-0.00631002,-0.00275846,0.999826,-0.0186243,-0.000148409,-0.000500663,-1.32258,-1.23259,-0.4752,0.0772239,0.279945,-1.25567,-0.0112831,-0.073635,0.0584137
16.9002,0.999833,-0.0182841,-0.000236009,-0.000474207,0.0249305,-0.00560764,0.00147732,0.0771019,0.279863,-1.25644,-0.0138108,-0.0714112,0.0607472,16.9202,16.1158,-0.00141699,0.0150073,0.0131727,0.999835,-0.0181595,-0.000263966,-0.000466279,3.37194,2.99985,2.78387,0.0769638,0.279149,-1.25584,-0.0137797,-0.0739186,0.0902818
16.9202,0.999835,-0.0181814,-0.000259482,-0.000474382,0.0246642,-0.00574079,-0.000120471,0.0770418,0.279674,-1.25643,-0.0140444,-0.0711493,0.0606562,16.9402,20.7631,-0.0274273,-0.00698414,-0.0218784,0.999837,-0.0180581,-0.000288251,-0.000474431,-1.85108,-1.26776,-4.30407,0.0769013,0.278963,-1.25582,-0.014,-0.0743616,0.0704275
16.9402,0.999839,-0.0179601,-0.000311473,-0.000459715,0.0279931,-0.00840394,0.0029421,0.076917,0.279269,-1.25637,-0.0137917,-0.0710437,0.060352,16.9602,20.2096,-0.0181516,-0.00102288,0.00188271,0.999841,-0.0178202,-0.000353286,-0.000444208,-0.0380936,-0.15069,0.465866,0.0767791,0.278559,-1.25577,-0.0137395,-0.0741323,0.0724756
16.9602,0.999846,-0.0175502,-0.000471949,-0.000450754,0.0197443,-0.00933703,-0.000786494,0.0767187,0.278762,-1.25659,-0.0134898,-0.0693192,0.0597376,16.9802,22.8202,-0.0199161,-0.00972104,0.00577322,0.999847,-0.0174515,-0.000518741,-0.00045382,-0.472062,-1.87159,1.21236,0.0765838,0.278068,-1.25599,-0.0133996,-0.0727273,0.0607568
16.9802,0.99985,-0.0172902,-0.000614693,-0.000454589,0.00722743,-0.00480968,0.00107765,0.0764865,0.278233,-1.25676,-0.011746,-0.0615522,0.0586623,17.0002,20.6901,-0.0191758,-0.0176716,0.00337223,0.999851,-0.0172541,-0.000638661,-0.000448763,-0.37572,-3.42428,0.706497,0.0763691,0.277617,-1.25617,-0.0116392,-0.0645963,0.0687388
17.0002,0.999851,-0.0172652,-0.000620492,-0.00044819,0.0050969,-0.00134758,0.00161031,0.0764482,0.278137,-1.25675,-0.0110149,-0.0597076,0.058449,17.0202,21.8875,-0.0184872,-0.0143609,0.0260058,0.999851,-0.0172397,-0.000627101,-0.000440008,-0.241445,-2.83912,5.24271,0.076338,0.27754,-1.25617,-0.0109008,-0.0629233,0.0634328
17.0202,0.999852,-0.0171941,-0.000662636,-0.00046494,0.00323933,-0.00441134,0.00027846,0.0763859,0.278037,-1.25693,-0.00821545,-0.0535673,0.0582964,17.0402,19.1661,-0.0301706,0.00244576,0.00728214,0.999852,-0.0171779,-0.000684673,-0.000463158,-2.59533,0.59374,1.56159,0.0763037,0.277501,-1.25635,-0.00810868,-0.0563716,0.0748533
17.0402,0.999846,-0.0175495,-0.000617937,-0.00047363,-0.0244521,0.0087703,-0.00105343,0.0765299,0.278773,-1.25778,-0.00452863,-0.0416541,0.0570672,17.0602,21.7418,-0.0270744,-0.00736405,0.0316105,0.999844,-0.0176717,-0.000574127,-0.000479741,-1.90268,-1.46253,6.39334,0.0764846,0.278356,-1.25721,-0.00441585,-0.044901,0.0626726
17.0602,0.999844,-0.017641,-0.000583139,-0.000479841,-0.024452,0.00890358,-0.00131972,0.0765727,0.27893,-1.2579,-0.00334866,-0.0401411,0.0572068,17.0802,21.1394,-0.0213187,-0.00705185,-0.0428332,0.999842,-0.0177632,-0.000538686,-0.000487296,-0.743325,-1.14446,-8.49175,0.0765392,0.278529,-1.25733,-0.00324529,-0.0433144,0.0653745
17.0802,0.999843,-0.0177343,-0.000543822,-0.000472279,-0.0248516,0.0099687,0.0021424,0.0766235,0.279087,-1.25801,-0.00214323,-0.0387578,0.0574001,17.1002,19.4142,-0.0304158,-3.36385e-05,-0.0167202,0.99984,-0.0178585,-0.000493738,-0.00046252,-2.53931,0.158452,-3.24588,0.0766021,0.2787,-1.25743,-0.00205478,-0.0416876,0.072905
17.1002,0.999839,-0.0179169,-0.000473607,-0.000453795,-0.0236531,0.0103683,0.00374024,0.0767394,0.279395,-1.25817,-0.000993507,-0.0366487,0.0573221,17.1202,22.4169,-0.0210582,-0.000841423,0.010495,0.999837,-0.0180351,-0.000421386,-0.000436081,-0.627494,-0.11307,2.18838,0.0767294,0.279029,-1.25759,-0.000904717,-0.0400664,0.0600588
17.1202,0.99983,-0.018428,-0.000339527,-0.000455944,-0.029774,0.00663888,-0.00171948,0.0770744,0.280294,-1.25872,-0.00121841,-0.035625,0.0578787,17.1402,20.0474,-0.0202783,0.0171125,-0.00401256,0.999827,-0.0185768,-0.000306429,-0.000465202,-0.372519,3.50274,-0.646756,0.0770623,0.279938,-1.25815,-0.00116193,-0.0387686,0.0706949
17.1402,0.999822,-0.0188714,-0.0001856,-0.000454607,-0.029774,0.0103673,0.000677427,0.0773194,0.280937,-1.2591,-0.00130861,-0.0362199,0.0581343,17.1602,24.4602,-0.0370003,-0.00703403,-0.0163723,0.999819,-0.0190202,-0.000133641,-0.000452226,-3.6276,-1.31101,-3.20815,0.0773064,0.280575,-1.25852,-0.00127177,-0.0401477,0.0521892
17.1602,0.99982,-0.0189795,-0.000134734,-0.000456358,-0.0284424,0.0128973,-0.000121612,0.0773788,0.281065,-1.25916,-0.00106761,-0.0365738,0.0583659,17.1802,21.0581,-0.0126319,0.00506085,0.0120748,0.999817,-0.0191217,-7.02052e-05,-0.000458209,1.26921,0.991941,2.52534,0.0773681,0.280699,-1.25857,-0.00104502,-0.0399746,0.0668879
17.1802,0.999815,-0.0192244,-2.29947e-05,-0.000456532,-0.0199203,0.00663883,0.000943719,0.077551,0.281356,-1.25923,-0.00105075,-0.0392163,0.0588099,17.2002,22.3085,-0.046474,0.0073173,-0.038159,0.999813,-0.019324,1.03295e-05,-0.000452455,-5.4561,1.61026,-7.51074,0.0775405,0.280964,-1.25864,-0.00104805,-0.0428655,0.0620168
17.2002,0.99981,-0.0195055,0.000140195,-0.000446043,-0.00966257,0.00610526,0.00134292,0.0778011,0.281537,-1.25929,-0.00526322,-0.0493631,0.0604108,17.2202,21.8469,-0.0376674,0.017417,0.0432499,0.999809,-0.0195538,0.000170868,-0.000439918,-3.64072,3.28263,8.80442,0.0777485,0.281044,-1.25868,-0.0052909,-0.052989,0.0655825
17.2202,0.999808,-0.0195731,0.00019571,-0.00046514,-0.00353381,0.00237605,-0.00105421,0.0779021,0.281682,-1.25984,-0.00727499,-0.0535237,0.0605252,17.2402,17.034,0.0158937,0.0079499,-0.0175157,0.999808,-0.0195907,0.000207493,-0.00047064,7.09147,1.62059,-3.37771,0.0778294,0.281146,-1.25923,-0.00730468,-0.0563606,0.0861623
17.2402,0.999808,-0.0195642,0.000199918,-0.000474628,0.0008604,0.00131078,-0.00225264,0.0779206,0.281684,-1.25998,-0.00813156,-0.0549054,0.0606946,17.2602,22.9841,-0.0275855,0.00961485,-0.00443941,0.999809,-0.0195599,0.000206248,-0.000486018,-1.60566,1.89738,-0.756286,0.0778393,0.281135,-1.25937,-0.00817248,-0.0587316,0.0610311
17.2602,0.999814,-0.0193076,7.65398e-05,-0.000454167,0.0141762,-0.00641237,0.000410551,0.0778683,0.281338,-1.26044,-0.0132057,-0.0637302,0.0608621,17.2802,19.9483,-0.0291631,0.0137531,0.0160781,0.999815,-0.0192368,4.44914e-05,-0.000451501,-1.97401,2.67007,3.35851,0.0777362,0.280701,-1.25984,-0.0132202,-0.0670074,0.0741056
17.2802,0.99982,-0.0189895,-0.000103351,-0.000425063,0.0171095,-0.0085437,0.000543487,0.0776228,0.280584,-1.26077,-0.0163009,-0.0680867,0.0610027,17.3002,20.8822,-0.0255028,0.00472601,0.00438179,0.999821,-0.018904,-0.000146046,-0.000421526,-1.30336,0.946888,0.979674,0.0774598,0.279903,-1.26016,-0.0162839,-0.071461,0.070273
17.3002,0.999821,-0.0189169,-0.000133136,-0.000431772,0.0169764,-0.00721207,-0.00172032,0.0775652,0.280434,-1.26086,-0.0166218,-0.0680861,0.0609687,17.3202,20.6381,-0.0382204,-0.00952211,-0.0331732,0.999823,-0.0188321,-0.000169389,-0.000439679,-3.8644,-1.75525,-6.58213,0.077399,0.279753,-1.26025,-0.0165998,-0.0714081,0.0712764
17.3202,0.999828,-0.018523,-0.000378946,-0.000430032,0.0254985,-0.0179979,0.00200814,0.0772934,0.279718,-1.26107,-0.0175453,-0.0690549,0.0610944,17.3402,19.3114,-0.0367073,0.0015638,-0.0110737,0.999831,-0.0183956,-0.000468789,-0.000418278,-3.63931,0.426349,-2.11979,0.0771179,0.279027,-1.26046,-0.0174843,-0.0720987,0.0770409
17.3402,0.999837,-0.0180343,-0.000713609,-0.000450477,0.0131148,-0.00960898,-0.0019866,0.076802,0.278368,-1.26093,-0.0175463,-0.0662426,0.0613727,17.3602,22.1121,-0.0193373,0.00719896,0.0094034,0.999838,-0.0179688,-0.000761855,-0.000459495,-0.260205,1.5466,1.99918,0.0766265,0.277705,-1.26032,-0.0174135,-0.0696359,0.0654064
17.3602,0.999839,-0.0179199,-0.000799332,-0.000429897,0.00925323,-0.00601369,0.000277101,0.0765775,0.277692,-1.26068,-0.0146056,-0.0612405,0.0616588,17.3802,20.0022,-0.0307449,-0.00590983,-0.0206121,0.99984,-0.0178736,-0.00082939,-0.000427936,-2.56931,-0.950705,-4.05206,0.0764314,0.277079,-1.26007,-0.0144708,-0.0642906,0.0746644
17.3802,0.99984,-0.0178768,-0.000840412,-0.000429362,0.0100522,-0.0101416,1.07304e-05,0.0765148,0.277477,-1.26057,-0.0138791,-0.0596649,0.0620005,17.4002,23.874,-0.0270257,0.00424707,0.00292898,0.999841,-0.0178266,-0.000891133,-0.000428359,-1.83014,1.00454,0.691289,0.076376,0.27688,-1.25995,-0.01371,-0.0632967,0.0585407
17.4002,0.999841,-0.0177983,-0.00098124,-0.000430395,-0.00512254,0.000509796,0.000676258,0.0763302,0.276627,-1.26017,-0.00925664,-0.0521045,0.0631765,17.4202,19.8141,-0.0239602,-0.000949241,-0.019913,0.999841,-0.0178239,-0.00097862,-0.000427085,-1.23718,0.0752197,-3.89458,0.0762377,0.276106,-1.25954,-0.00909249,-0.0551054,0.0769812
17.4202,0.999837,-0.0180548,-0.000868864,-0.000431697,-0.0179057,0.00783348,0.000543109,0.0763575,0.276154,-1.2597,-0.00418424,-0.0441879,0.0629978,17.4402,20.4495,-0.0213295,0.00612808,-0.0122121,0.999835,-0.0181443,-0.000829615,-0.000429767,-0.658055,1.44142,-2.32985,0.0763157,0.275712,-1.25907,-0.00403441,-0.0473296,0.0741021
17.4402,0.999836,-0.0181104,-0.000847066,-0.000431282,-0.0145768,0.0055698,0.000276805,0.0763831,0.276071,-1.25957,-0.00341144,-0.0429089,0.0630942,17.4602,24.0431,-0.0175152,-0.0235175,-0.013625,0.999834,-0.0181832,-0.000819165,-0.000430464,0.117438,-4.4855,-2.72052,0.076349,0.275642,-1.25894,-0.00323974,-0.0466142,0.0589168
17.4602,0.999833,-0.0182809,-0.000772711,-0.000440804,-0.013911,0.0069014,0.000143612,0.0764815,0.275821,-1.25911,-0.00190498,-0.0409587,0.0633681,17.4802,23.6748,-0.04291,-0.0029034,-0.0132943,0.999831,-0.0183504,-0.000738166,-0.000440771,-4.9299,-0.381244,-2.57426,0.0764625,0.275412,-1.25847,-0.00175093,-0.0446416,0.0607582
17.4802,0.999825,-0.0186883,-0.00052068,-0.000423322,-0.0252253,0.016088,0.000143367,0.0767446,0.275512,-1.25855,-8.48469e-05,-0.0407016,0.0633442,17.5002,20.4656,-0.00804657,0.01547,-0.0476786,0.999823,-0.0188144,-0.000440187,-0.000424174,2.11753,3.37509,-9.39074,0.0767437,0.275105,-1.25792,4.44899e-06,-0.0439562,0.0743837
17.5002,0.999818,-0.0190545,-0.000327375,-0.000424393,-0.0208311,0.012626,0.000809042,0.0770065,0.275242,-1.25813,0.00019778,-0.0414969,0.0635216,17.5202,20.0272,-0.0238574,-0.0164752,0.00254161,0.999816,-0.0191586,-0.000264135,-0.000421586,-0.959765,-3.24068,0.531871,0.0770085,0.274827,-1.25749,0.000252191,-0.0447441,0.0764279
17.5202,0.999817,-0.019125,-0.000282744,-0.00042443,-0.0183011,0.0112943,0.000276513,0.0770657,0.275149,-1.25799,-8.71272e-05,-0.0422636,0.0634787,17.5402,20.51,-0.037244,0.0223178,-0.0259466,0.999815,-0.0192165,-0.000226217,-0.000424154,-3.6307,4.61536,-5.01603,0.0770648,0.274726,-1.25735,-3.91992e-05,-0.0456014,0.0743322
17.5402,0.999815,-0.0192404,-0.000149224,-0.000419136,-0.00818107,0.0120933,0.00293958,0.0772103,0.274759,-1.25751,-0.00191637,-0.0472884,0.0638968,17.5602,17.4071,-0.0192066,-0.000535959,-0.0133077,0.999814,-0.0192813,-8.84686e-05,-0.00040561,0.00607538,-0.0277336,-2.57872,0.0771911,0.274287,-1.25687,-0.00189546,-0.0501383,0.0879452
17.5602,0.999813,-0.0193515,-5.3362e-06,-0.000433324,-0.0077816,0.00583489,0.000409603,0.0773094,0.273938,-1.2567,-0.00446226,-0.0545792,0.0642416,17.5802,22.2055,-0.0331649,0.000341629,-0.0497476,0.999812,-0.0193904,2.38893e-05,-0.000431841,-2.76845,0.259044,-9.85966,0.0772648,0.273392,-1.25605,-0.00446284,-0.0582356,0.0678874
17.5802,0.999812,-0.0193785,3.46651e-05,-0.000433512,0.00420701,-0.00175667,0.00320557,0.0774077,0.273139,-1.25643,-0.00805088,-0.0596958,0.0637409,17.6002,20.8501,-0.00548678,0.00573042,0.0163381,0.999813,-0.0193575,2.61849e-05,-0.000417318,2.77731,1.07514,3.37587,0.0773271,0.272542,-1.25579,-0.00805852,-0.0631338,0.0731502
17.6002,0.999813,-0.0193409,3.02083e-05,-0.00042677,0.0087344,-0.000957702,0.00174082,0.0774074,0.272894,-1.25634,-0.00907112,-0.0610983,0.0633069,17.6202,27.4408,-0.0323417,-0.0157121,-0.0169041,0.999814,-0.0192972,2.55704e-05,-0.000417977,-2.60057,-3.08524,-3.35582,0.0773167,0.272283,-1.2557,-0.0090801,-0.0656143,0.0446912
17.6202,0.999816,-0.019205,2.2136e-05,-0.000425539,0.0177891,-0.000291973,0.000675584,0.0773769,0.272345,-1.25612,-0.0110666,-0.0647197,0.0627699,17.6402,20.6665,-0.0316159,0.000466266,-0.0127372,0.999817,-0.0191161,2.07034e-05,-0.000422136,-2.48323,0.135043,-2.46023,0.0772662,0.271697,-1.25549,-0.0110719,-0.0680969,0.0729587
17.6402,0.99982,-0.0189954,-1.26964e-05,-0.000420802,0.0172565,-0.00628402,-0.0015881,0.0772928,0.271442,-1.25588,-0.0138195,-0.0703321,0.0620205,17.6602,22.9306,-0.0267514,-0.0154823,-0.0280935,0.999821,-0.0189092,-4.42979e-05,-0.000428143,-1.55231,-2.98889,-5.59229,0.0771546,0.270738,-1.25526,-0.0138186,-0.0740384,0.0625805
17.6602,0.999827,-0.0186136,-0.000225541,-0.000422673,0.0208567,-0.0136094,0.00107462,0.0770891,0.269899,-1.25577,-0.0178457,-0.07344,0.0616675,17.6802,21.1081,-0.00671966,-0.0150591,0.00336095,0.999829,-0.0185094,-0.00029352,-0.000416011,2.37993,-2.97927,0.700835,0.0769106,0.269165,-1.25515,-0.0178066,-0.0767832,0.0699744
17.6802,0.999833,-0.0182883,-0.000405804,-0.000432409,0.0281803,-0.0156068,-0.000123699,0.0768676,0.26885,-1.25555,-0.0197695,-0.0737652,0.0617767,17.7002,20.9909,-0.0271756,-0.00136895,0.0213464,0.999835,-0.0181475,-0.000483897,-0.000431543,-1.77688,-0.273025,4.35224,0.0766699,0.268112,-1.25493,-0.0196984,-0.0770318,0.0705801
17.7002,0.999834,-0.0181812,-0.000467081,-0.0004342,0.0260498,-0.0150742,-0.000656443,0.0767802,0.268484,-1.25545,-0.0203345,-0.0740201,0.0618035,17.7202,21.3438,-0.00508123,0.00172036,-2.75268e-05,0.999837,-0.018051,-0.000542556,-0.00043605,2.61996,0.437075,0.0880515,0.0765769,0.267744,-1.25483,-0.0202511,-0.0773222,0.0691055
17.7202,0.999841,-0.0178099,-0.000648914,-0.000437313,0.0193973,-0.0117473,9.06402e-06,0.0765167,0.267248,-1.25538,-0.0201272,-0.0732343,0.0615145,17.7402,18.4135,0.000468859,-0.00117937,-0.00772717,0.999843,-0.017713,-0.000707682,-0.000436159,3.65473,-0.0785103,-1.462,0.0763154,0.266516,-1.25477,-0.0200267,-0.0760249,0.0812754
17.7402,0.999847,-0.0174614,-0.00105955,-0.000427955,0.01234,-0.0166741,0.00160705,0.0761719,0.265528,-1.25514,-0.0183595,-0.0645737,0.0598374,17.7602,20.2003,-0.00582168,-0.00971445,-0.0136424,0.999848,-0.0173998,-0.00114279,-0.0004184,2.32552,-1.68357,-2.67518,0.0759883,0.264882,-1.25454,-0.0181786,-0.0675753,0.0719976
17.7602,0.999848,-0.0174075,-0.00110723,-0.000431084,0.0126062,-0.0116142,-0.000923027,0.0761142,0.265259,-1.25506,-0.0179433,-0.0630702,0.0596272,17.7802,20.312,-0.017547,-0.00708979,-0.0169043,0.999849,-0.0173445,-0.0011654,-0.000434618,-0.0316094,-1.13899,-3.31494,0.0759347,0.264628,-1.25447,-0.0177533,-0.066079,0.0713121
17.7802,0.999848,-0.0173671,-0.00114311,-0.000423506,0.00275252,-0.00309206,0.00107435,0.0760068,0.264735,-1.25488,-0.016235,-0.0601416,0.0593907,17.8002,21.5828,-0.0117343,0.0159994,0.00794359,0.999849,-0.0173534,-0.00115848,-0.00041785,1.12658,3.3994,1.73142,0.0758444,0.264134,-1.25428,-0.0160264,-0.0633313,0.0656713
17.8002,0.999848,-0.0173686,-0.00111735,-0.000431923,-0.00217432,0.0043648,-0.00132249,0.0759331,0.264233,-1.25465,-0.013047,-0.057013,0.0593649,17.8202,18.0924,-0.0110121,-0.0163039,-0.0192332,0.999848,-0.0173794,-0.00109564,-0.000438926,1.26741,-2.97099,-3.81386,0.0758027,0.263663,-1.25406,-0.0128762,-0.0596871,0.080489
17.8202,0.999845,-0.0175537,-0.00118309,-0.000444355,-0.0152238,-0.00562209,-0.00278721,0.075924,0.263102,-1.25391,-0.00743754,-0.0486865,0.0585354,17.8402,20.6315,-0.0232923,0.0125047,-0.0141791,0.999844,-0.0176298,-0.00121141,-0.000457886,-1.15306,2.78485,-2.69712,0.0758496,0.262615,-1.25332,-0.00723121,-0.0517683,0.0688625
17.8402,0.99984,-0.0178226,-0.00112332,-0.000430281,-0.01788,0.0120853,0.00200604,0.0761754,0.26281,-1.25381,-0.00542157,-0.0438341,0.057459,17.8602,18.4291,-0.0266525,-0.0136724,-0.00804228,0.999839,-0.017912,-0.00106268,-0.00042143,-1.76748,-2.48303,-1.5649,0.0761212,0.262372,-1.25323,-0.00524661,-0.0466291,0.077154
17.8602,0.999839,-0.0178982,-0.00107052,-0.000436369,-0.0198774,0.01355,-0.00118974,0.0762451,0.262737,-1.25375,-0.0042631,-0.0432357,0.0571829,17.8802,19.2333,-0.0189559,0.00391811,-0.00688124,0.999837,-0.0179975,-0.00100284,-0.000443635,-0.213507,1.02054,-1.27068,0.0762025,0.262305,-1.25318,-0.00408918,-0.046165,0.0734583
17.8802,0.999838,-0.0179723,-0.00100464,-0.000428296,-0.0194779,0.0167459,0.00240544,0.0763236,0.26266,-1.25369,-0.00263363,-0.0428455,0.0569999,17.9002,21.0218,-0.0333333,-0.00488837,0.0149104,0.999836,-0.0180696,-0.000920669,-0.000417874,-3.07015,-0.83307,3.05637,0.0762972,0.262231,-1.25312,-0.0024553,-0.0460604,0.0656699
17.9002,0.99983,-0.0184037,-0.000742266,-0.00040689,-0.0209427,0.0095553,0.000141857,0.0768527,0.262193,-1.2532,0.00294324,-0.0425009,0.0572138,17.9202,18.3896,-0.0165369,0.0129003,-0.0214001,0.999828,-0.0185084,-0.000694441,-0.000407137,0.368055,2.80547,-4.148,0.0768821,0.261768,-1.25263,0.00305822,-0.0453807,0.0770799
17.9202,0.999824,-0.0187704,-0.000552417,-0.000402922,-0.0228069,0.0150148,0.000541264,0.07729,0.261661,-1.25262,0.00182138,-0.0445658,0.056935,17.9402,22.1721,-0.0356196,0.00136529,-0.0359243,0.999821,-0.0188844,-0.000477259,-0.000401688,-3.37746,0.515465,-7.09395,0.0773082,0.261215,-1.25205,0.00192418,-0.0481072,0.0607186
17.9402,0.999822,-0.0188353,-0.000480604,-0.000406081,-0.0169479,0.0182106,-0.000390889,0.0773868,0.261498,-1.25245,0.001593,-0.0456237,0.0568139,17.9602,19.9157,-0.0507001,0.0162473,-0.0154704,0.999821,-0.01892,-0.00038957,-0.000409791,-6.37976,3.39916,-2.94625,0.0774027,0.261042,-1.25188,0.00167315,-0.0488157,0.0701929
17.9602,0.999821,-0.0188863,-0.000404109,-0.00041624,-0.0134858,0.019409,-0.00212189,0.0774801,0.26132,-1.25227,0.00151323,-0.0469581,0.0568533,17.9802,19.6971,-0.015672,0.00469713,0.00269435,0.99982,-0.0189537,-0.000307254,-0.000428707,0.642731,1.00858,0.641015,0.0774952,0.26085,-1.25171,0.00157964,-0.0501236,0.0711624
17.9802,0.999819,-0.019029,-0.000119619,-0.000421757,-0.00616213,0.0146153,0.000674456,0.0778401,0.260419,-1.25146,0.00186189,-0.053657,0.0571973,18.0002,22.4079,-0.00147507,-0.0181849,0.000815123,0.999818,-0.0190598,-4.64787e-05,-0.00041978,3.51177,-3.61564,0.178158,0.0778587,0.259882,-1.25089,0.00188317,-0.0572853,0.0599799
18.0002,0.999818,-0.0190605,2.34938e-05,-0.000423974,0.00130089,0.00742246,-0.00198919,0.0783578,0.259322,-1.25096,-0.00283735,-0.0618436,0.0570452,18.0202,21.8721,0.00899662,-0.001855,0.013456,0.999818,-0.019054,6.0407e-05,-0.000434625,5.61069,-0.426163,2.76846,0.0783294,0.258703,-1.25039,-0.00284323,-0.065391,0.0621065
18.0202,0.99982,-0.0189838,0.000102372,-0.000425456,0.0112878,0.00941982,0.00133974,0.0784977,0.258791,-1.25076,-0.00519591,-0.0649631,0.0567574,18.0402,19.572,-0.0307339,0.02604,-0.00317967,0.999821,-0.0189274,0.000149565,-0.000419659,-2.35416,5.19605,-0.452505,0.0784458,0.258141,-1.25019,-0.0052143,-0.0681246,0.0715987
18.0402,0.999822,-0.0188436,0.000161478,-0.000407364,0.0195435,0.00635722,0.00240498,0.0785953,0.25818,-1.25051,-0.0069244,-0.0682958,0.0564126,18.0602,20.1432,-0.0118296,-0.00529092,-0.00356506,0.999824,-0.0187459,0.000193445,-0.000395956,1.40343,-1.07781,-0.651749,0.078526,0.257497,-1.24995,-0.0069534,-0.0715256,0.0688243
18.0602,0.99983,-0.0184258,0.000108074,-0.000391014,0.0220735,-0.00655919,0.00373659,0.0786791,0.256316,-1.24974,-0.0117061,-0.0749735,0.0561505,18.0802,19.311,-0.0187699,-0.00896281,0.0215427,0.999832,-0.0183155,7.55847e-05,-0.000371742,-0.069602,-1.89472,4.35257,0.078562,0.255566,-1.24918,-0.0117251,-0.0780013,0.0720984
18.0802,0.99984,-0.0179027,-0.000133156,-0.000366018,0.0299361,-0.0137529,0.000274186,0.0787398,0.25462,-1.24933,-0.0167557,-0.0762138,0.0552638,18.1002,21.551,-0.00533774,0.000808324,-0.00348319,0.999842,-0.0177531,-0.00020194,-0.000363397,2.51295,0.200347,-0.620299,0.0785723,0.253858,-1.24878,-0.0167325,-0.0794969,0.0616826
18.1002,0.999842,-0.0177777,-0.000177437,-0.000364946,0.0303356,-0.0106903,0.000140987,0.0787808,0.254362,-1.24937,-0.0169226,-0.0761503,0.0550482,18.1202,16.5499,-0.0145366,-0.00315609,-0.0171206,0.999845,-0.0176261,-0.000230922,-0.000363264,0.64738,-0.535824,-3.36131,0.0786116,0.2536,-1.24882,-0.0168985,-0.0786539,0.082734
18.1202,0.999848,-0.0174403,-0.000294578,-0.000343369,0.0238178,-0.00976187,0.00067278,0.0789375,0.253652,-1.24962,-0.0168225,-0.0747403,0.053765,18.1402,21.4845,-0.000809172,-0.0135406,0.0163667,0.99985,-0.0173213,-0.000343362,-0.000339119,3.32736,-2.70595,3.29433,0.0787693,0.252905,-1.24908,-0.0167698,-0.0779288,0.0604635
18.1402,0.999854,-0.0170985,-0.000601539,-0.000353799,0.0106351,-0.0154877,-0.00212356,0.0791961,0.252529,-1.24997,-0.0154956,-0.0672191,0.0522339,18.1602,19.7599,-0.0117955,-0.0284523,0.014943,0.999854,-0.0170453,-0.000679167,-0.000363059,1.06275,-5.62127,2.96303,0.0790411,0.251857,-1.24944,-0.0153955,-0.0700942,0.0662649
18.1602,0.999856,-0.0169775,-0.000779356,-0.000363772,0.00450984,-0.00803087,-0.00172406,0.0793765,0.251738,-1.25002,-0.0136055,-0.0593464,0.0520175,18.1802,20.3892,-0.0209629,-0.00882969,-0.00651246,0.999856,-0.0169549,-0.000819659,-0.000371691,-0.797799,-1.58925,-1.25627,0.0792404,0.251145,-1.2495,-0.0134713,-0.0622921,0.0633713
18.1802,0.999856,-0.0169604,-0.00081339,-0.000360443,0.00317821,-0.00803089,0.000805944,0.079426,0.251557,-1.25001,-0.012528,-0.0577012,0.0520869,18.2002,19.1685,-0.00207809,0.0014579,0.0289246,0.999856,-0.0169446,-0.000853475,-0.00035572,2.9797,0.355929,5.86144,0.0793007,0.25098,-1.24949,-0.0123964,-0.0604677,0.0686321
18.2002,0.999856,-0.0169632,-0.000840469,-0.000357242,-0.00174862,-0.00629983,0.000805911,0.0794803,0.25138,-1.24998,-0.0116116,-0.056133,0.0519276,18.2202,18.3176,-0.0324031,-0.00346813,-0.0298268,0.999856,-0.0169719,-0.000871892,-0.000352686,-3.09513,-0.42658,-5.89938,0.0793642,0.250819,-1.24946,-0.0114816,-0.0587771,0.0720918
18.2202,0.999852,-0.017192,-0.000910442,-0.000360972,-0.0210534,-0.00217394,0.000139677,0.0799947,0.250854,-1.25008,-0.00601945,-0.0461837,0.0510424,18.2402,25.9313,-0.0222862,0.00872132,0.0231378,0.99985,-0.0172973,-0.00092126,-0.000360183,-1.0165,1.8449,4.73311,0.0799345,0.250392,-1.24957,-0.00581992,-0.0499773,0.0388283
18.2402,0.999844,-0.0176627,-0.000809927,-0.000349795,-0.0261134,0.00927762,0.00333558,0.0806552,0.250555,-1.24999,-0.00110656,-0.0384716,0.0506791,18.2602,22.0168,-0.00303947,0.00269099,0.00647443,0.999841,-0.0177932,-0.000763206,-0.000334045,2.9255,0.676991,1.37463,0.0806441,0.25017,-1.24948,-0.000955975,-0.0417807,0.0551157
18.2602,0.999842,-0.0177718,-0.000765057,-0.000348498,-0.0282439,0.0116745,0.000672333,0.0808009,0.250504,-1.24994,8.80177e-05,-0.0377479,0.0503909,18.2802,22.7551,-0.0328107,0.00434029,0.0339154,0.999839,-0.017913,-0.000706585,-0.000346283,-3.00585,0.898073,6.87214,0.0808018,0.250126,-1.24943,0.000234956,-0.0411891,0.0516884
18.2802,0.999838,-0.0179936,-0.000672229,-0.000331538,-0.0297087,0.0135387,0.00240339,0.08111,0.25039,-1.24981,0.00218179,-0.0372525,0.0501218,18.3002,19.1436,-0.0147067,0.000958389,-0.0305377,0.999835,-0.0181421,-0.000604281,-0.000320841,0.65162,0.434992,-6.03482,0.0811318,0.250017,-1.24931,0.00229032,-0.0401836,0.0667788
18.3002,0.999825,-0.0186944,-0.000347932,-0.000323288,-0.0255808,0.0159355,0.000805524,0.0820885,0.249861,-1.24917,0.0051137,-0.0395818,0.051245,18.3202,19.9867,-0.0381105,-0.0105743,-0.025074,0.999823,-0.0188222,-0.000268152,-0.000320795,-3.88706,-1.95363,-4.98617,0.0821397,0.249465,-1.24866,0.00517184,-0.0427612,0.0643212
18.3202,0.999819,-0.0190249,-6.02575e-05,-0.000346697,-0.0161265,0.0166014,-0.00105865,0.0827318,0.249245,-1.24853,0.0056191,-0.0455418,0.0516982,18.3402,19.28,-0.0188531,0.00278338,0.0137868,0.999817,-0.0191055,2.26615e-05,-0.000353573,0.0339791,0.514858,2.837,0.082788,0.24879,-1.24801,0.00562791,-0.048663,0.0677815
18.3402,0.999818,-0.0190877,-4.63294e-06,-0.000348071,-0.0162597,0.0142045,6.61283e-06,0.0828861,0.249043,-1.24835,0.00545909,-0.0474045,0.0517046,18.3602,20.7697,-0.0324405,0.0121167,-0.00613692,0.999816,-0.0191689,6.64056e-05,-0.000349394,-2.67259,2.44499,-1.11127,0.0829406,0.248569,-1.24783,0.00545874,-0.0507779,0.0614539
18.3602,0.999816,-0.0191889,0.000111565,-0.000351403,-0.0115991,0.0143377,0.000672345,0.0831799,0.248573,-1.24795,0.00475505,-0.051751,0.0519287,18.3802,19.8073,-0.0288357,0.00555761,-0.00497894,0.999815,-0.0192469,0.000183325,-0.000349411,-1.93027,1.10609,-0.904652,0.0832275,0.248056,-1.24743,0.00473511,-0.0549852,0.0657709
18.3802,0.999815,-0.0192277,0.000345982,-0.000354895,0.00291783,0.00914263,-0.00119243,0.0838818,0.247154,-1.24734,0.000505313,-0.0628216,0.0524839,18.4002,22.7629,-0.00195865,0.00967647,0.00282278,0.999815,-0.0192131,0.000391567,-0.00036174,3.45279,1.85476,0.672494,0.0838868,0.246526,-1.24682,0.000436978,-0.0665458,0.0537588
18.4002,0.99982,-0.0189868,0.000420431,-0.000368246,0.0198311,0.00261646,-0.0018587,0.0844067,0.245846,-1.24746,-0.00457482,-0.0714508,0.0518361,18.4202,20.7115,-0.0125188,0.00844069,0.00853958,0.999821,-0.0188877,0.000433298,-0.000377828,1.29215,1.57041,1.81224,0.084361,0.245132,-1.24694,-0.00465015,-0.074797,0.0618323
18.4202,0.999821,-0.0188888,0.000430921,-0.000379189,0.023959,0.00301582,-0.00252451,0.0845031,0.24546,-1.24746,-0.00583069,-0.0736606,0.0516315,18.4402,16.5243,-0.0153829,-0.00678171,-0.00817992,0.999824,-0.018769,0.000445713,-0.000392146,0.702271,-1.41253,-1.58681,0.0844448,0.244723,-1.24694,-0.00589228,-0.0763165,0.0794321
18.4402,0.999829,-0.0184654,0.000373998,-0.000376255,0.0282201,-0.0048404,-0.000127651,0.0847651,0.243709,-1.24734,-0.010561,-0.0799081,0.0515749,18.4602,16.9038,-0.0159156,-0.00690171,0.0072615,0.999832,-0.0183243,0.000349735,-0.000376499,0.509826,-1.48291,1.50061,0.0846595,0.24291,-1.24683,-0.0106158,-0.082564,0.0777596
18.4602,0.999841,-0.0178022,0.000173452,-0.000394571,0.0358126,-0.0124325,0.000404585,0.0849716,0.241396,-1.24745,-0.0153189,-0.0824848,0.0516126,18.4802,20.0525,-0.0223003,-0.00924805,-0.0232631,0.999845,-0.0176232,0.000111265,-0.000391472,-0.899374,-1.80293,-4.60668,0.0848185,0.240571,-1.24694,-0.0153497,-0.0855224,0.0644035
18.4802,0.999849,-0.0173691,5.0992e-06,-0.000406791,0.0342164,-0.0137656,-0.00239219,0.0850856,0.240051,-1.24777,-0.0172468,-0.0810346,0.0509351,18.5002,19.7804,-0.00585349,-0.0138262,-0.0113511,0.999852,-0.0171981,-6.39956e-05,-0.000417555,2.30382,-2.72689,-2.23658,0.0849132,0.239241,-1.24726,-0.0172488,-0.0839581,0.0648804
18.5002,0.999851,-0.0172363,-5.34592e-05,-0.000414595,0.0326185,-0.014165,-0.00199292,0.085106,0.239602,-1.24785,-0.0178307,-0.0801848,0.0505229,18.5202,23.9201,-0.00598433,0.0115693,-0.022707,0.999854,-0.0170732,-0.000124513,-0.000423329,2.24818,2.40199,-4.41787,0.0849277,0.2388,-1.24734,-0.0178212,-0.0836932,0.0468623
18.5202,0.99986,-0.0167209,-0.000382204,-0.000408608,0.0193027,-0.0189587,0.000670265,0.0851279,0.237406,-1.24807,-0.018162,-0.0728476,0.0497341,18.5402,20.1122,-0.0103139,-0.0142855,0.00969909,0.999862,-0.0166244,-0.000476968,-0.000403635,1.28293,-2.81355,1.97427,0.0849463,0.236677,-1.24757,-0.0180977,-0.0757094,0.0622645
18.5402,0.999864,-0.0164829,-0.000702588,-0.000410635,0.00425795,-0.0112377,-0.000129086,0.0851868,0.235543,-1.24823,-0.0153561,-0.0613551,0.0490908,18.5602,18.2302,-0.0263201,0.000821863,0.0204409,0.999864,-0.0164616,-0.000758788,-0.000410339,-1.96575,0.235302,4.17614,0.0850332,0.23493,-1.24773,-0.0152482,-0.0639121,0.0696241
18.5602,0.999864,-0.0164721,-0.000735779,-0.000394941,0.0021274,-0.00790871,0.00399884,0.0852298,0.235237,-1.24829,-0.0143553,-0.0586902,0.0488464,18.5802,19.2392,-0.0181402,-0.00560244,0.0220846,0.999864,-0.0164615,-0.000774992,-0.00037429,-0.330847,-1.04739,4.47951,0.0850863,0.23465,-1.2478,-0.0142359,-0.061387,0.0650884
18.5802,0.999864,-0.0164778,-0.000752609,-0.000390702,-0.00200044,-0.00378081,0.0012025,0.0852778,0.234946,-1.24834,-0.0130964,-0.0559944,0.0487019,18.6002,23.3266,-0.0191933,0.00445401,0.0263466,0.999864,-0.0164878,-0.000771407,-0.000384386,-0.540735,0.952855,5.36431,0.0851468,0.234386,-1.24785,-0.0129483,-0.0592652,0.0475604
18.6002,0.999861,-0.0166238,-0.000824832,-0.000404483,-0.0153163,-0.00457974,-0.000928022,0.0855445,0.233925,-1.24843,-0.00761415,-0.0467121,0.0482966,18.6202,19.0671,-0.0189522,0.0103918,0.011743,0.99986,-0.0167004,-0.000847774,-0.000408805,-0.465071,2.20243,2.46684,0.0854684,0.233458,-1.24795,-0.00748141,-0.0494094,0.0652714
18.6202,0.999852,-0.0171642,-0.0008243,-0.000382855,-0.0315615,0.00554031,0.00240087,0.0860155,0.232914,-1.24829,-0.00255543,-0.0369627,0.0483639,18.6402,19.5001,-0.0159171,0.0154342,0.0258636,0.99985,-0.017322,-0.000796336,-0.000371458,0.250975,3.16121,5.30413,0.0859899,0.232545,-1.2478,-0.00241974,-0.0398108,0.0635001
18.6402,0.999843,-0.0177154,-0.00062733,-0.000389611,-0.0343578,0.0157935,-0.000528492,0.0864896,0.232251,-1.24798,0.00216054,-0.0330308,0.0482817,18.6602,18.2948,-0.0241924,0.00268054,-0.0289217,0.99984,-0.0178872,-0.000548355,-0.00039376,-1.30101,0.762057,-5.693,0.0865112,0.231921,-1.2475,0.00225713,-0.0357888,0.0685467
18.6602,0.99984,-0.0178492,-0.000566822,-0.000384919,-0.0338253,0.0153939,0.00160194,0.0866237,0.232087,-1.24788,0.00327163,-0.0329577,0.048483,18.6802,18.4483,-0.0254726,-0.022687,0.00597552,0.999837,-0.0180183,-0.000489657,-0.00037838,-1.52358,-4.44663,1.19378,0.0866565,0.231758,-1.2474,0.00335953,-0.0357597,0.0680962
18.6802,0.99983,-0.0184203,-0.000333827,-0.000384089,-0.0375519,0.0153914,0.00120198,0.0872993,0.231435,-1.24763,0.00570535,-0.0348487,0.0484416,18.7002,19.1071,-0.0158158,0.0219838,0.0260823,0.999827,-0.018608,-0.000256701,-0.00037956,0.51889,4.36547,5.37443,0.0873564,0.231086,-1.24715,0.00575847,-0.0378436,0.0652567
18.7002,0.99982,-0.0189784,2.13495e-05,-0.000399026,-0.0205077,0.0199187,0.00133512,0.0882286,0.230427,-1.2474,0.00568636,-0.0422359,0.048508,18.7202,22.6544,-0.0221198,0.0109965,0.0167151,0.999818,-0.0190808,0.000121093,-0.00039424,-0.630121,2.12942,3.46386,0.0882855,0.230005,-1.24692,0.00568079,-0.0458943,0.0502421
18.7202,0.999819,-0.0190308,9.26264e-05,-0.000406214,-0.0134503,0.0181877,-0.00132797,0.0884021,0.230172,-1.24732,0.00554551,-0.0442621,0.0485256,18.7402,17.5582,-0.0189075,0.00241593,0.0188233,0.999817,-0.019098,0.000183449,-0.000414577,0.0234384,0.391396,3.85405,0.0884576,0.229729,-1.24684,0.00553052,-0.0471054,0.0719303
18.7402,0.999816,-0.0191741,0.00035039,-0.000408157,-0.00799085,0.013394,0.0017347,0.0890377,0.228918,-1.2469,0.00385005,-0.0544541,0.04924,18.7602,17.5983,-0.0209484,0.00257424,-0.0167798,0.999815,-0.019214,0.000417531,-0.000400755,-0.354516,0.507325,-3.26532,0.0890762,0.228374,-1.24641,0.00379641,-0.0573253,0.0724753
18.7602,0.999817,-0.0191423,0.000513317,-0.000410206,0.00639025,0.00567085,0.00106888,0.0895408,0.227281,-1.24631,-0.000124459,-0.0642415,0.0498599,18.7802,22.2088,0.00166946,0.0122489,-0.00190545,0.999817,-0.0191104,0.000541755,-0.000405422,4.16119,2.35412,-0.251927,0.0895395,0.226638,-1.24581,-0.000222948,-0.067859,0.0534901
18.7802,0.999825,-0.0186853,0.000570395,-0.000424729,0.0276969,0.00247291,0.00133472,0.0900774,0.224858,-1.24595,-0.00674388,-0.0756336,0.0503572,18.8002,21.0686,-0.0252271,0.00256127,0.0271871,0.999828,-0.0185468,0.000582823,-0.000418367,-1.31339,0.294362,5.5281,0.09001,0.224101,-1.24544,-0.00684756,-0.0789834,0.0588326
18.8002,0.999828,-0.0185538,0.000581114,-0.000418587,0.0326237,0.00300556,0.00173409,0.090145,0.224309,-1.24584,-0.0077678,-0.0777662,0.050348,18.8202,17.6402,-0.0250395,0.0158343,-0.00650705,0.999831,-0.0183907,0.000596232,-0.000410292,-1.29856,3.07216,-1.16163,0.0900673,0.223531,-1.24534,-0.00785619,-0.0805511,0.0734014
18.8202,0.999835,-0.018175,0.000560252,-0.00042891,0.0323574,-0.00378549,-0.00252707,0.0902712,0.22256,-1.24547,-0.0113027,-0.082046,0.0502644,18.8402,21.4345,-0.0139499,-0.00321733,-0.01956,0.999838,-0.0180132,0.000541029,-0.00044129,0.846881,-0.685488,-3.83884,0.0901581,0.221739,-1.24497,-0.0114063,-0.0853609,0.0571808
18.8402,0.999851,-0.0172597,0.000217341,-0.000453905,0.0400805,-0.0157699,-0.00159483,0.0901913,0.218846,-1.24451,-0.018503,-0.0826972,0.0499564,18.8602,19.3686,-0.0126664,0.0122522,-0.0114563,0.999854,-0.0170593,0.000138275,-0.00046056,0.917652,2.44501,-2.15841,0.0900063,0.218019,-1.24401,-0.0185401,-0.0855419,0.0656522
18.8602,0.99986,-0.0167014,-1.93417e-05,-0.000447318,0.0294314,-0.0164383,-0.000663424,0.0900432,0.21649,-1.244,-0.0198586,-0.0796665,0.0497655,18.8802,24.9409,0.000104286,0.00451909,-0.00177055,0.999863,-0.0165543,-0.000101643,-0.000449259,3.36069,0.913483,-0.249516,0.0898446,0.215694,-1.2435,-0.0198561,-0.0832111,0.0417598
18.8802,0.999862,-0.0166036,-9.04469e-05,-0.000452004,0.0241051,-0.0173703,-0.00132915,0.0900548,0.21599,-1.24404,-0.0198043,-0.0781096,0.0497017,18.9002,19.2595,-0.00241667,-0.01081,0.0119533,0.999864,-0.0164831,-0.000177451,-0.000457196,2.83821,-2.18353,2.44486,0.0898568,0.215209,-1.24354,-0.0197907,-0.0808308,0.0658581
18.9002,0.999864,-0.0165,-0.000169765,-0.0004477,0.0254389,-0.0193695,0.000934021,0.090063,0.215499,-1.24407,-0.0196553,-0.0761708,0.0495585,18.9202,18.0579,0.00991748,0.0123771,0.0235858,0.999866,-0.0163728,-0.000266579,-0.000441411,5.28158,2.43209,4.84655,0.0898665,0.214737,-1.24357,-0.0196303,-0.0787062,0.0708248
18.9202,0.99987,-0.0161334,-0.00053141,-0.000445735,0.0150525,-0.0151084,-0.00106336,0.0900567,0.213246,-1.24407,-0.0190476,-0.0648024,0.0480375,18.9402,21.3765,-0.0290905,-0.00743732,-0.0140337,0.999871,-0.0160582,-0.000607062,-0.000449793,-2.59325,-1.33831,-2.73814,0.0898662,0.212598,-1.24359,-0.0189522,-0.0677371,0.0551874
18.9402,0.99987,-0.0161265,-0.000779105,-0.000410321,-0.0106469,-0.00898315,0.000268245,0.0900544,0.211337,-1.24383,-0.0146166,-0.0530468,0.0473393,18.9602,19.6563,-0.0194431,0.00177065,-0.00899755,0.999869,-0.0161797,-0.000823971,-0.000408297,-0.665119,0.537308,-1.70848,0.0899082,0.210806,-1.24336,-0.0144874,-0.0557443,0.0618056
18.9602,0.999869,-0.0161658,-0.000819132,-0.000408177,-0.0102475,-0.00964889,0.000534553,0.0900691,0.211005,-1.24376,-0.0132195,-0.0502459,0.0473061,18.9802,18.9958,-0.00493156,-0.0106042,0.0125309,0.999868,-0.0162171,-0.000867306,-0.000404767,2.24942,-1.99768,2.554,0.0899369,0.210502,-1.24328,-0.0130881,-0.0528591,0.0645817
18.9802,0.999867,-0.016292,-0.000880297,-0.000395145,-0.0161064,-0.00685257,0.00199929,0.0901221,0.210393,-1.24358,-0.010529,-0.0451911,0.0470793,19.0002,18.8315,-0.00876421,0.00152046,-0.0157342,0.999865,-0.0163725,-0.00091436,-0.000384663,1.50236,0.530663,-3.0609,0.0900168,0.209941,-1.24311,-0.0103889,-0.0478019,0.0650545
19.0002,0.999863,-0.0165412,-0.000872694,-0.000421676,-0.0220985,0.00406641,-0.00306069,0.0902595,0.209591,-1.24326,-0.0066054,-0.0391145,0.0467325,19.0202,18.5162,-0.00775082,0.0235975,-0.0148922,0.999861,-0.0166516,-0.000852571,-0.00043741,1.75231,4.94198,-2.81428,0.0901935,0.2092,-1.24279,-0.00646899,-0.0417209,0.0660496
19.0202,0.999852,-0.0171712,-0.000750888,-0.000419866,-0.0371454,0.01139,-0.000397616,0.0906597,0.208418,-1.24256,0.000343177,-0.0338807,0.0463758,19.0402,17.0919,-0.00835069,-0.0105512,0.00661771,0.999849,-0.0173569,-0.000693903,-0.000422971,1.76584,-1.98319,1.37233,0.0906631,0.208079,-1.24209,0.000451339,-0.0363782,0.0717537
19.0402,0.999847,-0.0174641,-0.000637942,-0.000427704,-0.0370122,0.0143195,0.000401458,0.0908649,0.207978,-1.24223,0.00193737,-0.0327169,0.0463884,19.0602,14.6418,-0.00292138,-0.0224639,-0.0180694,0.999844,-0.0176491,-0.000566241,-0.000427066,2.90678,-4.30167,-3.60589,0.0908843,0.207651,-1.24176,0.00201592,-0.0348928,0.0821876
19.0602,0.999845,-0.0175949,-0.000577307,-0.000425533,-0.0330175,0.0153848,0.000933905,0.0910378,0.207819,-1.24221,0.00281129,-0.0326711,0.0461561,19.0802,14.0851,-0.00381574,0.00851659,0.0286679,0.999842,-0.0177599,-0.000500243,-0.000422313,2.75693,1.71729,5.84819,0.0910659,0.207492,-1.24175,0.00287959,-0.03478,0.0843231
19.0802,0.999835,-0.0181813,-0.000234941,-0.000431265,-0.0279543,0.018311,0.000267567,0.0919135,0.206888,-1.24197,0.00484181,-0.0377261,0.0458458,19.1002,14.3517,-0.00309222,0.0263079,-0.0196009,0.999832,-0.018321,-0.000143316,-0.000431625,3.01275,5.37869,-3.73749,0.0919619,0.206511,-1.24151,0.00486954,-0.0399464,0.0828817
19.1002,0.999828,-0.0185552,0.000150336,-0.000440551,-0.00864639,0.0188437,1.22066e-06,0.092743,0.205576,-1.24137,0.00488597,-0.046342,0.0687203,19.1202,8.09492,-0.00205692,-0.0176972,-0.00568264,0.999827,-0.0185984,0.000244558,-0.000442287,3.30081,-3.54798,-1.11397,0.0927919,0.205112,-1.24068,0.00487505,-0.0476201,0.132364
19.1202,0.999828,-0.018559,0.000206274,-0.000442084,-0.00132271,0.0143163,1.19677e-06,0.0928954,0.20526,-1.24096,0.00424085,-0.0482437,0.0961993,19.1402,13.4378,-0.0177803,-0.00244889,-0.00462305,0.999828,-0.0185655,0.000277847,-0.000443405,0.156118,-0.515353,-0.845872,0.0929378,0.204778,-1.24,0.00421633,-0.0503658,0.137123
19.1402,0.999831,-0.0183584,0.000359049,-0.000454077,0.0254451,0.0109846,0.000533246,0.093402,0.204299,-1.23834,0.00150009,-0.0564807,0.210348,19.1602,9.01703,0.00679679,0.0258836,-0.015461,0.999834,-0.0182311,0.000413954,-0.000452465,5.02781,5.16143,-2.90536,0.093417,0.203735,-1.23623,0.0014719,-0.0578893,0.27007
19.1602,0.999846,-0.0175573,0.000486413,-0.000465364,0.0486145,0.00565837,0.00173161,0.0940826,0.202203,-1.22716,-0.00457574,-0.0722692,0.433928,19.1802,9.12362,0.0107474,0.000134091,0.0378359,0.99985,-0.0173142,0.000514739,-0.000457322,5.6542,-0.202312,7.66059,0.0940368,0.201481,-1.22282,-0.00461414,-0.0736322,0.493194
19.1802,0.999857,-0.0168785,0.000480573,-0.00048928,0.0592672,-0.00206499,-0.00159718,0.0943366,0.200665,-1.21608,-0.00766472,-0.0767051,0.561869,19.2002,10.6232,0.0247083,0.0012302,0.0185092,0.999862,-0.0165822,0.000469969,-0.000497233,8.31315,0.0898399,3.80568,0.0942599,0.199898,-1.21046,-0.00770891,-0.0782308,0.614756
19.2002,0.999866,-0.0163456,0.000442818,-0.000480995,0.0669904,-0.00725801,0.000799362,0.0944437,0.19958,-1.20701,-0.0101836,-0.077834,0.640237,19.2202,10.0811,-0.000481896,0.0158226,0.00660741,0.999872,-0.0160107,0.000406437,-0.000476554,3.17017,3.05389,1.46917,0.0943419,0.198801,-1.2006,-0.0102222,-0.0792361,0.695429
19.2202,0.999876,-0.0157315,0.000367853,-0.000475267,0.0781756,-0.0100543,0.000799357,0.0945011,0.198476,-1.19669,-0.0122808,-0.0775823,0.712129,19.2402,13.8979,0.0198894,0.0121468,-0.00600207,0.999882,-0.0153407,0.000317464,-0.000470624,7.12205,2.37628,-1.06554,0.0943783,0.1977,-1.18957,-0.0123252,-0.0794428,0.751085
19.2402,0.9999,-0.0141481,6.75413e-05,-0.000465083,0.0755125,-0.0151142,0.000533125,0.094447,0.195774,-1.16618,-0.0172268,-0.0706238,0.864398,19.2602,12.097,0.0130591,-0.00430397,-0.0176235,0.999905,-0.0137706,-8.16001e-06,-0.000461374,5.44112,-0.823133,-3.44334,0.0942747,0.195068,-1.15753,-0.0172345,-0.0720803,0.911008
19.2603,0.999913,-0.0131593,-0.000209579,-0.000466224,0.0531471,-0.0181804,0.000665525,0.0944488,0.194226,-1.13799,-0.0185384,-0.0554406,0.960223,19.2803,14.3649,0.0114571,0.000622675,-0.00489795,0.999917,-0.0128936,-0.000300553,-0.000461645,4.92262,0.180395,-0.88511,0.0942634,0.193672,-1.12839,-0.0185136,-0.0570493,0.997183
19.2803,0.999916,-0.0129577,-0.000289478,-0.000465816,0.0498182,-0.0195119,-3.02364e-07,0.0944528,0.193941,-1.1305,-0.0184275,-0.0504358,0.980582,19.3003,11.6796,0.000306981,0.00166858,0.0172136,0.999919,-0.0127087,-0.000387145,-0.000464481,2.65338,0.346998,3.53989,0.0942685,0.193437,-1.12069,-0.0183993,-0.0517237,1.02896
19.3003,0.999922,-0.0124884,-0.000541563,-0.000459577,0.0334397,-0.0217756,0.000931815,0.0944534,0.193301,-1.10705,-0.0175304,-0.0352776,1.03473,19.3203,18.3134,-0.00148488,0.00685761,0.00740185,0.999924,-0.0123212,-0.000650451,-0.000453468,2.20076,1.4611,1.58945,0.0942781,0.192948,-1.09671,-0.0174468,-0.037224,1.05489
19.3203,0.999925,-0.012224,-0.0008516,-0.000463831,-0.00291243,-0.0107235,0.00226345,0.0944467,0.192961,-1.06533,-0.0142391,-0.00907216,1.10237,19.3403,14.9027,0.0181867,-0.0139386,0.0129432,0.999925,-0.0122386,-0.000905068,-0.000451871,6.08452,-2.64716,2.64404,0.0943043,0.19287,-1.05431,-0.0141319,-0.0106225,1.13704
19.3403,0.999922,-0.0124732,-0.00094588,-0.000465516,-0.0288782,-0.00792723,-0.00173137,0.0945099,0.193242,-1.03909,-0.00976628,0.00798342,1.13061,19.3603,15.2652,-0.017245,-0.0095217,-0.0297365,0.99992,-0.0126175,-0.000985554,-0.000473814,-0.960418,-1.64245,-5.87423,0.0944122,0.193322,-1.02779,-0.00964416,0.00636301,1.16374
19.3603,0.999918,-0.0127649,-0.00100369,-0.000465504,-0.0387319,-0.00779396,0.000132943,0.0945933,0.193634,-1.02123,-0.00731325,0.0188153,1.14487,19.3803,19.2037,-0.0094502,-0.00491375,-0.0136592,0.999915,-0.0129586,-0.00104256,-0.000464536,0.660436,-0.747956,-2.64917,0.0945202,0.193822,-1.00979,-0.00715019,0.0167291,1.16124
19.3803,0.999916,-0.0129389,-0.00103002,-0.00045675,-0.0439251,-0.00632922,0.0022634,0.0946444,0.193886,-1.01222,-0.00634784,0.0234765,1.15054,19.4003,16.2917,0.00542702,0.0146005,-0.0163308,0.999913,-0.0131585,-0.00106142,-0.000445251,3.66773,3.16859,-3.13787,0.0945809,0.194121,-1.00071,-0.00620585,0.0216826,1.1793
19.4003,0.9999,-0.01412,-0.000923855,-0.000449778,-0.0718817,0.0109742,-1.5946e-06,0.0955966,0.196114,-0.966858,0.00088464,0.0406647,1.1685,19.4203,18.644,-0.0143816,0.00527116,-0.00992196,0.999895,-0.0144794,-0.000868827,-0.000450893,-0.0547975,1.2656,-1.8767,0.0956055,0.196521,-0.955173,0.00103021,0.0384244,1.18726
19.4203,0.999882,-0.0153069,-0.000744167,-0.000470136,-0.0730801,0.0087106,-0.000400947,0.0965755,0.198266,-0.930325,0.00643783,0.0479496,1.17086,19.4403,17.8932,0.00264671,0.00269582,0.00339812,0.999877,-0.0156722,-0.000700478,-0.000473079,3.59088,0.677762,0.781419,0.0966399,0.198745,-0.918616,0.00655004,0.0456189,1.19283
19.4403,0.999878,-0.015599,-0.000703119,-0.000473926,-0.0737458,0.0108412,-0.000534288,0.0968315,0.198817,-0.921173,0.00725087,0.0485461,1.16994,19.4603,14.764,-0.00117478,0.0115413,-0.0226516,0.999872,-0.0159676,-0.000648786,-0.000477702,2.87958,2.51914,-4.39883,0.0969041,0.199303,-0.909473,0.00733828,0.0465863,1.20522
19.4603,0.999869,-0.0161519,-0.000598768,-0.000461543,-0.0698842,0.0143034,0.00172948,0.0973476,0.199903,-0.902878,0.00867677,0.0473523,1.16668,19.4803,16.4274,-0.0158528,-0.0128862,0.0148475,0.999864,-0.0165012,-0.000526959,-0.000454261,0.0621706,-2.50658,3.02167,0.0974344,0.200377,-0.891212,0.00875943,0.0450944,1.19488
19.4803,0.999847,-0.0174659,-0.00012158,-0.00044875,-0.0602969,0.0252222,0.000131459,0.0986567,0.202321,-0.857372,0.0124977,0.0369044,1.151,19.5003,21.6513,-0.00774873,-0.0174125,-0.0242927,0.999842,-0.0177673,4.65859e-06,-0.000450332,1.94298,-3.37349,-4.8287,0.0987817,0.20269,-0.845862,0.0125186,0.0336865,1.15699
19.5003,0.999833,-0.018282,0.000375911,-0.000463343,-0.00836524,0.0185643,0.000397902,0.100402,0.204479,-0.79486,0.00927178,0.00842079,1.11371,19.5203,19.3063,-0.000365336,0.00133733,-0.00423793,0.999832,-0.0183238,0.000468773,-0.000463035,3.58351,0.207713,-0.749929,0.100494,0.204563,-0.783723,0.00920863,0.00541742,1.12968
19.5203,0.999832,-0.0183065,0.000452696,-0.000462663,-0.00663417,0.0196296,0.000664186,0.100611,0.20463,-0.786092,0.00835845,0.00404102,1.10718,19.5403,22.7548,-0.0326409,-0.000878232,-0.00724438,0.999832,-0.0183397,0.000550904,-0.000461124,-2.86709,-0.242637,-1.36229,0.100695,0.20467,-0.77502,0.00826916,0.000496442,1.10848
19.5403,0.999832,-0.0183103,0.000538129,-0.0004584,-0.001441,0.0217601,0.00159627,0.100811,0.204742,-0.777372,0.0077057,-0.000367906,1.1005,19.5603,20.6396,0.0128996,-0.0273944,-0.0138934,0.999832,-0.0183175,0.000647061,-0.000452408,6.24352,-5.5335,-2.78547,0.100888,0.204738,-0.766367,0.00760971,-0.00358364,1.1108
19.5603,0.999838,-0.0179707,0.000781049,-0.000449092,0.0361096,0.00511529,-0.00133313,0.101727,0.204718,-0.735009,0.00344605,-0.0201903,1.06279,19.5803,23.3338,-0.00411332,0.00226528,-0.0178768,0.999841,-0.0177901,0.00080642,-0.000456358,2.77358,0.36068,-3.47748,0.101762,0.204516,-0.724381,0.00328937,-0.0237583,1.06163
19.5803,0.999855,-0.0169939,0.000757184,-0.00045604,0.0562064,0.00111573,-0.00040253,0.10261,0.203233,-0.698507,-0.00504078,-0.0399141,1.01756,19.6003,24.5151,0.00348601,0.00804041,-0.0109725,0.99986,-0.0167129,0.000762599,-0.00045836,4.09647,1.49405,-2.07512,0.10256,0.202834,-0.688331,-0.00520035,-0.0434591,1.01137
19.6003,0.999859,-0.0167602,0.000757845,-0.000447129,0.0587364,0.000716199,0.00252707,0.102757,0.20277,-0.691842,-0.006232,-0.042523,1.00763,19.6203,24.5579,0.0203957,-0.010481,-0.0321168,0.999864,-0.0164665,0.000761506,-0.000434778,7.4338,-2.13798,-6.36508,0.102695,0.202345,-0.681766,-0.00639193,-0.0460254,1.00125
19.6203,0.999871,-0.0160579,0.00070772,-0.000434346,0.0621986,-0.00594162,0.00132851,0.103127,0.201303,-0.672107,-0.00869371,-0.046198,0.978693,19.6403,20.6536,-0.00416822,-0.0144373,-0.00627404,0.999876,-0.0157469,0.000677987,-0.000427447,2.37976,-3.00883,-1.21475,0.10304,0.200841,-0.66232,-0.00881932,-0.0490201,0.988917
19.6403,0.999896,-0.0144287,0.000270136,-0.000398358,0.0675249,-0.0215211,0.000929017,0.103536,0.19834,-0.633853,-0.0153742,-0.0450526,0.92165,19.6603,21.5743,0.0149348,0.00304256,-0.0223683,0.999901,-0.0140911,0.000162474,-0.000392252,5.87228,0.620166,-4.38395,0.103382,0.197889,-0.624637,-0.0154248,-0.0477015,0.927949
19.6603,0.999906,-0.0137396,5.88741e-05,-0.000382596,0.0515459,-0.0149962,0.00146178,0.10358,0.196949,-0.615357,-0.0166568,-0.0399961,0.893577,19.6803,16.3334,0.00916529,-0.00412965,-0.0300536,0.999909,-0.0134819,-1.60982e-05,-0.000374273,4.5801,-0.75434,-5.94488,0.103413,0.196549,-0.606421,-0.0166657,-0.0419058,0.922166
19.6803,0.999908,-0.0135594,-1.26013e-06,-0.000385268,0.0455538,-0.0145969,-0.000668863,0.103585,0.19652,-0.60929,-0.016281,-0.0372782,0.884272,19.7003,19.6712,-0.0147811,0.00405881,-0.00768115,0.999911,-0.0133316,-7.4371e-05,-0.000387622,-0.244798,0.831631,-1.44803,0.103422,0.196147,-0.600447,-0.0162816,-0.039548,0.898662
19.7003,0.999912,-0.0132687,-0.000127633,-0.000380367,0.0314391,-0.0145969,0.000263324,0.1036,0.195735,-0.597301,-0.0145895,-0.0308983,0.865951,19.7203,21.0548,0.0101349,-0.0252849,-0.00771181,0.999914,-0.0131116,-0.000200653,-0.000378062,4.6812,-5.00978,-1.53352,0.103455,0.195426,-0.588642,-0.0145675,-0.0332757,0.874454
19.7203,0.999918,-0.0127777,-0.000572368,-0.00037543,0.000146405,-0.0100712,0.000528899,0.103826,0.193944,-0.557732,-0.00919452,-0.00355811,0.803808,19.7403,21.0772,-0.00854234,-0.00450958,-0.00230442,0.999918,-0.012777,-0.000622686,-0.000372142,0.847158,-0.78213,-0.396312,0.103734,0.193908,-0.549694,-0.00909272,-0.00585003,0.812214
19.7403,0.999918,-0.0127972,-0.000607259,-0.000378035,-0.00438098,-0.0083401,-0.000536357,0.103894,0.193806,-0.55256,-0.00820291,7.19204e-05,0.795164,19.7603,24.0428,0.00915678,-0.0257,0.0014545,0.999918,-0.0128191,-0.000648982,-0.000380197,4.39181,-5.02117,0.299587,0.103812,0.193807,-0.544608,-0.00807966,-0.00254647,0.790954
19.7603,0.999917,-0.0128321,-0.000622316,-0.000375551,-0.00824257,-0.00341325,0.000795224,0.103968,0.193698,-0.547427,-0.00697186,0.00347742,0.786558,19.7803,19.0246,0.00355343,0.00242765,0.0126267,0.999917,-0.0128733,-0.000639315,-0.000371382,3.27821,0.577804,2.60603,0.103898,0.193732,-0.539561,-0.00687189,0.00139988,0.803696
19.7803,0.999911,-0.0133224,-0.000623856,-0.000366878,-0.0400673,0.00377732,0.00385784,0.104351,0.193563,-0.527294,-0.000210406,0.0187051,0.75249,19.8003,20.273,0.00867213,-0.00653422,-0.0100143,0.999908,-0.0135227,-0.000604641,-0.000347967,4.39768,-1.15465,-1.9478,0.104349,0.19375,-0.519769,-0.000103621,0.0164067,0.764319
19.8003,0.999898,-0.0142873,-0.000478402,-0.000366083,-0.0508531,0.00937004,0.000795383,0.105052,0.194023,-0.503023,0.00702663,0.0318125,0.712526,19.8203,20.5292,0.0103699,0.00210395,-0.0215345,0.999894,-0.0145415,-0.000431407,-0.000362898,4.92819,0.578711,-4.22824,0.105122,0.194341,-0.495897,0.00710929,0.0293165,0.72327
19.8203,0.999892,-0.0147273,-0.000371018,-0.00035952,-0.0560463,0.0154952,0.000262536,0.105383,0.194319,-0.493579,0.0089389,0.0336159,0.697529,19.8403,20.6068,0.00432262,0.000774628,0.0300457,0.999887,-0.0150075,-0.00029343,-0.000359453,3.81071,0.140917,6.08234,0.105472,0.194655,-0.486604,0.00900303,0.0310333,0.707945
19.8403,0.999885,-0.0151729,-0.000216284,-0.000367959,-0.0551142,0.0214875,-0.00013695,0.10573,0.194631,-0.484281,0.0105973,0.0336899,0.682934,19.8603,20.3365,-0.00210351,0.0121647,0.0284257,0.999881,-0.0154484,-0.000108768,-0.000370333,2.61281,2.38949,5.79507,0.105836,0.194968,-0.477452,0.0106337,0.0310642,0.694502
19.8603,0.999867,-0.0163285,0.000290563,-0.000372588,-0.0559159,0.0230832,-0.000270749,0.106843,0.19513,-0.463031,0.0148,0.028651,0.647235,19.8803,20.1544,0.0163358,0.00545877,-0.000915566,0.999862,-0.016608,0.000406046,-0.000375745,6.53158,1.03771,-0.089805,0.106991,0.195416,-0.456559,0.0147491,0.0258506,0.659584
19.8803,0.999857,-0.0168741,0.000529154,-0.000380772,-0.0392711,0.0214853,-0.000137738,0.107543,0.195258,-0.450838,0.0144533,0.0212061,0.626918,19.9003,25.4526,-0.015272,-0.0175804,-0.000451686,0.999854,-0.0170704,0.000636628,-0.00038317,0.321332,-3.62104,-0.0751279,0.107687,0.19547,-0.444569,0.0143373,0.0175514,0.616737
19.9003,0.999852,-0.0171696,0.000778894,-0.000373103,-0.0173,0.0216185,0.00172663,0.108173,0.195179,-0.438886,0.0119118,0.0102169,0.607612,19.9203,21.3544,0.0161099,-0.0203239,-0.036409,0.999851,-0.017256,0.000887151,-0.00036626,6.65917,-4.09371,-7.27339,0.108292,0.195281,-0.432809,0.0117691,0.007097,0.614863
19.9203,0.999851,-0.0172332,0.000858737,-0.000364969,-0.0155691,0.0201536,0.00252557,0.108363,0.195094,-0.434955,0.0109843,0.00613846,0.601462,19.9403,22.601,0.0183448,0.00283777,-0.00821029,0.99985,-0.017311,0.000959736,-0.000354013,7.11554,0.425384,-1.5559,0.108473,0.195155,-0.428941,0.010818,0.00282424,0.603412
19.9403,0.99985,-0.0172927,0.00116982,-0.000362657,0.00254047,0.0165584,-0.0008034,0.109031,0.194428,-0.419486,0.00779136,-0.0108991,0.577709,19.9603,22.6302,0.00738276,0.0138563,0.00156547,0.99985,-0.01728,0.00125253,-0.00036812,4.93308,2.53204,0.435217,0.109109,0.194319,-0.413709,0.00756488,-0.0142291,0.579534
19.9603,0.999857,-0.0168677,0.00132454,-0.000352727,0.0354292,0.00217606,0.00185899,0.109734,0.192682,-0.402272,2.22198e-05,-0.0290534,0.548688,19.9803,18.3456,0.0193684,-0.00383844,0.0299473,0.99986,-0.0166906,0.00133551,-0.000343851,7.23683,-1.13211,6.05131,0.109734,0.192391,-0.396785,-0.000185483,-0.0316866,0.568733
19.9803,0.999863,-0.0165042,0.00129172,-0.000352716,0.04834,-0.00501485,-0.000404542,0.109899,0.191631,-0.396019,-0.00409085,-0.0358128,0.536888,20.0003,16.7704,0.0022228,-0.0181273,-0.0175654,0.999867,-0.0162626,0.00126653,-0.000354636,3.7501,-3.82514,-3.50134,0.109858,0.191273,-0.390651,-0.00427602,-0.038168,0.56363
20.0003,0.99987,-0.0160719,0.00123548,-0.000358715,0.0563295,-0.00647948,-0.00107036,0.109989,0.190494,-0.389832,-0.00780661,-0.0418705,0.525626,20.0203,22.9055,0.0279169,-0.00178142,0.0107044,0.999875,-0.0157903,0.00120289,-0.000363894,8.79308,-0.635705,2.21351,0.109911,0.190075,-0.384575,-0.00804855,-0.045003,0.526273
20.0203,0.999881,-0.0153892,0.0011505,-0.000351887,0.0580606,-0.00661277,0.000927112,0.110003,0.18866,-0.38067,-0.0120365,-0.0481956,0.509089,20.0403,22.1364,0.00221453,-0.00907831,-0.0275151,0.999885,-0.0150989,0.00111741,-0.000347077,3.52636,-1.96068,-5.45943,0.109883,0.188178,-0.37558,-0.0122543,-0.0510944,0.513003
20.0403,0.999899,-0.0142059,0.000817988,-0.000365899,0.0600569,-0.0251223,0.00052698,0.109856,0.185451,-0.366442,-0.0170827,-0.0479344,0.48238,20.0603,21.4546,-0.00688787,0.00555325,0.0204036,0.999903,-0.0139056,0.000692317,-0.000361726,1.45929,0.888481,4.16814,0.109685,0.184972,-0.361618,-0.0172329,-0.050528,0.489187
20.0603,0.999911,-0.0132964,0.00038519,-0.000347554,0.0565948,-0.0244565,0.0015925,0.109555,0.183057,-0.355446,-0.0206927,-0.0419183,0.462398,20.0803,19.4023,-0.0102192,0.0045617,0.00986282,0.999915,-0.0130135,0.000262926,-0.000338075,0.614252,0.80829,2.05324,0.109348,0.182638,-0.350822,-0.020757,-0.0441137,0.477931
20.0803,0.999914,-0.0130958,0.000286009,-0.000341171,0.0507358,-0.0245897,0.00145913,0.109459,0.182502,-0.35273,-0.0209869,-0.0397038,0.457679,20.1003,20.6582,-0.00683973,-0.0123106,-0.00712049,0.999918,-0.0128421,0.00016308,-0.000332338,1.25224,-2.50092,-1.38838,0.109249,0.182105,-0.348153,-0.0210379,-0.0420061,0.467869
20.1003,0.999919,-0.0127486,9.8876e-05,-0.00033273,0.0404826,-0.0201955,0.000793585,0.109294,0.181492,-0.347356,-0.020761,-0.0340767,0.449021,20.1203,21.0934,0.00965045,-0.00131606,0.00612843,0.999921,-0.0125462,-2.10984e-06,-0.000327495,4.47945,-0.297947,1.28896,0.109086,0.181152,-0.342866,-0.0207795,-0.0363651,0.457357
20.1203,0.999924,-0.0122832,-0.000408199,-0.000311442,0.00732772,-0.0195314,0.000260121,0.108994,0.179286,-0.331578,-0.0141565,-0.0102477,0.42309,20.1403,24.2094,0.0209442,0.0100657,-0.0293694,0.999925,-0.0122466,-0.000505844,-0.000308927,6.64041,2.16809,-5.78814,0.108852,0.179183,-0.327347,-0.0140732,-0.0127783,0.418169
20.1403,0.999923,-0.0124221,-0.000644894,-0.000293643,-0.0190376,-0.00861244,0.00145857,0.108917,0.178534,-0.321298,-0.0103732,0.0058309,0.407013,20.1603,20.8017,0.0146769,-0.00374577,-0.00194261,0.999921,-0.0125173,-0.000687834,-0.000285878,5.41925,-0.614439,-0.340968,0.108813,0.178592,-0.317228,-0.0102597,0.00363189,0.416589
20.1603,0.999921,-0.0125212,-0.000672736,-0.0002925,-0.0244971,-0.00674823,0.000393253,0.108913,0.178428,-0.318756,-0.00897607,0.00944592,0.403249,20.1803,18.9226,0.0100726,-0.00853874,0.0225486,0.99992,-0.0126437,-0.000706414,-0.000290194,4.52128,-1.62896,4.54513,0.108823,0.178523,-0.314723,-0.00886833,0.00742959,0.420819
20.1803,0.99992,-0.0126218,-0.000684114,-0.000297402,-0.0248965,-0.00262034,-0.00107139,0.108918,0.178355,-0.316225,-0.00745407,0.0132565,0.399473,20.2003,22.0512,0.0111615,0.0111298,-0.00934765,0.999918,-0.0127463,-0.000697245,-0.000302678,4.75413,2.38685,-1.78334,0.108843,0.178488,-0.31223,-0.0073264,0.0108879,0.403734
20.2003,0.999908,-0.0135322,-0.000603103,-0.00028825,-0.0512621,0.00523418,-0.000539486,0.109203,0.178408,-0.303448,0.00191733,0.0284225,0.381984,20.2203,17.8727,0.0060189,0.00331733,0.00108632,0.999905,-0.0137884,-0.000576897,-0.000291456,3.90997,0.781422,0.28314,0.109222,0.178692,-0.299628,0.00200846,0.0263643,0.404025
20.2203,0.999893,-0.0146345,-0.00034223,-0.000294152,-0.0588521,0.0184168,0.00145801,0.109856,0.17892,-0.290556,0.00828652,0.0330147,0.36557,20.2403,18.8617,0.0102611,0.00415546,0.0128096,0.999888,-0.0149287,-0.000249962,-0.000288311,4.97912,0.862552,2.63194,0.109939,0.17925,-0.2869,0.00834076,0.0306657,0.383408
20.2403,0.999889,-0.014864,-0.000271056,-0.000291275,-0.0572542,0.0180174,0.00119156,0.110007,0.179037,-0.288017,0.00926129,0.0327063,0.362289,20.2603,20.4455,-0.0151687,0.0214315,0.0173294,0.999885,-0.0151502,-0.000180807,-0.000286735,-0.0623811,4.28763,3.58828,0.110099,0.179364,-0.284394,0.0093077,0.0301201,0.373392
20.2603,0.999883,-0.0153164,-7.90601e-05,-0.000283531,-0.0560558,0.0256073,0.00145787,0.110324,0.17926,-0.282978,0.0111978,0.0304512,0.355941,20.2803,22.6523,0.0170451,0.00803102,-0.0292,0.999878,-0.0155966,4.91527e-05,-0.000278226,6.46913,1.71224,-5.75829,0.110436,0.179565,-0.279419,0.0112122,0.0274988,0.35766
20.2803,0.999868,-0.0162344,0.000406566,-0.000286014,-0.0367479,0.0246753,-0.000805857,0.11117,0.179626,-0.270608,0.0130224,0.0198301,0.340799,20.3003,19.8631,0.00440625,-0.0120275,0.00544475,0.999865,-0.0164181,0.000529914,-0.000291971,4.12794,-2.50391,1.10731,0.1113,0.179824,-0.2672,0.0129529,0.0170861,0.354386
20.3003,0.999863,-0.0165166,0.000697377,-0.000309521,-0.0197036,0.0241427,-0.00147158,0.111639,0.179592,-0.263346,0.0109364,0.00868859,0.332077,20.3203,20.1611,0.0131864,0.010098,0.00217886,0.999862,-0.0166151,0.000817983,-0.000318803,5.93885,1.87349,0.532805,0.111748,0.179678,-0.260025,0.0108159,0.00585504,0.344399
20.3203,0.999862,-0.0166047,0.000859164,-0.000315945,-0.00891789,0.0205474,-0.00160479,0.111906,0.17942,-0.258568,0.00852987,0.000745999,0.326099,20.3403,15.6428,0.00785691,0.00213917,0.00947065,0.999861,-0.0166492,0.000961767,-0.000325635,4.89007,0.225012,1.9655,0.111991,0.179427,-0.255307,0.00841481,-0.00146423,0.357638
20.3403,0.999861,-0.0166255,0.00102296,-0.000334108,-0.00119468,0.019349,-0.00227052,0.112121,0.179129,-0.253846,0.0057048,-0.00700264,0.320445,20.3603,19.1927,-0.00571443,0.00108664,-0.00902551,0.999861,-0.0166315,0.0011195,-0.000347061,2.18396,0.0423641,-1.73559,0.112178,0.179059,-0.250642,0.00553683,-0.00971787,0.336886
20.3603,0.99987,-0.0161026,0.00124146,-0.000323253,0.0395514,0.00257066,-7.33337e-06,0.112458,0.177558,-0.239767,-0.00470401,-0.0291284,0.303703,20.3803,20.8673,0.00709226,-0.004918,0.00175734,0.999873,-0.0159049,0.00125425,-0.000323742,4.63855,-1.23693,0.401987,0.112411,0.177267,-0.23673,-0.00492538,-0.0319877,0.313019
20.3803,0.999878,-0.0155626,0.00116466,-0.000317321,0.0499378,-0.0095466,0.000525416,0.112391,0.176409,-0.232817,-0.0114296,-0.0385382,0.295571,20.4003,16.1675,0.016619,0.00950492,-0.0054655,0.999882,-0.015313,0.00111689,-0.000314242,6.43597,1.68592,-0.996055,0.112276,0.176023,-0.229861,-0.0115906,-0.0406792,0.324873
20.4003,0.999881,-0.0153581,0.00113077,-0.000313784,0.0511362,-0.00834827,0.000924979,0.112329,0.175983,-0.230533,-0.0135737,-0.0408692,0.292654,20.4203,20.0976,0.0216368,-0.000906187,0.0354803,0.999885,-0.0151025,0.00108903,-0.000308808,7.38785,-0.514968,7.16008,0.112194,0.175574,-0.227606,-0.0137679,-0.0434958,0.30524
20.4203,0.999885,-0.0151536,0.00108891,-0.000311174,0.0511362,-0.0103456,0.000658469,0.112249,0.175542,-0.228266,-0.0156837,-0.0428873,0.289764,20.4403,15.3527,0.021619,0.00527918,0.0312048,0.999888,-0.0148979,0.00103716,-0.000307376,7.34468,0.74473,6.32318,0.112093,0.175113,-0.225369,-0.0158265,-0.044867,0.322529
20.4403,0.999901,-0.0140361,0.000693741,-0.000280291,0.0615225,-0.0237945,-0.000273619,0.111612,0.173257,-0.217204,-0.0235321,-0.044447,0.275049,20.4603,19.4476,0.00323931,0.000736965,-0.000948175,0.999906,-0.0137285,0.000574675,-0.000280202,3.45509,0.0114873,-0.131045,0.111377,0.172812,-0.214454,-0.0236475,-0.0467699,0.290392
20.4603,0.999916,-0.0129312,5.74391e-05,-0.000283406,0.045148,-0.0324512,0.000657655,0.110784,0.171405,-0.206481,-0.0281908,-0.0377813,0.261142,20.4803,17.4536,0.00138159,-0.00372365,0.0300546,0.999919,-0.0127055,-0.000104825,-0.000278033,2.86121,-0.833806,6.05749,0.110502,0.171027,-0.20387,-0.0281999,-0.039702,0.284963
20.4803,0.99992,-0.0126326,-0.000178772,-0.000269046,0.0348969,-0.0288565,0.000657187,0.110448,0.170885,-0.202259,-0.0282066,-0.0313927,0.255531,20.5003,22.7194,0.00945939,-0.0161949,0.00545182,0.999922,-0.0124582,-0.000323048,-0.000263906,4.41884,-3.21624,1.10283,0.110166,0.170571,-0.199704,-0.0281727,-0.0338351,0.256951
20.5003,0.999923,-0.0123913,-0.000411108,-0.000268438,0.0267753,-0.0272593,0.000523572,0.11014,0.170521,-0.198007,-0.0270474,-0.0236613,0.250052,20.5203,21.3558,0.0072744,0.0191992,0.0224883,0.999925,-0.0122575,-0.000547398,-0.000264076,3.9327,3.86643,4.59798,0.109869,0.170285,-0.195507,-0.0269732,-0.0259133,0.257271
20.5203,0.999926,-0.0121172,-0.000943527,-0.00027093,0.00214113,-0.0215335,0.000257174,0.10945,0.170164,-0.187723,-0.0216365,-0.00262469,0.236713,20.5403,22.1384,0.038354,-0.0381554,0.0266341,0.999926,-0.0121065,-0.00105117,-0.000268329,10.0964,-7.50429,5.2809,0.109234,0.170137,-0.185356,-0.0214593,-0.0049076,0.240602
20.5403,0.999921,-0.0125322,-0.0012139,-0.000271111,-0.0364747,-0.0086173,-0.00347128,0.108993,0.170631,-0.177951,-0.013206,0.019143,0.222954,20.5603,18.9135,-0.00696818,-0.0114341,0.0162678,0.999918,-0.0127146,-0.00125715,-0.000288148,1.11693,-2.08503,3.28056,0.108861,0.170823,-0.175722,-0.0130112,0.0171258,0.240564
20.5603,0.999919,-0.0126982,-0.00122837,-0.000285874,-0.0419342,-0.00342396,-0.00347125,0.108941,0.170826,-0.176059,-0.0112277,0.0233118,0.22011,20.5803,20.5873,0.0183182,-0.00984791,0.0241424,0.999916,-0.0129078,-0.00124565,-0.000303269,6.20818,-1.78403,4.85574,0.108829,0.171059,-0.173858,-0.0110131,0.0210871,0.230599
20.5803,0.999916,-0.0128769,-0.00123476,-0.000294355,-0.04513,-0.0014266,-0.00187329,0.108904,0.171053,-0.174189,-0.00891977,0.027201,0.217462,20.6003,17.3041,-3.84597e-05,-0.0123809,0.0223864,0.999913,-0.0131025,-0.00124195,-0.000303907,2.5731,-2.28669,4.5039,0.108815,0.171325,-0.172014,-0.0087385,0.0253048,0.241919
20.6003,0.999903,-0.0139191,-0.00109643,-0.000292926,-0.0577781,0.0112219,0.00318609,0.109068,0.1727,-0.165029,0.00111894,0.0401363,0.204954,20.6203,22.101,-0.00971411,-0.00139518,0.0184396,0.999898,-0.0142079,-0.00104002,-0.000278095,0.844701,-0.111646,3.74438,0.109079,0.173101,-0.162979,0.00132438,0.0375184,0.209011
20.6203,0.999884,-0.0151901,-0.000683136,-0.000308966,-0.0688303,0.0269344,-0.00160766,0.109557,0.174627,-0.156329,0.00843537,0.0425358,0.192643,20.6403,23.9708,0.00294195,-0.00254013,-0.00685099,0.999879,-0.0155341,-0.000548495,-0.000319284,3.62547,-0.350361,-1.31637,0.109641,0.175053,-0.154403,0.00857376,0.0394372,0.188754
20.6403,0.99988,-0.0154539,-0.000577732,-0.000312764,-0.0664333,0.0265353,-0.000276206,0.10968,0.175011,-0.154646,0.00933183,0.0420283,0.190376,20.6603,15.888,-0.0120016,-0.00745342,0.00766256,0.999875,-0.015786,-0.000444989,-0.000316388,0.691701,-1.39941,1.57322,0.109773,0.175432,-0.152742,0.00940929,0.0399389,0.220866
20.6603,0.999873,-0.0159438,-0.000342834,-0.000315316,-0.0592428,0.0298641,0.000789054,0.109942,0.175756,-0.151335,0.0110157,0.0399593,0.185618,20.6803,18.5977,0.00987627,-0.0151652,-0.0615597,0.999868,-0.01624,-0.000193377,-0.000313854,5.15393,-2.76717,-12.2964,0.110053,0.176155,-0.149479,0.0110691,0.0374361,0.204585
20.6803,0.999859,-0.0167992,0.000150891,-0.000350045,-0.0308803,0.021874,-0.00080925,0.110668,0.177289,-0.143243,0.0112807,0.0252714,0.174451,20.7003,18.8271,-0.00556129,-0.0011652,0.0244437,0.999856,-0.0169535,0.000260232,-0.000355905,2.24602,-0.345697,4.95398,0.110781,0.177542,-0.141499,0.0112556,0.02258,0.192448
20.7003,0.999853,-0.0171477,0.000652695,-0.000367614,-0.00797713,0.0228061,-0.00160828,0.111281,0.178029,-0.135514,0.00725157,0.00410963,0.164247,20.7203,16.9291,-0.00184665,-0.0167978,-0.019099,0.999852,-0.0171875,0.000766586,-0.000377583,3.06288,-3.42422,-3.80358,0.111354,0.17807,-0.133872,0.00715664,0.00163943,0.190317
20.7203,0.999853,-0.0171571,0.000740095,-0.000365215,-0.00265085,0.0220071,0.00118809,0.111378,0.178072,-0.13402,0.00631945,-0.000100098,0.162147,20.7403,18.2268,0.00870457,0.0189394,0.0199585,0.999852,-0.0171703,0.000850221,-0.000361153,5.16631,3.57147,4.13042,0.111441,0.178071,-0.132399,0.00620369,-0.0027611,0.182699
20.7403,0.999854,-0.0170732,0.000853475,-0.000371614,0.0167902,0.0120203,0.00012272,0.111541,0.17805,-0.131081,0.00400903,-0.00881083,0.158419,20.7603,15.4736,0.00279721,-0.00953272,0.0124664,0.999855,-0.0169893,0.000913547,-0.000372098,3.97215,-2.1193,2.53515,0.111581,0.177962,-0.129497,0.00389582,-0.0110588,0.190679
20.7603,0.999869,-0.0161392,0.00098373,-0.000376054,0.051944,0.00309859,0.00105491,0.111673,0.177185,-0.122672,-0.00745303,-0.031967,0.146136,20.7803,22.2174,0.0104458,-0.000647991,-0.0126076,0.999873,-0.0158795,0.000999208,-0.000371286,5.31882,-0.28482,-2.44604,0.111598,0.176865,-0.121211,-0.00764017,-0.0350182,0.14971
20.7803,0.99988,-0.0154787,0.000965125,-0.000363999,0.0552729,-0.00449135,0.00172052,0.111514,0.17637,-0.118697,-0.0124435,-0.0393468,0.140195,20.8003,18.3183,-0.00855637,0.00503826,-0.00966394,0.999884,-0.0152024,0.000942704,-0.000355317,1.38587,0.843822,-1.84582,0.111389,0.175977,-0.117295,-0.0125949,-0.0417596,0.160348
20.8003,0.999887,-0.0150194,0.000857426,-0.00035812,0.0583356,-0.0156766,0.000388989,0.111334,0.175752,-0.116131,-0.0158629,-0.041157,0.136137,20.8203,20.5543,-0.00385025,0.0216266,-0.015761,0.999891,-0.0147278,0.000778977,-0.000355248,2.23398,4.20043,-3.01593,0.111175,0.175341,-0.11477,-0.0160139,-0.043784,0.146778
20.8203,0.999898,-0.0142617,0.000633706,-0.000365539,0.0635288,-0.0202037,-0.000276622,0.110956,0.174808,-0.112414,-0.0206874,-0.0404923,0.129926,20.8403,21.3027,0.0363188,0.00703978,-0.00372054,0.999903,-0.0139441,0.000532562,-0.000365683,10.1133,1.29435,-0.64625,0.110749,0.174403,-0.111115,-0.0208032,-0.0430776,0.13738
20.8403,0.999916,-0.0129324,7.17012e-05,-0.000354144,0.0427602,-0.026733,0.000254412,0.110072,0.173291,-0.105984,-0.0255208,-0.0290592,0.117856,20.8603,18.2915,-0.00879933,-0.0279772,0.0195894,0.999919,-0.0127186,-6.20121e-05,-0.000351158,0.826845,-5.6606,3.91589,0.109817,0.173001,-0.104806,-0.0255327,-0.0310723,0.138112
20.8603,0.999918,-0.0127798,-4.92251e-05,-0.000349274,0.0378334,-0.0299287,0.00105335,0.109959,0.173159,-0.10515,-0.0255966,-0.025403,0.115615,20.8803,15.8039,-0.00999978,0.00806607,-0.00585825,0.999921,-0.0125907,-0.000198855,-0.000342086,0.555294,1.6372,-1.08099,0.109703,0.172905,-0.103993,-0.0255906,-0.0271217,0.146453
20.8803,0.99992,-0.0126523,-0.000174449,-0.000349124,0.031575,-0.030994,-0.000144906,0.109843,0.173055,-0.104328,-0.0255445,-0.0213905,0.11329,20.9003,17.6997,0.0128863,0.0130645,0.0224,0.999922,-0.0124945,-0.000329471,-0.00034786,5.10632,2.5918,4.58207,0.109588,0.172841,-0.103195,-0.0255189,-0.0232962,0.136063
20.9003,0.999923,-0.012363,-0.000729439,-0.000351758,0.000682345,-0.0207409,-0.000544426,0.109262,0.173025,-0.100398,-0.0230754,0.00143914,0.103122,20.9203,17.1296,0.00730537,-0.00741716,0.00907938,0.999923,-0.0123596,-0.000833171,-0.000353195,3.93516,-1.35938,1.86668,0.109032,0.173039,-0.0993669,-0.0229697,-0.00036308,0.128319
20.9203,0.999919,-0.0127106,-0.00103218,-0.000356242,-0.031264,-0.0123532,0.00238401,0.108943,0.174597,-0.0979651,-0.014721,0.0248848,0.0932487,20.9403,22.6078,0.00595572,-0.00788117,0.0350702,0.999917,-0.0128669,-0.00109373,-0.000343699,3.73927,-1.45841,7.06344,0.108796,0.174845,-0.0970326,-0.0145233,0.0224394,0.0951431
20.9403,0.999917,-0.0128579,-0.00107235,-0.000367651,-0.0377887,-0.00969023,-0.00267598,0.108921,0.175086,-0.0976332,-0.0130689,0.0290897,0.0911596,20.9603,17.86,0.00727331,0.00893963,0.00958518,0.999914,-0.0130468,-0.0011209,-0.00038061,4.02722,1.97811,2.01183,0.10879,0.175377,-0.0967216,-0.0129067,0.0271354,0.113252
20.9603,0.999909,-0.0134426,-0.00115803,-0.00035288,-0.0536345,-0.00476313,0.00251715,0.108923,0.176713,-0.0966563,-0.00800368,0.0408492,0.0861267,20.9803,20.8776,-0.0190563,-0.017587,-0.00861573,0.999905,-0.0137108,-0.00118158,-0.000340286,-1.12416,-3.26368,-1.69529,0.108843,0.177122,-0.095795,-0.00779878,0.0384609,0.0953849
20.9803,0.999891,-0.0147268,-0.00100004,-0.000377222,-0.0706787,0.0137457,-0.00214315,0.109162,0.179829,-0.0950512,0.00119176,0.0533744,0.0797151,21.0003,19.1588,-0.00220019,-0.000151906,0.0100197,0.999886,-0.0150801,-0.000931341,-0.000389302,2.50723,0.13993,2.07915,0.109174,0.180362,-0.094254,0.0013539,0.0509733,0.0962902
21.0003,0.99987,-0.0161266,-0.000632102,-0.000381557,-0.0661468,0.0193384,0.000919067,0.109707,0.183326,-0.0939755,0.0084413,0.0530026,0.0741599,21.0203,16.1597,-7.1352e-05,-0.00556977,0.0179135,0.999864,-0.0164572,-0.000535222,-0.000378731,3.21317,-1.04519,3.64058,0.109792,0.183856,-0.0932339,0.00852738,0.0507849,0.103498
21.0203,0.999865,-0.0163934,-0.000542857,-0.000382569,-0.0678779,0.0225341,0.000386233,0.109838,0.184027,-0.0938246,0.00912497,0.0514372,0.07314,21.0403,20.25,-0.00357821,0.0022581,0.0240422,0.99986,-0.0167327,-0.00043004,-0.000382669,2.56459,0.481015,4.89209,0.109929,0.184542,-0.0930932,0.00921743,0.0486123,0.0850825
21.0403,0.999858,-0.0168674,-0.000349635,-0.000399663,-0.0573583,0.0253305,-0.00187741,0.110104,0.185371,-0.0935085,0.00950282,0.047688,0.0717431,21.0603,20.6038,0.0116415,0.00880677,-0.00253861,0.999853,-0.0171541,-0.000223044,-0.000411285,5.70018,1.84051,-0.398834,0.110199,0.185848,-0.0927911,0.00956294,0.0447307,0.0821837
21.0603,0.999845,-0.0175885,6.02955e-05,-0.000403016,-0.0375143,0.0271958,0.00185098,0.110574,0.187876,-0.0931723,0.00929485,0.0356796,0.068916,21.0803,19.4156,-0.00319695,0.00912989,0.0352506,0.999842,-0.017776,0.000196492,-0.000396143,2.87491,1.68938,7.16171,0.110667,0.188233,-0.0924831,0.00928372,0.0327737,0.0844142
21.0803,0.999838,-0.0179696,0.000446871,-0.000427649,-0.00968435,0.0132141,-0.000945259,0.111018,0.1904,-0.093002,0.00558312,0.016478,0.0672979,21.1003,18.6608,0.0265331,0.00343324,0.0395451,0.999837,-0.018018,0.000512867,-0.00043354,8.89177,0.457324,8.00796,0.111074,0.190565,-0.092329,0.00551094,0.0136246,0.0860083
21.1003,0.999838,-0.0179799,0.000503165,-0.00042671,-0.00369221,0.0141462,0.00065254,0.111082,0.190791,-0.092933,0.00465787,0.0124011,0.0672742,21.1203,17.5736,-0.0162352,0.0095409,-0.0282402,0.999838,-0.0179983,0.000573952,-0.00042471,0.349425,1.90742,-5.52912,0.111129,0.190915,-0.0922602,0.00458148,0.00971245,0.0906079
21.1203,0.999839,-0.0179124,0.000612011,-0.000428995,0.00962363,0.0120157,0.00211733,0.111178,0.191457,-0.0927581,0.00171492,0.00416617,0.0672757,21.1403,21.089,0.0177179,-0.0109559,0.0123609,0.99984,-0.0178642,0.000672248,-0.000419516,7.12385,-2.35597,2.5205,0.111195,0.191499,-0.0920853,0.00160371,0.000951811,0.0756593
21.1403,0.999848,-0.0173842,0.000800185,-0.000428213,0.0362552,0.00828729,0.00291638,0.111185,0.192512,-0.092105,-0.00525157,-0.0118989,0.0678293,21.1603,19.643,-0.0221816,0.0139915,0.0121181,0.999852,-0.0172029,0.000841791,-0.000414499,-0.963403,2.59383,2.55397,0.111133,0.192393,-0.0914267,-0.00538656,-0.0148046,0.0823592
21.1603,0.999857,-0.0168625,0.000779595,-0.000416967,0.0477068,-0.00329747,0.00171772,0.110995,0.192894,-0.0917422,-0.00968114,-0.0186179,0.0679063,21.1803,20.6634,0.0169773,0.0136121,-0.00984206,0.999861,-0.016624,0.000763155,-0.000408288,6.76691,2.60075,-1.8362,0.110899,0.192708,-0.0910631,-0.00981945,-0.0215829,0.0780933
21.1803,0.999867,-0.016272,0.000635723,-0.000428301,0.0506404,-0.0140805,-0.00240987,0.110571,0.193267,-0.0916217,-0.0153491,-0.0212437,0.0669284,21.2003,19.5225,-0.0194332,-0.00131116,0.013735,0.999871,-0.0160188,0.000565025,-0.000439364,-0.63428,-0.435688,2.82555,0.110417,0.193055,-0.0909524,-0.0154559,-0.0239468,0.0819645
21.2003,0.999871,-0.0160773,0.000579115,-0.000420346,0.0477108,-0.0143469,0.00185108,0.1104,0.19337,-0.0915589,-0.0170018,-0.0212924,0.0667948,21.2203,20.8284,0.0172625,-0.0014399,0.00378165,0.999874,-0.0158388,0.000507438,-0.000410076,6.6667,-0.414458,0.837659,0.11023,0.193157,-0.0908909,-0.0171056,-0.0241419,0.0762756
21.2203,0.999885,-0.0151412,0.000205721,-0.000416977,0.0405236,-0.0218022,0.00131841,0.109238,0.194205,-0.0917562,-0.0219709,-0.0148308,0.0649949,21.2403,19.685,0.0147523,-0.000962802,0.0281166,0.999888,-0.0149386,9.67383e-05,-0.000408777,5.97575,-0.317591,5.70374,0.109018,0.194057,-0.0911062,-0.0220064,-0.0173672,0.0793337
21.2403,0.999894,-0.0145442,-0.000225678,-0.000426543,0.0202836,-0.0224679,-0.0017442,0.108002,0.195288,-0.091643,-0.0221506,-0.000568476,0.0645169,21.2603,19.5234,-0.0111192,0.0270391,0.00682211,0.999896,-0.0144429,-0.000338175,-0.000433607,0.681935,5.43159,1.52873,0.10778,0.195283,-0.0909979,-0.0221142,-0.00298486,0.0795402
21.2603,0.999896,-0.0144463,-0.000411973,-0.000421776,0.00856566,-0.0253974,0.000652646,0.107522,0.195862,-0.0915099,-0.0215275,0.00700693,0.0645284,21.2803,16.8656,0.0159265,0.00248393,0.0349477,0.999896,-0.0144035,-0.000538917,-0.000416661,6.07476,0.47949,7.07901,0.107307,0.195932,-0.0908646,-0.0214692,0.00493354,0.0908564
21.2803,0.999896,-0.0144265,-0.000575752,-0.000410389,-0.000888504,-0.0188726,0.000253211,0.107037,0.196649,-0.0914994,-0.0203702,0.014819,0.0642866,21.3003,20.7627,-0.000244992,-0.017363,0.0126482,0.999896,-0.014431,-0.000670086,-0.000407764,2.83852,-3.39361,2.56137,0.106834,0.196797,-0.0908565,-0.0202695,0.01227,0.0740379
21.3003,0.999891,-0.0147642,-0.000825381,-0.000397602,-0.0275142,-0.00994994,0.00131859,0.105902,0.199322,-0.0916633,-0.0151378,0.0342051,0.0637236,21.3203,17.2372,-0.0150543,-0.00782947,0.00486655,0.999888,-0.0149017,-0.000874973,-0.000390388,-0.0567422,-1.41623,1.03208,0.105751,0.199664,-0.091026,-0.0150175,0.0320394,0.0884725
21.3203,0.999881,-0.0154249,-0.000927744,-0.000383485,-0.0493521,-0.00382479,0.000785988,0.105212,0.201846,-0.0915511,-0.00886159,0.0470282,0.0640617,21.3403,21.1947,0.000184352,0.000333178,0.021937,0.999877,-0.0156716,-0.00094671,-0.00037949,3.12515,0.184493,4.46456,0.105124,0.202317,-0.0909105,-0.00869533,0.0442461,0.0719808
21.3403,0.999877,-0.0156274,-0.000937824,-0.000380751,-0.0514827,-0.00289248,0.000652693,0.105071,0.202518,-0.0914873,-0.00760417,0.0494057,0.0642023,21.3603,19.162,-0.00543738,0.0245366,-0.00917111,0.999873,-0.0158848,-0.000952136,-0.000377503,2.03342,5.12251,-1.68015,0.104994,0.203013,-0.0908452,-0.00745222,0.0468574,0.0807682
21.3603,0.99987,-0.0160736,-0.000917186,-0.000383948,-0.0569421,0.00443121,-0.0017442,0.104822,0.203896,-0.091323,-0.00474326,0.0534102,0.064045,21.3803,15.7964,0.00420441,0.0103708,-0.00625628,0.999866,-0.0163583,-0.000895064,-0.000393285,4.05328,2.27774,-1.14175,0.104775,0.20443,-0.0906826,-0.0046208,0.0512495,0.0949276
21.3803,0.999847,-0.0174597,-0.00062642,-0.00036105,-0.0576079,0.0132195,0.0021175,0.104373,0.208047,-0.0905333,0.00354878,0.0543142,0.0650672,21.4003,18.4487,-0.00844668,-0.000824223,-0.0083643,0.999842,-0.0177477,-0.000560043,-0.000351799,1.80164,-0.0109567,-1.60223,0.104408,0.20859,-0.0898826,0.00364613,0.0515732,0.0846765
21.4003,0.999833,-0.018267,-0.000345354,-0.000353303,-0.0469554,0.0212089,0.00158483,0.104249,0.210574,-0.0897648,0.00523034,0.0470155,0.0660577,21.4203,18.0876,-0.00136218,0.0190569,-0.0233939,0.999829,-0.0185017,-0.0002391,-0.000347398,3.37638,3.96518,-4.53764,0.104301,0.211044,-0.0891042,0.0052825,0.044204,0.0872068
21.4203,0.999827,-0.0185871,-0.000187684,-0.000358778,-0.0364358,0.0197443,0.000386412,0.104206,0.211697,-0.0893062,0.00575522,0.0412894,0.0667731,21.4403,22.6585,-0.00786411,0.00321231,-0.00352372,0.999824,-0.0187693,-8.88786e-05,-0.000358715,2.14436,0.692416,-0.620643,0.104263,0.21211,-0.0886384,0.00579013,0.0377057,0.068487
21.4403,0.999825,-0.0187165,-0.000108354,-0.000359658,-0.0328406,0.019611,0.000120125,0.104187,0.212214,-0.0890599,0.00568412,0.0379985,0.0668539,21.4603,20.9332,0.0094657,0.00113705,0.00514431,0.999822,-0.0188806,-1.02456e-05,-0.000360911,5.63591,0.23046,1.10465,0.104244,0.212594,-0.0883913,0.00570222,0.0346646,0.0759054
21.4603,0.999819,-0.0190343,0.000292819,-0.000388728,0.000318112,0.013619,-0.000279714,0.104013,0.214822,-0.0882638,0.00143302,0.0151223,0.0680011,21.4803,15.3057,-0.00218894,-0.00795733,0.00803389,0.999819,-0.0190327,0.000360875,-0.000391423,3.36905,-1.68048,1.6538,0.104028,0.214974,-0.0875838,0.00139392,0.0126433,0.100984
21.4803,0.999821,-0.0189068,0.000442287,-0.000372726,0.0119029,0.0109559,0.00158454,0.103812,0.215652,-0.0877805,-0.00284136,0.00342408,0.0681934,21.5003,18.5008,-0.00618181,0.0131598,0.0255671,0.999822,-0.0188473,0.000497184,-0.000365867,2.54034,2.44591,5.23626,0.103784,0.215686,-0.0870986,-0.0029121,0.000447697,0.0875896
21.5003,0.999823,-0.0188325,0.000471726,-0.000370757,0.0181613,0.0072275,0.000652297,0.103725,0.215857,-0.0875956,-0.00424847,-0.000211858,0.0683237,21.5203,18.6799,0.00077838,0.00475653,0.000107615,0.999824,-0.0187417,0.000507885,-0.00036822,3.92175,0.856461,0.113646,0.103682,0.215855,-0.0869123,-0.00432456,-0.00320525,0.0869577
21.5203,0.999833,-0.0182917,0.000475335,-0.000349706,0.0403987,-0.00156092,0.00291618,0.103256,0.216354,-0.0867391,-0.010601,-0.0129842,0.0688349,21.5403,15.7115,0.0209772,-0.00950359,0.0181866,0.999836,-0.0180898,0.000467728,-0.00033508,7.85045,-2.06052,3.67386,0.10315,0.216224,-0.0860507,-0.0106654,-0.0154296,0.100089
21.5403,0.999854,-0.0170926,0.00023613,-0.000326145,0.0529181,-0.0191347,0.000785365,0.101876,0.216679,-0.0870766,-0.020219,-0.0225447,0.0678755,21.5603,17.8656,-0.0101114,0.000192598,-0.00637189,0.999858,-0.0168281,0.000140451,-0.000320645,1.39657,0.0124178,-1.20879,0.101674,0.216453,-0.0863979,-0.0202558,-0.0251432,0.0899624
21.5603,0.999857,-0.0168832,0.000155819,-0.000319657,0.051986,-0.0203332,0.0013181,0.1016,0.216685,-0.0871407,-0.021505,-0.0224928,0.0675624,21.5803,19.4748,-0.0103811,-0.00391981,-0.00067602,0.999862,-0.0166233,5.41957e-05,-0.000311391,1.30077,-0.81339,-0.0848218,0.101385,0.21646,-0.0864651,-0.0215317,-0.0252907,0.0828046
21.5803,0.999861,-0.0166845,7.34424e-05,-0.000308341,0.0493228,-0.0208659,0.00251637,0.101315,0.216688,-0.0871902,-0.0229152,-0.0223105,0.0674785,21.6003,16.0497,0.018551,0.0245462,0.01329,0.999865,-0.0164379,-3.07389e-05,-0.000294039,7.043,4.85066,2.80147,0.101086,0.216465,-0.0865154,-0.022926,-0.0245892,0.0972864
21.6003,0.999878,-0.0156162,-0.000497881,-0.000273267,0.0381375,-0.0251269,0.00198379,0.0994417,0.21679,-0.0871889,-0.0280007,-0.0127779,0.0664638,21.6203,19.2707,0.0194061,0.0018546,0.0290685,0.999881,-0.0154256,-0.000623397,-0.000261292,7.00487,0.380711,5.87149,0.0991617,0.216663,-0.0865243,-0.0279198,-0.0153387,0.0825674
21.6203,0.999883,-0.0152625,-0.000794684,-0.000260412,0.024156,-0.0276568,0.000119452,0.0984893,0.217022,-0.0870168,-0.0274398,-0.00428325,0.0663379,21.6403,18.602,0.00310866,0.000979655,0.00634876,0.999885,-0.0151418,-0.000932974,-0.000257608,3.67504,0.335609,1.32418,0.0982149,0.216979,-0.0863534,-0.0273146,-0.00669928,0.0852841
21.6403,0.999885,-0.0151141,-0.00117303,-0.00023916,0.00258435,-0.0224637,0.00078535,0.0972699,0.217627,-0.0866138,-0.0257339,0.00934856,0.066133,21.6603,18.3927,-0.013509,0.00952212,0.00198898,0.999885,-0.0151013,-0.00128528,-0.000233521,0.320925,2.13213,0.47753,0.0970126,0.21772,-0.0859525,-0.0255509,0.00698291,0.0859686
21.6603,0.999885,-0.0151301,-0.0012545,-0.000227973,-0.00420674,-0.0205995,0.00251643,0.0969804,0.217839,-0.0864841,-0.0248169,0.0129965,0.0663284,21.6803,19.3912,0.00164336,0.00944926,0.0505626,0.999884,-0.0151512,-0.00135729,-0.00021386,3.36291,1.98758,10.1851,0.0967323,0.217969,-0.0858208,-0.0246104,0.0104998,0.081917
21.6803,0.999882,-0.0152753,-0.00142913,-0.000222745,-0.0176557,-0.0130095,-0.000945705,0.0961704,0.218622,-0.0860223,-0.021587,0.023129,0.0663196,21.7003,21.7218,-0.00517541,-0.00727322,0.0192228,0.999881,-0.0153636,-0.00149422,-0.000226606,2.02523,-1.22764,3.86791,0.0959545,0.218853,-0.0853591,-0.0213235,0.0203054,0.0719965
21.7003,0.999872,-0.0159211,-0.00165077,-0.000172821,-0.0429441,-0.00488606,0.00051852,0.0949832,0.221122,-0.0866756,-0.0137252,0.0375578,0.0652681,21.7203,19.0726,-0.0228433,0.015294,-0.0211698,0.999868,-0.0161358,-0.00167512,-0.000170195,-1.39328,3.45514,-4.14261,0.0948459,0.221498,-0.0860229,-0.0134577,0.0349737,0.082216
21.7203,0.999863,-0.0164713,-0.00163179,-0.00017166,-0.0489362,0.00496759,0.000385456,0.0944444,0.223,-0.0872559,-0.00861052,0.0430211,0.0643301,21.7403,15.0098,-5.70927e-05,0.0109047,-0.000231418,0.999859,-0.0167159,-0.00160688,-0.000170541,3.28219,2.50772,0.0239915,0.0943583,0.223431,-0.0866126,-0.00840246,0.0409173,0.0985602
21.7403,0.999857,-0.0168488,-0.00157829,-0.000174759,-0.0494688,0.00856298,0.00118436,0.0941641,0.224268,-0.0875609,-0.00498705,0.0443562,0.0639667,21.7603,21.9367,-0.0345428,-0.0244199,0.0186257,0.999853,-0.0170962,-0.00153534,-0.00016995,-3.53468,-4.63165,3.68816,0.0941143,0.224711,-0.0869212,-0.00469298,0.041211,0.0687389
21.7603,0.999847,-0.0174446,-0.00143591,-0.000173228,-0.0491979,0.0124246,0.0010509,0.0938505,0.226398,-0.0884872,-0.000106189,0.0439169,0.0636897,21.7803,17.9497,-0.0120656,-0.0185876,-0.0122063,0.999843,-0.0176905,-0.00137367,-0.000169411,1.07217,-3.38764,-2.46764,0.0938494,0.226837,-0.0878503,0.000112671,0.0412524,0.0854212
21.7803,0.999831,-0.018341,-0.00104967,-0.000174551,-0.0401432,0.0190825,0.00224949,0.0935472,0.229647,-0.0896297,0.00441651,0.0368734,0.0642752,21.8003,19.2877,0.00721371,0.00546992,-0.00216451,0.999828,-0.0185416,-0.000954035,-0.000165266,5.10989,1.31189,-0.379374,0.0935914,0.230016,-0.0889869,0.00458826,0.0338631,0.0803217
21.8003,0.999827,-0.0186065,-0.000878138,-0.00017282,-0.0312216,0.0225447,0.00198303,0.093473,0.230798,-0.089942,0.00501735,0.0324565,0.0649432,21.8203,19.8842,-0.0150175,-0.00543307,0.00901754,0.999824,-0.0187625,-0.000765223,-0.000165141,0.719449,-0.944904,1.82017,0.0935232,0.231122,-0.0892926,0.00516539,0.0293083,0.0784547
21.8203,0.999825,-0.0187054,-0.000786916,-0.000177616,-0.0257621,0.0226778,-0.000680175,0.0934399,0.231334,-0.0900692,0.00510433,0.0298997,0.065206,21.8403,21.4208,-0.0073522,-0.0289566,-0.0122282,0.999822,-0.0188342,-0.000673588,-0.000183238,2.26805,-5.58747,-2.51687,0.0934909,0.231633,-0.0894171,0.00524716,0.0264902,0.0721841
21.8403,0.999823,-0.0187938,-0.000693006,-0.000179786,-0.0230989,0.0233436,-1.43286e-05,0.0934078,0.231841,-0.0901772,0.00500033,0.026704,0.0654667,21.8603,17.2474,0.00786839,0.0253992,0.0204683,0.999821,-0.0189092,-0.000576289,-0.000182132,5.33196,5.14086,4.22327,0.0934578,0.232108,-0.0895225,0.00510154,0.0239458,0.0901921
21.8603,0.99982,-0.0189891,-0.000352325,-0.000192479,-0.00232628,0.0201478,-1.43099e-05,0.0932626,0.233528,-0.0904126,0.00324542,0.0127542,0.067366,21.8803,21.3131,-0.00217982,0.00694419,-0.0165359,0.999819,-0.0190007,-0.000251603,-0.000194468,3.35988,1.52176,-3.24157,0.093295,0.233656,-0.089739,0.00330865,0.00931037,0.0748039
21.8803,0.999825,-0.0186951,-5.60487e-05,-0.000190301,0.024039,0.00736465,0.000118904,0.0928624,0.235071,-0.0902098,-0.0046383,-0.0067661,0.0702374,21.9003,19.8848,0.00436556,-0.00989045,-0.0209375,0.999827,-0.018575,-1.92437e-05,-0.000190388,4.61109,-1.88808,-4.18574,0.092816,0.235003,-0.0895074,-0.00462942,-0.00992936,0.083747
21.9003,0.999828,-0.0185741,-3.74692e-05,-0.000189858,0.0294985,0.00456834,0.000251896,0.0927576,0.235221,-0.0901139,-0.00617359,-0.00960006,0.0707583,21.9203,19.404,-0.00351126,0.000163358,-0.0227946,0.99983,-0.0184266,-1.46361e-05,-0.000189017,3.01152,0.124703,-4.51955,0.0926958,0.235125,-0.0894063,-0.00616799,-0.0126669,0.0863117
21.9203,0.999833,-0.0182944,-1.74427e-05,-0.000190224,0.034958,0.00163889,0.000385086,0.0925099,0.235438,-0.0898678,-0.0096492,-0.014946,0.0721833,21.9403,21.6863,-0.00946041,-0.00717511,-0.0126288,0.999836,-0.0181197,-9.2476e-06,-0.000188446,1.7668,-1.38545,-2.51351,0.0924134,0.235289,-0.089146,-0.00964663,-0.0183219,0.0780295
21.9403,0.999844,-0.0176684,-6.98612e-05,-0.000196095,0.0396185,-0.00422005,-0.00121266,0.0918331,0.235701,-0.0895151,-0.0158667,-0.0215001,0.0738162,21.9603,21.064,0.00921254,0.000891434,-0.00193035,0.999847,-0.0174703,-9.11041e-05,-0.000201771,5.37567,0.199412,-0.343776,0.0916744,0.235486,-0.088777,-0.0158548,-0.024667,0.0823047
21.9603,0.999863,-0.0165498,-0.000452335,-0.000218993,0.0442837,-0.0215289,-0.000414125,0.090335,0.236186,-0.0899777,-0.0238488,-0.0208698,0.0741963,21.9803,18.8121,-0.00518879,-0.0133034,-0.000783151,0.999867,-0.0163284,-0.000560048,-0.000219182,2.27252,-2.5675,-0.15638,0.0900965,0.235978,-0.0892357,-0.023777,-0.0235191,0.0922551
21.9803,0.999866,-0.0163821,-0.000547446,-0.000216492,0.0412211,-0.0239257,0.000251806,0.0900561,0.236258,-0.0899927,-0.0248181,-0.019752,0.0738642,22.0003,21.0014,-0.00811822,0.00311792,0.00791136,0.999869,-0.016176,-0.000667082,-0.000213161,1.6535,0.706702,1.63646,0.0898079,0.236061,-0.0892541,-0.0247209,-0.0226797,0.082611
22.0003,0.99987,-0.0161183,-0.00073454,-0.000214758,0.0279053,-0.0228604,-0.000414051,0.0894876,0.236421,-0.0899805,-0.0257838,-0.0159911,0.0736203,22.0203,21.2555,-0.0119671,-0.0027143,-0.00638779,0.999872,-0.0159789,-0.00084889,-0.000214883,0.829423,-0.375823,-1.24144,0.0892297,0.236261,-0.0892443,-0.0256515,-0.0189066,0.081285
22.0203,0.999876,-0.0157023,-0.00121447,-0.00019965,0.0144565,-0.0260561,-0.00134604,0.0880391,0.237207,-0.0900065,-0.025934,-0.00198317,0.0729504,22.0403,19.9612,-0.000981112,-0.0189921,-0.00783146,0.999877,-0.0156301,-0.00134485,-0.000204246,2.94246,-3.53052,-1.58558,0.0877798,0.237187,-0.089277,-0.0257282,-0.00465043,0.0861176
22.0403,0.999877,-0.0155958,-0.00156949,-0.000200158,-0.00138324,-0.0180661,0.00171632,0.086918,0.238541,-0.0907495,-0.0229176,0.00953108,0.0721234,22.0603,15.8553,0.00480114,0.0153504,-0.0400564,0.999877,-0.0156027,-0.00165967,-0.00019018,4.06317,3.50871,-7.9239,0.0866888,0.238636,-0.0900283,-0.0227063,0.00742682,0.102754
22.0603,0.999877,-0.015624,-0.00162761,-0.000191512,-0.00790788,-0.0147371,0.00198257,0.0866584,0.238913,-0.0908907,-0.0219559,0.0122774,0.0719618,22.0803,16.3718,-0.00845905,-0.00440838,-0.00523384,0.999876,-0.0156636,-0.00170113,-0.000180513,1.43149,-0.540054,-1.01936,0.0864389,0.239036,-0.0901711,-0.0217295,0.0101007,0.100396
22.0803,0.999873,-0.0158642,-0.00180624,-0.000196634,-0.0258842,-0.0135387,-0.00294431,0.0859454,0.240134,-0.0912059,-0.0179049,0.0215372,0.07169,22.1003,19.1326,-0.00708812,-0.00697102,0.0327086,0.99987,-0.0159936,-0.00187413,-0.000210514,1.76564,-1.13688,6.56065,0.0857663,0.240349,-0.0904889,-0.0176113,0.0189543,0.0883826
22.1003,0.999857,-0.0168268,-0.00185053,-0.000214427,-0.0419964,0.00523668,0.000917341,0.0847355,0.243501,-0.0913495,-0.00765756,0.0365059,0.0719248,22.1203,22.5258,0.00359988,-0.00503322,-0.00681222,0.999853,-0.0170368,-0.00182423,-0.00021067,4.08279,-0.613365,-1.33764,0.0846589,0.243866,-0.0906303,-0.00730354,0.0332804,0.0741918
22.1203,0.999848,-0.0173552,-0.00175006,-0.000209709,-0.0490473,0.00789983,-0.00227846,0.0843923,0.24542,-0.0922663,-0.0037074,0.0381364,0.0719372,22.1403,17.8791,-0.0031613,0.00327764,-0.0117128,0.999844,-0.0176004,-0.00171071,-0.000222214,2.83437,1.04591,-2.28779,0.0843552,0.245801,-0.0915469,-0.0034417,0.0354959,0.0939685
22.1403,0.999844,-0.0175512,-0.00172066,-0.000219304,-0.0499793,0.00723438,-0.00214556,0.0842984,0.24605,-0.0925243,-0.00288866,0.0384186,0.0726945,22.1603,21.5475,-0.0144489,0.00554885,0.00925908,0.99984,-0.017801,-0.00168462,-0.000231095,0.623283,1.42054,1.91983,0.0842695,0.246434,-0.0917973,-0.00257388,0.0352004,0.0791264
22.1603,0.999834,-0.0181411,-0.00159404,-0.000209328,-0.0499794,0.011229,0.000384491,0.0840535,0.247897,-0.0928737,-0.00131195,0.0389595,0.127166,22.1803,19.9737,0.0160321,0.00665431,0.0201736,0.99983,-0.0183909,-0.00153782,-0.000208823,6.83898,1.57687,4.09495,0.0840404,0.248286,-0.0916021,-0.00104167,0.0358761,0.140294
22.1803,0.999816,-0.019117,-0.00133337,-0.000216071,-0.0469167,0.0126938,0.0010504,0.0837033,0.250979,-0.0846797,-0.00193573,0.0463471,0.479988,22.2003,20.6854,-0.00290505,0.00742499,-0.0133998,0.999812,-0.0193515,-0.00126976,-0.000212346,3.23813,1.80246,-2.6071,0.0836839,0.251442,-0.0798798,-0.00170177,0.0429822,0.490096
22.2003,0.99981,-0.0194764,-0.00123778,-0.000214487,-0.0474494,0.0108295,0.000251501,0.0835428,0.252259,-0.0770763,-0.0035611,0.0500034,0.635473,22.2203,20.2515,-0.0208177,-0.0341011,0.00486717,0.999805,-0.0197136,-0.00118357,-0.000214578,-0.267958,-6.59127,0.888457,0.0835072,0.252759,-0.0707215,-0.00334852,0.0466472,0.647428
22.2203,0.999806,-0.0196733,-0.00119372,-0.000226426,-0.0499794,0.0109625,-0.00267816,0.0834546,0.252912,-0.072318,-0.00433576,0.0519897,0.713447,22.2403,22.6463,-0.0062198,-0.00422393,0.0111066,0.999801,-0.0199231,-0.00113912,-0.000241191,2.69342,-0.649907,2.25103,0.0834113,0.253432,-0.0651835,-0.00410659,0.0481987,0.715221
22.2403,0.999789,-0.0205329,-0.000937605,-0.000213957,-0.0437173,0.0145589,0.00158261,0.0828854,0.25657,-0.040059,-0.00734065,0.0635678,1.10435,22.2603,24.45,-0.00327532,-0.0176263,0.0198481,0.999784,-0.0207514,-0.000864616,-0.000207746,3.45466,-3.41868,3.93979,0.082812,0.257205,-0.0290156,-0.00714651,0.0592961,1.09846
22.2603,0.999773,-0.0213166,-0.00067008,-0.000233488,-0.0391875,0.0140276,-0.00187958,0.0821039,0.260861,0.00594814,-0.00918611,0.075464,1.49289,22.2803,26.6341,0.000298424,-0.00958451,-0.00329903,0.999768,-0.0215124,-0.000600112,-0.00024451,4.32277,-1.7684,-0.65387,0.082012,0.261616,0.020877,-0.00903538,0.0706331,1.47772
22.2803,0.999766,-0.0216103,-0.000582251,-0.000234567,-0.0367907,0.0095002,0.000250972,0.0817722,0.262678,0.0287291,-0.00945483,0.0805818,1.64847,22.3003,29.9164,-0.0157717,-0.00621879,0.0090463,0.999762,-0.0217942,-0.000534691,-0.000234446,1.169,-1.16688,1.8307,0.0816776,0.263483,0.0452138,-0.00930791,0.0750809,1.61935
22.3003,0.999763,-0.0217578,-0.000535097,-0.000244495,-0.0377228,0.0116307,-0.00214602,0.0816073,0.263606,0.0410921,-0.00971548,0.0832412,1.72644,22.3203,27.2931,0.0144989,0.00790722,-0.0139119,0.999759,-0.0219463,-0.000477144,-0.000256589,7.24775,1.74931,-2.69998,0.0815101,0.264439,0.0583564,-0.00959246,0.0781884,1.70847
22.3203,0.99976,-0.0219038,-0.00049343,-0.000261223,-0.0373233,0.0102992,-0.00387682,0.0814411,0.264548,0.0541028,-0.0101129,0.0855983,1.80422,22.3403,31.912,-0.0174347,-0.0110769,-0.0342058,0.999756,-0.0220903,-0.000442322,-0.000281823,0.888354,-1.96725,-6.83408,0.08134,0.265404,0.072145,-0.00998043,0.0796508,1.76662
22.3403,0.999757,-0.0220621,-0.000460545,-0.000264976,-0.0403859,0.00803555,-0.000681247,0.0812729,0.265501,0.0677602,-0.0105562,0.0880519,1.88217,22.3603,35.6139,-0.00913213,0.0229139,0.0088328,0.999752,-0.022264,-0.000420399,-0.00026936,2.58453,4.63428,1.92106,0.0811673,0.266382,0.0865819,-0.0104184,0.0813666,1.82883
22.3603,0.999762,-0.0218024,-0.000285012,-0.000314399,0.00635257,0.00670391,-0.000947371,0.0804696,0.270623,0.15599,-0.00759085,0.0584499,2.63448,22.3803,37.0796,-0.0136031,0.0138498,-0.0123676,0.999763,-0.0217706,-0.000251614,-0.000319856,1.63777,2.87936,-2.3489,0.0803937,0.271207,0.182335,-0.00750309,0.0515713,2.57491
22.3803,0.99974,-0.0227891,-0.000235968,-0.000317308,-0.0883228,0.00364122,-0.0020127,0.0799954,0.271243,0.236655,-0.00306116,-0.0457765,2.63731,22.4003,36.7848,0.0176236,-0.00103216,0.00818557,0.99973,-0.0232306,-0.000217856,-0.000327888,8.0812,-0.195388,1.6946,0.0799648,0.270785,0.263028,-0.00298957,-0.0529091,2.57901
22.4003,0.999732,-0.0231597,-0.000219567,-0.000318012,-0.0932497,0.00390781,-1.53627e-05,0.0799023,0.271068,0.256878,-0.00221789,-0.0460136,2.63717,22.4203,40.715,0.00401161,-0.0162631,0.00280092,0.999721,-0.0236258,-0.000199886,-0.000318643,5.43453,-3.22056,0.548113,0.0798801,0.270608,0.28325,-0.00214438,-0.0540365,2.56216
22.4203,0.999709,-0.0241344,-0.000249549,-0.000315752,-0.0347933,-0.00421507,-1.52367e-05,0.079597,0.271146,0.337924,-0.000171147,0.0154053,2.63445,22.4403,43.0206,0.0373986,0.0124313,-0.00242995,0.999704,-0.0243083,-0.000270565,-0.000315363,12.2997,2.54952,-0.364579,0.0795953,0.2713,0.364268,-8.25953e-05,0.00657146,2.54966
22.4403,0.999714,-0.0239043,-0.000276431,-0.000317162,0.0323224,-8.71044e-05,0.000916598,0.0792394,0.274487,0.436708,-0.00230131,0.0848866,2.62753,22.4603,41.8237,-0.0127616,0.00297259,0.00499548,0.999718,-0.0237428,-0.000276808,-0.000312526,2.2289,0.624926,1.07714,0.0792164,0.275336,0.462984,-0.00220564,0.0763804,2.54783
22.4603,0.999721,-0.0236022,-0.000264811,-0.000306059,0.0367166,0.00217654,0.00184857,0.0790679,0.276318,0.475624,-0.00373312,0.0852057,2.62496,22.4803,41.0914,0.00881594,0.0334712,0.034865,0.999726,-0.0234187,-0.000253769,-0.000297027,6.47724,6.58129,7.18978,0.0790306,0.27717,0.501873,-0.00364307,0.076954,2.54837
22.4803,0.999727,-0.0233468,-0.000272754,-0.000285957,0.0308576,-0.000619647,0.00211505,0.0788852,0.27803,0.514628,-0.00447256,0.0740683,2.62322,22.5003,43.4376,0.00540283,-0.00273749,0.00221298,0.999731,-0.0231925,-0.000275649,-0.00027527,5.7498,-0.502838,0.486574,0.0788405,0.278771,0.54086,-0.00437422,0.0654397,2.53664
22.5003,0.999731,-0.023186,-0.000280571,-0.000281023,-0.00482792,-0.00142088,0.00211468,0.0785676,0.281173,0.60831,-0.00495623,0.0333768,2.61486,22.5203,41.3591,0.00665802,-0.00534277,0.00299921,0.99973,-0.0232101,-0.000287421,-0.000270294,5.96872,-1.0257,0.630722,0.078518,0.281507,0.634459,-0.00485979,0.0252176,2.53712
22.5203,0.999726,-0.0233936,-0.000254337,-0.000261778,-0.0106869,-0.00075508,-0.000814776,0.0783605,0.283113,0.699932,-0.00432426,0.0228793,2.60284,22.5403,47.269,0.00801026,-0.00604733,-0.0140087,0.999725,-0.023447,-0.000258192,-0.000265776,6.27923,-1.09232,-2.77733,0.0783173,0.283341,0.725961,-0.00422443,0.0134709,2.49998
22.5403,0.999726,-0.0234202,-0.000254027,-0.000266322,-0.00709161,0.000177032,-0.0010811,0.0783242,0.283473,0.718346,-0.00400521,0.0241828,2.60056,22.5603,49.3664,0.00381238,-0.00673931,-0.026831,0.999725,-0.0234557,-0.000253259,-0.000271756,5.44348,-1.17082,-5.34324,0.0782842,0.283715,0.744352,-0.00390113,0.0143457,2.48878
22.5603,0.999725,-0.0234416,-0.000248792,-0.000264583,-0.00576002,0.00137546,0.000516796,0.0782901,0.283841,0.736788,-0.00385008,0.0259755,2.59829,22.5803,49.4361,-0.00891699,-0.0279721,0.0187081,0.999724,-0.0234704,-0.000241848,-0.000262168,2.90498,-5.63131,3.6628,0.0782516,0.284101,0.762771,-0.00374804,0.0161155,2.48622
22.5803,0.999726,-0.0234172,-0.000236855,-0.000261859,0.00702315,-0.00035561,-0.00241268,0.0781253,0.28583,0.82938,-0.00385851,0.0334481,2.58798,22.6003,45.6742,-0.0254786,-0.0213838,-0.00511217,0.999727,-0.0233821,-0.000238924,-0.000273869,-0.412655,-4.20562,-1.06874,0.0780867,0.286164,0.85526,-0.00376885,0.0243479,2.4919
22.6003,0.999728,-0.0233296,-0.000225801,-0.000270006,0.00528743,0.00363581,0.000516421,0.0783816,0.286884,0.891841,-0.00355854,0.0295897,2.56273,22.6203,51.5673,0.00786947,0.000327361,0.0462078,0.999728,-0.0233032,-0.000207574,-0.000267843,6.23633,-0.104575,9.2942,0.078346,0.28718,0.917468,-0.00346224,0.0193538,2.4416
22.6203,0.999729,-0.0232984,-0.000202339,-0.00027379,0.000893216,0.00243739,0.0009159,0.0786273,0.287686,0.954848,-0.00339557,0.0207391,2.54083,22.6403,51.3156,0.00766238,0.0119503,-0.00427041,0.999729,-0.0232939,-0.000190049,-0.000269495,6.19039,2.45019,-0.743732,0.0785933,0.287894,0.980256,-0.00331001,0.0105668,2.42077
22.6403,0.999729,-0.0233015,-0.000200919,-0.000277418,-0.000704679,0.000706331,-0.000815154,0.0786856,0.287836,0.970686,-0.00347459,0.018349,2.53565,22.6603,52.1947,-0.0128341,0.00278917,0.0112896,0.999728,-0.023305,-0.000197483,-0.000281575,2.09376,0.54453,2.32628,0.0786508,0.28802,0.996042,-0.00338824,0.00800101,2.41185
22.6603,0.999728,-0.0233068,-0.000190098,-0.000282558,-0.00203626,0.00137212,-1.62005e-05,0.0788558,0.288177,1.0184,-0.00323642,0.0128625,2.52114,22.6803,51.1838,0.00271269,-0.0057553,-0.00101624,0.999728,-0.023317,-0.000183239,-0.000282801,5.20394,-1.10785,-0.173626,0.0788235,0.288306,1.04361,-0.00315651,0.00271259,2.40164
22.6803,0.999728,-0.0233247,-0.0001939,-0.000294639,-0.00217334,0.00150511,-0.00188085,0.0790516,0.287982,1.0664,-0.00290902,0.00867486,2.50748,22.7003,44.8035,-0.00601485,0.00799463,-0.00572777,0.999728,-0.0233356,-0.000186593,-0.000304218,3.46129,1.66363,-1.0488,0.0790225,0.288068,1.09148,-0.00283773,-0.000216604,2.4151
22.7003,0.999728,-0.0233158,-0.000246147,-0.000294573,0.00102245,-0.00102489,-0.000549274,0.0794072,0.287372,1.16324,-0.0031754,0.00366939,2.48419,22.7203,52.5715,0.0186758,-0.0052314,0.00642858,0.999728,-0.0233107,-0.000251336,-0.000297198,8.39695,-1.02566,1.31895,0.0793755,0.287408,1.18808,-0.00306837,-0.00675968,2.35879
22.7203,0.999728,-0.0233242,-0.000251927,-0.000289639,-0.00164072,-0.00115804,0.00131495,0.0794611,0.287248,1.17949,-0.00329429,0.00287795,2.48083,22.7403,50.9857,0.00577195,0.0218382,0.0153758,0.999728,-0.0233324,-0.00025756,-0.000282933,5.81667,4.34544,3.23381,0.0794281,0.287277,1.2043,-0.00318794,-0.00724016,2.36217
22.7403,0.999728,-0.0233134,-0.000254271,-0.000275714,0.00315297,-0.000359091,0.00357865,0.0795128,0.287116,1.19578,-0.00338683,0.00167831,2.47761,22.7603,52.7824,0.0167483,-0.0080135,0.048276,0.999729,-0.0232976,-0.000255653,-0.00025778,8.00807,-1.7756,9.66949,0.0794789,0.287133,1.22055,-0.00327553,-0.00879152,2.35131
22.7603,0.999729,-0.0232851,-0.000263024,-0.000254036,0.00288666,-0.00222331,0.00291286,0.0797047,0.286493,1.26125,-0.00327698,-0.00357147,2.46495,22.7803,51.8584,0.0149398,0.00025976,0.00957803,0.999729,-0.0232707,-0.000273802,-0.000239213,7.64393,0.0606824,1.9663,0.079672,0.286457,1.2859,-0.00316353,-0.0138455,2.34259
22.7803,0.999729,-0.0232877,-0.000242657,-0.000254887,-0.000709238,-9.17843e-05,0.0002494,0.0797723,0.285361,1.3439,-0.00381625,-0.0108313,2.45173,22.8003,52.6528,0.0145633,0.00406115,-0.0127505,0.999729,-0.0232913,-0.000243086,-0.000253631,7.56768,0.920657,-2.48024,0.0797341,0.285253,1.36842,-0.0037102,-0.0212639,2.32599
22.8003,0.999729,-0.0232904,-0.000234592,-0.000255091,-0.000176605,0.0021719,0.000116243,0.0797612,0.285089,1.36055,-0.0039922,-0.0122006,2.44915,22.8203,52.4749,0.0150305,-0.0122584,0.0211467,0.999729,-0.0232912,-0.000223722,-0.000254763,7.66306,-2.50184,4.22139,0.0797212,0.284967,1.38504,-0.00389011,-0.0225991,2.32416
22.8203,0.999729,-0.0232918,-0.000231803,-0.000261007,-0.000176608,-0.000358097,-0.00174797,0.0797317,0.284516,1.39393,-0.00422294,-0.014917,2.44449,22.8403,52.7053,-0.00100963,-0.00285869,-0.00802978,0.999729,-0.0232927,-0.000233797,-0.000269703,4.45609,-0.487882,-1.5666,0.0796895,0.284367,1.41837,-0.00412171,-0.0253619,2.31852
22.8403,0.999729,-0.023298,-0.000251825,-0.000283202,0.00142129,-9.17885e-05,-0.00121533,0.079651,0.282911,1.47807,-0.0041199,-0.0211619,2.43409,22.8603,51.7279,0.020074,0.0108204,-0.0246175,0.999729,-0.0232909,-0.000252427,-0.000289264,8.66883,2.32968,-4.81613,0.0796098,0.282699,1.50241,-0.00401198,-0.0314158,2.31227
22.8603,0.999729,-0.0232914,-0.000267921,-0.000266421,-0.000176602,-0.00155653,0.00104834,0.0795793,0.281469,1.54605,-0.00421884,-0.0261889,2.42715,22.8803,52.7007,0.00965361,0.00721939,0.0029692,0.999729,-0.0232923,-0.000275579,-0.000260999,6.5879,1.48374,0.680061,0.0795371,0.281207,1.57032,-0.00410149,-0.0366327,2.3012
22.8803,0.999729,-0.023294,-0.000276607,-0.000271413,-0.000309767,-0.00208916,-0.00121533,0.0794812,0.281141,1.56313,-0.00455572,-0.0273491,2.42552,22.9003,52.985,0.0266424,-0.00940467,-0.0200118,0.999729,-0.0232956,-0.000287191,-0.000277245,9.98244,-1.73044,-3.99229,0.0794356,0.280868,1.58739,-0.00443387,-0.0378504,2.29837
22.9003,0.999729,-0.0232876,-0.000287851,-0.00027526,0.00048995,-0.00208816,-0.000816063,0.0792795,0.280459,1.59742,-0.00499013,-0.0297089,2.42278,22.9203,52.9129,0.00769161,-0.00694053,-0.0140876,0.999729,-0.0232851,-0.000298385,-0.000279095,6.19428,-1.26414,-2.7945,0.0792296,0.280162,1.62165,-0.00486343,-0.040193,2.29592
22.9203,0.999729,-0.023267,-0.000241178,-0.000268696,0.00235416,0.00243922,0.00277921,0.0786259,0.278191,1.70112,-0.00660465,-0.0368742,2.41433,22.9403,52.8387,0.032191,0.0100003,-0.0202616,0.99973,-0.0232552,-0.000228665,-0.000255084,11.0847,2.14376,-3.95252,0.0785598,0.277822,1.72526,-0.00649904,-0.0473344,2.2878
22.9403,0.99973,-0.0232222,-0.000220931,-0.000264797,0.00341997,0.000708371,-0.0033463,0.0779363,0.276278,1.78843,-0.00779202,-0.0425333,2.4084,22.9603,53.0293,0.0154963,-0.0177623,0.00293926,0.999731,-0.0232051,-0.000217783,-0.000281602,7.74262,-3.52016,0.557459,0.0778584,0.275852,1.81252,-0.00769511,-0.053011,2.28105
22.9603,0.99973,-0.0232254,-0.000219937,-0.000270029,-0.000707946,0.000175741,-0.00121578,0.0777895,0.275882,1.806,-0.00806378,-0.0433577,2.40763,22.9803,52.5212,0.0203164,0.0219335,-0.00911206,0.99973,-0.0232289,-0.000219199,-0.000276128,8.7034,4.47291,-1.66694,0.0777089,0.275448,1.83008,-0.0079683,-0.0537364,2.28244
22.9803,0.99973,-0.0232243,-0.000220322,-0.000266161,0.000357321,-0.000223734,0.00104791,0.0776408,0.275479,1.82361,-0.00837518,-0.0443552,2.40669,23.0003,53.0207,0.011722,0.0235379,-0.0170844,0.99973,-0.0232225,-0.000221319,-0.000260897,6.98433,4.83033,-3.25393,0.077557,0.275035,1.84767,-0.00827858,-0.0548321,2.27938
23.0003,0.999731,-0.0231926,-0.000222034,-0.00028909,0.00115631,-0.00115584,0.000381852,0.0768728,0.273358,1.91193,-0.00936359,-0.0495377,2.40179,23.0203,52.6212,0.015825,0.0153772,-0.00784306,0.999731,-0.0231868,-0.000227769,-0.000287046,7.80016,3.15629,-1.43976,0.0767791,0.272863,1.93595,-0.00926718,-0.0599215,2.27618
23.0203,0.999732,-0.023158,-0.000214253,-0.000294099,0.00115631,-0.00288689,0.000115527,0.0760661,0.271071,2.00097,-0.0107766,-0.0542584,2.39732,23.0403,52.8496,0.0263421,0.00467671,0.0228652,0.999732,-0.0231522,-0.000228672,-0.000293186,9.89644,0.873577,4.65116,0.0759584,0.270529,2.02495,-0.0106833,-0.0646717,2.27073
23.0403,0.999732,-0.0231545,-0.000229202,-0.000301482,0.00195526,-9.05756e-05,-0.000550242,0.0757337,0.270107,2.03671,-0.0109265,-0.056194,2.39589,23.0603,52.9456,0.019191,-0.000625332,-0.000721354,0.999732,-0.0231447,-0.000229721,-0.00030422,8.46723,-0.0747072,-0.0877275,0.0756244,0.269545,2.06066,-0.0108264,-0.0666247,2.2689
23.0603,0.999732,-0.0231541,-0.000230629,-0.000299024,-0.00137369,-0.000889526,0.000248698,0.0753984,0.269113,2.07256,-0.0113465,-0.0584737,2.39452,23.0803,52.7892,0.0220316,-0.0205677,-0.0194357,0.999732,-0.023161,-0.000235044,-0.00029768,9.03331,-3.975,-3.92257,0.075285,0.268529,2.0965,-0.0112461,-0.0688734,2.26819
23.0803,0.999732,-0.0231611,-0.000243572,-0.000288043,0.000623672,-0.00155531,0.000115546,0.0743941,0.265942,2.18063,-0.0117101,-0.0643973,2.39063,23.1003,52.9943,0.00876824,-0.00468703,-0.0123857,0.999732,-0.023158,-0.000251334,-0.000287285,6.38449,-0.830575,-2.44102,0.074277,0.265298,2.20453,-0.0116032,-0.0748405,2.26343
23.1003,0.999732,-0.0231467,-0.000254078,-0.00027937,0.000623674,0.000575215,0.00104764,0.074057,0.264828,2.21676,-0.012155,-0.0663551,2.38896,23.1203,52.8086,0.0252799,-0.00725999,-0.0213035,0.999732,-0.0231436,-0.000251082,-0.000274199,9.68064,-1.30077,-4.2386,0.0739354,0.264164,2.24065,-0.0120438,-0.0767553,2.26255
23.1203,0.999732,-0.0231446,-0.000252431,-0.000275446,0.000490517,0.000308901,0.00104765,0.0738865,0.264259,2.23486,-0.0123789,-0.0674124,2.38853,23.1403,52.9425,0.0368318,0.0134754,-0.0264404,0.999732,-0.0231421,-0.000250766,-0.000270244,11.9861,2.86925,-5.17108,0.0737627,0.263585,2.25874,-0.012268,-0.077838,2.26155
23.1403,0.999732,-0.0231295,-0.000282535,-0.000293141,0.00195526,-0.00115584,-0.000949719,0.0730225,0.261302,2.32563,-0.0130615,-0.0721559,2.3858,23.1603,53.1291,0.0302427,-0.00512879,-0.0215321,0.999733,-0.0231197,-0.000288426,-0.000297752,10.6687,-0.867613,-4.27209,0.0728919,0.26058,2.34949,-0.0129369,-0.0826115,2.25803
23.1603,0.999733,-0.0230914,-0.000302549,-0.000311956,0.000756848,0.0011078,0.000115296,0.0721178,0.257601,2.43479,-0.0138587,-0.0779368,2.38203,23.1803,52.7667,0.0275336,-0.00188339,0.0220934,0.999733,-0.0230877,-0.000296999,-0.000311507,10.1221,-0.416399,4.46951,0.0719792,0.256822,2.45861,-0.0137261,-0.0883039,2.2558
23.1803,0.999733,-0.0230855,-0.000301801,-0.000317055,0.00142264,0.000175698,-0.00121628,0.0719718,0.256963,2.45305,-0.0138647,-0.0787973,2.38145,23.2003,53.1452,0.0350108,0.00311983,-0.00185149,0.999734,-0.0230784,-0.000301065,-0.000323153,11.6142,0.694913,-0.294513,0.0718332,0.256175,2.47687,-0.0137315,-0.0892362,2.25361
23.2003,0.999734,-0.0230674,-0.000308079,-0.000316393,0.00182211,-0.000223777,0.000248456,0.0716796,0.255661,2.48951,-0.0141316,-0.0808209,2.38024,23.2203,52.9586,0.0239773,0.00240829,0.000585906,0.999734,-0.0230583,-0.000309171,-0.000315122,9.4062,0.541943,0.190045,0.0715383,0.254853,2.51331,-0.0139961,-0.0912149,2.25319
23.2203,0.999735,-0.0230252,-0.000294412,-0.000304932,0.00315369,0.00150727,0.000647925,0.0710963,0.252955,2.56237,-0.013944,-0.085237,2.37778,23.2403,52.9677,0.0133174,0.00129398,-0.0498949,0.999735,-0.0230094,-0.000286807,-0.000301862,7.25866,0.548174,-9.9102,0.0709569,0.252102,2.58615,-0.0138145,-0.0956137,2.25069
23.2403,0.999736,-0.0229927,-0.000302135,-0.000267841,0.0024879,-9.06219e-05,0.00331109,0.0705761,0.250332,2.63554,-0.0139684,-0.0894339,2.37556,23.2603,53.2138,0.01116,-0.0253742,0.0145104,0.999736,-0.0229803,-0.000302211,-0.000251275,6.82993,-5.07923,2.8375,0.0704364,0.249437,2.6593,-0.0138344,-0.0998442,2.24742
23.2603,0.999736,-0.0229847,-0.000302976,-0.000253461,0.0015557,-0.000357025,0.00317777,0.0703784,0.24932,2.67187,-0.013907,-0.0901328,2.37392,23.2803,53.0015,0.0314457,-0.0150181,-0.0264993,0.999736,-0.0229769,-0.000304397,-0.000237533,10.8791,-2.81883,-5.31872,0.0702393,0.248419,2.69561,-0.013773,-0.100498,2.24669
23.2803,0.999736,-0.022975,-0.000306471,-0.000252052,0.00235466,-0.000889644,0.000381451,0.07028,0.248803,2.69006,-0.0139085,-0.0907954,2.37295,23.3003,52.9557,0.0322166,-0.0108582,0.000645721,0.999736,-0.0229633,-0.000310877,-0.000250039,11.0346,-2.11113,0.127639,0.070141,0.247895,2.71379,-0.013773,-0.101147,2.24591
23.3003,0.999736,-0.0229531,-0.000291202,-0.000261379,-0.000441668,0.000841406,-0.00174908,0.0696985,0.245538,2.79952,-0.0137392,-0.0945022,2.36802,23.3203,53.0609,0.0368036,-0.0125455,0.0292906,0.999736,-0.0229553,-0.000287196,-0.000270219,11.9463,-2.58275,5.8491,0.0695611,0.244593,2.8232,-0.0136104,-0.104865,2.24054
23.3203,0.999737,-0.0229133,-0.000300954,-0.000255025,0.000756452,0.000175575,0.00277815,0.0694214,0.243682,2.89001,-0.0138689,-0.0958674,2.36293,23.3403,53.1214,0.0348635,-0.0201043,0.00425156,0.999738,-0.0229095,-0.000299759,-0.000241157,11.5511,-3.97733,0.80685,0.0692828,0.242723,2.91364,-0.0137355,-0.106224,2.23518
23.3403,0.999737,-0.0229118,-0.000287298,-0.000246545,0.000356972,0.00337138,0.00224552,0.0693649,0.243287,2.90816,-0.013922,-0.0961443,2.36208,23.3603,53.0345,0.0228217,0.00242102,0.0104999,0.999738,-0.02291,-0.000270189,-0.000235706,9.14453,0.494533,2.15851,0.0692257,0.242325,2.93178,-0.0137949,-0.106483,2.23471
23.3603,0.999738,-0.0228783,-0.000250398,-0.000239123,0.00434927,0.000708498,0.00331074,0.0692606,0.242548,2.88801,-0.0137195,-0.0952091,2.25544,23.3803,52.8576,0.0192633,-0.00215975,0.0172155,0.999739,-0.0228565,-0.000246483,-0.000222649,8.42673,-0.459621,3.47916,0.0691234,0.241596,2.91056,-0.0136093,-0.105498,2.12882
23.3803,0.999739,-0.0228573,-0.000234009,-0.000224853,-0.000577584,0.00310536,0.001846,0.0691504,0.241642,2.79606,-0.0130433,-0.0931834,2.00593,23.4003,52.9492,0.04351,-0.0146131,-0.00384572,0.999739,-0.0228602,-0.000218275,-0.000215981,13.2668,-2.85552,-0.792824,0.0690199,0.24071,2.81612,-0.0129402,-0.103481,1.87891
23.4003,0.999739,-0.022836,-0.000228433,-0.000206779,0.00275137,-0.000223589,-0.000417683,0.0690507,0.240857,2.72616,-0.0133208,-0.0914045,1.82823,23.4203,52.9763,0.0365993,0.00883379,0.0110486,0.999739,-0.0228223,-0.000229601,-0.000208838,11.8818,1.76302,2.28915,0.0689175,0.239943,2.74444,-0.0132199,-0.101698,1.7011
23.4203,0.999739,-0.0228323,-0.000227368,-0.000216626,0.00102032,0.00030904,-0.00241505,0.0690225,0.240655,2.70906,-0.0134734,-0.0910678,1.78655,23.4403,52.9432,0.0155435,0.0154531,0.0149417,0.999739,-0.0228272,-0.0002261,-0.000228732,7.67275,3.06771,3.10073,0.0688878,0.239745,2.72692,-0.0133732,-0.101353,1.65956
23.4403,0.99974,-0.0228052,-0.00023671,-0.000235196,0.00141979,-0.00048991,-0.00201558,0.068932,0.240038,2.65876,-0.0132744,-0.0897167,1.66833,23.4603,53.0906,0.0279102,-0.00998278,-0.0126586,0.99974,-0.0227981,-0.00023939,-0.000245214,10.1391,-1.88966,-2.53089,0.0687992,0.239141,2.67544,-0.0131699,-0.100018,1.54072
23.4603,0.999741,-0.0227632,-0.000232522,-0.000207871,0.00208558,0.000841674,0.000514423,0.0688555,0.239318,2.59377,-0.0132112,-0.0882904,1.52369,23.4803,52.8634,0.049987,-0.0111791,0.0134914,0.999741,-0.0227528,-0.000228258,-0.000205393,14.5421,-2.24808,2.68593,0.0687234,0.238435,2.609,-0.0131088,-0.098529,1.39704
23.4803,0.999742,-0.0227262,-0.000195966,-0.000220619,0.0019522,0.00164063,-0.000684168,0.0689144,0.238876,2.51532,-0.0126811,-0.0854941,1.36245,23.5003,52.731,-0.0016357,-0.0172117,-0.00122018,0.999742,-0.0227164,-0.000187844,-0.000224223,4.21821,-3.39679,-0.278029,0.0687875,0.238021,2.52894,-0.0125954,-0.0956904,1.23636
23.5003,0.999742,-0.022712,-0.000194817,-0.000215129,0.00288311,-0.0015553,0.000242575,0.0689359,0.238676,2.48504,-0.0122286,-0.0846691,1.30355,23.5203,52.7475,0.0209947,-0.00837669,-0.0185587,0.999742,-0.0226976,-0.000202567,-0.000213737,8.73795,-1.55075,-3.70664,0.0688137,0.237829,2.49808,-0.0121433,-0.0948622,1.17739
23.5203,0.999742,-0.0226921,-0.000191224,-0.000208364,0.00208249,0.00164056,0.00117456,0.0690336,0.238938,2.4161,-0.0121589,-0.0825666,1.19128,23.5403,52.9275,0.0113774,-0.0111621,-0.0209523,0.999743,-0.0226817,-0.000182892,-0.000202677,6.8114,-2.09804,-4.19882,0.068912,0.238112,2.42801,-0.012075,-0.0927856,1.06436
23.5403,0.999743,-0.0226508,-0.000188446,-0.000190297,0.00154986,-0.00248734,-0.000556499,0.0691856,0.239293,2.30643,-0.0110299,-0.0789427,1.02429,23.5603,52.6283,0.0405681,0.00333502,0.00384069,0.999744,-0.0226431,-0.000200944,-0.000192796,12.6379,0.688656,0.819569,0.0690753,0.238504,2.31668,-0.0109475,-0.0890854,0.898639
23.5603,0.999744,-0.0226268,-0.000173669,-0.00018323,0.00194933,-0.00115577,0.000908245,0.0692712,0.239446,2.24399,-0.0107453,-0.0775443,0.934181,23.5803,52.8412,0.0254576,-0.00466381,0.0242663,0.999744,-0.022617,-0.000179345,-0.000178558,9.61373,-1.00668,4.86666,0.0691638,0.23867,2.25333,-0.0106691,-0.0877173,0.807621
23.5803,0.999744,-0.022617,-0.000186614,-0.0001778,0.00261513,-0.00328629,0.00157403,0.0692984,0.239486,2.22369,-0.0106968,-0.0769619,0.905606,23.6003,52.5278,0.0190679,0.00350251,0.0239724,0.999744,-0.0226039,-0.000202865,-0.000169558,8.33461,0.629878,4.84393,0.0691914,0.238716,2.23275,-0.0106152,-0.0870701,0.780379
23.6003,0.999744,-0.0226155,-0.000182183,-0.000190886,0.000617753,-0.00208787,-0.000157022,0.0693964,0.239598,2.14529,-0.0101108,-0.0749037,0.798899,23.6203,52.2686,0.0148774,-0.00594039,-0.0144886,0.999744,-0.0226124,-0.000192638,-0.000191434,7.49646,-1.08525,-2.88623,0.0692953,0.238849,2.15328,-0.0100317,-0.0849614,0.674773
