t,cur_e0, cur_e1, cur_e2, cur_e3,cur_wx, cur_wy, cur_wz,cur_x, cur_y, cur_z,cur_vx, cur_vy, cur_vz,t_pred,input_1, input_2, input_3, input_4,pred_e0, pred_e1, pred_e2, pred_e3,pred_wx, pred_wy, pred_wz,pred_x, pred_y, pred_z,pred_vx, pred_vy, pred_vz
0,0.721695,-0.0108039,-0.0109617,0.69204,-0.000396241,0.00228673,0.000179382,0.000278706,0.0272576,0.00613455,0.00784718,-0.00257383,0.0132317,0.02,0,0.00686757,-0.0191171,-0.961675,0.721695,-0.0108132,-0.0109548,0.69204,0.126888,0.0412975,4.94787,0.000357178,0.0272319,0.00626687,0.00784718,-0.00257383,0.111298
0.02,0.721695,-0.0108039,-0.0109576,0.69204,0.000269555,0.000821982,-0.000220089,0.000301773,0.027232,0.00618742,0.0078475,-0.0027206,0.0135503,0.04,0,0.00562685,-0.0151522,-0.941087,0.721696,-0.0108058,-0.0109538,0.692039,0.104703,0.00768449,5.11369,0.000380248,0.0272048,0.00632293,0.0078475,-0.0027206,0.111617
0.04,0.721693,-0.0107937,-0.0109636,0.692042,0.000402718,-0.00277329,0.000312549,0.00032644,0.0272058,0.0062437,0.00805079,-0.00270674,0.0137609,0.06,0,0.00719426,-0.0120558,-0.918851,0.721692,-0.0107827,-0.0109722,0.692043,0.0717473,-0.00449617,5.24299,0.000406948,0.0271787,0.00638131,0.00805079,-0.00270674,0.111827
0.06,0.721696,-0.0107794,-0.0109546,0.69204,0.00373167,-0.000775908,-0.00101902,0.000352608,0.0271812,0.00630278,0.0080857,-0.00240647,0.013876,0.08,0.0219548,0.0223292,0.0219548,-0.928293,0.721699,-0.0107632,-0.0109445,0.692037,-0.201067,-0.115659,5.18769,0.000433465,0.0271571,0.00644154,0.00808857,-0.00240651,0.111849
0.08,0.721701,-0.0107831,-0.0109461,0.692035,0.000402716,0.00228672,-0.00221675,0.00037831,0.0271594,0.0063635,0.00787576,-0.00214957,0.0139509,0.1,0.0217054,-0.0145826,0.0217054,-0.931836,0.721709,-0.0107894,-0.0109366,0.692026,0.0144043,-0.318131,5.16648,0.000457067,0.0271379,0.00650301,0.0078786,-0.00214961,0.111925
0.1,0.721704,-0.0107839,-0.0109383,0.692032,0.000802191,0.00162093,-0.00128464,0.000403729,0.0271386,0.0064265,0.00789125,-0.0020947,0.0140911,0.12,0,0.00570881,-0.0128733,-0.945518,0.721708,-0.0107865,-0.0109298,0.692027,0.0929874,-0.00410273,5.083,0.000482642,0.0271177,0.00656741,0.00789125,-0.0020947,0.112158
0.12,0.721693,-0.0107525,-0.0109496,0.692043,-0.000795692,-0.00130854,-0.00155096,0.000505002,0.0270652,0.00667507,0.00779174,-0.00204246,0.0149443,0.14,0.0458078,0.0236483,0.0458078,-0.934658,0.721698,-0.0107508,-0.0109572,0.692038,-0.338531,-0.244763,5.13944,0.00058292,0.0270448,0.00682451,0.00779772,-0.00204253,0.112816
0.14,0.721676,-0.0107312,-0.0109454,0.692061,0.00121649,-0.00117742,4.54166e-05,0.000549088,0.0270017,0.00675001,0.00813954,-0.00213963,0.0155142,0.16,0,-0.0326274,-0.0211721,-0.930043,0.721676,-0.0107228,-0.0109454,0.692062,0.355659,-0.170245,5.174,0.000630483,0.0269803,0.00690515,0.00813954,-0.00213963,0.113581
0.16,0.721672,-0.0107295,-0.0109437,0.692065,1.67807e-05,0.000151854,0.0015204,0.00055657,0.0269873,0.00676043,0.0081503,-0.00219892,0.01534,0.18,0,0.0182023,-0.045146,-0.936853,0.721667,-0.0107301,-0.010943,0.692071,0.197157,0.250687,5.13217,0.000638074,0.0269653,0.00691383,0.0081503,-0.00219892,0.113407
0.18,0.721674,-0.0107609,-0.0109828,0.692062,-0.0134322,-0.000913378,-0.000477024,0.00057031,0.0269579,0.00681887,0.00744267,-0.00210244,0.0179789,0.2,0,-0.0110512,-0.00112035,-0.929548,0.721675,-0.0108062,-0.0110326,0.69206,0.119952,-0.167119,5.18431,0.000644737,0.0269369,0.00699866,0.00744267,-0.00210244,0.116045
0.2,0.721674,-0.0108287,-0.0110351,0.69206,0.00334578,-0.00117973,0.000993756,0.000501712,0.0268925,0.00710144,0.00554176,-0.00190327,0.0162233,0.22,0.0125614,0.0302997,0.0125614,-0.934886,0.721671,-0.0108126,-0.0110277,0.692064,-0.192563,-0.0169581,5.14906,0.00055713,0.0268735,0.00726368,0.00554341,-0.00190328,0.114236
0.22,0.999879,-0.0154331,-0.00047166,-0.00179736,-0.000915283,-0.00171235,-0.000604152,0.0528624,-0.00700978,-0.0176156,0.00715806,-0.00304665,0.0165582,0.24,0,0.00294238,-0.0128083,-0.8996,0.999879,-0.0154377,-0.000480259,-0.00180025,0.0742204,0.0103042,-5.03387,0.052934,-0.00704025,-0.0174501,0.00715806,-0.00304665,0.114625
0.24,0.999879,-0.0154322,-0.000473909,-0.00179472,-0.000249495,-0.000380771,-0.00047098,0.0528686,-0.00703325,-0.0175511,0.00703076,-0.00384273,0.0166699,0.26,0,0.0293119,-0.00607347,-0.81872,0.999879,-0.0154335,-0.000475846,-0.00179704,0.302242,0.0550904,-4.57912,0.0529389,-0.00707168,-0.0173844,0.00703076,-0.00384273,0.114736
0.26,0.999879,-0.0154234,-0.000469478,-0.00178102,0.00188103,0.0016166,0.00112691,0.052889,-0.00716976,-0.0172649,0.00630733,-0.0054686,0.0171359,0.28,0,-0.0118187,-0.0137057,-0.78163,0.99988,-0.015414,-0.000461325,-0.00177551,-0.0203491,-0.0110162,-4.37153,0.0529521,-0.00722444,-0.0170936,0.00630733,-0.0054686,0.115202
0.28,0.99988,-0.01541,-0.00049357,-0.00175527,0.000815775,0.000684492,-0.000870452,0.0528892,-0.00735228,-0.0168705,0.00510942,-0.00441025,0.0171258,0.3,0,0.0325173,-0.0089292,-0.783805,0.99988,-0.0154059,-0.000490222,-0.00175968,0.333582,0.0281077,-4.38354,0.0529403,-0.00739638,-0.0166992,0.00510942,-0.00441025,0.115192
0.3,0.99988,-0.0153806,-0.000478321,-0.00173119,0.0013495,-0.000380461,-7.15054e-05,0.0528821,-0.00744932,-0.016564,0.00520821,-0.00331921,0.0174372,0.32,0.00286738,-0.00638143,0.00286738,-0.758271,0.99988,-0.0153739,-0.00048024,-0.00173152,0.0262266,0.118644,-4.23922,0.0529342,-0.00748252,-0.0163896,0.00520822,-0.00331958,0.115491
0.32,0.99988,-0.0153686,-0.000471646,-0.00172957,0.00268387,0.00175034,-0.000611404,0.0528874,-0.0074628,-0.0165121,0.00524868,-0.0032219,0.0174444,0.34,0,-0.00605442,-0.00508291,-0.676109,0.99988,-0.0153552,-0.000462966,-0.00173275,0.0396736,0.0451647,-3.77904,0.0529399,-0.00749502,-0.0163377,0.00524868,-0.0032219,0.115511
0.34,0.999881,-0.0153453,-0.00045959,-0.00172119,0.000287003,0.00268247,-0.00154351,0.0529159,-0.00752041,-0.0163366,0.00431127,-0.00321457,0.0175457,0.36,0.0104128,-0.0302855,0.0104128,-0.647108,0.999881,-0.0153438,-0.0004463,-0.00172911,-0.151267,0.165116,-3.61506,0.052959,-0.00755255,-0.0161611,0.00431131,-0.00321593,0.115568
0.36,0.999881,-0.0153618,-0.000448119,-0.00170333,-0.00024563,1.93011e-05,0.000986491,0.0529329,-0.00762033,-0.0160813,0.00356331,-0.00422681,0.0175728,0.38,0,0.000851042,-0.0433662,-0.623473,0.99988,-0.015363,-0.000447945,-0.0016984,0.101099,-0.267457,-3.48732,0.0529685,-0.0076626,-0.0159056,0.00356331,-0.00422681,0.115639
0.38,0.99988,-0.0153639,-0.000442401,-0.00170735,-0.00184353,-0.000380171,-0.000345089,0.0529339,-0.00767336,-0.0159652,0.00332421,-0.0044129,0.0175708,0.4,0,0.0068557,-0.0199387,-0.636523,0.99988,-0.0153731,-0.000444312,-0.00170905,0.147619,-0.0784327,-3.55846,0.0529671,-0.00771749,-0.0157895,0.00332421,-0.0044129,0.115637
0.4,0.99988,-0.0153636,-0.000433332,-0.00170563,-0.00011247,0.00228299,-0.000211933,0.0529326,-0.00770059,-0.0159045,0.00316089,-0.00445889,0.0175321,0.42,0,0.014358,-0.0150657,-0.622869,0.99988,-0.0153642,-0.000421934,-0.00170686,0.209018,-0.0410475,-3.48151,0.0529642,-0.00774518,-0.0157292,0.00316089,-0.00445889,0.115599
0.42,0.999881,-0.0153349,-0.000392317,-0.00171967,-0.00011248,0.00161715,-0.00154351,0.0529303,-0.00784484,-0.0156056,0.00301953,-0.0043649,0.0175414,0.44,0,-0.00832276,-0.0089453,-0.611944,0.999881,-0.0153354,-0.00038435,-0.00172751,0.0286437,0.00588627,-3.41961,0.0529605,-0.00788849,-0.0154302,0.00301953,-0.0043649,0.115608
0.44,0.999881,-0.0153348,-0.000362158,-0.0017009,0.000286997,-0.000646541,-0.000478247,0.0529212,-0.00797971,-0.0152945,0.0020743,-0.00484824,0.0177662,0.46,0,-0.0227482,-0.0105106,-0.505555,0.999881,-0.0153334,-0.000365429,-0.00170324,-0.0774838,-0.0198653,-2.82341,0.0529419,-0.00802819,-0.0151169,0.0020743,-0.00484824,0.115833
0.46,0.999881,-0.0153334,-0.000364054,-0.00169435,0.000286994,-0.000513384,0.00125281,0.0529139,-0.00800928,-0.0152349,0.001919,-0.00489204,0.0174436,0.48,0.0254262,0.0230751,0.0254262,-0.530468,0.999881,-0.015332,-0.000366527,-0.00168804,0.286589,0.271236,-2.96009,0.052933,-0.0080582,-0.0150605,0.00191908,-0.00489536,0.115402
0.48,0.999881,-0.0153006,-0.000329201,-0.00171821,0.00121807,0.00121636,-0.00153958,0.0528702,-0.00817112,-0.0149046,0.00135975,-0.00403965,0.0163689,0.5,0,0.0274001,-0.00648824,-0.552243,0.999882,-0.0152945,-0.000323248,-0.001726,0.319798,0.0182685,-3.08479,0.0528838,-0.00821151,-0.0147409,0.00135975,-0.00403965,0.114435
0.5,0.999881,-0.0152966,-0.000331297,-0.00172158,0.000418906,-0.000647789,0.000590941,0.0528487,-0.00830049,-0.0147232,0.00126604,-0.00404817,0.0162501,0.52,0,-0.0137154,-0.0480402,-0.46334,0.999882,-0.0152945,-0.000334494,-0.00171858,-0.00200482,-0.325419,-2.58996,0.0528614,-0.00834097,-0.0145607,0.00126604,-0.00404817,0.114317
0.52,0.999882,-0.0152926,-0.000331804,-0.00172789,0.000951534,-0.000115161,-0.00153959,0.0528442,-0.00832867,-0.0146791,0.0010648,-0.00428869,0.0164476,0.54,0,0.0312916,-0.0328993,-0.44382,0.999882,-0.0152879,-0.000332506,-0.00173557,0.359071,-0.206058,-2.47931,0.0528549,-0.00837155,-0.0145147,0.0010648,-0.00428869,0.114514
0.54,0.999882,-0.0152709,-0.000322039,-0.00173071,0.00254943,0.000151156,-0.00114012,0.0528303,-0.00839083,-0.0145834,0.000624429,-0.0046697,0.0166587,0.56,0,0.0230233,-0.0315244,-0.482869,0.999882,-0.0152581,-0.000321393,-0.00173642,0.290232,-0.190602,-2.698,0.0528366,-0.00843753,-0.0144168,0.000624429,-0.0046697,0.114725
0.56,0.999882,-0.0152465,-0.000301048,-0.00175485,0.000685218,0.00348011,-0.000474328,0.0527801,-0.00855533,-0.0142995,0.00033682,-0.00469433,0.0169766,0.58,0.00958592,0.0469522,0.00958592,-0.470005,0.999882,-0.0152431,-0.000283692,-0.00175749,0.481809,0.136788,-2.62232,0.0527835,-0.00860227,-0.0141297,0.000336842,-0.00469558,0.115002
0.58,0.999883,-0.0152208,-0.000267204,-0.0017672,0.00135055,0.000683384,-0.000607478,0.0527676,-0.00871424,-0.0140166,0.00073504,-0.00481571,0.0171623,0.6,0.0197091,0.032559,0.0197091,-0.463758,0.999883,-0.015214,-0.000263846,-0.00177029,0.366952,0.216477,-2.58635,0.0527749,-0.0087624,-0.013845,0.00073508,-0.00481826,0.115145
0.6,0.999883,-0.015217,-0.000268647,-0.00175895,0.00095108,-0.000381875,0.00218884,0.0527697,-0.00874331,-0.0139701,0.000637942,-0.00490981,0.0170382,0.62,0.0225832,0.0268517,0.0225832,-0.472787,0.999883,-0.0152122,-0.000270398,-0.00174798,0.32064,0.24047,-2.63674,0.0527761,-0.00879241,-0.0137998,0.000637988,-0.00491273,0.115009
0.62,0.999882,-0.0152524,-0.000271661,-0.00174425,-0.00890351,-0.000784755,0.00379549,0.052771,-0.00877054,-0.0139292,0.000559195,-0.00450258,0.0191556,0.64,0,-0.0232152,-0.0330221,-0.410583,0.999882,-0.015297,-0.000275217,-0.00172522,-0.0749799,-0.212391,-2.29288,0.0527766,-0.00881557,-0.0137376,0.000559195,-0.00450258,0.117222
0.64,0.999881,-0.0153477,-0.000267105,-0.00173396,0.00401359,-0.000386747,0.00139873,0.05276,-0.00880059,-0.0137496,4.10574e-05,-0.00236064,0.0161848,0.66,0,-0.0299382,-0.00554389,-0.492322,0.999881,-0.0153276,-0.000268966,-0.00172693,-0.133647,0.0175457,-2.74866,0.0527604,-0.0088242,-0.0135877,4.10574e-05,-0.00236064,0.114251
0.66,0.999881,-0.015318,-0.000250223,-0.00172727,-0.000913268,0.000545361,-0.000199162,0.0527398,-0.00892059,-0.0135227,-8.58662e-05,-0.00642268,0.0163772,0.68,0.000525578,0.00593437,0.000525578,-0.440691,0.999881,-0.0153225,-0.000247504,-0.00172831,0.15658,0.0600869,-2.45886,0.0527389,-0.00898482,-0.0133589,-8.58652e-05,-0.00642275,0.114441
0.68,0.999881,-0.0153172,-0.000260289,-0.00173263,0.000151615,-0.00251769,-0.00139758,0.0527408,-0.00900338,-0.0134604,-0.000206064,-0.00731989,0.0161282,0.7,0,-0.000887637,-0.00542131,-0.383588,0.999881,-0.0153165,-0.000272984,-0.00173943,0.105338,0.00554937,-2.13934,0.0527388,-0.00907657,-0.0132991,-0.000206064,-0.00731989,0.114195
0.7,0.999881,-0.0153122,-0.000270837,-0.0017285,0.00121688,1.23184e-05,0.000599795,0.0527406,-0.00909679,-0.0133903,-0.000279551,-0.0076592,0.0162736,0.72,0.0163333,0.0256654,0.0163333,-0.450896,0.999881,-0.0153061,-0.00027074,-0.0017255,0.31337,0.188172,-2.51472,0.0527378,-0.00917338,-0.0132275,-0.000279517,-0.00766133,0.114271
0.72,0.999881,-0.0153066,-0.000281056,-0.00173709,-0.000514178,-0.00185189,-0.000332316,0.0527403,-0.00919464,-0.0133107,-0.000253179,-0.00769221,0.016356,0.74,0.0210892,0.0206029,0.0210892,-0.394136,0.999881,-0.0153092,-0.000290336,-0.00173861,0.276107,0.219308,-2.19619,0.0527378,-0.00927156,-0.0131472,-0.000253134,-0.00769495,0.114333
0.74,0.999881,-0.0153116,-0.000295788,-0.00174914,-0.000647326,-0.00118611,0.000333478,0.0527297,-0.00942018,-0.0130764,-0.000680511,-0.00659424,0.0165063,0.76,0.0127323,-0.0225966,0.0127323,-0.369282,0.999881,-0.0153149,-0.000301687,-0.00174738,-0.068013,0.148963,-2.0575,0.0527229,-0.00948612,-0.0129114,-0.000680482,-0.0065959,0.114519
0.76,0.999882,-0.0152868,-0.000311778,-0.00176593,0.00121522,0.000943286,6.71559e-05,0.0527516,-0.00955984,-0.0129847,-0.000864678,-0.0063495,0.0164417,0.78,0,0.020309,-0.0141989,-0.383702,0.999882,-0.0152807,-0.000307068,-0.00176566,0.274589,-0.0640642,-2.1406,0.052743,-0.00962334,-0.0128203,-0.000864678,-0.0063495,0.114508
0.78,0.999882,-0.0152773,-0.000314316,-0.00175946,0.00228133,-0.000522965,0.00166441,0.0527616,-0.00959211,-0.0129755,-0.000836684,-0.00649605,0.016057,0.8,0,-0.0264098,-0.0082246,-0.429583,0.999882,-0.0152659,-0.000316823,-0.00175109,-0.101903,-0.0113881,-2.39715,0.0527532,-0.00965707,-0.012815,-0.000836684,-0.00649605,0.114123
0.8,0.999882,-0.0152726,-0.000312677,-0.00175943,0.00108291,0.000542303,6.65095e-05,0.0527713,-0.00962321,-0.0129761,-0.000776159,-0.00654363,0.0160172,0.82,0,0.00307919,-0.014415,-0.376896,0.999882,-0.0152672,-0.000309971,-0.00175913,0.137047,-0.0668967,-2.10248,0.0527636,-0.00968864,-0.0128159,-0.000776159,-0.00654363,0.114084
0.82,0.999882,-0.0152697,-0.000331437,-0.0017596,0.000950329,-0.000924331,0.000466012,0.0527965,-0.00972314,-0.0129654,-0.000831103,-0.00701458,0.0156862,0.84,0,0.00314882,-0.0218353,-0.3295,0.999882,-0.015265,-0.000336031,-0.00175719,0.139926,-0.131864,-1.83755,0.0527882,-0.00979329,-0.0128085,-0.000831103,-0.00701458,0.113753
0.84,0.999882,-0.0152598,-0.000360946,-0.00176841,0.00174928,-0.000791173,6.65427e-05,0.052841,-0.00993132,-0.0129001,-0.000790783,-0.0080813,0.0157627,0.86,0,-0.00266409,-0.0169929,-0.382584,0.999882,-0.0152511,-0.000364912,-0.00176802,0.090597,-0.086592,-2.13452,0.0528331,-0.0100121,-0.0127425,-0.000790783,-0.0080813,0.113829
0.86,0.999882,-0.0152475,-0.000339555,-0.00176326,-0.000381247,0.0021383,0.000466021,0.0528534,-0.0100234,-0.0128571,-0.00110928,-0.00806195,0.0156786,0.88,0.0118062,0.000415123,0.0118062,-0.373963,0.999882,-0.0152494,-0.000328825,-0.00176109,0.115259,0.14258,-2.08378,0.0528423,-0.010104,-0.0127003,-0.00110925,-0.00806348,0.113695
0.88,0.999882,-0.0152496,-0.000361835,-0.00176117,0.000151377,-0.00198959,0.0011318,0.052863,-0.010115,-0.0128076,-0.00101313,-0.00805843,0.0155193,0.9,0.0108406,-0.00917554,0.0108406,-0.3663,0.999882,-0.0152489,-0.000371697,-0.00175536,0.0388958,0.133966,-2.04092,0.0528529,-0.0101956,-0.0126524,-0.0010131,-0.00805984,0.11354
0.9,0.999882,-0.0152432,-0.000367922,-0.001746,0.00174928,0.000540407,0.00139812,0.0528724,-0.0102068,-0.0127516,-0.0011037,-0.00791066,0.0153987,0.92,0,-0.0299055,-0.00965655,-0.365275,0.999882,-0.0152345,-0.000365129,-0.00173904,-0.126701,-0.0303787,-2.03697,0.0528614,-0.0102859,-0.0125976,-0.0011037,-0.00791066,0.113465
0.92,0.999883,-0.0152172,-0.000367843,-0.00172061,0.000817175,-0.00012538,-0.000199777,0.0528903,-0.0103842,-0.0126204,-0.000976482,-0.00742101,0.015711,0.94,0.0141106,-0.00944815,0.0141106,-0.382536,0.999883,-0.0152132,-0.000368492,-0.0017216,0.0355634,0.162029,-2.13183,0.0528805,-0.0104584,-0.0124633,-0.000976441,-0.00742283,0.113718
0.94,0.999883,-0.0152041,-0.000359593,-0.00175007,0.000815641,0.00187058,-0.000998722,0.0529273,-0.0105365,-0.0125077,-0.000776512,-0.00714328,0.0162311,0.96,0,-0.0658069,-0.00945768,-0.363593,0.999883,-0.0152,-0.000350324,-0.0017552,-0.414288,-0.029676,-2.02745,0.0529196,-0.0106079,-0.0123454,-0.000776512,-0.00714328,0.114298
0.96,0.999883,-0.0152026,-0.000369884,-0.00175292,0.000283011,-0.00239049,-0.000732405,0.0529449,-0.0105708,-0.012489,-0.000641953,-0.00686768,0.0161065,0.98,0.04692,-0.0497903,0.04692,-0.344708,0.999883,-0.0152012,-0.000381894,-0.0017564,-0.28609,0.419312,-1.91685,0.0529384,-0.0106395,-0.0123279,-0.000641816,-0.00687376,0.113973
0.98,0.999883,-0.0152044,-0.000381191,-0.00175465,-0.000517117,-0.00265525,-0.000461397,0.0529628,-0.0106026,-0.0124688,-0.000538568,-0.00647734,0.0159954,1,0.0163807,-0.0145141,0.0163807,-0.273148,0.999883,-0.015207,-0.000394496,-0.00175676,-0.000182647,0.166984,-1.51857,0.0529574,-0.0106674,-0.0123088,-0.000538518,-0.00647946,0.113992
1,0.999883,-0.0152038,-0.000419099,-0.00173553,-0.00104865,-0.00225944,0.000470757,0.0530507,-0.0107175,-0.0123928,-0.000377565,-0.00583809,0.0157244,1.02,0.00633649,0.0249441,0.00633649,-0.330534,0.999883,-0.015209,-0.00043035,-0.001733,0.313084,0.0943983,-1.84112,0.0530469,-0.0107758,-0.0122355,-0.000377544,-0.00583891,0.113764
1.02,0.999883,-0.0152199,-0.000383926,-0.00170637,0.00174767,0.00160216,0.00326708,0.0531463,-0.0108051,-0.012311,-0.000105517,-0.00570219,0.0155553,1.04,0,-0.0145711,-0.0569311,-0.358174,0.999883,-0.0152112,-0.000375682,-0.00169015,-0.00342254,-0.409121,-2.00146,0.0531452,-0.0108621,-0.0121555,-0.000105517,-0.00570219,0.113622
1.04,0.999883,-0.0152192,-0.000379529,-0.00170306,1.54254e-05,0.00133394,0.000870243,0.053173,-0.0108143,-0.0123141,-0.000309335,-0.00552314,0.0155195,1.06,0.00502227,0.0209487,0.00502227,-0.247478,0.999883,-0.0152191,-0.000372794,-0.00169881,0.284687,0.0735312,-1.37609,0.0531699,-0.0108696,-0.0121589,-0.000309319,-0.00552379,0.113565
1.06,0.999883,-0.015215,-0.000379483,-0.00171333,0.00108069,0.000534995,-0.00112713,0.0532206,-0.0108302,-0.0123089,-0.000521829,-0.0050525,0.0158133,1.08,0.0467316,-0.0440358,0.0467316,-0.309738,0.999883,-0.0152096,-0.000376903,-0.001719,-0.238356,0.413787,-1.72115,0.0532154,-0.0108807,-0.0121508,-0.000521689,-0.00505855,0.113681
1.08,0.999883,-0.0152226,-0.000371079,-0.001704,-0.000117736,0.00199974,0.00113656,0.0532678,-0.0108409,-0.0122917,-0.000273131,-0.00477976,0.0156511,1.1,0.0120427,-0.00265347,0.0120427,-0.346918,0.999883,-0.0152232,-0.000360994,-0.00169847,0.0917889,0.141326,-1.93253,0.0532651,-0.0108887,-0.0121352,-0.000273096,-0.00478132,0.113666
1.1,0.999883,-0.0152065,-0.000387536,-0.00172131,0.00267858,-0.00186185,-0.0021924,0.0534001,-0.0108549,-0.0122228,0.000607989,-0.00425337,0.0153323,1.12,0.00148371,0.00898423,0.00148371,-0.332054,0.999883,-0.0151931,-0.000397034,-0.00173213,0.18556,0.0553113,-1.85008,0.0534062,-0.0108975,-0.0120695,0.000607994,-0.00425356,0.113392
1.12,0.999882,-0.0152387,-0.000372079,-0.0017374,-0.0115693,2.3445e-06,-0.000461364,0.0534924,-0.0108614,-0.0121435,0.000866137,-0.00369818,0.0182965,1.14,0,-0.0189392,-0.0100774,-0.317307,0.999881,-0.0152965,-0.000372001,-0.00173973,-0.0367201,-0.0393684,-1.76831,0.053501,-0.0108984,-0.0119605,0.000866137,-0.00369818,0.116363
1.14,0.99988,-0.0153797,-0.000371774,-0.00175214,-0.0354046,0.000268603,-0.00365713,0.0535338,-0.0108406,-0.012117,0.000715273,-0.00167541,0.0181273,1.16,0,0.0209865,-0.0080834,-0.247959,0.999877,-0.0155567,-0.000370402,-0.00177051,0.286411,-0.0309765,-1.37964,0.053541,-0.0108574,-0.0119358,0.000715273,-0.00167541,0.116194
1.16,0.99988,-0.0153626,-0.000373102,-0.00176332,0.00414085,1.0984e-06,-0.00272962,0.0535737,-0.010808,-0.012114,0.000682147,-0.000677098,0.0155439,1.18,0.0100267,-0.0344627,0.0100267,-0.346972,0.999881,-0.0153419,-0.000373343,-0.00177696,-0.161665,0.125158,-1.93262,0.0535805,-0.0108147,-0.0119585,0.000682177,-0.000678409,0.113568
1.18,0.999881,-0.0153273,-0.000373469,-0.00175921,0.00161106,-0.00106781,-0.000865394,0.0537437,-0.0106379,-0.0121748,0.000738531,-0.0012252,0.0149851,1.2,0,0.0281196,-0.0402836,-0.348664,0.999881,-0.0153192,-0.000378887,-0.00176345,0.339221,-0.276286,-1.94658,0.0537511,-0.0106501,-0.012025,0.000738531,-0.0012252,0.113052
1.2,0.999881,-0.0153216,-0.000404694,-0.00177323,0.00134476,0.000263761,-0.0027296,0.0539639,-0.010476,-0.0122786,0.000675454,-0.00303877,0.0149082,1.22,0.00208448,0.0230489,0.00208448,-0.334666,0.999881,-0.0153149,-0.000403596,-0.00178689,0.298726,0.0610718,-1.86443,0.0539707,-0.0105064,-0.0121295,0.00067546,-0.00303905,0.112966
1.22,0.999881,-0.01533,-0.000401292,-0.00177619,-0.00211736,0.00066325,-0.000732232,0.054046,-0.0104302,-0.0123036,0.000666583,-0.00367301,0.0150043,1.24,0,0.0224384,-0.0351033,-0.262314,0.999881,-0.0153406,-0.000398013,-0.00177991,0.297377,-0.245209,-1.46226,0.0540526,-0.010467,-0.0121536,0.000666583,-0.00367301,0.113071
1.24,0.999881,-0.0153496,-0.000385879,-0.00176763,1.31672e-05,0.0023943,0.000599343,0.0541229,-0.0103922,-0.0123146,0.000526559,-0.00335433,0.0150311,1.26,0.0116995,-0.0309908,0.0116995,-0.248626,0.999881,-0.0153495,-0.000373863,-0.00176481,-0.129959,0.126665,-1.38148,0.0541282,-0.0104258,-0.0121642,0.000526595,-0.00335586,0.113048
1.26,0.999881,-0.0153456,-0.000382267,-0.00177046,0.000812113,0.00119588,-0.000599078,0.0541601,-0.0103713,-0.0123155,0.00048521,-0.00314168,0.0151984,1.28,0.00207867,0.00883717,0.00207867,-0.241509,0.999881,-0.0153415,-0.000376342,-0.00177355,0.189046,0.0493688,-1.34251,0.0541649,-0.0104027,-0.0121635,0.000485216,-0.00314195,0.113256
1.28,0.999881,-0.015343,-0.000390648,-0.00177193,-0.000786936,0.00172648,0.000998824,0.0543288,-0.0102535,-0.0123537,0.000534724,-0.00218551,0.0148684,1.3,0.0540744,-0.0126918,0.0540744,-0.248825,0.999881,-0.0153469,-0.000381933,-0.00176707,0.015621,0.465928,-1.37898,0.0543341,-0.0102754,-0.012205,0.000534891,-0.00219257,0.112705
1.3,0.999881,-0.0153102,-0.000401848,-0.00175576,0.00200939,0.000927538,-0.00179749,0.0544631,-0.0101416,-0.0123988,0.000669561,-0.001529,0.0148907,1.32,0,-0.0111039,-0.0103816,-0.236112,0.999881,-0.0153001,-0.000397366,-0.00176481,0.0295704,-0.0511559,-1.31338,0.0544698,-0.0101569,-0.0122499,0.000669561,-0.001529,0.112957
1.32,0.999881,-0.0152948,-0.00038807,-0.00177066,0.00134359,0.000661217,-0.00259645,0.0545505,-0.0100648,-0.0124149,0.000601055,-0.00155222,0.0147933,1.34,0.0377192,0.000865453,0.0377192,-0.282799,0.999882,-0.015288,-0.000384975,-0.00178369,0.122783,0.339308,-1.57075,0.0545565,-0.0100803,-0.012267,0.000601171,-0.00155713,0.112699
1.34,0.999882,-0.0152892,-0.000391541,-0.0017798,0.00121043,-0.000537213,-0.00219697,0.0545908,-0.0100261,-0.0124205,0.000506131,-0.00140692,0.0145408,1.36,0.0175699,0.0174489,0.0175699,-0.233911,0.999882,-0.0152832,-0.000394405,-0.00179074,0.257474,0.172446,-1.29859,0.0545958,-0.0100402,-0.0122751,0.000506186,-0.00140921,0.112533
1.36,0.999882,-0.0152705,-0.000388486,-0.0017821,0.00174588,0.000659663,-0.000595346,0.0546698,-0.00994992,-0.012426,0.000604483,-0.00137968,0.0145315,1.38,0,0.0117379,-0.0442918,-0.213955,0.999882,-0.0152618,-0.000385249,-0.00178512,0.213063,-0.324955,-1.19208,0.0546758,-0.00996371,-0.0122806,0.000604483,-0.00137968,0.112598
1.38,0.999882,-0.0152556,-0.000407641,-0.00176754,0.00121441,0.00145843,0.00100257,0.0548373,-0.00979794,-0.0124623,0.000907327,-0.00157653,0.0142968,1.4,0,0.0145642,-0.00874272,-0.329634,0.999882,-0.0152495,-0.000400284,-0.00176264,0.230754,-0.0264191,-1.83717,0.0548464,-0.00981371,-0.0123194,0.000907327,-0.00157653,0.112363
1.4,0.999883,-0.0152222,-0.000391135,-0.00177033,0.00147916,0.00332135,7.0446e-05,0.0550621,-0.00959984,-0.012607,0.000495393,-0.00132128,0.0141684,1.42,0.0243872,0.0038795,0.0243872,-0.307795,0.999883,-0.0152148,-0.000374538,-0.00177023,0.145551,0.235589,-1.71195,0.055067,-0.00961306,-0.0124653,0.000495469,-0.00132444,0.112131
1.42,0.999883,-0.0152146,-0.000401238,-0.00177513,0.00174548,-0.00227129,-0.00112797,0.0551024,-0.00956123,-0.0126282,0.000352908,-0.00111547,0.0137373,1.44,0.00847675,0.0261107,0.00847675,-0.242423,0.999883,-0.0152059,-0.000412694,-0.00178059,0.326001,0.100797,-1.34711,0.0551059,-0.00957238,-0.0124909,0.000352935,-0.00111657,0.111768
1.44,0.999883,-0.0152117,-0.000393246,-0.00178339,0.000547056,0.00225609,-0.00192692,0.0551413,-0.00952231,-0.012649,0.000203431,-0.00109824,0.0135835,1.46,0,0.00552252,-0.00309078,-0.290595,0.999883,-0.015209,-0.000382119,-0.00179319,0.159744,0.0137292,-1.61786,0.0551433,-0.0095333,-0.0125132,0.000203431,-0.00109824,0.11165
1.46,0.999883,-0.0152043,-0.000394889,-0.00179013,-0.00078452,-0.00014076,-0.0007285,0.0552481,-0.00941059,-0.0126975,-4.7315e-05,-0.000669781,0.0136944,1.48,0,-0.0142537,-0.019826,-0.245631,0.999883,-0.0152082,-0.000395641,-0.00179376,0.0033622,-0.125855,-1.36732,0.0552476,-0.00941728,-0.0125606,-4.7315e-05,-0.000669781,0.111761
1.48,0.999883,-0.0151922,-0.000391409,-0.00180868,0.00107969,0.000525029,0.000469923,0.0554354,-0.00922858,-0.0127562,0.000456851,-0.00102732,0.0133138,1.5,0,-0.01573,-0.0171719,-0.35584,0.999883,-0.0151868,-0.000388758,-0.00180637,-0.0131439,-0.0914136,-1.98444,0.0554399,-0.00923886,-0.0126231,0.000456851,-0.00102732,0.11138
1.5,0.999883,-0.0151928,-0.000398369,-0.00180106,-0.00145151,-0.000674471,0.0011357,0.0555262,-0.00915507,-0.0128147,0.000727453,-0.00107008,0.0132255,1.52,0.0112946,0.00217658,0.0112946,-0.277295,0.999883,-0.0152,-0.000401642,-0.00179533,0.133132,0.127142,-1.54203,0.0555335,-0.00916577,-0.0126825,0.000727489,-0.00107154,0.111244
1.52,0.999883,-0.0152051,-0.000405963,-0.00180832,-0.00158466,-0.00227237,-0.000994815,0.0556201,-0.00908483,-0.0128632,0.00111724,-0.000962,0.0133653,1.54,0.0274982,-0.0520866,0.0274982,-0.185652,0.999883,-0.0152131,-0.000417385,-0.00181312,-0.298333,0.244975,-1.02714,0.0556313,-0.00909445,-0.0127296,0.00111732,-0.000965558,0.111315
1.54,0.999883,-0.0152,-0.00039044,-0.00180311,0.00014538,0.00105676,0.00126878,0.055718,-0.00901668,-0.0128957,0.00135496,-0.000877266,0.0135176,1.56,0.00361558,-0.017214,0.00361558,-0.247135,0.999883,-0.0151993,-0.000385062,-0.00179685,-0.0207105,0.0617507,-1.37366,0.0557315,-0.00902546,-0.0127605,0.00135497,-0.000877734,0.111569
1.56,0.999883,-0.0152024,-0.00037671,-0.00179815,0.00067801,-0.00307114,-0.000462279,0.0559086,-0.00889251,-0.0129416,0.00152296,-0.00122866,0.0133716,1.58,0,-0.0165729,-0.0220426,-0.311348,0.999883,-0.015199,-0.000392105,-0.00180023,-0.0176636,-0.13583,-1.73562,0.0559239,-0.0089048,-0.0128078,0.00152296,-0.00122866,0.111438
1.58,0.999883,-0.0151625,-0.000375943,-0.00179097,0.00147761,0.000258195,0.00193458,0.0561415,-0.00874499,-0.0130083,0.00192573,-0.000656128,0.0135295,1.6,0,-0.0561587,-0.0250253,-0.25939,0.999884,-0.0151551,-0.000374518,-0.00178132,-0.332729,-0.166621,-1.44476,0.0561608,-0.00875156,-0.012873,0.00192573,-0.000656128,0.111596
1.6,0.999883,-0.0151612,-0.000393149,-0.00179318,0.000278356,-0.00413731,-0.000595435,0.0561951,-0.00870975,-0.0130359,0.00199745,-0.000757919,0.0136376,1.62,0.0335924,-0.0117187,0.0335924,-0.254535,0.999883,-0.0151598,-0.000413881,-0.00179584,0.0221942,0.302451,-1.41265,0.0562151,-0.00871733,-0.0128995,0.00199756,-0.000762253,0.111561
1.62,0.999884,-0.01515,-0.000412414,-0.001785,0.0020094,-0.00120784,0.00126879,0.0563021,-0.00864182,-0.0130823,0.0021459,-0.000739953,0.0134683,1.64,0.0671111,0.013102,0.0671111,-0.217212,0.999884,-0.01514,-0.000418374,-0.00177856,0.221144,0.566552,-1.20085,0.0563236,-0.00864922,-0.0129476,0.00214612,-0.000748605,0.111249
1.64,0.999884,-0.0151318,-0.000376346,-0.00178326,0.00147676,0.000922688,0.00166826,0.0565659,-0.00847711,-0.0131499,0.00236924,-0.000379269,0.0133107,1.66,0,-0.0367687,-0.0121369,-0.248073,0.999884,-0.0151244,-0.00037162,-0.00177499,-0.177513,-0.0646636,-1.38033,0.0565896,-0.0084809,-0.0130168,0.00236924,-0.000379269,0.111377
1.66,0.999882,-0.015278,-0.000372187,-0.00178869,-0.0358075,-0.000142472,-0.00219334,0.056771,-0.00833216,-0.0131424,0.00214947,0.00214751,0.0177208,1.68,0.00215935,0.0120389,0.00215935,-0.169873,0.999879,-0.015457,-0.000372747,-0.00179971,0.216202,0.0411416,-0.941147,0.0567925,-0.00831069,-0.0129652,0.00214948,0.00214723,0.115778
1.68,0.999881,-0.0153075,-0.000367177,-0.00178138,0.00227497,0.00172065,0.00100246,0.0568893,-0.00819879,-0.0131942,0.00228326,0.0042715,0.0126358,1.7,0.0132637,-0.0396281,0.0132637,-0.168185,0.999881,-0.0152962,-0.000358518,-0.00177649,-0.197063,0.129021,-0.93068,0.0569121,-0.00815608,-0.0130679,0.0022833,0.00426977,0.110646
1.7,0.999881,-0.0152978,-0.000360921,-0.00177641,0.00240675,0.00171928,0.00127269,0.0569526,-0.0081271,-0.0132367,0.00257081,0.00416214,0.0125411,1.72,0,-0.00971259,-0.0303116,-0.168866,0.999882,-0.0152858,-0.00035225,-0.00177018,0.0428139,-0.219092,-0.938313,0.0569783,-0.00808548,-0.0131113,0.00257081,0.00416214,0.110608
1.72,0.999882,-0.0152687,-0.000371308,-0.00177327,9.91445e-06,-0.00147651,0.00100636,0.0572763,-0.0078441,-0.0134092,0.00329086,0.000924283,0.0125423,1.74,0.0391333,0.0482749,0.0391333,-0.148722,0.999882,-0.0152686,-0.000378613,-0.00176813,0.505709,0.334812,-0.819701,0.0573092,-0.00783485,-0.0132838,0.00329097,0.000919198,0.110442
1.74,0.999882,-0.0152708,-0.000364078,-0.0017951,-0.00145391,0.00118719,-0.000458356,0.0575163,-0.00771833,-0.0135166,0.0033931,-0.000590116,0.0128417,1.76,0,-0.00691683,-0.0319395,-0.202502,0.999882,-0.0152781,-0.000358165,-0.00179748,0.0641097,-0.227996,-1.12676,0.0575503,-0.00772423,-0.0133882,0.0033931,-0.000590116,0.110908
1.76,0.999882,-0.0152855,-0.000364189,-0.00181846,-0.00238602,-0.000410691,-0.00205626,0.0576336,-0.0076671,-0.0135518,0.00347721,-0.00037399,0.0126658,1.78,0.0220973,0.0260605,0.0220973,-0.170423,0.999881,-0.0152974,-0.000366377,-0.00182871,0.328064,0.200846,-0.942387,0.0576684,-0.00767084,-0.0134251,0.00347728,-0.000376864,0.110638
1.78,0.999881,-0.0152997,-0.00036715,-0.00181197,-0.000256553,-0.00107692,-0.000325211,0.0577684,-0.00761123,-0.0136299,0.00343648,0.00015432,0.012388,1.8,0.0101659,-0.0282845,0.0101659,-0.215789,0.999881,-0.015301,-0.000372556,-0.00181351,-0.107572,0.110187,-1.19744,0.0578027,-0.00760969,-0.013506,0.00343651,0.000152996,0.110411
1.8,0.999881,-0.0152992,-0.000368777,-0.00181326,0.000142915,-0.000277971,-0.000325212,0.0578355,-0.00758107,-0.0136645,0.00354494,0.000365714,0.0122985,1.82,0.00739197,-0.0034863,0.00739197,-0.234035,0.999881,-0.0152985,-0.000370193,-0.00181486,0.0903054,0.0905908,-1.29993,0.0578709,-0.00757741,-0.0135415,0.00354496,0.000364752,0.110334
1.82,0.999881,-0.0152975,-0.000362797,-0.00180639,9.75607e-06,0.00145308,0.00140584,0.0579677,-0.00751582,-0.013726,0.00371636,0.000895813,0.0122164,1.84,0.00145684,-0.0293378,0.00145684,-0.180904,0.999881,-0.0152975,-0.000355425,-0.00179948,-0.114913,0.0362217,-1.00281,0.0580049,-0.00750686,-0.0136038,0.00371636,0.000895623,0.110277
1.84,0.999881,-0.01529,-0.000331148,-0.00180254,0.00214029,-0.000810603,0.000207415,0.0582473,-0.00736776,-0.0138317,0.00464496,0.00211573,0.0113538,1.86,0.0346406,0.0191533,0.0346406,-0.18107,0.999882,-0.0152793,-0.000335204,-0.00180144,0.27243,0.30212,-1.00102,0.0582937,-0.0073466,-0.0137181,0.00464505,0.00211122,0.109273
1.86,0.999881,-0.0152895,-0.00034638,-0.00181713,0.000276075,0.000920452,0.000473734,0.0585265,-0.00720917,-0.0138967,0.0046173,0.00189503,0.0116449,1.88,0.00872543,-0.0134182,0.00872543,-0.172593,0.999881,-0.0152881,-0.000341744,-0.00181483,0.0125262,0.0934401,-0.955613,0.0585726,-0.00719022,-0.0137803,0.00461733,0.0018939,0.109674
1.88,0.999881,-0.0152932,-0.000341988,-0.00182017,-0.000921106,0.00118659,-0.000728988,0.0585946,-0.00717179,-0.0139047,0.00470339,0.00191638,0.0117586,1.9,0.0182595,-0.0610777,0.0182595,-0.21157,0.999881,-0.0152978,-0.000336103,-0.00182391,-0.370087,0.173722,-1.17303,0.0586416,-0.00715262,-0.0137871,0.00470344,0.001914,0.109747
1.9,0.999881,-0.0153033,-0.000339125,-0.00182053,-0.002519,0.000787123,-6.31949e-05,0.0586634,-0.00713384,-0.01391,0.00494713,0.00212377,0.0117681,1.92,0.0298311,-0.0273482,0.0298311,-0.228465,0.999881,-0.0153158,-0.000335172,-0.00182091,-0.100729,0.268832,-1.26673,0.0587129,-0.0071126,-0.0137923,0.00494721,0.00211988,0.109708
1.92,0.999881,-0.0153021,-0.000335675,-0.0018098,-0.00132058,-0.00121025,-0.000595835,0.0588757,-0.00702266,-0.0139122,0.00526582,0.00176266,0.0116432,1.94,0.00322332,-0.00426449,0.00322332,-0.181045,0.999881,-0.0153087,-0.000341759,-0.00181269,0.0857473,0.0505256,-1.00348,0.0589283,-0.00700504,-0.0137958,0.00526582,0.00176224,0.109696
1.94,0.999881,-0.0152894,-0.000341671,-0.00179694,0.00240789,-0.00134303,0.00100208,0.0591858,-0.00689237,-0.0140256,0.00576816,0.00162331,0.0112365,1.96,0,0.0119427,-0.0166475,-0.247608,0.999882,-0.0152774,-0.00034833,-0.00179182,0.213572,-0.100059,-1.37814,0.0592435,-0.00687614,-0.0139133,0.00576816,0.00162331,0.109303
1.96,0.999882,-0.0152899,-0.000353112,-0.00178767,-0.0014537,-0.000144609,0.00153471,0.0593325,-0.00683273,-0.0140801,0.00581349,0.00165932,0.0105598,1.98,0,-0.0305548,-0.00768256,-0.17692,0.999881,-0.0152972,-0.000353705,-0.00177999,-0.124471,-0.0374705,-0.981387,0.0593906,-0.00681613,-0.0139745,0.00581349,0.00165932,0.108626
1.98,0.999882,-0.0152861,-0.000362914,-0.00178936,0.000943149,-0.00240829,-0.000462652,0.0594054,-0.00680363,-0.0141063,0.00581722,0.00154244,0.0105362,2,0,-0.00560432,-0.011832,-0.22263,0.999882,-0.0152814,-0.000374997,-0.00179149,0.073903,-0.0646699,-1.23781,0.0594635,-0.00678821,-0.014001,0.00581722,0.00154244,0.108603
2,0.999881,-0.0152946,-0.000359437,-0.00178565,-0.00132054,0.00171961,0.0006026,0.0595507,-0.0067466,-0.0141504,0.00599356,0.00174203,0.0106463,2.02,0.0293949,-0.0182751,0.0293949,-0.148669,0.999881,-0.0153012,-0.000350782,-0.00178277,-0.0261081,0.255903,-0.820011,0.0596106,-0.00672918,-0.014044,0.00599364,0.0017382,0.108588
2.02,0.999882,-0.0152582,-0.000355542,-0.0017651,0.00294052,0.000920661,-0.000595822,0.0599194,-0.00660533,-0.0142046,0.00645582,0.00161758,0.0109681,2.04,0.0188546,-0.00441551,0.0188546,-0.124718,0.999882,-0.0152435,-0.00035101,-0.00176814,0.0851486,0.168802,-0.686915,0.059984,-0.00658915,-0.0140949,0.00645587,0.00161513,0.108954
2.04,0.999882,-0.0152261,-0.000347346,-0.0017614,0.00347315,0.000388018,-0.000329505,0.0602161,-0.00651114,-0.0142005,0.00683017,0.00124527,0.0107418,2.06,0.00206679,-0.0143648,0.00206679,-0.18146,0.999883,-0.0152087,-0.000345461,-0.00176307,0.00433542,0.0411657,-1.00615,0.0602844,-0.00649869,-0.0140931,0.00683018,0.00124501,0.1088
2.06,0.999883,-0.0152223,-0.000360203,-0.00175796,-0.000921064,-0.00280777,-0.000462663,0.0603687,-0.00647493,-0.0142153,0.00675714,0.000886466,0.0112605,2.08,0,-0.0713312,-0.0209283,-0.179949,0.999882,-0.0152269,-0.000374267,-0.00176006,-0.451359,-0.14367,-0.999578,0.0604362,-0.00646606,-0.0141027,0.00675714,0.000886466,0.109327
2.08,0.999883,-0.0152154,-0.00036036,-0.00176291,0.00174237,-1.21514e-05,-0.00125566,0.060447,-0.00646183,-0.0142562,0.00682062,0.0010951,0.0111705,2.1,0.00913747,0.00900086,0.00913747,-0.112901,0.999883,-0.0152067,-0.000360532,-0.00176918,0.192479,0.089825,-0.621602,0.0605152,-0.00645088,-0.0141445,0.00682065,0.00109392,0.109198
2.1,0.999883,-0.0151894,-0.000362498,-0.00178061,0.00160891,-0.00107724,-0.000723048,0.0607688,-0.00640421,-0.0144065,0.0074874,0.00108325,0.0102983,2.12,0.00526494,-0.037033,0.00526494,-0.212966,0.999883,-0.0151814,-0.000367953,-0.00178414,-0.178281,0.0702971,-1.18221,0.0608436,-0.00639338,-0.0143035,0.00748741,0.00108257,0.108342
2.12,0.999883,-0.0151869,-0.000362273,-0.00176973,0.000544556,0.000654987,0.00233962,0.061139,-0.00634903,-0.0145588,0.00685527,0.000997779,0.0100618,2.14,0,-0.0259771,-0.0196447,-0.179126,0.999883,-0.0151842,-0.000358826,-0.00175808,-0.0885685,-0.132894,-0.99486,0.0612076,-0.00633905,-0.0144581,0.00685527,0.000997779,0.108128
2.14,0.999883,-0.0151783,-0.00035536,-0.00176426,-0.000121237,0.00172025,0.00154066,0.0612671,-0.00632991,-0.0146132,0.0067877,0.00111483,0.00987933,2.16,0.0236954,-0.0580927,0.0236954,-0.233812,0.999883,-0.0151789,-0.000346642,-0.00175669,-0.347872,0.21987,-1.29748,0.061335,-0.00631876,-0.0145144,0.00678777,0.00111177,0.107845
2.16,0.999883,-0.0151767,-0.000354326,-0.00176136,-0.00145281,-0.000410284,-5.72329e-05,0.0613929,-0.00631258,-0.0146603,0.00670796,0.00104049,0.00981277,2.18,0,0.0142505,-0.0290298,-0.209527,0.999883,-0.0151839,-0.000356369,-0.00176162,0.232459,-0.203801,-1.16607,0.06146,-0.00630217,-0.0145622,0.00670796,0.00104049,0.107879
2.18,0.999883,-0.0151777,-0.000356264,-0.00177825,1.15541e-05,0.000255626,-0.0033862,0.0615192,-0.00630038,-0.0147435,0.00616833,0.00110202,0.00995729,2.2,0,-0.0127432,-0.0200171,-0.268422,0.999883,-0.0151776,-0.000355243,-0.0017952,0.0145161,-0.124963,-1.49507,0.0615809,-0.00628936,-0.014644,0.00616833,0.00110202,0.108024
2.2,0.999881,-0.0153338,-0.000338767,-0.00180381,-0.0330116,0.00265255,-0.000323535,0.0618149,-0.0062692,-0.0148971,0.005783,0.00217695,0.0140217,2.22,0.00075441,-0.0355857,0.00075441,-0.141031,0.999878,-0.0154989,-0.000325233,-0.00180569,-0.163679,0.0255028,-0.779555,0.0618727,-0.00624743,-0.0147568,0.005783,0.00217685,0.112085
2.22,0.99988,-0.0153563,-0.000339095,-0.00180139,0.00307419,-0.000277001,-0.000856195,0.0619826,-0.00619107,-0.0149542,0.00614734,0.00387413,0.00936319,2.24,0.0317579,-0.0286915,0.0317579,-0.17997,0.999881,-0.0153409,-0.000340573,-0.00180565,-0.109721,0.278394,-0.99501,0.0620441,-0.00615233,-0.0148605,0.00614743,0.00386998,0.107295
2.24,0.999881,-0.0153414,-0.000342765,-0.00181012,0.00373998,-0.000942805,-0.00218776,0.062042,-0.00616557,-0.0149728,0.00634851,0.00339203,0.00958135,2.26,0,-0.0198734,-0.0150681,-0.115867,0.999881,-0.0153227,-0.00034768,-0.00182097,-0.0372016,-0.103875,-0.639969,0.0621055,-0.00613165,-0.014877,0.00634851,0.00339203,0.107648
2.26,0.999881,-0.0153281,-0.000341042,-0.00181314,0.00333854,0.000389109,-0.000726579,0.0621024,-0.00614549,-0.0149872,0.00646668,0.00252731,0.00973671,2.28,0,-0.0657875,-0.0256742,-0.167803,0.999881,-0.0153115,-0.000339183,-0.0018168,-0.405747,-0.183063,-0.931681,0.0621671,-0.00612021,-0.0148899,0.00646668,0.00252731,0.107803
2.28,0.999881,-0.0153023,-0.000338455,-0.00181846,0.000542224,0.00132121,7.23714e-05,0.0622817,-0.00612646,-0.0150176,0.00626077,-0.000185411,0.00933691,2.3,0,-0.0263759,-0.00480959,-0.162085,0.999881,-0.0152995,-0.000331849,-0.0018182,-0.0905965,-0.0163429,-0.897884,0.0623444,-0.00612832,-0.0149242,0.00626077,-0.000185411,0.107403
2.3,0.999881,-0.015327,-0.000333077,-0.00182064,-0.00318626,-0.000809074,0.00153711,0.0624551,-0.00616843,-0.0150894,0.0063309,-0.00155544,0.00921464,2.32,0.00239005,-0.0110614,0.00239005,-0.14444,0.999881,-0.0153429,-0.000336975,-0.0018129,0.0324218,0.0393041,-0.798452,0.0625185,-0.00618399,-0.0149973,0.0063309,-0.00155575,0.107271
2.32,0.99988,-0.0153502,-0.000336895,-0.00182086,0.000676093,-0.000142382,-0.00125919,0.0626676,-0.00625276,-0.015196,0.00623436,-0.00133426,0.00968381,2.34,0.0112846,-0.0113464,0.0112846,-0.137135,0.99988,-0.0153468,-0.00033771,-0.00182714,0.0303312,0.10961,-0.756774,0.0627299,-0.0062661,-0.0150992,0.00623439,-0.00133574,0.107702
2.34,0.999881,-0.0153422,-0.000327513,-0.00182238,0.00200767,0.00225446,-0.000327083,0.0627141,-0.0062702,-0.015217,0.00613863,-0.0011371,0.00975402,2.36,0.0457558,0.00135612,0.0457558,-0.207408,0.999881,-0.0153321,-0.000316286,-0.00182419,0.129574,0.39404,-1.14745,0.0627754,-0.00628157,-0.0151195,0.00613875,-0.00114308,0.107626
2.36,0.999881,-0.0153342,-0.000332428,-0.00181783,0.00200767,-0.00134081,0.00113765,0.0627603,-0.00628527,-0.0152345,0.00621605,-0.000776274,0.00997975,2.38,0,-0.0192622,-0.012038,-0.162043,0.999881,-0.0153242,-0.000339062,-0.00181204,-0.033315,-0.0740707,-0.898286,0.0628225,-0.00629303,-0.0151347,0.00621605,-0.000776274,0.108046
2.38,0.999881,-0.0153246,-0.000319634,-0.00178713,0.00200767,0.00105604,0.00300187,0.062997,-0.00634023,-0.0152713,0.0066569,-0.000156021,0.0102619,2.4,0,-0.0494329,-0.0150912,-0.126475,0.999881,-0.0153146,-0.000314143,-0.0017722,-0.274076,-0.103384,-0.699467,0.0630636,-0.00634179,-0.0151687,0.0066569,-0.000156021,0.108328
2.4,0.999881,-0.0153076,-0.000312974,-0.00177836,0.00293977,0.000257087,0.00113765,0.063184,-0.00637091,-0.0152514,0.00615936,-0.000127991,0.0104782,2.42,0.0749077,0.0069745,0.0749077,-0.150789,0.999881,-0.0152929,-0.000311628,-0.00177269,0.175055,0.620224,-0.828092,0.0632456,-0.00637219,-0.0151466,0.00615954,-0.000137749,0.108226
2.42,0.999881,-0.0152947,-0.000307997,-0.00176787,0.00187451,0.00105604,0.00167029,0.0632771,-0.00639102,-0.0152281,0.00639708,-0.000569524,0.0103595,2.44,0,-0.0144062,-0.0409289,-0.181198,0.999882,-0.0152854,-0.000302607,-0.00175959,0.0051116,-0.303004,-1.00834,0.0633411,-0.00639672,-0.0151245,0.00639708,-0.000569524,0.108426
2.44,0.999881,-0.0153042,-0.000309435,-0.00176292,-0.00305019,-0.000542217,-0.000187609,0.063367,-0.00641885,-0.0152496,0.00644294,-0.00100849,0.0103565,2.46,0.0275594,-0.0202342,0.0275594,-0.153934,0.999881,-0.0153195,-0.000312134,-0.00176383,-0.0417222,0.241455,-0.849782,0.0634314,-0.00642893,-0.0151461,0.006443,-0.00101207,0.108306
2.46,0.999881,-0.0153018,-0.000281187,-0.00175245,0.000944541,0.00425147,0.00141029,0.0635105,-0.00647008,-0.0152625,0.00690481,-0.00149858,0.010496,2.48,0,-0.00190225,-0.0354978,-0.0861849,0.999881,-0.015297,-0.000259833,-0.00174573,0.106968,-0.271185,-0.475846,0.0635796,-0.00648506,-0.0151575,0.00690481,-0.00149858,0.108562
2.48,0.999881,-0.0153015,-0.000281658,-0.00175156,-0.0014523,-0.000409058,0.000877653,0.0636132,-0.00651313,-0.0152571,0.00743368,-0.00194855,0.0103409,2.5,0,-0.0114784,-0.027277,-0.145095,0.999881,-0.0153088,-0.000283623,-0.00174714,0.0293015,-0.198361,-0.805055,0.0636875,-0.00653262,-0.0151537,0.00743368,-0.00194855,0.108407
2.5,0.999882,-0.015276,-0.000283794,-0.00176256,0.000145594,-0.000808534,-0.000187607,0.0638643,-0.00662449,-0.015252,0.00713286,-0.00210212,0.0097628,2.52,0,0.0178419,-0.00213553,-0.135969,0.999882,-0.0152752,-0.000287852,-0.00176344,0.263493,0.0020348,-0.751773,0.0639356,-0.00664551,-0.0151543,0.00713286,-0.00210212,0.107829
2.52,0.999882,-0.01528,-0.000280703,-0.00176108,-0.00105198,0.000656991,0.000345043,0.0639065,-0.0066468,-0.0152704,0.00721541,-0.00206169,0.0100048,2.54,0.00233978,-0.0126723,0.00233978,-0.153384,0.999882,-0.0152852,-0.000277383,-0.00175941,0.019039,0.039506,-0.848886,0.0639787,-0.00666742,-0.0151704,0.00721542,-0.002062,0.108061
2.54,0.999882,-0.015267,-0.000270521,-0.00176036,0.0012117,-8.7994e-06,-0.000187593,0.0640347,-0.00671125,-0.0153096,0.00720553,-0.00185974,0.00968816,2.56,0,-0.0298701,-0.00396607,-0.161367,0.999882,-0.015261,-0.00027059,-0.00176129,-0.118747,-0.0103019,-0.894118,0.0641067,-0.00672985,-0.0152127,0.00720553,-0.00185974,0.107755
2.56,0.999882,-0.0152387,-0.000277479,-0.00176907,0.00360861,-0.000274979,-0.00085337,0.0642502,-0.00682775,-0.0153821,0.00728629,-0.00265561,0.00953004,2.58,0,-0.0371459,-0.0026766,-0.142617,0.999883,-0.0152207,-0.00027895,-0.00177331,-0.176833,-0.00235404,-0.788932,0.0643231,-0.00685431,-0.0152868,0.00728629,-0.00265561,0.107597
2.58,0.999882,-0.0152399,-0.00026708,-0.00176852,-0.00251666,-0.00107392,-0.000986543,0.0644253,-0.00693156,-0.0154392,0.0075107,-0.00225133,0.00987193,2.6,0.0386707,-0.0106314,0.0386707,-0.190471,0.999882,-0.0152525,-0.000272502,-0.00177338,0.0335916,0.334497,-1.05348,0.0645004,-0.00695408,-0.0153405,0.00751078,-0.00225634,0.107774
2.6,0.999882,-0.0152508,-0.000264703,-0.00177399,-0.00278298,0.000523974,-0.00138602,0.0644711,-0.0069555,-0.0154459,0.00756783,-0.00226184,0.00986886,2.62,0.0106745,-0.0054926,0.0106745,-0.194844,0.999882,-0.0152647,-0.000262164,-0.00178096,0.0751597,0.111157,-1.08033,0.0645468,-0.00697812,-0.0153472,0.00756785,-0.00226322,0.10789
2.62,0.999882,-0.0152445,-0.00024411,-0.00178728,0.00107835,0.00332,0.00113217,0.0645647,-0.00700619,-0.0154512,0.00759271,-0.0025476,0.00996279,2.64,0.0161564,-0.0259254,0.0161564,-0.167525,0.999882,-0.0152391,-0.000227436,-0.00178188,-0.0877621,0.15122,-0.926754,0.0646406,-0.00703167,-0.0153516,0.00759274,-0.00254969,0.107961
2.64,0.999882,-0.0152525,-0.000211127,-0.00178977,0.000545856,0.00278738,-0.000732044,0.0647577,-0.00710341,-0.0154826,0.00790231,-0.00246687,0.00953091,2.66,0.00124839,0.00572832,0.00124839,-0.133516,0.999882,-0.0152498,-0.000197253,-0.00179365,0.166504,0.0280335,-0.737568,0.0648368,-0.00712808,-0.0153873,0.00790231,-0.00246703,0.107592
2.66,0.999882,-0.0152407,-0.000183722,-0.00181155,-0.00185099,0.00185527,-0.000332573,0.0649964,-0.00722902,-0.0155349,0.00791316,-0.00278169,0.00925214,2.68,0.0272806,-0.0385291,0.0272806,-0.139246,0.999882,-0.0152499,-0.000174455,-0.00181336,-0.188196,0.236092,-0.767283,0.0650756,-0.00725684,-0.0154424,0.0079132,-0.00278523,0.107203
2.68,0.999882,-0.0152426,-0.000176639,-0.00181414,-0.000519409,0.00172212,-0.000598887,0.0650378,-0.00725257,-0.0155461,0.00804205,-0.00282766,0.00925214,2.7,0.0280816,-0.0346632,0.0280816,-0.13722,0.999882,-0.0152452,-0.000168071,-0.00181726,-0.15721,0.242255,-0.75586,0.0651182,-0.00728084,-0.0154536,0.00804209,-0.0028313,0.107199
2.7,0.999882,-0.0152412,-0.000175231,-0.00181344,0.00028051,0.00025812,0.000200076,0.0650796,-0.00727601,-0.0155558,0.00796524,-0.0027828,0.00906907,2.72,0.0072402,-0.0428309,0.0072402,-0.105895,0.999882,-0.0152397,-0.000173928,-0.00181245,-0.221733,0.0715978,-0.582195,0.0651592,-0.00730384,-0.0154651,0.00796524,-0.00278374,0.107105
2.72,0.999883,-0.0152115,-0.00017034,-0.00181492,0.00241104,0.00252181,-0.000598878,0.0652428,-0.00738019,-0.0155779,0.0076446,-0.00353488,0.00913263,2.74,0.0179466,-0.0491991,0.0179466,-0.121966,0.999883,-0.0151994,-0.0001578,-0.00181811,-0.273358,0.159035,-0.671282,0.0653192,-0.00741554,-0.0154866,0.00764462,-0.00353721,0.107123
2.74,0.99988,-0.015359,-0.000170523,-0.00182745,0.0034763,-0.00307083,-0.000332566,0.065435,-0.00743942,-0.0155121,0.00732577,0.000219524,0.00865539,2.76,0,-0.0542131,-0.0239686,-0.125857,0.999881,-0.0153417,-0.000185933,-0.00182887,-0.311797,-0.175703,-0.696589,0.0655082,-0.00743722,-0.0154256,0.00732577,0.000219524,0.106722
2.76,0.999881,-0.0153481,-0.000175116,-0.00182881,0.00267736,-0.00120662,-0.000332549,0.065474,-0.00744015,-0.0155041,0.00722021,-0.000205091,0.00876255,2.78,0,-0.0583555,-0.011779,-0.15806,0.999881,-0.0153347,-0.000181198,-0.00183038,-0.345817,-0.0742864,-0.875888,0.0655462,-0.0074422,-0.0154165,0.00722021,-0.000205091,0.106829
2.78,0.999881,-0.0153431,-0.000168422,-0.00183816,0.000946476,0.00132326,-0.00139782,0.065554,-0.00745095,-0.0155256,0.00759995,-0.00176714,0.00912654,2.8,0.021718,-0.0333006,0.021718,-0.163122,0.999881,-0.0153384,-0.000161922,-0.00184525,-0.14591,0.194584,-0.901329,0.06563,-0.00746862,-0.0154344,0.00759997,-0.00176997,0.107101
2.8,0.999881,-0.015334,-0.000140818,-0.00185718,-0.00264954,0.00118889,-0.000326113,0.0657836,-0.00758621,-0.0155367,0.00801709,-0.00458901,0.00903086,2.82,0.0138478,-0.0448819,0.0138478,-0.0960384,0.99988,-0.0153473,-0.000134875,-0.0018589,-0.237357,0.123003,-0.526186,0.0658638,-0.0076321,-0.0154464,0.00801711,-0.00459081,0.107038
2.82,0.999881,-0.0153364,-0.000162212,-0.0018521,0.00161152,-0.0020069,0.00207073,0.0659342,-0.00769096,-0.015518,0.00858437,-0.00455821,0.00919518,2.84,0.0368309,-0.041462,0.0368309,-0.139532,0.999881,-0.0153283,-0.000172102,-0.00184159,-0.211083,0.3124,-0.767831,0.0660201,-0.00773655,-0.0154261,0.00858442,-0.00456302,0.107105
2.84,0.999881,-0.0153218,-0.000137786,-0.00184648,0.00241088,0.000789338,0.00260336,0.0661372,-0.00779666,-0.0155223,0.00878086,-0.00333041,0.00921392,2.86,0,-0.0312684,-0.0292672,-0.131325,0.999881,-0.0153097,-0.000133663,-0.00183353,-0.128431,-0.217383,-0.727581,0.066225,-0.00782996,-0.0154301,0.00878086,-0.00333041,0.10728
2.86,0.999881,-0.0153235,-0.000118488,-0.00184439,-0.000518596,0.00478408,0.000605986,0.0661793,-0.00781357,-0.0155339,0.00856949,-0.00300126,0.00905465,2.88,0.0113805,0.00699405,0.0113805,-0.0948941,0.999881,-0.0153261,-9.45188e-05,-0.00184173,0.177712,0.103713,-0.520091,0.066265,-0.00784359,-0.0154434,0.0085695,-0.00300274,0.107073
2.88,0.999881,-0.0153205,-0.000100368,-0.0018388,1.4789e-05,0.00158918,0.000339678,0.0662652,-0.00784194,-0.0155522,0.00879243,-0.00269324,0.00883406,2.9,0,-0.0633335,-0.00264108,-0.148844,0.999881,-0.0153204,-9.23971e-05,-0.00183723,-0.385739,-0.00302244,-0.823459,0.0663532,-0.00786887,-0.0154639,0.00879243,-0.00269324,0.106901
2.9,0.999881,-0.0152966,-8.34177e-05,-0.00183924,0.00174584,-8.71598e-06,0.000339677,0.0665018,-0.00791359,-0.0155783,0.00924116,-0.00314914,0.00825064,2.92,0,-0.0646738,-0.0407644,-0.132954,0.999881,-0.0152879,-8.34514e-05,-0.00183754,-0.395893,-0.310099,-0.737739,0.0665942,-0.00794508,-0.0154958,0.00924116,-0.00314914,0.106317
2.92,0.999882,-0.0152789,-8.20115e-05,-0.00185012,-0.000118369,0.000523918,-5.97976e-05,0.0666651,-0.00798379,-0.0155828,0.0100015,-0.004239,0.007853,2.94,0,-0.0215532,-0.0149523,-0.107019,0.999882,-0.0152795,-7.93957e-05,-0.00185046,-0.0507671,-0.10619,-0.590205,0.0667651,-0.00802618,-0.0155043,0.0100015,-0.004239,0.105919
2.94,0.999882,-0.0152761,-8.63024e-05,-0.00183883,-0.000384685,-0.000940821,0.00113862,0.0667786,-0.00803316,-0.0156024,0.0101489,-0.00433723,0.00732126,2.96,0,-0.0473159,-0.011447,-0.135371,0.999882,-0.015278,-9.09154e-05,-0.00183307,-0.25747,-0.0750342,-0.748752,0.0668801,-0.00807653,-0.0155292,0.0101489,-0.00433723,0.105388
2.96,0.999882,-0.0152698,-9.33403e-05,-0.00183198,0.00121532,-0.0020074,0.000616884,0.066888,-0.0080784,-0.0156407,0.010209,-0.00445371,0.007065,2.98,0.0208287,-0.00380989,0.0208287,-0.0606052,0.999882,-0.0152637,-0.00010334,-0.00182874,0.0910802,0.174703,-0.327328,0.0669901,-0.00812293,-0.0155701,0.010209,-0.00445641,0.105043
2.98,0.999882,-0.0152549,-7.2417e-05,-0.00180352,0.0012156,0.00438419,0.00274742,0.0671415,-0.00816533,-0.0157838,0.00959124,-0.00365211,0.007622,3,0.0318836,-0.000266688,0.0318836,-0.107864,0.999882,-0.0152488,-5.03e-05,-0.00179012,0.118609,0.268775,-0.59121,0.0672374,-0.00820185,-0.0157076,0.00959125,-0.00365624,0.105553
3,0.999883,-0.0152221,-6.18051e-05,-0.00181316,-0.000781767,0.0021205,0.000350578,0.0673934,-0.00823663,-0.0158573,0.00954728,-0.00328315,0.00765055,3.02,0,-0.0164506,-0.0507064,-0.132148,0.999882,-0.015226,-5.117e-05,-0.00181157,-0.0103849,-0.38926,-0.73421,0.0674889,-0.00826946,-0.0157808,0.00954728,-0.00328315,0.105717
3.02,0.999883,-0.0152206,-6.39728e-05,-0.00179669,0.000416984,-0.000808983,0.000883204,0.0674817,-0.00825267,-0.015914,0.00946915,-0.00318681,0.00756137,3.04,0,-0.0414469,-0.00625398,-0.171123,0.999883,-0.0152185,-6.79537e-05,-0.00179222,-0.211674,-0.0292813,-0.948788,0.0675763,-0.00828454,-0.0158384,0.00946915,-0.00318681,0.105628
3.04,0.999883,-0.0152205,-5.23726e-05,-0.00178973,-0.000114771,0.00278745,0.00168217,0.0675218,-0.00825995,-0.015943,0.0092664,-0.00325127,0.00736126,3.06,0,-0.0542785,-0.0226466,-0.16523,0.999883,-0.015221,-3.8308e-05,-0.00178153,-0.314045,-0.161397,-0.917228,0.0676144,-0.00829246,-0.0158694,0.0092664,-0.00325127,0.105428
3.06,0.999883,-0.0152133,-4.10056e-05,-0.00180042,0.000817339,-0.00267203,-0.000980998,0.0676426,-0.00828818,-0.0160197,0.0093294,-0.00357358,0.00709813,3.08,0.00803008,-0.0668427,0.00803008,-0.0727143,0.999883,-0.0152092,-5.44461e-05,-0.00180512,-0.413712,0.0724466,-0.39642,0.0677359,-0.00832391,-0.0159487,0.0093294,-0.00357462,0.10513
3.08,0.999883,-0.0152194,-5.95096e-05,-0.00177722,0.000950496,0.000124288,0.000350589,0.0678619,-0.0083557,-0.0161234,0.00925579,-0.00377808,0.00646792,3.1,0,-0.0734075,-0.0120617,-0.112972,0.999883,-0.0152147,-5.887e-05,-0.00177547,-0.466437,-0.0832996,-0.623709,0.0679544,-0.00839348,-0.0160588,0.00925579,-0.00377808,0.104534
3.1,0.999883,-0.0152088,-5.55387e-05,-0.00177709,0.00254839,0.000923233,-4.88842e-05,0.0679065,-0.00837065,-0.0161404,0.00931501,-0.00381976,0.00637972,3.12,0.00177372,-0.0237537,0.00177372,-0.127183,0.999883,-0.015196,-5.09495e-05,-0.00177741,-0.0694415,0.0297653,-0.702113,0.0679997,-0.00840885,-0.0160766,0.00931501,-0.00381999,0.104439
3.12,0.999883,-0.0151907,-5.78418e-05,-0.00178169,0.00254713,-0.00107472,-0.000188888,0.0680032,-0.00839706,-0.0161686,0.00981268,-0.00321315,0.00651301,3.14,0.0173517,-0.057811,0.0173517,-0.157622,0.999883,-0.015178,-6.32518e-05,-0.00178255,-0.342972,0.157584,-0.87125,0.0681013,-0.00842919,-0.0161035,0.00981268,-0.00321539,0.104506
3.14,0.999883,-0.0151745,-9.12784e-05,-0.00178829,-0.000382354,-0.00440366,-0.00058837,0.0682015,-0.00843976,-0.016199,0.00955656,-0.00317065,0.00657456,3.16,0.00875436,-0.0319898,0.00875436,-0.0676097,0.999883,-0.0151765,-0.000113335,-0.0017909,-0.135011,0.0785048,-0.367824,0.068297,-0.00847146,-0.0161333,0.00955656,-0.00317178,0.104604
3.16,0.999884,-0.0151627,-8.61103e-05,-0.00179101,0.00347948,0.00212116,0.000476896,0.068437,-0.00849327,-0.0163072,0.00942037,-0.00295311,0.00674449,3.18,0.00586138,0.021024,0.00586138,-0.0456534,0.999884,-0.0151453,-7.55007e-05,-0.00178878,0.289203,0.0534126,-0.245125,0.0685313,-0.0085228,-0.0162398,0.00942037,-0.00295387,0.104786
3.18,0.999884,-0.0151548,-9.02584e-05,-0.00179428,0.00188158,-0.00107463,-0.000854685,0.0684864,-0.0085018,-0.016322,0.00936711,-0.00274392,0.00667888,3.2,0,-0.0441602,-0.00539221,-0.13879,0.999884,-0.0151454,-9.57126e-05,-0.00179847,-0.233319,-0.0262254,-0.76763,0.0685801,-0.00852924,-0.0162552,0.00936711,-0.00274392,0.104745
3.2,0.999884,-0.0151528,-8.20347e-05,-0.00178976,0.00041684,0.001988,0.00114269,0.0685353,-0.00850937,-0.0163343,0.00926573,-0.00257618,0.00681255,3.22,9.66078e-06,-0.0189533,9.66078e-06,-0.124474,0.999884,-0.0151507,-7.2013e-05,-0.00178419,-0.0314324,0.015546,-0.687018,0.0686279,-0.00853514,-0.0162662,0.00926573,-0.00257618,0.104879
3.22,0.999884,-0.0151395,-8.30006e-05,-0.00177641,0.000683152,0.001988,0.00167532,0.0686741,-0.00851843,-0.0163633,0.00946076,-0.00210272,0.00680948,3.24,0,0.00411523,-0.0270554,-0.103326,0.999884,-0.015136,-7.29409e-05,-0.00176818,0.153656,-0.203185,-0.570961,0.0687687,-0.00853946,-0.0162952,0.00946076,-0.00210272,0.104876
3.24,0.999881,-0.0153113,-8.84945e-05,-0.00180935,0.00308107,0.00119039,-0.00165361,0.0688685,-0.00846509,-0.0163434,0.00862539,0.00105479,0.00712175,3.26,0,-0.0313024,-0.0363183,-0.0958877,0.999881,-0.0152958,-8.26977e-05,-0.0018177,-0.128147,-0.278516,-0.529932,0.0689548,-0.00845454,-0.0162722,0.00862539,0.00105479,0.105188
3.26,0.999882,-0.0152796,-8.81237e-05,-0.00180475,0.000684226,0.000391437,-5.57192e-05,0.068986,-0.0084091,-0.0163545,0.0090403,-0.000782084,0.00738151,3.28,0.0180564,-0.00383097,0.0180564,-0.0836887,0.999882,-0.0152762,-8.61772e-05,-0.00180506,0.0908234,0.155311,-0.456985,0.0690764,-0.00841692,-0.0162807,0.00904031,-0.000784432,0.105371
3.28,0.999882,-0.0152675,-9.04318e-05,-0.00178384,0.000684664,0.000657755,0.00167534,0.0690703,-0.00839534,-0.0163788,0.00947767,-0.0023081,0.00782029,3.3,0,0.00956797,-0.0204077,-0.118386,0.999882,-0.0152641,-8.70216e-05,-0.00177551,0.19799,-0.147928,-0.654717,0.0691651,-0.00841842,-0.0163006,0.00947767,-0.0023081,0.105887
3.3,0.999882,-0.0152581,-8.88584e-05,-0.00178551,0.00214823,-0.00253778,0.000607534,0.0691582,-0.00840672,-0.0163887,0.00939972,-0.00353556,0.00796918,3.32,0.0296947,-0.00367909,0.0296947,-0.129231,0.999882,-0.0152474,-0.000101519,-0.00178228,0.0910411,0.253956,-0.711156,0.0692522,-0.00844207,-0.0163091,0.00939974,-0.00353942,0.105909
3.32,0.999882,-0.0152604,-5.5464e-05,-0.0017753,-0.000514931,0.00185643,-0.00232193,0.0693861,-0.0084804,-0.0163732,0.0093312,-0.0039924,0.0080325,3.34,0,-0.0287459,-0.000139221,-0.0358307,0.999882,-0.015263,-4.63555e-05,-0.00178705,-0.108,0.00329568,-0.1907,0.0694795,-0.00852033,-0.0162929,0.0093312,-0.0039924,0.106099
3.34,0.999882,-0.0152592,-3.88129e-05,-0.00177394,-0.00144655,-0.0010728,-0.000990355,0.069606,-0.00853537,-0.0163694,0.00886365,-0.00289365,0.00796762,3.36,0,0.00933332,-0.00139609,-0.104164,0.999882,-0.0152664,-4.42389e-05,-0.00177881,0.196049,0.00198951,-0.573492,0.0696946,-0.00856431,-0.0162898,0.00886365,-0.00289365,0.106034
3.36,0.999882,-0.0152529,-3.21272e-05,-0.00177065,0.00148293,0.00159037,0.000873862,0.0696453,-0.00853867,-0.0163789,0.00888172,-0.00268065,0.00794958,3.38,0,-0.0478773,-0.000685303,-0.0736519,0.999882,-0.0152455,-2.41228e-05,-0.0017664,-0.261431,0.00308332,-0.402575,0.0697341,-0.00856548,-0.0162994,0.00888172,-0.00268065,0.106016
3.38,0.999883,-0.0152293,-1.93031e-05,-0.00176192,0.00414609,0.00212299,0.0030044,0.0697246,-0.00854429,-0.0163893,0.00871959,-0.00265762,0.00824225,3.4,0.015246,-0.0483858,0.015246,-0.0554537,0.999883,-0.0152085,-8.4971e-06,-0.00174706,-0.265775,0.128182,-0.29936,0.0698118,-0.00857087,-0.0163069,0.00871959,-0.0026596,0.106244
3.4,0.999883,-0.0151768,2.04309e-05,-0.00179131,-0.000114697,0.00185818,-0.000457703,0.0698832,-0.00857261,-0.016409,0.00883842,-0.00327295,0.00781523,3.42,0,-0.0210056,-0.0118941,-0.0656572,0.999883,-0.0151773,2.9687e-05,-0.00179374,-0.0467271,-0.0876343,-0.358644,0.0699716,-0.00860533,-0.0163309,0.00883842,-0.00327295,0.105882
3.42,0.999883,-0.0151742,9.30611e-06,-0.00179475,-0.000247855,-0.00147078,0.000208091,0.0699895,-0.00860995,-0.0164244,0.00924626,-0.00367944,0.00800094,3.44,0,0.00454251,-0.0147972,-0.0516374,0.999883,-0.0151755,1.97109e-06,-0.0017936,0.157769,-0.112104,-0.280357,0.070082,-0.00864674,-0.0163444,0.00924626,-0.00367944,0.106067
3.44,0.999883,-0.015158,9.65001e-07,-0.00180015,0.00268197,0.000393598,-0.000724018,0.0700615,-0.00863556,-0.0164599,0.00943228,-0.0040411,0.00805823,3.46,0,-0.0542158,-0.0181072,-0.106141,0.999884,-0.0151446,2.85375e-06,-0.0018038,-0.313035,-0.132758,-0.585849,0.0701558,-0.00867597,-0.0163793,0.00943228,-0.0040411,0.106125
3.46,0.999884,-0.0151507,8.28762e-06,-0.00180018,0.0017513,0.00172488,7.18187e-05,0.0700999,-0.00865092,-0.0164748,0.00943055,-0.00415535,0.00799675,3.48,0,0.0157974,-0.019151,-0.0808767,0.999884,-0.0151419,1.69007e-05,-0.00179995,0.247416,-0.143226,-0.444436,0.0701942,-0.00869247,-0.0163948,0.00943055,-0.00415535,0.106063
3.48,0.999884,-0.0151514,2.41274e-05,-0.00179787,0.000153407,-0.00147091,0.000338138,0.0703039,-0.00871834,-0.0165361,0.00967121,-0.00361697,0.00794925,3.5,0,-0.0137819,-0.00788593,-0.108915,0.999884,-0.0151506,1.67979e-05,-0.00179606,0.0103668,-0.0502685,-0.600519,0.0704006,-0.00875451,-0.0164566,0.00967121,-0.00361697,0.106016
3.5,0.999884,-0.0151257,5.28139e-05,-0.00182057,0.00334968,0.00132551,-0.00165923,0.0705157,-0.00875075,-0.0166261,0.00959536,-0.00326644,0.00798631,3.52,0.00332818,-0.0210494,0.00332818,-0.0708765,0.999884,-0.015109,5.92847e-05,-0.00182897,-0.0477202,0.0344708,-0.386419,0.0706116,-0.00878341,-0.0165463,0.00959536,-0.00326687,0.106039
3.52,0.999884,-0.0151131,5.21966e-05,-0.00181297,0.00308336,-0.000272375,0.00193604,0.0705593,-0.00875853,-0.0166379,0.00977384,-0.0033513,0.00793306,3.54,0.00158051,-0.0137892,0.00158051,-0.0671247,0.999884,-0.0150976,5.09532e-05,-0.00180327,0.0103244,0.0201417,-0.365596,0.0706571,-0.00879205,-0.0165586,0.00977384,-0.00335151,0.105993
3.54,0.999884,-0.0150942,5.28833e-05,-0.00181004,0.00215125,0.00105919,0.00140341,0.0706517,-0.00877401,-0.0166539,0.00993454,-0.00312476,0.00810719,3.56,0.00548282,-0.0421381,0.00548282,-0.0872702,0.999885,-0.0150834,5.82651e-05,-0.00180311,-0.216925,0.0533644,-0.478117,0.070751,-0.00880525,-0.0165729,0.00993454,-0.00312546,0.10615
3.56,0.999885,-0.0150893,6.29528e-05,-0.00180391,-0.000778222,0.00159183,-6.13343e-05,0.0707905,-0.00879147,-0.0166642,0.0102895,-0.00309942,0.00828593,3.58,0.0227503,-0.0346171,0.0227503,-0.054999,0.999884,-0.0150931,7.09134e-05,-0.00180434,-0.156778,0.187618,-0.295971,0.0708934,-0.00882246,-0.0165813,0.0102895,-0.00310235,0.106256
3.58,0.999885,-0.0150687,9.58736e-05,-0.00178923,0.00161959,0.00106066,0.00180289,0.0710138,-0.00881674,-0.0166524,0.010452,-0.00292014,0.00845657,3.6,0.0265699,0.0107252,0.0265699,-0.100911,0.999885,-0.0150606,0.000101298,-0.00178029,0.205373,0.22409,-0.552825,0.0711183,-0.00884594,-0.0165679,0.010452,-0.00292355,0.10641
3.6,0.999885,-0.0150528,0.000111615,-0.00178411,0.00122077,0.00199283,-0.00112657,0.0711559,-0.00881596,-0.0166716,0.010808,-0.00283743,0.00860893,3.62,0.0566751,-0.0367848,0.0566751,-0.137559,0.999885,-0.0150467,0.000121482,-0.00178989,-0.175931,0.468507,-0.755615,0.0712639,-0.00884433,-0.0165856,0.0108079,-0.00284469,0.106434
3.62,0.999885,-0.0150571,0.000120575,-0.00177911,-0.00117766,0.00212461,0.00127457,0.071205,-0.00881446,-0.0166809,0.0108639,-0.00300591,0.00873168,3.64,0,-0.0230583,-0.0116491,-0.0731038,0.999885,-0.0150629,0.000131303,-0.00177289,-0.064115,-0.0856659,-0.400399,0.0713136,-0.00884452,-0.0165936,0.0108639,-0.00300591,0.106798
3.64,0.999885,-0.0150471,0.000156397,-0.00178515,0.00215128,0.00145881,0.000209307,0.0714243,-0.00880946,-0.0166974,0.0117147,-0.00256226,0.00847327,3.66,0,-0.0267151,-0.000854187,-0.0990155,0.999885,-0.0150363,0.000163687,-0.00178422,-0.093818,0.00346036,-0.544575,0.0715415,-0.00883508,-0.0166127,0.0117147,-0.00256226,0.10654
3.66,0.999886,-0.0150299,0.0001804,-0.0017682,0.000952861,0.0027904,-0.00112227,0.0717185,-0.00880895,-0.0167008,0.0114897,-0.00322742,0.00868322,3.68,0,-0.0512684,-0.0339554,-0.111038,0.999885,-0.0150252,0.000194257,-0.00177402,-0.290193,-0.260418,-0.614829,0.0718334,-0.00884122,-0.016614,0.0114897,-0.00322742,0.10675
3.68,0.999886,-0.0150166,0.000187023,-0.00175837,0.00281776,0.00199184,0.00207354,0.0718223,-0.0088066,-0.0167142,0.0112634,-0.00338368,0.00909017,3.7,0.0196549,-0.0275054,0.0196549,-0.0805195,0.999886,-0.0150025,0.000197111,-0.00174815,-0.1005,0.165017,-0.439424,0.0719349,-0.00884044,-0.0166232,0.0112633,-0.00338619,0.107073
3.7,0.999886,-0.0150124,0.000189437,-0.00175903,0.000953554,0.000527106,-0.000190155,0.0718742,-0.00880852,-0.0167158,0.0111332,-0.00358675,0.00909406,3.72,0,-0.0366028,-0.00118462,-0.0582424,0.999886,-0.0150076,0.00019205,-0.00176002,-0.17287,-0.00450803,-0.316431,0.0719856,-0.00884438,-0.0166248,0.0111332,-0.00358675,0.107161
3.72,0.999883,-0.0152038,0.000197587,-0.00177168,2.14471e-05,-0.000271847,-5.69652e-05,0.072073,-0.00880368,-0.0166648,0.00990589,-0.000876819,0.00893083,3.74,0,-0.0196902,-0.0550515,-0.075429,0.999883,-0.0152037,0.000196223,-0.00177194,-0.0355281,-0.433039,-0.417186,0.0721721,-0.00881245,-0.0165755,0.00990589,-0.000876819,0.106997
3.74,0.999884,-0.0151341,0.000189239,-0.00175109,0.00148696,-0.000802614,0.00220671,0.07223,-0.00874288,-0.0166134,0.00899944,-0.00329168,0.010053,3.76,0,-0.0207909,-0.0380493,-0.0435618,0.999884,-0.0151267,0.00018538,-0.00173999,-0.0448647,-0.300887,-0.237377,0.07232,-0.0087758,-0.0165129,0.00899944,-0.00329168,0.10812
3.76,0.999884,-0.0151405,0.00021022,-0.00175852,-0.00117565,-0.000136467,-0.00338592,0.0723044,-0.00876486,-0.0165981,0.00865885,-0.00497261,0.00989135,3.78,0,0.000293441,-0.00693893,-0.0189873,0.999884,-0.0151464,0.000209292,-0.00177544,0.123576,-0.0548825,-0.0970589,0.072391,-0.00881459,-0.0164992,0.00865885,-0.00497261,0.107958
3.78,0.999884,-0.0151464,0.000212749,-0.00175822,-0.00157666,0.000527385,7.24876e-05,0.0723288,-0.00877885,-0.0165969,0.00879219,-0.00533261,0.00966958,3.8,0,-0.0176735,-0.00478073,-0.0795478,0.999884,-0.0151542,0.000215405,-0.00175789,-0.0204023,-0.0305474,-0.436029,0.0724168,-0.00883217,-0.0165002,0.00879219,-0.00533261,0.107736
3.8,0.999884,-0.0151501,0.000237176,-0.00174246,-0.00131034,0.0026579,0.00153724,0.072382,-0.00881386,-0.0165895,0.00881439,-0.00547784,0.00976013,3.82,0.00783229,-0.0255772,0.00783229,-0.0762593,0.999884,-0.0151566,0.000250592,-0.00173498,-0.0837537,0.069646,-0.416646,0.0724701,-0.00886864,-0.0164919,0.00881437,-0.00547885,0.107793
3.82,0.999884,-0.0151362,0.00024359,-0.00172121,0.000421115,0.000793881,0.00340145,0.0725053,-0.00887064,-0.0166384,0.0084054,-0.00437048,0.010028,3.84,0,-0.0117375,-0.0285682,-0.101462,0.999884,-0.0151341,0.000247813,-0.00170427,0.0271089,-0.218332,-0.560975,0.0725894,-0.00891434,-0.0165381,0.0084054,-0.00437048,0.108095
3.84,0.999884,-0.0151283,0.000248935,-0.00171717,2.16432e-05,0.000527576,-0.00072645,0.0725796,-0.00888888,-0.0166422,0.0080875,-0.00382129,0.00968206,3.86,0,-0.0102257,-0.0121676,-0.0823074,0.999884,-0.0151282,0.000251517,-0.00172084,0.0391353,-0.0894929,-0.452331,0.0726605,-0.00892709,-0.0165454,0.0080875,-0.00382129,0.107749
3.86,0.999884,-0.0151273,0.000258475,-0.00170689,0.000154807,0.00225864,0.0026025,0.0726047,-0.00889305,-0.0166398,0.00808969,-0.00349754,0.00972084,3.88,0,0.018538,-0.00918601,-0.0454232,0.999884,-0.0151265,0.000269962,-0.00169405,0.269374,-0.0697947,-0.245545,0.0726856,-0.00892803,-0.0165426,0.00808969,-0.00349754,0.107787
3.88,0.999884,-0.0151194,0.000265019,-0.00170267,0.000287961,0.00265811,0.000338816,0.0726558,-0.00890176,-0.0166272,0.0080882,-0.00385337,0.00971407,3.9,0.0162721,0.0157687,0.0162721,-0.102823,0.999884,-0.0151179,0.000278331,-0.00170117,0.246415,0.140705,-0.564857,0.0727366,-0.0089403,-0.0165301,0.00808816,-0.00385546,0.107711
3.9,0.999885,-0.0150735,0.000271975,-0.00171337,0.00108853,0.000928937,0.000205679,0.0728225,-0.00895833,-0.0166236,0.00925312,-0.00478857,0.0087191,3.92,0.0157272,-0.0518981,0.0157272,-0.165948,0.999885,-0.0150681,0.000276625,-0.00171242,-0.296255,0.142961,-0.918508,0.072915,-0.00900622,-0.0165364,0.00925308,-0.00479059,0.106719
3.92,0.999885,-0.0150642,0.000288299,-0.00170644,0.000555894,0.000662623,0.000338839,0.0729563,-0.00902604,-0.01669,0.00916606,-0.00587056,0.008836,3.94,0,-0.011453,-0.0187464,-0.105559,0.999885,-0.0150614,0.000291632,-0.00170479,0.0286968,-0.139682,-0.58316,0.073048,-0.00908474,-0.0166017,0.00916606,-0.00587056,0.106903
3.94,0.999885,-0.0150673,0.000303012,-0.00171401,-0.000907073,0.0035913,-0.00179648,0.0729853,-0.00904615,-0.0166951,0.00916779,-0.00604134,0.0088244,3.96,0.0367769,-0.0409774,0.0367769,-0.114621,0.999885,-0.0150718,0.000320839,-0.00172326,-0.208448,0.305031,-0.629248,0.073077,-0.00910656,-0.0166069,0.00916769,-0.00604605,0.106734
3.96,0.999885,-0.0150651,0.000301293,-0.00171495,0.000424502,-0.000536603,-0.000198575,0.0730161,-0.00906726,-0.0166985,0.00935295,-0.00596475,0.00879742,3.98,0.0369724,-0.0158272,0.0369724,0.0106264,0.999885,-0.015063,0.000298592,-0.0017159,-0.00671974,0.291839,0.072189,0.0731097,-0.0091269,-0.0166105,0.00935285,-0.00596949,0.106707
3.98,0.999885,-0.0150808,0.000317104,-0.00169941,-0.000906685,0.000395987,0.000200884,0.0731339,-0.00914656,-0.0167301,0.00934534,-0.00603313,0.00904928,4,0.0414833,-0.0101778,0.0414833,-0.0861864,0.999885,-0.0150853,0.000319107,-0.00169844,0.0383279,0.339562,-0.46963,0.0732274,-0.00920689,-0.0166396,0.00934522,-0.00603845,0.106939
4,0.999885,-0.0150777,0.000335135,-0.00167509,0.000691208,0.00026283,0.00113299,0.0732754,-0.00924889,-0.016772,0.00882403,-0.00570873,0.00944316,4.02,0,-0.0124008,-0.00866924,-0.109939,0.999885,-0.0150743,0.000336528,-0.00166945,0.0210929,-0.0589156,-0.607019,0.0733636,-0.00930598,-0.0166775,0.00882403,-0.00570873,0.10751
4.02,0.999885,-0.0150772,0.000336579,-0.00167776,2.54204e-05,0.000262829,-0.000598064,0.0733032,-0.00926961,-0.0167694,0.00854297,-0.00565084,0.00971061,4.04,0,-0.0354885,-0.00802257,-0.0929027,0.999885,-0.015077,0.000337848,-0.00168077,-0.163502,-0.056123,-0.511591,0.0733886,-0.00932611,-0.0166723,0.00854297,-0.00565084,0.107777
4.04,0.999885,-0.0150686,0.000343162,-0.00168316,0.00109068,0.00172757,-6.54262e-05,0.0733597,-0.00931162,-0.0167537,0.00853838,-0.00561565,0.0100273,4.06,0,-0.0406118,-0.0349575,-0.08626,0.999885,-0.0150631,0.000351785,-0.00168362,-0.204224,-0.272508,-0.476651,0.073445,-0.00936777,-0.0166534,0.00853838,-0.00561565,0.108094
4.06,0.999885,-0.0150691,0.000370882,-0.00171014,-0.00157248,0.000529148,-0.00326122,0.0734796,-0.00941221,-0.0166789,0.00868522,-0.00598609,0.0105248,4.08,0,0.00579334,-0.0133283,-0.0177457,0.999885,-0.015077,0.000373295,-0.00172649,0.167098,-0.107362,-0.090903,0.0735665,-0.00947207,-0.0165737,0.00868522,-0.00598609,0.108591
4.08,0.999885,-0.015047,0.00040142,-0.00170465,0.00229054,-0.000268174,0.00219827,0.0736036,-0.00951407,-0.0165899,0.00849795,-0.00599495,0.0106245,4.1,0,-0.0394423,-0.00639714,-0.0169877,0.999885,-0.0150356,0.000400225,-0.00169364,-0.195098,-0.0528725,-0.0862106,0.0736886,-0.00957402,-0.0164837,0.00849795,-0.00599495,0.108691
4.1,0.999885,-0.0150424,0.000415947,-0.00170328,0.000693264,0.00146348,0.000600377,0.0736381,-0.00954908,-0.0165764,0.00846739,-0.0059893,0.0107851,4.12,0,-0.0292201,-0.00192888,-0.0741195,0.999885,-0.0150389,0.000423303,-0.00170039,-0.113504,-0.010225,-0.405744,0.0737227,-0.00960897,-0.0164686,0.00846739,-0.0059893,0.108852
4.12,0.999885,-0.0150401,0.000430842,-0.0017042,0.000426012,0.00359311,-7.01628e-05,0.073658,-0.00956599,-0.0165659,0.0086943,-0.00576971,0.0108088,4.14,0.0190587,-0.0519094,0.0190587,-0.0762146,0.999885,-0.015038,0.000448797,-0.00170482,-0.295438,0.157483,-0.415772,0.073745,-0.00962369,-0.0164578,0.00869422,-0.00577215,0.108794
4.14,0.999885,-0.0150557,0.000437593,-0.00170859,-0.00183767,0.00066364,-0.000735962,0.0737582,-0.00963857,-0.016501,0.00909501,-0.00598006,0.0106946,4.16,0.0265182,0.0147014,0.0265182,-0.0495831,0.999885,-0.0150649,0.000440871,-0.00171232,0.237651,0.2148,-0.26581,0.0738492,-0.00969837,-0.0163941,0.00909491,-0.00598346,0.108648
4.16,0.999885,-0.0150486,0.000444467,-0.00171833,0.000958644,0.000796798,-0.00113543,0.0739129,-0.00975233,-0.0163907,0.00877007,-0.00606922,0.0107945,4.18,0,-0.00786091,-0.015589,-0.124397,0.999885,-0.0150438,0.000448357,-0.00172407,0.057212,-0.113357,-0.688329,0.0740006,-0.00981302,-0.0162828,0.00877007,-0.00606922,0.108861
4.18,0.999886,-0.0150235,0.000442597,-0.0017265,0.00322331,-0.00186548,-7.0169e-05,0.0739483,-0.00978159,-0.0163706,0.00887864,-0.00609267,0.0111435,4.2,0.035785,-0.0293714,0.035785,-0.0770564,0.999886,-0.0150074,0.000433238,-0.00172672,-0.115464,0.291576,-0.418899,0.0740371,-0.00984252,-0.0162592,0.00887849,-0.00609724,0.109058
4.2,0.999885,-0.0150633,0.000436744,-0.00173076,-0.0100925,-0.00159911,-0.00100235,0.0739687,-0.00979646,-0.0163521,0.00893493,-0.0055484,0.0133156,4.22,0,-0.0300825,-0.0348401,-0.0489239,0.999884,-0.0151138,0.000428761,-0.00173562,-0.119745,-0.276696,-0.267284,0.074058,-0.00985194,-0.016219,0.00893493,-0.0055484,0.111382
4.22,0.999883,-0.0152142,0.000463374,-0.00170951,0.000426986,0.00279505,0.00139458,0.0740333,-0.00978325,-0.0162728,0.00859947,-0.00269303,0.0108202,4.24,0,0.00940226,-0.00566389,-0.0913992,0.999883,-0.0152121,0.00047745,-0.00170275,0.196823,-0.0377439,-0.502701,0.0741193,-0.00981018,-0.0161646,0.00859947,-0.00269303,0.108887
4.24,0.999883,-0.0151826,0.000467404,-0.00173173,-0.000238805,0.003594,-0.00140174,0.0741563,-0.00981037,-0.0161552,0.00888795,-0.00621102,0.0109837,4.26,0,-0.0217647,-0.000822894,-0.0833663,0.999883,-0.0151838,0.000485268,-0.00173901,-0.0527651,-0.0004835,-0.457262,0.0742451,-0.00987248,-0.0160454,0.00888795,-0.00621102,0.10905
4.26,0.999883,-0.0151892,0.000470136,-0.00173981,-0.000503827,-0.00186394,-0.000336452,0.0741989,-0.00985322,-0.0161046,0.00889882,-0.00725614,0.0112193,4.28,0.013635,-0.0779385,0.013635,-0.0404966,0.999883,-0.0151917,0.000460796,-0.00174135,-0.50244,0.109157,-0.216096,0.0742879,-0.00992578,-0.0159924,0.00889876,-0.00725791,0.109228
4.28,0.999883,-0.0151926,0.000461163,-0.00175149,-0.00183443,-0.000664705,-0.00100226,0.0742214,-0.00989221,-0.0160842,0.00905986,-0.00800234,0.0110054,4.3,0.0120629,-0.0199739,0.0120629,-0.0587999,0.999883,-0.0152017,0.00045778,-0.00175645,-0.0384272,0.0996763,-0.318477,0.074312,-0.00997223,-0.0159741,0.00905981,-0.0080039,0.109021
4.3,0.999883,-0.0151955,0.000463372,-0.00175266,-0.00090239,0.000398627,-0.000203209,0.074226,-0.00991062,-0.0160752,0.00914711,-0.00827536,0.0111775,4.32,0.0168112,-0.0693824,0.0168112,-0.0711771,0.999883,-0.0152,0.000465358,-0.0017537,-0.434021,0.138465,-0.38753,0.0743174,-0.00999338,-0.0159634,0.00914704,-0.00827753,0.109172
4.32,0.999883,-0.0151954,0.000466391,-0.00174456,0.00202769,0.00146451,0.00219364,0.0742718,-0.0100147,-0.0159956,0.00906597,-0.00756221,0.0110959,4.34,0,-0.0100332,-0.0177039,-0.0471241,0.999883,-0.0151853,0.000473862,-0.00173371,0.0415697,-0.139753,-0.25564,0.0743625,-0.0100903,-0.0158847,0.00906597,-0.00756221,0.109162
4.34,0.999883,-0.0151791,0.000504286,-0.00173198,0.00216086,0.00186398,0.00285942,0.0743391,-0.0101142,-0.0158627,0.00838036,-0.00733816,0.0113684,4.36,0,-0.00550666,-0.00751727,-0.0764704,0.999883,-0.0151683,0.000513803,-0.00171783,0.0774367,-0.0549437,-0.419169,0.0744229,-0.0101876,-0.015749,0.00838036,-0.00733816,0.109435
4.36,0.999883,-0.0151746,0.000505941,-0.00173095,0.000962433,0.000266101,0.00032942,0.0743517,-0.0101359,-0.0158268,0.00814811,-0.00726739,0.0119126,4.38,0.00851299,-0.0854532,0.00851299,-0.0210349,0.999883,-0.0151698,0.000507288,-0.00172932,-0.562657,0.0654346,-0.107645,0.0744332,-0.0102086,-0.0157077,0.00814808,-0.00726849,0.109943
4.38,0.999883,-0.0151684,0.000503296,-0.00173302,0.000562958,0.000266098,-0.00140163,0.0743657,-0.010175,-0.015753,0.00808735,-0.00770614,0.0122907,4.4,0.00166538,-0.0336266,0.00166538,-0.0967605,0.999883,-0.0151656,0.000504515,-0.00174005,-0.147907,0.0205917,-0.532095,0.0744466,-0.0102521,-0.0156301,0.00808734,-0.00770636,0.11035
4.4,0.999884,-0.0151238,0.000518051,-0.00173477,0.00149596,-0.00133107,-0.000869005,0.0743898,-0.0102894,-0.0155484,0.00768338,-0.00867531,0.0127549,4.42,0,0.0143315,-0.013681,-0.0890851,0.999884,-0.0151163,0.000511318,-0.00173901,0.235683,-0.102585,-0.490261,0.0744666,-0.0103762,-0.0154209,0.00768338,-0.00867531,0.110821
4.42,0.999884,-0.0151375,0.000520889,-0.00173038,-0.00209931,-0.000265805,0.000595741,0.0744041,-0.0103832,-0.0154018,0.00758916,-0.00933212,0.0132308,4.44,0.00727028,-0.00847001,0.00727028,-0.0645767,0.999884,-0.015148,0.000519624,-0.00172738,0.0532557,0.0617003,-0.351327,0.07448,-0.0104765,-0.0152695,0.00758912,-0.00933305,0.111266
4.44,0.999884,-0.0151449,0.000526901,-0.00172332,3.29284e-05,0.00213255,-0.0004695,0.0744094,-0.0104733,-0.0152444,0.00749529,-0.00913771,0.0138856,4.46,0.00361428,-0.0156342,0.00361428,-0.0942297,0.999884,-0.0151447,0.000537527,-0.00172583,-0.00410776,0.0359162,-0.517758,0.0744843,-0.0105647,-0.0151056,0.00749527,-0.00913817,0.111937
4.46,0.999884,-0.0151449,0.000531827,-0.00172689,-0.000231251,0.00106726,-0.00086483,0.0744128,-0.0105035,-0.0151855,0.00731047,-0.00907961,0.0138549,4.48,0.0157185,-0.0378181,0.0157185,-0.0967181,0.999884,-0.0151461,0.000537099,-0.00173129,-0.181826,0.132698,-0.530721,0.0744859,-0.0105943,-0.015047,0.00731039,-0.00908164,0.111855
4.48,0.999884,-0.0151484,0.000564632,-0.00172794,-0.00089704,0.00412989,6.72744e-05,0.0744214,-0.0105666,-0.015063,0.00738835,-0.0091062,0.0138539,4.5,0,-0.000293383,-0.0107405,-0.0685982,0.999884,-0.0151528,0.000585292,-0.00172792,0.119006,-0.0821109,-0.375364,0.0744953,-0.0106577,-0.0149245,0.00738835,-0.0091062,0.11192
4.5,0.999884,-0.0151158,0.00056041,-0.00172118,0.0021656,-0.000930113,0.000866219,0.0744625,-0.0107236,-0.0147189,0.00710431,-0.00863106,0.0144592,4.52,0.0431882,-0.0254569,0.0431882,-0.11397,0.999884,-0.0151049,0.000555807,-0.00171678,-0.0837303,0.354448,-0.62502,0.0745335,-0.0108099,-0.0145744,0.0071041,-0.00863661,0.112342
4.52,0.999884,-0.01511,0.000551591,-0.00170222,0.00110133,-0.00186145,0.000599922,0.0744602,-0.0108229,-0.0144781,0.00681161,-0.00874892,0.0153567,4.54,0,-0.0342367,-0.00504664,-0.078975,0.999884,-0.0151045,0.000542321,-0.00169908,-0.153015,-0.0356844,-0.433245,0.0745283,-0.0109104,-0.0143246,0.00681161,-0.00874892,0.113423
4.54,0.999884,-0.0151075,0.000559628,-0.00170627,0.000435536,0.00186698,-0.000997975,0.0744614,-0.0108494,-0.0144103,0.00673321,-0.00862529,0.0153477,4.56,0,-0.0163555,-0.0102084,-0.0522667,0.999884,-0.0151053,0.000568883,-0.0017114,-0.0097827,-0.0800343,-0.284034,0.0745287,-0.0109357,-0.0142568,0.00673321,-0.00862529,0.113414
4.56,0.999885,-0.0150895,0.000539056,-0.00170707,0.000701851,-0.00132882,0.000466759,0.0744705,-0.0109327,-0.0141952,0.0067732,-0.00858596,0.0155301,4.58,0,-0.0589171,-0.0112382,-0.00136396,0.999885,-0.015086,0.000532442,-0.00170464,-0.350624,-0.0948398,0.000777595,0.0745382,-0.0110186,-0.0140399,0.0067732,-0.00858596,0.113597
4.58,0.999885,-0.0150696,0.000550319,-0.0017049,0.00176712,0.000269081,0.00073308,0.0745012,-0.0110903,-0.013789,0.0062385,-0.00863221,0.0160368,4.6,0,0.00336753,-0.0241835,-0.0900838,0.999885,-0.0150607,0.000551705,-0.00170126,0.147694,-0.186923,-0.496936,0.0745635,-0.0111766,-0.0136286,0.0062385,-0.00863221,0.114103
4.6,0.999885,-0.0150839,0.000540472,-0.00169635,-0.000361442,-0.000528553,0.000466787,0.0744996,-0.0111998,-0.0134952,0.00608418,-0.00902699,0.0162073,4.62,0.0279439,-0.00391066,0.0279439,-0.0848138,0.999885,-0.0150857,0.000537868,-0.00169398,0.088894,0.229401,-0.463092,0.0745605,-0.0112901,-0.0133332,0.00608404,-0.00903057,0.114155
4.62,0.999885,-0.015084,0.000532124,-0.00169389,-0.000228148,-0.00226002,0.000596309,0.0744898,-0.0112222,-0.0134386,0.00582456,-0.00934876,0.0164847,4.64,0,-0.0125712,-0.022904,-0.0472974,0.999885,-0.0150851,0.000520872,-0.00169074,0.0204494,-0.181925,-0.257335,0.0745481,-0.0113157,-0.0132737,0.00582456,-0.00934876,0.114551
4.64,0.999885,-0.0150869,0.000525049,-0.00168999,0.00123659,0.00173472,0.000596308,0.0744662,-0.0112993,-0.0132521,0.00574836,-0.00918925,0.0164549,4.66,0.0257652,-0.0268546,0.0257652,-0.0754978,0.999885,-0.0150807,0.000533756,-0.00168714,-0.0945764,0.210662,-0.411211,0.0745237,-0.0113912,-0.0130875,0.00574824,-0.00919256,0.114412
4.66,0.999885,-0.0150845,0.000546759,-0.00169585,0.000571852,0.0001373,0.000862624,0.0744015,-0.0113933,-0.01303,0.00557408,-0.00950623,0.0163491,4.68,0.0109344,-0.0164368,0.0109344,0.00296573,0.999885,-0.0150817,0.000547506,-0.00169155,-0.0109887,0.082511,0.0269743,0.0744573,-0.0114884,-0.0128665,0.00557403,-0.00950763,0.114369
4.68,0.999885,-0.0150821,0.000521787,-0.00169888,-0.00022709,-0.00425692,-0.000602116,0.0743851,-0.0114384,-0.0129241,0.00554929,-0.00928772,0.0165805,4.7,0.0155543,0.00222631,0.0155543,-0.047907,0.999885,-0.0150833,0.000500462,-0.00170157,0.1383,0.126061,-0.257427,0.0744406,-0.0115313,-0.0127583,0.00554922,-0.00928972,0.114581
4.7,0.999883,-0.0152169,0.000524548,-0.00170988,-0.0339161,0.000536848,-0.00273267,0.0743784,-0.011458,-0.0128477,0.0054773,-0.0079574,0.021385,4.72,0.0122253,-0.0458853,0.0122253,-0.08028,0.99988,-0.0153865,0.000527314,-0.00172349,-0.245665,0.102758,-0.439075,0.0744332,-0.0115375,-0.0126338,0.00547724,-0.00795898,0.1194
4.72,0.999882,-0.0152399,0.000541373,-0.00169194,0.00163712,0.00226783,0.00232736,0.0743528,-0.0114859,-0.0125777,0.00504752,-0.00748619,0.0170817,4.74,0,-0.0235847,-0.0159276,-0.0799026,0.999883,-0.0152317,0.000552875,-0.00168049,-0.0666139,-0.122299,-0.439392,0.0744033,-0.0115608,-0.0124068,0.00504752,-0.00748619,0.115148
4.74,0.999883,-0.015228,0.000535906,-0.00168804,-0.00209012,-0.00106072,-0.000202644,0.0743194,-0.0115989,-0.0122824,0.00528857,-0.0108426,0.0178948,4.76,0.0541954,-0.0358498,0.0541954,-0.0233096,0.999882,-0.0152385,0.000530605,-0.00168896,-0.165863,0.431591,-0.116574,0.0743723,-0.0117073,-0.0121035,0.00528831,-0.0108496,0.115731
4.76,0.999883,-0.0152267,0.000547638,-0.00168,0.000573041,0.00266771,-0.000468949,0.0743133,-0.0116718,-0.012165,0.00534107,-0.011421,0.0179831,4.78,0.0413825,-0.00889071,0.0413825,-0.0722303,0.999883,-0.0152238,0.000560934,-0.00168255,0.0500287,0.335335,-0.391566,0.0743667,-0.011786,-0.0119852,0.00534087,-0.0114264,0.115874
4.78,0.999882,-0.0152614,0.000542345,-0.00167915,-0.00528411,-0.000926681,0.00086265,0.0743004,-0.0117369,-0.0120615,0.00534761,-0.0115055,0.0179688,4.8,0,-0.00250287,-0.00948068,-0.0371302,0.999882,-0.0152879,0.000537822,-0.00167475,0.102269,-0.0756724,-0.199326,0.0743538,-0.011852,-0.0118818,0.00534761,-0.0115055,0.116035
4.8,0.999882,-0.015262,0.000540316,-0.00167805,-0.000357637,-0.000792791,0.000327348,0.0742934,-0.0118074,-0.011949,0.00529819,-0.0112922,0.0180256,4.82,0.0102761,-0.0480469,0.0102761,-0.0228483,0.999882,-0.0152638,0.000536381,-0.00167635,-0.262452,0.0800277,-0.117819,0.0743464,-0.0119203,-0.0117687,0.00529814,-0.0112935,0.116048
4.82,0.999882,-0.0152601,0.000551021,-0.00165165,0.00150767,0.000273109,0.000194187,0.0742638,-0.0119393,-0.0116625,0.00525856,-0.00928656,0.0179693,4.84,0.0102059,-0.00621547,0.0102059,-0.0984152,0.999882,-0.0152526,0.000552389,-0.0016507,0.0720605,0.0891836,-0.541004,0.0743164,-0.0120322,-0.0114828,0.00525851,-0.00928788,0.115992
4.84,0.999882,-0.0152491,0.000565181,-0.00163331,0.000442407,-0.00239005,0.000460503,0.0742417,-0.0120156,-0.0114598,0.00488627,-0.00966906,0.0184261,4.86,0.0251596,-0.00969374,0.0251596,-0.017037,0.999882,-0.0152469,0.000553264,-0.00163083,0.0441385,0.198686,-0.0841362,0.0742906,-0.0121123,-0.0112755,0.00488614,-0.00967233,0.116386
4.86,0.999882,-0.0152498,0.000562476,-0.00163488,-0.000356538,-0.000792156,-0.000338447,0.0742379,-0.0120386,-0.011401,0.00484308,-0.00968385,0.0181994,4.88,0,0.00096188,-0.0193437,-0.0543745,0.999882,-0.0152516,0.000558492,-0.00163651,0.129987,-0.152578,-0.29697,0.0742863,-0.0121354,-0.011219,0.00484308,-0.00968385,0.116266
4.88,0.999882,-0.0152459,0.000570786,-0.00163982,0.000309252,0.00133837,-0.00180318,0.0742299,-0.0121222,-0.0112141,0.00464151,-0.0103635,0.0183123,4.9,0.0301376,-0.00611475,0.0301376,-0.0369999,0.999882,-0.0152444,0.000577337,-0.00164894,0.0726876,0.240944,-0.195449,0.0742763,-0.0122258,-0.011031,0.00464136,-0.0103674,0.116251
4.9,0.999882,-0.0152418,0.000585695,-0.00163235,-0.000887982,0.0036028,0.00179205,0.0741826,-0.0122688,-0.0109725,0.00448448,-0.0111494,0.0186651,4.92,0,0.00794493,-0.00116548,-0.0267655,0.999882,-0.0152462,0.00060385,-0.00162366,0.185579,-0.0106391,-0.140805,0.0742275,-0.0123803,-0.0107858,0.00448448,-0.0111494,0.116732
4.92,0.999883,-0.0152357,0.000585724,-0.00162665,-0.00022219,0.000540159,-0.000338468,0.0741707,-0.0123358,-0.0108667,0.00482421,-0.0111677,0.0188402,4.94,0.0483763,0.00341256,0.0483763,-0.0421547,0.999882,-0.0152368,0.0005884,-0.00162838,0.148499,0.387472,-0.22281,0.074219,-0.0124475,-0.0106783,0.00482396,-0.0111739,0.116701
4.94,0.999883,-0.015228,0.000581283,-0.00163098,4.41239e-05,0.00147227,0.000593641,0.0741615,-0.0123996,-0.0107589,0.00498786,-0.0114903,0.0190442,4.96,0,0.00355617,-0.0105965,-0.124909,0.999883,-0.0152278,0.000588688,-0.00162813,0.150028,-0.0741124,-0.691241,0.0742114,-0.0125145,-0.0105684,0.00498786,-0.0114903,0.117111
4.96,0.999883,-0.0152223,0.000589285,-0.00161773,0.00138047,0.0010741,0.00111964,0.0741479,-0.0124826,-0.0105998,0.00465009,-0.010681,0.0186767,4.98,0.00585424,-0.00192211,0.00585424,-0.0149124,0.999883,-0.0152154,0.000594729,-0.00161222,0.106382,0.0439059,-0.0739487,0.0741944,-0.0125894,-0.010413,0.00465006,-0.0106817,0.116718
4.98,0.999883,-0.0152099,0.000604732,-0.00160194,-0.000217428,0.000940937,-0.0012772,0.0741193,-0.0126283,-0.0102911,0.00393809,-0.010721,0.018674,5,0,-0.0454,-0.0113594,-0.0219823,0.999883,-0.0152109,0.000609341,-0.00160839,-0.24139,-0.0936033,-0.115249,0.0741587,-0.0127355,-0.0101043,0.00393809,-0.010721,0.11674
5,0.999883,-0.0151893,0.000612173,-0.00160266,0.00044836,0.000807778,-0.00034509,0.0741085,-0.0127767,-0.0100012,0.00436459,-0.0114239,0.0189276,5.02,0.019234,-0.00539784,0.019234,-0.0549754,0.999883,-0.015187,0.000616181,-0.00160445,0.0781513,0.155576,-0.297249,0.0741521,-0.0128909,-0.00981194,0.00436448,-0.0114264,0.116912
5.02,0.999883,-0.0151781,0.000630843,-0.00160357,0.000982486,0.00134111,-0.000478265,0.0740908,-0.0128348,-0.0099236,0.00394467,-0.011856,0.018787,5.04,0.0339099,0.00268368,0.0339099,-0.0240741,0.999883,-0.0151732,0.000637504,-0.00160606,0.142473,0.269163,-0.122935,0.0741303,-0.0129533,-0.00973573,0.00394448,-0.0118604,0.116709
5.04,0.999883,-0.015169,0.000630227,-0.00161242,0.00204775,-0.000256784,-0.00207616,0.0740807,-0.0128675,-0.00988232,0.00380573,-0.0117826,0.018582,5.06,0.0159465,0.0146499,0.0159465,-0.0475416,0.999884,-0.0151587,0.00062877,-0.00162279,0.238406,0.12848,-0.255778,0.0741188,-0.0129853,-0.0096965,0.00380564,-0.0117846,0.116581
5.06,0.999884,-0.0151535,0.000613114,-0.00162135,0.000449858,-0.00278679,-0.000345117,0.0740645,-0.0129374,-0.00979108,0.00395981,-0.0119776,0.0187831,5.08,0.0339782,-0.0416635,0.0339782,-0.0759058,0.999884,-0.0151513,0.000599152,-0.00162287,-0.212635,0.275572,-0.413242,0.0741041,-0.0130572,-0.00960325,0.00395962,-0.011982,0.116705
5.08,0.999884,-0.01515,0.000592772,-0.00160699,0.000184984,-0.00438418,0.0012528,0.0740091,-0.0131346,-0.00957988,0.00340445,-0.0125486,0.0193171,5.1,0.0417559,-0.0124044,0.0417559,-0.0083984,0.999884,-0.0151491,0.000570947,-0.0016004,0.0213601,0.330129,-0.0345339,0.0740432,-0.0132601,-0.00938671,0.00340423,-0.012554,0.117206
5.1,0.999884,-0.0151408,0.000592697,-0.00161345,0.000451311,0.00134161,-0.00180985,0.0739846,-0.0132041,-0.00950568,0.00316984,-0.0124361,0.0191934,5.12,0.00630852,-0.0408523,0.00630852,-0.0375725,0.999884,-0.0151385,0.000599263,-0.0016226,-0.205746,0.0497519,-0.200961,0.0740163,-0.0133285,-0.00931374,0.00316981,-0.0124369,0.117233
5.12,0.999884,-0.0151397,0.000602012,-0.00162909,5.13311e-05,0.00227322,-0.00368125,0.0739692,-0.0132313,-0.00947729,0.00315879,-0.0124514,0.019232,5.14,0.0208985,-0.0229216,0.0208985,0.0157858,0.999884,-0.0151395,0.000613098,-0.00164767,-0.0626555,0.160145,0.0992024,0.0740008,-0.0133558,-0.00928497,0.00315868,-0.0124541,0.11721
5.14,0.999884,-0.0151477,0.000639693,-0.00161485,-0.00127824,0.000675977,0.00137879,0.0739015,-0.0133695,-0.00932751,0.00294183,-0.0123807,0.0189722,5.16,0,-0.0250526,-0.0070798,-0.0354564,0.999884,-0.0151541,0.000643187,-0.00160801,-0.0790601,-0.0577714,-0.190189,0.073931,-0.0134933,-0.00913779,0.00294183,-0.0123807,0.117039
5.16,0.999881,-0.0153384,0.000627819,-0.00161725,-0.0151252,-0.00278581,0.000846269,0.0738116,-0.0134422,-0.00918965,0.00172529,-0.00890135,0.0191632,5.18,0,-0.0367984,-0.0346912,-0.100881,0.99988,-0.0154141,0.000614079,-0.00161276,-0.171473,-0.270584,-0.558978,0.0738288,-0.0135312,-0.00899802,0.00172529,-0.00890135,0.11723
5.18,0.999881,-0.0153355,0.00063003,-0.00161033,0.000454278,0.000409954,0.00191142,0.0737901,-0.0134389,-0.0091597,0.00163669,-0.00836638,0.0192389,5.2,0,-0.0617543,-0.0352615,-0.0424757,0.999881,-0.0153332,0.000632223,-0.00160081,-0.371045,-0.282666,-0.232095,0.0738064,-0.0135226,-0.00896731,0.00163669,-0.00836638,0.117305
5.2,0.999881,-0.0153204,0.000636846,-0.0016136,0.00351692,0.00160839,-0.000618593,0.0737654,-0.0134186,-0.00915884,0.00162381,-0.00832994,0.0189654,5.22,0,-0.0226102,-0.0155088,-0.0880931,0.999881,-0.0153028,0.000644811,-0.00161682,-0.0581707,-0.118624,-0.485677,0.0737816,-0.0135019,-0.00896918,0.00162381,-0.00832994,0.117032
5.22,0.999882,-0.0152601,0.00063882,-0.00160669,0.00165411,-0.00185353,0.000846136,0.0736782,-0.0133981,-0.00911715,0.00247285,-0.0112423,0.0186999,5.24,0.0208789,-0.0331628,0.0208789,-0.0514612,0.999882,-0.0152518,0.000629605,-0.00160232,-0.143452,0.167768,-0.277504,0.0737029,-0.0135105,-0.00893015,0.00247273,-0.011245,0.116678
5.24,0.999882,-0.0152494,0.000646539,-0.00162503,0.00271937,0.0018749,-0.000219123,0.0736249,-0.0135152,-0.00898246,0.0024168,-0.0122685,0.0187076,5.26,0,0.00541534,-0.0129943,-0.074697,0.999882,-0.0152358,0.000655874,-0.00162628,0.165515,-0.0999166,-0.41027,0.0736491,-0.0136379,-0.00879539,0.0024168,-0.0122685,0.116774
5.26,0.999882,-0.0152316,0.000656141,-0.00163767,0.00218674,-0.000521952,-0.000618597,0.073608,-0.013575,-0.00890645,0.00222935,-0.0118174,0.0190138,5.28,0,-0.00815461,-0.00254474,-0.0751843,0.999883,-0.0152207,0.000653466,-0.00164073,0.0567022,-0.016535,-0.412085,0.0736303,-0.0136932,-0.00871631,0.00222935,-0.0118174,0.11708
5.28,0.999883,-0.0152284,0.000651652,-0.00163956,0.000588241,-0.00118806,-0.000352468,0.0735994,-0.013603,-0.00886331,0.00214943,-0.0114252,0.0189426,5.3,0,-0.0507026,-0.0379625,-0.00242578,0.999883,-0.0152254,0.000645681,-0.00164123,-0.28348,-0.309237,-0.00784216,0.0736209,-0.0137173,-0.00867388,0.00214943,-0.0114252,0.117009
5.3,0.999883,-0.0151868,0.000645022,-0.00163095,0.00245476,-0.000788155,0.000979137,0.0735484,-0.0136717,-0.00868912,0.00190181,-0.010347,0.0179321,5.32,0.0167906,-0.0313642,0.0167906,-0.0398008,0.999883,-0.0151745,0.000641136,-0.001626,-0.129577,0.133583,-0.212423,0.0735675,-0.0137751,-0.0085098,0.00190171,-0.0103491,0.115927
5.32,0.999884,-0.0151385,0.000644672,-0.00165192,0.00165783,-0.000255344,-0.000618765,0.0734791,-0.0137154,-0.00856278,0.000917328,-0.0101663,0.0171832,5.34,0,0.00513174,-0.0370906,-0.0705868,0.999884,-0.0151302,0.000643335,-0.001655,0.162624,-0.293215,-0.389145,0.0734883,-0.013817,-0.00839095,0.000917328,-0.0101663,0.11525
5.34,0.999884,-0.0151334,0.000642254,-0.00165695,0.000992037,-0.000654816,-0.00115141,0.0734616,-0.0137139,-0.00855825,0.000851837,-0.0102056,0.0168503,5.36,0,-0.014166,-0.0572502,-0.017032,0.999884,-0.0151284,0.000638885,-0.00166266,0.00837042,-0.461203,-0.0910097,0.0734702,-0.013816,-0.00838975,0.000851837,-0.0102056,0.114917
5.36,0.999884,-0.0151305,0.000637173,-0.00166138,0.000459406,-0.00132061,-0.00101824,0.0734446,-0.0137142,-0.00855187,0.000845906,-0.0100889,0.0168365,5.38,0.000965868,-0.0085758,0.000965868,-0.0863894,0.999884,-0.0151282,0.00063049,-0.00166638,0.0524157,0.0129908,-0.474405,0.0734531,-0.0138151,-0.00838351,0.0008459,-0.010089,0.114899
5.38,0.999884,-0.0151028,0.000640388,-0.00168162,-0.000339544,0.00187518,0.000180174,0.0733822,-0.0137519,-0.0084702,0.00101731,-0.010585,0.0167967,5.4,0,-0.0323781,-0.0282632,-0.0494528,0.999884,-0.0151045,0.00064978,-0.00168086,-0.137799,-0.225652,-0.270013,0.0733924,-0.0138577,-0.00830223,0.00101731,-0.010585,0.114863
5.4,0.999885,-0.0150736,0.000659647,-0.00168255,0.000725725,1.09704e-05,-0.00155087,0.0733225,-0.0138419,-0.00832397,0.000782042,-0.0104652,0.016708,5.42,0,0.00353688,-0.0202148,-0.0362295,0.999885,-0.01507,0.000659579,-0.0016903,0.149239,-0.162556,-0.195141,0.0733304,-0.0139465,-0.00815689,0.000782042,-0.0104652,0.114775
5.42,0.999885,-0.0150715,0.000665661,-0.00168645,0.000326248,0.00147571,-0.000885084,0.0733135,-0.0138617,-0.00828581,0.00108054,-0.0102859,0.0166035,5.44,0,-0.0294341,-0.0193701,0.0156445,0.999885,-0.0150698,0.000672969,-0.00169099,-0.114786,-0.162548,0.0952914,0.0733243,-0.0139646,-0.00811978,0.00108054,-0.0102859,0.11467
5.44,0.999885,-0.0150621,0.000668336,-0.00168242,0.00219357,0.000677193,0.00151178,0.0732858,-0.0138504,-0.00829069,0.000787374,-0.00978986,0.0166562,5.46,0.0156859,-0.0248693,0.0156859,-0.107518,0.999885,-0.0150512,0.000671817,-0.00167492,-0.0788219,0.13278,-0.591438,0.0732937,-0.0139483,-0.00812413,0.000787282,-0.00979187,0.114656
5.46,0.999885,-0.0150469,0.000664609,-0.00168861,0.00139643,-0.00118682,-0.000352415,0.0732231,-0.0138098,-0.00829425,0.000220351,-0.00966354,0.0166029,5.48,0.0101973,-0.0232154,0.0101973,-0.0304126,0.999885,-0.0150399,0.000658637,-0.00169029,-0.0653972,0.0796038,-0.16007,0.0732253,-0.0139065,-0.00812822,0.000220291,-0.00966484,0.114626
5.48,0.999885,-0.0150281,0.00069047,-0.00169194,-0.00060094,0.00400634,0.000712848,0.0731408,-0.0137547,-0.00828311,0.000199891,-0.00924253,0.0163531,5.5,0.0320171,0.00463896,0.0320171,-0.0322655,0.999885,-0.015031,0.000710558,-0.00168867,0.156951,0.254531,-0.168489,0.0731428,-0.0138471,-0.00811958,0.000199696,-0.00924663,0.114283
5.5,0.999885,-0.0150286,0.000702973,-0.00168,0.000865616,0.000144885,0.00177811,0.0731063,-0.0137114,-0.00831863,8.92646e-05,-0.0092135,0.016321,5.52,0.0239839,-0.020425,0.0239839,-0.137965,0.999885,-0.0150243,0.000703824,-0.00167112,-0.0439087,0.202595,-0.761265,0.0731072,-0.0138036,-0.00815542,8.9116e-05,-0.00921656,0.114285
5.52,0.999885,-0.0150255,0.000709606,-0.00166686,0.000732456,0.00121015,0.0015118,0.0730718,-0.0136775,-0.00833994,-6.91634e-05,-0.00934208,0.0161049,5.54,0,-0.0439351,-0.0211179,0.00487747,0.999885,-0.0150218,0.000715763,-0.0016594,-0.231126,-0.175766,0.0346825,0.0730711,-0.0137709,-0.00817889,-6.91634e-05,-0.00934208,0.114171
5.54,0.999886,-0.0150105,0.00072791,-0.00167592,6.82985e-05,0.000144954,-8.61184e-05,0.0730202,-0.0135871,-0.00845436,0.00011554,-0.00931918,0.0154768,5.56,0,-0.0199774,-0.0107842,-0.00936513,0.999886,-0.0150102,0.000728628,-0.00167637,-0.0395543,-0.0912286,-0.0440443,0.0730214,-0.0136802,-0.0082996,0.00011554,-0.00931918,0.113543
5.56,0.999886,-0.0149811,0.000744949,-0.00164353,0.00139988,0.000411273,0.000979146,0.0729635,-0.0134945,-0.00856081,0.000317314,-0.0091801,0.0155413,5.58,0,-0.0780746,-0.00602946,-0.024313,0.999886,-0.0149741,0.000747067,-0.00163867,-0.504857,-0.0522824,-0.127796,0.0729667,-0.0135863,-0.0084054,0.000317314,-0.0091801,0.113608
5.58,0.999887,-0.0149558,0.000752899,-0.00164284,0.00113356,0.000411269,4.70429e-05,0.0729314,-0.0134244,-0.00860626,0.000570237,-0.00888843,0.0158792,5.6,0,-0.0012887,-0.0172025,-0.0262602,0.999887,-0.0149502,0.00075495,-0.00164264,0.109663,-0.1405,-0.139291,0.0729371,-0.0135133,-0.00844747,0.000570237,-0.00888843,0.113946
5.6,0.999887,-0.0149523,0.000750971,-0.00164203,0.000599287,-0.000521386,0.000186641,0.0729235,-0.0134122,-0.00860584,0.000532119,-0.00885878,0.015984,5.62,0,-0.0392347,-0.0163159,-0.04536,0.999887,-0.0149493,0.000748374,-0.00164106,-0.193968,-0.131598,-0.246341,0.0729288,-0.0135008,-0.008446,0.000532119,-0.00885878,0.11405
5.62,0.999887,-0.0149462,0.000759763,-0.00163604,0.00126507,0.00214177,0.00151823,0.0729164,-0.0134018,-0.00860121,0.000632359,-0.00890055,0.0161555,5.64,0,-0.0242431,-0.0548061,0.00324884,0.999887,-0.0149398,0.000770574,-0.00162861,-0.0738715,-0.445172,0.0226464,0.0729227,-0.0134908,-0.00843966,0.000632359,-0.00890055,0.114222
5.64,0.999887,-0.0149369,0.000784125,-0.00163616,0.00126819,0.00160916,-0.000212812,0.0728921,-0.0133142,-0.00864384,0.000682821,-0.00887104,0.0160204,5.66,0,-0.0251234,-0.0311198,0.0240807,0.999887,-0.0149306,0.000792144,-0.00163735,-0.0813433,-0.258403,0.141276,0.0728989,-0.0134029,-0.00848364,0.000682821,-0.00887104,0.114087
5.66,0.999885,-0.0150865,0.000807529,-0.00164206,0.00060239,-0.00225243,0.000186652,0.0728662,-0.0131178,-0.00868334,0.000680641,-0.0064557,0.0162741,5.68,0,0.00873861,-0.0171478,-0.0890476,0.999885,-0.0150835,0.000796277,-0.00164096,0.190891,-0.132738,-0.490861,0.072873,-0.0131823,-0.0085206,0.000680641,-0.0064557,0.114341
5.68,0.999885,-0.0150845,0.000809396,-0.00163436,0.000202914,0.000410738,0.00191772,0.0728637,-0.0130864,-0.00868606,0.000682405,-0.00713983,0.0162819,5.7,0,-0.0281357,-0.0192434,-0.0434291,0.999885,-0.0150835,0.000811592,-0.00162481,-0.104035,-0.155521,-0.235789,0.0728705,-0.0131578,-0.00852324,0.000682405,-0.00713983,0.114348
5.7,0.999885,-0.015077,0.000805352,-0.00163853,0.0006024,0.000410741,-0.00234334,0.0728618,-0.0130492,-0.0086773,0.000917137,-0.00885369,0.0167566,5.72,0.0250225,0.012716,0.0250225,-0.0180507,0.999885,-0.015074,0.000807224,-0.00165027,0.222053,0.196061,-0.0897315,0.072871,-0.0131377,-0.00850973,0.00091696,-0.0088569,0.114717
5.72,0.999884,-0.0151012,0.000782043,-0.00163872,-0.00166129,-0.00211927,-0.00101176,0.0728789,-0.0130752,-0.00859964,0.00110805,-0.0109041,0.0164406,5.74,0.00643314,-0.0651287,0.00643314,0.0405124,0.999884,-0.0151096,0.000771385,-0.00164361,-0.400855,0.0394733,0.236252,0.07289,-0.0131842,-0.00843523,0.00110801,-0.0109049,0.11448
5.74,0.999884,-0.0151053,0.000791736,-0.00163038,0.000471317,0.000144239,-0.00141122,0.0729169,-0.0130951,-0.00855317,0.00178192,-0.0100381,0.0174993,5.76,0.0026597,-0.0161593,0.0026597,-0.00162388,0.999884,-0.015103,0.000792346,-0.00163745,-0.00845753,0.0149275,0.00018959,0.0729347,-0.0131954,-0.00837818,0.0017819,-0.0100384,0.115554
5.76,0.999884,-0.0151067,0.000786973,-0.00162984,-0.000594865,-0.00118841,0.000179298,0.0729294,-0.013089,-0.00854505,0.00177172,-0.00977191,0.0176153,5.78,0,0.0220267,-0.0169477,-0.00996367,0.999884,-0.0151097,0.00078105,-0.00162885,0.297278,-0.140368,-0.0480036,0.0729471,-0.0131867,-0.0083689,0.00177172,-0.00977191,0.115682
5.78,0.999884,-0.0150925,0.000789229,-0.00162202,0.00193515,0.00040949,0.000445612,0.0729592,-0.0130815,-0.00851591,0.00240641,-0.00972848,0.0178548,5.8,0.046091,-0.0396511,0.046091,-0.0311954,0.999885,-0.0150828,0.000791294,-0.00161983,-0.197115,0.365638,-0.161892,0.0729833,-0.0131788,-0.00833737,0.00240609,-0.0097344,0.115725
5.8,0.999885,-0.0150663,0.000789665,-0.00163521,0.00233554,0.00240708,-0.00115227,0.0730622,-0.0130651,-0.00841105,0.00285919,-0.00949177,0.0185034,5.82,0.043282,-0.05371,0.043282,-0.00684214,0.999885,-0.0150547,0.000801593,-0.00164116,-0.309913,0.340036,-0.0257622,0.0730908,-0.0131601,-0.00822602,0.00285889,-0.00949732,0.116386
5.82,0.999885,-0.0150693,0.000799706,-0.0016144,-0.00339028,1.02341e-05,0.00377456,0.0731577,-0.013092,-0.00827402,0.00330448,-0.0102718,0.018067,5.84,0.00136161,0.0416068,0.00136161,-0.0575133,0.999885,-0.0150863,0.000800069,-0.00159552,0.453417,0.011981,-0.312718,0.0731908,-0.0131947,-0.00809335,0.00330447,-0.010272,0.116128
5.84,0.999885,-0.0150733,0.000815673,-0.00161971,0.00167172,0.00147486,-0.00181807,0.0732121,-0.0130811,-0.00827766,0.00335594,-0.0107721,0.0182811,5.86,0.00640164,-0.0473961,0.00640164,-0.0574441,0.999885,-0.015065,0.000822896,-0.00162892,-0.258584,0.051013,-0.312281,0.0732456,-0.0131888,-0.00809485,0.00335589,-0.0107729,0.11632
5.86,0.999885,-0.0150607,0.000809855,-0.00161948,0.00180488,-0.0011883,-8.70149e-05,0.0732678,-0.0130843,-0.00826649,0.00346492,-0.0111384,0.0181867,5.88,0,0.00293703,-0.0107006,-0.0674949,0.999885,-0.0150517,0.000803893,-0.00161983,0.144273,-0.0838883,-0.369769,0.0733025,-0.0131957,-0.00808462,0.00346492,-0.0111384,0.116253
5.88,0.999885,-0.015044,0.000832575,-0.00160273,0.0020712,0.000942228,0.000578776,0.073426,-0.013131,-0.00820343,0.00386173,-0.011939,0.0186948,5.9,0,-0.0167016,-0.0134707,-0.0303811,0.999885,-0.0150337,0.000837312,-0.00159991,-0.0129539,-0.110967,-0.162358,0.0734646,-0.0132504,-0.00801649,0.00386173,-0.011939,0.116761
5.9,0.999886,-0.0150058,0.000833509,-0.0016128,0.00060801,0.00253996,-0.00195124,0.0735726,-0.0131659,-0.00821829,0.00431486,-0.0121819,0.0186941,5.92,0.00324355,-0.0160036,0.00324355,-0.030686,0.999886,-0.0150027,0.000846056,-0.00162275,-0.00787751,0.0227587,-0.162598,0.0736157,-0.0132877,-0.00803135,0.00431484,-0.0121823,0.116747
5.92,0.999886,-0.0149938,0.000840922,-0.001618,0.00274063,0.00187414,-0.00115336,0.0736111,-0.01318,-0.00821146,0.00434145,-0.0122472,0.0185248,5.94,0.00811991,-0.0118446,0.00811991,-0.0095341,0.999886,-0.0149801,0.000850183,-0.00162391,0.0251457,0.0592158,-0.0436994,0.0736546,-0.0133024,-0.00802622,0.00434139,-0.0122483,0.116557
5.94,0.999886,-0.0149919,0.000836182,-0.00161767,0.000210624,-0.00118849,0.000178226,0.0736504,-0.0131973,-0.00820334,0.00441559,-0.0124497,0.0181468,5.96,0,-0.0422164,-0.0110275,-0.0271259,0.999886,-0.0149909,0.000830252,-0.00161669,-0.217592,-0.0921836,-0.143965,0.0736945,-0.0133218,-0.00802187,0.00441559,-0.0124497,0.116213
5.96,0.999887,-0.0149516,0.000849038,-0.00163463,0.000480317,-0.000921577,0.000178272,0.0738635,-0.0132572,-0.00822686,0.00508755,-0.0121039,0.0176391,5.98,0,-0.0238087,-0.00711931,-0.0147489,0.999887,-0.0149492,0.00084444,-0.00163368,-0.0706915,-0.0622847,-0.0741438,0.0739144,-0.0133782,-0.00805047,0.00508755,-0.0121039,0.115706
5.98,0.999887,-0.0149366,0.000840397,-0.00163044,0.00287716,-0.000388943,0.00204249,0.0740861,-0.0132791,-0.00830554,0.00515957,-0.0119787,0.0181651,6,0,-0.0081087,-0.0103733,-0.0103579,0.999887,-0.0149222,0.000838581,-0.00162021,0.0548188,-0.0885676,-0.0497742,0.0741377,-0.0133989,-0.00812389,0.00515957,-0.0119787,0.116232
6,0.999887,-0.0149244,0.000828363,-0.00162676,0.00274401,-0.00305211,0.000977207,0.0741307,-0.013288,-0.00830607,0.00519454,-0.0118344,0.0183322,6.02,0.0100365,-0.0114267,0.0100365,0.0118043,0.999887,-0.0149107,0.000813155,-0.00162166,0.0277613,0.0720992,0.0759908,0.0741826,-0.0134063,-0.00812275,0.00519447,-0.0118357,0.116356
6.02,0.999887,-0.0149214,0.000827018,-0.00163408,0.00141243,0.000809472,-0.00181909,0.0742197,-0.01331,-0.00829202,0.00500769,-0.0117166,0.018418,6.04,0,-0.0280027,-0.00372622,-0.0295061,0.999887,-0.0149143,0.000830917,-0.00164324,-0.10448,-0.0332609,-0.156514,0.0742697,-0.0134272,-0.00810784,0.00500769,-0.0117166,0.116484
6.04,0.999887,-0.0149106,0.000814457,-0.00164432,0.00114611,0.000676318,-0.000886992,0.0744336,-0.0133979,-0.00819794,0.00489325,-0.0118815,0.0185731,6.06,0,0.0308552,-0.0373762,0.0250657,0.999887,-0.0149048,0.000817763,-0.00164881,0.366249,-0.308066,0.146566,0.0744825,-0.0135167,-0.00801221,0.00489325,-0.0118815,0.11664
6.06,0.999887,-0.0149092,0.000831032,-0.00164174,8.08414e-05,-0.00078842,-0.000354359,0.0745619,-0.0134765,-0.00809421,0.00479507,-0.0120741,0.0186941,6.08,0.00153805,0.0130893,0.00153805,-0.0232331,0.999887,-0.0149088,0.000827064,-0.00164345,0.224068,0.00860016,-0.120711,0.0746098,-0.0135972,-0.00790727,0.00479506,-0.0120743,0.116754
6.08,0.999887,-0.0149117,0.000837491,-0.00162558,-0.000849477,0.000409731,0.00177616,0.0746529,-0.013498,-0.0081002,0.00477073,-0.0119506,0.0186334,6.1,0.0257609,-0.0118111,0.0257609,-0.0568316,0.999887,-0.014916,0.000839679,-0.00161672,0.0246204,0.206004,-0.307041,0.0747006,-0.0136175,-0.00791386,0.00477054,-0.0119538,0.11659
6.1,0.999887,-0.0149148,0.000820338,-0.00161121,0.00194552,-0.00212113,0.00177629,0.0747449,-0.0135259,-0.00809067,0.00474013,-0.0120304,0.0187629,6.12,0,-0.0258538,-0.00808594,-0.012103,0.999887,-0.0149051,0.00080985,-0.00160218,-0.0873582,-0.0701292,-0.0595445,0.0747923,-0.0136462,-0.00790304,0.00474013,-0.0120304,0.116829
6.12,0.999885,-0.0150836,0.000854774,-0.00160367,0.00274678,0.00214116,0.00111054,0.075052,-0.013611,-0.00793304,0.00486277,-0.00888246,0.0191672,6.14,0,-0.0301833,-0.00619422,-0.0370831,0.999885,-0.0150699,0.000865541,-0.00159829,-0.120577,-0.0522907,-0.199339,0.0751006,-0.0136998,-0.00774137,0.00486277,-0.00888246,0.117234
6.14,0.999885,-0.0150647,0.000866731,-0.00160669,0.00061792,0.000942664,-0.000221038,0.0751775,-0.0135807,-0.00792888,0.00557152,-0.0110445,0.0194103,6.16,0,-0.00116488,-0.0109697,-0.0380968,0.999885,-0.0150616,0.000871422,-0.00160787,0.11151,-0.0900996,-0.205258,0.0752332,-0.0136912,-0.00773478,0.00557152,-0.0110445,0.117477
6.16,0.999885,-0.015062,0.000867628,-0.00160091,0.000351604,0.000143716,0.00151002,0.075224,-0.0135804,-0.0079328,0.00571374,-0.0116891,0.0194693,6.18,0.0171418,-0.00211827,0.0171418,-0.0581161,0.999885,-0.0150602,0.000868457,-0.00159337,0.103514,0.137166,-0.315029,0.0752812,-0.0136972,-0.00773811,0.00571361,-0.0116912,0.117463
6.18,0.999885,-0.0150424,0.000870077,-0.00159685,0.00261529,0.00134214,-8.78803e-05,0.0753696,-0.0136273,-0.00791575,0.00593256,-0.0135652,0.0196364,6.2,0,-0.023182,-0.0115201,0.0455179,0.999885,-0.0150293,0.000876759,-0.0015974,-0.0654303,-0.104875,0.262718,0.0754289,-0.013763,-0.00771939,0.00593256,-0.0135652,0.117703
6.2,0.999885,-0.0150531,0.000884496,-0.00159394,-0.000979975,0.00187477,-0.000753668,0.0755696,-0.0137698,-0.00784514,0.00608306,-0.0147066,0.0191383,6.22,0,-0.0249881,-0.00485115,0.00899072,0.999885,-0.0150579,0.00089382,-0.00159784,-0.0795032,-0.0472794,0.0587323,0.0756304,-0.0139169,-0.00765376,0.00608306,-0.0147066,0.117205
6.22,0.999885,-0.015057,0.000883622,-0.00155868,-0.00124629,0.00160845,0.00190949,0.075826,-0.0139571,-0.00773295,0.00652501,-0.0136753,0.0193511,6.24,0.0137174,-0.0196778,0.0137174,-0.0304848,0.999885,-0.0150632,0.000891817,-0.00154924,-0.036995,0.10609,-0.160914,0.0758912,-0.0140939,-0.00753944,0.00652491,-0.0136771,0.117359
6.24,0.999885,-0.0150575,0.00088604,-0.00155893,-0.000445299,0.00054356,4.1582e-05,0.0758796,-0.0139741,-0.00773455,0.00637257,-0.0133811,0.0192831,6.26,0,-0.0266328,-0.0294919,-0.0440571,0.999885,-0.0150597,0.000888764,-0.00155876,-0.0921096,-0.238009,-0.240596,0.0759433,-0.0141079,-0.00754172,0.00637257,-0.0133811,0.11735
6.25999,0.999885,-0.0150581,0.000899616,-0.00156094,-0.000445299,0.00333988,-0.000357899,0.0759324,-0.0139908,-0.00773211,0.00632406,-0.0131425,0.0193682,6.27999,0,-0.01253,-0.0190195,0.00976835,0.999885,-0.0150603,0.00091629,-0.00156298,0.0203663,-0.160666,0.0617681,0.0759956,-0.0141222,-0.00753843,0.00632406,-0.0131425,0.117435
6.27999,0.999885,-0.0150312,0.000929632,-0.00155704,0.00341811,-0.000255279,-0.000890527,0.0762312,-0.0140343,-0.00781443,0.00597869,-0.0138702,0.0195825,6.29999,0.00165992,-0.0495562,0.00165992,-0.0246729,0.999886,-0.0150142,0.000928262,-0.00156149,-0.276176,0.0082018,-0.129564,0.076291,-0.014173,-0.00761861,0.00597868,-0.0138704,0.117642
6.29999,0.999886,-0.0150137,0.000936465,-0.00154963,0.00168918,0.00174333,0.00084057,0.0764045,-0.0140748,-0.00785011,0.0061731,-0.0140227,0.019041,6.31999,0,-0.00210043,-0.00614067,-0.00117347,0.999886,-0.0150052,0.00094523,-0.00154556,0.10339,-0.0564964,0.00157975,0.0764662,-0.0142151,-0.0076597,0.0061731,-0.0140227,0.117108
6.31999,0.999886,-0.0150167,0.000938626,-0.00154403,-0.00110714,0.000411744,0.00150636,0.0764491,-0.0140922,-0.00785012,0.00617033,-0.0141366,0.0192652,6.33999,0.0225133,-0.0130532,0.0225133,-0.0238931,0.999886,-0.0150222,0.000940806,-0.00153652,0.0155467,0.175291,-0.12332,0.0765108,-0.0142335,-0.00765747,0.00617014,-0.0141395,0.117236
6.33999,0.999886,-0.0150169,0.000929659,-0.00152433,-0.000441352,-0.00318352,-0.0002247,0.0765903,-0.0141611,-0.00782536,0.00665704,-0.0143124,0.0191892,6.35999,0,-0.0241842,-0.0019167,-0.00843779,0.999886,-0.0150191,0.000913729,-0.00152521,-0.0732697,-0.0220479,-0.0389999,0.0766569,-0.0143042,-0.00763347,0.00665704,-0.0143124,0.117256
6.35999,0.999886,-0.0150051,0.00093913,-0.00154318,-0.000705742,-0.000919651,4.16341e-05,0.0768252,-0.0142667,-0.00781765,0.00642313,-0.0150034,0.0193519,6.37999,0,-0.0142416,-0.00352256,-0.0579774,0.999886,-0.0150086,0.000934541,-0.0015429,0.0063851,-0.028893,-0.316381,0.0768895,-0.0144168,-0.00762413,0.00642313,-0.0150034,0.117418
6.37999,0.999886,-0.0149789,0.000928156,-0.00154443,-0.000173106,-0.000253862,0.00124006,0.0769958,-0.0143639,-0.00779799,0.00564744,-0.0148877,0.0194748,6.39999,0.0178914,-0.00151558,0.0178914,0.00480825,0.999886,-0.0149797,0.000926981,-0.00153821,0.10743,0.135096,0.0370633,0.0770523,-0.0145127,-0.00760324,0.0056473,-0.01489,0.117465
6.39999,0.999886,-0.0149696,0.000932889,-0.0015414,0.00195928,0.00107692,0.000965436,0.0770357,-0.0143928,-0.00778254,0.00544863,-0.0149151,0.0195761,6.41999,0,-0.0229339,-0.0192195,0.0481251,0.999886,-0.0149598,0.00093833,-0.00153667,-0.0640083,-0.167236,0.276357,0.0770902,-0.014542,-0.00758678,0.00544863,-0.0149151,0.117643
6.41999,0.999886,-0.0149716,0.000944493,-0.00154272,-0.000837033,0.00280797,-9.98343e-05,0.0770746,-0.0144239,-0.00776244,0.00525343,-0.0149574,0.0197332,6.43999,0.0115344,-0.000231394,0.0115344,-0.015878,0.999886,-0.0149757,0.00095853,-0.00154342,0.117876,0.0866094,-0.0793032,0.0771271,-0.0145735,-0.0075651,0.00525334,-0.0149589,0.117751
6.43999,0.999886,-0.0149804,0.000962246,-0.00157036,0.00116034,0.00160955,-0.00342878,0.0772108,-0.0145562,-0.00768274,0.00444445,-0.0155828,0.0199595,6.45999,0,-0.00937222,-0.000936179,0.0380702,0.999886,-0.0149746,0.000970027,-0.00158763,0.0445004,-0.0198608,0.221827,0.0772552,-0.0147121,-0.00748314,0.00444445,-0.0155828,0.118026
6.45999,0.999887,-0.0149533,0.00097333,-0.00159603,-0.00096584,0.00214357,-0.000898736,0.0773323,-0.0146643,-0.0076845,0.00395064,-0.0152703,0.0201684,6.47999,0.0492174,-0.0123341,0.0492174,-0.0171134,0.999886,-0.0149581,0.000983987,-0.00160068,0.0202978,0.387809,-0.0828448,0.0773718,-0.014817,-0.00748282,0.00395023,-0.0152765,0.118026
6.47999,0.999887,-0.0149475,0.000973851,-0.00160037,0.00103153,1.30434e-05,-0.000898732,0.0773527,-0.0146858,-0.00767734,0.00374093,-0.0151886,0.0199112,6.49999,0.0348727,-0.0395488,0.0348727,-0.0135426,0.999887,-0.0149424,0.000973841,-0.00160487,-0.197292,0.272283,-0.0641777,0.0773901,-0.0148377,-0.00747823,0.00374063,-0.0151931,0.117829
6.49999,0.999887,-0.0149429,0.000968641,-0.00159555,0.000765207,-0.0014517,0.00136495,0.0773713,-0.0147092,-0.00766699,0.00354756,-0.0151515,0.0199843,6.51999,0.0156408,-0.0132707,0.0156408,-0.00765301,0.999887,-0.0149391,0.000961479,-0.00158862,0.0132206,0.118111,-0.0326822,0.0774068,-0.0148607,-0.00746714,0.00354743,-0.0151535,0.117984
6.51999,0.999887,-0.0149236,0.000960227,-0.00159289,0.000632047,-0.000919061,0.00149812,0.0774404,-0.0148256,-0.00759082,0.00341039,-0.0151804,0.0196847,6.53999,0,0.00533906,-0.00620268,0.00417555,0.999887,-0.0149205,0.000955739,-0.00158534,0.162139,-0.0577278,0.0318106,0.0774745,-0.0149774,-0.00739397,0.00341039,-0.0151804,0.117751
6.53999,0.999887,-0.0149216,0.000976106,-0.00159363,-0.00109691,0.00267623,-0.000898734,0.0775338,-0.0149754,-0.00750056,0.00367678,-0.0152059,0.0201729,6.55999,0.00525465,-0.0264668,0.00525465,0.0251349,0.999887,-0.0149271,0.000989427,-0.00159832,-0.0926825,0.030891,0.149952,0.0775706,-0.0151275,-0.00729883,0.00367674,-0.0152066,0.118217
6.55999,0.999887,-0.0149074,0.00095739,-0.00159065,0.00129994,0.000412545,0.000832327,0.0776008,-0.0150462,-0.00748379,0.00371559,-0.0152767,0.0195719,6.57999,0.0633476,-0.0351111,0.0633476,-0.0173401,0.999887,-0.0149009,0.000959504,-0.00158652,-0.162602,0.500707,-0.0831107,0.0776379,-0.015199,-0.00728807,0.00371506,-0.0152847,0.117369
6.57999,0.999887,-0.0149045,0.000961614,-0.0015879,0.000367498,0.000944802,0.000833964,0.0776223,-0.015073,-0.00747473,0.00357291,-0.0148808,0.0192475,6.59999,0,-0.018649,-0.0126936,-0.0509719,0.999887,-0.0149026,0.000966397,-0.00158381,-0.0295715,-0.103378,-0.277692,0.077658,-0.0152218,-0.00728226,0.00357291,-0.0148808,0.117314
6.59999,0.999887,-0.0148892,0.000969329,-0.00159301,0.00276434,0.000545325,-0.000630768,0.0776678,-0.015128,-0.00744498,0.00383241,-0.0146614,0.0195487,6.61999,0.0155612,-0.0181129,0.0155612,0.0194824,0.999888,-0.0148754,0.000971986,-0.00159622,-0.026179,0.114173,0.119205,0.0777061,-0.0152747,-0.00724949,0.00383228,-0.0146634,0.117549
6.61999,0.999885,-0.0150318,0.000976571,-0.00157844,-0.032922,0.000279033,-0.00129662,0.07779,-0.0152869,-0.00727375,0.00396677,-0.0132078,0.0247238,6.63999,0,-0.0404051,-0.0173913,-0.00919698,0.999883,-0.0151964,0.000978128,-0.00158478,-0.20278,-0.146324,-0.0443518,0.0778297,-0.015419,-0.00702651,0.00396677,-0.0132078,0.12279
6.63999,0.999885,-0.0150562,0.00100186,-0.00160714,0.00210152,0.00147811,-0.00262809,0.0778562,-0.0152916,-0.00719463,0.00404001,-0.0122567,0.0198317,6.65999,0,-0.0562807,-0.0130775,-0.0796819,0.999885,-0.0150457,0.00100904,-0.0016204,-0.329522,-0.10371,-0.438629,0.0778966,-0.0154141,-0.00699631,0.00404001,-0.0122567,0.117898
6.65999,0.999885,-0.0150434,0.00101019,-0.00161977,0.00276942,0.00201109,-0.00302755,0.0778756,-0.0152792,-0.00720366,0.00423061,-0.012866,0.0197868,6.67999,0.0496687,-0.0546541,0.0496687,-0.0378393,0.999885,-0.0150296,0.00101999,-0.00163507,-0.317588,0.393096,-0.198961,0.0779179,-0.0154078,-0.00700579,0.00423017,-0.0128723,0.117642
6.67999,0.999885,-0.015032,0.00103542,-0.0016364,0.00050573,-0.00091839,-0.00142965,0.0779614,-0.0153065,-0.00719578,0.0042573,-0.0152498,0.0198486,6.69999,0,0.00449998,-0.0062618,-0.0284837,0.999885,-0.0150295,0.00103072,-0.00164348,0.156517,-0.0548841,-0.150831,0.0780039,-0.015459,-0.00699729,0.0042573,-0.0152498,0.117915
6.69999,0.999885,-0.0150311,0.00105942,-0.00164641,0.00210363,0.00334267,-0.0015628,0.0780612,-0.0154388,-0.00714308,0.00364534,-0.0159493,0.0199558,6.71999,0.0283815,-0.0597623,0.0283815,0.053996,0.999885,-0.0150206,0.00107599,-0.00165449,-0.359065,0.211302,0.313563,0.0780976,-0.0155983,-0.00694352,0.00364508,-0.0159529,0.117902
6.71999,0.999885,-0.0150255,0.00107108,-0.00167896,0.00263837,0.000280376,-0.00129649,0.0781048,-0.0154795,-0.00717191,0.00358521,-0.0151719,0.0200732,6.73999,0.00842726,-0.00961309,0.00842726,0.0426808,0.999885,-0.0150123,0.00107236,-0.00168548,0.0427101,0.0535907,0.249029,0.0781407,-0.0156313,-0.00697118,0.00358513,-0.015173,0.118104
6.73999,0.999885,-0.015031,0.00106884,-0.00168382,-0.00175585,-0.000651726,-0.00116334,0.0781147,-0.0154713,-0.00721268,0.00357566,-0.0148919,0.0199071,6.75999,0.012617,-0.0294339,0.012617,-0.04817,0.999885,-0.0150398,0.00106551,-0.00168958,-0.115155,0.0977836,-0.259422,0.0781505,-0.0156202,-0.00701361,0.00357555,-0.0148935,0.11792
6.75999,0.999885,-0.0150309,0.00108826,-0.00170382,0.00104176,0.002145,-0.00289539,0.0781924,-0.0154468,-0.00735787,0.00456613,-0.0143661,0.0194937,6.77999,0.00320329,-0.0414687,0.00320329,0.020109,0.999885,-0.0150257,0.00109876,-0.00171846,-0.211811,0.0139433,0.122146,0.0782381,-0.0155905,-0.00716293,0.0045661,-0.0143665,0.117547
6.77999,0.999886,-0.0149875,0.00108175,-0.0017259,0.00144123,-0.00184975,0.000167242,0.0783072,-0.0154966,-0.00739419,0.00485415,-0.0148508,0.0195381,6.79999,0.0176942,-0.0358319,0.0176942,-0.0530192,0.999886,-0.0149803,0.0010725,-0.00172494,-0.166773,0.138764,-0.285962,0.0783557,-0.0156451,-0.0071988,0.00485399,-0.0148531,0.117529
6.79999,0.999886,-0.0149787,0.00106539,-0.00171316,-0.000287125,-0.00251479,0.00123256,0.0783519,-0.0155121,-0.0074033,0.00503652,-0.0151822,0.0192931,6.81999,0.0153254,-0.0660004,0.0153254,-0.0241294,0.999886,-0.0149802,0.00105291,-0.00170681,-0.408428,0.116075,-0.124649,0.0784023,-0.0156639,-0.00721037,0.00503638,-0.0151842,0.117294
6.81999,0.999886,-0.0149643,0.00107483,-0.0017241,0.00317498,0.00227891,-0.00262902,0.0783717,-0.0155019,-0.0074422,0.00521289,-0.0155355,0.0191138,6.83999,0.0251816,-0.0578525,0.0251816,-0.0482683,0.999886,-0.0149484,0.001086,-0.00173743,-0.343364,0.197839,-0.258885,0.0784238,-0.0156572,-0.00725106,0.00521265,-0.0155387,0.117073
6.83999,0.999886,-0.0149446,0.00107799,-0.00173834,0.00157913,-0.000517128,-0.000897953,0.0784145,-0.0154955,-0.00750599,0.0054393,-0.0158158,0.0192236,6.85999,0,-0.0239546,-0.0346475,-0.0748454,0.999886,-0.0149367,0.00107532,-0.0017428,-0.0713727,-0.277125,-0.412432,0.0784689,-0.0156537,-0.00731375,0.0054393,-0.0158158,0.11729
6.85999,0.999887,-0.014922,0.00106101,-0.00171803,0.00251123,-0.000383976,0.00176521,0.0785316,-0.0155387,-0.0075954,0.00506717,-0.0156067,0.0185521,6.87999,0.000454503,-0.00947143,0.000454503,0.00714095,0.999887,-0.0149095,0.0010592,-0.00170919,0.043538,-0.00583451,0.0495868,0.0785823,-0.0156948,-0.00740988,0.00506716,-0.0156068,0.116617
6.87999,0.999887,-0.0149085,0.00109565,-0.00171744,0.00117965,0.00387708,-0.00183007,0.0786593,-0.0156191,-0.00760104,0.00541598,-0.0146633,0.0181914,6.89999,0.0101083,-0.0567153,0.0101083,-0.0293525,0.999887,-0.0149026,0.00111489,-0.00172689,-0.334534,0.0748322,-0.154262,0.0787135,-0.0157657,-0.00741913,0.00541588,-0.0146646,0.116215
6.89999,0.999887,-0.0149054,0.00108877,-0.00170863,0.000382654,-0.00185037,0.00204576,0.0786881,-0.0156365,-0.00759132,0.00538052,-0.0145624,0.0182356,6.91999,0,-0.0518278,-0.0115378,0.0241727,0.999887,-0.0149035,0.00107967,-0.00169827,-0.295588,-0.104578,0.143625,0.0787419,-0.0157821,-0.00740896,0.00538052,-0.0145624,0.116302
6.91999,0.999887,-0.0149007,0.00109195,-0.00170262,0.000782137,0.000679639,0.00137998,0.0787163,-0.0156563,-0.00757783,0.00518662,-0.0146337,0.0181876,6.93999,0,-0.0124945,-0.0484007,-0.00857907,0.999887,-0.0148968,0.00109544,-0.00169578,0.0198413,-0.395033,-0.0426301,0.0787682,-0.0158026,-0.00739596,0.00518662,-0.0146337,0.116254
6.93999,0.999887,-0.0148712,0.00109438,-0.00170989,-1.42445e-05,0.000813237,0.00138001,0.0788704,-0.0157446,-0.00757031,0.00533694,-0.0150126,0.0180168,6.95999,0,-0.0348195,-0.00335196,-0.0147138,0.999887,-0.0148712,0.00109855,-0.00170305,-0.159466,-0.0342872,-0.0733118,0.0789238,-0.0158948,-0.00739014,0.00533694,-0.0150126,0.116083
6.95999,0.999887,-0.0148753,0.00111947,-0.00171569,-0.0017453,0.000946401,-0.00128315,0.0789672,-0.0157925,-0.00759676,0.00551299,-0.0153202,0.0180205,6.97999,0,-0.0247385,-0.0188503,-0.0180242,0.999887,-0.014884,0.00112412,-0.00172216,-0.0785404,-0.15793,-0.093048,0.0790224,-0.0159457,-0.00741656,0.00551299,-0.0153202,0.116087
6.97999,0.999887,-0.0148771,0.00112174,-0.00171306,-0.00107673,0.000947388,0.000181652,0.0790173,-0.0158072,-0.00760597,0.00583836,-0.0150279,0.0177537,6.99999,0.00597208,-0.0320727,0.00597208,-0.0108753,0.999887,-0.0148825,0.0011265,-0.00171221,-0.13759,0.0396574,-0.0510113,0.0790757,-0.0159574,-0.00742844,0.0058383,-0.0150287,0.115795
6.99999,0.999888,-0.0148599,0.00112061,-0.00171889,0.000920639,1.52815e-05,-0.000484141,0.0790711,-0.0158293,-0.00760238,0.00579248,-0.0148488,0.0176378,7.01999,0,-0.0274885,-0.0140887,0.0384782,0.999888,-0.0148553,0.00112064,-0.00172132,-0.1013,-0.126603,0.223723,0.0791291,-0.0159778,-0.007426,0.00579248,-0.0148488,0.115704
7.01999,0.999887,-0.0148746,0.00112703,-0.0016759,-0.00267463,0.000814219,0.00124692,0.0792035,-0.0159174,-0.00752765,0.00523205,-0.0144155,0.0181792,7.03999,0,-0.0657594,-0.0327442,-0.0564151,0.999887,-0.014888,0.00113121,-0.00166971,-0.406582,-0.26507,-0.309687,0.0792558,-0.0160616,-0.00734586,0.00523205,-0.0144155,0.116246
7.03999,0.999887,-0.0148639,0.00113894,-0.00167982,0.000254852,-0.00184893,-0.000217827,0.079294,-0.0159861,-0.00744202,0.0048268,-0.0142036,0.0186932,7.05999,0.010778,-0.0145416,0.010778,0.000579585,0.999888,-0.0148627,0.00112967,-0.00168077,0.00242185,0.0768403,0.0134551,0.0793423,-0.0161281,-0.00725509,0.00482669,-0.014205,0.116714
7.05999,0.999887,-0.0148682,0.00113892,-0.00168225,-0.00147467,-0.00011727,-0.000749837,0.0793113,-0.0159822,-0.00744826,0.00485921,-0.0139989,0.0187308,7.07999,0.00354615,0.018744,0.00354615,-0.0358056,0.999887,-0.0148756,0.00113829,-0.00168598,0.269061,0.0237733,-0.190661,0.0793599,-0.0161222,-0.00726095,0.00485917,-0.0139994,0.116782
7.07999,0.999888,-0.014856,0.00113661,-0.00169301,0.00078901,-0.000516739,-0.000483519,0.0793499,-0.0159809,-0.00744977,0.0050585,-0.0139816,0.0185828,7.09999,0,-0.0556389,-0.0121627,-0.000575532,0.999888,-0.0148521,0.00113398,-0.0016954,-0.326236,-0.107054,0.00487687,0.0794005,-0.0161207,-0.00726395,0.0050585,-0.0139816,0.116649
7.09999,0.999885,-0.0150188,0.00112845,-0.00169205,-0.0336964,-0.000116901,-0.000350336,0.0794456,-0.0158868,-0.00752601,0.00489369,-0.0115499,0.0205592,7.11999,0.00703158,-0.0187327,0.00703158,-0.0112898,0.999883,-0.0151873,0.00112813,-0.0016936,-0.0297188,0.0483238,-0.0532697,0.0794945,-0.0160023,-0.00732042,0.00489362,-0.0115508,0.118596
7.11999,0.999886,-0.0149586,0.00117182,-0.00166754,0.0022563,0.000282528,0.00111441,0.0795346,-0.0157261,-0.00756978,0.00518977,-0.0118607,0.0186759,7.13999,0.0482974,-0.0239764,0.0482974,-0.0121312,0.999886,-0.0149473,0.0011733,-0.001662,-0.0728339,0.378107,-0.0547147,0.0795865,-0.0158447,-0.00738302,0.00518928,-0.0118668,0.116537
7.13999,0.999886,-0.0149518,0.00116801,-0.00165581,-0.00107026,-0.000249086,-8.3949e-05,0.079571,-0.015682,-0.00757785,0.00544592,-0.0131431,0.018704,7.15999,0.0202203,-0.0270029,0.0202203,0.0434229,0.999886,-0.0149572,0.00116676,-0.0016562,-0.0972387,0.146862,0.253916,0.0796255,-0.0158134,-0.00739081,0.00544572,-0.0131457,0.116685
7.15999,0.999886,-0.0149549,0.00116823,-0.00164946,-0.00120342,-0.000115928,0.00151395,0.0795922,-0.0156726,-0.00757558,0.00569202,-0.013849,0.0185833,7.17999,0,-0.0285499,-0.0201153,-0.06302,0.999886,-0.0149609,0.00116777,-0.00164187,-0.10819,-0.163063,-0.34553,0.0796491,-0.0158111,-0.00738974,0.00569202,-0.013849,0.11665
7.17999,0.999886,-0.0149636,0.00118652,-0.00164382,-0.000135775,-0.000248835,0.00151398,0.0797086,-0.0156137,-0.00763542,0.0058878,-0.0142886,0.0180517,7.19999,0.0222933,-0.0613465,0.0222933,-0.0109388,0.999886,-0.0149643,0.00118539,-0.00163623,-0.371459,0.169358,-0.0506048,0.0797675,-0.0157566,-0.0074549,0.00588757,-0.0142915,0.116023
7.19999,0.999887,-0.0149281,0.00117511,-0.00161404,0.000530016,-0.00251252,0.0027124,0.079798,-0.0155584,-0.00767672,0.00536132,-0.0133373,0.0178427,7.21999,0.0172752,-0.0420747,0.0172752,-0.0456005,0.999887,-0.0149255,0.00116274,-0.0016003,-0.217177,0.133707,-0.245147,0.0798516,-0.0156918,-0.00749829,0.00536114,-0.0133395,0.115836
7.21999,0.999887,-0.0149243,0.00117571,-0.00161333,0.000530203,1.71349e-05,0.000180245,0.0798195,-0.015546,-0.00767779,0.00521721,-0.0129673,0.0179505,7.23999,0,-0.0640997,-0.0159243,0.000961587,0.999887,-0.0149216,0.00117581,-0.00161243,-0.39341,-0.137707,0.0126463,0.0798716,-0.0156757,-0.00749828,0.00521721,-0.0129673,0.116017
7.23999,0.999887,-0.0149306,0.00118321,-0.00161984,-2.43064e-06,0.00214766,4.70864e-05,0.0798834,-0.0155117,-0.00765664,0.00514119,-0.0123835,0.0178515,7.25999,0.0175843,-0.0195291,0.0175843,-0.0253943,0.999887,-0.0149306,0.00119395,-0.00161977,-0.0368373,0.133979,-0.131786,0.0799348,-0.0156356,-0.00747812,0.005141,-0.0123857,0.115843
7.25999,0.999887,-0.0148879,0.00119158,-0.00158965,0.00172861,-0.0021134,0.00364235,0.0799706,-0.0154669,-0.0076217,0.00546288,-0.0124,0.0179592,7.27999,0,-0.0285981,-0.0177932,-0.00850097,0.999887,-0.0148792,0.00118127,-0.00157129,-0.109421,-0.151207,-0.0403777,0.0800252,-0.0155909,-0.00744211,0.00546288,-0.0124,0.116026
7.27999,0.999887,-0.0148934,0.00120517,-0.00158002,-0.00133167,-0.000382012,0.00111238,0.0800704,-0.0153952,-0.00767357,0.00595479,-0.0129339,0.0173304,7.29999,0,-0.0230595,-0.0476284,-0.0795553,0.999887,-0.0149001,0.00120335,-0.00157442,-0.0644836,-0.381394,-0.44078,0.0801299,-0.0155245,-0.00750027,0.00595479,-0.0129339,0.115397
7.29999,0.999887,-0.014894,0.00120092,-0.00157885,-0.000532731,-0.00118096,0.000313426,0.0800993,-0.0153855,-0.00767709,0.0060765,-0.0129298,0.0173325,7.31999,0.00235911,-0.0124614,0.00235911,-0.0330166,0.999887,-0.0148967,0.00119504,-0.00157719,0.0196852,0.013046,-0.175923,0.0801601,-0.0155148,-0.00750377,0.00607648,-0.0129301,0.115389
7.31999,0.999887,-0.0148847,0.00120334,-0.00157827,-0.000264046,-0.00131302,4.71722e-05,0.0801776,-0.0153367,-0.00770044,0.00634173,-0.0131655,0.017294,7.33999,0,-0.0329604,-0.0178471,0.020524,0.999887,-0.014886,0.00119678,-0.00157794,-0.144657,-0.155239,0.122042,0.0802411,-0.0154683,-0.0075275,0.00634173,-0.0131655,0.11536
7.33999,0.999887,-0.0148841,0.00122808,-0.00156262,4.13498e-06,-0.000513738,0.00350931,0.0802837,-0.0152572,-0.00775879,0.00636219,-0.0125871,0.0178637,7.35999,0,-0.0197154,-0.0235043,-0.00472739,0.999887,-0.0148841,0.00122577,-0.00154504,-0.0383491,-0.197517,-0.0198186,0.0803473,-0.0153831,-0.00758016,0.00636219,-0.0125871,0.11593
7.35999,0.999888,-0.0148339,0.00126555,-0.00155374,0.00160202,0.0018831,0.000712986,0.080408,-0.0151619,-0.0078356,0.00599061,-0.0125273,0.0177959,7.37999,0,-0.00455254,-0.0235276,0.00413174,0.999888,-0.0148258,0.00127501,-0.00155032,0.0824702,-0.198868,0.0298468,0.0804679,-0.0152872,-0.00765764,0.00599061,-0.0125273,0.115862
7.37999,0.999888,-0.0148147,0.00126779,-0.00155114,0.00439835,0.000418365,0.000712975,0.0804329,-0.0151493,-0.0078396,0.00586824,-0.0123121,0.0177856,7.39999,0.00946622,-0.0210801,0.00946622,-0.0332709,0.999889,-0.0147927,0.0012699,-0.00154764,-0.049982,0.0692689,-0.176981,0.0804916,-0.0152724,-0.00766175,0.00586814,-0.0123133,0.115812
7.39999,0.999888,-0.0148019,0.00126945,-0.00155066,0.00280045,0.000285199,0.000180353,0.0804585,-0.015138,-0.00783979,0.00602853,-0.0122281,0.0177576,7.41999,0,-0.0544147,-0.031789,-0.0247081,0.999889,-0.0147879,0.00127087,-0.0015498,-0.31648,-0.262165,-0.132708,0.0805188,-0.0152602,-0.00766221,0.00602853,-0.0122281,0.115824
7.41999,0.999889,-0.0147816,0.00127508,-0.00154227,0.00226781,-0.000247433,0.00297668,0.0805736,-0.0151206,-0.00780273,0.00591709,-0.0122232,0.0179167,7.43999,0,0.0130774,-0.0252852,0.00231892,0.999889,-0.0147703,0.00127405,-0.00152739,0.223101,-0.212568,0.0196181,0.0806327,-0.0152429,-0.00762356,0.00591709,-0.0122232,0.115983
7.43999,0.999889,-0.0147593,0.0013067,-0.00152728,0.000803065,0.00414679,0.0025772,0.0806868,-0.0151366,-0.00770913,0.00603834,-0.0118987,0.0175774,7.45999,0.0170252,-0.0149058,0.0170252,-0.0180539,0.999889,-0.0147553,0.00132762,-0.00151471,-0.00122704,0.127687,-0.0912431,0.0807471,-0.0152556,-0.00753336,0.00603815,-0.0119009,0.115571
7.45999,0.999889,-0.0147443,0.00131134,-0.00153696,0.00240345,-0.000380233,-0.000618573,0.0807414,-0.0150945,-0.00774893,0.00618958,-0.0118065,0.017474,7.47999,0,-0.00901446,-0.012063,0.00556304,0.999889,-0.0147323,0.00130937,-0.00154004,0.0459218,-0.10775,0.0386932,0.0808033,-0.0152126,-0.00757419,0.00618958,-0.0118065,0.11554
7.47999,0.999889,-0.0147435,0.00130083,-0.00152991,0.000539237,-0.00211128,0.00177828,0.0807991,-0.0150596,-0.00776933,0.00611766,-0.0113742,0.0178337,7.49999,0,0.00491692,-0.0142617,0.036223,0.999889,-0.0147408,0.0012904,-0.00152087,0.156986,-0.128692,0.210246,0.0808602,-0.0151733,-0.00759099,0.00611766,-0.0113742,0.1159
7.49999,0.999889,-0.0147379,0.00129919,-0.0015283,-0.000925499,0.00308188,-8.59422e-05,0.0808785,-0.0150176,-0.00776404,0.00579556,-0.0110614,0.0176739,7.51999,0,-0.0197475,-0.0413223,-0.0234274,0.999889,-0.0147425,0.0013146,-0.00152895,-0.0394666,-0.338401,-0.126186,0.0809365,-0.0151283,-0.0075873,0.00579556,-0.0110614,0.11574
7.51999,0.99989,-0.0146957,0.001334,-0.00152077,0.00107187,0.00121767,0.00164512,0.0810262,-0.0149857,-0.00768718,0.00589298,-0.0108353,0.0173748,7.53999,0,-0.0472693,-0.0299774,0.0498537,0.99989,-0.0146903,0.0013402,-0.00151264,-0.261046,-0.256871,0.284822,0.0810851,-0.0150941,-0.00751343,0.00589298,-0.0108353,0.115441
7.53999,0.99989,-0.0146731,0.00134125,-0.00151606,0.00120754,0.00161792,0.000579862,0.0810898,-0.0149394,-0.00770602,0.00500829,-0.0111665,0.0176808,7.55999,0.0703658,-0.0157391,0.0703658,-0.0354598,0.99989,-0.014667,0.00134937,-0.00151328,-0.00936667,0.556141,-0.184427,0.0811399,-0.0150511,-0.00752921,0.00500748,-0.0111753,0.115448
7.55999,0.99989,-0.0146701,0.0013419,-0.00150809,0.000408586,2.0023e-05,0.0020446,0.0811052,-0.0149194,-0.00772,0.00488023,-0.0110251,0.0176934,7.57999,0,-0.00467651,-0.0267615,-0.00441402,0.99989,-0.0146681,0.00134215,-0.00149787,0.0802787,-0.224338,-0.0185074,0.081154,-0.0150297,-0.00754307,0.00488023,-0.0110251,0.11576
7.57999,0.99989,-0.0146644,0.00137035,-0.0015181,-0.00105615,0.00428108,-0.000884877,0.0811785,-0.0148521,-0.00771152,0.00467942,-0.0106907,0.018191,7.59999,0.000817976,-0.0243656,0.000817976,-0.0291301,0.99989,-0.0146697,0.00139169,-0.00152283,-0.0773635,-0.00129028,-0.154735,0.0812253,-0.014959,-0.00752961,0.00467941,-0.0106908,0.116254
7.59999,0.99989,-0.0146651,0.00138401,-0.0015108,0.00107681,0.000420276,-8.59235e-05,0.0812468,-0.014786,-0.00768975,0.00442537,-0.0106758,0.0188535,7.61999,0.00370038,-0.0313018,0.00370038,-0.0400228,0.99989,-0.0146597,0.00138609,-0.00151127,-0.13282,0.0228593,-0.215592,0.0812911,-0.0148928,-0.00750122,0.00442533,-0.0106762,0.116904
7.61999,0.99989,-0.0146579,0.00138457,-0.00151032,0.00147629,2.08042e-05,0.000180392,0.0812537,-0.0147618,-0.00770114,0.0040774,-0.0105461,0.0186955,7.63999,0.0149005,-0.0157243,0.0149005,0.0114997,0.999891,-0.0146505,0.00138468,-0.00150943,-0.00886021,0.106579,0.0739478,0.0812945,-0.0148672,-0.00751419,0.00407722,-0.0105479,0.116699
7.63999,0.99989,-0.0147216,0.00138101,-0.00150755,-0.0162337,-0.00104445,0.000712996,0.0812579,-0.0147362,-0.00769918,0.00367809,-0.00949705,0.0211101,7.65999,0.00892035,-0.0176499,0.00892035,-0.0233143,0.999888,-0.0148028,0.00137596,-0.0015038,-0.023316,0.0628449,-0.121508,0.0812947,-0.0148312,-0.00748808,0.00367798,-0.00949817,0.119139
7.65999,0.99989,-0.0146982,0.00138578,-0.00150826,0.00320734,0.000287109,0.000979329,0.0812711,-0.0146365,-0.00769686,0.0038,-0.00825464,0.0179956,7.67999,0.00536311,-0.0262061,0.00536311,0.0543825,0.99989,-0.0146821,0.00138726,-0.00150341,-0.0929241,0.0251235,0.313177,0.0813091,-0.0147191,-0.0075169,0.00379993,-0.00825531,0.116039
7.67999,0.99989,-0.0147197,0.00136097,-0.00151127,-0.00158388,0.000820443,0.00111251,0.0812833,-0.0144086,-0.0078004,0.00357597,-0.00948917,0.018166,7.69999,0,-0.014,-0.0466938,0.00204029,0.999889,-0.0147276,0.00136517,-0.00150576,0.00617152,-0.384794,0.0159217,0.0813191,-0.0145034,-0.00761874,0.00357597,-0.00948917,0.116232
7.69999,0.99989,-0.0147119,0.00136171,-0.00150982,-0.000252299,2.14964e-05,-0.000618546,0.0812823,-0.0143264,-0.00783977,0.00340466,-0.0100808,0.0177721,7.71999,0.00096079,-0.0274423,0.00096079,-0.0170887,0.99989,-0.0147131,0.00136178,-0.00151291,-0.101707,-0.00152275,-0.0873658,0.0813164,-0.0144272,-0.00766205,0.00340465,-0.0100809,0.115835
7.71999,0.99989,-0.0147164,0.00136865,-0.00151261,-0.00145072,0.00161939,-0.000618544,0.0812834,-0.0143068,-0.0078462,0.00340627,-0.0100845,0.0177898,7.73999,0,-0.00790849,-0.0302025,-0.0667556,0.999889,-0.0147236,0.00137671,-0.00151581,0.0552466,-0.244749,-0.367892,0.0813175,-0.0144076,-0.0076683,0.00340627,-0.0100845,0.115856
7.73999,0.99989,-0.0146901,0.00136325,-0.00148389,0.00147876,-0.00170956,0.00204462,0.0812798,-0.0142337,-0.00780207,0.00257458,-0.00935278,0.018476,7.75999,0.0184829,-0.0232785,0.0184829,0.00258792,0.99989,-0.0146827,0.00135484,-0.00147355,-0.0689874,0.136365,0.0241396,0.0813055,-0.0143272,-0.00761731,0.00257436,-0.00935509,0.116464
7.75999,0.99989,-0.014666,0.00137605,-0.00147024,0.000946124,-0.000377984,0.00164514,0.0812666,-0.0141946,-0.00769196,0.00213674,-0.00858778,0.0184295,7.77999,0,-0.0213048,-0.00484756,0.0317086,0.999891,-0.0146613,0.00137427,-0.00146199,-0.0534706,-0.0537473,0.185214,0.0812879,-0.0142804,-0.00750767,0.00213674,-0.00858778,0.116496
7.77999,0.99989,-0.0146737,0.00140059,-0.00146849,-0.00064905,0.00281842,-0.000884852,0.0812451,-0.014114,-0.00772268,0.00198724,-0.00838478,0.0183763,7.79999,0,-0.0174546,-0.0133714,-0.0114692,0.99989,-0.0146769,0.00141462,-0.00147312,-0.0219827,-0.11702,-0.0572352,0.0812649,-0.0141979,-0.00753891,0.00198724,-0.00838478,0.116443
7.79999,0.99989,-0.0146771,0.00140484,-0.00147286,-0.00118168,0.000954211,-0.00101801,0.0812342,-0.0140773,-0.00773158,0.00192551,-0.00835699,0.0182821,7.81999,0.0091818,-0.0833567,0.0091818,0.014663,0.99989,-0.014683,0.00140955,-0.00147801,-0.550063,0.0595445,0.0904206,0.0812535,-0.0141609,-0.00754876,0.0019254,-0.00835813,0.11631
7.81999,0.99989,-0.0146931,0.00138287,-0.00145189,0.000149906,-0.000910005,-8.59012e-05,0.0811721,-0.013942,-0.00770239,0.00103688,-0.00843388,0.0191577,7.83999,0.0115764,-0.0404763,0.0115764,-0.0377301,0.99989,-0.0146924,0.00137831,-0.00145226,-0.206135,0.0855205,-0.202509,0.0811825,-0.0140263,-0.00751081,0.00103674,-0.00843532,0.117175
7.83999,0.99989,-0.0146935,0.00137455,-0.00145603,-0.00131483,-0.00144264,0.00137883,0.0810877,-0.0138661,-0.00754042,0.000177524,-0.00886224,0.0196085,7.85999,0.026637,0.0208634,0.026637,-0.0156983,0.99989,-0.0147001,0.00136745,-0.00144903,0.284218,0.204172,-0.0774004,0.0810895,-0.0139547,-0.00734434,0.000177208,-0.00886557,0.117562
7.85999,0.99989,-0.0146873,0.00136492,-0.00145699,0.000552194,-0.00157502,0.000713068,0.0810302,-0.0137867,-0.00755248,5.26056e-05,-0.00849129,0.0196058,7.87999,0.00764436,-0.049582,0.00764436,-0.0474071,0.99989,-0.0146846,0.00135709,-0.00145331,-0.278966,0.0552472,-0.257061,0.0810307,-0.0138716,-0.00735642,5.25154e-05,-0.00849225,0.11764
7.87999,0.99989,-0.0146833,0.00136176,-0.00145751,0.000685364,-0.000909228,-8.58808e-05,0.081002,-0.0137494,-0.00755045,-8.9125e-05,-0.00842174,0.0197588,7.89999,0,0.0246784,-0.0080778,0.0191494,0.99989,-0.0146799,0.00135721,-0.00145788,0.314696,-0.0774654,0.114906,0.0810011,-0.0138336,-0.00735286,-8.9125e-05,-0.00842174,0.117825
7.89999,0.999891,-0.014665,0.00133858,-0.00144717,0.0014843,-0.000909235,-0.00101798,0.0808584,-0.0135919,-0.00747719,-0.00056874,-0.00760381,0.0196453,7.91999,0,0.00719693,-0.0465654,0.0898257,0.999891,-0.0146576,0.00133395,-0.0014522,0.173861,-0.393591,0.507261,0.0808527,-0.013668,-0.00728073,-0.00056874,-0.00760381,0.117712
7.91999,0.99989,-0.0146683,0.00135279,-0.00145698,-0.00157574,-0.000509215,-0.000219023,0.0806908,-0.0134076,-0.00740842,-0.00142104,-0.00716723,0.0195605,7.93999,0.0200297,-0.00846415,0.0200297,-0.0155301,0.99989,-0.0146762,0.00135024,-0.00145803,0.0495332,0.151125,-0.0772215,0.0806765,-0.0134793,-0.00721281,-0.00142128,-0.00716973,0.117542
7.93999,0.999891,-0.0146572,0.00136145,-0.00145023,0.002419,0.00202079,0.00177835,0.0806523,-0.0133572,-0.00741281,-0.00132259,-0.00717096,0.0194571,7.95999,0.00573762,-0.0391582,0.00573762,0.0170618,0.999891,-0.0146451,0.00137167,-0.00144151,-0.196336,0.0325595,0.103822,0.0806391,-0.0134289,-0.00721824,-0.00132266,-0.00717167,0.117499
7.95999,0.999891,-0.0146552,0.00136423,-0.00144551,0.000155319,0.000556042,0.00124571,0.0806112,-0.0132856,-0.00745824,-0.00141926,-0.00705537,0.0192361,7.97999,0,0.0015764,-0.00372676,-0.00550075,0.999891,-0.0146544,0.0013671,-0.00143933,0.129952,-0.0400613,-0.023,0.080597,-0.0133562,-0.00726588,-0.00141926,-0.00705537,0.117303
7.97999,0.999891,-0.0146429,0.00136199,-0.0014541,0.000423596,-0.000642073,-0.00155063,0.0803649,-0.0129041,-0.00762308,-0.0021472,-0.00627383,0.0196345,7.99999,0,0.00587287,-0.0387178,0.0429712,0.999891,-0.0146408,0.00135866,-0.00146181,0.163905,-0.325551,0.245612,0.0803434,-0.0129668,-0.00742674,-0.0021472,-0.00627383,0.117701
7.99999,0.999891,-0.0146552,0.00140426,-0.00145175,2.41142e-05,0.00175477,0.000313585,0.0802388,-0.0127328,-0.00762825,-0.00199763,-0.00545427,0.0201063,8.01999,0,-0.0278318,-0.00529501,-0.0623844,0.999891,-0.0146551,0.00141305,-0.00145031,-0.104901,-0.0465722,-0.341857,0.0802188,-0.0127874,-0.00742719,-0.00199763,-0.00545427,0.118173
8.01999,0.99989,-0.0146754,0.00142125,-0.00145855,0.000290424,0.00175476,-0.00274905,0.0801235,-0.0125663,-0.00758828,-0.00187878,-0.0048854,0.0204314,8.03999,0.0282935,-0.0494233,0.0282935,-0.0425189,0.99989,-0.0146739,0.00142982,-0.00147242,-0.278084,0.219397,-0.228001,0.0801047,-0.0126151,-0.00738397,-0.00187913,-0.00488894,0.118378
8.03999,0.99989,-0.0146703,0.00141779,-0.00147507,0.000956221,-0.000908386,-0.00408063,0.0800862,-0.012513,-0.00756315,-0.00206977,-0.0046789,0.0207167,8.05999,0,-0.027938,-0.0451874,0.00726666,0.99989,-0.0146655,0.00141294,-0.00149541,-0.105835,-0.373968,0.0450032,0.0800655,-0.0125598,-0.00735598,-0.00206977,-0.0046789,0.118783
8.05999,0.999893,-0.0144933,0.00143072,-0.00146664,0.0223947,-0.000375756,0.00137886,0.0798842,-0.0122709,-0.00746503,-0.00278141,-0.00672242,0.0178143,8.07999,0.0268558,-0.00557226,0.0268558,-0.0125644,0.999894,-0.0143813,0.00142878,-0.00145988,0.0711489,0.204774,-0.0600086,0.0798564,-0.0123382,-0.00728689,-0.00278174,-0.00672573,0.115767
8.08,0.999913,-0.0130251,0.00136989,-0.00142571,0.103623,-0.00756589,4.71361e-05,0.07965,-0.0124133,-0.00778335,-0.00427557,-0.0310145,0.00352835,8.1,0.017882,0.00114429,0.017882,-0.0152093,0.99992,-0.0125071,0.00133132,-0.00142569,0.113289,0.133685,-0.0758697,0.0796072,-0.0127235,-0.00774807,-0.00427579,-0.0310165,0.101519
8.1,0.999919,-0.0126021,0.00133667,-0.00142859,0.105487,-0.00823203,-0.000618518,0.0795948,-0.0126065,-0.00791989,-0.00494622,-0.0395541,-0.00125703,8.12,0.00459681,-0.0367404,0.00459681,0.0130805,0.999925,-0.0120747,0.00129472,-0.00143187,-0.193353,0.0243477,0.0812884,0.0795454,-0.0130021,-0.00793246,-0.00494627,-0.0395546,0.0967899
8.12,0.999924,-0.0122099,0.00131362,-0.00143101,0.0977642,-0.00570164,-0.00048515,0.0795332,-0.0128687,-0.00809433,-0.00599593,-0.0474727,-0.00702646,8.14,0.00070427,0.00324833,0.00070427,0.00682737,0.999929,-0.0117211,0.00128438,-0.00143373,0.123581,-0.00550464,0.0463158,0.0794732,-0.0133434,-0.00816459,-0.00599594,-0.0474728,0.091037
8.14,0.999947,-0.0101504,0.00117278,-0.00137037,0.128524,-0.00863134,0.00310993,0.0791247,-0.0148531,-0.00978872,-0.0099987,-0.0667577,-0.0482413,8.16,0.0237683,0.00352018,0.0237683,-0.0354375,0.999953,-0.00950788,0.0011289,-0.00135513,0.109361,0.183679,-0.189398,0.0790248,-0.0155207,-0.0102711,-0.00999894,-0.0667597,0.0497241
8.16,0.999976,-0.00675789,0.000859947,-0.00136011,0.171267,-0.0200825,0.000446602,0.0785769,-0.0174389,-0.0134202,-0.0135408,-0.0820109,-0.103178,8.18,0,0.0305813,-0.021042,-0.0223062,0.999981,-0.00590171,0.000758388,-0.00135793,0.299039,-0.173666,-0.117951,0.0784415,-0.018259,-0.014452,-0.0135408,-0.0820109,-0.00511107
8.18,0.999984,-0.00551808,0.000700023,-0.00134041,0.148367,-0.0202155,0.00457456,0.0783084,-0.0185715,-0.0156202,-0.014789,-0.0825605,-0.127981,8.2,0.0203595,-0.0226895,0.0203595,0.0210013,0.999988,-0.00477637,0.000598078,-0.0013175,-0.137735,0.156107,0.125647,0.0781605,-0.0193971,-0.0169001,-0.0147891,-0.0825615,-0.0300015
8.2,0.999987,-0.00498103,0.000625741,-0.00133345,0.133986,-0.0184841,0.00177852,0.0781691,-0.0191266,-0.0168642,-0.0151307,-0.0792389,-0.140774,8.22,0,-0.00612862,-0.0553022,-0.0565576,0.99999,-0.00431122,0.000532473,-0.00132451,-0.00843264,-0.445214,-0.310838,0.0780178,-0.0199189,-0.0182719,-0.0151307,-0.0792389,-0.0427072
8.22,0.999998,-0.00168262,0.000286771,-0.00130277,0.139845,-0.0152888,0.000846546,0.0773781,-0.0215036,-0.0264933,-0.0124652,-0.0399394,-0.222939,8.24,0,0.0019649,-0.0494031,0.0180032,0.999999,-0.000983492,0.000209423,-0.0012986,0.029635,-0.397737,0.107641,0.0772535,-0.021903,-0.0287226,-0.0124652,-0.0399394,-0.124873
8.24,0.999999,1.26357e-05,-5.75866e-05,-0.00131163,0.0386482,-0.0151546,-0.00208332,0.0768105,-0.021914,-0.0377919,-0.0115326,0.00290788,-0.296772,8.26,0.0119532,0.0343284,0.0119532,0.000352891,0.999999,0.000205778,-0.000133613,-0.00132204,0.2744,0.0964462,0.00930456,0.0766952,-0.0218849,-0.0407596,-0.0115326,0.00290788,-0.198757
8.26,0.999999,0.000105153,-8.80663e-05,-0.00130952,0.0228024,-0.00769769,0.000579966,0.0766962,-0.0217377,-0.0404738,-0.0108383,0.0156032,-0.311962,8.28,0.0132495,-0.00132649,0.0132495,-0.0206323,0.999999,0.000219114,-0.000126704,-0.00130662,-0.0116062,0.106669,-0.108217,0.0765878,-0.0215816,-0.0435934,-0.0108383,0.0156032,-0.213952
8.28,0.999999,0.00014493,-0.000106234,-0.00130049,0.00961973,-0.00463509,0.00231095,0.0765899,-0.021459,-0.0432713,-0.00971654,0.0290509,-0.327275,8.3,0.0521726,0.00570571,0.0521726,-0.0247767,0.999999,0.000192997,-0.000129474,-0.00128893,0.0439243,0.41826,-0.131525,0.0764927,-0.0211685,-0.046544,-0.00971649,0.029051,-0.229431
8.3,0.999999,-0.000506115,-0.000146116,-0.00128035,-0.0696093,-0.00530089,-0.00061853,0.0761609,-0.0168183,-0.0662869,-0.00135711,0.106887,-0.436167,8.32,0.0165552,-0.0231219,0.0165552,-0.0509038,0.999999,-0.000854194,-0.000172176,-0.00128348,-0.181162,0.133578,-0.277837,0.0761473,-0.0157494,-0.0706486,-0.00135709,0.106887,-0.338171
8.32,0.999996,-0.00238277,-0.000137315,-0.00125932,-0.141778,0.00575053,0.00137851,0.0760849,-0.012346,-0.0823649,-0.000747943,0.146319,-0.491065,8.34,0,-0.0214585,-0.0157694,-0.0139819,0.999994,-0.00309162,-0.000107654,-0.00125259,-0.15247,-0.125006,-0.0714435,0.0760775,-0.0108828,-0.0872755,-0.000747943,0.146319,-0.392999
8.34,0.999995,-0.00298406,-0.000112757,-0.00126383,-0.1507,0.00588374,-0.00101801,0.0760714,-0.0110351,-0.0866282,-2.39609e-05,0.156119,-0.503164,8.36,0.00987917,0.00491164,0.00987917,0.0201714,0.999992,-0.00373752,-8.24013e-05,-0.00126909,0.0630774,0.0795029,0.120197,0.0760712,-0.00947388,-0.0916599,-2.39518e-05,0.156119,-0.40514
8.36,0.99999,-0.00420372,-2.4699e-05,-0.00125325,-0.152298,0.012142,0.00151222,0.0760648,-0.00820406,-0.0954045,0.00158789,0.172847,-0.524539,8.38,0,0.0363715,-0.00825959,-0.0216137,0.999987,-0.00496512,3.69965e-05,-0.00124597,0.324646,-0.0647872,-0.114223,0.0760807,-0.00647559,-0.10065,0.00158789,0.172847,-0.426473
8.38,0.999973,-0.00728305,0.000151734,-0.00125995,-0.162681,0.00628115,0.000846052,0.0762616,-0.000319816,-0.118726,0.00624815,0.187895,-0.565419,8.4,0.0241618,0.00152706,0.0241618,-0.00755669,0.999966,-0.00809639,0.000184195,-0.00125582,0.0702275,0.192531,-0.0342761,0.0763241,0.00155913,-0.12438,0.00624812,0.187893,-0.467455
8.4,0.999956,-0.00931702,0.00025491,-0.00126193,-0.172534,0.0109414,0.00231052,0.0764679,0.00452063,-0.133386,0.00635971,0.186197,-0.582081,8.42,0.0139469,-0.0220923,0.0139469,0.0339901,0.999947,-0.0101796,0.000310811,-0.00125067,-0.102473,0.106776,0.198093,0.0765315,0.0063826,-0.139207,0.00635968,0.186196,-0.484074
8.42,0.999949,-0.0100021,0.000306314,-0.00126397,-0.171735,0.0126728,-0.000352272,0.076535,0.00611455,-0.13834,0.00619765,0.185071,-0.586625,8.44,0,-0.0138674,-0.0301255,0.00135328,0.99994,-0.0108607,0.000370743,-0.0012661,-0.0306593,-0.24369,0.0129412,0.0765969,0.00796526,-0.144206,0.00619765,0.185071,-0.488558
8.44,0.999923,-0.012368,0.000499814,-0.00125453,-0.128992,0.0112081,0.000979132,0.0768012,0.0123197,-0.158372,0.00639197,0.174915,-0.598677,8.46,0.0357938,-0.00443921,0.0357938,0.0073358,0.999914,-0.0130128,0.000556719,-0.00125001,0.0629772,0.281562,0.0505646,0.0768651,0.0140689,-0.164359,0.00639181,0.174911,-0.500763
8.46,0.999898,-0.0142226,0.000674844,-0.00124187,-0.0722664,0.00681371,-0.00208316,0.0771312,0.0191285,-0.183599,0.00557484,0.140341,-0.602474,8.48,0.00574511,-0.0220264,0.00574511,0.000229132,0.999893,-0.0145838,0.00070921,-0.00125253,-0.0625006,0.040314,0.00861004,0.077187,0.020532,-0.189624,0.0055748,0.140341,-0.504432
8.48,0.999887,-0.0149679,0.000784182,-0.00126052,-0.0304445,0.00734273,-0.000485447,0.0774384,0.0236991,-0.203821,0.00410638,0.110375,-0.600364,8.5,0.0165377,-0.0188993,0.0165377,-0.066047,0.999885,-0.01512,0.000821047,-0.00126338,-0.0314858,0.133747,-0.361477,0.0774794,0.0248029,-0.209824,0.00410626,0.110373,-0.502368
8.5,0.999886,-0.0150429,0.000810279,-0.00125904,-0.0195255,0.00667692,0.000579959,0.0775291,0.0247534,-0.208882,0.00362753,0.103894,-0.599396,8.52,0.0136561,-0.0429424,0.0136561,0.0352886,0.999884,-0.0151405,0.000843826,-0.00125656,-0.22372,0.0980858,0.205588,0.0775654,0.0257924,-0.214876,0.00362743,0.103892,-0.501387
8.52001,0.999889,-0.0148266,0.000861291,-0.00125426,0.0337377,0.00121748,0.00457458,0.0778452,0.0284242,-0.228954,0.00168313,0.0797671,-0.593415,8.54001,0,-0.0359511,-0.0223323,-0.0055218,0.999891,-0.0146579,0.000867505,-0.00123163,-0.16881,-0.185228,-0.0259288,0.077862,0.0292218,-0.234888,0.00168313,0.0797671,-0.495348
8.54001,0.999902,-0.0138916,0.000832633,-0.00124932,0.0691578,-0.00117941,0.000446691,0.0780839,0.0312969,-0.248695,-0.000322933,0.0586613,-0.584884,8.56001,0.0120355,0.0140342,0.0120355,0.00114525,0.999907,-0.0135459,0.000826335,-0.00124729,0.223249,0.089628,0.0144095,0.0780807,0.0318835,-0.254543,-0.00032302,0.0586599,-0.486868
8.56001,0.999915,-0.0129718,0.000838352,-0.00124633,0.0774252,0.000148601,-0.000352121,0.0783515,0.0334908,-0.263327,-0.00100795,0.0504461,-0.578014,8.58001,0.0189855,0.0219442,0.0189855,-0.00515992,0.99992,-0.0125847,0.000838589,-0.00124843,0.279113,0.145921,-0.0204345,0.0783415,0.0339953,-0.269108,-0.00100809,0.0504441,-0.480029
8.58001,0.999919,-0.012655,0.000835731,-0.00125357,0.078091,-0.000251078,-0.00155066,0.0784345,0.0341789,-0.268155,-0.00122142,0.0498535,-0.575413,8.60001,0,-0.0182327,-0.0195751,-0.0281288,0.999924,-0.0122646,0.000833888,-0.00126163,-0.0443017,-0.160604,-0.151966,0.0784223,0.0346774,-0.273909,-0.00122142,0.0498535,-0.477346
8.60001,0.999935,-0.011295,0.00074412,-0.00124954,0.0836836,-0.00477837,-0.00128423,0.0787455,0.0369205,-0.28721,-0.0016868,0.0554653,-0.565581,8.62001,0,0.0149289,-0.0123585,-0.0204437,0.99994,-0.0108766,0.000719634,-0.001256,0.209993,-0.102816,-0.108202,0.0787286,0.0374752,-0.292866,-0.0016868,0.0554653,-0.467514
8.62001,0.99995,-0.0098733,0.000614105,-0.00125938,0.0563862,-0.00650939,0.000579969,0.0790684,0.0407253,-0.310445,-0.00226985,0.0754592,-0.551892,8.64001,0,-0.0225494,-0.040967,-0.0175256,0.999953,-0.00959142,0.000581233,-0.00125633,-0.101,-0.331469,-0.0934374,0.0790457,0.0414798,-0.315964,-0.00226985,0.0754592,-0.453826
8.64001,0.999955,-0.00936827,0.000578261,-0.00124751,0.0294883,-0.00065036,0.00124574,0.0793017,0.0435017,-0.323956,-0.000734391,0.0944751,-0.543159,8.66001,0.000437694,-0.00731139,0.000437694,0.0532299,0.999957,-0.00922083,0.000574884,-0.00124134,0.0160988,-0.00518036,0.30505,0.0792943,0.0444464,-0.329388,-0.000734394,0.0944751,-0.445095
8.66001,0.999956,-0.00927222,0.000568153,-0.00124882,0.0228358,-0.00211879,-8.6024e-05,0.0794169,0.0445693,-0.328337,-2.55125e-05,0.101623,-0.540077,8.68001,0,-0.00257599,-0.00374378,-0.0315397,0.999957,-0.00915806,0.000557413,-0.00124922,0.0537138,-0.032178,-0.169827,0.0794166,0.0455855,-0.333738,-2.55125e-05,0.101623,-0.44201
8.68001,0.999955,-0.00936113,0.000505537,-0.00124897,-0.0246993,9.90348e-06,-0.00155085,0.0801283,0.0508292,-0.349612,0.00275685,0.139346,-0.524937,8.70001,0,-0.0103192,-0.0262622,0.0173652,0.999954,-0.00948463,0.000505668,-0.00125666,-0.00750998,-0.215533,0.102825,0.0801558,0.0522227,-0.354861,0.00275685,0.139346,-0.42687
8.70001,0.999945,-0.0104247,0.000552854,-0.0012522,-0.0727693,0.00200725,0.0016449,0.0809026,0.0584401,-0.370203,0.00537921,0.173732,-0.509792,8.72001,0.0427609,0.0036188,0.0427609,0.00521184,0.999941,-0.0107885,0.000563431,-0.00124388,0.111817,0.337251,0.038698,0.0809564,0.0601774,-0.375301,0.005379,0.173728,-0.411907
8.72001,0.999941,-0.010749,0.000565715,-0.00124444,-0.0820904,0.00347213,0.00217763,0.0810643,0.0601004,-0.374247,0.00591138,0.179519,-0.506749,8.74001,0,0.0515472,-0.00329027,0.0440235,0.999937,-0.0111594,0.000583702,-0.00123351,0.497981,-0.0341083,0.253435,0.0811234,0.0618956,-0.379314,0.00591138,0.179519,-0.408682
8.74001,0.999937,-0.0111064,0.000578049,-0.0012425,-0.0903462,0.00333861,0.000712779,0.0812578,0.0618208,-0.378226,0.00628952,0.184965,-0.504142,8.76001,0.00776655,0.00112637,0.00776655,-0.0279997,0.999932,-0.011558,0.000595341,-0.00123886,0.0978761,0.0600051,-0.149347,0.0813207,0.0636704,-0.383267,0.00628948,0.184965,-0.406109
8.76001,0.999912,-0.0131926,0.000690343,-0.00126853,-0.110585,0.00586664,-0.00181735,0.0822385,0.0708576,-0.397777,0.00820664,0.202596,-0.489536,8.78001,0.0165589,-0.000180488,0.0165589,-0.016563,0.999904,-0.0137455,0.000720255,-0.00127762,0.103992,0.128685,-0.0844204,0.0823205,0.0728836,-0.402672,0.00820654,0.202594,-0.39154
8.78001,0.999867,-0.0162069,0.000910293,-0.00124965,-0.107655,0.0079971,-0.00075183,0.0835774,0.0837063,-0.424224,0.00905743,0.198021,-0.470471,8.80001,0,-0.0331181,-0.0168418,-0.0525189,0.999859,-0.016745,0.000950885,-0.00125357,-0.134972,-0.135506,-0.28878,0.083668,0.0856865,-0.428929,0.00905743,0.198021,-0.372404
8.80001,0.999861,-0.0166016,0.000934479,-0.00124569,-0.0993994,0.00626606,0.00124515,0.0837633,0.0854733,-0.427914,0.00900761,0.195069,-0.467601,8.82001,0.0299938,0.00515054,0.0299938,0.0139645,0.999853,-0.0170985,0.000966527,-0.00123952,0.173534,0.230642,0.0879776,0.0838534,0.087424,-0.43259,0.00900737,0.195065,-0.369662
8.82001,0.999855,-0.0169629,0.000953865,-0.00124218,-0.0910104,0.00506757,0.00111245,0.083945,0.087211,-0.431581,0.00856392,0.191928,-0.464759,8.84001,0,0.017047,-0.00427231,0.000250717,0.999847,-0.0174179,0.000979858,-0.00123661,0.272079,-0.0416679,0.00804415,0.0840307,0.0891303,-0.436229,0.00856392,0.191928,-0.366692
8.84001,0.999839,-0.0178893,0.00102345,-0.00122118,-0.0706372,0.00706506,0.00231043,0.0844619,0.0922202,-0.442448,0.00762638,0.179618,-0.456517,8.86001,0.00439734,-0.0337118,0.00439734,0.00492129,0.999832,-0.0182424,0.00105941,-0.0012099,-0.126704,0.0259566,0.0346367,0.0845381,0.0940164,-0.447014,0.00762634,0.179617,-0.358469
8.86001,0.999819,-0.0189357,0.00113585,-0.00121053,-0.0253685,0.00386798,0.00057927,0.085455,0.100694,-0.463348,0.00512624,0.147383,-0.438717,8.88001,0,-0.0222387,-0.00454852,-0.0268518,0.999817,-0.0190625,0.0011554,-0.00120786,-0.0261978,-0.0416104,-0.144192,0.0855063,0.102167,-0.467736,0.00512624,0.147383,-0.34065
8.88001,0.999818,-0.0190135,0.00114156,-0.00121707,-0.0196427,0.00173746,-0.00141813,0.0855983,0.101944,-0.466753,0.00449269,0.141995,-0.435999,8.90001,0,0.00244911,-0.0128999,0.0576513,0.999816,-0.0191117,0.00115023,-0.00122421,0.171031,-0.121043,0.328234,0.0856432,0.103364,-0.471113,0.00449269,0.141995,-0.337932
8.90001,0.999817,-0.0190568,0.00114575,-0.00121932,-0.0109874,0.00133804,-0.000352886,0.0857346,0.103148,-0.470137,0.00394309,0.136672,-0.433208,8.92001,0,4.75507e-05,-0.033918,-0.035266,0.999816,-0.0191118,0.00115247,-0.00122115,0.153307,-0.275073,-0.194253,0.085774,0.104515,-0.474469,0.00394309,0.136672,-0.335141
8.92001,0.999822,-0.0187636,0.00114369,-0.00123937,0.0278948,-0.00052618,-0.000752362,0.0863288,0.108537,-0.486736,0.00179856,0.113261,-0.419591,8.94001,0.0442498,0.00673269,0.0442498,-0.0263794,0.999825,-0.0186241,0.00114082,-0.00124324,0.20356,0.348825,-0.136075,0.0863468,0.109669,-0.490932,0.00179812,0.113254,-0.321712
8.94001,0.99984,-0.0178216,0.00106475,-0.00124197,0.0432108,-0.00492078,-0.0023503,0.0868912,0.114024,-0.505988,-0.000524271,0.0987859,-0.405233,8.96001,0.00601933,0.0224618,0.00601933,-0.0319386,0.999844,-0.0176056,0.00103967,-0.00125351,0.322339,0.0444123,-0.171143,0.0868859,0.115012,-0.51004,-0.000524327,0.098785,-0.307192
8.96002,0.999843,-0.0176332,0.00105379,-0.0012365,0.0470723,-0.00252428,0.00151152,0.0869721,0.114909,-0.50913,-0.000700099,0.0986052,-0.403156,8.98002,0.014495,-0.00920398,0.014495,0.0204214,0.999847,-0.0173978,0.00104101,-0.00122897,0.0670792,0.104543,0.122641,0.0869651,0.115895,-0.513161,-0.000700232,0.098603,-0.305151
8.98002,0.999846,-0.0174533,0.00102736,-0.00123499,0.0449419,-0.00638546,0.000445852,0.0870508,0.115791,-0.512255,-0.000748948,0.0986469,-0.400786,9.00002,0.018143,-0.00383991,0.018143,-0.0204284,0.99985,-0.0172287,0.000995194,-0.00123244,0.108848,0.139721,-0.105717,0.0870433,0.116777,-0.516263,-0.00074911,0.0986442,-0.302796
9.00002,0.999862,-0.0165641,0.000941981,-0.00123268,0.0390829,-0.00345628,0.0033756,0.0874083,0.120235,-0.527633,-0.000424453,0.103818,-0.390452,9.02002,0.0381444,-0.030102,0.0381444,-0.0271165,0.999865,-0.0163687,0.000924741,-0.0012157,-0.108647,0.300885,-0.14156,0.087404,0.121273,-0.531537,-0.000424766,0.103813,-0.292548
9.02002,0.999869,-0.0161004,0.000852544,-0.00123466,0.0116523,-0.00452136,-0.00101869,0.0877741,0.125094,-0.542691,0.000495474,0.119047,-0.380798,9.04002,0.034553,-0.0194711,0.034553,-0.0239378,0.99987,-0.0160421,0.000829786,-0.00123944,-0.0272619,0.272465,-0.124105,0.0877791,0.126284,-0.546499,0.000495218,0.119042,-0.282879
9.04002,0.99987,-0.0160635,0.000836172,-0.00123253,0.00899495,-0.00398964,0.000579323,0.0878572,0.126201,-0.5457,0.000906645,0.123074,-0.379042,9.06002,0.011753,-0.00200981,0.011753,0.0277623,0.999871,-0.0160185,0.000816217,-0.00122935,0.112071,0.0837376,0.163396,0.0878663,0.127432,-0.549491,0.000906559,0.123072,-0.281026
9.06002,0.99987,-0.0160447,0.000824022,-0.00123577,0.0044676,-0.00292435,-0.000752262,0.0879415,0.127336,-0.548695,0.00112659,0.126909,-0.377145,9.08002,0,0.00458138,-0.00309973,0.0459545,0.999871,-0.0160224,0.000809314,-0.00123931,0.164594,-0.0372331,0.263967,0.0879528,0.128605,-0.552466,0.00112659,0.126909,-0.279078
9.08002,0.999864,-0.0164207,0.000862093,-0.00124449,-0.030553,0.00333408,0.000446138,0.088478,0.134686,-0.566366,0.00376923,0.14835,-0.366474,9.10002,0.0236099,-0.0182299,0.0236099,-0.0297476,0.999862,-0.0165734,0.000878988,-0.0012424,-0.0146002,0.185689,-0.157518,0.0885157,0.13617,-0.570031,0.00376905,0.148347,-0.268508
9.10002,0.999853,-0.0170834,0.000893297,-0.00127538,-0.0469337,0.00266767,-0.00261667,0.0889191,0.139953,-0.578122,0.00469755,0.159251,-0.360021,9.12002,0.0306326,-0.038069,0.0306326,0.0260594,0.999849,-0.017318,0.00090671,-0.00128848,-0.168549,0.23394,0.155782,0.088966,0.141546,-0.581723,0.00469731,0.159246,-0.262085
9.12002,0.999849,-0.0172801,0.000904322,-0.00127151,-0.0493307,0.00279975,0.00111172,0.0890383,0.141304,-0.581099,0.00454936,0.161086,-0.358049,9.14002,0.0408534,0.0297092,0.0408534,-0.0127974,0.999845,-0.0175267,0.000918728,-0.00126597,0.375368,0.321625,-0.0604403,0.0890838,0.142914,-0.584679,0.00454903,0.16108,-0.260157
9.14002,0.999842,-0.017704,0.00094245,-0.00126239,-0.0551897,0.00679438,-0.00115218,0.0892684,0.144033,-0.586999,0.00449072,0.163259,-0.354664,9.16002,0,0.0358157,-0.040062,0.0249905,0.999837,-0.0179798,0.000976663,-0.00126849,0.428079,-0.33115,0.143199,0.0893133,0.145665,-0.590545,0.00449072,0.163259,-0.256597
9.16002,0.999834,-0.0181528,0.000995005,-0.00125558,-0.0570539,0.00719374,0.00111153,0.0894931,0.146772,-0.592833,0.004631,0.163608,-0.351252,9.18002,0.0411861,-0.0442103,0.0411861,-0.0215172,0.999829,-0.018438,0.00103143,-0.00125039,-0.208942,0.324171,-0.109519,0.0895395,0.148408,-0.596345,0.00463064,0.163602,-0.253361
9.18002,0.999814,-0.0192212,0.00108796,-0.0012641,-0.0505292,0.000536098,0.000446015,0.0900467,0.153494,-0.607123,0.00472065,0.15704,-0.341991,9.20002,0.00958802,-0.038444,0.00958802,-0.01347,0.999809,-0.0194738,0.001091,-0.00126164,-0.15384,0.0696763,-0.0675472,0.0900939,0.155064,-0.610543,0.00472056,0.157038,-0.243965
9.20002,0.999802,-0.0198501,0.00113541,-0.00124214,-0.0334894,0.00386381,0.00230979,0.0904512,0.158408,-0.618451,0.00251455,0.144881,-0.334581,9.22002,0.0312756,0.0307814,0.0312756,-0.0410904,0.999798,-0.0200175,0.00115516,-0.00123079,0.404779,0.247919,-0.219445,0.0904763,0.159857,-0.621797,0.00251424,0.144875,-0.236648
9.22002,0.999799,-0.0199578,0.00114879,-0.00124114,-0.0268315,0.00346415,0.000445542,0.0905466,0.159538,-0.62129,0.00215385,0.141101,-0.332564,9.24002,0,-0.0159825,-0.0213858,0.0195199,0.999797,-0.0200919,0.00116631,-0.00123911,0.0317738,-0.183513,0.113743,0.0905681,0.160949,-0.624616,0.00215385,0.141101,-0.234498
9.24002,0.999795,-0.0201783,0.00117657,-0.00123904,-0.013782,0.00306474,0.00297551,0.090811,0.162735,-0.629686,0.00147376,0.128918,-0.326629,9.26002,0,-0.0130515,-0.016283,0.0108637,0.999794,-0.0202471,0.00119227,-0.00122439,0.0570503,-0.14153,0.0658351,0.0908257,0.164024,-0.632953,0.00147376,0.128918,-0.228562
9.26002,0.999797,-0.0200853,0.00115518,-0.0012274,0.0151133,-0.00239474,-0.00155188,0.0911765,0.167352,-0.643299,-0.00036092,0.106574,-0.31753,9.28002,0,0.02328,-0.00550595,-0.0132038,0.999798,-0.0200098,0.00114296,-0.001235,0.347001,-0.0509264,-0.0675239,0.0911729,0.168418,-0.646474,-0.00036092,0.106574,-0.219464
9.28002,0.999801,-0.0198825,0.00112816,-0.00123419,0.0284291,-0.00359316,-0.000619804,0.0912837,0.168952,-0.648615,-0.00161518,0.0983185,-0.313738,9.30002,0,-0.0156325,-0.0388868,0.0233469,0.999804,-0.0197404,0.00110996,-0.00123709,0.0340152,-0.323915,0.133192,0.0912676,0.169935,-0.651753,-0.00161518,0.0983185,-0.215671
9.30002,0.999806,-0.0196143,0.00110916,-0.0012646,0.0349539,-0.000397451,-0.00368229,0.0913713,0.170424,-0.653861,-0.00210258,0.0911951,-0.310364,9.32002,0.0228003,-0.00410612,0.0228003,-0.0035064,0.99981,-0.0194396,0.00110659,-0.00128317,0.123829,0.174005,-0.0100733,0.0913503,0.171336,-0.656965,-0.0021028,0.0911913,-0.212395
9.32002,0.99982,-0.0189012,0.00105796,-0.0012613,0.0485359,-0.00492488,0.000844996,0.0915138,0.173078,-0.664148,-0.00267058,0.0811524,-0.303335,9.34002,0,0.00225409,-0.0348181,0.0296675,0.999825,-0.0186586,0.00103311,-0.00125687,0.169181,-0.291413,0.169492,0.0914871,0.17389,-0.667182,-0.00267058,0.0811524,-0.205268
9.34002,0.999838,-0.0179245,0.00096024,-0.00123769,0.0442749,-0.00612313,0.00177699,0.0916671,0.176048,-0.676739,-0.00300071,0.0776282,-0.294634,9.36002,0,0.0214776,-0.00894926,-0.0381285,0.999842,-0.0177032,0.000929514,-0.00122847,0.315427,-0.0735766,-0.207344,0.0916371,0.176824,-0.679685,-0.00300071,0.0776282,-0.196567
9.36002,0.999848,-0.0173968,0.000885416,-0.001244,0.0421405,-0.00612483,-0.00101952,0.0917996,0.177714,-0.684367,-0.00312675,0.0806313,-0.28987,9.38002,0.00320987,-0.0374032,0.00320987,-0.0725886,0.999851,-0.0171862,0.000854445,-0.00124875,-0.159989,0.0283457,-0.399364,0.0917684,0.17852,-0.687266,-0.00312678,0.0806308,-0.191817
9.38002,0.999853,-0.0170926,0.000845883,-0.00124276,0.0362815,-0.00372807,0.000844733,0.0918794,0.178889,-0.689363,-0.00282062,0.084881,-0.286588,9.40002,0.00130037,-0.00408545,0.00130037,-0.0137172,0.999856,-0.0169113,0.000827093,-0.00123837,0.104128,0.00547014,-0.0697409,0.0918511,0.179737,-0.692229,-0.00282063,0.0848808,-0.188527
9.40003,0.999858,-0.0168149,0.00081714,-0.00123343,0.0180388,-0.00412752,0.00204312,0.0920117,0.180797,-0.696729,-0.00133227,0.0924871,-0.282248,9.42003,0,0.0163582,-0.000318677,0.017012,0.999859,-0.0167248,0.000796566,-0.00122294,0.265221,-0.0112114,0.102204,0.0919984,0.181721,-0.699551,-0.00133227,0.0924871,-0.184182
9.42003,0.999858,-0.0167956,0.000769013,-0.00122664,-0.0084596,-0.000265939,0.00111107,0.0922894,0.184478,-0.708696,0.00128615,0.109251,-0.275173,9.44003,0,0.0118127,-0.0103416,-0.0619625,0.999857,-0.0168378,0.000767829,-0.00122103,0.229061,-0.0804195,-0.341007,0.0923022,0.185571,-0.711448,0.00128615,0.109251,-0.177106
9.44003,0.999855,-0.0169887,0.000762686,-0.0012042,-0.0195117,-0.000132751,0.0029753,0.0925256,0.187029,-0.71581,0.0029511,0.11809,-0.270671,9.46003,0.0158178,0.00169173,0.0158178,-0.00820552,0.999853,-0.0170863,0.000762393,-0.00118924,0.149318,0.121555,-0.0376897,0.0925551,0.18821,-0.718517,0.00295099,0.118088,-0.172672
9.46003,0.99985,-0.0172447,0.000814531,-0.00119414,-0.0358885,0.00918569,0.000312024,0.0927498,0.188871,-0.720637,0.00455004,0.123177,-0.267993,9.48003,0.0034992,0.0418635,0.0034992,-0.0193765,0.999847,-0.017424,0.000860694,-0.00119323,0.472761,0.0245532,-0.101283,0.0927953,0.190103,-0.723317,0.00455002,0.123176,-0.169942
9.48003,0.999833,-0.0182061,0.000948591,-0.00121512,-0.0539982,0.00825188,0.000844608,0.0934928,0.19381,-0.732941,0.00743374,0.134172,-0.261824,9.50003,0.0378661,0.00207847,0.0378661,-0.0301114,0.999828,-0.018476,0.000990249,-0.0012114,0.161963,0.299704,-0.157927,0.0935671,0.195152,-0.73556,0.00743343,0.134166,-0.163918
9.50003,0.999813,-0.0192492,0.00112286,-0.00123391,-0.0508024,0.0109151,0.000977842,0.0942566,0.198979,-0.7448,0.00856832,0.133381,-0.255161,9.52003,0.00668635,-0.00502992,0.00668635,-0.0175196,0.999808,-0.0195031,0.00117783,-0.00122979,0.113824,0.0471479,-0.0904935,0.0943423,0.200313,-0.747351,0.00856826,0.13338,-0.157123
9.52003,0.999805,-0.0196647,0.00117778,-0.00122857,-0.0527998,0.00625442,0.000711409,0.0945622,0.200996,-0.749412,0.00899305,0.130059,-0.252078,9.54003,0.0159811,0.0303218,0.0159811,0.00708034,0.9998,-0.0199286,0.00120944,-0.00122532,0.399524,0.117592,0.0484779,0.0946522,0.202296,-0.751933,0.00899289,0.130056,-0.154079
9.54003,0.999797,-0.0200551,0.00125582,-0.00124179,-0.0477397,0.0109151,-0.00208482,0.0948613,0.202953,-0.753946,0.00874261,0.125771,-0.248883,9.56003,0,0.0226939,-0.000107163,-0.0360186,0.999792,-0.0202937,0.00131047,-0.00125301,0.342173,-0.00489026,-0.194568,0.0949487,0.204211,-0.756435,0.00874261,0.125771,-0.150816
9.56003,0.999783,-0.0207563,0.00145715,-0.00127107,-0.0235097,0.00571998,0.000178537,0.0956944,0.20722,-0.765313,0.00927365,0.10949,-0.240967,9.58003,0.0190439,-0.0185798,0.0190439,-0.0159082,0.99978,-0.0208738,0.00148592,-0.00127059,0.0173565,0.143119,-0.07989,0.0957871,0.208315,-0.767723,0.00927341,0.109487,-0.142981
9.58003,0.99978,-0.0208627,0.00155428,-0.00127772,-0.00127232,0.00678525,0.000711126,0.0963214,0.210017,-0.774108,0.00749686,0.0902657,-0.234147,9.60003,0.0274878,0.0127973,0.0274878,-0.0195238,0.99978,-0.020869,0.00158828,-0.00127487,0.269111,0.210817,-0.0988359,0.0963964,0.21092,-0.776449,0.00749649,0.0902608,-0.136197
9.60003,0.99978,-0.0208559,0.0015817,-0.00128358,0.00192347,0.00718472,-0.00115311,0.0964638,0.210622,-0.776255,0.00703689,0.0853027,-0.232664,9.62003,0,0.0135837,-0.0131662,-0.00957162,0.999781,-0.0208462,0.00161749,-0.00129011,0.275712,-0.116221,-0.0478203,0.0965341,0.211475,-0.778581,0.00703689,0.0853027,-0.134597
9.62003,0.999784,-0.0206782,0.00164121,-0.0012939,0.0201661,0.00452158,0.000577974,0.0968578,0.212217,-0.782574,0.00588779,0.0718883,-0.227397,9.64003,0,-0.0456437,-0.00260151,-0.0574912,0.999786,-0.0205774,0.00166374,-0.00129164,-0.19931,-0.0248637,-0.315376,0.0969167,0.212935,-0.784848,0.00588779,0.0718883,-0.12933
9.64003,0.999801,-0.0198596,0.00167965,-0.00129039,0.0515849,-0.000939656,0.000444581,0.0975088,0.213887,-0.79304,0.00354811,0.0519574,-0.219344,9.66003,0,-0.0145973,-0.0148578,-0.00692535,0.999806,-0.0196017,0.00167466,-0.0012885,0.0423297,-0.131323,-0.0333395,0.0975443,0.214407,-0.795233,0.00354811,0.0519574,-0.121278
9.66003,0.999814,-0.019149,0.00165113,-0.00129879,0.0631696,-0.00546709,-0.00075391,0.0978449,0.214514,-0.799131,0.00211198,0.0423309,-0.215036,9.68003,0.00474803,-0.0205151,0.00474803,-0.0461086,0.99982,-0.0188333,0.00162332,-0.00130255,-0.0105357,0.0316354,-0.250577,0.097866,0.214938,-0.801281,0.00211191,0.0423301,-0.11699
9.68003,0.999824,-0.0186598,0.0016056,-0.00128623,0.060906,-0.00520071,0.00190931,0.0980387,0.214836,-0.8031,0.00102943,0.0382212,-0.212217,9.70003,0,-0.00821338,-0.00687333,-0.0730713,0.999829,-0.0183553,0.00157938,-0.00127669,0.0841845,-0.0569632,-0.402736,0.098049,0.215218,-0.805222,0.00102943,0.0382212,-0.11415
9.70003,0.999833,-0.0181705,0.00157455,-0.00127546,0.0617049,-0.00213802,0.00150998,0.0982125,0.215124,-0.807002,0.000616715,0.0365173,-0.210194,9.72003,0,-0.0297987,-0.024391,-0.0991793,0.999838,-0.017862,0.00156361,-0.00126821,-0.0923126,-0.193507,-0.550954,0.0982186,0.215489,-0.809104,0.000616715,0.0365173,-0.112127
9.72003,0.999859,-0.0166665,0.00154918,-0.00129153,0.057442,-0.00280549,-0.000887109,0.0987504,0.216001,-0.818534,0.0016037,0.0403562,-0.203835,9.74003,0.00716768,-0.0387882,0.00716768,-0.00268684,0.999864,-0.0163793,0.00153471,-0.00129618,-0.177075,0.0449071,-0.00748477,0.0987664,0.216405,-0.820572,0.0016036,0.0403551,-0.105799
9.74003,0.999868,-0.0161025,0.00144531,-0.0013129,0.0417293,-0.00866448,-0.00102016,0.0990461,0.216572,-0.824274,0.001002,0.0473341,-0.200628,9.76003,0,0.0061416,-0.0510725,0.0432776,0.999872,-0.015894,0.00140164,-0.0013176,0.177691,-0.425573,0.245103,0.0990562,0.217045,-0.826281,0.001002,0.0473341,-0.102561
9.76003,0.999871,-0.0159668,0.00142539,-0.00130772,0.0344056,-0.00466979,0.00137661,0.0991364,0.21681,-0.826155,0.000713331,0.0508558,-0.19953,9.78003,0.00319721,0.00468814,0.00319721,0.0173724,0.999873,-0.0157949,0.00140193,-0.00130071,0.164982,0.0120032,0.104918,0.0991435,0.217319,-0.82815,0.000713291,0.0508554,-0.101477
9.78003,0.999875,-0.0157096,0.00139417,-0.00129869,0.016163,-0.000275445,-0.000887035,0.0993964,0.217718,-0.831698,0.00120174,0.0621539,-0.196085,9.80003,0.0317061,-0.000376538,0.0317061,-0.0219467,0.999876,-0.0156288,0.00139262,-0.00130322,0.122487,0.245226,-0.112833,0.0994085,0.21834,-0.833659,0.00120135,0.0621496,-0.0981536
9.80003,0.999874,-0.0157475,0.00140363,-0.00130546,-0.0137976,0.000789797,-0.00102021,0.0998631,0.219908,-0.840624,0.00402054,0.0819772,-0.190347,9.82003,0.0178605,-0.0232606,0.0178605,-0.0144329,0.999873,-0.0158165,0.00140759,-0.00131052,-0.0601734,0.133219,-0.0721154,0.0999033,0.220728,-0.842527,0.00402032,0.0819749,-0.0923561
9.82003,0.999869,-0.0160701,0.00138388,-0.00130818,-0.0325729,-0.00373747,0.000178226,0.100168,0.221608,-0.845795,0.00449773,0.0925239,-0.186869,9.84003,0.0363717,-0.0118069,0.0363717,-0.0813287,0.999866,-0.016233,0.00136543,-0.00130677,0.0341173,0.290242,-0.444903,0.100213,0.222533,-0.847664,0.0044973,0.0925189,-0.0889572
9.84004,0.999864,-0.0163974,0.00136227,-0.00130548,-0.0429549,-0.00267417,0.000444615,0.100417,0.223008,-0.849405,0.00423036,0.0987844,-0.184761,9.86004,0.00765388,0.0212698,0.00765388,-0.0543399,0.99986,-0.0166122,0.00134922,-0.00130274,0.3016,0.0576938,-0.296099,0.100459,0.223995,-0.851253,0.00423027,0.0987834,-0.0867271
9.86004,0.999845,-0.0174944,0.00143278,-0.00128285,-0.0599991,0.00877732,4.50614e-05,0.101033,0.226873,-0.858146,0.00636468,0.108972,-0.17937,9.88004,0.00806834,0.00199256,0.00806834,-0.056753,0.99984,-0.0177943,0.00147704,-0.00128296,0.15623,0.0610567,-0.309789,0.101097,0.227963,-0.859939,0.00636458,0.108971,-0.0813381
9.88004,0.999823,-0.0187073,0.00153407,-0.00130498,-0.0598638,0.00105273,0.000311665,0.101756,0.231014,-0.866739,0.00850569,0.108113,-0.174127,9.90004,0,-0.0130928,-0.00718078,0.0171705,0.999817,-0.0190066,0.00153975,-0.00130306,0.0447603,-0.0724118,0.102579,0.101841,0.232096,-0.868481,0.00850569,0.108113,-0.0760604
9.90004,0.999819,-0.0189441,0.0015435,-0.00130642,-0.0593311,0.0025174,-0.000354314,0.101927,0.231867,-0.868554,0.00848817,0.106752,-0.173028,9.92004,0.00687146,0.00248976,0.00687146,-0.0198065,0.999813,-0.0192407,0.00155644,-0.00130797,0.171606,0.0456442,-0.102831,0.102012,0.232935,-0.870284,0.00848808,0.106751,-0.0749903
9.92004,0.999814,-0.0191763,0.00155988,-0.00129951,-0.0582643,0.00424778,0.00177619,0.102095,0.232707,-0.87035,0.00826399,0.10491,-0.171926,9.94004,0.0290204,0.0260895,0.0290204,-0.0565347,0.999808,-0.0194675,0.00158166,-0.00129059,0.362129,0.228615,-0.305931,0.102177,0.233756,-0.872069,0.0082636,0.104905,-0.0739831
9.94004,0.999793,-0.0202089,0.00175219,-0.00129921,-0.029369,0.0103728,-0.000487428,0.103022,0.237311,-0.880734,0.00773583,0.086972,-0.16561,9.96004,0.0160315,-0.00325469,0.0160315,-0.041185,0.99979,-0.0203557,0.00180419,-0.00130244,0.135891,0.120846,-0.221537,0.1031,0.238181,-0.88239,0.00773558,0.0869692,-0.0676114
9.96004,0.999787,-0.0205008,0.00186395,-0.00128659,-0.001539,0.00344864,0.000844179,0.103732,0.240331,-0.888896,0.00666448,0.0656973,-0.159539,9.98004,0.0104343,0.0368964,0.0104343,-0.0334851,0.999787,-0.0205084,0.00188129,-0.00128271,0.459294,0.0744362,-0.178698,0.103798,0.240987,-0.890491,0.00666432,0.0656955,-0.0615166
9.98004,0.999788,-0.0204476,0.00189457,-0.00128676,0.00911268,0.00384713,-0.000886907,0.104005,0.241267,-0.892182,0.00519922,0.056928,-0.157244,10,0.0351181,-0.0183988,0.0351181,-0.0173261,0.999789,-0.020402,0.00191365,-0.00129167,0.0161689,0.268388,-0.0859803,0.104057,0.241836,-0.893754,0.00519865,0.0569219,-0.0593268
10,0.99979,-0.0203808,0.00190189,-0.00129394,0.0164364,0.00211612,-0.00168581,0.104129,0.241682,-0.893798,0.00435573,0.0524996,-0.156101,10.02,0.0299052,0.0199024,0.0299052,0.0189167,0.999791,-0.0202987,0.00191219,-0.00130274,0.321501,0.221111,0.116776,0.104172,0.242207,-0.895359,0.00435524,0.0524944,-0.0581616
10.02,0.9998,-0.0198743,0.00192554,-0.00130752,0.0365432,0.000251768,-0.000886863,0.10456,0.243008,-0.900078,0.00241635,0.036099,-0.151064,10.04,0.0194749,0.0199855,0.0194749,-0.016732,0.999803,-0.0196916,0.00192647,-0.00131233,0.318816,0.143241,-0.0839792,0.104584,0.243369,-0.901588,0.00241603,0.0360957,-0.05308
10.04,0.999819,-0.0188866,0.00188888,-0.00130469,0.0578485,-0.00174545,-0.000221012,0.104996,0.244045,-0.907534,0.00109469,0.0224305,-0.145793,10.06,0.0339414,-0.0259505,0.0339414,-0.0147144,0.999824,-0.0185974,0.00187976,-0.00130618,-0.0567596,0.258339,-0.0717714,0.105007,0.244269,-0.908992,0.00109413,0.0224251,-0.0478711
10.06,0.999823,-0.0186507,0.00188077,-0.0013129,0.0587806,-0.00174549,-0.00195234,0.105071,0.244199,-0.908978,0.000660975,0.0210234,-0.144834,10.08,0,-0.0224611,-0.0015628,-0.0435848,0.999829,-0.0183569,0.00187148,-0.00132305,-0.029959,-0.0212611,-0.237088,0.105078,0.244409,-0.910426,0.000660975,0.0210234,-0.0467675
10.08,0.999828,-0.0184175,0.00185518,-0.00131758,0.0581148,-0.00613975,-0.00115321,0.105141,0.244343,-0.910406,0.000176858,0.0198068,-0.143977,10.1,0.0457581,-0.00845265,0.0457581,-0.0167709,0.999833,-0.018127,0.00182399,-0.00132332,0.0793166,0.353561,-0.0819001,0.105142,0.244541,-0.911846,0.000176126,0.0197996,-0.0461046
10.1,0.999848,-0.0172827,0.00176722,-0.0013288,0.053188,-0.00467503,0.000178475,0.105432,0.245018,-0.917453,-0.00149557,0.0203212,-0.139664,10.12,0.0458891,-0.0277803,0.0458891,-0.0361779,0.999853,-0.0170169,0.00174351,-0.00132797,-0.0842131,0.357656,-0.190974,0.105417,0.245221,-0.91885,-0.00149627,0.0203145,-0.0417926
10.12,0.999864,-0.0163656,0.00163015,-0.00132158,0.0370756,-0.00614107,-0.000220965,0.105726,0.245887,-0.924586,-0.00162404,0.0300182,-0.135941,10.14,0.0141779,0.0228519,0.0141779,-0.0669337,0.999867,-0.0161803,0.00159919,-0.00132248,0.314097,0.109405,-0.365888,0.10571,0.246187,-0.925945,-0.00162424,0.0300162,-0.037935
10.14,0.999866,-0.0162297,0.00160122,-0.00131053,0.0338798,-0.00707316,0.00270831,0.105779,0.246117,-0.925969,-0.00176516,0.0329081,-0.135247,10.16,0.0200144,-0.0606122,0.0200144,-0.0594807,0.999869,-0.0160603,0.00156585,-0.00129669,-0.354938,0.15442,-0.324461,0.105761,0.246446,-0.927322,-0.00176544,0.0329053,-0.037266
10.16,0.999869,-0.0160308,0.00154159,-0.00130799,0.020564,-0.00640735,-8.79459e-05,0.10588,0.24665,-0.928696,-0.00157511,0.0392438,-0.133605,10.18,0.0569837,-0.0445136,0.0569837,0.0264232,0.999871,-0.0159281,0.00150941,-0.00130808,-0.229118,0.43966,0.159985,0.105864,0.247042,-0.930032,-0.00157587,0.039236,-0.0357809
10.18,0.999871,-0.0159529,0.00148038,-0.00130899,-0.00753238,0.00011736,0.00151,0.106165,0.248493,-0.935261,0.00146546,0.0580789,-0.129186,10.2,0.0142025,0.000855871,0.0142025,-0.00724722,0.99987,-0.0159905,0.00148114,-0.0013014,0.13439,0.102697,-0.0319739,0.106179,0.249074,-0.936553,0.00146528,0.0580769,-0.0311802
10.2,0.999863,-0.0164177,0.00142077,-0.00131446,-0.0325661,-0.00267899,-0.000753801,0.106534,0.251053,-0.941491,0.00353647,0.0743882,-0.125221,10.22,0.102705,-0.0230624,0.102705,-0.0189771,0.999861,-0.0165805,0.00140753,-0.00131777,-0.0547501,0.812476,-0.0896795,0.10657,0.251797,-0.942744,0.00353521,0.0743738,-0.0275911
10.22,0.999861,-0.0165797,0.00143008,-0.00131579,-0.0405556,0.00238117,-0.000354302,0.106637,0.251653,-0.94279,0.0039226,0.0768525,-0.124469,10.24,0.0225439,-0.0162988,0.0225439,0.00767233,0.999857,-0.0167824,0.00144222,-0.00131747,0.00188507,0.167701,0.052287,0.106676,0.252421,-0.944035,0.00392232,0.0768493,-0.0264982
10.24,0.999855,-0.0169246,0.00146065,-0.00130353,-0.0444161,0.00584154,0.00230894,0.106846,0.25291,-0.945346,0.00476526,0.0815591,-0.123,10.26,0.0310155,-0.0071892,0.0310155,-0.0442697,0.999851,-0.0171466,0.00149034,-0.00129216,0.077884,0.242339,-0.237705,0.106894,0.253725,-0.946576,0.00476487,0.0815546,-0.0250654
10.26,0.999836,-0.0179728,0.00161041,-0.00133658,-0.0562668,0.00757135,-0.00381602,0.107487,0.256301,-0.951751,0.00859155,0.0868895,-0.119948,10.28,0.000800373,-0.0385018,0.000800373,-0.0352502,0.999831,-0.018254,0.00164829,-0.00135588,-0.163932,-0.00180711,-0.190161,0.107573,0.25717,-0.952951,0.00859153,0.0868894,-0.0218845
10.28,0.99982,-0.0188522,0.00170193,-0.00133866,-0.0525383,0.00517454,0.000444956,0.108063,0.259039,-0.95677,0.00867266,0.0835573,-0.117586,10.3,0.0454865,0.0240648,0.0454865,-0.0536384,0.999815,-0.0191148,0.00172819,-0.00133648,0.343127,0.358596,-0.287814,0.10815,0.259874,-0.957946,0.00867199,0.08355,-0.0197132
10.3,0.999816,-0.0190518,0.00172274,-0.00133625,-0.0500083,0.0053076,0.00057816,0.108201,0.259698,-0.957992,0.00847801,0.0819134,-0.116793,10.32,0.0329359,0.00486811,0.0329359,-0.0483896,0.999811,-0.0193018,0.00174966,-0.00133343,0.191404,0.257108,-0.259901,0.108286,0.260517,-0.95916,0.00847752,0.081908,-0.0188668
10.32,0.999803,-0.0197106,0.00187187,-0.00135994,-0.034029,0.0112987,0.00057827,0.108794,0.262183,-0.963036,0.00893468,0.0718889,-0.11332,10.34,0,-0.0013609,-0.00322657,0.00995344,0.9998,-0.0198806,0.00192864,-0.00135784,0.146677,-0.0423659,0.0629731,0.108883,0.262902,-0.964169,0.00893468,0.0718889,-0.0152534
10.34,0.999794,-0.0201562,0.00204337,-0.00135207,-0.0133895,0.00397501,-0.000620179,0.109529,0.264703,-0.968983,0.00916267,0.0534118,-0.10844,10.36,0.020819,-0.0189042,0.020819,-0.0416836,0.999792,-0.0202232,0.00206327,-0.00135543,0.0103001,0.156709,-0.223685,0.109621,0.265237,-0.970068,0.0091623,0.0534082,-0.0104622
10.36,0.999794,-0.0201534,0.0021201,-0.00137027,0.00791584,0.00690446,-0.000886508,0.110036,0.266171,-0.973473,0.00648485,0.0383601,-0.105035,10.38,0.000456194,-0.0259884,0.000456194,-0.0127718,0.999794,-0.0201137,0.00215448,-0.00137548,-0.0464936,-0.0115307,-0.0640939,0.110101,0.266555,-0.974524,0.00648484,0.03836,-0.00697029
10.38,0.999795,-0.0200963,0.00215079,-0.00136426,0.0141742,0.00783663,0.00164346,0.110144,0.266461,-0.974561,0.00573591,0.0343629,-0.104187,10.4,0,-0.00931097,-0.0110186,0.0356787,0.999796,-0.0200254,0.00219004,-0.00135699,0.0856853,-0.111162,0.206042,0.110202,0.266805,-0.975603,0.00573591,0.0343629,-0.00612004
10.4,0.999801,-0.0197879,0.0022147,-0.00136624,0.0316179,0.00530661,-0.00048709,0.110437,0.267143,-0.97775,0.0045816,0.023117,-0.101956,10.42,0.0127794,0.0121248,0.0127794,0.0626457,0.999804,-0.0196298,0.00224096,-0.00136955,0.253698,0.0747506,0.359948,0.110482,0.267374,-0.978769,0.00458136,0.0231149,-0.00394385
10.42,0.999816,-0.0189809,0.00222177,-0.00136276,0.043602,-0.0036153,-0.000753305,0.110859,0.267726,-0.983207,0.00173467,0.00919218,-0.0977483,10.44,0,-0.00304659,-0.00199732,-0.0257617,0.999821,-0.018763,0.00220332,-0.00136667,0.127907,-0.0298651,-0.13686,0.110876,0.267818,-0.984185,0.00173467,0.00919218,0.000318184
10.44,0.999827,-0.0183972,0.00218672,-0.00138001,0.0493278,-0.00361537,-0.000886589,0.11102,0.26788,-0.986322,-0.000788094,0.00554198,-0.0958312,10.46,0.0105734,-0.00267286,0.0105734,0.0236422,0.999832,-0.0181506,0.00216823,-0.00138465,0.125218,0.0635753,0.141155,0.111012,0.267936,-0.98728,-0.000788293,0.00554033,0.00219036
10.46,0.999835,-0.0179746,0.00217937,-0.0013935,0.0523904,-0.000419679,-0.00155247,0.111095,0.267947,-0.988341,-0.00176878,0.00454526,-0.0948776,10.48,0.00684256,0.0149349,0.00684256,-0.0236655,0.99984,-0.0177128,0.00217677,-0.00140179,0.263533,0.0408732,-0.123834,0.111077,0.267992,-0.98929,-0.00176891,0.00454421,0.00315982
10.4801,0.999852,-0.0170154,0.00211424,-0.00138925,0.0418709,-0.00547957,-0.00075352,0.111216,0.268142,-0.993213,-0.00353691,0.0081962,-0.0925917,10.5001,0,-0.00225556,-0.0109506,-0.0142981,0.999856,-0.0168061,0.00208649,-0.00139299,0.118423,-0.102582,-0.0733489,0.111181,0.268224,-0.994139,-0.00353691,0.0081962,0.00547481
10.5001,0.999863,-0.0163963,0.00189141,-0.0013769,0.0222967,-0.00880852,-0.00195172,0.111206,0.268647,-0.997855,-0.00608424,0.0197566,-0.0907469,10.5201,0,-0.0205171,-0.00343254,-0.0252705,0.999865,-0.016285,0.00184706,-0.00138615,-0.0325935,-0.0394911,-0.134321,0.111145,0.268845,-0.998763,-0.00608424,0.0197566,0.00731956
10.5201,0.999864,-0.0163226,0.00185759,-0.00139594,0.0184351,-0.00827587,-0.0048813,0.111197,0.268852,-0.998834,-0.00622275,0.0226127,-0.0903671,10.5401,0,-0.0109371,-0.00377965,0.0290742,0.999866,-0.0162306,0.00181569,-0.00141984,0.0426426,-0.0490052,0.170148,0.111134,0.269079,-0.999737,-0.00622275,0.0226127,0.00769944
10.5401,0.999866,-0.0162118,0.00180086,-0.00138826,0.0116471,-0.00574631,0.00297515,0.111174,0.269331,-1.00076,-0.00598264,0.0285674,-0.0893143,10.5601,0,0.0129877,-0.0464888,-0.0460401,0.999867,-0.0161536,0.00177229,-0.00137302,0.234473,-0.38012,-0.254123,0.111114,0.269617,-1.00165,-0.00598264,0.0285674,0.00875215
10.5601,0.999862,-0.0165051,0.00155751,-0.00140271,-0.0244388,-0.00734421,-0.00115273,0.111145,0.271713,-1.00715,-0.00391298,0.0482933,-0.0857678,10.5801,0.00367991,0.00991925,0.00367991,-0.0385997,0.99986,-0.0166274,0.00152087,-0.00140768,0.211718,0.0221932,-0.207853,0.111106,0.272196,-1.008,-0.00391303,0.0482928,0.0122831
10.5801,0.999858,-0.0167099,0.00152903,-0.00140192,-0.0271003,-0.00334973,0.000578422,0.111153,0.272622,-1.00903,-0.003362,0.0528696,-0.085146,10.6001,0.0169552,0.0176024,0.0169552,-0.0492274,0.999856,-0.0168454,0.00151252,-0.00139854,0.274688,0.130186,-0.266058,0.111119,0.273151,-1.00988,-0.00336222,0.0528672,0.0128484
10.6001,0.999856,-0.0168376,0.00152892,-0.0014025,-0.0321603,-2.08046e-05,-0.000220602,0.11116,0.2731,-1.00995,-0.00301051,0.0546058,-0.0846843,10.6201,0.0358981,0.000451688,0.0358981,-0.0351038,0.999853,-0.0169984,0.00152903,-0.00140336,0.138171,0.279661,-0.18532,0.11113,0.273646,-1.0108,-0.00301099,0.0546007,0.0132295
10.6201,0.999845,-0.0175031,0.0015092,-0.00139952,-0.0462751,-0.00188486,0.00124429,0.111214,0.2751,-1.01354,-0.00109238,0.0587014,-0.0827514,10.6401,0.037506,0.0177348,0.037506,0.00238153,0.999841,-0.0177345,0.00150021,-0.00139278,0.281312,0.287803,0.0249912,0.111203,0.275687,-1.01437,-0.00109287,0.0586958,0.0151556
10.6401,0.99983,-0.0183464,0.00152605,-0.00138335,-0.0386848,0.00530533,0.000578395,0.111324,0.27766,-1.01798,-0.00028106,0.0572957,-0.0800217,10.6601,0,-0.0167769,-0.00236277,-0.00219944,0.999826,-0.0185397,0.00155289,-0.00138065,0.0126102,-0.0309684,-0.00495522,0.111322,0.278233,-1.01878,-0.00028106,0.0572957,0.0180448
10.6601,0.999821,-0.0187791,0.00159371,-0.00137991,-0.0357553,0.00423995,-0.000353613,0.111402,0.279087,-1.02058,0.00049505,0.0515678,-0.0781669,10.6801,0.00437306,0.017226,0.00437306,0.0236521,0.999818,-0.0189578,0.00161512,-0.00138179,0.2876,0.018871,0.140766,0.111407,0.279603,-1.02136,0.00049499,0.0515671,0.019881
10.6801,0.999819,-0.0189111,0.00160615,-0.00139725,-0.0332253,0.00317469,-0.0043484,0.111432,0.279528,-1.02142,0.000717824,0.0493361,-0.0774337,10.7001,0.0140113,-0.0096685,0.0140113,0.0142758,0.999816,-0.0190772,0.00162184,-0.00141902,0.0735776,0.0969559,0.0891497,0.111439,0.280021,-1.0222,0.00071763,0.0493339,0.0205733
10.7001,0.99981,-0.0193736,0.00166273,-0.00139658,-0.0081922,0.00224283,0.00137735,0.111555,0.281697,-1.02639,-0.00104434,0.0327422,-0.0742561,10.7201,0.0175268,0.00218969,0.0175268,-0.0523455,0.999809,-0.0194146,0.00167413,-0.00138984,0.172767,0.135044,-0.283348,0.111544,0.282025,-1.02714,-0.00104459,0.0327393,0.0237359
10.7201,0.999812,-0.0192514,0.00169894,-0.00140918,0.0133794,0.000778072,0.00124419,0.111565,0.282784,-1.03051,-0.00228366,0.0166655,-0.0713741,10.7401,0.0117804,-0.0315223,0.0117804,0.0153882,0.999813,-0.0191845,0.00170286,-0.00140315,-0.0985674,0.0779177,0.0950139,0.111542,0.28295,-1.03122,-0.00228383,0.0166636,0.0266423
10.7401,0.999813,-0.0191905,0.0017004,-0.00140594,0.0151104,0.000378575,0.000844718,0.111559,0.282923,-1.03134,-0.00250763,0.0137962,-0.070717,10.7601,0,-0.00857894,-0.0103267,0.0386857,0.999815,-0.0191149,0.00170227,-0.00140188,0.0843662,-0.102226,0.223275,0.111534,0.283061,-1.03205,-0.00250763,0.0137962,0.0273495
10.7601,0.999816,-0.0190597,0.0017066,-0.00142244,0.0177736,0.000245444,-0.00341635,0.111536,0.283134,-1.03298,-0.00335087,0.00849491,-0.0696035,10.7801,0.0683983,0.0463628,0.0683983,-0.050329,0.999818,-0.0189709,0.00170738,-0.00143969,0.522506,0.541698,-0.266119,0.111503,0.283219,-1.03367,-0.00335188,0.00848382,0.0281721
10.7801,0.999831,-0.0182409,0.00165124,-0.00141275,0.0436063,-0.00414883,0.000578413,0.11136,0.28331,-1.03758,-0.00652908,-0.00431688,-0.0660773,10.8001,0,-0.00653035,-0.0139118,0.0126679,0.999835,-0.0180229,0.00163024,-0.00140984,0.0936539,-0.126405,0.0773565,0.111295,0.283266,-1.03824,-0.00652908,-0.00431688,0.0319892
10.8001,0.999846,-0.0174483,0.00157022,-0.0014198,0.0369484,-0.00481452,0.00151035,0.111097,0.283105,-1.04115,-0.00809012,-0.00722051,-0.0637884,10.8201,0.0118203,0.0328542,0.0118203,0.031932,0.999849,-0.0172636,0.00154602,-0.00141212,0.401687,0.0779164,0.188177,0.111016,0.283033,-1.04179,-0.00809028,-0.00722226,0.0342278
10.8201,0.999848,-0.0173009,0.00154703,-0.00142002,0.0368152,-0.00574659,-8.74037e-05,0.111038,0.28306,-1.04184,-0.00798968,-0.00655917,-0.0632556,10.8401,0,-0.0253066,-0.00231297,0.0242322,0.999851,-0.0171169,0.00151803,-0.00142024,-0.0643736,-0.0345109,0.143184,0.110958,0.282994,-1.04247,-0.00798968,-0.00655917,0.0348109
10.8401,0.999851,-0.017161,0.00152058,-0.00142442,0.034951,-0.00654567,-0.00115266,0.110979,0.283021,-1.04251,-0.00817205,-0.00545515,-0.0628908,10.8601,0,-0.0180521,-0.00241982,-0.00127926,0.999854,-0.0169863,0.00148751,-0.00142989,-0.0070867,-0.0315484,0.000426378,0.110897,0.282967,-1.04314,-0.00817205,-0.00545515,0.0351757
10.8601,0.99986,-0.016649,0.00139778,-0.00141293,0.0266952,-0.00721143,0.000844734,0.110719,0.282954,-1.04515,-0.00883964,-0.000590753,-0.0617388,10.8801,0.0160924,-0.0238257,0.0160924,0.0219869,0.999862,-0.0165156,0.00136161,-0.00140829,-0.0579019,0.114349,0.132331,0.110631,0.282948,-1.04577,-0.00883984,-0.000593033,0.0362593
10.8801,0.999865,-0.0163128,0.00132527,-0.0014008,0.00659255,-0.00414906,-8.73102e-05,0.11038,0.283264,-1.04841,-0.00848364,0.00921953,-0.0598191,10.9001,0.0121662,0.0105159,0.0121662,-0.010937,0.999866,-0.0162798,0.00130447,-0.00140094,0.214572,0.0882617,-0.0522068,0.110295,0.283356,-1.049,-0.00848378,0.00921784,0.0381957
10.9001,0.999865,-0.0162946,0.00131612,-0.00140105,0.00432888,-0.00228483,-8.73182e-05,0.110319,0.283412,-1.04907,-0.00813999,0.0116484,-0.0595869,10.9201,0.0161071,0.0077227,0.0161071,-0.00647919,0.999866,-0.016273,0.00130466,-0.00140133,0.191994,0.119244,-0.0269074,0.110238,0.283528,-1.04967,-0.00814017,0.0116461,0.0384111
10.9201,0.999866,-0.0162787,0.00127223,-0.00140483,0.00139941,-0.00561378,-0.000886271,0.110202,0.28376,-1.05038,-0.00773657,0.0164765,-0.0591188,10.9401,0.032208,0.0104609,0.032208,-0.01283,0.999866,-0.0162717,0.00124408,-0.00140882,0.213589,0.249246,-0.0609658,0.110124,0.283925,-1.05097,-0.00773692,0.016472,0.0388107
10.9401,0.999865,-0.0163229,0.00122836,-0.00141227,-0.0061906,-0.00548064,-0.00101939,0.110088,0.28418,-1.05166,-0.00745887,0.0212258,-0.0584231,10.9601,0.0223875,0.0177672,0.0223875,-0.0273362,0.999865,-0.0163539,0.00120093,-0.00141688,0.272616,0.173027,-0.142991,0.110013,0.284393,-1.05224,-0.00745911,0.0212227,0.0395482
10.9601,0.99986,-0.0166602,0.00119089,-0.00140084,-0.0223027,0.000378307,0.00270902,0.109818,0.285493,-1.05472,-0.00633065,0.0305744,-0.0570558,10.9801,0,-0.00188611,-0.00321828,0.0666574,0.999858,-0.0167716,0.00119317,-0.0013872,0.117298,-0.0441539,0.380744,0.109755,0.285798,-1.05529,-0.00633065,0.0305744,0.0410107
10.9801,0.999852,-0.0171315,0.0012275,-0.00140182,-0.0324227,0.00104402,4.60137e-05,0.109659,0.286792,-1.05713,-0.00428879,0.0353724,-0.0565698,11.0001,0.00449657,0.0493816,0.00449657,-0.00601099,0.999849,-0.0172936,0.00123295,-0.00140148,0.531884,0.0275371,-0.0250454,0.109616,0.287146,-1.0577,-0.00428884,0.0353717,0.0414776
11.0001,0.999849,-0.0172748,0.00121111,-0.00140117,-0.036148,-0.00414932,4.59468e-05,0.109635,0.287214,-1.05784,-0.00400074,0.0364334,-0.0564505,11.0201,0,-0.00531905,-0.016125,-0.00547146,0.999846,-0.0174555,0.00119062,-0.00140037,0.095864,-0.137971,-0.0243862,0.109595,0.287578,-1.0584,-0.00400074,0.0364334,0.041616
11.0201,0.99984,-0.0178054,0.0012142,-0.00140043,-0.0312182,0.00184254,0.000978058,0.109542,0.288911,-1.06058,-0.00344642,0.0366603,-0.0556236,11.0401,0.0231794,-0.0107408,0.0231794,0.0587753,0.999837,-0.0179615,0.00122372,-0.00139552,0.0554076,0.167219,0.339153,0.109508,0.289278,-1.06113,-0.00344666,0.0366568,0.0423443
11.0401,0.99983,-0.018357,0.00130991,-0.00140059,-0.0246934,0.0046389,0.000445485,0.109462,0.290825,-1.06381,-0.00202896,0.0294539,-0.0538097,11.0601,0.0264406,0.0413721,0.0264406,-0.0519223,0.999827,-0.0184804,0.00133332,-0.00139863,0.477648,0.209125,-0.27987,0.109442,0.291119,-1.06434,-0.00202927,0.0294498,0.0441444
11.0601,0.999828,-0.0184587,0.00132172,-0.0013989,-0.0258919,0.00290786,0.000445438,0.109452,0.291161,-1.06443,-0.00162329,0.0277775,-0.053266,11.0801,0.00812299,-0.0257945,0.00812299,0.014713,0.999825,-0.0185881,0.00133648,-0.00139677,-0.0589677,0.0519426,0.0908574,0.109436,0.291439,-1.06496,-0.00162339,0.0277762,0.044766
11.0801,0.999826,-0.0185386,0.00134474,-0.00139425,-0.0204324,0.00570416,0.00124438,0.109444,0.291481,-1.06503,-0.00149905,0.0260603,-0.052769,11.1001,0.028559,-0.00649952,0.028559,0.0294017,0.999824,-0.0186407,0.00137351,-0.00138842,0.0955592,0.213251,0.175338,0.109429,0.291742,-1.06556,-0.00149938,0.0260558,0.045176
11.1001,0.999822,-0.0187367,0.00148845,-0.00135715,0.00313857,0.00490515,0.00310864,0.109388,0.29336,-1.0695,-0.00205021,0.0102865,-0.049671,11.1201,0.000895738,0.00806584,0.000895738,0.0201264,0.999823,-0.0187209,0.00151325,-0.0013421,0.214124,-0.00766944,0.120447,0.109367,0.293463,-1.06999,-0.00205023,0.0102863,0.0483917
11.1201,0.999826,-0.0185456,0.00155554,-0.0013531,0.015256,0.00224202,0.00257598,0.109279,0.294077,-1.07245,-0.00410072,-0.00104602,-0.0480925,11.1401,0.0144788,-0.0641381,0.0144788,-0.0584482,0.999827,-0.0184693,0.00156688,-0.00134055,-0.364655,0.111391,-0.31876,0.109238,0.294066,-1.07293,-0.00410092,-0.0010483,0.0499124
11.1401,0.999827,-0.0184642,0.0015654,-0.00135698,0.0199165,0.00250825,-0.000886087,0.109246,0.294161,-1.07302,-0.00429219,-0.00321262,-0.0475909,11.1601,0.00469081,0.0191012,0.00469081,9.35267e-05,0.999829,-0.0183646,0.00157772,-0.0013618,0.300416,0.0251927,0.00877375,0.109203,0.294129,-1.07349,-0.00429226,-0.00321336,0.0504556
11.1601,0.999829,-0.0183684,0.00157747,-0.00135559,0.0235118,0.003041,0.000445486,0.109212,0.294227,-1.07358,-0.00458587,-0.00504753,-0.0472603,11.1801,0.0157195,0.0158889,0.0157195,-0.00231154,0.999831,-0.0182509,0.00159256,-0.00135383,0.273859,0.11363,-0.00359568,0.109166,0.294177,-1.07405,-0.00458608,-0.00504998,0.0507394
11.1801,0.999841,-0.0176965,0.00156658,-0.00136362,0.0272432,-0.00255141,-0.000619781,0.108897,0.294459,-1.07703,-0.00806167,-0.0123081,-0.0457,11.2001,0.0208184,0.0374027,0.0208184,-0.00272813,0.999844,-0.0175603,0.00155358,-0.00136671,0.440423,0.154794,-0.0052546,0.108816,0.294336,-1.07748,-0.00806195,-0.0123112,0.052278
11.2001,0.99985,-0.0172257,0.00148415,-0.00135558,0.0299064,-0.0028177,4.59915e-05,0.108574,0.294559,-1.07934,-0.0105302,-0.0116381,-0.0445156,11.2201,0.00464194,-0.0277705,0.00464194,-0.0381072,0.999852,-0.0170762,0.00146986,-0.00135533,-0.0840775,0.0302203,-0.205568,0.108469,0.294442,-1.07979,-0.0105303,-0.0116388,0.0535312
11.2201,0.999852,-0.0171166,0.00146975,-0.00134953,0.0268437,-0.00361668,0.00151078,0.108482,0.294584,-1.0799,-0.0110312,-0.010939,-0.0441765,11.2401,0,0.0200411,-0.0155307,-0.0634514,0.999854,-0.0169824,0.00145162,-0.00134187,0.297832,-0.127053,-0.349059,0.108372,0.294475,-1.08034,-0.0110312,-0.010939,0.05389
11.2401,0.999857,-0.0168318,0.0013882,-0.00133388,0.0220501,-0.00960877,-8.71729e-05,0.108187,0.294684,-1.08152,-0.0118301,-0.0080887,-0.0436093,11.2601,0.00233395,-0.0233426,0.00233395,-0.0659166,0.999858,-0.0167217,0.00134001,-0.00133366,-0.0516823,0.0162174,-0.36159,0.108069,0.294604,-1.08196,-0.0118301,-0.00808903,0.0544472
11.2601,0.999861,-0.0165832,0.00121338,-0.00132554,0.010199,-0.0104077,4.60123e-05,0.107775,0.29493,-1.0836,-0.0124544,-0.00169052,-0.0431145,11.2801,0.00108401,0.00306166,0.00108401,0.024786,0.999862,-0.0165323,0.00116128,-0.00132451,0.156862,-0.00428889,0.146324,0.10765,0.294914,-1.08403,-0.0124544,-0.00169068,0.0549474
11.2801,0.999862,-0.0165074,0.00105586,-0.0013529,-0.0028442,-0.00374984,-0.000752858,0.107247,0.295701,-1.08626,-0.0115587,0.00830795,-0.0417886,11.3001,0.0313779,-0.0248712,0.0313779,-0.0236458,0.999862,-0.0165216,0.00103707,-0.00135634,-0.0671661,0.245404,-0.122076,0.107131,0.295784,-1.08668,-0.011559,0.00830354,0.0561444
11.3001,0.999862,-0.016534,0.0010368,-0.00135409,-0.00723841,-0.00481511,-0.000353403,0.107151,0.295952,-1.08683,-0.0111015,0.0105445,-0.0414156,11.3201,0,0.0233778,-0.0192721,0.022269,0.999861,-0.0165703,0.00101274,-0.00135542,0.3192,-0.165136,0.130618,0.10704,0.296057,-1.08725,-0.0111015,0.0105445,0.0566509
11.3201,0.999857,-0.0168444,0.000930212,-0.00134368,-0.0221521,-0.00241829,0.000978169,0.106728,0.297406,-1.08957,-0.00851057,0.0208617,-0.0408862,11.3401,0,0.0383698,-0.000261315,-0.0193741,0.999855,-0.0169552,0.000918354,-0.00133849,0.441692,-0.00650183,-0.100786,0.106643,0.297615,-1.08998,-0.00851057,0.0208617,0.0571803
11.3401,0.999845,-0.0175321,0.000923048,-0.00134355,-0.0328011,0.00184265,0.00124458,0.106347,0.299571,-1.09282,-0.00576383,0.0272936,-0.0399339,11.3601,0.0155086,-0.0350849,0.0155086,0.00566379,0.999842,-0.0176961,0.000932589,-0.00133733,-0.140693,0.115499,0.0405718,0.10629,0.299844,-1.09322,-0.00576395,0.0272913,0.0580666
11.3601,0.999843,-0.0176693,0.000943023,-0.00134317,-0.0349317,0.00490521,0.000179242,0.106299,0.299977,-1.0934,-0.00534165,0.0276915,-0.0396678,11.3801,0,-0.00659953,-0.00346042,-0.0219395,0.999839,-0.0178439,0.000967796,-0.00134255,0.0887315,-0.0321909,-0.1157,0.106245,0.300254,-1.09379,-0.00534165,0.0276915,0.0583987
11.3801,0.99984,-0.017814,0.000962568,-0.00133746,-0.0367959,0.00477216,0.00151088,0.106254,0.30038,-1.09396,-0.00477501,0.0277732,-0.0393145,11.4001,0.00015749,0.00841819,0.00015749,0.0128848,0.999837,-0.0179979,0.000986806,-0.00133015,0.209729,-0.00818608,0.0796931,0.106206,0.300658,-1.09436,-0.00477502,0.0277731,0.0587513
11.4001,0.999824,-0.0186705,0.00103471,-0.00132197,-0.0222816,0.00423955,4.60498e-05,0.106006,0.303,-1.09772,-0.00369876,0.0219998,-0.0384914,11.4201,0.0246331,-0.00904788,0.0246331,-0.0575899,0.999822,-0.0187818,0.00105606,-0.00132202,0.0769101,0.197275,-0.312535,0.105969,0.30322,-1.0981,-0.00369898,0.0219959,0.0594704
11.4201,0.999817,-0.0190363,0.0011765,-0.00129137,-0.0118934,0.00597028,0.0031088,0.105863,0.304552,-1.10063,-0.00304514,0.0119428,-0.0369105,11.4401,0.0116237,0.0224789,0.0116237,0.00736552,0.999816,-0.0190957,0.00120672,-0.00127632,0.331846,0.0826744,0.0498557,0.105832,0.304672,-1.101,-0.00304526,0.0119409,0.0611066
11.4401,0.999817,-0.0190726,0.00119359,-0.00129157,-0.00962967,0.00423922,4.61477e-05,0.105835,0.304801,-1.10118,-0.00320382,0.00981397,-0.0367474,11.4601,0.0249081,-0.0129906,0.0249081,0.00483203,0.999816,-0.0191207,0.00121485,-0.00129168,0.0483089,0.188812,0.0368578,0.105803,0.304899,-1.10155,-0.00320408,0.00980993,0.0612132
11.4601,0.999816,-0.0191049,0.00122028,-0.00129081,-0.00390387,0.00304081,-0.000752792,0.105777,0.305237,-1.10226,-0.00349897,0.00545666,-0.035995,11.4801,0,0.0142453,-0.012975,0.0828356,0.999815,-0.0191244,0.00123543,-0.00129484,0.265552,-0.126021,0.469706,0.105742,0.305291,-1.10262,-0.00349897,0.00545666,0.0620715
11.4801,0.999821,-0.0188339,0.00126896,-0.00126453,0.0184686,0.0037067,-0.000619645,0.105451,0.306249,-1.10629,-0.00678875,-0.0101392,-0.0335617,11.5001,0.0175002,-0.00538415,0.0175002,-0.0104856,0.999823,-0.0187416,0.00128731,-0.00126809,0.107502,0.131353,-0.0498218,0.105383,0.306148,-1.10662,-0.00678894,-0.010142,0.0644304
11.5001,0.999824,-0.0186519,0.00130235,-0.00126156,0.022996,0.00357351,0.000978201,0.105334,0.30636,-1.10737,-0.00669909,-0.0140735,-0.0328775,11.5201,0,0.0058198,-0.0386718,0.0597879,0.999826,-0.0185369,0.00132016,-0.00125715,0.195152,-0.328575,0.337804,0.105267,0.306219,-1.1077,-0.00669909,-0.0140735,0.065189
11.5201,0.999826,-0.0185448,0.00131402,-0.00125654,0.0263249,0.00290768,0.00137769,0.105275,0.306416,-1.10799,-0.00657688,-0.0156583,-0.0329073,11.5401,0.00834726,0.0197433,0.00834726,-0.0191693,0.999829,-0.0184131,0.00132852,-0.00125009,0.306334,0.059301,-0.0992838,0.105209,0.306259,-1.10831,-0.00657697,-0.0156596,0.0651237
11.5401,0.999835,-0.0180899,0.00125838,-0.00124546,0.027392,-0.00814432,-8.70418e-05,0.105015,0.306517,-1.11036,-0.00880468,-0.0190021,-0.0323368,11.5601,0.000838701,0.0237214,0.000838701,-0.011088,0.999837,-0.017953,0.00121749,-0.00124533,0.334513,-0.00151408,-0.0548584,0.104927,0.306327,-1.11069,-0.00880469,-0.0190023,0.0657261
11.5601,0.999848,-0.01738,0.00119916,-0.00123664,0.0245957,-0.00148636,-0.000886095,0.104456,0.306505,-1.11363,-0.0115073,-0.0170404,-0.0307176,11.5801,0,-0.000409067,-0.0099829,-0.0210038,0.99985,-0.0172571,0.0011915,-0.00124109,0.136031,-0.0865254,-0.111655,0.104341,0.306334,-1.11394,-0.0115073,-0.0170404,0.0673489
11.5801,0.99985,-0.0172132,0.00117755,-0.0012428,0.0188699,-0.00228534,-0.000752924,0.104258,0.30652,-1.11464,-0.0114576,-0.0144208,-0.0300413,11.6001,0.0233725,0.011447,0.0233725,0.00630928,0.999852,-0.0171189,0.00116594,-0.00124648,0.228927,0.17678,0.0446124,0.104143,0.306376,-1.11494,-0.0114578,-0.0144242,0.0679258
11.6001,0.999852,-0.0171315,0.00115197,-0.00123763,0.0200683,-0.00641331,0.00124446,0.104158,0.306541,-1.11513,-0.0116344,-0.0128456,-0.0298637,11.6201,0.00186573,-0.00989448,0.00186573,-0.000621092,0.999854,-0.0170312,0.00111989,-0.00123098,0.0578885,0.00569548,0.00356796,0.104042,0.306412,-1.11543,-0.0116344,-0.0128458,0.0681949
11.6201,0.999856,-0.016929,0.00100168,-0.00122607,0.00848358,-0.00960907,0.00164395,0.103735,0.306723,-1.11701,-0.0129002,-0.00608068,-0.028742,11.6401,0,-0.0142231,-0.00556357,-0.0277538,0.999856,-0.0168866,0.000953724,-0.00121708,0.0218721,-0.0488923,-0.149144,0.103606,0.306662,-1.1173,-0.0129002,-0.00608068,0.0693245
11.6401,0.999855,-0.0169747,0.000899722,-0.00123569,-0.0141475,-0.00161991,0.00084506,0.103083,0.307508,-1.11981,-0.012146,0.00512,-0.0267137,11.6601,0.00868099,0.00320763,0.00868099,0.0246061,0.999854,-0.0170455,0.000891782,-0.00123126,0.161145,0.0589328,0.145533,0.102961,0.307559,-1.12008,-0.0121461,0.00511874,0.0713159
11.6601,0.999854,-0.01704,0.000876431,-0.00123041,-0.0168106,-0.00588095,0.00124463,0.102986,0.30774,-1.12033,-0.0114975,0.00722288,-0.0265673,11.6801,0.0316405,-0.0107912,0.0316405,-0.0134331,0.999852,-0.0171241,0.000847239,-0.00122361,0.049697,0.247805,-0.0653624,0.102871,0.307812,-1.12059,-0.0114978,0.00721829,0.0713647
11.6801,0.999851,-0.0171909,0.000807434,-0.00122316,-0.0214712,-0.00920992,4.61414e-05,0.102801,0.308241,-1.12133,-0.0112593,0.0110984,-0.0262504,11.7001,0,0.0148719,-0.032072,0.0333287,0.999849,-0.0172983,0.000761526,-0.00122205,0.256421,-0.267428,0.190434,0.102689,0.308352,-1.12159,-0.0112593,0.0110984,0.0718161
11.7001,0.999847,-0.0174315,0.000728146,-0.00122944,-0.0210717,-0.00574783,-0.000619653,0.102524,0.309055,-1.12276,-0.0112791,0.0150175,-0.0251387,11.7201,0.0246581,-0.0143576,0.0246581,0.0437539,0.999845,-0.0175369,0.000699487,-0.00123196,0.0239208,0.185175,0.254208,0.102412,0.309206,-1.12301,-0.0112793,0.0150139,0.072823
11.7201,0.999836,-0.0180322,0.000727271,-0.00124837,-0.0358522,0.00250799,0.000445594,0.102098,0.310475,-1.12495,-0.00885214,0.017979,-0.0239374,11.7401,0.00843138,0.0472992,0.00843138,0.0198076,0.999833,-0.0182114,0.000740073,-0.00124624,0.522195,0.0592447,0.11893,0.102009,0.310655,-1.12519,-0.00885219,0.0179777,0.0740932
11.7401,0.999829,-0.0184237,0.000745622,-0.00122366,-0.0291943,-0.000288374,-0.0010191,0.101906,0.311392,-1.1263,-0.00720729,0.0182166,-0.0234465,11.7601,0,-0.00163686,-0.00546862,-0.0366452,0.999827,-0.0185697,0.000744265,-0.00122861,0.134468,-0.0443173,-0.198901,0.101834,0.311574,-1.12653,-0.00720729,0.0182166,0.0746199
11.7601,0.999827,-0.0185498,0.000737887,-0.00121216,-0.0321193,-0.00201984,0.00284252,0.101856,0.311733,-1.12682,-0.00672823,0.0176113,-0.0234749,11.7801,0,-4.6089e-05,-0.0100343,-0.00721393,0.999824,-0.0187104,0.000728248,-0.00119765,0.148159,-0.0850933,-0.034646,0.101788,0.311909,-1.12706,-0.00672823,0.0176113,0.0745916
11.7801,0.999818,-0.019013,0.00076569,-0.0011993,-0.021596,0.00423804,-0.000220086,0.101651,0.313442,-1.12974,-0.00648653,0.0098719,-0.0228942,11.8001,0,-0.0130906,-0.0228778,0.0433619,0.999816,-0.019121,0.000786985,-0.00120072,0.0471568,-0.195828,0.246998,0.101587,0.313541,-1.12997,-0.00648653,0.0098719,0.0751723
11.8001,0.999813,-0.0192542,0.000895423,-0.0012125,-0.00495124,0.00450435,-0.00155172,0.101465,0.314723,-1.13249,-0.00489421,0.000316987,-0.0213143,11.8201,0.0373587,0.00216583,0.0373587,0.0145743,0.999813,-0.0192789,0.000917821,-0.00122067,0.170766,0.289432,0.0924245,0.101416,0.314726,-1.1327,-0.0048945,0.000310866,0.0765934
11.8201,0.999813,-0.0192613,0.000907677,-0.00120415,-0.00242123,0.00303962,0.00217671,0.101437,0.314918,-1.133,-0.00456121,-0.00171595,-0.0209592,11.8401,0.0333035,0.0193212,0.0333035,0.0158816,0.999813,-0.0192733,0.000923097,-0.00119355,0.308061,0.256862,0.0993482,0.101391,0.314901,-1.13321,-0.00456147,-0.00172141,0.0769656
11.8401,0.999814,-0.0192284,0.000919481,-0.00119887,0.00703298,0.00224066,0.000312481,0.101345,0.315377,-1.13447,-0.00539599,-0.00806152,-0.0197129,11.8601,0.00366016,1.16329e-05,0.00366016,-0.0299713,0.999815,-0.0191932,0.00093067,-0.00119755,0.154036,0.0265339,-0.160703,0.101291,0.315297,-1.13466,-0.00539602,-0.00806212,0.078338
11.8601,0.999819,-0.0189703,0.00100344,-0.00120467,0.0190204,0.00530319,-0.00061968,0.101138,0.315846,-1.13689,-0.00658146,-0.0167511,-0.0166507,11.8801,0,0.00683119,-0.0270494,-0.0169056,0.999821,-0.0188752,0.00102978,-0.00120836,0.206718,-0.221748,-0.0907469,0.101073,0.315678,-1.13706,-0.00658146,-0.0167511,0.0814158
11.8801,0.999827,-0.018522,0.00107255,-0.00122769,0.0251457,-0.000156221,-0.00275028,0.100911,0.316052,-1.13934,-0.00727983,-0.0225653,-0.0149164,11.9001,0.0119202,0.0092051,0.0119202,-0.0237464,0.999829,-0.0183963,0.00107136,-0.00124156,0.221832,0.0903772,-0.124793,0.100838,0.315826,-1.13949,-0.00727994,-0.0225672,0.0830994
11.9001,0.999829,-0.0184217,0.00105694,-0.00125039,0.0244799,-0.00375157,-0.00567967,0.100858,0.316055,-1.1398,-0.00780398,-0.0234788,-0.0146457,11.9201,0,0.0603086,-0.00772313,0.0324472,0.999831,-0.0182993,0.00103751,-0.00127857,0.629212,-0.0743885,0.188219,0.10078,0.31582,-1.13994,-0.00780398,-0.0234788,0.0834208
11.9201,0.999833,-0.0182158,0.00104859,-0.00126904,0.025412,0.000642642,-0.00275013,0.100739,0.316038,-1.14067,-0.00877861,-0.0238814,-0.0141029,11.9401,0.0424687,0.0276366,0.0424687,-0.0230677,0.999835,-0.0180888,0.00105139,-0.00128298,0.366319,0.33496,-0.117567,0.100651,0.315799,-1.14082,-0.00877899,-0.023888,0.083783
11.9401,0.99984,-0.0178375,0.00108172,-0.00126569,0.0222205,0.0019741,0.000711845,0.100452,0.316109,-1.14252,-0.0107201,-0.0215124,-0.0132324,11.9601,0,0.00160379,-0.021572,0.0141256,0.999842,-0.0177264,0.00109152,-0.00126243,0.155577,-0.183198,0.0840313,0.100345,0.315894,-1.14265,-0.0107201,-0.0215124,0.0848341
11.9601,0.999847,-0.0174484,0.000959896,-0.00125973,0.0143642,-0.00854539,0.000179296,0.100024,0.316432,-1.14486,-0.0127641,-0.0152888,-0.0125183,11.9801,0.0255231,-0.0143664,0.0255231,-0.0165701,0.999848,-0.0173766,0.000917101,-0.00125816,0.0244645,0.198647,-0.0833114,0.0998963,0.316279,-1.14498,-0.0127643,-0.0152926,0.0854397
11.9801,0.999847,-0.0173996,0.000930905,-0.00126353,0.0115679,-0.0072138,-0.00101916,0.0999255,0.316514,-1.14529,-0.0132492,-0.0138103,-0.0121442,12.0001,0,-0.00238843,-0.0185072,-0.0209852,0.999848,-0.0173419,0.00089468,-0.00126805,0.120381,-0.152582,-0.112242,0.099793,0.316376,-1.14541,-0.0132492,-0.0138103,0.0859223
12.0001,0.999848,-0.017371,0.00089474,-0.00127783,0.000382615,-0.00495013,-0.00248389,0.099719,0.316705,-1.14613,-0.0137594,-0.00992673,-0.0116348,12.0201,0.0154732,-0.000114027,0.0154732,-0.0181972,0.999848,-0.0173691,0.000869774,-0.00128982,0.137988,0.119138,-0.0932305,0.0995814,0.316606,-1.14624,-0.0137595,-0.00992902,0.0863659
12.0201,0.999845,-0.017535,0.000740564,-0.00127219,-0.0117348,-0.011608,-0.000486525,0.099114,0.317691,-1.14849,-0.0130469,0.00334731,-0.00993321,12.0401,0.00594946,-0.0102605,0.00594946,-0.0396583,0.999844,-0.0175938,0.000682565,-0.00127356,0.0582633,0.0471277,-0.214392,0.0989836,0.317725,-1.14859,-0.0130469,0.00334642,0.088108
12.0401,0.99984,-0.0178355,0.00063323,-0.00127361,-0.0215832,-0.00135553,-0.000220165,0.0987434,0.318816,-1.15022,-0.0134722,0.0093398,-0.00905551,12.0601,0,-0.00394136,-0.0152529,0.0111302,0.999838,-0.0179434,0.000626571,-0.00127452,0.111231,-0.128697,0.0679128,0.0986087,0.31891,-1.15032,-0.0134722,0.0093398,0.089011
12.0601,0.999838,-0.017942,0.000618401,-0.00126789,-0.0273091,-0.00375233,0.00137779,0.0986498,0.319113,-1.15063,-0.0130505,0.0104956,-0.0089186,12.0801,0.019386,-0.0109045,0.019386,-0.0421278,0.999836,-0.0180785,0.000599939,-0.00126058,0.0561628,0.156058,-0.226875,0.0985193,0.319218,-1.15072,-0.0130506,0.0104926,0.0890654
12.0801,0.999836,-0.0180672,0.000615408,-0.00125703,-0.0319696,-0.000822968,0.00270929,0.0985609,0.319414,-1.15103,-0.0122117,0.0115155,-0.00853713,12.1001,0,0.0347843,-0.0359678,-0.0219057,0.999833,-0.018227,0.000611739,-0.00124332,0.42302,-0.289095,-0.119142,0.0984388,0.319529,-1.15111,-0.0122117,0.0115155,0.0895294
12.1001,0.999824,-0.0187179,0.000586286,-0.00125141,-0.0350322,-0.00428503,0.00164421,0.0981956,0.320942,-1.15284,-0.00936507,0.014595,-0.00740837,12.1201,0.0370668,0.0362673,0.0370668,0.0634981,0.999821,-0.018893,0.000565237,-0.00124269,0.438657,0.282662,0.366515,0.098102,0.321088,-1.15291,-0.00936526,0.0145891,0.0905005
12.1201,0.999813,-0.0193136,0.000562246,-0.00124849,-0.0305012,0.00197262,0.00137778,0.0979107,0.322477,-1.15467,-0.00855657,0.0115041,-0.00597992,12.1401,0,0.0326329,-0.0245609,-0.0503066,0.99981,-0.019466,0.00057243,-0.0012417,0.41567,-0.19284,-0.277241,0.0978251,0.322592,-1.15473,-0.00855657,0.0115041,0.0920866
12.1401,0.99981,-0.0194318,0.000571794,-0.00124422,-0.0302349,0.00237201,0.00111148,0.0978643,0.32278,-1.15508,-0.00836502,0.0101349,-0.00578224,12.1601,0,-0.0066794,-0.00295673,-0.0462017,0.999807,-0.019583,0.000583948,-0.00123881,0.1021,-0.0211029,-0.252063,0.0977807,0.322881,-1.15514,-0.00836502,0.0101349,0.0922843
12.1601,0.999804,-0.0197268,0.000628431,-0.00123998,-0.0195823,0.00610048,-8.6894e-05,0.0977462,0.323586,-1.15626,-0.00632667,0.00528662,-0.00538621,12.1801,0,-0.0191875,-0.0241349,-0.0234471,0.999802,-0.0198246,0.00065904,-0.00124095,0.00458299,-0.194555,-0.127073,0.0976829,0.323639,-1.15632,-0.00632667,0.00528662,0.0926803
12.1801,0.999799,-0.0199968,0.000677566,-0.00123688,-0.0056007,0.00543467,-0.00221748,0.097623,0.324538,-1.158,-0.00468997,-0.00534074,-0.00345683,12.2001,0.0112499,-0.0186228,0.0112499,0.0172923,0.999798,-0.0200248,0.000704547,-0.00124849,0.0107556,0.0816117,0.10493,0.0975761,0.324485,-1.15804,-0.00469004,-0.00534265,0.0945618
12.2001,0.9998,-0.0199526,0.00075434,-0.00125125,0.00625503,0.00689863,-0.000619613,0.0975813,0.325057,-1.15974,-0.00397665,-0.0154626,-0.00251833,12.2201,0.0220707,-0.0149503,0.0220707,0.0152168,0.9998,-0.0199212,0.000788725,-0.00125506,0.0396541,0.16792,0.0946034,0.0975416,0.324903,-1.15976,-0.0039768,-0.0154664,0.0954543
12.2201,0.999801,-0.0199189,0.000790579,-0.00125723,0.00771979,0.0091623,-0.00128542,0.0975775,0.325151,-1.16021,-0.00383471,-0.017701,-0.00221369,12.2401,0,-0.0172629,-0.0169705,0.0331956,0.999801,-0.0198803,0.000836205,-0.0012646,0.021102,-0.14752,0.190923,0.0975392,0.324974,-1.16024,-0.00383471,-0.017701,0.0958528
12.2401,0.999806,-0.0196504,0.000884662,-0.00125999,0.0207693,0.004635,-0.00141858,0.0975646,0.325305,-1.16198,-0.00361054,-0.0258366,-0.0013479,12.2601,0.0202449,-0.00521898,0.0202449,-0.0327265,0.999808,-0.0195465,0.000907563,-0.00126763,0.115368,0.159948,-0.17398,0.0975285,0.325047,-1.162,-0.0036107,-0.02584,0.0966325
12.2601,0.999816,-0.0191192,0.000969921,-0.00127333,0.0256961,0.00450183,-0.00035335,0.0975074,0.325071,-1.16392,-0.00471649,-0.0330501,-6.30388e-05,12.2801,0,-0.0155603,-0.0273791,0.00145658,0.999818,-0.0189907,0.000992228,-0.00127565,0.0286851,-0.227129,0.0122665,0.0974603,0.32474,-1.16392,-0.00471649,-0.0330501,0.0980035
12.2801,0.99982,-0.0188876,0.00101137,-0.00128477,0.0287587,0.00556708,-0.000885961,0.0974685,0.324882,-1.16461,-0.00520847,-0.0343289,0.000609788,12.3001,0.0209102,0.0211122,0.0209102,-0.0497928,0.999823,-0.0187438,0.00103893,-0.00128988,0.319902,0.166915,-0.269276,0.0974164,0.324539,-1.1646,-0.00520866,-0.0343322,0.0985874
12.3001,0.999822,-0.0187717,0.00102157,-0.00128391,0.0284924,0.00263746,0.000312437,0.0974525,0.324809,-1.16502,-0.00540174,-0.0346111,0.00090675,12.3201,0,0.00672388,-0.0514003,-0.0496238,0.999825,-0.0186293,0.00103461,-0.00128274,0.204502,-0.41176,-0.276038,0.0973985,0.324463,-1.16501,-0.00540174,-0.0346111,0.0989733
12.3201,0.999834,-0.0181668,0.00104193,-0.00128294,0.0284946,0.00237083,-0.000886021,0.0973131,0.324387,-1.16689,-0.00745412,-0.0334896,0.00213871,12.3401,0.00183599,0.0287846,0.00183599,0.0534404,0.999836,-0.0180244,0.00105352,-0.00128773,0.374841,-0.00110585,0.306742,0.0972385,0.324052,-1.16687,-0.00745414,-0.0334898,0.100197
12.3401,0.999842,-0.0177195,0.000986991,-0.00126326,0.0101188,-0.00215652,4.61336e-05,0.097017,0.323924,-1.16875,-0.0101758,-0.0258785,0.00350317,12.3601,0.00112114,-0.036464,0.00112114,0.0145434,0.999843,-0.0176689,0.00097615,-0.00126288,-0.150146,-0.00135225,0.0884086,0.0969152,0.323665,-1.16872,-0.0101758,-0.0258786,0.101565
12.3601,0.999843,-0.0176667,0.000976927,-0.00126889,0.0127819,-0.00242283,-0.00141862,0.0969518,0.323875,-1.16903,-0.0107862,-0.0240692,0.00372742,12.3801,0.00251809,-0.0340665,0.00251809,-0.105814,0.999844,-0.0176028,0.000964609,-0.00127584,-0.13123,0.0269839,-0.585341,0.0968439,0.323634,-1.16899,-0.0107862,-0.0240696,0.101783
12.3801,0.999844,-0.0176146,0.000966442,-0.00126866,0.0126488,-0.00255602,4.61231e-05,0.0968829,0.323836,-1.16929,-0.0109267,-0.0223447,0.0037586,12.4001,0.0234831,-0.0280753,0.0234831,-0.0600213,0.999845,-0.0175514,0.000953588,-0.00126827,-0.0837739,0.188296,-0.326815,0.0967736,0.323613,-1.16925,-0.0109269,-0.0223482,0.101725
12.4001,0.999844,-0.0175715,0.000889293,-0.00127056,-0.0061265,-0.0070834,0.0003124,0.0965124,0.323799,-1.17048,-0.0116691,-0.0137071,0.00469509,12.4201,0.0129181,-0.011301,0.0129181,-0.0182988,0.999844,-0.0176021,0.000853948,-0.00126835,0.0501325,0.0986742,-0.0941298,0.0963957,0.323662,-1.17043,-0.0116692,-0.013709,0.102707
12.4201,0.999839,-0.0178678,0.000752545,-0.00130837,-0.0199711,-0.00814946,-0.00421497,0.0961423,0.32426,-1.17186,-0.0131372,-0.00475257,0.00510782,12.4401,0,-0.024702,-0.0291713,0.0216755,0.999837,-0.0179677,0.000711558,-0.00132864,-0.0546055,-0.242704,0.12566,0.0960109,0.324213,-1.1718,-0.0131372,-0.00475257,0.103174
12.4401,0.999838,-0.0179528,0.000738309,-0.00131539,-0.0217021,-0.00348899,-0.00181818,0.0960638,0.324393,-1.17212,-0.013119,-0.00326754,0.00541781,12.4601,0.00481685,-0.0499089,0.00481685,0.0391033,0.999836,-0.0180614,0.000720846,-0.00132409,-0.256156,0.0264927,0.226572,0.0959326,0.324361,-1.17207,-0.013119,-0.00326827,0.103464
12.4601,0.999833,-0.018243,0.000674958,-0.00130408,-0.0262295,-0.00841583,0.000978201,0.0958317,0.324821,-1.17286,-0.0123566,-0.000665317,0.00564386,12.4801,0.0241576,-0.0417867,0.0241576,-0.0442228,0.99983,-0.0183742,0.000633146,-0.00129833,-0.18862,0.193859,-0.238009,0.0957082,0.324814,-1.17281,-0.0123568,-0.000669067,0.103608
12.4801,0.999822,-0.0188015,0.000583673,-0.00132056,-0.0278274,-0.00348901,-0.00141859,0.0954866,0.325511,-1.17392,-0.0109847,-0.000762905,0.00673721,12.5001,0.0129564,-0.0112165,0.0129564,-0.0419905,0.99982,-0.0189406,0.000566281,-0.00132724,0.0605998,0.105165,-0.22639,0.0953768,0.325504,-1.17385,-0.0109847,-0.000764978,0.104749
12.5001,0.999816,-0.0191236,0.000576747,-0.00132141,-0.0246316,0.000505734,0.000179292,0.0952892,0.325849,-1.17444,-0.0103147,-0.00294262,0.00791625,12.5201,0.0123819,-0.0150446,0.0123819,0.00154953,0.999814,-0.0192467,0.000579455,-0.00132049,0.0324868,0.0940277,0.0173517,0.0951861,0.325819,-1.17436,-0.0103148,-0.00294463,0.10593
12.5201,0.999813,-0.0192799,0.00054807,-0.00131409,-0.0177048,-0.00468849,0.000578779,0.095201,0.326101,-1.17494,-0.00964011,-0.00509621,0.00861746,12.5401,0.0170693,-0.00939862,0.0170693,0.00742981,0.999811,-0.0193684,0.000524804,-0.0013107,0.0788188,0.130901,0.0507705,0.0951046,0.32605,-1.17485,-0.00964019,-0.00509901,0.106611
12.5401,0.999809,-0.0194721,0.000510857,-0.00130431,-0.0138432,-0.00295741,0.00217668,0.095089,0.32641,-1.1757,-0.00911106,-0.00980187,0.00909409,12.5601,0.00502847,-0.00949095,0.00502847,-0.0276324,0.999808,-0.0195413,0.000496375,-0.0012931,0.0798554,0.0403405,-0.14689,0.0949979,0.326312,-1.1756,-0.00911108,-0.00980271,0.107139
12.5601,0.999806,-0.0196483,0.000516684,-0.00130915,-0.00997909,0.00250132,-0.00141869,0.0949957,0.326676,-1.17678,-0.00745223,-0.0166413,0.00967383,12.5801,0.021089,-0.018895,0.021089,0.0330771,0.999805,-0.0196981,0.000529114,-0.00131646,0.00554877,0.159152,0.194786,0.0949212,0.326509,-1.17668,-0.00745233,-0.0166449,0.107651
12.5801,0.999807,-0.0195976,0.000553137,-0.00131828,0.00932883,0.00170237,-0.00035343,0.0949335,0.326598,-1.1779,-0.00565319,-0.0259867,0.0101215,12.6001,0,-0.000510354,-0.0138559,0.0314447,0.999808,-0.0195509,0.000561551,-0.00132024,0.152613,-0.120183,0.181912,0.094877,0.326338,-1.1778,-0.00565319,-0.0259867,0.108188
12.6001,0.999808,-0.0195399,0.000560201,-0.00130766,0.0139894,0.00183547,0.00270926,0.094924,0.326525,-1.1781,-0.00553784,-0.028019,0.0100991,12.6201,0.0284938,-0.0158436,0.0284938,0.028125,0.999809,-0.01947,0.00056955,-0.00129434,0.0290255,0.218867,0.167854,0.0948686,0.326244,-1.178,-0.00553798,-0.0280237,0.108044
12.6201,0.999812,-0.0193528,0.000604142,-0.00128477,0.0157204,0.00223497,0.0017771,0.094892,0.326191,-1.17865,-0.00541475,-0.033257,0.0106497,12.6401,0.00948868,0.00459574,0.00948868,0.0272217,0.999813,-0.0192742,0.000615386,-0.00127615,0.191287,0.0668967,0.160648,0.0948379,0.325858,-1.17854,-0.0054148,-0.0332586,0.108676
12.6401,0.999819,-0.018975,0.000714244,-0.00127489,0.0202506,0.00689517,0.000711813,0.0948776,0.325536,-1.17968,-0.00416798,-0.0373602,0.011571,12.6601,0.0272581,-0.00250478,0.0272581,0.00494408,0.999821,-0.0188737,0.000748652,-0.00127206,0.1314,0.211538,0.0377049,0.0948359,0.325163,-1.17956,-0.00416815,-0.0373646,0.109522
12.6601,0.999826,-0.0185946,0.000786742,-0.00128634,0.0254438,0.00463152,0.00111133,0.0948723,0.324915,-1.18039,-0.00442305,-0.0378945,0.0123868,12.6801,0,-0.00496538,-0.00111291,-0.0104745,0.999828,-0.0184673,0.000809836,-0.00128131,0.109108,-0.0136882,-0.0515819,0.094828,0.324536,-1.18026,-0.00442305,-0.0378945,0.110453
12.6801,0.999828,-0.0185017,0.000815544,-0.0012826,0.0227806,0.00729469,0.00111124,0.094866,0.324748,-1.18054,-0.00467807,-0.0380878,0.0124197,12.7001,0,0.0222988,-0.0061551,0.0129458,0.99983,-0.0183878,0.000851968,-0.00127781,0.3263,-0.0574417,0.0791281,0.0948192,0.324367,-1.18042,-0.00467807,-0.0380878,0.110486
12.7001,0.999831,-0.0183311,0.00085541,-0.0012865,0.0209164,0.00489782,-8.71542e-05,0.0948433,0.324404,-1.18083,-0.00527917,-0.0377903,0.012927,12.7201,0.0167779,-0.00429757,0.0167779,-0.0325387,0.999833,-0.0182265,0.000879753,-0.00128748,0.112224,0.132089,-0.173285,0.0947905,0.324026,-1.1807,-0.00527929,-0.0377929,0.110922
12.7201,0.999837,-0.0180189,0.000907197,-0.00128726,0.00933557,0.00343243,-0.000353504,0.0947472,0.323739,-1.18187,-0.00755352,-0.0312449,0.012491,12.7401,0,-0.00513252,-0.0205902,0.0372274,0.999837,-0.0179723,0.000924264,-0.00128938,0.102908,-0.177365,0.213537,0.0946717,0.323427,-1.18175,-0.00755352,-0.0312449,0.110557
12.7401,0.999838,-0.0179236,0.00090808,-0.00127862,0.00360978,-0.000828631,0.00177701,0.094653,0.323519,-1.18233,-0.00840756,-0.0268951,0.0125068,12.7601,0,-0.0161752,-0.0469888,0.00513155,0.999838,-0.0179056,0.000904073,-0.00126968,0.0142725,-0.384006,0.0310848,0.094569,0.32325,-1.1822,-0.00840756,-0.0268951,0.110573
12.7601,0.999838,-0.017911,0.00089965,-0.00127947,0.00267767,-0.00202705,-0.000220338,0.0946149,0.323461,-1.18247,-0.00887317,-0.025443,0.0123786,12.7801,0.0164928,-0.00544713,0.0164928,0.0156538,0.999839,-0.0178976,0.00088948,-0.00128041,0.099397,0.122427,0.0964372,0.0945261,0.323206,-1.18234,-0.0088733,-0.0254456,0.110375
12.7801,0.999839,-0.0179039,0.000879337,-0.00129867,-0.00118393,-0.00189388,-0.00275035,0.0945271,0.323364,-1.18272,-0.0094567,-0.022914,0.0125901,12.8001,0,-0.00276886,-0.0223745,0.0180467,0.999838,-0.0179098,0.00086963,-0.00131224,0.12113,-0.188612,0.106058,0.0944325,0.323135,-1.1826,-0.0094567,-0.022914,0.110657
12.8001,0.999835,-0.0181008,0.000808325,-0.00130262,-0.0166262,-0.00522385,-0.000619796,0.0942837,0.323386,-1.1834,-0.0109096,-0.0154941,0.0127339,12.8201,0.0279496,0.0233402,0.0279496,0.0398754,0.999834,-0.018184,0.000782262,-0.00130518,0.330737,0.211572,0.233488,0.0941746,0.323231,-1.18327,-0.0109098,-0.0154985,0.110681
12.8201,0.999828,-0.0184638,0.000677578,-0.00129998,-0.0182241,-0.00335962,0.00137751,0.0940151,0.323781,-1.18412,-0.0116367,-0.00956487,0.0131942,12.8401,0,0.00100846,-0.0172357,0.010098,0.999827,-0.018555,0.000661028,-0.00129272,0.155872,-0.144763,0.0620393,0.0938987,0.323686,-1.18399,-0.0116367,-0.00956487,0.111261
12.8401,0.999827,-0.0185329,0.000661978,-0.00128888,-0.0178246,-0.00389223,0.00270915,0.0939583,0.323868,-1.18424,-0.0115124,-0.0094439,0.0136132,12.8601,0,-0.0141667,-0.036257,-0.0151671,0.999826,-0.0186221,0.000642886,-0.00127491,0.0352739,-0.293194,-0.0815251,0.0938432,0.323774,-1.1841,-0.0115124,-0.0094439,0.11168
12.8601,0.999824,-0.0187022,0.000645922,-0.00128663,-0.021553,-0.00242752,-0.000619784,0.0938463,0.324026,-1.18445,-0.0110825,-0.00980244,0.0139821,12.8801,0,-0.0171372,-0.0140897,-0.0375897,0.999822,-0.0188099,0.000633867,-0.00128944,0.012741,-0.112413,-0.204805,0.0937355,0.323928,-1.18431,-0.0110825,-0.00980244,0.112049
12.8801,0.999816,-0.0191343,0.000582768,-0.00128134,-0.0220857,-0.00402539,0.00364126,0.0935948,0.324313,-1.18485,-0.00949514,-0.0118951,0.0145462,12.9001,0,0.0322433,-0.00705463,-0.0243571,0.999814,-0.0192447,0.000563135,-0.00126268,0.41103,-0.0570259,-0.129856,0.0934999,0.324194,-1.1847,-0.00949514,-0.0118951,0.112613
12.9001,0.999811,-0.0194139,0.000509641,-0.00126855,-0.01476,-0.00589134,-0.00088616,0.0934701,0.324445,-1.18526,-0.00876957,-0.0155326,0.0143565,12.9201,0.0103535,-0.00897173,0.0103535,-0.0472653,0.999809,-0.0194877,0.000480198,-0.00127237,0.0834505,0.0859903,-0.25644,0.0933824,0.32429,-1.18512,-0.00876961,-0.0155343,0.112379
12.9201,0.99981,-0.0194609,0.000493487,-0.00127286,-0.01223,-0.00389392,-0.00115253,0.0934539,0.324464,-1.1854,-0.00842065,-0.0167241,0.0144118,12.9401,0.021588,-0.0453513,0.021588,0.00522313,0.999808,-0.019522,0.000473987,-0.00127821,-0.207493,0.167453,0.0385902,0.0933697,0.324297,-1.18526,-0.00842074,-0.0167277,0.112386
12.9401,0.999808,-0.019545,0.000506231,-0.00128752,-0.00397425,0.0023645,0.00124434,0.093425,0.324421,-1.18578,-0.0063507,-0.021972,0.0142838,12.9601,0,0.0386047,-0.00481796,-0.00385581,0.999808,-0.0195648,0.000518198,-0.00128152,0.465084,-0.0415825,-0.0148017,0.0933614,0.324201,-1.18564,-0.0063507,-0.021972,0.11235
12.9601,0.999808,-0.0195685,0.000594061,-0.00129966,0.00255246,0.00169753,-0.000486799,0.0935418,0.324095,-1.18656,-0.00270565,-0.029834,0.0143727,12.9801,0,-0.042761,-0.0166468,-0.0496007,0.999808,-0.0195557,0.000602483,-0.00130227,-0.185423,-0.13057,-0.272415,0.0935148,0.323796,-1.18641,-0.00270565,-0.029834,0.112439
12.9801,0.999811,-0.0194102,0.000608707,-0.00129948,0.0144035,0.00223013,4.58703e-05,0.0936972,0.323611,-1.18719,-0.00247376,-0.0351736,0.0146068,13.0001,0,0.0189496,-0.00154562,-0.0348882,0.999812,-0.0193382,0.000619767,-0.00129951,0.306913,-0.0116139,-0.188169,0.0936725,0.323259,-1.18704,-0.00247376,-0.0351736,0.112673
13.0001,0.999812,-0.0193541,0.000638224,-0.00129834,0.0136046,0.00755649,0.000445358,0.0937341,0.323455,-1.18732,-0.00214018,-0.0364089,0.0145446,13.0201,0.00978958,-0.0475612,0.00978958,0.0219463,0.999813,-0.019286,0.000675954,-0.00129689,-0.226019,0.0693114,0.131028,0.0937127,0.323091,-1.18718,-0.00214024,-0.0364105,0.112569
13.0201,0.999816,-0.0191215,0.000811463,-0.00130871,0.0142704,0.0142144,0.000312117,0.0939117,0.322734,-1.1879,-0.000605045,-0.0410949,0.0147651,13.0401,0.0374286,0.00161882,0.0374286,0.0100081,0.999817,-0.0190501,0.000882458,-0.00130856,0.165348,0.291373,0.0673734,0.0939057,0.322323,-1.18775,-0.000605311,-0.041101,0.112672
13.0401,0.999824,-0.0186723,0.000907173,-0.00130457,0.0214634,0.00276194,0.00217628,0.0941912,0.321763,-1.18882,-0.00150144,-0.0429768,0.0149238,13.0601,0.0490335,-0.0407711,0.0490335,-0.00929839,0.999826,-0.018565,0.000921043,-0.00129404,-0.177488,0.385921,-0.0398514,0.0941762,0.321333,-1.18867,-0.00150183,-0.0429846,0.112782
13.0601,0.999828,-0.0185037,0.000922449,-0.00129734,0.0195992,0.00382722,4.58235e-05,0.0942666,0.321339,-1.18914,-0.00317122,-0.0427889,0.0150374,13.0801,0,-0.0240163,-0.0238038,0.0281459,0.999829,-0.0184057,0.000941459,-0.00129756,-0.0441721,-0.202186,0.162257,0.0942349,0.320911,-1.18899,-0.00317122,-0.0427889,0.113104
13.0801,0.999829,-0.0184231,0.000952419,-0.00129734,0.0197323,0.00768873,0.000178917,0.0943068,0.321162,-1.18938,-0.00361871,-0.0420819,0.0149028,13.1001,0,0.00809248,-0.0119555,0.0185704,0.999831,-0.0183244,0.000990744,-0.00129724,0.212055,-0.105898,0.110049,0.0942706,0.320741,-1.18923,-0.00361871,-0.0420819,0.112969
13.1001,0.999834,-0.0181337,0.0010773,-0.00130654,0.011612,0.00182903,-0.000220684,0.094468,0.320342,-1.19045,-0.00401962,-0.0361669,0.0146611,13.1201,0.0076657,-0.0408998,0.0076657,-0.0177461,0.999835,-0.0180756,0.00108635,-0.00130788,-0.18215,0.0548527,-0.0915206,0.0944278,0.31998,-1.1903,-0.00401969,-0.0361681,0.112695
13.1201,0.999836,-0.0180282,0.00104477,-0.00130893,-0.00130436,-0.00349732,0.000178779,0.0945554,0.319699,-1.1913,-0.00611894,-0.0290265,0.0151065,13.1401,0,0.0176889,-0.00894054,-0.0189248,0.999836,-0.0180348,0.00102731,-0.00130772,0.285912,-0.076953,-0.0994334,0.0944942,0.319409,-1.19115,-0.00611894,-0.0290265,0.113173
13.1401,0.999835,-0.0180729,0.00101178,-0.00131401,-0.00742964,-0.00389679,-0.000353846,0.0945478,0.319494,-1.19158,-0.00772567,-0.0265396,0.0155158,13.1601,0.0060333,-0.00356178,0.0060333,-0.0208384,0.999835,-0.01811,0.000992316,-0.00131539,0.116164,0.0431416,-0.108729,0.0944705,0.319228,-1.19142,-0.00772572,-0.0265406,0.113557
13.1601,0.999834,-0.0181613,0.00100291,-0.0013184,-0.0111581,0.00103008,-0.000753335,0.0945145,0.319319,-1.19182,-0.00839471,-0.0234449,0.0156618,13.1801,0,-0.031921,-0.00311018,0.011289,0.999833,-0.0182171,0.00100806,-0.0013222,-0.110177,-0.0348728,0.0700911,0.0944306,0.319084,-1.19167,-0.00839471,-0.0234449,0.113728
13.1801,0.999829,-0.0184296,0.000962334,-0.0013079,-0.0146202,-0.00789153,-0.000353779,0.0944123,0.319018,-1.19231,-0.00819343,-0.018066,0.0161333,13.2001,0.0129401,-0.0455212,0.0129401,0.0163332,0.999828,-0.0185028,0.000922946,-0.00130887,-0.217116,0.09293,0.0998553,0.0943304,0.318838,-1.19215,-0.00819354,-0.018068,0.114145
13.2001,0.999821,-0.0188504,0.000785282,-0.0012963,-0.0230062,-0.00749356,0.0013771,0.0942909,0.318865,-1.19285,-0.0101197,-0.0165354,0.0172241,13.2201,0.0140372,0.0164189,0.0140372,0.00147112,0.999819,-0.0189655,0.0007481,-0.00128862,0.281941,0.105945,0.0170483,0.0941897,0.318699,-1.19268,-0.0101198,-0.0165376,0.115231
13.2201,0.999818,-0.0190314,0.000785584,-0.00129597,-0.0235388,0.00169435,-8.76034e-05,0.0942471,0.318848,-1.19316,-0.0100233,-0.0167866,0.0173778,13.2401,0.00725426,-0.0126489,0.00725426,0.022528,0.999815,-0.0191491,0.000794198,-0.00129647,0.0508071,0.04818,0.134106,0.0941469,0.31868,-1.19299,-0.0100233,-0.0167878,0.115413
13.2401,0.999815,-0.0191838,0.000775077,-0.00130556,-0.0174135,-0.0025667,-0.00195175,0.0942103,0.318809,-1.19344,-0.00863079,-0.0174408,0.0177102,13.2601,0.00525423,-0.0282143,0.00525423,-0.0418368,0.999813,-0.0192709,0.000762173,-0.00131501,-0.0721951,0.0419595,-0.226499,0.094124,0.318634,-1.19326,-0.00863082,-0.0174416,0.115754
13.2601,0.999808,-0.0195468,0.000680499,-0.00130385,-0.0147504,-0.0032325,0.000578159,0.0941557,0.318442,-1.19405,-0.00720136,-0.0247432,0.0185848,13.2801,0.0151767,-0.0132365,0.0151767,-0.0338925,0.999806,-0.0196206,0.000664492,-0.00130059,0.0504079,0.121113,-0.180855,0.0940837,0.318195,-1.19386,-0.00720145,-0.0247458,0.116587
13.2801,0.999806,-0.0196608,0.000660305,-0.0012875,-0.00209897,0.00102679,0.000977531,0.0942264,0.318032,-1.19483,-0.00624971,-0.0297735,0.0189503,13.3001,0.0199668,-0.0101783,0.0199668,0.0253362,0.999805,-0.0196712,0.000665548,-0.00128271,0.0754463,0.150334,0.151222,0.0941639,0.317734,-1.19464,-0.00624983,-0.0297769,0.116932
13.3001,0.999806,-0.019652,0.000676989,-0.00127338,0.00176443,0.0043545,0.00364059,0.0942697,0.31792,-1.19511,-0.00573399,-0.0315695,0.0188782,13.3201,0,-0.0191472,-0.0381235,0.0528237,0.999806,-0.0196431,0.000699104,-0.00125562,0.0038078,-0.318832,0.298601,0.0942124,0.317604,-1.19492,-0.00573399,-0.0315695,0.116945
13.3201,0.999806,-0.0196209,0.00069824,-0.00127003,0.00735706,0.00555293,0.000977469,0.0943157,0.317789,-1.19538,-0.00516086,-0.0333338,0.018986,13.3401,0,-0.0243894,-0.0124089,-0.00443149,0.999807,-0.0195841,0.000726049,-0.00126571,-0.03802,-0.104388,-0.019161,0.0942641,0.317456,-1.19519,-0.00516086,-0.0333338,0.117053
13.3401,0.999809,-0.0194856,0.000734918,-0.00125289,0.00562602,-0.000172878,-0.000354141,0.0945756,0.316868,-1.19658,-0.00327769,-0.0419215,0.0187318,13.3601,0,-0.0237119,-0.000490703,-0.0211165,0.99981,-0.0194575,0.000733984,-0.00125467,-0.0337235,-0.00674718,-0.111368,0.0945428,0.316448,-1.19639,-0.00327769,-0.0419215,0.116798
13.3601,0.999814,-0.0192087,0.000803892,-0.0012419,0.0216059,0.00861452,0.00270843,0.0947972,0.315908,-1.19757,-0.00383534,-0.046138,0.0190122,13.3801,0,-0.0312286,-0.0131706,0.0389631,0.999816,-0.0191006,0.000847083,-0.00122927,-0.0964384,-0.118065,0.223541,0.0947588,0.315447,-1.19738,-0.00383534,-0.046138,0.117079
13.3801,0.999817,-0.0190493,0.000865437,-0.00122821,0.020807,0.00701658,0.00257519,0.0949166,0.315375,-1.19812,-0.00316662,-0.0481063,0.018772,13.4001,0.00169768,-0.00266193,0.00169768,-0.00100937,0.999819,-0.0189452,0.000900631,-0.0012161,0.131092,0.00678316,0.00139475,0.094885,0.314894,-1.19793,-0.00316663,-0.0481066,0.116831
13.4001,0.999824,-0.0187128,0.000925277,-0.00122787,0.0209402,0.00368762,0.00164313,0.0951511,0.314202,-1.19909,-0.00304017,-0.050226,0.0188692,13.4201,0,-0.0308456,-0.0138413,0.0226618,0.999826,-0.0186081,0.000943737,-0.0012201,-0.0971744,-0.121802,0.132144,0.0951207,0.313699,-1.1989,-0.00304017,-0.050226,0.116936
13.4201,0.999833,-0.0182098,0.000972655,-0.00124275,0.0158802,9.22952e-05,0.000444674,0.0953913,0.312358,-1.20024,-0.00526557,-0.0478721,0.0193229,13.4401,0.0161103,-0.0168257,0.0161103,0.0352136,0.999834,-0.0181304,0.000973058,-0.00124061,0.0105315,0.11579,0.205667,0.0953387,0.31188,-1.20005,-0.0052657,-0.0478746,0.117321
13.4401,0.999834,-0.01815,0.000979082,-0.00123966,0.0146817,0.0018234,0.000844164,0.0954156,0.312058,-1.2004,-0.00539561,-0.0469961,0.019291,13.4601,0,-0.0112064,-0.0119879,-0.0235149,0.999835,-0.0180766,0.000988183,-0.00123568,0.0558066,-0.100414,-0.126002,0.0953616,0.311588,-1.20021,-0.00539561,-0.0469961,0.117358
13.4601,0.999835,-0.0180913,0.000987821,-0.00122809,0.0144154,0.00235598,0.0029747,0.0954376,0.311762,-1.20055,-0.00551371,-0.0460025,0.0192662,13.4801,0,0.00242811,-0.00946491,-0.0431745,0.999836,-0.0180192,0.00099978,-0.00121351,0.164444,-0.0773291,-0.235812,0.0953825,0.311302,-1.20036,-0.00551371,-0.0460025,0.117333
13.4801,0.999836,-0.0180166,0.00101167,-0.0012423,0.0088228,0.00382073,-0.00221847,0.0954708,0.311189,-1.20083,-0.00600275,-0.0437161,0.0191819,13.5001,0.00463151,-0.00762209,0.00463151,-0.0467314,0.999837,-0.0179724,0.00103052,-0.00125378,0.0833347,0.0356215,-0.25428,0.0954108,0.310752,-1.20064,-0.00600279,-0.0437168,0.117229
13.5001,0.999839,-0.0178765,0.000893272,-0.00123354,-0.00236015,-0.00669962,0.000311396,0.0955571,0.3096,-1.20218,-0.00840462,-0.0350914,0.01929,13.5201,0.000437423,-0.0248319,0.000437423,-0.0159138,0.999839,-0.0178883,0.000859821,-0.00123137,-0.0555644,-0.00161343,-0.0822785,0.095473,0.309249,-1.20199,-0.00840463,-0.0350915,0.117355
13.5201,0.999839,-0.0178847,0.000883404,-0.00122957,-0.00236015,-0.00230541,0.000977193,0.0955525,0.309413,-1.20237,-0.00896107,-0.0337808,0.0192591,13.5401,0,-0.0171406,-0.000566926,0.0343197,0.999839,-0.0178965,0.000871981,-0.00122447,0.00563308,-0.0166757,0.198898,0.0954629,0.309075,-1.20218,-0.00896107,-0.0337808,0.117326
13.5401,0.999838,-0.0179536,0.000877678,-0.00122077,-0.0118144,-0.000308047,-0.000487556,0.0955295,0.309065,-1.20273,-0.00923777,-0.0308145,0.0191455,13.5601,0,-0.0237452,-0.0260988,-0.0508948,0.999837,-0.0180127,0.000876166,-0.00122313,-0.0459658,-0.208686,-0.280882,0.0954372,0.308757,-1.20254,-0.00923777,-0.0308145,0.117212
13.5601,0.999834,-0.0181807,0.00087215,-0.00122287,-0.0134123,-0.00137332,0.000444612,0.0954874,0.308465,-1.20332,-0.00773439,-0.0258989,0.0199224,13.5801,0,-0.0119364,-0.0489606,-0.0332085,0.999832,-0.0182477,0.000865407,-0.00122046,0.0504155,-0.393871,-0.184144,0.0954101,0.308206,-1.20312,-0.00773439,-0.0258989,0.117989
13.5801,0.999825,-0.0186354,0.000765058,-0.00121205,-0.020736,-0.000707521,-0.000221264,0.0954317,0.307698,-1.20407,-0.0087868,-0.0247025,0.0208817,13.6001,0,-0.0462525,-0.0101388,0.0230561,0.999823,-0.0187391,0.000761626,-0.00121301,-0.221122,-0.0910939,0.134613,0.0953439,0.307451,-1.20386,-0.0087868,-0.0247025,0.118948
13.6001,0.999822,-0.0188065,0.000774441,-0.00119656,-0.0220659,0.00168781,0.00310761,0.0954338,0.307464,-1.2045,-0.00866499,-0.0249325,0.0208502,13.6201,0.00977973,0.013806,0.00977973,0.0136863,0.99982,-0.0189168,0.000783303,-0.0011811,0.260666,0.0701029,0.0844186,0.0953472,0.307214,-1.20429,-0.00866505,-0.0249341,0.118875
13.6201,0.999821,-0.0188873,0.000777552,-0.00118906,-0.020468,0.000888852,0.00190917,0.0954347,0.30734,-1.20469,-0.00815569,-0.0252835,0.0208844,13.6401,0,-0.0223902,-0.00463951,-0.0385326,0.999819,-0.0189896,0.000782297,-0.00117952,-0.0278588,-0.0377143,-0.20968,0.0953531,0.307087,-1.20449,-0.00815569,-0.0252835,0.118951
13.6401,0.999815,-0.0191848,0.000728349,-0.00117697,-0.0132775,-0.000309581,0.000311241,0.0954738,0.306603,-1.20553,-0.00602713,-0.029809,0.0214488,13.6601,0.00642189,0.00266378,0.00642189,-0.0412224,0.999814,-0.0192511,0.00072691,-0.00117534,0.17483,0.0518958,-0.223517,0.0954135,0.306305,-1.20532,-0.00602717,-0.02981,0.119488
13.6601,0.999813,-0.0193098,0.000748245,-0.00115881,-0.00448906,0.00275308,0.00230862,0.095585,0.305572,-1.20625,-0.00423085,-0.0370457,0.0228295,13.6801,0.00621136,-0.0519641,0.00621136,-0.0189284,0.999812,-0.0193322,0.000762256,-0.00114751,-0.26134,0.0461472,-0.0990459,0.0955426,0.305202,-1.20602,-0.00423089,-0.0370468,0.12087
13.6801,0.999813,-0.0193157,0.000755845,-0.00115363,-0.00169215,0.00208549,0.00137628,0.0956342,0.305332,-1.20648,-0.00389959,-0.0384055,0.022893,13.7001,0.0248651,-0.0188911,0.0248651,0.0261021,0.999812,-0.0193241,0.000766413,-0.00114694,0.00290934,0.188634,0.155209,0.0955952,0.304948,-1.20625,-0.00389975,-0.0384096,0.120854
13.7001,0.999813,-0.0193168,0.000765492,-0.00115328,-0.000493733,0.00261812,0.000177861,0.0956847,0.30508,-1.2067,-0.00337527,-0.0398479,0.0229917,13.7201,0.0047218,-0.0612421,0.0047218,0.0196689,0.999812,-0.0193192,0.0007786,-0.00115265,-0.335797,0.0280516,0.116818,0.095651,0.304681,-1.20647,-0.0033753,-0.0398487,0.121038
13.7201,0.999816,-0.0191034,0.000875809,-0.00116781,0.0148194,0.00634655,0.00150941,0.0960504,0.303272,-1.20791,-0.000749198,-0.0494132,0.0235308,13.7401,0,-0.0096184,-0.00298983,0.0147259,0.999818,-0.0190292,0.000907593,-0.00116094,0.0757942,-0.03326,0.0886215,0.0960429,0.302778,-1.20768,-0.000749198,-0.0494132,0.121597
13.7401,0.999823,-0.0187707,0.000971114,-0.00118569,0.0154862,0.00727737,-0.00221916,0.0964749,0.301457,-1.20914,0.000276937,-0.0548331,0.0240263,13.7601,0.0208153,-0.0228779,0.0208153,0.0170075,0.999824,-0.0186933,0.00100719,-0.00119754,-0.0332485,0.155958,0.103924,0.0964777,0.300909,-1.2089,0.000276761,-0.0548364,0.122004
13.7601,0.999824,-0.0186963,0.00100495,-0.00119338,0.0184157,0.00874208,-0.00168658,0.0965556,0.301068,-1.20934,0.000162428,-0.0552121,0.0242885,13.7801,0.0579313,-0.0310999,0.0579313,-0.0595347,0.999826,-0.0186041,0.00104838,-0.00120272,-0.0998491,0.463968,-0.320789,0.0965572,0.300516,-1.2091,0.000161922,-0.0552213,0.122109
13.7801,0.999826,-0.0185946,0.00104797,-0.00119274,0.0252067,0.0110058,0.000443965,0.0966343,0.300675,-1.20954,0.000326589,-0.0555116,0.0242872,13.8001,0.0182808,0.0038869,0.0182808,0.0219077,0.999828,-0.0184686,0.00110288,-0.00119168,0.179427,0.134619,0.131265,0.0966375,0.30012,-1.20929,0.000326423,-0.0555145,0.122276
13.8001,0.999834,-0.018166,0.00121081,-0.00120027,0.0216131,0.00621106,0.000177448,0.097057,0.298699,-1.2106,0.00062677,-0.0567106,0.025133,13.8201,0.0188551,-0.0270011,0.0188551,-0.0385281,0.999835,-0.0180579,0.00124174,-0.00120007,-0.0706399,0.146482,-0.207273,0.0970633,0.298132,-1.21035,0.000626572,-0.0567135,0.123119
13.8201,0.99984,-0.0178196,0.00132622,-0.00119643,0.0149552,0.00634424,-0.000621532,0.097424,0.296783,-1.21189,-0.00272489,-0.0541147,0.0251864,13.8401,0,-0.0401355,-0.00171333,-0.000311666,0.999841,-0.0177448,0.00135779,-0.0012002,-0.178571,-0.0246453,0.00448051,0.0973967,0.296242,-1.21163,-0.00272489,-0.0541147,0.123253
13.8401,0.999841,-0.0177512,0.00134414,-0.00119223,0.0168205,0.00474554,0.0012425,0.0974874,0.296425,-1.2122,-0.00348591,-0.0533258,0.025167,13.8601,0.00716366,-0.0397941,0.00716366,-0.01056,0.999842,-0.0176671,0.00136787,-0.00118656,-0.176371,0.0476765,-0.0520434,0.0974526,0.295892,-1.21195,-0.00348599,-0.0533269,0.123203
13.8601,0.999842,-0.0176738,0.00135281,-0.0011996,0.0190842,0.00248182,-0.00168695,0.0975422,0.296071,-1.21251,-0.00425028,-0.0525903,0.0252753,13.8801,0,0.00819326,-0.0064823,0.0227906,0.999844,-0.0175784,0.00136495,-0.00120838,0.206697,-0.0658131,0.133744,0.0974997,0.295545,-1.21225,-0.00425028,-0.0525903,0.123342
13.8801,0.999846,-0.0174603,0.00135821,-0.0012177,0.00709992,-0.00444239,-0.00155382,0.0976905,0.294702,-1.21359,-0.00668288,-0.0487083,0.0251618,13.9001,0.0233557,-0.0494586,0.0233557,-0.0100909,0.999847,-0.0174249,0.00133582,-0.00122513,-0.256259,0.176896,-0.0477841,0.0976237,0.294215,-1.21334,-0.00668315,-0.0487117,0.123129
13.9001,0.999846,-0.017447,0.00125234,-0.00120963,-0.00302009,-0.00564081,0.000709906,0.0976901,0.293174,-1.21471,-0.0111505,-0.0407661,0.0249877,13.9201,0.00977676,-1.47262e-05,0.00977676,-0.0343906,0.999846,-0.0174621,0.00122422,-0.00120557,0.139619,0.0729897,-0.184833,0.0975786,0.292766,-1.21446,-0.0111506,-0.0407675,0.123013
13.9201,0.999846,-0.0174651,0.00124182,-0.00120742,-0.00475114,-0.00244502,0.000576726,0.0976654,0.292903,-1.21489,-0.0117646,-0.0392748,0.0252254,13.9401,0.00772979,-0.0157576,0.00772979,-0.00455468,0.999846,-0.0174889,0.00122967,-0.00120429,0.0136272,0.05238,-0.0180954,0.0975478,0.29251,-1.21464,-0.0117646,-0.0392759,0.123259
13.9401,0.999845,-0.0175331,0.00115712,-0.00120191,-0.00515062,-0.0095024,0.00124254,0.097561,0.292145,-1.21539,-0.0128499,-0.0354144,0.025359,13.9601,0.0038541,-0.0217906,0.0038541,-0.00323312,0.999844,-0.0175589,0.00110975,-0.00119483,-0.0340752,0.0218174,-0.0111365,0.0974325,0.291791,-1.21514,-0.0128499,-0.0354149,0.123409
13.9601,0.999839,-0.0178548,0.000887303,-0.00120996,-0.0213959,-0.0132308,-0.00115438,0.0972917,0.291,-1.21602,-0.0149894,-0.0314593,0.0261329,13.9801,0.0103722,-0.0454527,0.0103722,0.0192202,0.999838,-0.0179619,0.000821186,-0.00121446,-0.221144,0.0726895,0.115194,0.0971418,0.290686,-1.21575,-0.0149894,-0.0314609,0.124155
13.9801,0.999833,-0.0182289,0.000710298,-0.00117741,-0.0158019,-0.00937051,0.00110918,0.0969862,0.289988,-1.2167,-0.0143838,-0.0299256,0.027971,14.0001,0.0163171,0.0198468,0.0163171,0.040264,0.999831,-0.018308,0.000663648,-0.00117096,0.304031,0.119155,0.233771,0.0968424,0.289689,-1.21642,-0.014384,-0.0299282,0.125968
14.0001,0.999831,-0.0183084,0.000672335,-0.00117036,-0.020063,-0.00937047,0.00164172,0.0969403,0.289795,-1.2169,-0.0139312,-0.0301883,0.0282233,14.0201,0.0139107,-0.017646,0.0139107,-0.0446342,0.99983,-0.0184088,0.000625758,-0.00116123,0.00525012,0.112267,-0.242004,0.096801,0.289493,-1.21662,-0.0139313,-0.0301904,0.126231
14.0201,0.999828,-0.0185172,0.000543384,-0.00116276,-0.0172666,-0.0136316,-0.00168719,0.0968122,0.289185,-1.21742,-0.0128995,-0.031935,0.0290098,14.0401,0,-0.0320862,-0.00186041,-0.0304573,0.999826,-0.0186036,0.000475182,-0.00116989,-0.108504,-0.0150102,-0.164317,0.0966832,0.288865,-1.21713,-0.0128995,-0.031935,0.127076
14.0401,0.999823,-0.0187644,0.0004312,-0.00116239,-0.00954349,-0.00058205,0.00137549,0.0966254,0.287983,-1.21805,-0.0107826,-0.037714,0.0299082,14.0601,0.0170392,-0.00836618,0.0170392,-0.0120179,0.999822,-0.0188121,0.000428475,-0.00115544,0.0830429,0.134567,-0.0590104,0.0965175,0.287605,-1.21775,-0.0107827,-0.0377167,0.127902
14.0601,0.999822,-0.0188214,0.000437315,-0.00114549,0.00270705,0.00128215,-0.00022243,0.0965551,0.286517,-1.21857,-0.00692331,-0.0439227,0.0313059,14.0801,0.0441446,-0.0318375,0.0441446,0.0321521,0.999822,-0.0188079,0.000443689,-0.00114673,-0.104902,0.344469,0.190997,0.0964858,0.286078,-1.21826,-0.00692348,-0.0439298,0.129185
14.0801,0.999822,-0.0188035,0.000440639,-0.00114671,0.00430584,0.00101448,-0.000222661,0.0965885,0.286214,-1.21895,-0.0064847,-0.0454019,0.0314662,14.1001,0,0.00665115,-0.000935928,0.00921635,0.999823,-0.0187819,0.000445665,-0.00114793,0.203594,-0.0123364,0.0579414,0.0965236,0.28576,-1.21863,-0.0064847,-0.0454019,0.129533
14.1001,0.999823,-0.0187896,0.000445553,-0.00113847,0.0032414,0.00141294,0.00217396,0.0966221,0.285896,-1.2193,-0.00637494,-0.0469919,0.0314556,14.1201,0.0135096,-0.0242889,0.0135096,-0.0314193,0.999823,-0.0187734,0.000452802,-0.00112774,-0.0441032,0.108998,-0.168186,0.0965583,0.285426,-1.21898,-0.00637499,-0.0469941,0.129465
14.1201,0.999826,-0.0186306,0.000533546,-0.00115859,0.0105651,0.00460872,-0.00168764,0.0967865,0.284111,-1.22084,-0.0052418,-0.0536483,0.0315381,14.1401,0,0.0180041,-0.00220909,-0.0267815,0.999827,-0.0185778,0.000556367,-0.00116749,0.293109,-0.0177772,-0.143642,0.0967341,0.283574,-1.22053,-0.0052418,-0.0536483,0.129605
14.1401,0.999832,-0.0182638,0.00063624,-0.00114272,0.0198862,0.00607352,-0.000755454,0.0969421,0.282057,-1.22202,-0.00443208,-0.0583348,0.0324317,14.1601,0,-0.0283985,-0.0191066,-0.00932853,0.999834,-0.0181644,0.00066642,-0.00114711,-0.0809091,-0.15681,-0.0478912,0.0968978,0.281473,-1.2217,-0.00443208,-0.0583348,0.130498
14.1601,0.999834,-0.0181873,0.000664421,-0.00114926,0.018954,0.00727192,-0.00142133,0.0969717,0.281622,-1.22222,-0.00427634,-0.0587069,0.0327234,14.1801,0.00429714,0.00967268,0.00429714,-0.00678441,0.999835,-0.0180925,0.000700536,-0.00115709,0.222852,0.0301325,-0.0310774,0.0969289,0.281035,-1.22189,-0.00427636,-0.0587075,0.130772
14.1801,0.999838,-0.01795,0.000728877,-0.00116422,0.0180219,0.00540768,0.000176581,0.0970542,0.280301,-1.22272,-0.00437325,-0.058853,0.0329856,14.2001,0.00125445,-0.031624,0.00125445,-0.0268381,0.99984,-0.0178598,0.000755822,-0.00116388,-0.10933,0.00776738,-0.143758,0.0970104,0.279712,-1.22239,-0.00437326,-0.0588531,0.131047
14.2001,0.999844,-0.0175972,0.00087445,-0.00116416,0.0184231,0.00740403,0.00243993,0.0972074,0.278221,-1.22396,-0.00524482,-0.0570465,0.0343701,14.2201,0,0.000957555,-0.00893528,-0.0597663,0.999846,-0.017505,0.000911572,-0.00115269,0.148681,-0.0700313,-0.329007,0.097155,0.277651,-1.22362,-0.00524482,-0.0570465,0.132437
14.2201,0.999846,-0.0174773,0.000922696,-0.00117986,0.0132299,0.00700453,-0.00222055,0.0972539,0.277413,-1.22442,-0.00557488,-0.0555134,0.0343873,14.2401,0.0112884,-0.0312313,0.0112884,0.00979286,0.999847,-0.0174111,0.000957441,-0.00119164,-0.110256,0.0812524,0.0623783,0.0971981,0.276858,-1.22407,-0.00557498,-0.0555151,0.132406
14.2401,0.999847,-0.0174193,0.000940809,-0.00118307,0.0142952,0.00474089,-0.000622662,0.0972724,0.277016,-1.22462,-0.00579027,-0.0546972,0.0344932,14.2601,0,0.00234003,-0.023204,0.0528846,0.999848,-0.0173478,0.000964371,-0.00118666,0.15766,-0.200465,0.300472,0.0972145,0.276469,-1.22428,-0.00579027,-0.0546972,0.13256
14.2601,0.99985,-0.0172781,0.00095887,-0.00116933,0.00097937,-0.0007186,0.00257316,0.097277,0.275126,-1.22548,-0.00896505,-0.0491846,0.0346077,14.2801,0,-0.0340066,-0.0154555,-0.0209322,0.99985,-0.0172732,0.000955494,-0.00115641,-0.133609,-0.128714,-0.112338,0.0971874,0.274634,-1.22513,-0.00896505,-0.0491846,0.132674
14.2801,0.99985,-0.0172685,0.000974298,-0.00117506,-0.00141562,-0.000320356,-0.00368552,0.0972219,0.273871,-1.22646,-0.0109622,-0.0434304,0.0358017,14.3001,0,0.0344886,-0.0239359,-0.0118624,0.99985,-0.0172756,0.000972387,-0.00119345,0.414201,-0.197283,-0.0619717,0.0971123,0.273437,-1.2261,-0.0109622,-0.0434304,0.133868
14.3001,0.999848,-0.017383,0.00087791,-0.00117457,-0.00900563,-0.00791036,0.000708696,0.0971181,0.272765,-1.22736,-0.0122732,-0.039563,0.0363598,14.3201,0,-0.0620757,-0.0178183,0.0144703,0.999847,-0.0174281,0.000838479,-0.0011703,-0.357705,-0.152128,0.0855447,0.0969953,0.27237,-1.227,-0.0122732,-0.039563,0.134426
14.3201,0.999847,-0.0174346,0.000846695,-0.00117416,-0.0131335,-0.00764406,4.285e-05,0.0970792,0.272502,-1.22755,-0.012903,-0.038942,0.0362793,14.3401,0.0522899,-0.0466297,0.0522899,-0.0401179,0.999846,-0.0175003,0.000808562,-0.00117322,-0.234178,0.416661,-0.213188,0.0969501,0.272113,-1.22719,-0.0129034,-0.0389498,0.134123
14.3401,0.999844,-0.017583,0.000799149,-0.00116354,-0.0155304,-0.00231768,0.00217342,0.0969327,0.271739,-1.22805,-0.0136319,-0.0365093,0.0363369,14.3601,0,-0.00738404,-0.0355919,0.0170001,0.999843,-0.0176607,0.000787844,-0.00115241,0.0817105,-0.293539,0.0981586,0.0967964,0.271374,-1.22769,-0.0136319,-0.0365093,0.134403
14.3601,0.999839,-0.017881,0.000689037,-0.0011598,-0.0171283,-0.00751086,0.000974981,0.0966991,0.270541,-1.22882,-0.0131189,-0.0347226,0.0370135,14.3801,0.00730049,-0.010433,0.00730049,-0.0409778,0.999838,-0.0179667,0.000651676,-0.00115419,0.0596235,0.0586523,-0.222259,0.096568,0.270194,-1.22845,-0.013119,-0.0347237,0.135049
14.3801,0.999835,-0.0181168,0.000578321,-0.00115153,-0.0119343,-0.00484972,-0.00102267,0.0966068,0.26961,-1.22981,-0.0123508,-0.0357018,0.0370481,14.4001,0,-0.0214371,-0.0278724,-0.0146791,0.999834,-0.0181765,0.000554053,-0.00115617,-0.0263152,-0.225635,-0.0786427,0.0964833,0.269253,-1.22944,-0.0123508,-0.0357018,0.135115
14.4001,0.999834,-0.0181695,0.000558603,-0.00115292,-0.0133991,-0.00471657,-0.000356893,0.096584,0.269365,-1.23002,-0.012154,-0.0360779,0.0372232,14.4201,0,-0.0492727,-0.0308294,0.0299044,0.999833,-0.0182365,0.000535069,-0.00115424,-0.24892,-0.255855,0.170588,0.0964624,0.269004,-1.22964,-0.012154,-0.0360779,0.13529
14.4201,0.999833,-0.0182527,0.00051536,-0.00116201,-0.0106028,-0.00418395,-0.00208797,0.0965383,0.26886,-1.23039,-0.0115828,-0.0370021,0.037512,14.4401,0,-0.00408549,-0.035951,0.0068147,0.999832,-0.0183057,0.000494315,-0.00117203,0.11355,-0.292713,0.0409722,0.0964224,0.26849,-1.23002,-0.0115828,-0.0370021,0.135579
14.4401,0.99983,-0.0184141,0.000488091,-0.00116422,-0.00740696,0.00154185,-0.00102269,0.0964631,0.267453,-1.2311,-0.00840587,-0.0421737,0.0381129,14.4601,0,-0.0078653,-0.02319,0.0634434,0.999829,-0.0184511,0.000495748,-0.00116945,0.0840284,-0.198803,0.359314,0.096379,0.267031,-1.23071,-0.00840587,-0.0421737,0.136179
14.4601,0.999829,-0.0184362,0.000474614,-0.00117993,0.00111563,-0.00152287,-0.004352,0.0965228,0.266167,-1.23181,-0.00721498,-0.0462779,0.0385599,14.4801,0.00246465,-0.0211032,0.00246465,-0.0206847,0.999829,-0.0184307,0.000466593,-0.00120155,-0.0213164,0.0187701,-0.109012,0.0964507,0.265704,-1.23142,-0.00721499,-0.0462783,0.136616
14.4801,0.99983,-0.0183961,0.000483229,-0.0011731,0.00617563,0.00273819,0.00270538,0.0965874,0.265474,-1.23226,-0.00679308,-0.0485482,0.0389106,14.5001,0.0180466,0.00249903,0.0180466,-0.0223004,0.999831,-0.0183652,0.00049713,-0.00115984,0.167013,0.143789,-0.116429,0.0965194,0.264988,-1.23187,-0.00679316,-0.048551,0.1369
14.5001,0.999831,-0.0183299,0.0005221,-0.00117373,0.008173,0.00633347,-0.000889875,0.096654,0.264735,-1.23266,-0.00588655,-0.0512444,0.0392221,14.5201,0,-0.0133388,-0.0181968,-0.0100115,0.999832,-0.018289,0.000553632,-0.00117878,0.0401151,-0.148383,-0.0513907,0.0965951,0.264222,-1.23227,-0.00588655,-0.0512444,0.137289
14.5201,0.999835,-0.0181015,0.000625046,-0.00118157,0.0135004,0.00726415,0.00257187,0.0968867,0.262719,-1.23373,-0.00453716,-0.0569252,0.0403384,14.5401,0,-0.0186461,-0.00322205,0.0162035,0.999837,-0.018034,0.000661513,-0.00116941,-0.00442756,-0.0332937,0.0969477,0.0968413,0.26215,-1.23333,-0.00453716,-0.0569252,0.138405
14.5401,0.99984,-0.0178416,0.000691826,-0.0011826,0.0164306,0.00593142,-0.000757354,0.0971479,0.261038,-1.23502,-0.0048706,-0.0585594,0.0404764,14.5601,0.0202409,-0.0382529,0.0202409,-0.0141981,0.999841,-0.0177594,0.000721314,-0.00118697,-0.163502,0.158037,-0.0710067,0.0970992,0.260452,-1.23461,-0.00487072,-0.0585624,0.138457
14.5601,0.999841,-0.0177718,0.000720044,-0.00117875,0.0172295,0.00739618,0.00124002,0.0972145,0.260612,-1.23537,-0.0050154,-0.0589448,0.0405518,14.5801,0.00545328,-0.0216527,0.00545328,0.019331,0.999843,-0.0176856,0.000757028,-0.00117327,-0.0312444,0.0349089,0.11529,0.0971643,0.260023,-1.23496,-0.00501543,-0.0589456,0.138595
14.5801,0.999845,-0.0175654,0.00077983,-0.00119442,0.0184279,0.00566509,-0.000357888,0.0973945,0.259315,-1.23632,-0.00521893,-0.059511,0.0407213,14.6001,0,-0.00976327,-0.0282982,-0.00667633,0.999846,-0.0174732,0.000808009,-0.00119678,0.0626751,-0.231741,-0.0335222,0.0973424,0.25872,-1.23591,-0.00521893,-0.059511,0.138788
14.6001,0.99985,-0.0172778,0.000852649,-0.00120905,0.0160311,0.00366775,-0.000357882,0.0976044,0.257567,-1.23735,-0.00531893,-0.0584221,0.0415105,14.6201,0,-0.0152897,-0.000899681,-0.014126,0.999851,-0.0171977,0.000870857,-0.00121123,0.0159984,-0.0122114,-0.0724848,0.0975512,0.256982,-1.23693,-0.00531893,-0.0584221,0.139577
14.6201,0.999853,-0.0170827,0.000896253,-0.00121975,0.00937318,-0.000193874,0.00177263,0.0977483,0.255861,-1.2381,-0.00681204,-0.0552883,0.0433634,14.6401,0.0103293,0.0173256,0.0103293,-0.0145776,0.999854,-0.0170358,0.000895378,-0.00121091,0.275207,0.0776154,-0.0737192,0.0976802,0.255308,-1.23767,-0.00681212,-0.0552898,0.141386
14.6401,0.999853,-0.0170558,0.000899182,-0.00121904,0.00657686,0.00100461,0.000307892,0.0977714,0.25545,-1.23825,-0.00725137,-0.0541617,0.0437419,14.6601,0.0149523,0.0130261,0.0149523,0.0291884,0.999854,-0.0170229,0.000904191,-0.00121762,0.240199,0.108556,0.171747,0.0976989,0.254909,-1.23781,-0.00725148,-0.0541639,0.141745
14.6601,0.999854,-0.016999,0.00089471,-0.00122129,0.00657845,0.000337724,0.000973413,0.097835,0.254706,-1.23882,-0.00857361,-0.0519021,0.0441167,14.6801,0,-0.0169002,-0.00504736,-0.021358,0.999855,-0.0169661,0.000896441,-0.00121648,0.000960002,-0.0447885,-0.113316,0.0977492,0.254187,-1.23838,-0.00857361,-0.0519021,0.142183
14.6801,0.999856,-0.0169335,0.000901786,-0.00120781,5.37098e-05,-0.00192597,0.00110657,0.0979102,0.25297,-1.23996,-0.00939605,-0.0463237,0.0441865,14.7001,0,-0.00726504,-0.0425639,-0.0156229,0.999856,-0.0169332,0.000892251,-0.00120212,0.0777371,-0.345622,-0.0847918,0.0978162,0.252507,-1.23952,-0.00939605,-0.0463237,0.142253
14.7001,0.999855,-0.0169881,0.000824698,-0.0012015,-0.00713684,-0.00751861,0.00123971,0.0979128,0.252018,-1.24046,-0.0103323,-0.0428354,0.0448391,14.7201,0,-0.0366002,-0.0441402,0.00398932,0.999854,-0.0170239,0.000787258,-0.00119464,-0.156681,-0.360551,0.024686,0.0978094,0.25159,-1.24001,-0.0103323,-0.0428354,0.142906
14.7201,0.999853,-0.0170635,0.000782196,-0.00118846,-0.00953367,-0.00405652,0.000440753,0.0978894,0.251422,-1.24071,-0.0111461,-0.0408463,0.0450729,14.7401,0.00144856,0.00392453,0.00144856,0.0400347,0.999853,-0.0171112,0.00076201,-0.00118588,0.167525,-9.34244e-05,0.230967,0.0977779,0.251013,-1.24026,-0.0111461,-0.0408465,0.143133
14.7401,0.99985,-0.0172603,0.000733453,-0.00118624,-0.0135284,-0.00285809,-9.18435e-05,0.0978065,0.250305,-1.24106,-0.0107899,-0.0375806,0.0455352,14.7601,0,-0.0246515,-0.00385909,0.00583159,0.999849,-0.0173279,0.000719237,-0.00118641,-0.059143,-0.037773,0.0388185,0.0976986,0.249929,-1.24061,-0.0107899,-0.0375806,0.143602
14.7601,0.999847,-0.0174198,0.000686388,-0.00119544,-0.0141942,-0.00525493,-0.000757673,0.0977426,0.249495,-1.24119,-0.0100018,-0.0370387,0.0461187,14.7801,0,0.0039714,-0.0202233,0.0162276,0.999846,-0.0174907,0.000660136,-0.00119872,0.171181,-0.169474,0.0955955,0.0976426,0.249124,-1.24073,-0.0100018,-0.0370387,0.144185
14.7801,0.999842,-0.0177363,0.000586501,-0.00119514,-0.0164565,-0.00499055,-0.00115749,0.0977703,0.248212,-1.24192,-0.00962736,-0.0377203,0.0471558,14.8001,0,-0.0253352,-0.0193574,0.00962658,0.99984,-0.0178186,0.000561547,-0.00120043,-0.0606981,-0.161133,0.0585835,0.0976741,0.247835,-1.24144,-0.00962736,-0.0377203,0.145222
14.8001,0.99984,-0.0178237,0.000586586,-0.00118705,-0.00979857,6.94428e-05,0.0015057,0.097782,0.247682,-1.24218,-0.00928549,-0.0390225,0.0472605,14.8201,0.00161074,0.0417936,0.00161074,-0.0477864,0.999839,-0.0178727,0.000587125,-0.0011795,0.476806,0.0154114,-0.260629,0.0976892,0.247292,-1.24171,-0.0092855,-0.0390227,0.14532
14.8201,0.999839,-0.0178846,0.000618743,-0.00117736,-0.00660278,0.00446367,0.000307251,0.0977968,0.247121,-1.24238,-0.00823509,-0.0408288,0.0476498,14.8401,0.0143065,-0.00363512,0.0143065,0.00945107,0.999839,-0.0179176,0.000641124,-0.0011762,0.113797,0.108098,0.06093,0.0977144,0.246712,-1.2419,-0.00823517,-0.040831,0.145655
14.8401,0.999837,-0.0179965,0.000637326,-0.00118342,-0.0043391,-0.000995807,0.000973021,0.0978873,0.245187,-1.24265,-0.0062854,-0.0475996,0.0487785,14.8601,0.0188149,0.02577,0.0188149,0.0435462,0.999837,-0.0180181,0.000632461,-0.00117845,0.349488,0.139378,0.252425,0.0978244,0.244711,-1.24216,-0.0062855,-0.0476025,0.146765
14.8602,0.999838,-0.0179695,0.000678832,-0.00118349,0.00578093,0.0059284,0.00137247,0.0979461,0.24411,-1.24281,-0.00726874,-0.0508502,0.0493795,14.8802,0,0.00223368,-0.031167,-0.0353799,0.999838,-0.0179406,0.000708558,-0.00117718,0.16195,-0.249613,-0.194603,0.0978734,0.243601,-1.24232,-0.00726874,-0.0508502,0.147446
14.8802,0.999838,-0.0179285,0.000697354,-0.00117614,0.0100432,0.00486119,0.00203788,0.0979814,0.243743,-1.24298,-0.00715528,-0.0520058,0.0495898,14.9002,0,-0.0332536,-0.00455899,-0.0200296,0.999839,-0.0178782,0.000721779,-0.00116642,-0.122513,-0.0394807,-0.106154,0.0979099,0.243223,-1.24248,-0.00715528,-0.0520058,0.147656
14.9002,0.999843,-0.0176797,0.000800855,-0.00118171,0.0127077,0.00366132,0.00270335,0.0982097,0.241795,-1.24393,-0.00582727,-0.0576078,0.0495701,14.9202,0.0351302,-0.0126502,0.0351302,0.0655433,0.999844,-0.0176161,0.000819322,-0.00116857,0.0390972,0.265219,0.377005,0.0981515,0.241219,-1.24343,-0.00582752,-0.0576131,0.147487
14.9202,0.999847,-0.0174287,0.000801632,-0.00117778,0.0185666,0.00153085,0.001505,0.0984415,0.239724,-1.24498,-0.00796975,-0.0588864,0.0500738,14.9402,0.0141641,-0.0389127,0.0141641,0.0135765,0.999849,-0.0173359,0.000809306,-0.00117047,-0.172177,0.104629,0.0838139,0.0983618,0.239135,-1.24448,-0.00796985,-0.0588885,0.14808
14.9402,0.999849,-0.0173445,0.000811873,-0.00118047,0.0208303,0.0028624,-0.000492515,0.0984682,0.239301,-1.24514,-0.00832559,-0.0592148,0.0497471,14.9602,0,-0.0198713,-0.00841603,-0.0157162,0.99985,-0.0172403,0.000826017,-0.00118327,-0.0200582,-0.0718177,-0.0822967,0.098385,0.238709,-1.24465,-0.00832559,-0.0592148,0.147814
14.9602,0.99985,-0.0172528,0.000821612,-0.00118209,0.0226945,0.00272925,-0.000226063,0.0984896,0.238874,-1.24529,-0.00875549,-0.0594135,0.0498921,14.9802,0.0246737,-0.0182485,0.0246737,0.0266806,0.999852,-0.0171394,0.000835102,-0.00118355,-0.00846652,0.186938,0.158303,0.098402,0.23828,-1.24479,-0.00875566,-0.0594171,0.147854
14.9802,0.999856,-0.0169225,0.000891707,-0.00117858,0.0116424,-0.000999208,-0.000758801,0.098536,0.236702,-1.24581,-0.0097908,-0.0590975,0.0501534,15.0002,0.022923,-0.00395194,0.022923,0.0241159,0.999857,-0.0168643,0.000886579,-0.00118235,0.103305,0.172926,0.143779,0.0984381,0.236111,-1.24531,-0.00979098,-0.0591008,0.148122
15.0002,0.99986,-0.0166905,0.000795575,-0.00115054,0.0108457,-0.00339703,-0.000759086,0.0985248,0.234458,-1.247,-0.0135242,-0.0523446,0.0505381,15.0202,0.0297701,-0.0283109,0.0297701,0.034453,0.999861,-0.0166363,0.000778467,-0.0011541,-0.0936163,0.226911,0.202,0.0983896,0.233935,-1.2465,-0.0135244,-0.0523488,0.148478
15.0202,0.99986,-0.016646,0.000787952,-0.00114547,0.0108457,-0.00166605,0.00137143,0.098497,0.234108,-1.24714,-0.0139444,-0.0515227,0.050802,15.0402,0,-0.0147389,-0.0297039,-0.0260158,0.999861,-0.0165918,0.000779675,-0.00113851,0.0155909,-0.240567,-0.142093,0.0983576,0.233593,-1.24663,-0.0139444,-0.0515227,0.148868
15.0402,0.999861,-0.0166095,0.000782437,-0.00114414,0.00884836,-0.00113337,0.000439325,0.0984637,0.233763,-1.24727,-0.0143709,-0.0507664,0.0508584,15.0602,0.0442297,-0.00345385,0.0442297,0.0556524,0.999862,-0.0165652,0.000776757,-0.00114188,0.104159,0.340118,0.3221,0.09832,0.233256,-1.24676,-0.0143712,-0.0507727,0.148737
15.0602,0.999861,-0.0166519,0.000609029,-0.00111549,-0.00779402,-0.00672707,0.00150431,0.0982221,0.231944,-1.24822,-0.0166932,-0.043568,0.0508444,15.0802,0.00735121,-0.0157968,0.00735121,0.0106734,0.99986,-0.0166909,0.000575566,-0.00110739,0.0067128,0.0523675,0.0666397,0.0980552,0.231508,-1.24771,-0.0166933,-0.043569,0.14888
15.0802,0.999858,-0.0167837,0.000480942,-0.00110616,-0.00992454,-0.0085913,-0.000626233,0.0980017,0.230988,-1.24888,-0.0174675,-0.0381241,0.0509542,15.1002,0.0183394,-0.00133537,0.0183394,0.0526433,0.999858,-0.0168333,0.000437994,-0.00110854,0.123014,0.135773,0.302666,0.0978271,0.230607,-1.24837,-0.0174676,-0.0381268,0.148943
15.1002,0.999858,-0.0168406,0.00044098,-0.00110631,-0.0145851,-0.00978971,-9.36331e-05,0.0979386,0.230766,-1.24901,-0.0173376,-0.0375051,0.0512505,15.1202,0.0406424,-0.0199853,0.0406424,0.00897967,0.999856,-0.0169136,0.000392111,-0.00110592,-0.0256695,0.320182,0.0602512,0.0977652,0.230391,-1.2485,-0.0173377,-0.0375109,0.149144
15.1202,0.999857,-0.0168785,0.00040678,-0.00111242,-0.00979138,-0.00832499,-0.0015583,0.0978738,0.230547,-1.24912,-0.0174149,-0.0369203,0.0515055,15.1402,0.00191393,-0.0092068,0.00191393,0.000559337,0.999856,-0.0169275,0.000365084,-0.00111949,0.0613589,0.0118977,0.00952106,0.0976996,0.230178,-1.24861,-0.0174149,-0.0369206,0.149564
15.1402,0.999849,-0.0173608,0.000170546,-0.00107133,-0.0200427,-0.00166857,0.000838173,0.0974303,0.229132,-1.24977,-0.0163747,-0.0334117,0.0531163,15.1602,0,0.0164484,-0.0416125,0.0251401,0.999847,-0.017461,0.000162384,-0.00106698,0.270593,-0.337563,0.142725,0.0972666,0.228798,-1.24924,-0.0163747,-0.0334117,0.151183
15.1602,0.999843,-0.0176631,9.99205e-05,-0.00107917,-0.0125858,-0.00286705,-0.00182503,0.0972613,0.228223,-1.25037,-0.0124879,-0.0353964,0.0528775,15.1802,0,0.0227339,-0.0299692,-0.0256405,0.999842,-0.017726,8.54942e-05,-0.00108803,0.323281,-0.236695,-0.140479,0.0971364,0.227869,-1.24984,-0.0124879,-0.0353964,0.150944
15.1802,0.999843,-0.0177142,7.74646e-05,-0.00108545,-0.0131185,-0.00539697,-0.0015587,0.0972386,0.228017,-1.25045,-0.0119983,-0.0363675,0.0530614,15.2002,0,0.00112137,-0.032756,-0.0166901,0.999841,-0.0177798,5.04171e-05,-0.00109276,0.150882,-0.260251,-0.0906243,0.0971186,0.227654,-1.24992,-0.0119983,-0.0363675,0.151128
15.2002,0.999841,-0.0178063,6.6481e-05,-0.001081,-0.0115206,-0.000336979,0.000305515,0.0971984,0.227571,-1.25055,-0.0111651,-0.0389554,0.0533459,15.2202,0,-0.00243136,-0.0113503,-0.025598,0.99984,-0.0178639,6.48859e-05,-0.00107944,0.123058,-0.0876942,-0.138407,0.0970867,0.227182,-1.25002,-0.0111651,-0.0389554,0.151412
15.2202,0.999838,-0.017952,0.000142848,-0.00108529,0.000330469,0.00711984,0.00203657,0.0971424,0.225976,-1.25052,-0.00686891,-0.045089,0.0550037,15.2402,0,0.00873799,-0.0144247,-0.0107534,0.999838,-0.0179503,0.000178623,-0.00107575,0.213617,-0.114901,-0.0555762,0.0970737,0.225525,-1.24997,-0.00686891,-0.045089,0.15307
15.2402,0.999839,-0.0179232,0.000197106,-0.0010797,0.00392575,0.00831826,0.00177028,0.0971948,0.225383,-1.25057,-0.00551223,-0.0482754,0.0552475,15.2602,0.00362555,-0.0353085,0.00362555,-0.0188191,0.999839,-0.0179036,0.000238828,-0.00107159,-0.139154,0.0298175,-0.0990035,0.0971397,0.2249,-1.25002,-0.00551223,-0.0482759,0.153299
15.2602,0.999839,-0.017889,0.000267236,-0.0010673,0.00366107,0.00858261,0.00310136,0.0972932,0.224759,-1.25073,-0.00439151,-0.0512667,0.0553609,15.2802,0,-0.0338285,-0.0261535,-0.038057,0.99984,-0.0178707,0.0003104,-0.00105257,-0.127402,-0.206171,-0.209789,0.0972493,0.224246,-1.25018,-0.00439151,-0.0512667,0.153427
15.2802,0.999842,-0.0177353,0.000417208,-0.00107454,0.01205,0.00951471,0.000438142,0.0975026,0.223358,-1.25088,-0.00368214,-0.0560847,0.0559873,15.3002,0.00519459,0.0210378,0.00519459,-0.0153069,0.999843,-0.017675,0.000464748,-0.00107322,0.310115,0.0405663,-0.079125,0.0974658,0.222797,-1.25032,-0.00368216,-0.0560855,0.154032
15.3002,0.99985,-0.0172607,0.000630951,-0.00103593,0.0208384,0.0083163,-9.4402e-05,0.0977918,0.22098,-1.25084,-0.00410356,-0.0615156,0.056795,15.3202,0.0194875,-0.0426829,0.0194875,-0.0296726,0.999852,-0.0171565,0.00067241,-0.00103718,-0.203551,0.15458,-0.158617,0.0977508,0.220365,-1.25028,-0.00410367,-0.0615184,0.154779
15.3202,0.999852,-0.0171817,0.00065764,-0.00104061,0.0193763,0.00698292,-0.00089387,0.0978556,0.220594,-1.25093,-0.00443694,-0.0618368,0.0566879,15.3402,0,-0.0747548,-0.00787989,0.00485073,0.999853,-0.0170848,0.000692372,-0.00104574,-0.460847,-0.0695651,0.0319374,0.0978113,0.219975,-1.25036,-0.00443694,-0.0618368,0.154754
15.3402,0.999856,-0.0169205,0.000758892,-0.0010319,0.021775,0.00884565,0.00190206,0.0981016,0.219514,-1.25148,-0.00471364,-0.061309,0.0563216,15.3602,0,-0.031633,-0.00510734,-0.0134634,0.999858,-0.0168116,0.000803162,-0.00102322,-0.117622,-0.045359,-0.0702272,0.0980544,0.218901,-1.25091,-0.00471364,-0.061309,0.154388
15.3602,0.999863,-0.016521,0.000842644,-0.00103805,0.0185792,0.00431829,0.000171028,0.0984226,0.217732,-1.25208,-0.00663157,-0.0575066,0.0562267,15.3802,0.0284539,-0.0110103,0.0284539,-0.0054668,0.999864,-0.0164281,0.00086415,-0.00103763,0.0438349,0.221493,-0.022219,0.0983563,0.217157,-1.25152,-0.00663178,-0.0575106,0.154172
15.3802,0.999866,-0.0163201,0.000925699,-0.00105709,0.00925815,0.00418514,-0.00329112,0.0985493,0.216393,-1.25229,-0.00903048,-0.0527824,0.0565375,15.4002,0.00358464,-0.0217984,0.00358464,0.0140472,0.999867,-0.0162738,0.000946305,-0.00107393,-0.0439823,0.0192519,0.0847859,0.098459,0.215865,-1.25173,-0.00903051,-0.0527829,0.154589
15.4002,0.999866,-0.0162895,0.00094766,-0.00105849,0.00726078,0.00578303,-9.5331e-05,0.098565,0.216077,-1.25231,-0.00951416,-0.0513865,0.0566102,15.4202,0.0296544,-0.0153984,0.0296544,0.0392883,0.999867,-0.0162532,0.000976526,-0.00105947,0.00642312,0.224382,0.228528,0.0984698,0.215563,-1.25174,-0.0095144,-0.0513906,0.154551
15.4202,0.999867,-0.0162806,0.00092187,-0.00104612,-0.00152766,-0.00433698,0.00123624,0.0985731,0.215189,-1.25228,-0.0114729,-0.0463785,0.0567894,15.4402,0.0341421,-0.0142659,0.0341421,-0.0395247,0.999866,-0.0162883,0.000900297,-0.00103958,0.0159477,0.270764,-0.21242,0.0984584,0.214725,-1.25171,-0.0114732,-0.0463833,0.154711
15.4402,0.999866,-0.0163412,0.000826927,-0.00104312,-0.00379133,-0.0087312,-9.5341e-05,0.098502,0.214398,-1.25214,-0.0142153,-0.0416789,0.056896,15.4602,0.0129955,-0.05054,0.0129955,0.0122997,0.999865,-0.0163602,0.000783289,-0.00104287,-0.273913,0.0953146,0.0756574,0.0983599,0.213981,-1.25157,-0.0142154,-0.0416807,0.154907
15.4602,0.999863,-0.0165225,0.000685266,-0.00103099,-0.0157722,-0.00673536,0.000436842,0.0983583,0.213514,-1.25243,-0.0165279,-0.0370665,0.0572948,15.4802,0.0301777,0.00697442,0.0301777,-0.0116442,0.999861,-0.0166014,0.000651711,-0.00102819,0.18771,0.237506,-0.0566089,0.098193,0.213143,-1.25185,-0.0165281,-0.0370707,0.155233
15.4802,0.999862,-0.0165944,0.000654662,-0.0010288,-0.0184353,-0.00740115,0.000570067,0.098317,0.213347,-1.25244,-0.0164315,-0.0362369,0.0574799,15.5002,0.0192509,-0.0252503,0.0192509,-0.0504547,0.99986,-0.0166866,0.000617803,-0.00102527,-0.0693488,0.155248,-0.27506,0.0981527,0.212985,-1.25186,-0.0164316,-0.0362396,0.155465
15.5002,0.999858,-0.0168414,0.000505637,-0.00098492,-0.0222969,-0.0129938,0.00469792,0.098187,0.212871,-1.25239,-0.0160393,-0.0336298,0.0576704,15.5202,0.0012395,-0.0159764,0.0012395,0.00272107,0.999856,-0.0169529,0.000441182,-0.000960283,0.00689959,0.00537754,0.0208223,0.0980266,0.212535,-1.25182,-0.0160394,-0.03363,0.155732
15.5202,0.999852,-0.0171736,0.000317614,-0.000987256,-0.0180359,-0.00407216,0.00083625,0.0979345,0.212097,-1.25206,-0.0156644,-0.0333884,0.0581377,15.5402,0.00163035,-0.0280299,0.00163035,0.0157499,0.99985,-0.0172638,0.000297417,-0.000982697,-0.0869409,0.00811603,0.093819,0.0977779,0.211763,-1.25148,-0.0156644,-0.0333886,0.156197
15.5402,0.999846,-0.0175269,0.000240965,-0.000958985,-0.0161693,-0.00460649,-0.000362549,0.0977871,0.21129,-1.25194,-0.0129417,-0.0362018,0.0586427,15.5602,0.0157874,0.0214923,0.0157874,-0.00446519,0.999844,-0.0176078,0.000217982,-0.000960375,0.311963,0.125144,-0.0180543,0.0976576,0.210928,-1.25135,-0.0129418,-0.0362042,0.156642
15.5602,0.999845,-0.0175866,0.000222241,-0.000950582,-0.0153704,-0.00447335,0.00216746,0.0977767,0.211123,-1.25194,-0.0124832,-0.0370472,0.0585977,15.5802,0,0.0236303,-0.00185706,-0.0114067,0.999844,-0.0176635,0.000200141,-0.000939335,0.329692,-0.014847,-0.0586998,0.0976519,0.210753,-1.25136,-0.0124832,-0.0370472,0.156664
15.5802,0.999843,-0.0176914,0.000185388,-0.000953331,-0.00671511,-0.00141073,-0.00249306,0.0977449,0.210555,-1.25188,-0.0117299,-0.0404359,0.0591325,15.6002,0.0176594,0.0300756,0.0176594,0.00529331,0.999842,-0.017725,0.000178147,-0.000965663,0.381867,0.139251,0.036754,0.0976276,0.21015,-1.25128,-0.01173,-0.0404386,0.157124
15.6002,0.999843,-0.0177068,0.00020263,-0.000973549,0.000342266,0.0029835,-0.000229386,0.0977084,0.209328,-1.2515,-0.00943889,-0.0478328,0.0596008,15.6202,0.00386356,0.0157761,0.00386356,0.00394058,0.999843,-0.0177051,0.000217523,-0.00097496,0.267788,0.0288475,0.0279159,0.097614,0.208849,-1.2509,-0.00943889,-0.0478334,0.157651
15.6202,0.999845,-0.0175991,0.00027717,-0.000987451,0.0103318,0.00471316,-0.0026267,0.0978015,0.20823,-1.25151,-0.007076,-0.0521684,0.0593464,15.6402,0.00200037,-0.000952183,0.00200037,0.0360832,0.999846,-0.0175474,0.00030045,-0.00100101,0.132988,0.00869683,0.207756,0.0977307,0.207708,-1.25092,-0.007076,-0.0521687,0.157404
15.6402,0.999845,-0.0175566,0.000288028,-0.00100217,0.0100671,0.00311361,-0.00342612,0.0978648,0.207973,-1.25169,-0.0067551,-0.0529304,0.059169,15.6602,0,-0.0273663,-0.0309751,-0.0117685,0.999846,-0.0175063,0.000303243,-0.00101959,-0.0782978,-0.248631,-0.0633761,0.0977972,0.207444,-1.25109,-0.0067551,-0.0529304,0.157236
15.6602,0.999849,-0.0173196,0.000368513,-0.00102218,0.0152603,0.00564359,0.000568656,0.098096,0.206834,-1.25224,-0.00643342,-0.0565947,0.0582178,15.6802,0.0193511,0.00666827,0.0193511,-0.043022,0.999851,-0.0172433,0.000396698,-0.00101985,0.191706,0.157857,-0.233279,0.0980317,0.206268,-1.25165,-0.00643349,-0.0565975,0.156202
15.6802,0.999856,-0.0169346,0.000505875,-0.00101317,0.0193882,0.00484469,0.00123438,0.0983502,0.205215,-1.25261,-0.00552439,-0.0576375,0.0573766,15.7002,0.0081343,-0.0172928,0.0081343,0.037124,0.999858,-0.0168376,0.000530101,-0.00100746,-0.00318009,0.055852,0.214256,0.0982949,0.204638,-1.25204,-0.00552443,-0.0576387,0.155409
15.7002,0.999858,-0.0167942,0.000532661,-0.00102272,0.016725,0.00337992,-0.0014287,0.0984424,0.204548,-1.25267,-0.00574723,-0.0571323,0.0572955,15.7202,0.00783629,-0.00524366,0.00783629,0.0268168,0.99986,-0.0167105,0.000549353,-0.00103019,0.0921773,0.054776,0.156599,0.0983849,0.203976,-1.25209,-0.00574726,-0.0571334,0.155329
15.7202,0.999861,-0.0166565,0.000560678,-0.00101114,0.0172603,0.00404432,0.00189974,0.0985695,0.203973,-1.25298,-0.00633177,-0.0558379,0.0569578,15.7402,0,0.0355718,-0.00885198,-0.00501008,0.999862,-0.0165702,0.000580967,-0.00100203,0.41779,-0.074333,-0.023108,0.0985062,0.203414,-1.25241,-0.00633177,-0.0558379,0.155024
15.7402,0.999862,-0.0165524,0.000580033,-0.000997965,0.0110018,0.00457697,0.00110083,0.0986762,0.203407,-1.25323,-0.00666779,-0.0539529,0.0566345,15.7602,0.0202759,0.00636322,0.0202759,0.0164303,0.999863,-0.0164974,0.000602951,-0.000992872,0.183032,0.155421,0.0994837,0.0986095,0.202868,-1.25266,-0.0066679,-0.0539558,0.154615
15.7602,0.999865,-0.0164032,0.000666138,-0.000999982,0.00407762,0.00257958,0.000301832,0.0988951,0.202102,-1.2536,-0.00654222,-0.0474105,0.0567961,15.7802,0,0.00131145,-0.0462934,-0.0263041,0.999865,-0.0163828,0.000679039,-0.000998698,0.14204,-0.372156,-0.145939,0.0988297,0.201628,-1.25303,-0.00654222,-0.0474105,0.154863
15.7802,0.999865,-0.0163691,0.000721576,-0.000989254,-0.00044976,0.00510958,-0.000230781,0.0990253,0.201192,-1.25364,-0.00703815,-0.0419113,0.0572126,15.8002,0,-0.024962,-0.0180986,0.0293147,0.999865,-0.0163714,0.000747104,-0.000990824,-0.0688606,-0.154573,0.167915,0.0989549,0.200773,-1.25307,-0.00703815,-0.0419113,0.155279
15.8002,0.999865,-0.0163831,0.000718086,-0.00099501,-0.00391187,-0.00061621,-0.00129605,0.0990482,0.200983,-1.25361,-0.00744814,-0.0406202,0.0572718,15.8202,0.0549344,-0.0170899,0.0549344,0.0241083,0.999865,-0.0164027,0.000714919,-0.00100142,-0.00646645,0.430387,0.145521,0.0989737,0.200577,-1.25304,-0.00744848,-0.0406278,0.155105
15.8202,0.999862,-0.0165508,0.000776289,-0.000994976,-0.0165619,0.00524274,0.00030187,0.0990973,0.20023,-1.2534,-0.0084498,-0.034644,0.0571156,15.8402,0.0126654,0.0140941,0.0126654,-0.00800062,0.999861,-0.0166336,0.000802606,-0.000993837,0.245065,0.0962717,-0.0379914,0.0990128,0.199883,-1.25282,-0.00844989,-0.0346458,0.155128
15.8402,0.999856,-0.0168986,0.000771839,-0.000977476,-0.0177559,-0.00288155,0.00110036,0.0992112,0.199848,-1.25372,-0.00986257,-0.0294878,0.0566413,15.8602,0,-0.017744,-0.0125151,-0.00244736,0.999855,-0.0169873,0.000757613,-0.000971663,-0.00666215,-0.106087,-0.00949168,0.0991126,0.199553,-1.25316,-0.00986257,-0.0294878,0.154708
15.8602,0.999854,-0.0170327,0.00073918,-0.000968185,-0.0173564,-0.00407993,0.00243195,0.0992198,0.199706,-1.25376,-0.0107541,-0.0287888,0.0568841,15.8802,0.0130119,0.00451846,0.0130119,-0.0179363,0.999853,-0.0171194,0.000719074,-0.000955615,0.172374,0.100647,-0.0937485,0.0991122,0.199418,-1.25319,-0.0107542,-0.0287907,0.154895
15.8802,0.999852,-0.0171669,0.00074377,-0.0009685,-0.0182885,-8.52187e-05,-0.000497462,0.0992086,0.199553,-1.25374,-0.0112505,-0.0287074,0.0570198,15.9002,0.00450917,0.0121669,0.00450917,-0.0381255,0.99985,-0.0172584,0.000743389,-0.000970911,0.234737,0.0354529,-0.207568,0.0990961,0.199266,-1.25317,-0.0112505,-0.028708,0.155067
15.9002,0.999844,-0.0176194,0.000681657,-0.00096306,-0.0232153,-0.00541159,-0.000364419,0.0991273,0.199099,-1.25346,-0.0115007,-0.02932,0.0575334,15.9202,0.0131878,-0.000505547,0.0131878,0.00945559,0.999842,-0.0177355,0.000654683,-0.000964326,0.13674,0.0986969,0.0596348,0.0990123,0.198806,-1.25289,-0.0115008,-0.029322,0.155544
15.9202,0.99984,-0.0178464,0.000621156,-0.000944342,-0.0112311,-0.00301471,0.00189935,0.0990516,0.198692,-1.25322,-0.011839,-0.0326098,0.0581289,15.9402,0.0239211,-0.0226239,0.0239211,-0.026527,0.999839,-0.0179026,0.000606307,-0.000934543,-0.0383678,0.18999,-0.140932,0.0989332,0.198366,-1.25264,-0.0118391,-0.0326134,0.156094
15.9402,0.999839,-0.0178856,0.000595955,-0.000951697,-0.00377012,-0.00288361,-0.00156328,0.0990589,0.198522,-1.25333,-0.0114778,-0.0354746,0.0581644,15.9602,0,0.00647462,-0.00987364,-0.100113,0.999839,-0.0179044,0.000581418,-0.000959243,0.194697,-0.0693459,-0.556208,0.0989441,0.198167,-1.25274,-0.0114778,-0.0354746,0.156231
15.9602,0.999839,-0.0178961,0.0005883,-0.000948255,-0.00323749,-0.00168519,0.000966723,0.0990611,0.198413,-1.25335,-0.011341,-0.0369637,0.0587483,15.9802,0.0334329,0.00739624,0.0334329,-0.0138349,0.999839,-0.0179123,0.000579977,-0.000943261,0.202043,0.264754,-0.0687816,0.0989477,0.198043,-1.25277,-0.0113411,-0.0369688,0.156673
15.9802,0.999838,-0.0179776,0.000500609,-0.000948519,-0.00377009,-0.00501416,0.000567279,0.0990492,0.19764,-1.25327,-0.0109655,-0.0427479,0.0588327,16.0002,0.00697431,-0.0532714,0.00697431,-0.0362645,0.999838,-0.0179965,0.000475611,-0.000945223,-0.282491,0.0566004,-0.197195,0.0989396,0.197213,-1.25268,-0.0109655,-0.042749,0.15687
16.0002,0.999841,-0.0177851,0.000471552,-0.000966094,0.0146057,0.00230956,0.00149936,0.099042,0.196654,-1.25307,-0.00971135,-0.0480658,0.0590384,16.0202,0.0221305,0.00454762,0.0221305,-0.0428368,0.999843,-0.0177121,0.000483161,-0.000958838,0.17848,0.179378,-0.232228,0.0989449,0.196173,-1.25248,-0.00971144,-0.0480691,0.157011
16.0202,0.999842,-0.0177207,0.000471786,-0.000962867,0.0154092,0.000310646,0.000966236,0.0990624,0.196481,-1.25315,-0.0094429,-0.0494062,0.0590538,16.0402,0.0220819,-0.0218024,0.0220819,0.0413071,0.999844,-0.0176437,0.000473351,-0.000958101,-0.0331412,0.166834,0.238802,0.098968,0.195987,-1.25256,-0.00944299,-0.0494095,0.157026
16.0402,0.999845,-0.0175639,0.000486197,-0.000969853,0.0120802,-0.000621454,-0.00316166,0.0991198,0.195869,-1.25332,-0.00882863,-0.0527042,0.0586766,16.0602,0,-0.0291756,-0.0231366,-0.0634982,0.999846,-0.0175035,0.000482754,-0.000985634,-0.0928119,-0.180247,-0.352473,0.0990315,0.195342,-1.25273,-0.00882863,-0.0527042,0.156743
16.0602,0.999851,-0.0172198,0.000500734,-0.00097193,0.0200742,0.000442804,0.00216419,0.0992151,0.194846,-1.25368,-0.00893575,-0.0529828,0.0581868,16.0802,0.0219739,0.0309148,0.0219739,-0.034463,0.999853,-0.0171195,0.000503036,-0.000961199,0.384826,0.176752,-0.185323,0.0991258,0.194316,-1.2531,-0.00893585,-0.052986,0.15616
16.0802,0.999858,-0.0168097,0.000572588,-0.000977096,0.0142152,0.00283968,0.00243053,0.0993028,0.193951,-1.25419,-0.00901871,-0.0513311,0.058176,16.1002,0,-0.0258485,-0.00742445,-0.00260624,0.999859,-0.0167386,0.000586919,-0.000965224,-0.0722603,-0.0638178,-0.00990492,0.0992126,0.193438,-1.25361,-0.00901871,-0.0513311,0.156243
16.1002,0.999859,-0.0167738,0.000580403,-0.00097561,0.0082231,0.00217391,0.00056631,0.0993129,0.193768,-1.25425,-0.00903031,-0.0503157,0.0578164,16.1202,0,-0.00662,-0.0115209,-0.00878446,0.999859,-0.0167327,0.000591279,-0.000972985,0.0813514,-0.0956695,-0.044827,0.0992226,0.193265,-1.25367,-0.00903031,-0.0503157,0.155883
16.1202,0.999859,-0.0167486,0.000583794,-0.000985751,0.00555994,0.00110864,-0.00236317,0.0993206,0.193589,-1.25429,-0.00908752,-0.049243,0.0574894,16.1402,0.025447,-0.0298478,0.025447,-0.0101277,0.99986,-0.0167208,0.000589111,-0.000997674,-0.105024,0.200002,-0.0489025,0.0992297,0.193096,-1.25372,-0.00908765,-0.0492466,0.155448
16.1402,0.999861,-0.0166529,0.000588052,-0.000989819,0.00689152,-0.000489268,0.00123211,0.099321,0.193008,-1.25452,-0.0109058,-0.04399,0.0573737,16.1602,0.0120459,-0.0105908,0.0120459,-0.023006,0.999861,-0.0166185,0.000585675,-0.000983639,0.0484695,0.0946322,-0.122186,0.099212,0.192568,-1.25395,-0.0109058,-0.0439917,0.155389
16.1602,0.999862,-0.0165745,0.000584643,-0.000993208,-0.00335684,-0.00248746,-9.98748e-05,0.0992631,0.192682,-1.25514,-0.0119715,-0.0393499,0.0564595,16.1802,0.0175476,-0.0280612,0.0175476,0.0152309,0.999862,-0.0165913,0.000572216,-0.000993491,-0.0921612,0.133445,0.0923762,0.0991434,0.192289,-1.25457,-0.0119716,-0.0393524,0.154451
16.1802,0.999861,-0.0166085,0.000564808,-0.00099978,-0.00934894,-0.00475116,-0.00156464,0.0992398,0.192621,-1.25522,-0.0123419,-0.0380827,0.0563375,16.2002,0,-0.0412627,-0.0112934,-0.0393922,0.999861,-0.0166553,0.000540972,-0.00100718,-0.197144,-0.0899416,-0.216157,0.0991164,0.19224,-1.25466,-0.0123419,-0.0380827,0.154404
16.2002,0.99986,-0.0167171,0.000539664,-0.00101097,-0.0156074,-0.00381902,-0.000366153,0.0991972,0.19259,-1.2555,-0.0129605,-0.0351022,0.0561318,16.2202,0.00205702,0.0101883,0.00205702,-0.0354365,0.999858,-0.0167952,0.00052062,-0.00101244,0.215277,0.0169611,-0.192535,0.0990676,0.192239,-1.25494,-0.0129605,-0.0351025,0.15419
16.2202,0.999857,-0.0168963,0.00045819,-0.000997666,-0.0112089,-0.00248836,-0.000632911,0.0990777,0.192745,-1.25618,-0.0143572,-0.0297777,0.0558852,16.2402,0,0.0197355,-0.00303749,-0.044593,0.999856,-0.0169524,0.000445752,-0.00100059,0.293058,-0.0217724,-0.244342,0.0989342,0.192448,-1.25562,-0.0143572,-0.0297777,0.153952
16.2402,0.999851,-0.0172117,0.000407015,-0.000995687,-0.0198642,-0.00408623,0.00163077,0.0988211,0.192965,-1.25671,-0.0140128,-0.0274861,0.0563837,16.2602,0.0047858,0.0338467,0.0047858,-0.0306368,0.99985,-0.017311,0.000386827,-0.000987142,0.408343,0.0395161,-0.165432,0.098681,0.19269,-1.25615,-0.0140128,-0.0274868,0.15443
16.2602,0.99985,-0.0173091,0.000390088,-0.00100011,-0.0251905,-0.00408629,-0.00103239,0.0987721,0.192991,-1.25675,-0.0141021,-0.0269817,0.05636,16.2802,0.0164808,-0.0400721,0.0164808,-0.00460449,0.999847,-0.017435,0.000369696,-0.00100487,-0.182305,0.129026,-0.018676,0.098631,0.192721,-1.25619,-0.0141022,-0.0269841,0.154356
16.2802,0.999848,-0.0173996,0.000359824,-0.00100642,-0.0234594,-0.00741517,-0.00156498,0.0987201,0.193014,-1.25677,-0.0143374,-0.0265666,0.0565449,16.3002,0.0379439,-0.0212095,0.0379439,-0.0424178,0.999846,-0.0175169,0.000322735,-0.00101356,-0.0308933,0.306365,-0.228224,0.0985767,0.192749,-1.25621,-0.0143375,-0.0265722,0.15445
16.3002,0.999841,-0.0178117,0.000277725,-0.00100946,-0.0129399,-0.00128995,-0.000366605,0.0983518,0.193078,-1.25661,-0.0140611,-0.0276823,0.0575831,16.3202,0.00810329,0.00158233,0.00810329,-0.0177467,0.99984,-0.0178764,0.000271309,-0.00101116,0.155097,0.0651362,-0.0929032,0.0982112,0.192801,-1.25604,-0.0140611,-0.0276836,0.155615
16.3202,0.999838,-0.0180004,0.000223828,-0.00104191,-0.0132019,-0.00355538,-0.00196499,0.0981811,0.193057,-1.25662,-0.0125185,-0.031821,0.0585282,16.3402,0,-0.0254898,-0.0121001,-0.00915945,0.999836,-0.0180664,0.000205946,-0.0010514,-0.0598281,-0.0974682,-0.0467041,0.0980559,0.192738,-1.25603,-0.0125185,-0.031821,0.156595
16.3402,0.999836,-0.0180548,0.000212188,-0.00104004,-0.0144004,-0.00275643,0.000565045,0.0981568,0.193056,-1.25668,-0.012388,-0.0325449,0.0586965,16.3602,0,-0.0381534,-0.0126471,-0.0856878,0.999835,-0.0181268,0.000198534,-0.00103695,-0.161137,-0.0907911,-0.475299,0.0980329,0.192731,-1.25609,-0.012388,-0.0325449,0.156763
16.3602,0.999834,-0.0181764,0.000177207,-0.00104539,-0.00228298,0.00137147,-0.00143236,0.0980497,0.192942,-1.25677,-0.011595,-0.0355847,0.0589241,16.3802,0,-0.0217954,-0.0385856,-0.068563,0.999834,-0.0181878,0.000183945,-0.00105268,-0.0289882,-0.300259,-0.382004,0.0979337,0.192586,-1.25618,-0.011595,-0.0355847,0.156991
16.3802,0.999836,-0.0180964,0.000250998,-0.00108637,0.00490756,0.00350199,3.23871e-05,0.0979487,0.192462,-1.25658,-0.00897998,-0.043143,0.0592299,16.4002,0,-0.0461381,-0.0372065,-0.0468579,0.999836,-0.0180719,0.000268481,-0.00108653,-0.224269,-0.293222,-0.26013,0.0978589,0.19203,-1.25599,-0.00897998,-0.043143,0.157296
16.4002,0.999838,-0.0179533,0.000297454,-0.0010641,0.00930652,0.00416612,0.000564569,0.0979584,0.191966,-1.25661,-0.00803825,-0.0463361,0.0595482,16.4202,0.00343745,0.0196803,0.00343745,0.00203181,0.999839,-0.0179068,0.000318282,-0.00106166,0.30098,0.0249917,0.0177124,0.097878,0.191502,-1.25602,-0.00803826,-0.0463366,0.1576
16.4202,0.999839,-0.0179088,0.000307417,-0.00106368,0.0103718,0.00270138,0.000298226,0.097996,0.191923,-1.25686,-0.00806311,-0.0465244,0.0594332,16.4402,0.0122537,-0.0227061,0.0122537,-0.0471628,0.99984,-0.0178569,0.000320893,-0.00106244,-0.0385449,0.102122,-0.256931,0.0979154,0.191458,-1.25627,-0.00806314,-0.0465263,0.157448
16.4402,0.999842,-0.0177413,0.000349386,-0.00109399,0.0134379,0.00349912,-0.00396322,0.0980893,0.191732,-1.25749,-0.00831029,-0.0477838,0.059134,16.4602,0.0546208,-0.00238782,0.0546208,-0.0247627,0.999843,-0.0176741,0.000366453,-0.00111413,0.122166,0.437601,-0.127112,0.0980062,0.191254,-1.2569,-0.00831046,-0.047792,0.156968
16.4602,0.999847,-0.0174592,0.000456289,-0.00111259,0.0161011,0.00709444,-0.00169954,0.098187,0.191347,-1.25808,-0.00757327,-0.0483619,0.0590475,16.4802,0.0271749,-0.0213441,0.0271749,-0.0218916,0.999848,-0.0173787,0.000491518,-0.00112174,-0.0313318,0.216586,-0.113747,0.0981112,0.190863,-1.25749,-0.00757338,-0.048366,0.156998
16.4802,0.99985,-0.0172895,0.000515728,-0.00111478,0.00531915,0.00482963,0.00256118,0.0983102,0.191012,-1.25873,-0.00721343,-0.0462869,0.0590584,16.5002,0,-0.00179773,-0.001433,0.00235054,0.99985,-0.0172628,0.000540064,-0.0011024,0.123938,-0.0159292,0.0192598,0.098238,0.190549,-1.25813,-0.00721343,-0.0462869,0.157125
16.5002,0.99985,-0.0172702,0.000529285,-0.00110871,0.00385441,0.00363125,0.00176219,0.0983445,0.19096,-1.25892,-0.0074225,-0.0451451,0.0588705,16.5202,0,0.000653748,-0.00701073,0.00409946,0.99985,-0.0172509,0.000547569,-0.00110023,0.143431,-0.0608721,0.0284861,0.0982702,0.190508,-1.25833,-0.0074225,-0.0451451,0.156937
16.5202,0.999852,-0.0171767,0.00055051,-0.00110879,0.00904758,0.00203333,0.000563795,0.0984165,0.19081,-1.25941,-0.00867282,-0.042257,0.0587928,16.5402,0.011405,-0.0331419,0.011405,-0.0403517,0.999852,-0.0171315,0.000560673,-0.00110617,-0.127802,0.0920797,-0.218741,0.0983298,0.190387,-1.25882,-0.00867287,-0.0422586,0.156811
16.5402,0.999854,-0.0170702,0.000602469,-0.00109383,0.0010581,-0.000629828,0.000963249,0.0984363,0.190561,-1.2599,-0.00981673,-0.0386655,0.0589693,16.5602,0,0.00178482,-0.00120151,-0.0291594,0.999854,-0.0170649,0.000599397,-0.00108896,0.150931,-0.0104307,-0.157255,0.0983381,0.190175,-1.25931,-0.00981673,-0.0386655,0.157036
16.5602,0.999852,-0.0171844,0.000562824,-0.00107046,-0.0114588,-0.00209457,0.000297452,0.09838,0.190369,-1.26001,-0.0113441,-0.0340319,0.0593375,16.5802,0.0162035,-0.000389024,0.0162035,-0.0462614,0.999851,-0.0172417,0.000552439,-0.00106876,0.134268,0.131468,-0.25148,0.0982666,0.190028,-1.25942,-0.0113442,-0.0340343,0.157335
16.5802,0.999851,-0.0172174,0.000551978,-0.00107653,-0.00892876,-0.00249405,-0.00143357,0.0983521,0.190333,-1.26001,-0.0118695,-0.0326103,0.0593866,16.6002,0.016848,0.000900034,0.016848,-0.0572243,0.99985,-0.017262,0.000539434,-0.00108346,0.1448,0.138246,-0.312763,0.0982334,0.190006,-1.25941,-0.0118696,-0.0326127,0.157381
16.6002,0.99985,-0.0172808,0.000532471,-0.00105884,-0.00733086,-0.00156194,0.00216169,0.0982801,0.190271,-1.25995,-0.0125961,-0.0307799,0.0595455,16.6202,0.0424307,0.0113417,0.0424307,0.0217494,0.999849,-0.0173174,0.000524888,-0.00104788,0.228348,0.33223,0.131841,0.0981541,0.189963,-1.25935,-0.0125963,-0.0307862,0.157432
16.6202,0.999848,-0.0173858,0.000498976,-0.00104662,-0.00958942,-0.00169613,0.000297169,0.0981876,0.190359,-1.26016,-0.0126609,-0.0295166,0.0599608,16.6402,0.0163584,-0.0209922,0.0163584,-0.0272565,0.999847,-0.0174337,0.000490573,-0.00104496,-0.0289546,0.130474,-0.145223,0.098061,0.190064,-1.25956,-0.012661,-0.029519,0.157958
16.6402,0.999842,-0.0177716,0.000356699,-0.00104264,-0.0187773,-0.00435928,0.000962881,0.0979735,0.190629,-1.26054,-0.0131295,-0.027013,0.0609386,16.6602,0.0136122,0.00147209,0.0136122,-0.0134644,0.99984,-0.0178655,0.000335089,-0.00103741,0.153846,0.107954,-0.0681935,0.0978422,0.190359,-1.25993,-0.0131295,-0.0270151,0.158947
16.6602,0.999839,-0.0178885,0.000370227,-0.00103977,-0.0143831,0.00203236,0.00109613,0.0978873,0.190683,-1.26053,-0.0126777,-0.0272491,0.061259,16.6802,0.0354897,-0.0344471,0.0354897,0.00285904,0.999838,-0.0179604,0.00038056,-0.00103444,-0.132904,0.280218,0.0253074,0.0977605,0.190411,-1.25992,-0.0126778,-0.0272545,0.159175
16.6802,0.999837,-0.018041,0.000352628,-0.00103332,-0.0133179,-0.00502506,0.0002972,0.0977581,0.190707,-1.26042,-0.0121685,-0.028571,0.0615516,16.7002,0.0198352,0.0102046,0.0198352,-0.0629693,0.999835,-0.0181077,0.000327603,-0.00103136,0.225643,0.165013,-0.344773,0.0976364,0.190421,-1.2598,-0.0121686,-0.028574,0.159534
16.7002,0.999834,-0.0181933,0.000272803,-0.00104341,-0.0114536,-0.00236189,0.000163979,0.0975701,0.190578,-1.26007,-0.0121706,-0.0320442,0.062268,16.7202,0,0.00518596,-0.016101,-0.0491158,0.999833,-0.0182505,0.00026107,-0.00104236,0.187072,-0.123774,-0.2708,0.0974483,0.190258,-1.25945,-0.0121706,-0.0320442,0.160335
16.7202,0.999831,-0.0183315,0.000264487,-0.00102828,-0.0065218,0.00176436,0.000563072,0.0974513,0.190536,-1.26013,-0.0115506,-0.0346517,0.0627374,16.7402,0,-0.0057992,-0.0272079,-0.0406992,0.999831,-0.0183641,0.000273392,-0.00102562,0.100398,-0.213819,-0.224927,0.0973358,0.190189,-1.2595,-0.0115506,-0.0346517,0.160804
16.7402,0.999831,-0.0183386,0.000266124,-0.00102489,-0.00252706,0.000565962,0.000962543,0.0974294,0.190518,-1.26016,-0.0111386,-0.0353639,0.0627342,16.7602,0.0237312,-0.0177417,0.0237312,-0.0274656,0.999831,-0.0183512,0.000269054,-0.00102012,0.00454319,0.191574,-0.145636,0.0973181,0.190165,-1.25953,-0.0111386,-0.0353676,0.1607
16.7602,0.999833,-0.0182701,0.000298857,-0.00101672,0.00239979,0.000965425,0.000296746,0.0973269,0.190221,-1.26006,-0.0102226,-0.0409563,0.0634971,16.7802,0.0360312,-0.0222317,0.0360312,0.0255243,0.999833,-0.0182581,0.000303698,-0.00101533,-0.0321956,0.281902,0.152248,0.0972247,0.189811,-1.25943,-0.0102227,-0.0409619,0.16141
16.7802,0.999835,-0.0181408,0.000301941,-0.00101997,0.00972349,0.0026965,-0.00183377,0.0971991,0.189665,-1.2598,-0.0111038,-0.0448675,0.0642987,16.8002,0.0168315,-0.00725271,0.0168315,0.01549,0.999836,-0.0180922,0.000315205,-0.0010294,0.0868977,0.129907,0.0941372,0.0970881,0.189216,-1.25916,-0.0111038,-0.0448701,0.162294
16.8002,0.999836,-0.0180996,0.000303343,-0.00102354,0.00946258,0.00056458,-0.000768917,0.0971848,0.189599,-1.25986,-0.0110988,-0.0454137,0.0639136,16.8202,0,-0.0129552,-0.015562,-0.0755182,0.999837,-0.0180523,0.000306048,-0.00102745,0.0410398,-0.116066,-0.418717,0.0970738,0.189145,-1.25923,-0.0110988,-0.0454137,0.16198
16.8202,0.99984,-0.0178343,0.000344928,-0.00105333,0.0145226,0.00216247,-0.000502571,0.097124,0.189218,-1.25998,-0.0101199,-0.0480039,0.0638952,16.8402,0.0327239,0.0277943,0.0327239,-0.0394222,0.999842,-0.0177617,0.000355617,-0.00105606,0.364584,0.264854,-0.211519,0.0970228,0.188738,-1.25934,-0.01012,-0.0480089,0.161823
16.8402,0.999844,-0.017638,0.000360836,-0.00103523,0.0110656,0.00162885,0.000295997,0.0970867,0.188857,-1.2602,-0.0100696,-0.0485391,0.0637008,16.8602,0,-0.031663,-0.00543411,-0.0181738,0.999845,-0.0175827,0.000368948,-0.00103391,-0.112159,-0.0440487,-0.0965649,0.096986,0.188372,-1.25956,-0.0100696,-0.0485391,0.161767
16.8602,0.999848,-0.0174224,0.000380484,-0.00106061,0.0129298,0.000829863,-0.00170134,0.0970493,0.188581,-1.26051,-0.0104473,-0.0472256,0.0633581,16.8802,0.0110895,-0.0381213,0.0110895,-0.0260848,0.999849,-0.0173577,0.000384416,-0.00106921,-0.165717,0.0889743,-0.139119,0.0969449,0.188108,-1.25987,-0.0104473,-0.0472272,0.161377
16.8802,0.999849,-0.0173267,0.000402369,-0.00106612,0.00907273,0.00335899,-0.000236928,0.097046,0.188581,-1.26088,-0.01087,-0.0462832,0.0634105,16.9002,0.0374042,-0.0129786,0.0374042,-0.0106769,0.99985,-0.0172813,0.000419093,-0.00106762,0.034399,0.297341,-0.0502166,0.0969373,0.188118,-1.26024,-0.0108701,-0.0462887,0.161318
16.9002,0.999852,-0.0171965,0.000426034,-0.00107383,0.00654273,0.00176109,2.9369e-05,0.0970138,0.188541,-1.26129,-0.0111544,-0.0448791,0.0634276,16.9202,0.00533246,-0.0201199,0.00533246,-0.018653,0.999852,-0.0171638,0.000434806,-0.00107384,-0.0233989,0.0416397,-0.0979647,0.0969022,0.188092,-1.26066,-0.0111544,-0.0448799,0.161471
16.9202,0.999853,-0.0171285,0.000421271,-0.0010924,0.00268115,-0.00196731,0.000961481,0.0969061,0.188433,-1.26167,-0.0120053,-0.0402137,0.0626922,16.9402,0.0104561,-0.0323449,0.0104561,-0.0937088,0.999853,-0.0171151,0.000411504,-0.00108743,-0.122152,0.0928409,-0.517678,0.0967861,0.188031,-1.26104,-0.0120054,-0.0402152,0.160714
16.9402,0.999853,-0.0171173,0.000392623,-0.00110636,-0.00437625,-0.00316572,-0.000902749,0.0967931,0.188373,-1.26172,-0.013006,-0.037596,0.0626854,16.9602,0.00646031,0.000697777,0.00646031,0.018043,0.999852,-0.0171392,0.000376743,-0.0011106,0.142381,0.0460699,0.107841,0.0966631,0.187997,-1.26109,-0.013006,-0.037597,0.160724
16.9602,0.999852,-0.0171386,0.000375588,-0.00110588,-0.00624044,-0.00409785,0.000162524,0.0967648,0.188444,-1.26186,-0.0132038,-0.0365501,0.0626174,16.9802,0,-0.00338633,-0.00911879,0.000248925,0.999852,-0.0171698,0.00035515,-0.00110471,0.110096,-0.0760082,0.00670413,0.0966327,0.188078,-1.26123,-0.0132038,-0.0365501,0.160684
16.9802,0.99985,-0.0173059,0.000299793,-0.00112443,-0.0122276,-0.00543034,-0.00143567,0.0966168,0.188726,-1.26225,-0.0136886,-0.0327406,0.0625377,17.0002,0,0.000913211,-0.00953525,-0.021647,0.999849,-0.017367,0.00027259,-0.00113112,0.14585,-0.0756631,-0.115832,0.0964799,0.188398,-1.26162,-0.0136886,-0.0327406,0.160604
17.0002,0.999846,-0.0175398,0.000224973,-0.00111045,-0.0138255,0.00109438,-0.000903039,0.0963463,0.189074,-1.26237,-0.0128745,-0.0306138,0.0630135,17.0202,0,-0.00873888,-0.000312534,-0.0280003,0.999844,-0.0176089,0.000230442,-0.00111504,0.0704111,-0.000447569,-0.150603,0.0962175,0.188768,-1.26174,-0.0128745,-0.0306138,0.16108
17.0202,0.999843,-0.017698,0.000208349,-0.00110224,-0.0215487,-0.00329982,0.000961238,0.0962522,0.189149,-1.26229,-0.012619,-0.0298698,0.0631243,17.0402,0.0128241,-0.0238713,0.0128241,-0.0632163,0.999841,-0.0178058,0.000192056,-0.00109712,-0.0496993,0.109654,-0.346554,0.096126,0.18885,-1.26165,-0.012619,-0.0298717,0.161136
17.0402,0.999841,-0.0177872,0.00019367,-0.00109906,-0.0231466,-0.00356617,0.000827945,0.0962043,0.18918,-1.26222,-0.0125046,-0.0296262,0.0634295,17.0602,0.000321089,-0.0189032,0.000321089,-0.0434841,0.999839,-0.0179029,0.000176043,-0.00109458,-0.00899928,0.00704215,-0.237313,0.0960792,0.188884,-1.26159,-0.0125046,-0.0296263,0.161495
17.0602,0.999837,-0.0180459,0.000150594,-0.00112085,-0.00690128,-0.00196825,-0.00116935,0.0959438,0.189244,-1.2617,-0.0123767,-0.0311681,0.0641497,17.0802,0.0197566,0.00706286,0.0197566,-0.0900185,0.999836,-0.0180805,0.000140688,-0.00112651,0.200174,0.169886,-0.495769,0.09582,0.188932,-1.26106,-0.0123767,-0.0311712,0.162132
17.0802,0.999833,-0.0182532,0.000163777,-0.00108629,-0.0100916,-0.000904533,0.00109404,0.0957425,0.189253,-1.26135,-0.0102775,-0.0379794,0.0641972,17.1002,0.00656184,0.0195438,0.00656184,0.0342111,0.999832,-0.0183037,0.000159409,-0.00108073,0.302131,0.0463509,0.198317,0.0956397,0.188874,-1.26071,-0.0102775,-0.0379804,0.162236
17.1002,0.999833,-0.0182705,0.00015326,-0.00108102,-0.00516475,-0.00250239,0.00136035,0.0957219,0.189238,-1.2613,-0.0101971,-0.0383508,0.064156,17.1202,0,0.0173291,-0.00362478,-0.0249844,0.999832,-0.0182964,0.000140902,-0.00107399,0.284767,-0.0264172,-0.134194,0.09562,0.188854,-1.26066,-0.0101971,-0.0383508,0.162222
17.1202,0.999833,-0.0182698,0.000153523,-0.00107638,0.00202579,0.000427084,0.000561392,0.095647,0.189121,-1.26107,-0.0104725,-0.040573,0.0645585,17.1402,0,-0.0298874,-0.0205551,-0.0537139,0.999833,-0.0182597,0.000155698,-0.00107361,-0.0929652,-0.158046,-0.296861,0.0955423,0.188715,-1.26042,-0.0104725,-0.040573,0.162625
17.1402,0.999835,-0.0181138,0.000195423,-0.00105355,0.00815106,0.000826564,0.000295079,0.0955086,0.188611,-1.26042,-0.00890588,-0.0468378,0.0646797,17.1602,0.00310977,-0.0130727,0.00310977,0.0273434,0.999836,-0.018073,0.000199539,-0.00105216,0.0402093,0.0192389,0.159296,0.0954195,0.188143,-1.25977,-0.00890589,-0.0468383,0.162733
17.1602,0.999837,-0.0180368,0.000208878,-0.00103172,0.00815105,0.00229129,0.0040235,0.095458,0.188301,-1.26008,-0.00883782,-0.0486581,0.0648653,17.1802,0,-0.023003,-0.00598724,-0.0751535,0.999838,-0.017996,0.000220653,-0.00101182,-0.0399735,-0.0389016,-0.415663,0.0953696,0.187814,-1.25943,-0.00883782,-0.0486581,0.162932
17.1802,0.999838,-0.0179803,0.000207875,-0.0010181,0.00522159,0.000160757,0.00442296,0.0954329,0.18806,-1.25986,-0.00870428,-0.0493302,0.0650399,17.2002,0.0139261,0.00519955,0.0139261,0.0494251,0.999838,-0.0179542,0.00020905,-0.000996011,0.185045,0.102663,0.283838,0.0953458,0.187567,-1.25921,-0.00870431,-0.0493323,0.163047
17.2002,0.999839,-0.0178995,0.000222022,-0.00101935,0.0108204,0.00308871,-0.000637367,0.0954326,0.187899,-1.25975,-0.00845117,-0.0497513,0.0651222,17.2202,0.0283945,-0.0357151,0.0283945,-0.0584518,0.99984,-0.0178454,0.000237351,-0.00102282,-0.143001,0.233427,-0.318783,0.0953481,0.187401,-1.2591,-0.00845122,-0.0497557,0.163068
17.2202,0.999847,-0.0174371,0.000317679,-0.0009938,0.0109581,0.00215553,0.00215872,0.0955332,0.187586,-1.25985,-0.00753828,-0.0509208,0.0644803,17.2402,0.0132719,-0.0181566,0.0132719,-0.0324287,0.999848,-0.0173823,0.000328589,-0.000983214,-0.00586597,0.107999,-0.174748,0.0954578,0.187077,-1.25921,-0.00753832,-0.0509228,0.16249
17.2402,0.999849,-0.0173535,0.000337671,-0.000987219,0.00922705,0.000823943,0.000560772,0.0955505,0.187426,-1.25976,-0.00773368,-0.0494029,0.0641508,17.2602,0.00799131,-0.0219977,0.00799131,0.0206174,0.99985,-0.0173074,0.000341793,-0.000984502,-0.0373131,0.0581847,0.121701,0.0954732,0.186932,-1.25912,-0.0077337,-0.0494041,0.162183
17.2602,0.99985,-0.017315,0.000349785,-0.000986081,0.00869441,0.00322076,0.000427656,0.0955563,0.187345,-1.25969,-0.00758438,-0.0485762,0.0640101,17.2802,0.022609,-0.0366619,0.022609,0.0295012,0.99985,-0.0172715,0.00036588,-0.000984237,-0.155181,0.173674,0.172817,0.0954804,0.186859,-1.25905,-0.00758445,-0.0485795,0.16198
17.2802,0.999852,-0.0171943,0.000396753,-0.000984613,0.00736283,0.00401972,0.00069398,0.0955626,0.187014,-1.25931,-0.00786934,-0.0450196,0.0637825,17.3002,0.0322483,-0.00061922,0.0322483,-0.0369114,0.999852,-0.0171575,0.000416872,-0.000981504,0.132299,0.25985,-0.198062,0.0954839,0.186564,-1.25867,-0.00786945,-0.0450243,0.161712
17.3002,0.999853,-0.0171341,0.000464065,-0.000990285,-0.000354678,0.00228763,-0.00196952,0.0955946,0.187,-1.25915,-0.00809344,-0.0409005,0.0633794,17.3202,0.0274441,-0.00994431,0.0274441,-0.0478603,0.999853,-0.0171359,0.000475335,-0.00100033,0.0572747,0.222295,-0.259834,0.0955137,0.186591,-1.25852,-0.00809355,-0.0409045,0.161329
17.3202,0.999852,-0.0172011,0.000461913,-0.000993422,-0.00594731,-0.00104133,-0.0010374,0.0956028,0.187052,-1.25891,-0.00828784,-0.0369444,0.0632434,17.3402,0,-0.0305358,-0.00441721,-0.0330915,0.999851,-0.0172308,0.000456647,-0.000998505,-0.106625,-0.034713,-0.180232,0.09552,0.186682,-1.25828,-0.00828784,-0.0369444,0.16131
17.3402,0.999851,-0.0172253,0.000464867,-0.00100383,-0.00701256,0.000956056,-0.00250219,0.0955963,0.187067,-1.25882,-0.00857279,-0.0357227,0.0635662,17.3602,0.00729659,0.0228765,0.00729659,4.33856e-05,0.99985,-0.0172603,0.000469466,-0.0010164,0.320688,0.0548239,0.00662612,0.0955105,0.186709,-1.25818,-0.00857282,-0.0357238,0.161602
17.3602,0.999848,-0.0173972,0.000491904,-0.0010136,-0.0151352,0.00335287,0.000560528,0.0955462,0.187229,-1.25847,-0.00961339,-0.0324754,0.0633318,17.3802,0,0.0109905,-0.00499517,0.00456572,0.999847,-0.0174728,0.000508791,-0.00101105,0.227099,-0.0444365,0.0307835,0.0954501,0.186904,-1.25784,-0.00961339,-0.0324754,0.161398
17.3802,0.999843,-0.0176842,0.000500506,-0.000990484,-0.0192576,-0.00157493,0.000160756,0.0954868,0.187731,-1.25831,-0.0108028,-0.0309503,0.0624157,17.4002,0.0238361,-0.00384834,0.0238361,-0.0284256,0.999841,-0.0177805,0.000492742,-0.000989493,0.110518,0.190648,-0.151266,0.0953788,0.187421,-1.25769,-0.0108029,-0.0309538,0.160381
17.4002,0.999842,-0.0177544,0.000480894,-0.000985026,-0.0185918,-0.00477075,0.00135918,0.0954598,0.187809,-1.25825,-0.0113179,-0.03081,0.0623711,17.4202,0.0298014,-0.0290445,0.0298014,0.0308514,0.99984,-0.0178474,0.000457257,-0.000977763,-0.0908277,0.229921,0.181134,0.0953466,0.187501,-1.25762,-0.011318,-0.0308145,0.160311
17.4202,0.999841,-0.0178184,0.000467648,-0.000981807,-0.0169939,-0.00317283,0.000826495,0.0954272,0.187882,-1.25817,-0.0117268,-0.0305733,0.0621685,17.4402,0.0129606,-0.0213575,0.0129606,-0.0870075,0.999839,-0.0179034,0.000451943,-0.000977352,-0.0286475,0.112177,-0.480451,0.0953099,0.187577,-1.25755,-0.0117268,-0.0305752,0.16018
17.4402,0.999835,-0.0181476,0.00039232,-0.000965214,-0.00767287,-0.00144179,-0.000771368,0.0950789,0.18809,-1.25733,-0.013229,-0.0354512,0.0612677,17.4602,0,-0.038617,-0.0103101,0.0220907,0.999834,-0.018186,0.00038508,-0.000968924,-0.163845,-0.0891075,0.127954,0.0949466,0.187735,-1.25671,-0.013229,-0.0354512,0.159334
17.4602,0.999833,-0.0182421,0.000317929,-0.000940936,-0.00846642,-0.00423925,0.00202467,0.0949364,0.188159,-1.25714,-0.0136705,-0.0384383,0.0609949,17.4802,0.0077804,-0.00131555,0.0077804,-0.0371968,0.999832,-0.0182845,0.000296961,-0.000930414,0.135345,0.0651097,-0.202209,0.0947997,0.187774,-1.25653,-0.0136705,-0.0384395,0.159028
17.4802,0.999832,-0.018287,0.000253486,-0.000938262,-0.000876418,-0.00490504,-0.00197001,0.0947823,0.188191,-1.25701,-0.0143959,-0.0409666,0.0609131,17.5002,0.00225365,-0.00064432,0.00225365,-0.0306862,0.999832,-0.0182914,0.000228789,-0.00094766,0.141118,0.0204837,-0.166332,0.0946384,0.187782,-1.2564,-0.0143959,-0.040967,0.15897
17.5002,0.999833,-0.0182788,0.000231199,-0.000933792,0.00112094,-0.00543766,0.00109258,0.0947243,0.188171,-1.25694,-0.0144939,-0.0421335,0.060938,17.5202,0.0207572,-0.00864052,0.0207572,-0.0682977,0.999833,-0.0182732,0.000204109,-0.000927834,0.0767103,0.174108,-0.375074,0.0945794,0.18775,-1.25633,-0.014494,-0.0421367,0.158916
17.5202,0.999835,-0.0181476,0.000153485,-0.000942827,0.00591465,-0.00490502,0.00109258,0.0944086,0.187823,-1.2564,-0.0140596,-0.047782,0.0608398,17.5402,0.0123151,-0.0273088,0.0123151,-0.010791,0.999835,-0.018118,0.000129035,-0.000936924,-0.0734067,0.0986377,-0.0539142,0.094268,0.187345,-1.25579,-0.0140596,-0.0477839,0.158854
17.5402,0.999838,-0.0180012,0.000100105,-0.000945048,0.0107083,-0.00397295,-0.000904778,0.0941434,0.187269,-1.25578,-0.0141541,-0.0507095,0.0609302,17.5602,0,0.0246936,-0.0123995,0.021111,0.999838,-0.0179477,8.01118e-05,-0.000949219,0.341516,-0.102834,0.122256,0.0940019,0.186762,-1.25517,-0.0141541,-0.0507095,0.158997
17.5602,0.999839,-0.0179045,6.46882e-05,-0.000936194,0.0121793,-0.00330815,-0.000106079,0.0940391,0.187155,-1.25575,-0.0144423,-0.0514552,0.0610262,17.5802,0,-0.0258802,-0.0173059,-0.0146208,0.99984,-0.0178436,4.80836e-05,-0.000936432,-0.0637198,-0.137042,-0.0783683,0.0938947,0.186641,-1.25514,-0.0144423,-0.0514552,0.159093
17.5802,0.99984,-0.0178481,4.59654e-05,-0.000939243,0.0131114,-0.00450667,-0.000771885,0.093982,0.187081,-1.25572,-0.0144649,-0.0517767,0.0606461,17.6002,0.028152,-0.0357936,0.028152,-0.035493,0.999841,-0.0177826,2.33052e-05,-0.000942702,-0.143955,0.229612,-0.190673,0.0938374,0.186563,-1.25512,-0.0144649,-0.051781,0.158593
17.6002,0.999848,-0.0174381,3.1e-05,-0.000947937,0.0116466,-0.00184346,-0.000372461,0.0936244,0.186428,-1.25533,-0.0136788,-0.0518881,0.0588405,17.6202,0.0114764,-0.0338657,0.0114764,0.00284565,0.999848,-0.0173799,2.16964e-05,-0.00094964,-0.131557,0.0908954,0.0223531,0.0934876,0.185909,-1.25474,-0.0136789,-0.0518898,0.156858
17.6202,0.99985,-0.0172776,-2.66205e-05,-0.000950604,0.00805137,-0.00104449,-0.00143771,0.0933885,0.186028,-1.25502,-0.0135633,-0.0487608,0.0588131,17.6402,0.0510435,0.00365628,0.0510435,-0.0128954,0.999851,-0.0172374,-3.20047e-05,-0.0009577,0.166883,0.41031,-0.0619495,0.0932529,0.18554,-1.25443,-0.0135633,-0.0487683,0.156663
17.6402,0.999851,-0.0172113,-4.08119e-05,-0.000963647,0.00819589,0.000285325,-0.0006393,0.0933163,0.186185,-1.25534,-0.0139005,-0.0463981,0.0583869,17.6602,0,-0.0222466,-0.0107014,-0.00562506,0.999852,-0.0171703,-3.948e-05,-0.000966865,-0.0402198,-0.0846688,-0.0271273,0.0931773,0.185721,-1.25475,-0.0139005,-0.0463981,0.156453
17.6602,0.999852,-0.0171527,-5.01919e-05,-0.000970985,0.00553274,-0.000114145,-0.00197088,0.0932353,0.186335,-1.2556,-0.0136874,-0.0443532,0.0578116,17.6802,0.000494468,-0.0311341,0.000494468,-0.015329,0.999853,-0.0171251,-5.09584e-05,-0.000980827,-0.111907,0.00621808,-0.0803393,0.0930984,0.185892,-1.25502,-0.0136874,-0.0443533,0.155876
17.6802,0.999852,-0.0171544,-5.07597e-05,-0.000964853,-0.00445412,-0.000114152,0.00149123,0.0930313,0.186666,-1.256,-0.0121349,-0.0394695,0.0567946,17.7002,0.0181406,-0.0139651,0.0181406,-0.00546055,0.999852,-0.0171767,-5.11809e-05,-0.000957389,0.0253507,0.146151,-0.0234262,0.09291,0.186271,-1.25543,-0.0121349,-0.0394722,0.154784
17.7002,0.99985,-0.0173235,-8.25144e-05,-0.000974533,-0.0121773,-0.00144574,0.00322228,0.0928304,0.186967,-1.25607,-0.0115827,-0.0345959,0.056321,17.7202,0,-0.0554625,-0.0220538,-0.0121601,0.999848,-0.0173844,-8.94035e-05,-0.000958304,-0.305139,-0.174492,-0.0647527,0.0927146,0.186621,-1.25551,-0.0115827,-0.0345959,0.154388
17.7202,0.999849,-0.0173493,-8.07751e-05,-0.000972646,-0.00751676,0.000551642,0.000559105,0.0928069,0.187123,-1.2562,-0.011549,-0.0338523,0.0561436,17.7402,0,-0.0133306,-0.00203511,0.00675844,0.999848,-0.0173869,-7.79322e-05,-0.000969901,0.0321701,-0.016674,0.043096,0.0926914,0.186784,-1.25564,-0.011549,-0.0338523,0.15421
17.7402,0.999847,-0.0174682,-4.2543e-05,-0.000973131,-0.0137698,0.00241486,0.000558849,0.0927373,0.187558,-1.25651,-0.0106137,-0.0321423,0.0554554,17.7602,0.0277581,-0.0670897,0.0277581,0.0384742,0.999846,-0.017537,-3.03547e-05,-0.000970551,-0.397566,0.216471,0.223585,0.0926312,0.187236,-1.25595,-0.0106137,-0.0321464,0.153404
17.7602,0.999841,-0.0178343,2.83187e-05,-0.000957309,-0.0109735,0.00427905,0.00149093,0.0926105,0.188281,-1.25674,-0.00943008,-0.0299558,0.0555811,17.7802,0,-0.0153178,-0.0165213,0.0127294,0.99984,-0.0178892,4.9896e-05,-0.000950236,0.0202276,-0.134309,0.0749801,0.0925162,0.187982,-1.25618,-0.00943008,-0.0299558,0.153648
17.7802,0.999838,-0.0179952,7.30337e-05,-0.000948097,-0.0143025,0.00427907,0.000159349,0.0925325,0.188536,-1.25667,-0.00977257,-0.0310739,0.0561644,17.8002,0.0261366,-0.0220333,0.0261366,-0.0272064,0.999836,-0.0180667,9.45078e-05,-0.00094768,-0.0325958,0.212225,-0.144402,0.0924348,0.188226,-1.25611,-0.00977259,-0.0310779,0.15412
17.8002,0.999836,-0.0180622,8.92023e-05,-0.000946449,-0.0177646,0.0041459,0.000558881,0.0925007,0.188598,-1.25662,-0.00990724,-0.0316237,0.0562346,17.8202,0,0.00317328,-0.00983012,-0.021855,0.999835,-0.018151,0.000110063,-0.000944021,0.169928,-0.0761595,-0.118062,0.0924017,0.188282,-1.25606,-0.00990724,-0.0316237,0.154301
17.8202,0.999832,-0.0183082,0.000146721,-0.000930582,-0.0148351,0.00174904,-0.000506371,0.0923544,0.188732,-1.2563,-0.0100829,-0.0333344,0.0560274,17.8402,0,-0.0325717,-0.00886101,-0.0311685,0.999831,-0.0183823,0.000155487,-0.000933262,-0.114117,-0.0677261,-0.170244,0.0922536,0.188399,-1.25574,-0.0100829,-0.0333344,0.154094
17.8402,0.999831,-0.0183767,0.000152785,-0.00091847,0.00181517,-0.000382845,-0.000107256,0.0922516,0.189106,-1.25653,-0.0109798,-0.038607,0.0561679,17.8602,0.0236655,-0.0364783,0.0236655,-0.0654804,0.999831,-0.0183677,0.000150853,-0.000918972,-0.145312,0.197432,-0.359097,0.0921418,0.18872,-1.25597,-0.0109798,-0.0386107,0.154134
17.8602,0.999831,-0.0183841,0.00016443,-0.000921762,-0.00351115,0.00321242,-0.000373569,0.092184,0.189122,-1.25653,-0.0114279,-0.0411486,0.0561831,17.8802,0,-0.0366608,-0.0267709,-0.0143374,0.99983,-0.0184017,0.000180471,-0.000923921,-0.146114,-0.213607,-0.0779095,0.0920697,0.18871,-1.25596,-0.0114279,-0.0411486,0.15425
17.8802,0.999831,-0.0183832,0.000159579,-0.000925594,-0.000714833,-0.00104864,-0.000906197,0.0921458,0.189105,-1.2565,-0.0115393,-0.0420731,0.0563161,17.9002,0,-0.000549444,-0.0117376,-0.0521677,0.999831,-0.0183868,0.000154257,-0.000930027,0.142614,-0.0874915,-0.288123,0.0920304,0.188684,-1.25594,-0.0115393,-0.0420731,0.154383
17.9002,0.999831,-0.0183808,0.000183693,-0.000925492,0.000883064,-0.00024969,-0.000107251,0.0920175,0.188959,-1.25635,-0.0117363,-0.0443789,0.0564227,17.9202,0,-0.0271652,-0.0235359,-0.0310637,0.999831,-0.0183764,0.00018243,-0.000926006,-0.0701847,-0.185356,-0.171201,0.0919002,0.188515,-1.25579,-0.0117363,-0.0443789,0.154489
17.9202,0.999834,-0.0181845,0.000114137,-0.000903102,0.0137994,-0.00544284,0.000159042,0.0917512,0.18846,-1.25586,-0.0132567,-0.0485351,0.0571636,17.9402,0,-0.0204,-0.000446609,0.0452182,0.999835,-0.0181156,8.6879e-05,-0.00090182,-0.0179139,-0.0112098,0.258173,0.0916187,0.187975,-1.25528,-0.0132567,-0.0485351,0.15523
17.9402,0.999836,-0.0180849,7.02726e-05,-0.000895612,0.0114025,-0.00424444,0.00135751,0.0916152,0.188159,-1.25557,-0.0136236,-0.050457,0.0575744,17.9602,0.00810138,-0.0167186,0.00810138,-0.0552627,0.999837,-0.0180279,4.91255e-05,-0.000888445,0.0106788,0.0721148,-0.303599,0.091479,0.187655,-1.25499,-0.0136236,-0.0504582,0.155606
17.9602,0.999838,-0.0179665,7.13004e-05,-0.000883309,0.0074143,0.000946966,0.000957753,0.0914903,0.187974,-1.25566,-0.0137284,-0.0514214,0.0579157,17.9802,0.0187557,0.00292686,0.0187557,-0.0618363,0.999839,-0.0179294,7.60877e-05,-0.000878608,0.166745,0.15836,-0.339403,0.091353,0.18746,-1.25508,-0.0137285,-0.0514243,0.155902
17.9802,0.999843,-0.0176887,6.87757e-06,-0.000889623,0.0166072,-0.00464681,0.000158447,0.0913619,0.18786,-1.25621,-0.0132908,-0.0504241,0.057272,18.0002,0.00303276,0.00743496,0.00303276,-0.0406395,0.999845,-0.0176057,-1.64127e-05,-0.000888421,0.200839,0.0300071,-0.222267,0.091229,0.187355,-1.25563,-0.0132908,-0.0504245,0.155326
18.0002,0.999847,-0.0174527,-6.52127e-05,-0.00090646,0.00395717,0.00147845,-0.000374158,0.0911855,0.187643,-1.25654,-0.0135536,-0.0484645,0.0573874,18.0202,0.011074,0.0154336,0.011074,-0.0480079,0.999848,-0.0174329,-5.78722e-05,-0.000908458,0.26278,0.095914,-0.262657,0.09105,0.187158,-1.25597,-0.0135536,-0.0484662,0.155407
18.0202,0.999848,-0.0174405,-5.005e-05,-0.000910112,0.00209295,0.00400846,-0.000773642,0.0911441,0.187589,-1.25656,-0.0134721,-0.0473858,0.0573581,18.0402,0,-0.00560075,-0.0367087,-0.0264167,0.999848,-0.01743,-3.00878e-05,-0.000914328,0.0948364,-0.28958,-0.146403,0.0910094,0.187115,-1.25599,-0.0134721,-0.0473858,0.155425
18.0402,0.999848,-0.0174342,-5.35918e-05,-0.000918225,0.000628218,-0.00065207,-0.00197206,0.0911227,0.187626,-1.25674,-0.013287,-0.0462381,0.0572597,18.0602,0.0231303,-0.0408302,0.0231303,0.0120036,0.999848,-0.0174311,-5.70264e-05,-0.000928027,-0.187447,0.183468,0.0746164,0.0909899,0.187163,-1.25617,-0.013287,-0.0462415,0.155228
18.0602,0.999849,-0.0173673,-0.000139358,-0.000922249,-0.000165856,-0.000919485,-0.000374441,0.0909666,0.187852,-1.25753,-0.012061,-0.0399619,0.0562233,18.0802,0,-0.0374817,-0.0498579,-0.00475259,0.999849,-0.0173682,-0.000143986,-0.000924041,-0.160779,-0.397306,-0.0262758,0.090846,0.187453,-1.25696,-0.012061,-0.0399619,0.15429
18.0802,0.999847,-0.0174744,-0.000105229,-0.000924797,-0.012949,0.00147733,0.00029138,0.0908566,0.18793,-1.25766,-0.0110697,-0.0360084,0.0563371,18.1002,0.0296473,-0.0311665,0.0296473,0.0205874,0.999846,-0.0175391,-9.77586e-05,-0.000923476,-0.10986,0.234874,0.123364,0.0907459,0.18757,-1.25709,-0.0110697,-0.0360128,0.154278
18.1002,0.999846,-0.0175383,-0.000100204,-0.00093308,-0.0169438,0.00147734,-0.00197239,0.0908312,0.187951,-1.25766,-0.0107605,-0.0348065,0.056137,18.1202,0,-0.0133701,-0.0051808,-0.0305395,0.999844,-0.017623,-9.29121e-05,-0.000943078,0.0332967,-0.0364537,-0.166274,0.0907236,0.187603,-1.2571,-0.0107605,-0.0348065,0.154204
18.1202,0.999845,-0.0175981,-9.51213e-05,-0.000939223,-0.0158785,0.00147739,-0.00143965,0.0908063,0.187975,-1.25765,-0.0105832,-0.0334769,0.0562381,18.1402,0.0426862,-0.0101872,0.0426862,-0.0352325,0.999843,-0.0176775,-8.77876e-05,-0.000946558,0.0587296,0.34708,-0.187808,0.0907005,0.18764,-1.25708,-0.0105831,-0.0334833,0.154123
18.1402,0.999841,-0.0177853,-0.000110526,-0.000911024,-0.00775587,-0.00038687,0.00148976,0.0906809,0.188167,-1.25757,-0.0105949,-0.0315891,0.0564713,18.1602,0.00130278,-0.0214536,0.00130278,-0.0690459,0.999841,-0.0178241,-0.000112292,-0.000903546,-0.029762,0.0209701,-0.381364,0.0905749,0.187851,-1.25701,-0.0105949,-0.0315893,0.154532
18.1602,0.999836,-0.0181012,-7.26236e-05,-0.000911738,-0.0189356,0.00240829,0.000557401,0.0906058,0.188577,-1.25787,-0.0102009,-0.0315038,0.0564208,18.1802,0.0126484,-0.038663,0.0126484,-0.0630808,0.999834,-0.0181959,-6.04473e-05,-0.000909176,-0.164981,0.110603,-0.346805,0.0905038,0.188262,-1.25731,-0.0102009,-0.0315058,0.154434
18.1802,0.999834,-0.0181769,-6.18252e-05,-0.000897741,-0.0198677,0.00280771,0.00362001,0.0905895,0.188636,-1.25789,-0.00984984,-0.0313027,0.0562475,18.2002,0.00215587,-0.0326932,0.00215587,-0.0198626,0.999833,-0.0182762,-4.73708e-05,-0.000879905,-0.116219,0.0203918,-0.105958,0.090491,0.188323,-1.25733,-0.00984984,-0.031303,0.154305
18.2002,0.999831,-0.0183594,-4.29773e-05,-0.00090339,-0.0142751,-0.000254934,-0.00117366,0.0905381,0.188769,-1.25786,-0.00967478,-0.0318998,0.0566823,18.2202,0.00591031,0.00157292,0.00591031,-0.000167394,0.99983,-0.0184308,-4.4295e-05,-0.000909237,0.159411,0.0476543,0.00472891,0.0904414,0.18845,-1.2573,-0.00967478,-0.0319008,0.154724
18.2202,0.999829,-0.0184824,-2.88079e-05,-0.000939485,-0.00348925,0.00187561,-0.00183947,0.0903935,0.188701,-1.25755,-0.0109115,-0.0381271,0.0576398,18.2402,0.00329918,-0.0143516,0.00329918,-0.0315055,0.999828,-0.0184999,-1.95851e-05,-0.000948854,0.0329449,0.0311698,-0.170799,0.0902844,0.188319,-1.25697,-0.0109115,-0.0381276,0.155692
18.2402,0.999827,-0.0185703,-7.81e-06,-0.000943469,-0.00588611,0.000943502,-0.00170629,0.0902267,0.188341,-1.25706,-0.0112113,-0.0423497,0.0581073,18.2602,0.0090407,-0.0109806,0.0090407,-0.0470668,0.999827,-0.0185997,-3.22397e-06,-0.000952087,0.0604821,0.079285,-0.257311,0.0901146,0.187917,-1.25648,-0.0112113,-0.0423512,0.156135
18.2602,0.999827,-0.0185904,9.22592e-06,-0.000938176,-0.00188546,0.00174075,0.000956556,0.0901943,0.188301,-1.25714,-0.0115033,-0.0435686,0.0580716,18.2802,0.0224098,-0.0192046,0.0224098,-0.0499049,0.999827,-0.0185998,1.80259e-05,-0.000933556,-0.00530158,0.186452,-0.271842,0.0900792,0.187865,-1.25656,-0.0115033,-0.0435721,0.156043
18.2802,0.999827,-0.0185548,1.91344e-05,-0.000926951,0.00557139,-0.000123445,0.00255446,0.0901508,0.188204,-1.25717,-0.0116075,-0.0454448,0.05799,18.3002,0.0058335,-0.0196721,0.0058335,0.00658436,0.999828,-0.0185269,1.87284e-05,-0.00091417,-0.00899012,0.0453836,0.0426598,0.0900347,0.187749,-1.25659,-0.0116075,-0.0454458,0.156032
18.3002,0.999832,-0.0183051,-3.57346e-05,-0.000910596,0.0124956,-0.000522955,0.000956576,0.0899831,0.187636,-1.25703,-0.013129,-0.0526271,0.0573683,18.3202,0.0278243,0.0125911,0.0278243,-0.00540163,0.999833,-0.0182426,-3.83183e-05,-0.000905763,0.246878,0.223725,-0.0222975,0.0898518,0.18711,-1.25645,-0.013129,-0.0526315,0.155317
18.3202,0.999835,-0.0181256,-4.38727e-05,-0.000901767,0.0120961,-0.00092241,0.00122287,0.0897754,0.186896,-1.25669,-0.0134605,-0.0547841,0.057573,18.3402,0,-0.00447141,-0.0337179,-0.0381895,0.999837,-0.0180652,-4.84277e-05,-0.000895568,0.10928,-0.263843,-0.212204,0.0896408,0.186348,-1.25612,-0.0134605,-0.0547841,0.155639
18.3402,0.999836,-0.0180641,-4.2724e-05,-0.000894408,0.0147593,0.00040918,0.00188867,0.0897536,0.186812,-1.25679,-0.0133512,-0.0547794,0.0573642,18.3602,0,-0.0234706,-0.000649664,-0.00999278,0.999838,-0.0179903,-4.05739e-05,-0.000885,-0.0432674,-0.00357864,-0.0510035,0.0896201,0.186264,-1.25621,-0.0133512,-0.0547794,0.155431
18.3602,0.999841,-0.0178145,-6.01576e-05,-0.000909992,0.022489,-0.00411996,-0.000907957,0.0896747,0.186502,-1.25698,-0.0133072,-0.055082,0.0575093,18.3802,0.00140079,-0.0126405,0.00140079,-0.00265654,0.999843,-0.0177021,-8.09373e-05,-0.000914157,0.0413846,0.0119723,-0.00963471,0.0895417,0.185952,-1.2564,-0.0133072,-0.0550822,0.15557
18.3802,0.999847,-0.0174944,-0.000159169,-0.000906912,0.00851299,-0.00438758,2.39083e-05,0.0895581,0.186129,-1.25756,-0.0142755,-0.053692,0.0563275,18.4002,0,-0.0201865,-0.0016634,0.0124625,0.999847,-0.0174518,-0.00018114,-0.000906402,-0.0215241,-0.0139228,0.0747115,0.0894154,0.185592,-1.257,-0.0142755,-0.053692,0.154394
18.4002,0.999849,-0.0173486,-0.000188411,-0.000886877,0.00798037,-0.00159124,0.000689679,0.0894473,0.185936,-1.25804,-0.013894,-0.0487938,0.0561155,18.4202,0.0393421,-0.0378444,0.0393421,-0.0558513,0.99985,-0.0173087,-0.000196342,-0.000883284,-0.164708,0.323675,-0.303906,0.0893083,0.185448,-1.25748,-0.0138939,-0.0487996,0.154015
18.4202,0.99985,-0.0173204,-0.000185675,-0.000889221,0.00598299,0.000938758,-0.00050873,0.0894185,0.185891,-1.25813,-0.0135924,-0.047697,0.0558672,18.4402,0.0227417,0.0070656,0.0227417,0.00741115,0.99985,-0.0172905,-0.000181052,-0.00089184,0.194885,0.182415,0.0486728,0.0892826,0.185414,-1.25757,-0.0135924,-0.0477004,0.153837
18.4402,0.999852,-0.0172029,-0.000237925,-0.000866019,0.00451825,-0.00558599,0.000423343,0.0893119,0.185701,-1.25833,-0.0124616,-0.044139,0.0555648,18.4602,0.0211539,0.000567229,0.0211539,-0.0608758,0.999852,-0.0171803,-0.000265834,-0.000863417,0.141612,0.179487,-0.333977,0.0891873,0.18526,-1.25777,-0.0124616,-0.044142,0.153541
18.4602,0.99985,-0.0173158,-0.000287121,-0.000875271,-0.0131861,-0.00145924,-0.00144116,0.0892678,0.185979,-1.25916,-0.0118243,-0.0374362,0.054619,18.4802,0.0310138,-0.00751765,0.0310138,-0.00840608,0.999848,-0.0173817,-0.000294483,-0.000882368,0.0780822,0.25148,-0.0391487,0.0891496,0.185604,-1.25861,-0.0118242,-0.0374407,0.152554
18.4802,0.999848,-0.0174192,-0.000272368,-0.000872222,-0.0154498,0.00253553,0.000822516,0.089249,0.186107,-1.25939,-0.0108018,-0.0347016,0.0546397,18.5002,0,0.00763804,-0.0027156,-0.00584827,0.999847,-0.0174964,-0.000259554,-0.000868352,0.200448,-0.0186744,-0.0281377,0.089141,0.18576,-1.25884,-0.0108018,-0.0347016,0.152706
18.5002,0.999847,-0.0174662,-0.000257237,-0.000870556,-0.0129198,0.00400021,0.000556254,0.0892426,0.186173,-1.25948,-0.0102013,-0.0336407,0.0544898,18.5202,0,0.023676,-0.0327542,-0.0366745,0.999846,-0.0175308,-0.000237134,-0.000868141,0.329054,-0.254649,-0.203716,0.0891406,0.185837,-1.25893,-0.0102013,-0.0336407,0.152556
18.5202,0.999844,-0.0176418,-0.000246907,-0.000884781,-0.0111888,-0.00265764,0.00055624,0.0892294,0.186407,-1.25969,-0.00900317,-0.0319915,0.0553018,18.5402,0.0040984,-0.0473699,0.0040984,-0.0487754,0.999843,-0.0176977,-0.000260095,-0.000881779,-0.238219,0.0413013,-0.267686,0.0891393,0.186087,-1.25914,-0.00900316,-0.0319921,0.153351
18.5402,0.999837,-0.0180201,-0.000225828,-0.00088861,-0.023972,0.00506554,-0.000642144,0.0891727,0.186544,-1.25962,-0.00993547,-0.0314718,0.0561319,18.5602,0,-0.0195549,-0.0307509,-0.0526214,0.999835,-0.01814,-0.000200456,-0.000892304,-0.0124246,-0.236718,-0.292744,0.0890734,0.186229,-1.25906,-0.00993547,-0.0314718,0.154198
18.5602,0.999833,-0.0182692,-0.00014851,-0.000894211,-0.0191729,0.00666222,0.0018875,0.0891723,0.186754,-1.25981,-0.00819675,-0.0314861,0.056252,18.5802,0.0119987,0.000421122,0.0119987,0.00905872,0.999831,-0.018365,-0.000114947,-0.000885398,0.149431,0.0958409,0.0569546,0.0890903,0.186439,-1.25925,-0.00819674,-0.0314879,0.154268
18.5802,0.999832,-0.0183282,-0.000129017,-0.000891569,-0.0158439,0.00506424,0.000822311,0.0891865,0.186838,-1.25991,-0.00774295,-0.0318198,0.0564978,18.6002,0,-0.0131022,-0.00302234,-0.0184475,0.99983,-0.0184074,-0.000103554,-0.000887932,0.0417895,-0.0205313,-0.0985979,0.089109,0.18652,-1.25934,-0.00774295,-0.0318198,0.154564
18.6002,0.999828,-0.0185084,-7.35994e-05,-0.000864129,-0.00998498,-0.00172682,-0.000242982,0.08922,0.187032,-1.26012,-0.00920915,-0.0372479,0.0575743,18.6202,0.00840204,-0.0180519,0.00840204,0.0353842,0.999827,-0.0185583,-8.22113e-05,-0.000865188,0.00351712,0.062429,0.203831,0.0891279,0.18666,-1.25955,-0.00920914,-0.0372492,0.155605
18.6202,0.999826,-0.0186144,-4.67091e-05,-0.000869096,-0.00305596,0.00279927,0.00108829,0.0891739,0.186969,-1.2603,-0.0106284,-0.0423764,0.0583415,18.6402,0.000809695,0.00238291,0.000809695,-0.0228576,0.999826,-0.0186297,-3.26005e-05,-0.000863917,0.167922,0.0102704,-0.123031,0.0890677,0.186545,-1.25972,-0.0106284,-0.0423766,0.156405
18.6402,0.999826,-0.0186236,-3.42478e-05,-0.000870594,-0.00332228,0.0033319,-0.000243305,0.0891701,0.186964,-1.26039,-0.0104885,-0.0430997,0.0584648,18.6602,0,-0.00836099,-0.0145385,-0.0339549,0.999826,-0.0186402,-1.75994e-05,-0.000872121,0.0820974,-0.111013,-0.186757,0.0890652,0.186533,-1.25981,-0.0104885,-0.0430997,0.156531
18.6602,0.999827,-0.0185616,-1.69249e-05,-0.000867751,0.00626511,-0.000796004,0.00148774,0.0891479,0.186862,-1.26057,-0.0105792,-0.0457947,0.0586903,18.6802,0.0146637,-0.01844,0.0146637,0.00786571,0.999828,-0.0185303,-2.07933e-05,-0.000860239,0.000851677,0.116129,0.0504243,0.0890421,0.186404,-1.25998,-0.0105792,-0.045797,0.156694
18.6802,0.999832,-0.0183242,-1.09994e-05,-0.000860157,0.011192,0.000668756,2.3004e-05,0.089035,0.18635,-1.26055,-0.0128436,-0.0518369,0.059748,18.7002,0.0353665,-0.00764205,0.0353665,-0.000344866,0.999833,-0.0182683,-7.70222e-06,-0.000860102,0.0851284,0.28297,0.00651243,0.0889066,0.185831,-1.25995,-0.0128436,-0.0518424,0.157664
18.7002,0.999835,-0.0181654,-5.81948e-06,-0.000869842,0.00932773,-0.000796009,-0.0015749,0.0888779,0.185781,-1.26044,-0.0138285,-0.0531391,0.0601247,18.7202,0.0199226,-0.0378074,0.0199226,-0.00683115,0.999835,-0.0181187,-9.98248e-06,-0.000877643,-0.157361,0.160131,-0.0313537,0.0887396,0.185249,-1.25984,-0.0138285,-0.0531421,0.158106
18.7202,0.999836,-0.0181133,-1.49048e-05,-0.000876277,0.0119964,-0.00199612,-0.00157516,0.088855,0.185694,-1.26051,-0.014009,-0.0530349,0.0602357,18.7402,0.0149909,-0.00588626,0.0149909,-0.0325372,0.999837,-0.0180533,-2.5079e-05,-0.00088397,0.0976197,0.1247,-0.175753,0.0887149,0.185164,-1.2599,-0.014009,-0.0530372,0.158238
18.7402,0.999838,-0.0179761,-6.56067e-05,-0.00087851,0.018658,-0.00705738,0.000954579,0.0888422,0.185643,-1.26086,-0.0146258,-0.0527481,0.0602793,18.7602,0.00629151,-0.0163989,0.00629151,-0.0596415,0.99984,-0.0178829,-0.000100884,-0.000873097,0.012285,0.0593095,-0.328389,0.0886959,0.185116,-1.26026,-0.0146258,-0.0527491,0.158319
18.7602,0.999844,-0.0176446,-0.000165308,-0.00085808,0.0178591,-0.00386158,0.000555074,0.0887459,0.185416,-1.26137,-0.0162047,-0.0533671,0.0593963,18.7802,0.0136417,-0.0188021,0.0136417,-0.0706102,0.999846,-0.0175553,-0.00018464,-0.00085495,-0.00981425,0.120274,-0.389198,0.0885839,0.184882,-1.26078,-0.0162047,-0.0533691,0.157405
18.7802,0.999846,-0.01751,-0.000267537,-0.000833486,0.00281225,-0.00106524,2.2426e-05,0.0885416,0.184991,-1.26168,-0.0160603,-0.0480788,0.0590729,18.8002,0,-0.0210509,-0.0167449,-0.00168124,0.999847,-0.0174959,-0.000272872,-0.000833277,-0.0282446,-0.131704,-0.00635805,0.088381,0.18451,-1.26109,-0.0160603,-0.0480788,0.157139
18.8002,0.999847,-0.0174992,-0.000280955,-0.000845187,0.00174698,-0.00306262,-0.00290705,0.0884957,0.184915,-1.2617,-0.0159213,-0.0464897,0.0589762,18.8202,0,-0.0185269,-0.000866859,-0.0141995,0.999847,-0.0174904,-0.000296528,-0.00085945,-0.00826324,-0.00282421,-0.0748291,0.0883365,0.18445,-1.26111,-0.0159213,-0.0464897,0.157043
18.8202,0.999847,-0.0174784,-0.000305453,-0.000851358,0.00427698,-0.00585895,-0.00157547,0.0884741,0.184921,-1.26185,-0.0157819,-0.0451463,0.0588332,18.8402,0,-0.0305288,-0.00394663,-0.055617,0.999847,-0.017457,-0.0003349,-0.000858715,-0.104758,-0.0215607,-0.306984,0.0883163,0.184469,-1.26126,-0.0157819,-0.0451463,0.1569
18.8402,0.999848,-0.0173883,-0.000428901,-0.000843722,0.000685946,-0.00466183,-0.00184211,0.0883543,0.184948,-1.26236,-0.0146292,-0.0403635,0.058689,18.8602,0.0133807,-0.0289301,0.0133807,-0.0162868,0.999848,-0.0173849,-0.00045237,-0.000852524,-0.0925348,0.112529,-0.0850982,0.0882081,0.184544,-1.26178,-0.0146292,-0.0403654,0.156699
18.8602,0.999843,-0.0176919,-0.000459505,-0.000850717,-0.0192878,0.0011971,0.000554734,0.0881929,0.184989,-1.26249,-0.0126161,-0.0316424,0.0587375,18.8802,0,-0.0148523,-0.0107332,0.0151805,0.999841,-0.0177884,-0.00045339,-0.000848094,0.0228249,-0.0844271,0.0887352,0.0880667,0.184673,-1.2619,-0.0126161,-0.0316424,0.156804
18.8802,0.999842,-0.0177549,-0.000457733,-0.000850999,-0.0166246,0.000664486,2.21445e-05,0.0881706,0.185014,-1.26246,-0.0122295,-0.0301061,0.0589042,18.9002,0,0.00908197,-0.00517848,-0.0142631,0.99984,-0.017838,-0.000454339,-0.000850985,0.214645,-0.0356722,-0.0756341,0.0880483,0.184713,-1.26187,-0.0122295,-0.0301061,0.156971
18.9002,0.999841,-0.017808,-0.00048041,-0.000849235,-0.0140946,-0.00546077,0.000421626,0.0881485,0.185042,-1.26242,-0.0120157,-0.0290238,0.0593972,18.9202,0,0.0258328,-0.00594646,-0.0374276,0.99984,-0.0178784,-0.000507612,-0.000846674,0.34884,-0.0382173,-0.205473,0.0880283,0.184752,-1.26182,-0.0120157,-0.0290238,0.157464
18.9202,0.999835,-0.0181507,-0.000467355,-0.00085643,-0.0200867,0.0038603,0.000954202,0.0880745,0.185223,-1.26213,-0.0106976,-0.0277782,0.0608319,18.9402,0.00297336,-0.019818,0.00297336,-0.00492475,0.999833,-0.0182511,-0.000447884,-0.000852057,-0.0133819,0.0281003,-0.0224249,0.0879675,0.184946,-1.26152,-0.0106976,-0.0277786,0.158886
18.9402,0.999828,-0.0185292,-0.000385169,-0.00086281,-0.02674,0.00585598,-0.0015761,0.088121,0.185533,-1.26215,-0.00928847,-0.0268486,0.0610256,18.9602,0.0205904,-0.00542304,0.0205904,-0.0472158,0.999825,-0.0186628,-0.000355925,-0.000871283,0.10437,0.174734,-0.25739,0.0880281,0.185264,-1.26154,-0.00928841,-0.0268518,0.159005
18.9602,0.999825,-0.0187018,-0.000343206,-0.000856628,-0.0204816,0.00479068,0.000421293,0.088149,0.185647,-1.26207,-0.00857056,-0.0270419,0.061144,18.9802,0.0223726,-0.0355681,0.0223726,-0.0371759,0.999823,-0.0188041,-0.000319129,-0.000855005,-0.135372,0.187009,-0.200947,0.0880633,0.185376,-1.26146,-0.0085705,-0.0270455,0.159115
18.9802,0.999824,-0.0187635,-0.00033086,-0.000860812,-0.0162205,0.0033259,-0.000910325,0.0881619,0.18569,-1.26201,-0.00857576,-0.027461,0.061422,19.0002,0.0354153,0.021309,0.0354153,-0.0662868,0.999822,-0.0188446,-0.00031425,-0.000865701,0.319672,0.296008,-0.362653,0.0880762,0.185415,-1.2614,-0.00857567,-0.0274667,0.159338
19.0002,0.999821,-0.0188997,-0.000294047,-0.000863699,-0.00942943,0.00425805,0.000820711,0.088186,0.185735,-1.26174,-0.00897123,-0.0307988,0.0619861,19.0202,0.0203598,-0.0278864,0.0203598,0.0154164,0.99982,-0.0189469,-0.000272643,-0.000860012,-0.0720657,0.162676,0.0933502,0.0880963,0.185427,-1.26112,-0.00897118,-0.0308021,0.159966
19.0202,0.999817,-0.0191048,-0.000184517,-0.000845269,-0.010761,0.00625541,0.000154954,0.0881641,0.185464,-1.26103,-0.00923716,-0.0370499,0.0628278,19.0402,0.0263914,-0.0443975,0.0263914,-0.0649298,0.999816,-0.0191586,-0.000153185,-0.000845101,-0.203077,0.222187,-0.355953,0.0880718,0.185093,-1.2604,-0.00923713,-0.0370542,0.160782
19.0402,0.999816,-0.0191502,-0.000130492,-0.000841659,0.00176019,0.00372337,0.00121985,0.0882202,0.185216,-1.26074,-0.00987301,-0.0413208,0.0635676,19.0602,0,-0.0205435,-0.0159979,0.0086989,0.999816,-0.0191414,-0.000111769,-0.000835916,-0.0110571,-0.128388,0.0517158,0.0881215,0.184803,-1.2601,-0.00987301,-0.0413208,0.161634
19.0602,0.999816,-0.0191375,-0.000126296,-0.000844073,0.00242598,0.00132652,-0.000511201,0.0882329,0.185134,-1.26067,-0.0101787,-0.042823,0.0635569,19.0802,0.00689812,0.00151058,0.00689812,-0.0241941,0.999817,-0.0191254,-0.000119724,-0.000846754,0.165063,0.0598992,-0.129999,0.0881311,0.184705,-1.26004,-0.0101787,-0.0428242,0.161594
19.0802,0.999818,-0.0190453,-0.000104952,-0.000841657,0.0112144,0.00332386,0.00135301,0.0882403,0.184905,-1.2605,-0.0112281,-0.0465159,0.0638287,19.1002,0,-0.00975825,-0.00670274,-0.0215591,0.999819,-0.0189893,-8.82542e-05,-0.000835204,0.0742919,-0.0495537,-0.116706,0.0881281,0.18444,-1.25986,-0.0112281,-0.0465159,0.161895
19.1002,0.999823,-0.0187819,-9.39802e-05,-0.000846922,0.012546,-0.00280136,0.000420919,0.0881513,0.183978,-1.25983,-0.0132981,-0.0536735,0.0643043,19.1202,0.0218456,-0.0130997,0.0218456,0.00683961,0.999824,-0.0187192,-0.000107998,-0.000844549,0.0452814,0.174369,0.0453408,0.0880183,0.183441,-1.25919,-0.0132981,-0.053677,0.162278
19.1202,0.999828,-0.0185315,-0.00015811,-0.000838942,0.0198745,-0.00453485,0.00335011,0.0881165,0.183266,-1.25963,-0.0153797,-0.0551413,0.0636704,19.1402,0.00406692,-0.00847342,0.00406692,-0.0142756,0.99983,-0.0184322,-0.000180554,-0.000821758,0.0804096,0.035854,-0.0748025,0.0879628,0.182715,-1.259,-0.0153797,-0.055142,0.16172
19.1402,0.99983,-0.0184346,-0.000176532,-0.000837726,0.0234698,-0.00426853,0.000287458,0.0881026,0.183087,-1.2596,-0.0157506,-0.0553974,0.0631393,19.1602,0,0.00956235,-0.0264275,-0.0665398,0.999832,-0.0183173,-0.000197942,-0.000835875,0.22366,-0.200098,-0.370618,0.0879451,0.182533,-1.25897,-0.0157506,-0.0553974,0.161206
19.1602,0.999835,-0.0181212,-0.000202774,-0.000825517,0.0233367,-0.00160537,0.00121951,0.0880309,0.182484,-1.25943,-0.0164923,-0.0570702,0.0623387,19.1802,0.00678265,-0.0256267,0.00678265,-0.0161422,0.999838,-0.0180045,-0.000210786,-0.000819251,-0.0601513,0.0580445,-0.0850435,0.087866,0.181913,-1.25881,-0.0164923,-0.0570712,0.160376
19.1802,0.99984,-0.017844,-0.000325366,-0.000845333,0.0124222,-0.00893145,0.000153947,0.0879631,0.18173,-1.25936,-0.0173129,-0.0556637,0.0619114,19.2002,0.0324068,-0.0390858,0.0324068,0.019114,0.999841,-0.0177819,-0.000370055,-0.000843746,-0.170265,0.258819,0.115058,0.0877899,0.181173,-1.25874,-0.0173129,-0.0556686,0.15984
19.2002,0.999843,-0.0176689,-0.00042558,-0.000835133,0.0116233,-0.00799931,-0.000511814,0.0879271,0.181286,-1.2594,-0.0180833,-0.0520939,0.0616557,19.2202,0.0181045,0.0136113,0.0181045,0.0503546,0.999844,-0.0176108,-0.000465664,-0.00083696,0.250059,0.141186,0.28837,0.0877462,0.180765,-1.25878,-0.0180832,-0.0520966,0.159645
19.2202,0.999845,-0.0175575,-0.00048277,-0.000844096,0.0109575,-0.00666777,-0.000644993,0.0878816,0.181001,-1.25935,-0.0180938,-0.0494098,0.0616861,19.2402,0.0180457,0.0304901,0.0180457,0.0014962,0.999846,-0.0175027,-0.000516207,-0.000846708,0.384138,0.148199,0.0147933,0.0877007,0.180507,-1.25874,-0.0180937,-0.0494125,0.159676
19.2402,0.999847,-0.017473,-0.000531706,-0.000844666,0.00576433,-0.00467039,0.000420255,0.0878255,0.180727,-1.25925,-0.0179231,-0.0474571,0.061825,19.2602,0.0176397,-0.0298596,0.0176397,0.0192941,0.999847,-0.0174442,-0.000555042,-0.000842141,-0.0992038,0.142447,0.114572,0.0876463,0.180252,-1.25863,-0.017923,-0.0474597,0.159816
19.2603,0.999848,-0.0174307,-0.000614882,-0.000863971,-0.00341952,-0.00587115,-0.00237637,0.0878073,0.180292,-1.25921,-0.0162615,-0.0413477,0.0616595,19.2803,0.00652676,-0.0288601,0.00652676,-0.0430648,0.999847,-0.0174478,-0.000644425,-0.00087535,-0.0918475,0.0629242,-0.235558,0.0876446,0.179879,-1.25859,-0.0162615,-0.0413486,0.159698
19.2803,0.999845,-0.0175845,-0.000764121,-0.000848747,-0.00714793,-0.00360748,-0.000512148,0.0878425,0.180109,-1.25913,-0.0154801,-0.0339834,0.060533,19.3003,0,0.00128533,-0.0248029,-0.0405793,0.999844,-0.0176203,-0.000782171,-0.000851018,0.150718,-0.186569,-0.224909,0.0876877,0.179769,-1.25853,-0.0154801,-0.0339834,0.1586
19.3003,0.999844,-0.0176316,-0.000759942,-0.000849594,-0.0126074,0.00145256,-0.000112716,0.0878451,0.180084,-1.25908,-0.0151109,-0.0329235,0.0606254,19.3203,0,0.004955,-0.0152215,-0.0420533,0.999843,-0.0176946,-0.000752637,-0.000850334,0.180391,-0.109714,-0.232233,0.087694,0.179754,-1.25847,-0.0151109,-0.0329235,0.158692
19.3203,0.999842,-0.0177554,-0.000725689,-0.000843855,-0.0172643,0.00597779,0.000552746,0.0879367,0.180173,-1.25917,-0.0133182,-0.0309932,0.0602867,19.3403,0,0.0271991,-0.00557681,0.0083322,0.99984,-0.0178417,-0.000695683,-0.000841685,0.359628,-0.0398043,0.0507115,0.0878036,0.179863,-1.25857,-0.0133182,-0.0309932,0.158353
19.3403,0.999835,-0.0181301,-0.000672029,-0.000853305,-0.021259,-0.00374277,-0.000112941,0.088253,0.18037,-1.25915,-0.00880576,-0.0278613,0.0598898,19.3603,0,-0.0189009,-0.0215921,0.000317305,0.999833,-0.0182364,-0.00069066,-0.000853602,-0.00605202,-0.167509,0.00443207,0.088165,0.180091,-1.25855,-0.00880576,-0.0278613,0.157956
19.3603,0.999827,-0.0185469,-0.000639588,-0.000854796,-0.0199275,0.00943996,0.00188428,0.0885422,0.180444,-1.25883,-0.00915546,-0.0283123,0.0593706,19.3803,0.00588859,-0.0401231,0.00588859,-0.0315483,0.999826,-0.0186465,-0.000592137,-0.000846315,-0.172952,0.0566171,-0.171104,0.0884506,0.180161,-1.25823,-0.00915543,-0.0283133,0.157412
19.3803,0.999826,-0.0186197,-0.000593784,-0.000855363,-0.0189954,0.0118367,0.000153314,0.0885919,0.180433,-1.25873,-0.00874684,-0.0287745,0.0593853,19.4003,0,-0.0188177,-0.00755999,-0.0234346,0.999824,-0.0187146,-0.000534515,-0.000855755,-0.00168872,-0.0523594,-0.127149,0.0885045,0.180146,-1.25813,-0.00874684,-0.0287745,0.157452
19.4003,0.999825,-0.0186868,-0.000549543,-0.000856422,-0.0175306,0.0114373,2.01494e-05,0.0886441,0.180411,-1.25862,-0.00782182,-0.0296211,0.0593264,19.4203,0.00302863,-0.0514631,0.00302863,0.00324782,0.999823,-0.0187744,-0.000492289,-0.000857438,-0.262344,0.0277772,0.0234495,0.0885659,0.180115,-1.25802,-0.00782181,-0.0296216,0.15738
19.4203,0.99982,-0.0189454,-0.000364637,-0.000827466,-0.0074106,0.00531201,-0.000246138,0.0890382,0.179984,-1.2577,-0.00469463,-0.0365636,0.060586,19.4403,0,0.000198469,-0.00135804,-0.0234946,0.999819,-0.0189825,-0.000338074,-0.000829213,0.153049,-0.0043838,-0.127058,0.0889912,0.179618,-1.25709,-0.00469463,-0.0365636,0.158653
19.4403,0.999819,-0.0190228,-0.000216653,-0.000826469,0.00191391,0.0111685,-0.0013118,0.0894725,0.179441,-1.25718,-0.00633925,-0.0432344,0.0605927,19.4603,0,-0.00160419,-0.0334999,0.0201304,0.999819,-0.0190132,-0.000160954,-0.000834087,0.139491,-0.269293,0.113768,0.0894092,0.179009,-1.25658,-0.00633925,-0.0432344,0.158659
19.4603,0.99982,-0.0189788,-0.000139056,-0.000835807,0.0051097,0.00997005,-0.000246509,0.089632,0.179127,-1.25695,-0.00621731,-0.0463896,0.0606183,19.4803,0.0225088,-0.00307053,0.0225088,-0.0154625,0.99982,-0.0189532,-8.92596e-05,-0.000837981,0.127045,0.183477,-0.0795009,0.0895698,0.178663,-1.25634,-0.00621729,-0.0463932,0.158589
19.4803,0.99982,-0.018943,-0.000101744,-0.00083777,0.00830552,0.00970372,-0.000246538,0.0897074,0.178942,-1.25682,-0.00606709,-0.0480642,0.0607685,19.5003,0,-0.0159998,-0.0128574,-0.0349242,0.999821,-0.0189015,-5.32927e-05,-0.000839917,0.0235022,-0.0968419,-0.192208,0.0896468,0.178461,-1.25621,-0.00606709,-0.0480642,0.158835
19.5003,0.999823,-0.0187944,-3.04843e-05,-0.000838045,0.0120339,0.00357842,0.000552407,0.0899212,0.178278,-1.25634,-0.00618669,-0.0525069,0.0610354,19.5203,0,0.0141074,-0.0103862,-0.0287833,0.999824,-0.0187342,-1.25939e-05,-0.000835618,0.263171,-0.0784091,-0.157563,0.0898594,0.177753,-1.25573,-0.00618669,-0.0525069,0.159102
19.5203,0.999828,-0.01854,8.42804e-06,-0.000838841,0.0166945,0.00597529,-0.00184438,0.0901101,0.177171,-1.25556,-0.00933473,-0.0567428,0.0610907,19.5403,0,-0.0626363,-0.00874825,0.0156864,0.999829,-0.0184565,3.80584e-05,-0.000848616,-0.352941,-0.0727882,0.0916048,0.0900167,0.176603,-1.25495,-0.00933473,-0.0567428,0.159157
19.5403,0.999831,-0.0183667,5.35362e-05,-0.000830886,0.0222871,0.00570897,0.00228349,0.0902071,0.176625,-1.25527,-0.0105715,-0.0579734,0.0608164,19.5603,0.00982593,-0.0168186,0.00982593,-0.0452161,0.999833,-0.0182552,8.21933e-05,-0.000820001,0.0121836,0.0846983,-0.247514,0.0901014,0.176046,-1.25466,-0.0105715,-0.057975,0.158841
19.5603,0.999833,-0.0182663,7.15765e-05,-0.000820823,0.0244219,0.00490706,0.00268248,0.0902735,0.176377,-1.2552,-0.0110051,-0.0584449,0.0606239,19.5803,0,-0.00430257,-0.000952017,-0.0286647,0.999835,-0.0181442,9.62525e-05,-0.000807869,0.111677,-0.0040267,-0.156,0.0901635,0.175793,-1.25459,-0.0110051,-0.0584449,0.15869
19.5803,0.999842,-0.0177859,1.78153e-05,-0.000810257,0.0221609,-0.00508212,0.00108424,0.0906766,0.175214,-1.25514,-0.0130836,-0.0589151,0.0594786,19.6003,0.00492449,0.0112438,0.00492449,0.00581185,0.999843,-0.0176751,-7.58464e-06,-0.000804387,0.232178,0.0384931,0.0375698,0.0905458,0.174625,-1.25455,-0.0130836,-0.0589159,0.157524
19.6003,0.999844,-0.0176338,-3.33644e-05,-0.000785516,0.0172341,-0.00667992,0.00228266,0.0907951,0.174734,-1.25508,-0.0143449,-0.0576828,0.0591624,19.6203,0.0347163,-0.0353583,0.0347163,-0.0404208,0.999846,-0.0175476,-6.66252e-05,-0.000773513,-0.14227,0.283434,-0.218497,0.0906517,0.174157,-1.25449,-0.0143449,-0.0576881,0.157081
19.6203,0.99985,-0.0173314,-0.000152502,-0.000777728,0.0178999,-0.00628045,0.000285342,0.0909359,0.17378,-1.25483,-0.0155472,-0.0535618,0.0581603,19.6403,0.00678567,-0.0182906,0.00678567,-0.00303215,0.999851,-0.0172419,-0.000183944,-0.000775744,-0.00772528,0.0558036,-0.0119488,0.0907804,0.173244,-1.25425,-0.0155472,-0.0535628,0.156198
19.6403,0.999851,-0.0172626,-0.000173484,-0.000772854,0.0165683,-0.00481575,0.0012174,0.0909604,0.173548,-1.25474,-0.0152295,-0.0523111,0.0580554,19.6603,0.0248308,-0.00348342,0.0248308,-0.0190662,0.999852,-0.0171797,-0.000197518,-0.000766338,0.109989,0.202616,-0.100025,0.0908081,0.173025,-1.25416,-0.0152295,-0.0523147,0.156016
19.6603,0.999852,-0.0171677,-0.000205094,-0.000757411,0.00897832,-0.00388362,0.00135053,0.0910034,0.173099,-1.25454,-0.0149939,-0.0497778,0.0573806,19.6803,0,0.00463599,-0.00582441,-0.0538709,0.999853,-0.0171229,-0.000224427,-0.000750317,0.174168,-0.0375233,-0.297963,0.0908534,0.172601,-1.25397,-0.0149939,-0.0497778,0.155447
19.6803,0.999853,-0.01715,-0.0003594,-0.00077013,-0.00406795,-0.0080144,-0.00197875,0.0912457,0.172267,-1.25427,-0.0138001,-0.0414852,0.056424,19.7003,0.00811921,-0.0279951,0.00811921,0.012759,0.999852,-0.0171703,-0.00039962,-0.000779342,-0.086811,0.0658948,0.0765865,0.0911077,0.171852,-1.25371,-0.0138001,-0.0414864,0.154456
19.7003,0.999851,-0.0172458,-0.000410788,-0.000777745,-0.00819587,-0.00202228,-0.000913491,0.0914316,0.171936,-1.25414,-0.0130084,-0.0363361,0.056284,19.7203,0,-0.0146999,-0.00925168,0.00389633,0.99985,-0.0172867,-0.000420945,-0.000782154,0.0204327,-0.0713457,0.0253112,0.0913015,0.171572,-1.25357,-0.0130084,-0.0363361,0.154351
19.7203,0.99985,-0.0173204,-0.000426716,-0.000785042,-0.0109922,-0.000823829,-0.00131294,0.0915522,0.171742,-1.25399,-0.0117157,-0.0341848,0.0564108,19.7403,0.00113291,-0.0309336,0.00113291,-0.0321909,0.999849,-0.0173754,-0.000430905,-0.000791558,-0.109123,0.0167384,-0.175666,0.091435,0.171401,-1.25343,-0.0117157,-0.034185,0.154472
19.7403,0.999849,-0.0173667,-0.000444037,-0.000780259,-0.0121906,-0.00388651,0.00121704,0.0916153,0.171649,-1.2539,-0.0110413,-0.0334568,0.0563685,19.7603,0,-0.0238137,-0.030774,-0.0313205,0.999848,-0.0174277,-0.000463313,-0.000773864,-0.0516398,-0.238405,-0.173938,0.0915049,0.171314,-1.25333,-0.0110413,-0.0334568,0.154435
19.7603,0.999842,-0.0177684,-0.000452415,-0.000781583,-0.0247075,-0.00055752,0.000151733,0.0920051,0.17125,-1.25342,-0.00819351,-0.0293086,0.0556743,19.7803,0,0.00724951,-0.0314718,0.00188128,0.99984,-0.0178919,-0.000455093,-0.000780831,0.200263,-0.248339,0.0117582,0.0919231,0.170957,-1.25287,-0.00819351,-0.0293086,0.153741
19.7803,0.999835,-0.0181409,-0.00037345,-0.000786067,-0.0232402,0.00636382,1.8263e-05,0.0925013,0.171069,-1.25328,-0.00572525,-0.0285924,0.0554337,19.8003,0,0.023274,-0.00222268,-0.0277132,0.999833,-0.0182571,-0.000341543,-0.000786597,0.331124,-0.0106246,-0.151044,0.0924441,0.170783,-1.25272,-0.00572525,-0.0285924,0.1535
19.8003,0.999834,-0.0182245,-0.000343392,-0.000774696,-0.0215091,0.0079618,0.00308088,0.0926269,0.17101,-1.25321,-0.00530203,-0.0288445,0.0551145,19.8203,0,-0.0191358,-0.0374412,-0.0291989,0.999832,-0.018332,-0.000303226,-0.000760056,-0.00730394,-0.292597,-0.162938,0.0925739,0.170722,-1.25266,-0.00530203,-0.0288445,0.153181
19.8203,0.999832,-0.0183012,-0.000319805,-0.000769588,-0.0197781,0.00636378,0.00148299,0.092752,0.170942,-1.25314,-0.00481067,-0.0294737,0.0549126,19.8403,0,-0.0100922,-0.0120348,-0.0652608,0.99983,-0.0184,-0.00028778,-0.000762788,0.0652628,-0.0842172,-0.362315,0.0927038,0.170648,-1.25259,-0.00481067,-0.0294737,0.152979
19.8403,0.999827,-0.0185768,-0.000222712,-0.00074217,-0.0185796,0.00663012,0.00108352,0.0932416,0.170534,-1.25274,-0.00425993,-0.0344894,0.0546337,19.8603,0,-0.00543287,-0.00132409,0.0129327,0.999825,-0.0186696,-0.000189398,-0.00073739,0.105175,-0.0107636,0.0764353,0.093199,0.170189,-1.2522,-0.00425993,-0.0344894,0.1527
19.8603,0.999824,-0.0187572,-6.45745e-05,-0.000737756,-0.00193487,0.0099591,0.000284553,0.0938286,0.169708,-1.25216,-0.00385082,-0.0418231,0.0550696,19.8803,0.00832346,-0.0259145,0.00832346,0.000713352,0.999824,-0.0187669,-1.4754e-05,-0.000737268,-0.0573256,0.0668324,0.00900764,0.0937901,0.169289,-1.25161,-0.00385082,-0.0418244,0.153101
19.8803,0.999825,-0.0187127,8.02767e-05,-0.000758834,0.0057903,0.00636114,-0.000514805,0.0944152,0.168837,-1.25196,-0.00327683,-0.0493349,0.0549096,19.9003,0,-0.00298183,-0.0289883,-0.0175894,0.999825,-0.0186837,0.000112007,-0.000762005,0.125952,-0.229893,-0.0972752,0.0943825,0.168344,-1.25141,-0.00327683,-0.0493349,0.152976
19.9003,0.999825,-0.0186876,0.000101615,-0.000760076,0.00579029,0.00582852,-0.000115336,0.0945518,0.16857,-1.25188,-0.00344029,-0.0512056,0.0548472,19.9203,0,-0.00150044,-0.0207792,-0.0632825,0.999826,-0.0186586,0.00013072,-0.0007612,0.137345,-0.157564,-0.352249,0.0945174,0.168058,-1.25133,-0.00344029,-0.0512056,0.152914
19.9203,0.999826,-0.0186594,0.000124035,-0.000763459,0.00658925,0.00609482,-0.000647983,0.0946828,0.168283,-1.25179,-0.00364453,-0.0530802,0.0548072,19.9403,0,0.00804376,-0.00836634,-0.0188422,0.999826,-0.0186264,0.000154418,-0.000767271,0.213647,-0.0650493,-0.102092,0.0946463,0.167752,-1.25125,-0.00364453,-0.0530802,0.152874
19.9403,0.999831,-0.018343,0.000243103,-0.000759072,0.0188398,0.0056954,-0.000248521,0.0952274,0.166593,-1.2512,-0.00605488,-0.0603818,0.0549732,19.9603,0,-0.0331264,-0.0285834,-0.01232,0.999833,-0.0182488,0.000271481,-0.00076086,-0.118177,-0.228965,-0.0677152,0.0951668,0.165989,-1.25065,-0.00605488,-0.0603818,0.15304
19.9603,0.999839,-0.0179251,0.000296857,-0.000767643,0.027498,0.00236363,-0.000648582,0.0956298,0.165093,-1.25083,-0.00853589,-0.0645202,0.0545712,19.9803,0.00306603,0.00221559,0.00306603,-0.0228475,0.999841,-0.0177877,0.00030851,-0.000771138,0.16112,0.02544,-0.123316,0.0955445,0.164448,-1.25028,-0.0085359,-0.0645206,0.152625
19.9803,0.999841,-0.0178095,0.000301324,-0.000781462,0.0284301,0.00169785,-0.00331164,0.0957347,0.164717,-1.25079,-0.00918209,-0.065289,0.0544029,20.0003,0,0.0147426,-0.0146633,-0.0133281,0.999844,-0.0176674,0.000309406,-0.000798211,0.260478,-0.117706,-0.0716885,0.0956429,0.164064,-1.25024,-0.00918209,-0.065289,0.152469
20.0003,0.999845,-0.0175932,0.000290591,-0.00078475,0.0252343,-0.00216374,-0.000382201,0.0959179,0.163939,-1.25067,-0.0101871,-0.0657319,0.0541258,20.0203,0,-0.00123841,-0.012326,-0.025857,0.999847,-0.0174671,0.000279642,-0.000786507,0.13092,-0.097285,-0.141601,0.095816,0.163281,-1.25013,-0.0101871,-0.0657319,0.152192
20.0203,0.99985,-0.0172996,0.000246772,-0.000780334,0.0219054,-0.00216378,-0.000115892,0.0961242,0.162746,-1.25042,-0.0125028,-0.0644587,0.0538523,20.0403,0.0172429,-0.0131172,0.0172429,-0.00764262,0.999852,-0.0171901,0.000235859,-0.000780753,0.0333462,0.136925,-0.0367712,0.0959992,0.162101,-1.24988,-0.0125028,-0.0644613,0.151845
20.0403,0.999858,-0.0168248,0.000154662,-0.00079816,0.0233737,-0.00496312,0.00148155,0.0964157,0.160931,-1.25006,-0.0145408,-0.0596551,0.053913,20.0603,0,0.025275,-0.00768942,0.0196465,0.99986,-0.016708,0.000129881,-0.000790354,0.336722,-0.0652263,0.11377,0.0962703,0.160334,-1.24953,-0.0145408,-0.0596551,0.15198
20.0603,0.999862,-0.0166214,6.1179e-05,-0.00081829,0.0143212,-0.00736217,-0.00211419,0.0966959,0.160106,-1.25018,-0.0155393,-0.0549074,0.0531031,20.0803,0,0.00816097,-0.0265805,-0.0340144,0.999863,-0.0165499,2.41389e-05,-0.000828252,0.198312,-0.208527,-0.188348,0.0965405,0.159557,-1.24965,-0.0155393,-0.0549074,0.15117
20.0803,0.999862,-0.0165871,2.16738e-05,-0.000821922,0.00792959,-0.00922639,-0.000915797,0.0967873,0.159861,-1.25023,-0.0158962,-0.0533037,0.0525832,20.1003,0,-0.00419053,-0.0281805,-0.00886388,0.999863,-0.0165475,-2.45603e-05,-0.000825736,0.0993048,-0.224438,-0.0476483,0.0966283,0.159328,-1.2497,-0.0158962,-0.0533037,0.15065
20.1003,0.999863,-0.0165246,-0.000119696,-0.000823858,0.000739071,-0.0100253,-0.000116834,0.0970852,0.158974,-1.25031,-0.0166007,-0.0453205,0.0518736,20.1203,0,0.0270088,-0.00754227,0.0266108,0.999863,-0.016521,-0.000169828,-0.000823613,0.348215,-0.0627129,0.152894,0.0969192,0.158521,-1.24979,-0.0166007,-0.0453205,0.14994
20.1203,0.999862,-0.0166014,-0.000278816,-0.000823745,-0.0112452,-0.00989215,-0.00171471,0.0973141,0.158259,-1.25022,-0.0153606,-0.03763,0.051375,20.1403,0,-0.00281725,-0.016728,-0.00158581,0.999861,-0.0166576,-0.000328366,-0.000831512,0.110363,-0.131383,-0.00581778,0.0971605,0.157883,-1.24971,-0.0153606,-0.03763,0.149442
20.1403,0.999859,-0.0167771,-0.000349928,-0.000803195,-0.0180362,-0.00323431,0.00401105,0.0974766,0.157825,-1.25005,-0.0137331,-0.0323889,0.0508275,20.1603,0,-0.00493403,-0.0131835,-0.0317892,0.999857,-0.0168672,-0.000365688,-0.000782903,0.0946644,-0.0984205,-0.174728,0.0973393,0.157502,-1.24954,-0.0137331,-0.0323889,0.148894
20.1603,0.999856,-0.0169485,-0.000378235,-0.000817084,-0.0229605,-0.00456844,-0.00251406,0.0976878,0.157678,-1.25012,-0.0122336,-0.0290593,0.0504889,20.1803,0,-0.00505673,-0.00714514,-0.0353901,0.999854,-0.0170633,-0.000401193,-0.000829309,0.0949892,-0.0493636,-0.194251,0.0975655,0.157388,-1.24962,-0.0122336,-0.0290593,0.148555
20.1803,0.999853,-0.0171375,-0.000403505,-0.000816217,-0.0245584,-0.00297056,-0.000250342,0.0979037,0.157559,-1.25015,-0.0108551,-0.0264672,0.0503622,20.2003,0,-0.00573876,-0.0167763,-0.0153823,0.999851,-0.0172603,-0.000418277,-0.000817264,0.0912189,-0.128892,-0.0831555,0.0977952,0.157295,-1.24964,-0.0108551,-0.0264672,0.148429
20.2003,0.999847,-0.0174705,-0.000441939,-0.000809241,-0.0278874,-0.000573669,0.00174692,0.0982331,0.157399,-1.2501,-0.00889504,-0.0245072,0.0503362,20.2203,0,-0.00366228,-0.0161891,-0.0606215,0.999845,-0.0176099,-0.000444542,-0.00080052,0.110084,-0.117515,-0.33648,0.0981442,0.157153,-1.2496,-0.00889504,-0.0245072,0.148403
20.2203,0.999834,-0.0181749,-0.000327024,-0.000801451,-0.0289527,0.00914686,-0.00118255,0.0989123,0.157012,-1.24972,-0.00476957,-0.0251611,0.0501221,20.2403,0.0333219,-0.0152691,0.0333219,0.00166202,0.999832,-0.0183196,-0.000281289,-0.000808241,0.0229589,0.268806,0.0172103,0.0988646,0.156761,-1.24921,-0.00476948,-0.0251662,0.148047
20.2403,0.999833,-0.0182732,-0.000299532,-0.000797044,-0.0250911,0.00728273,0.00134752,0.0990308,0.156922,-1.24962,-0.00416576,-0.0258793,0.0501805,20.2603,0,0.0301061,-0.0212865,-0.100163,0.99983,-0.0183986,-0.000262901,-0.00079101,0.386055,-0.153046,-0.558611,0.0989892,0.156663,-1.24911,-0.00416576,-0.0258793,0.148247
20.2603,0.999831,-0.0183636,-0.000265665,-0.000796466,-0.0230937,0.00888053,0.000415366,0.0991502,0.15682,-1.2495,-0.00362873,-0.027058,0.0504584,20.2803,0,-0.0270472,-0.00202103,0.0282197,0.999829,-0.0184791,-0.00022114,-0.000795235,-0.0694716,-0.0183599,0.162293,0.0991139,0.15655,-1.249,-0.00362873,-0.027058,0.148525
20.2803,0.999828,-0.0185383,-0.000202605,-0.000797842,-0.0220284,0.00768216,0.000415431,0.0993913,0.156577,-1.24925,-0.00258452,-0.0293386,0.0504783,20.3003,0.0266922,-0.0175542,0.0266922,-0.0206632,0.999826,-0.0186484,-0.000164074,-0.0007965,0.00758597,0.218073,-0.108438,0.0993654,0.156284,-1.24875,-0.00258448,-0.0293428,0.148431
20.3003,0.999823,-0.0188067,-1.12142e-05,-0.000812194,-0.00551529,0.0111413,-0.00171559,0.100078,0.155748,-1.24874,-0.00197466,-0.038074,0.0506354,20.3203,0,0.0151984,-0.0108646,-0.037653,0.999822,-0.0188343,4.43434e-05,-0.000821819,0.271954,-0.0810479,-0.207421,0.100058,0.155367,-1.24823,-0.00197466,-0.038074,0.148702
20.3203,0.999823,-0.0188148,8.16206e-05,-0.000806224,0.0012757,0.0118071,-0.000250878,0.100398,0.155317,-1.24863,-0.00178937,-0.042176,0.0507283,20.3403,0,0.00125308,-0.00900679,0.0190442,0.999823,-0.0188084,0.000140617,-0.000808589,0.160553,-0.0755528,0.110194,0.10038,0.154895,-1.24812,-0.00178937,-0.042176,0.148795
20.3403,0.999823,-0.0187968,0.000122658,-0.000810042,0.00407206,0.0107418,-0.000650313,0.100552,0.155072,-1.24856,-0.00182273,-0.0441149,0.0507628,20.3603,0,0.00170677,-0.00349564,0.00650604,0.999823,-0.0187764,0.00017628,-0.000814305,0.164038,-0.0299087,0.0405967,0.100534,0.15463,-1.24805,-0.00182273,-0.0441149,0.148829
20.3603,0.999825,-0.0186745,0.000278044,-0.000810631,0.00926519,0.00967655,0.000281798,0.101114,0.153899,-1.24817,-0.00252969,-0.0517195,0.0511391,20.3803,0.00922863,0.00344984,0.00922863,-0.0315365,0.999826,-0.0186281,0.000326407,-0.000810139,0.176919,0.0763268,-0.171066,0.101089,0.153382,-1.24765,-0.00252971,-0.051721,0.149166
20.3803,0.999831,-0.0183752,0.000406485,-0.000808968,0.0221815,0.00514918,0.00134704,0.101578,0.152446,-1.24761,-0.00432713,-0.0580918,0.0513707,20.4003,0.0111721,-0.0183685,0.0111721,-0.0653364,0.999833,-0.0182643,0.000432261,-0.000802752,-0.000128862,0.0956031,-0.360195,0.101534,0.151865,-1.2471,-0.00432717,-0.0580936,0.14939
20.4003,0.999837,-0.0180361,0.000453028,-0.000828833,0.0285731,0.002486,0.0001487,0.101837,0.151205,-1.24709,-0.00648394,-0.0615961,0.0516453,20.4203,0.0446591,0.0220452,0.0446591,-0.0251587,0.999839,-0.0178932,0.000465351,-0.000828379,0.320192,0.357372,-0.131665,0.101772,0.150589,-1.24658,-0.00648412,-0.061603,0.149522
20.4203,0.999841,-0.0178125,0.000483779,-0.00082035,0.0277742,0.00501598,0.00161339,0.10203,0.150377,-1.24683,-0.00771914,-0.0627337,0.051352,20.4403,0.0438923,0.00896299,0.0438923,0.00746683,0.999843,-0.0176737,0.000508885,-0.000812798,0.213729,0.346211,0.0507994,0.101953,0.14975,-1.24632,-0.00771932,-0.0627404,0.149232
20.4403,0.999843,-0.0176951,0.000500767,-0.00081896,0.0289753,0.00474635,0.000547584,0.102147,0.149978,-1.24675,-0.00842314,-0.0629403,0.0513025,20.4603,0,-0.0188467,-0.0582417,-0.0610931,0.999846,-0.0175502,0.000524425,-0.000816715,-0.00909313,-0.461327,-0.343323,0.102063,0.149349,-1.24624,-0.00842314,-0.0629403,0.149369
20.4603,0.999852,-0.0171519,0.000484798,-0.000826219,0.0279118,-0.00550962,-0.00118395,0.102686,0.148028,-1.24643,-0.0117348,-0.0602016,0.0501071,20.4803,0.0125494,0.0184295,0.0125494,0.0113703,0.999855,-0.0170124,0.000457037,-0.000831733,0.284459,0.0950651,0.0695453,0.102568,0.147426,-1.24593,-0.0117348,-0.0602034,0.14812
20.4803,0.99986,-0.0167056,0.000344645,-0.000849784,0.0161938,-0.00724073,0.00121289,0.103117,0.146253,-1.24621,-0.0157194,-0.0542771,0.0495108,20.5003,0,-0.000593387,-0.0118172,0.0151823,0.999861,-0.0166247,0.000308479,-0.000843143,0.128912,-0.0993144,0.08866,0.10296,0.14571,-1.24571,-0.0157194,-0.0542771,0.147577
20.5003,0.999861,-0.0166495,0.000324732,-0.000849899,0.0136638,-0.00444445,1.44715e-05,0.103173,0.145919,-1.24613,-0.0160766,-0.0527509,0.0493227,20.5203,0.0138316,0.00131678,0.0138316,-0.078204,0.999862,-0.0165812,0.000302456,-0.000849479,0.143417,0.118474,-0.431845,0.103012,0.145392,-1.24564,-0.0160766,-0.0527529,0.14733
20.5203,0.999862,-0.0165869,0.00026315,-0.000854517,0.00554118,-0.00870549,-0.000385045,0.103263,0.145282,-1.24596,-0.0166894,-0.049056,0.0491866,20.5403,0.00171777,0.0194553,0.00171777,0.0399034,0.999862,-0.0165592,0.000219573,-0.000855727,0.288089,0.00647513,0.228397,0.103096,0.144791,-1.24547,-0.0166894,-0.0490562,0.147246
20.5403,0.999863,-0.0165568,0.000143945,-0.000844665,8.17334e-05,-0.00937128,0.000946596,0.103356,0.144418,-1.24563,-0.0168951,-0.0428526,0.0489822,20.5603,0,0.000690782,-0.0322351,-0.042332,0.999863,-0.0165565,9.71732e-05,-0.000839157,0.138059,-0.253384,-0.235292,0.103187,0.143989,-1.24514,-0.0168951,-0.0428526,0.147049
20.5603,0.999862,-0.0166008,-2.73363e-05,-0.00085066,-0.00724012,-0.0093745,0.000679743,0.103652,0.14358,-1.24553,-0.0173574,-0.0359277,0.0481152,20.5803,0,-0.0121034,-0.016236,-0.00663118,0.999861,-0.016637,-7.41151e-05,-0.000846484,0.0360715,-0.128853,-0.0338744,0.103478,0.14322,-1.24505,-0.0173574,-0.0359277,0.146182
20.5803,0.999857,-0.0168759,-0.000174409,-0.000819755,-0.0242843,-0.00764347,0.000812903,0.103887,0.142885,-1.24528,-0.0160026,-0.0296812,0.0478141,20.6003,0.0113737,0.0243481,0.0113737,-0.0475559,0.999855,-0.0169973,-0.000212453,-0.000815067,0.329422,0.0989498,-0.26064,0.103727,0.142588,-1.2448,-0.0160026,-0.0296828,0.145832
20.6003,0.999856,-0.0169641,-0.000207199,-0.000821787,-0.0224201,-0.00764347,-0.000518544,0.103942,0.142736,-1.24519,-0.0153846,-0.027824,0.0478346,20.6203,0,-0.0182137,-0.038727,-0.00237508,0.999854,-0.0170762,-0.000245363,-0.000823754,-0.00984955,-0.307913,-0.0123586,0.103788,0.142458,-1.24471,-0.0153846,-0.027824,0.145901
20.6203,0.999854,-0.0170582,-0.000244004,-0.000813083,-0.0238849,-0.0087087,0.00214446,0.103998,0.142598,-1.2451,-0.0146555,-0.0264037,0.0477754,20.6403,0,-0.000175489,-0.00934896,-0.046603,0.999852,-0.0171776,-0.000287261,-0.000801649,0.134877,-0.0664724,-0.257284,0.103852,0.142334,-1.24462,-0.0146555,-0.0264037,0.145842
20.6403,0.999848,-0.0174168,-0.000314757,-0.000825258,-0.021488,0.00154444,-0.00398076,0.104301,0.142107,-1.24476,-0.0117709,-0.0235105,0.0474113,20.6603,0.01607,-0.0170477,0.01607,0.0314823,0.999846,-0.0175242,-0.000307294,-0.000845327,0.00283943,0.126557,0.18249,0.104183,0.141872,-1.24428,-0.0117709,-0.0235129,0.145409
20.6603,0.999839,-0.0179285,-0.000305783,-0.000823223,-0.0285447,0.00340545,0.000679271,0.104967,0.141476,-1.24457,-0.00657423,-0.025709,0.0468653,20.6803,0.0117401,-0.00249443,0.0117401,-0.0318467,0.999836,-0.0180712,-0.00028858,-0.000820176,0.123238,0.100902,-0.172523,0.104901,0.141219,-1.24411,-0.0065742,-0.0257108,0.144882
20.6803,0.999837,-0.0180387,-0.00028236,-0.000831587,-0.0278789,0.00646806,-0.00185072,0.105108,0.141331,-1.24451,-0.00608534,-0.0259275,0.0466431,20.7003,0,-0.0204481,-0.00791176,-0.0186589,0.999834,-0.0181781,-0.000250076,-0.000841462,-0.0192975,-0.0584692,-0.100585,0.105047,0.141071,-1.24404,-0.00608534,-0.0259275,0.14471
20.7003,0.999834,-0.0182198,-0.00023028,-0.000831314,-0.0216204,0.00673445,0.000546157,0.105388,0.14102,-1.24436,-0.00490003,-0.0271939,0.0466024,20.7203,0,-0.00356247,-0.000195147,-0.0160686,0.999832,-0.0183279,-0.000196474,-0.000829222,0.117216,0.00259953,-0.0853298,0.105339,0.140749,-1.24389,-0.00490003,-0.0271939,0.144669
20.7203,0.999831,-0.0183614,-0.000118556,-0.000835108,-0.0105683,0.00899812,-0.000252721,0.10581,0.140472,-1.24406,-0.00355404,-0.0317137,0.0464537,20.7403,0,-0.0174938,-0.00262343,-0.000192542,0.99983,-0.0184141,-7.35517e-05,-0.000837204,0.00695816,-0.0201242,0.00333968,0.105774,0.140155,-1.24359,-0.00355404,-0.0317137,0.14452
20.7403,0.999829,-0.0184794,4.29199e-05,-0.000837864,-0.00617384,0.0127237,-0.0010522,0.106566,0.139511,-1.24402,-0.00216121,-0.0396056,0.0467492,20.7603,0.00698739,-0.00991957,0.00698739,-0.0271752,0.999828,-0.0185102,0.000106456,-0.000844298,0.068389,0.0594973,-0.146744,0.106545,0.139115,-1.24356,-0.00216121,-0.0396067,0.144786
20.7603,0.99983,-0.018445,0.000234903,-0.000839037,0.0058104,0.0113921,0.000146216,0.107288,0.138277,-1.24381,-0.00120572,-0.0465003,0.0463537,20.7803,0,-0.00819199,-0.00197179,0.00272136,0.99983,-0.018416,0.000291844,-0.000839364,0.0820379,-0.0181074,0.019721,0.107276,0.137812,-1.24335,-0.00120572,-0.0465003,0.14442
20.7803,0.99983,-0.0184039,0.000272343,-0.000839648,0.0100715,0.0099274,0.000146221,0.107457,0.137929,-1.24374,-0.00153494,-0.0480908,0.0463564,20.8003,0,0.021542,-0.0169331,0.0314703,0.999831,-0.0183536,0.000321943,-0.000839844,0.319455,-0.142107,0.179189,0.107442,0.137448,-1.24328,-0.00153494,-0.0480908,0.144423
20.8003,0.999831,-0.0183576,0.000314504,-0.00084779,0.011403,0.0111258,-0.00171798,0.107619,0.137565,-1.24366,-0.00187504,-0.0498167,0.0464381,20.8203,0.00832236,-0.00567758,0.00832236,-0.00649914,0.999832,-0.0183005,0.000369918,-0.000857418,0.101397,0.0649677,-0.0307962,0.1076,0.137067,-1.24319,-0.00187507,-0.049818,0.144469
20.8203,0.999836,-0.0180771,0.000435552,-0.000864465,0.0171288,0.00739738,-0.00251695,0.108188,0.135952,-1.24322,-0.00378919,-0.0565284,0.0468706,20.8403,0.00674386,0.0100764,0.00674386,-0.0479295,0.999838,-0.0179914,0.000472231,-0.000877754,0.225158,0.057463,-0.262819,0.108151,0.135386,-1.24275,-0.00378921,-0.0565295,0.144908
20.8403,0.999845,-0.0175812,0.000569901,-0.000884789,0.0263167,0.00460112,-0.00185116,0.108772,0.133691,-1.24263,-0.00601838,-0.0606015,0.0468973,20.8603,0,0.00228182,-0.0164265,-0.00371792,0.999847,-0.0174496,0.000592624,-0.000894522,0.159014,-0.135411,-0.017473,0.108712,0.133085,-1.24216,-0.00601838,-0.0606015,0.144964
20.8603,0.999847,-0.0174713,0.000590816,-0.000883617,0.0272505,0.00579658,0.000545106,0.108911,0.133244,-1.24261,-0.00661549,-0.0610611,0.0469557,20.8803,0,-0.0528179,-0.0140656,-0.0538579,0.999849,-0.0173351,0.000619722,-0.000881478,-0.282766,-0.110066,-0.298175,0.108845,0.132633,-1.24214,-0.00661549,-0.0610611,0.145022
20.8803,0.999851,-0.017256,0.000605169,-0.000878624,0.026851,0.000470353,0.000545055,0.109159,0.132333,-1.24252,-0.00794278,-0.0613331,0.0467732,20.9003,0.0108993,0.00362905,0.0108993,-0.0298871,0.999853,-0.0171218,0.000607449,-0.000876021,0.167074,0.0864941,-0.16136,0.10908,0.13172,-1.24206,-0.00794284,-0.0613348,0.144793
20.9003,0.999854,-0.017034,0.000598483,-0.000873213,0.026851,-0.00166019,0.000678207,0.109367,0.131416,-1.24241,-0.00933793,-0.0607772,0.0464743,20.9203,0,0.0221863,-0.017289,-0.0312579,0.999857,-0.0168997,0.000590124,-0.000869761,0.313886,-0.138661,-0.171708,0.109274,0.130808,-1.24194,-0.00933793,-0.0607772,0.144541
20.9203,0.999863,-0.0165234,0.000510514,-0.000873543,0.0217925,-0.00445923,-0.00118666,0.109854,0.129269,-1.24235,-0.0135516,-0.0562534,0.0448668,20.9403,0,-0.0161555,-0.0174836,-0.0394038,0.999865,-0.0164145,0.000488027,-0.000879163,0.00310453,-0.138834,-0.217408,0.109719,0.128707,-1.2419,-0.0135516,-0.0562534,0.142933
20.9403,0.999867,-0.0163144,0.000441584,-0.000873262,0.00781095,-0.00619033,0.000544458,0.110154,0.12774,-1.24234,-0.0147627,-0.0491368,0.0442227,20.9603,0,0.0143364,-0.0167978,-0.0505514,0.999867,-0.0162753,0.000410647,-0.000870052,0.245288,-0.131194,-0.279666,0.110007,0.127248,-1.2419,-0.0147627,-0.0491368,0.142289
20.9603,0.999867,-0.016287,0.000404124,-0.000873219,0.00661251,-0.0088535,1.18415e-05,0.110214,0.127392,-1.24232,-0.014745,-0.0469234,0.0440336,20.9803,0,-0.0311327,-0.0301904,0.00127883,0.999867,-0.016254,0.000359835,-0.000872452,-0.118648,-0.245105,0.00922185,0.110066,0.126923,-1.24188,-0.014745,-0.0469234,0.1421
20.9803,0.999867,-0.0162837,0.00037047,-0.000872684,0.000620403,-0.00792139,0.000144968,0.110268,0.127059,-1.24229,-0.0147452,-0.0448486,0.0438757,21.0003,0,-0.0054162,-0.0132696,-0.0626909,0.999867,-0.0162806,0.000330878,-0.000871316,0.0869546,-0.100971,-0.347367,0.110121,0.126611,-1.24185,-0.0147452,-0.0448486,0.141942
21.0003,0.999867,-0.0162754,0.000252919,-0.000859558,0.00128619,-0.00685612,0.00147659,0.110404,0.126141,-1.24214,-0.0151782,-0.0394717,0.0431841,21.0203,0,-0.00463814,-0.0096363,-0.0549394,0.999867,-0.016269,0.000218758,-0.00085162,0.0930763,-0.0719789,-0.303698,0.110252,0.125746,-1.24171,-0.0151782,-0.0394717,0.141251
21.0203,0.999865,-0.0164355,0.000138337,-0.00087302,-0.0146914,-0.00126668,-0.000521303,0.110856,0.124941,-1.24233,-0.0130761,-0.0323832,0.0425103,21.0403,0,0.0312216,-0.0404364,-0.0352501,0.999863,-0.016509,0.000132026,-0.000875512,0.381291,-0.319699,-0.196192,0.110726,0.124617,-1.24191,-0.0130761,-0.0323832,0.140577
21.0403,0.999862,-0.0165996,0.000115205,-0.000878813,-0.0222802,-0.00100269,-0.00198661,0.111136,0.124567,-1.24256,-0.0111733,-0.0297622,0.0421324,21.0603,0,0.00586095,-0.000643724,-0.0231112,0.99986,-0.016711,0.000110125,-0.000888649,0.179666,-0.00296016,-0.124541,0.111024,0.124269,-1.24214,-0.0111733,-0.0297622,0.140199
21.0603,0.999859,-0.0167725,6.95253e-05,-0.000873177,-0.0218807,-0.00566323,0.00120923,0.111418,0.124227,-1.24274,-0.00988964,-0.0268713,0.0417473,21.0803,0.0469634,0.0202516,0.0469634,-0.0135412,0.999857,-0.016882,4.14101e-05,-0.000866649,0.295662,0.377057,-0.0665182,0.111319,0.123958,-1.24233,-0.00988967,-0.026878,0.139614
21.0803,0.999856,-0.0169461,5.29467e-05,-0.000861039,-0.0206823,0.00139407,0.000676553,0.111694,0.123914,-1.24289,-0.00916857,-0.0252709,0.0414058,21.1003,0,-0.00329422,-0.000814538,-0.0500877,0.999854,-0.0170495,6.00624e-05,-0.000857769,0.109074,-0.000170783,-0.275713,0.111603,0.123661,-1.24247,-0.00916857,-0.0252709,0.139472
21.1003,0.999849,-0.0173754,0.000118666,-0.000867645,-0.0217476,0.00711991,-0.000921391,0.11237,0.123121,-1.24303,-0.0059119,-0.0259837,0.0423712,21.1203,0,-0.020922,-0.000822212,0.0156006,0.999847,-0.0174841,0.000154275,-0.000872857,-0.0284037,-0.00983947,0.0921133,0.112311,0.122861,-1.24261,-0.0059119,-0.0259837,0.140438
21.1203,0.999845,-0.0176069,0.000198637,-0.00087883,-0.0185518,0.00432357,-0.000788162,0.112792,0.122577,-1.24298,-0.00352534,-0.0277907,0.0428059,21.1403,0,-0.0216891,-0.0442542,-0.000613047,0.999843,-0.0176996,0.000220263,-0.000883132,-0.0324897,-0.355632,-0.00290458,0.112757,0.122299,-1.24255,-0.00352534,-0.0277907,0.140872
21.1403,0.999843,-0.0176752,0.000218227,-0.000875482,-0.0173533,0.0053889,0.00107603,0.112935,0.122382,-1.24294,-0.00300752,-0.0285387,0.042966,21.1603,0.00101987,-0.0149168,0.00101987,-0.0232008,0.999842,-0.0177619,0.000245339,-0.00087056,0.0220656,0.00958869,-0.124921,0.112904,0.122097,-1.24251,-0.00300752,-0.0285389,0.141028
21.1603,0.99984,-0.017871,0.000330928,-0.000846574,-0.00989652,0.0112478,0.00160865,0.113489,0.121495,-1.24266,-0.00213316,-0.0336014,0.0441213,21.1803,0.0298792,-0.0291229,0.0298792,0.0599873,0.999839,-0.0179204,0.000387344,-0.00083952,-0.0907219,0.227581,0.343539,0.113467,0.121159,-1.24222,-0.00213325,-0.0336059,0.142061
21.1803,0.999839,-0.0179269,0.000416412,-0.000845331,-0.0064344,0.011381,0.00041023,0.113749,0.120971,-1.24246,-0.00184044,-0.0369997,0.0447194,21.2003,0.00113914,-0.0171171,0.00113914,-0.0163133,0.999838,-0.017959,0.000473371,-0.000844286,0.0065068,0.00800513,-0.0865328,0.11373,0.120601,-1.24201,-0.00184045,-0.0369998,0.142781
21.2003,0.99984,-0.0178438,0.000635096,-0.000859905,0.00794667,0.00911727,-0.000388705,0.114407,0.119376,-1.24192,-0.00149295,-0.0458173,0.0459072,21.2203,0,-0.0105068,-0.000328229,-0.0100824,0.999841,-0.017804,0.000680607,-0.000862687,0.0587477,-0.00633866,-0.0517077,0.114392,0.118918,-1.24146,-0.00149295,-0.0458173,0.143974
21.2203,0.999841,-0.0178001,0.000660058,-0.000856663,0.0107428,0.00671778,0.00107552,0.114565,0.119009,-1.2419,-0.0020069,-0.0473567,0.0460059,21.2403,0,0.0201581,-0.0344472,-0.0565895,0.999842,-0.0177464,0.000693691,-0.000851919,0.303833,-0.272605,-0.315424,0.114545,0.118535,-1.24144,-0.0020069,-0.0473567,0.144072
21.2403,0.999843,-0.017681,0.000704203,-0.000854834,0.0143381,0.00618516,0.000409754,0.114855,0.118232,-1.24183,-0.00321024,-0.050166,0.0459776,21.2603,0,0.00672113,-0.00231459,-0.0279181,0.999844,-0.0176093,0.000735099,-0.000853383,0.195323,-0.0201502,-0.151735,0.114823,0.117731,-1.24137,-0.00321024,-0.050166,0.144044
21.2603,0.999845,-0.0175513,0.000765245,-0.000844716,0.0170012,0.00924779,0.00200766,0.115106,0.117415,-1.24171,-0.00464465,-0.0521586,0.0461468,21.2803,0,0.0129105,-0.0364826,-0.0637859,0.999847,-0.0174663,0.000811581,-0.000835555,0.243924,-0.288877,-0.355959,0.115059,0.116893,-1.24125,-0.00464465,-0.0521586,0.144213
21.2803,0.999851,-0.0172492,0.000865394,-0.000837247,0.0237923,0.00472043,-0.00212026,0.115497,0.115681,-1.24137,-0.00680955,-0.0549404,0.0459792,21.3003,0.0140563,-0.033835,0.0140563,-0.0339719,0.999853,-0.0171302,0.00088871,-0.000848357,-0.132677,0.109981,-0.184338,0.115429,0.115132,-1.24091,-0.00680966,-0.0549424,0.143986
21.3003,0.999858,-0.0168207,0.000852165,-0.000842393,0.0212623,-0.000206428,-0.000655506,0.115844,0.113421,-1.24092,-0.0104785,-0.0568794,0.0456808,21.3203,0,0.00866358,-0.0493054,-0.00179007,0.99986,-0.0167144,0.000850988,-0.000845743,0.20404,-0.400897,-0.00991455,0.115739,0.112852,-1.24047,-0.0104785,-0.0568794,0.143747
21.3203,0.99986,-0.016725,0.000840512,-0.000840688,0.0237937,-0.00247252,0.000542301,0.115945,0.112977,-1.24108,-0.0112992,-0.0567193,0.0451158,21.3403,0.017633,-0.0316344,0.017633,0.0415016,0.999861,-0.016606,0.000828096,-0.00083787,-0.119841,0.128565,0.23858,0.115832,0.11241,-1.24063,-0.0112993,-0.0567218,0.143107
21.3403,0.999861,-0.0166303,0.000833998,-0.000833891,0.0235272,-0.00114216,0.00187346,0.116034,0.112534,-1.24123,-0.0120893,-0.0564774,0.0447411,21.3603,0,-0.0404151,-0.023203,0.0194585,0.999863,-0.0165127,0.000828345,-0.000824528,-0.190378,-0.19512,0.111267,0.115913,0.111969,-1.24078,-0.0120893,-0.0564774,0.142808
21.3603,0.999867,-0.0162516,0.00073974,-0.000801819,0.0178014,-0.00740067,0.00134078,0.11634,0.110381,-1.24176,-0.0148879,-0.0519576,0.0442478,21.3803,0,-0.0277001,-0.0112847,0.0341116,0.999869,-0.0161627,0.00070278,-0.00079458,-0.091822,-0.10079,0.194344,0.116191,0.109861,-1.24132,-0.0148879,-0.0519576,0.142314
21.3803,0.999871,-0.0160638,0.000572677,-0.000787759,0.00701564,-0.0107296,0.000142356,0.116425,0.108782,-1.24198,-0.0169769,-0.0472535,0.0444293,21.4003,0.0177747,-0.0133099,0.0177747,0.0125087,0.999871,-0.0160288,0.000519019,-0.000786206,0.021834,0.135908,0.0760057,0.116256,0.10831,-1.24153,-0.016977,-0.0472559,0.14242
21.4003,0.999871,-0.0160349,0.000531946,-0.000785547,0.00714875,-0.00979749,0.000541894,0.116427,0.108407,-1.242,-0.0172548,-0.045498,0.0442718,21.4203,0.0186548,0.00899646,0.0186548,-0.0134078,0.999872,-0.0159992,0.00048298,-0.000782071,0.200142,0.146741,-0.0689743,0.116255,0.107952,-1.24156,-0.0172549,-0.0455006,0.142259
21.4203,0.999871,-0.0160077,0.000460987,-0.000776638,0.00142386,-0.00766849,-0.000657093,0.116478,0.107722,-1.24229,-0.0174082,-0.0425425,0.043893,21.4403,0.00262426,-0.0302703,0.00262426,0.0124968,0.999872,-0.0160006,0.000422592,-0.000779312,-0.114202,0.015517,0.0744769,0.116304,0.107297,-1.24185,-0.0174082,-0.0425429,0.141948
21.4403,0.999871,-0.0160284,0.000352044,-0.000772735,-0.00470144,-0.00713586,0.000141893,0.11653,0.10677,-1.24262,-0.0161955,-0.0385181,0.043427,21.4603,0.016274,0.0074843,0.016274,0.0226722,0.999871,-0.0160519,0.000316398,-0.000771446,0.187876,0.124499,0.132749,0.116368,0.106385,-1.24219,-0.0161956,-0.0385203,0.141424
21.4603,0.999869,-0.0161732,0.000201241,-0.000779419,-0.00949514,-0.00340743,0.00120711,0.116601,0.105367,-1.24296,-0.0142884,-0.0323268,0.0429126,21.4803,0.0110468,-0.0166752,0.0110468,-0.0183466,0.999868,-0.0162207,0.00018434,-0.000773099,-0.00408495,0.0890236,-0.0973829,0.116458,0.105044,-1.24253,-0.0142884,-0.0323283,0.140932
21.4803,0.999866,-0.016347,0.000149904,-0.000773395,-0.0130904,-0.00300794,0.00027501,0.116647,0.104618,-1.24303,-0.0126417,-0.0295109,0.0431524,21.5003,0,-0.00286127,-0.0168965,-0.0208041,0.999865,-0.0164125,0.000134939,-0.000771764,0.107971,-0.13365,-0.113707,0.11652,0.104323,-1.2426,-0.0126417,-0.0295109,0.141219
21.5003,0.999865,-0.0164016,0.000140322,-0.000772717,-0.0137562,-0.00207587,0.00027503,0.116663,0.104377,-1.24303,-0.0120843,-0.0291026,0.0432979,21.5203,0.00700685,-0.0253365,0.00700685,0.031598,0.999864,-0.0164704,0.00013002,-0.000771162,-0.0716412,0.0506229,0.181872,0.116542,0.104086,-1.2426,-0.0120843,-0.0291036,0.141335
21.5203,0.99986,-0.0167,0.000115039,-0.000753528,-0.0208136,0.00245151,0.00426973,0.116799,0.103455,-1.24308,-0.00932529,-0.0270437,0.0431836,21.5403,0.0188724,-0.0235207,0.0188724,0.035455,0.999859,-0.016804,0.000127729,-0.000732375,-0.0548306,0.14516,0.204485,0.116706,0.103185,-1.24265,-0.00932531,-0.0270464,0.14117
21.5403,0.999855,-0.0170269,0.000197065,-0.000753804,-0.0136226,0.00417997,0.00227183,0.117209,0.102323,-1.24344,-0.00557634,-0.0287831,0.0432932,21.5603,0,-0.0257364,-0.00689944,0.011096,0.999854,-0.017095,0.000218206,-0.000742789,-0.0696785,-0.05843,0.065662,0.117153,0.102035,-1.24301,-0.00557634,-0.0287831,0.14136
21.5603,0.999854,-0.0170852,0.000218744,-0.000752083,-0.0146878,0.00577781,0.000673941,0.117296,0.102081,-1.24348,-0.0051991,-0.0296163,0.0434747,21.5803,0.0114261,0.0308121,0.0114261,-0.0306693,0.999852,-0.0171586,0.000247742,-0.000749191,0.382989,0.0940248,-0.166384,0.117244,0.101785,-1.24304,-0.00519912,-0.0296179,0.141493
21.5803,0.999853,-0.0171355,0.000242575,-0.000751446,-0.0126905,0.00631047,0.000407611,0.117383,0.101831,-1.2435,-0.00491039,-0.0306009,0.043703,21.6003,0.0144259,0.0147628,0.0144259,-0.0056255,0.999852,-0.0171989,0.000274206,-0.000749934,0.255062,0.11431,-0.0258867,0.117333,0.101525,-1.24306,-0.00491042,-0.030603,0.141708
21.6003,0.99985,-0.0172732,0.000438369,-0.000754131,-0.0043015,0.00977258,0.00253816,0.117784,0.100446,-1.24343,-0.00388857,-0.0356891,0.0447842,21.6203,0,-0.0112857,-0.00174165,0.0200884,0.99985,-0.0172947,0.00048746,-0.000742277,0.0478167,-0.0202811,0.116504,0.117745,0.100089,-1.24298,-0.00388857,-0.0356891,0.142851
21.6203,0.99985,-0.0173076,0.000558053,-0.000761655,0.00209009,0.00790837,-0.000391313,0.118065,0.0991588,-1.24316,-0.00406416,-0.040575,0.0457888,21.6403,0,-0.00520638,-0.0214628,-0.033161,0.99985,-0.0172971,0.000597547,-0.000764301,0.0969849,-0.171578,-0.183508,0.118024,0.098753,-1.2427,-0.00406416,-0.040575,0.143855
21.6403,0.999852,-0.0171974,0.000651401,-0.00075727,0.0128761,0.00750652,0.000140642,0.11832,0.0980889,-1.24317,-0.00510226,-0.0444034,0.046326,21.6603,0,-0.00169856,-0.0255437,0.00973152,0.999853,-0.017133,0.000688891,-0.000757254,0.124045,-0.210878,0.0562613,0.118269,0.0976449,-1.24271,-0.00510226,-0.0444034,0.144393
21.6603,0.999853,-0.017145,0.000677959,-0.000743444,0.0130093,0.00697386,0.00373592,0.118407,0.097712,-1.2432,-0.00558009,-0.0455372,0.0463752,21.6803,0,-0.0277739,-0.00915158,0.0607732,0.999854,-0.0170799,0.000713095,-0.000725409,-0.0855859,-0.087114,0.343449,0.118351,0.0972567,-1.24274,-0.00558009,-0.0455372,0.144442
21.6803,0.999856,-0.0169308,0.000774261,-0.000733611,0.0134087,0.0051097,0.000140661,0.118687,0.0961095,-1.24321,-0.00714902,-0.0494097,0.0469025,21.7003,0,-0.0144368,-0.0302134,-0.0423011,0.999857,-0.0168638,0.000799768,-0.000733392,0.0202106,-0.242213,-0.235677,0.118616,0.0956154,-1.24274,-0.00714902,-0.0494097,0.144969
21.7003,0.999861,-0.0166103,0.000847203,-0.000726849,0.017004,0.00364491,0.000939576,0.118871,0.0939888,-1.24295,-0.0104697,-0.0503985,0.0476917,21.7203,0,-0.00743929,-0.0111524,0.0253592,0.999863,-0.0165252,0.000865441,-0.000722526,0.0732144,-0.0993947,0.144988,0.118766,0.0934848,-1.24247,-0.0104697,-0.0503985,0.145758
21.7203,0.999866,-0.0163471,0.000799083,-0.000722751,0.0215314,-0.00527666,0.000406949,0.11887,0.0927083,-1.24267,-0.0128307,-0.0501696,0.0477388,21.7403,0.00552684,-0.00259178,0.00552684,0.0290296,0.999868,-0.0162395,0.000772659,-0.000720372,0.10977,0.0340076,0.167084,0.118742,0.0922066,-1.24219,-0.0128308,-0.0501704,0.145782
21.7403,0.999868,-0.0162013,0.000751462,-0.000729531,0.0162068,-0.00541184,-0.000792203,0.118904,0.0919265,-1.24277,-0.0143085,-0.0495961,0.0476207,21.7603,0.00587883,-0.0589013,0.00587883,0.0357163,0.99987,-0.0161203,0.000724283,-0.000733114,-0.342097,0.0360541,0.204346,0.118761,0.0914305,-1.2423,-0.0143085,-0.0495969,0.145662
21.7603,0.99987,-0.0160977,0.000726081,-0.000724606,0.0112799,-0.00234919,6.78045e-06,0.118902,0.0911533,-1.24283,-0.015404,-0.0482276,0.0474551,21.7803,0,-0.00844851,-0.0257846,-0.0461367,0.999871,-0.0160413,0.000714296,-0.000724424,0.0614348,-0.206157,-0.256639,0.118748,0.090671,-1.24235,-0.015404,-0.0482276,0.145522
21.7803,0.999873,-0.0159201,0.000618444,-0.000737375,0.00688756,-0.0104737,0.000805068,0.118874,0.089429,-1.24311,-0.0166415,-0.0417104,0.0464821,21.8003,0,-0.0463497,-0.00129445,0.00982721,0.999873,-0.0158857,0.000566121,-0.000732538,-0.243574,-0.0168213,0.0588741,0.118707,0.0890119,-1.24264,-0.0166415,-0.0417104,0.144549
21.8003,0.999874,-0.0158679,0.000417492,-0.000723379,0.00275966,-0.0102074,0.00200352,0.118832,0.0882968,-1.24349,-0.0179176,-0.0368814,0.0458062,21.8203,0.0242505,-0.00661176,0.0242505,2.00942e-05,0.999874,-0.0158542,0.00036661,-0.000712559,0.0738755,0.1906,0.00630161,0.118653,0.087928,-1.24303,-0.0179177,-0.0368847,0.14377
21.8203,0.999874,-0.0158624,0.00038376,-0.000717706,0.00116176,-0.00807691,0.00147084,0.118807,0.0880317,-1.24356,-0.0180675,-0.0358198,0.0457365,21.8403,0,-0.0479558,-0.013676,0.0122813,0.999874,-0.0158566,0.000343493,-0.000709715,-0.256826,-0.114294,0.0714626,0.118626,0.0876735,-1.2431,-0.0180675,-0.0358198,0.143803
21.8403,0.999873,-0.0159122,0.000292339,-0.000703934,-0.007893,-0.00301689,0.00147084,0.118718,0.087286,-1.24368,-0.017256,-0.0321328,0.0460904,21.8603,0.0139392,-0.0208003,0.0139392,0.0218816,0.999873,-0.0159517,0.000277401,-0.000696329,-0.0392833,0.106259,0.127669,0.118545,0.0869647,-1.24322,-0.017256,-0.0321347,0.144098
21.8603,0.999869,-0.0161539,0.000151202,-0.000689546,-0.012552,-0.00435072,0.000937596,0.118776,0.0863457,-1.24426,-0.0131525,-0.0252183,0.045583,21.8803,0,0.00715401,-0.00269563,-0.000801021,0.999868,-0.0162167,0.00012957,-0.000684498,0.186468,-0.0226288,-0.000861584,0.118644,0.0860935,-1.24381,-0.0131525,-0.0252183,0.143649
21.8803,0.999868,-0.0162662,0.000114782,-0.000679393,-0.0148156,-0.00275284,0.00186969,0.118834,0.0860352,-1.24447,-0.0121108,-0.0238174,0.0452235,21.9003,0.00141183,-0.00778895,0.00141183,-0.00768696,0.999866,-0.0163403,0.000101222,-0.000669813,0.0678177,0.0113329,-0.0391133,0.118713,0.085797,-1.24402,-0.0121108,-0.0238176,0.143284
21.9003,0.999867,-0.0163242,9.94308e-05,-0.000682061,-0.0148156,-0.0034186,-0.000527147,0.118864,0.0858843,-1.24456,-0.0118,-0.0233505,0.0451491,21.9203,0,-0.0257278,-0.000391692,0.0194795,0.999865,-0.0163983,8.23476e-05,-0.00068441,-0.0752823,-0.00661243,0.112838,0.118746,0.0856508,-1.24411,-0.0118,-0.0233505,0.143216
21.9203,0.999863,-0.016542,0.000122543,-0.000677243,-0.0170793,0.00377192,-0.000260868,0.118953,0.0854306,-1.24474,-0.00998664,-0.0230799,0.0453501,21.9403,0,-0.0154693,-0.00490779,0.0884172,0.999862,-0.0166274,0.000141436,-0.000678849,0.00800278,-0.0520179,0.49838,0.118854,0.0851998,-1.24428,-0.00998664,-0.0230799,0.143417
21.9403,0.999857,-0.0169019,0.000213019,-0.00066879,-0.0148156,0.00403824,0.000138679,0.119158,0.0846406,-1.24479,-0.00642399,-0.0238545,0.0461634,21.9603,0,-0.0367841,-0.0102628,-0.0321735,0.999856,-0.0169759,0.000233268,-0.000668422,-0.159075,-0.079639,-0.177421,0.119093,0.0844021,-1.24433,-0.00642399,-0.0238545,0.14423
21.9603,0.999855,-0.0170366,0.000278346,-0.000678606,-0.0101551,0.00843246,-0.000260851,0.119295,0.0841035,-1.24468,-0.00561704,-0.0265302,0.0466738,21.9803,0.0151015,-0.0243237,0.0151015,0.00525819,0.999854,-0.0170874,0.000320515,-0.000680614,-0.0584196,0.11772,0.034643,0.119239,0.0838382,-1.24421,-0.00561708,-0.0265324,0.144676
21.9803,0.999853,-0.0171015,0.000361681,-0.000676019,-0.00842408,0.0116262,0.00133652,0.11946,0.0836945,-1.24491,-0.00527805,-0.0292559,0.0469748,22.0003,0,0.00076009,-0.0195444,0.0211161,0.999853,-0.0171436,0.000419946,-0.000670316,0.14288,-0.16211,0.120147,0.119408,0.0834019,-1.24444,-0.00527805,-0.0292559,0.145041
22.0003,0.999853,-0.0171353,0.000395458,-0.000673077,-0.00869041,0.00882989,0.00107016,0.11954,0.0834715,-1.245,-0.00503165,-0.0304972,0.0469918,22.0203,0.00491946,-0.0250419,0.00491946,-0.0426239,0.999852,-0.0171787,0.000439722,-0.000668466,-0.0632845,0.0418983,-0.234478,0.11949,0.0831665,-1.24453,-0.00503167,-0.0304979,0.145037
22.0203,0.999853,-0.0171477,0.000611838,-0.000651544,0.00835381,0.007232,-0.00185934,0.119973,0.0819003,-1.24526,-0.00471519,-0.0378975,0.0477164,22.0403,0.0140041,-0.0277265,0.0140041,0.0270149,0.999853,-0.0171059,0.000647806,-0.000661485,-0.0849195,0.103276,0.156156,0.119926,0.0815214,-1.24478,-0.00471527,-0.0378995,0.145723
22.0403,0.999857,-0.0168843,0.000768706,-0.00067852,0.0158106,0.00696457,-0.000128791,0.120275,0.080255,-1.24589,-0.00754286,-0.0454197,0.0480855,22.0603,0,0.000164092,-0.000812203,-0.000924811,0.999858,-0.0168052,0.000803459,-0.000679812,0.136397,-0.0125205,-0.00145458,0.120199,0.0798008,-1.24541,-0.00754286,-0.0454197,0.146152
22.0603,0.999859,-0.0167557,0.000815646,-0.00068822,0.0164764,0.00616565,-0.00185977,0.120346,0.0795146,-1.24611,-0.00913098,-0.0471507,0.0477818,22.0803,0.0480545,-0.00421519,0.0480545,0.0644413,0.99986,-0.0166733,0.000846257,-0.000698102,0.0992086,0.369216,0.369152,0.120254,0.0790431,-1.24563,-0.00913132,-0.0471575,0.145644
22.0803,0.99986,-0.0166941,0.000845224,-0.000697406,0.015278,0.00776359,-0.00199295,0.120366,0.079135,-1.24621,-0.00997044,-0.0476056,0.0478331,22.1003,0.0428492,-0.0526355,0.0428492,-0.0151261,0.999861,-0.0166177,0.000883817,-0.000708082,-0.287932,0.337727,-0.0770414,0.120267,0.0786589,-1.24573,-0.00997076,-0.0476117,0.145717
22.1003,0.999866,-0.0163233,0.00084436,-0.000683674,0.0235338,-0.00462013,-0.000528191,0.120338,0.0771842,-1.24646,-0.014204,-0.0487045,0.0483919,22.1203,0.0186847,-0.0141485,0.0186847,-0.000380393,0.999868,-0.0162056,0.000821139,-0.000686037,0.0172781,0.142677,0.00333868,0.120196,0.0766972,-1.24597,-0.0142041,-0.0487071,0.146379
22.1203,0.999872,-0.0159862,0.000733209,-0.000679954,0.0188732,-0.00874803,0.00120283,0.120123,0.075607,-1.24664,-0.0190516,-0.0490317,0.048831,22.1403,0,-0.00476393,-0.0117305,0.00480543,0.999873,-0.0158919,0.000689507,-0.000673311,0.0898071,-0.100337,0.0296446,0.119933,0.0751167,-1.24616,-0.0190516,-0.0490317,0.146898
22.1403,0.999874,-0.0158568,0.000678619,-0.000675143,0.0146132,-0.0054199,0.000936018,0.119973,0.0748487,-1.24697,-0.0207267,-0.0480815,0.0486337,22.1603,0.0181856,-0.0279793,0.0181856,0.045183,0.999875,-0.0157837,0.000651548,-0.000670083,-0.0974961,0.134163,0.258276,0.119766,0.0743679,-1.24648,-0.0207268,-0.048084,0.146623
22.1603,0.999875,-0.0158011,0.000647449,-0.000668916,0.0138142,-0.00755046,0.00160184,0.119885,0.0744749,-1.24711,-0.0213765,-0.0472296,0.0485186,22.1803,0,-0.0140493,-0.0220229,0.0266373,0.999876,-0.0157321,0.000609781,-0.000660355,0.0139201,-0.18478,0.150894,0.119671,0.0740026,-1.24662,-0.0213765,-0.0472296,0.146585
22.1803,0.999879,-0.0155598,0.000368151,-0.000653306,0.014747,-0.0164727,-0.00199396,0.119424,0.0727952,-1.24838,-0.0231975,-0.0413377,0.0478146,22.2003,0,-0.00251177,-0.016681,-0.035518,0.99988,-0.0154862,0.000285594,-0.00066202,0.104482,-0.131966,-0.19668,0.119192,0.0723818,-1.2479,-0.0231975,-0.0413377,0.145881
22.2003,0.99988,-0.015466,9.69591e-05,-0.000657651,-0.000566192,-0.0139428,0.000802379,0.118953,0.0715779,-1.2491,-0.0239989,-0.0374357,0.0481036,22.2203,0,-0.0305354,-0.0116434,-0.0142465,0.99988,-0.0154689,2.73175e-05,-0.000652561,-0.120532,-0.0923089,-0.0771151,0.118713,0.0712036,-1.24862,-0.0239989,-0.0374357,0.14617
22.2203,0.99988,-0.0154812,4.52264e-05,-0.000651611,-0.00389518,-0.0127443,0.00146816,0.118831,0.0712926,-1.24924,-0.0236587,-0.0359728,0.0484484,22.2403,0,-0.00179138,-0.0382861,-0.0161594,0.99988,-0.0155007,-1.83613e-05,-0.000643283,0.109619,-0.304621,-0.0901555,0.118595,0.0709329,-1.24876,-0.0236587,-0.0359728,0.146515
22.2403,0.99988,-0.0155065,6.89507e-06,-0.000642565,-0.00642515,-0.0094154,0.00226713,0.11871,0.0710192,-1.24937,-0.0231223,-0.0342277,0.0484834,22.2603,0.0190419,-0.0177834,0.0190419,0.0343222,0.999879,-0.0155387,-3.99798e-05,-0.000630501,-0.0184133,0.147913,0.197429,0.118479,0.070677,-1.24888,-0.0231223,-0.0342302,0.146469
22.2603,0.999878,-0.01563,-0.000207476,-0.000646832,-0.00828935,-0.0118122,-0.000928694,0.118179,0.0698522,-1.24994,-0.0194745,-0.0272399,0.0496924,22.2803,0,-0.0574135,-0.0263394,0.0433316,0.999877,-0.0156714,-0.000266575,-0.000650561,-0.334371,-0.214749,0.244,0.117984,0.0695798,-1.24944,-0.0194745,-0.0272399,0.147759
22.2803,0.999874,-0.0158697,-0.000320568,-0.000650655,-0.0170765,-0.00195953,0.000402358,0.117804,0.0689499,-1.25079,-0.016226,-0.0238794,0.0500784,22.3003,0.00347343,-0.0129019,0.00347343,0.0165659,0.999872,-0.015955,-0.000330277,-0.000648516,0.0237505,0.0281776,0.0967323,0.117641,0.0687111,-1.25029,-0.016226,-0.0238798,0.14813
22.3003,0.999871,-0.0160364,-0.000308692,-0.000639875,-0.0220034,0.000969794,-0.000396527,0.11768,0.0686148,-1.25102,-0.0143009,-0.0225778,0.0503513,22.3203,0,-0.0112055,-0.00973991,-0.024019,0.999869,-0.0161464,-0.000303805,-0.000641969,0.0385984,-0.0724166,-0.131762,0.117537,0.068389,-1.25052,-0.0143009,-0.0225778,0.148418
22.3203,0.99987,-0.0161222,-0.000297222,-0.000657718,-0.0216039,0.00310044,-0.00425818,0.117626,0.0684534,-1.25112,-0.0133502,-0.0220703,0.0503871,22.3403,0,-0.0341875,-0.0485604,0.0566074,0.999868,-0.0162302,-0.000281994,-0.000679288,-0.144532,-0.393544,0.316304,0.117493,0.0682327,-1.25061,-0.0133502,-0.0220703,0.148454
22.3403,0.999865,-0.016423,-0.000197016,-0.000684459,-0.00988595,0.00776098,-0.00146187,0.117461,0.0676682,-1.25154,-0.00907692,-0.0226099,0.051605,22.3603,0.00027752,-0.0182104,0.00027752,-0.0487011,0.999864,-0.0164724,-0.000158303,-0.000692414,-0.0145361,0.0100927,-0.268816,0.117371,0.0674421,-1.25103,-0.00907692,-0.02261,0.14967
22.3603,0.999861,-0.016637,1.29176e-05,-0.000669418,-0.0113497,0.0118879,0.000934478,0.117433,0.0667915,-1.25225,-0.00732751,-0.027339,0.0530182,22.3803,0.0327228,-0.0251136,0.0327228,-0.00253096,0.99986,-0.0166937,7.24644e-05,-0.000665734,-0.0680736,0.261845,-0.00737901,0.11736,0.0665181,-1.25172,-0.00732752,-0.0273436,0.150945
22.3803,0.999861,-0.0166838,6.24913e-05,-0.000668728,-0.0118824,0.0125536,0.000534952,0.117429,0.0665924,-1.25234,-0.00701428,-0.0279814,0.0532665,22.4003,0,-0.0333864,-0.0237422,-0.0030996,0.99986,-0.0167431,0.000125335,-0.000667097,-0.133568,-0.190175,-0.0158435,0.117359,0.0663126,-1.25181,-0.00701428,-0.0279814,0.151333
22.4003,0.99986,-0.0167295,0.000114053,-0.000677645,-0.011616,0.0130863,-0.00186185,0.117425,0.0663867,-1.25242,-0.00706562,-0.028692,0.0535894,22.4203,0.00634962,-0.0386257,0.00634962,-0.0206098,0.999859,-0.0167875,0.000179359,-0.000688041,-0.175273,0.0524272,-0.111038,0.117354,0.0660998,-1.25188,-0.00706563,-0.0286929,0.151629
22.4203,0.99986,-0.0167273,0.000295351,-0.000689288,0.00729242,0.00456413,0.000135509,0.117353,0.0652375,-1.25255,-0.00831696,-0.03391,0.0551586,22.4403,0.0167579,-0.000821789,0.0167579,-0.0399628,0.99986,-0.0166908,0.000318155,-0.000689003,0.127121,0.137027,-0.218336,0.11727,0.0648984,-1.252,-0.008317,-0.0339123,0.153154
22.4403,0.999863,-0.0165237,0.000433239,-0.000697667,0.00902434,0.006561,0.000268146,0.117106,0.0635381,-1.25299,-0.0124556,-0.041278,0.0560499,22.4603,0,0.00854367,-0.0100715,0.0200188,0.999864,-0.0164785,0.00046603,-0.000696888,0.200478,-0.0866244,0.115085,0.116981,0.0631253,-1.25243,-0.0124556,-0.041278,0.154116
22.4603,0.999864,-0.016489,0.000452373,-0.000706065,0.00849169,0.00496312,-0.00186242,0.117043,0.0632292,-1.25307,-0.0129908,-0.0417949,0.0560052,22.4803,0.00133329,-0.0250221,0.00133329,0.0207975,0.999864,-0.0164465,0.000477001,-0.000715804,-0.0683907,0.00416302,0.120462,0.116913,0.0628112,-1.25251,-0.0129908,-0.0417951,0.154066
22.4803,0.999865,-0.0164453,0.000467431,-0.000703732,0.0107554,0.00389781,0.000800785,0.116975,0.0629159,-1.25314,-0.0133235,-0.0420812,0.0559874,22.5003,0,0.0205757,-0.0278676,-0.00394661,0.999865,-0.0163915,0.000486945,-0.000700075,0.296237,-0.226013,-0.0206721,0.116842,0.062495,-1.25258,-0.0133235,-0.0420812,0.154054
22.5003,0.999871,-0.0160699,0.000405836,-0.000702413,0.0223401,-0.00502376,0.000534466,0.116547,0.0612662,-1.25325,-0.0166967,-0.0449142,0.0565576,22.5203,0,-0.01322,-0.00832983,0.0190773,0.999872,-0.0159582,0.000380685,-0.000699383,0.0227584,-0.0724026,0.109972,0.11638,0.0608171,-1.25268,-0.0166967,-0.0449142,0.154624
22.5203,0.999876,-0.01571,0.000322257,-0.000697316,0.0127546,-0.00236116,0.000667073,0.115949,0.059587,-1.25342,-0.0198577,-0.0446862,0.0568246,22.5403,0,0.006875,-0.0160584,0.0463477,0.999877,-0.0156462,0.000310461,-0.000693816,0.180489,-0.136813,0.262015,0.11575,0.0591402,-1.25285,-0.0198577,-0.0446862,0.154891
22.5403,0.999877,-0.0156581,0.000307034,-0.000693444,0.0127546,-0.00369278,0.00106655,0.115821,0.059278,-1.25353,-0.0199904,-0.0437287,0.0567476,22.5603,0.0222605,0.0122209,0.0222605,0.00634907,0.999878,-0.0155943,0.000288612,-0.000687842,0.222837,0.174879,0.0414053,0.115621,0.0588407,-1.25296,-0.0199904,-0.0437317,0.154719
22.5603,0.999878,-0.0156184,0.000275359,-0.000687166,0.00969198,-0.00782066,0.00159914,0.11569,0.0589751,-1.25362,-0.0203645,-0.0427725,0.056783,22.5803,0,0.0123576,-0.0419056,0.0512992,0.999879,-0.01557,0.000236352,-0.000678574,0.223629,-0.343743,0.287434,0.115486,0.0585474,-1.25305,-0.0203645,-0.0427725,0.15485
22.5803,0.999883,-0.0153137,1.25008e-05,-0.000688571,0.00942562,-0.00875281,0.00213181,0.114806,0.0572971,-1.25389,-0.0223465,-0.0371241,0.0568978,22.6003,0.027283,-0.0443568,0.027283,0.0303771,0.999883,-0.0152666,-3.11273e-05,-0.000677243,-0.232679,0.214172,0.176277,0.114582,0.0569259,-1.25332,-0.0223466,-0.0371277,0.154848
22.6003,0.999883,-0.0152968,-9.04493e-05,-0.000685187,-0.00442067,-0.0060903,-0.000931335,0.114234,0.056463,-1.25454,-0.0209218,-0.0319122,0.0566019,22.6203,0,-0.011225,-0.0214403,-0.0140119,0.999882,-0.015319,-0.000120953,-0.000689379,0.032645,-0.169126,-0.0764527,0.114025,0.0561439,-1.25397,-0.0209218,-0.0319122,0.154668
22.6203,0.999882,-0.0153309,-0.000177779,-0.000678695,-0.00495328,-0.0120824,0.000400241,0.113969,0.0561385,-1.25494,-0.0200536,-0.0285828,0.0560667,22.6403,0,-0.0180363,-0.00709182,0.0450637,0.999882,-0.0153557,-0.000238137,-0.000675772,-0.0216718,-0.0609322,0.255532,0.113769,0.0558527,-1.25438,-0.0200536,-0.0285828,0.154133
22.6403,0.999882,-0.0153497,-0.000220823,-0.000680931,-0.00508484,-0.0106182,-0.000532325,0.113845,0.0560078,-1.2552,-0.0196305,-0.0271168,0.0557932,22.6603,0,0.0150965,-0.0732623,0.0514259,0.999882,-0.0153751,-0.000273931,-0.000682783,0.243538,-0.590502,0.285432,0.113648,0.0557367,-1.25465,-0.0196305,-0.0271168,0.15386
22.6603,0.99988,-0.0154949,-0.000328691,-0.000686666,-0.0133406,0.00283079,-0.000931826,0.113242,0.0554419,-1.25625,-0.0174574,-0.022574,0.0551597,22.6803,0,-0.00149599,-0.0248792,-0.0412484,0.999879,-0.0155615,-0.000314565,-0.000691566,0.111877,-0.191278,-0.229279,0.113068,0.0552161,-1.2557,-0.0174574,-0.022574,0.153226
22.6803,0.999875,-0.0158157,-0.000287466,-0.000688518,-0.0164033,0.00136598,0.00119874,0.112754,0.0549807,-1.25691,-0.0130258,-0.0189963,0.0549092,22.7003,0,0.00210861,-0.00973731,0.0725948,0.999873,-0.0158977,-0.000280486,-0.000682657,0.143273,-0.0847686,0.40946,0.112624,0.0547908,-1.25636,-0.0130258,-0.0189963,0.152976
22.7003,0.999874,-0.0158863,-0.000287305,-0.000697136,-0.0180012,0.000167698,-0.00199703,0.112669,0.0548963,-1.25699,-0.0128457,-0.018632,0.0548978,22.7203,0,0.00309737,-0.0529926,0.00177584,0.999872,-0.0159763,-0.000286563,-0.000707159,0.151987,-0.4218,0.00912253,0.112541,0.0547099,-1.25644,-0.0128457,-0.018632,0.152964
22.7203,0.999873,-0.0159517,-0.000287374,-0.00068709,-0.0166696,3.44463e-05,0.00266347,0.112585,0.0548124,-1.25706,-0.012595,-0.0183883,0.0551158,22.7403,0.00786836,-0.000790153,0.00786836,0.00616232,0.999871,-0.016035,-0.000286932,-0.000673801,0.121257,0.064447,0.0390562,0.112459,0.0546285,-1.25651,-0.012595,-0.0183894,0.153149
22.7403,0.999868,-0.016233,-0.000186269,-0.000684806,-0.0156023,0.0101531,-0.000266165,0.112289,0.0545501,-1.25805,-0.0116548,-0.0191465,0.0562375,22.7603,0.00702856,-0.0141677,0.00702856,-0.0186765,0.999867,-0.016311,-0.000135478,-0.000686975,0.0164318,0.0600585,-0.100087,0.112172,0.0543587,-1.25749,-0.0116548,-0.0191475,0.154274
22.7603,0.999864,-0.0164532,-5.08915e-05,-0.000697653,-0.0126728,0.00748996,-0.000266134,0.11207,0.0542399,-1.25851,-0.0102381,-0.0216277,0.0573677,22.7803,0,-0.000869573,-0.0304776,0.0279369,0.999863,-0.0165165,-1.34244e-05,-0.000699603,0.124739,-0.247063,0.157521,0.111968,0.0540236,-1.25793,-0.0102381,-0.0216277,0.155434
22.7803,0.999862,-0.0165724,2.90313e-05,-0.000690104,-0.00441702,0.00522629,-0.000133008,0.11183,0.053794,-1.2587,-0.0118631,-0.0254631,0.0577715,22.8003,0,-0.030943,-0.0148087,0.01448,0.999862,-0.0165944,5.51634e-05,-0.000691201,-0.114944,-0.120776,0.0835595,0.111711,0.0535394,-1.25812,-0.0118631,-0.0254631,0.155838
22.8003,0.999862,-0.0165716,5.03381e-05,-0.000697249,-0.000155967,0.0054926,-0.00159775,0.111755,0.0536566,-1.25871,-0.0125992,-0.0264113,0.0581731,22.8203,0.0136961,0.0107061,0.0136961,0.0270701,0.999862,-0.0165724,7.76655e-05,-0.000705692,0.218054,0.105622,0.156749,0.111629,0.0533925,-1.25812,-0.0125992,-0.0264133,0.156181
22.8203,0.999863,-0.0165688,7.54721e-05,-0.000699114,0.000376688,0.00642471,-0.00026615,0.111671,0.0535089,-1.2587,-0.0135751,-0.027511,0.0585268,22.8403,0,-0.0197848,-0.0123843,0.0231567,0.999862,-0.0165669,0.000107568,-0.000700977,-0.025723,-0.102844,0.132415,0.111535,0.0532338,-1.25811,-0.0135751,-0.027511,0.156593
22.8403,0.999864,-0.0164911,0.000151277,-0.000695427,0.0046394,0.00016597,-2.6057e-07,0.111196,0.0527186,-1.2591,-0.0153886,-0.0315832,0.0590599,22.8603,0,-0.00974481,-0.0112305,0.0332464,0.999864,-0.0164679,0.00015209,-0.000695445,0.0539154,-0.0954816,0.189001,0.111042,0.0524028,-1.25851,-0.0153886,-0.0315832,0.157126
22.8603,0.999866,-0.0163553,7.43575e-05,-0.000708099,0.00756887,-0.00795668,-0.000133404,0.110739,0.0520116,-1.25948,-0.0177739,-0.0331595,0.0599501,22.8803,0,-0.0358992,-0.0286277,-0.0220312,0.999867,-0.0163175,3.45417e-05,-0.000708118,-0.156307,-0.226906,-0.122035,0.110562,0.05168,-1.25888,-0.0177739,-0.0331595,0.158017
22.8803,0.999867,-0.016303,5.585e-05,-0.000709776,0.0127621,-0.00449452,-0.000399665,0.110611,0.0518217,-1.25953,-0.0181917,-0.0335821,0.0602003,22.9003,0,0.00910496,-0.0120954,-0.00157808,0.999868,-0.0162392,3.33025e-05,-0.000711411,0.203308,-0.0969395,-0.00596322,0.110429,0.0514859,-1.25893,-0.0181917,-0.0335821,0.158267
22.9003,0.999869,-0.0161495,1.45652e-05,-0.000697376,0.0115636,-0.00276345,-2.55113e-07,0.110187,0.0512169,-1.25957,-0.0199833,-0.0347896,0.061261,22.9203,0,-0.0248854,-0.0155422,0.0149375,0.99987,-0.0160916,7.09439e-07,-0.000697155,-0.0698469,-0.126507,0.0861346,0.109987,0.050869,-1.25896,-0.0199833,-0.0347896,0.159327
22.9203,0.999873,-0.0159194,-4.63965e-05,-0.000695236,0.00943308,-0.0111525,0.00079866,0.109438,0.0501656,-1.25932,-0.0194437,-0.0335848,0.0628357,22.9403,0,-0.0030411,-0.0189439,-0.0369157,0.999874,-0.0158722,-0.000102121,-0.000690353,0.103011,-0.146477,-0.2045,0.109243,0.0498298,-1.2587,-0.0194437,-0.0335848,0.160902
22.9403,0.999875,-0.0157639,-0.000213328,-0.000691979,0.00903367,-0.0119514,-0.00106546,0.10881,0.0494042,-1.25913,-0.02136,-0.0309477,0.0627449,22.9603,0,-0.0236557,-0.00459394,-0.00432028,0.999876,-0.0157188,-0.000273193,-0.000696354,-0.0631308,-0.034627,-0.0206939,0.108596,0.0490947,-1.2585,-0.02136,-0.0309477,0.160811
22.9603,0.999876,-0.015729,-0.00024657,-0.00069343,0.00837054,-0.00822322,-0.000400176,0.108644,0.0492641,-1.25924,-0.0215833,-0.0301121,0.0627479,22.9803,0,-0.00604964,-0.0438889,0.00824016,0.999877,-0.0156872,-0.000287741,-0.000694773,0.0775726,-0.350168,0.0461609,0.108428,0.048963,-1.25861,-0.0215833,-0.0301121,0.160814
22.9803,0.999877,-0.0156896,-0.000289878,-0.000683349,0.00477531,-0.00556002,0.00106456,0.108309,0.0490299,-1.25963,-0.021559,-0.0283452,0.0625074,23.0003,0.0226112,-0.0177943,0.0226112,0.05331,0.999877,-0.0156657,-0.000317607,-0.000677584,-0.0170507,0.176394,0.304334,0.108093,0.0487464,-1.25901,-0.0215589,-0.0283483,0.160478
23.0003,0.999877,-0.0156698,-0.000410892,-0.000689676,-0.0038782,-0.00822333,0.00106419,0.107674,0.0486903,-1.26064,-0.0190871,-0.0240886,0.0612802,23.0203,0,0.0114893,-0.00342259,0.0032247,0.999877,-0.0156892,-0.000451907,-0.000683719,0.217281,-0.0244313,0.0215912,0.107484,0.0484494,-1.26003,-0.0190871,-0.0240886,0.159347
23.0203,0.999875,-0.0157668,-0.000509988,-0.000705159,-0.00747349,-0.00169856,-0.000267377,0.106959,0.0483875,-1.26149,-0.0165473,-0.0186106,0.0614474,23.0403,0,-0.0155908,-0.0118378,0.0236969,0.999875,-0.0158042,-0.000518474,-0.00070638,0.00152752,-0.0936894,0.135632,0.106794,0.0482014,-1.26088,-0.0165473,-0.0186106,0.159514
23.0403,0.999875,-0.0158,-0.000512168,-0.000707129,-0.0086719,-0.000500144,-0.000400496,0.106828,0.0483439,-1.26161,-0.0159682,-0.0176379,0.0616033,23.0603,0,0.00167128,-0.0310784,0.0381399,0.999874,-0.0158434,-0.00051467,-0.000709114,0.139948,-0.249315,0.214757,0.106668,0.0481675,-1.261,-0.0159682,-0.0176379,0.15967
23.0603,0.999873,-0.0159137,-0.000500286,-0.000697313,-0.0117345,0.00229616,-0.00013419,0.106468,0.0482703,-1.26209,-0.0137272,-0.0154442,0.0617583,23.0803,0,-0.00557951,-0.0178153,0.00984078,0.999872,-0.0159723,-0.000488776,-0.000698196,0.0827894,-0.139787,0.0574335,0.106331,0.0481159,-1.26147,-0.0137272,-0.0154442,0.159825
23.0803,0.999868,-0.0162067,-0.000436739,-0.000686036,-0.0155944,0.00202958,0.00172965,0.105978,0.0483047,-1.26328,-0.0108286,-0.0126639,0.0618469,23.1003,0.000134641,0.00899232,0.000134641,0.0412841,0.999867,-0.0162847,-0.000426399,-0.000677587,0.201611,-0.000735506,0.234989,0.10587,0.0481781,-1.26266,-0.0108286,-0.0126639,0.159913
23.1003,0.999865,-0.0164435,-0.000356096,-0.000680218,-0.0143959,0.00615748,-0.00013462,0.105649,0.04833,-1.26389,-0.00915974,-0.0124711,0.0627089,23.1203,0.0306791,0.00621848,0.0306791,0.0411206,0.999863,-0.0165154,-0.000325275,-0.000681423,0.181063,0.242869,0.236861,0.105557,0.0482053,-1.26326,-0.00915965,-0.0124754,0.160645
23.1203,0.999864,-0.0164969,-0.000325025,-0.000672119,-0.0137301,0.0077554,0.00226225,0.105571,0.0483262,-1.26399,-0.00873823,-0.0129318,0.0627945,23.1403,0.00844062,-0.0327713,0.00844062,0.0539572,0.999863,-0.0165655,-0.000286021,-0.000661471,-0.130332,0.0628135,0.306715,0.105484,0.0481968,-1.26336,-0.0087382,-0.012933,0.160825
23.1403,0.999862,-0.0165996,-0.000248351,-0.000680098,-0.0129312,0.0108181,0.000264851,0.105427,0.0483007,-1.26415,-0.00772647,-0.0137982,0.0630416,23.1603,0,-0.017637,-0.014645,0.0517375,0.999861,-0.0166642,-0.000194203,-0.000679687,-0.00831026,-0.122127,0.292155,0.10535,0.0481628,-1.26352,-0.00772647,-0.0137982,0.161108
23.1603,0.999858,-0.0168139,-5.91952e-05,-0.000659877,-0.00866883,0.00602416,0.00252815,0.10513,0.0481822,-1.26498,-0.0060273,-0.0168149,0.0641629,23.1803,0,0.00807981,-0.019037,0.0345436,0.999858,-0.0168572,-2.88375e-05,-0.000647747,0.199148,-0.156405,0.195314,0.10507,0.0480141,-1.26434,-0.0060273,-0.0168149,0.162229
23.1803,0.999858,-0.0168611,6.31144e-05,-0.000647322,-0.00121198,0.00948628,0.00292762,0.104878,0.0479843,-1.26568,-0.00793631,-0.0201875,0.0648378,23.2003,0.00280404,-0.0162869,0.00280404,0.033078,0.999858,-0.0168672,0.00011079,-0.000633485,0.00448933,0.0173784,0.189092,0.104799,0.0477824,-1.26503,-0.00793631,-0.0201879,0.162892
23.2003,0.999858,-0.0168652,0.000103055,-0.000650037,-0.00134514,0.0100189,-0.000401292,0.104804,0.0479098,-1.2658,-0.0082697,-0.0212813,0.0652279,23.2203,0,0.000821512,-0.0191154,-0.000932663,0.999857,-0.0168719,0.000153113,-0.000652887,0.141568,-0.153596,-0.00338751,0.104721,0.047697,-1.26515,-0.0082697,-0.0212813,0.163294
23.2203,0.999858,-0.0168458,0.000168644,-0.000649864,0.00278278,0.00828786,0.00106342,0.104648,0.0477286,-1.266,-0.00869942,-0.0232876,0.0655984,23.2403,0.00479551,-0.0277819,0.00479551,0.0211249,0.999858,-0.0168318,0.000210158,-0.000645248,-0.0875947,0.0340189,0.122346,0.104561,0.0474958,-1.26534,-0.00869943,-0.0232882,0.163644
23.2403,0.999859,-0.016754,0.000252124,-0.000675702,0.00598005,3.23563e-05,0.00106307,0.104183,0.0471776,-1.26669,-0.0114481,-0.0265562,0.0660395,23.2603,0,-0.0369613,-0.0330399,0.0394757,0.99986,-0.0167241,0.000252354,-0.000670397,-0.161787,-0.271785,0.221657,0.104069,0.0469121,-1.26603,-0.0114481,-0.0265562,0.164106
23.2603,0.999863,-0.0165463,0.000269608,-0.000654345,0.0083769,0.000165526,0.00186201,0.103517,0.0465381,-1.26767,-0.0163023,-0.0291465,0.0664106,23.2803,0,0.0299825,-0.027241,0.0521828,0.999864,-0.0165044,0.000270562,-0.000645061,0.371939,-0.226801,0.293361,0.103354,0.0462467,-1.267,-0.0163023,-0.0291465,0.164477
23.2803,0.999864,-0.0164978,0.000249997,-0.000656055,0.011839,-0.00489448,-0.000401664,0.103363,0.04639,-1.26781,-0.0170665,-0.0296408,0.0665453,23.3003,0,-0.0257111,-0.0326653,-0.0145831,0.999865,-0.0164386,0.000225456,-0.000657675,-0.0736058,-0.261495,-0.0810376,0.103192,0.0460936,-1.26714,-0.0170665,-0.0296408,0.164612
23.3003,0.999865,-0.0164467,0.000222487,-0.000652296,0.0125048,-0.00689186,0.000929889,0.103201,0.0462352,-1.26793,-0.0178748,-0.0301114,0.0666542,23.3203,0.0111148,-0.00952545,0.0111148,0.0829969,0.999866,-0.0163842,0.000188068,-0.000647094,0.0547067,0.0761629,0.469371,0.103023,0.0459341,-1.26726,-0.0178748,-0.030113,0.164673
23.3203,0.999867,-0.016278,8.50305e-05,-0.000623355,0.00930901,-0.00915554,0.00186201,0.102491,0.0455888,-1.26822,-0.0211061,-0.0294,0.0674452,23.3403,0,-0.0261358,-0.0321938,0.0694268,0.999868,-0.0162314,3.93814e-05,-0.000613305,-0.0791486,-0.267366,0.38927,0.10228,0.0452948,-1.26754,-0.0211061,-0.0294,0.165512
23.3403,0.999871,-0.0160589,-0.000153048,-0.000607386,0.0102438,-0.0158132,0.000663295,0.101465,0.0449072,-1.26873,-0.0232179,-0.0267655,0.0677996,23.3603,0,-0.0183919,-0.0142301,0.0561315,0.999872,-0.0160077,-0.000232081,-0.000602793,-0.0187443,-0.119905,0.316427,0.101233,0.0446395,-1.26805,-0.0232179,-0.0267655,0.165866
23.3603,0.999871,-0.0160272,-0.000205974,-0.000601069,0.00758063,-0.0132832,0.00146223,0.10125,0.0448089,-1.26894,-0.0234469,-0.0260614,0.0678414,23.3803,0.00374666,0.00235605,0.00374666,0.0334264,0.999872,-0.0159894,-0.000272287,-0.000592686,0.147028,0.0273418,0.190861,0.101016,0.0445483,-1.26826,-0.0234469,-0.0260619,0.165892
23.3803,0.999872,-0.0159804,-0.000370031,-0.000581448,0.00238747,-0.01315,0.000530147,0.100588,0.0445226,-1.26944,-0.0244759,-0.024102,0.0683562,23.4003,0,0.00650263,-0.00690216,0.020735,0.999872,-0.0159685,-0.000435737,-0.000577743,0.179917,-0.0548714,0.118725,0.100343,0.0442815,-1.26876,-0.0244759,-0.024102,0.166423
23.4003,0.999872,-0.015962,-0.000580611,-0.000557045,-0.00120782,-0.011419,0.00292698,0.0996994,0.0441997,-1.26984,-0.0234129,-0.0200755,0.0685135,23.4203,0,-0.0300976,-0.022857,0.0336942,0.999872,-0.015968,-0.000637462,-0.000541504,-0.112959,-0.18263,0.189834,0.0994652,0.0439989,-1.26916,-0.0234129,-0.0200755,0.16658
23.4203,0.999872,-0.0160031,-0.000743585,-0.000555099,-0.00560205,-0.00968792,0.000663248,0.0988722,0.0440142,-1.27022,-0.0212409,-0.0165867,0.069431,23.4403,0.00268824,-0.0275546,0.00268824,0.0332146,0.999871,-0.0160312,-0.000791949,-0.000551029,-0.0923174,0.0230716,0.189439,0.0986598,0.0438483,-1.26953,-0.0212408,-0.0165871,0.167486
23.4403,0.999871,-0.0160608,-0.000797599,-0.000538614,-0.00599702,-0.00662523,0.00172796,0.0984796,0.0440933,-1.27111,-0.0201217,-0.0149591,0.0690287,23.4603,0,-0.00491407,-0.000194309,-0.0259746,0.99987,-0.0160908,-0.000830566,-0.000529467,0.0889691,0.0081405,-0.142419,0.0982783,0.0439437,-1.27042,-0.0201217,-0.0149591,0.167095
23.4603,0.99987,-0.016095,-0.000826985,-0.000530644,-0.00905968,-0.00742415,0.00199424,0.0982899,0.0441363,-1.27151,-0.019575,-0.014162,0.0690387,23.4803,0.00542974,0.0337972,0.00542974,0.0217059,0.999869,-0.0161403,-0.000863916,-0.000520114,0.399117,0.0473913,0.124839,0.0980942,0.0439947,-1.27082,-0.019575,-0.0141627,0.167082
23.4803,0.999867,-0.0163043,-0.000890031,-0.000508563,-0.0113233,-0.00622575,0.00226059,0.0974172,0.0443632,-1.27318,-0.0161848,-0.0115881,0.0688097,23.5003,0.00250308,0.0165295,0.00250308,-0.00106724,0.999866,-0.0163609,-0.000920942,-0.000496805,0.262616,0.0273477,-0.00298204,0.0972554,0.0442473,-1.27249,-0.0161848,-0.0115884,0.166866
23.5003,0.999862,-0.0165612,-0.000881977,-0.000467751,-0.0114565,0.00402741,-3.12511e-06,0.0966858,0.0445724,-1.27429,-0.012697,-0.0107116,0.0695883,23.5203,0,0.00758405,-0.0396002,0.0167208,0.999861,-0.0166185,-0.000861816,-0.00046815,0.193294,-0.311896,0.0925303,0.0965588,0.0444653,-1.2736,-0.012697,-0.0107116,0.167655
23.5203,0.999862,-0.0166048,-0.000858217,-0.000465887,-0.0113233,0.00589165,0.000662677,0.0965566,0.0446054,-1.27445,-0.0119436,-0.0110328,0.0696639,23.5403,0.00783578,0.0354489,0.00783578,0.0158064,0.999861,-0.0166614,-0.000828682,-0.000463112,0.416366,0.0675703,0.0916686,0.0964371,0.0444951,-1.27376,-0.0119436,-0.0110339,0.167697
23.5403,0.999861,-0.0166425,-0.000839913,-0.000471377,-0.00985863,0.00456003,-0.00120151,0.0964338,0.0446319,-1.27459,-0.0110889,-0.0114939,0.0700165,23.5603,0.0152894,-0.0018077,0.0152894,0.0370337,0.99986,-0.0166918,-0.000817193,-0.000477804,0.118765,0.124075,0.211431,0.0963229,0.0445169,-1.27389,-0.0110888,-0.0114961,0.168018
23.5603,0.999859,-0.0167896,-0.000719431,-0.000467942,-0.00905966,0.0073564,0.000529503,0.0960063,0.0446577,-1.27494,-0.00813433,-0.014091,0.071445,23.5803,0,-0.0214542,-0.0409995,-0.0359819,0.999858,-0.0168348,-0.000682588,-0.000465945,-0.0375772,-0.317452,-0.202622,0.095925,0.0445168,-1.27422,-0.00813433,-0.014091,0.169511
23.5803,0.999857,-0.0168831,-0.000424239,-0.000460367,0.000129866,0.00922082,0.00119494,0.0953616,0.0445926,-1.27638,-0.00709074,-0.0190856,0.0736379,23.6003,0,-0.0144763,-0.0218007,-0.0165913,0.999857,-0.0168824,-0.000378041,-0.000455171,0.0192301,-0.168801,-0.0923481,0.0952907,0.0444017,-1.27564,-0.00709074,-0.0190856,0.171704
23.6003,0.999857,-0.0168725,-0.000388251,-0.000459218,0.00226035,0.00895451,0.00052915,0.0952694,0.0445481,-1.27649,-0.00746253,-0.0197691,0.0738804,23.6203,0,0.0189566,-0.0291086,0.0534852,0.999858,-0.0168612,-0.000343445,-0.000457324,0.286609,-0.236886,0.299249,0.0951947,0.0443504,-1.27575,-0.00746253,-0.0197691,0.171947
23.6203,0.999858,-0.0168588,-0.000352349,-0.000462851,0.00305932,0.0089545,-0.000669251,0.0951738,0.0444955,-1.27658,-0.0079499,-0.0204762,0.074161,23.6403,0,-0.0365635,-0.00261585,-0.0297488,0.999858,-0.0168434,-0.000307647,-0.000466946,-0.157821,-0.0142314,-0.164156,0.0950943,0.0442907,-1.27584,-0.0079499,-0.0204762,0.172228
23.6404,0.999859,-0.01677,-0.000198255,-0.000467645,0.00745354,0.00629133,0.000396006,0.0946263,0.0440812,-1.27673,-0.0109116,-0.024555,0.0759397,23.6604,0,-0.0321682,-0.0453014,0.0255663,0.99986,-0.0167327,-0.000166787,-0.000466185,-0.12319,-0.364328,0.141547,0.0945172,0.0438357,-1.27597,-0.0109116,-0.024555,0.174006
23.6604,0.999862,-0.0165796,-0.000155361,-0.000459805,0.011051,-0.00209741,0.00012932,0.0939436,0.043562,-1.27693,-0.0147554,-0.0270463,0.0771775,23.6804,0.0120238,-0.0392191,0.0120238,0.0183761,0.999863,-0.0165243,-0.000165861,-0.000458976,-0.181228,0.094837,0.106615,0.0937961,0.0432916,-1.27616,-0.0147554,-0.0270479,0.175193
23.6804,0.999863,-0.0165344,-0.000156668,-0.000459113,0.0109179,-0.00036636,0.000262444,0.0937852,0.0434667,-1.27708,-0.0155633,-0.0271468,0.0773263,23.7004,0.0333042,0.000136096,0.0333042,0.0525691,0.999864,-0.0164798,-0.000158503,-0.000457762,0.133051,0.260695,0.299996,0.0936296,0.0431953,-1.2763,-0.0155633,-0.0271515,0.175251
23.7004,0.999864,-0.0164855,-0.000177187,-0.000460225,0.01185,-0.00516004,-0.000270169,0.0936206,0.0433675,-1.2772,-0.0164498,-0.0272257,0.0775755,23.7204,0.0051915,-0.0404566,0.0051915,0.0780049,0.999865,-0.0164263,-0.000203034,-0.00046114,-0.192145,0.0325018,0.439855,0.0934561,0.0430953,-1.27642,-0.0164498,-0.0272264,0.17562
23.7204,0.999867,-0.0162802,-0.000286675,-0.000460724,0.00732263,-0.00582582,0.000129324,0.0926967,0.0428273,-1.27747,-0.0203661,-0.0265912,0.0790176,23.7404,0,-0.0134018,-0.023117,-0.010595,0.999868,-0.0162436,-0.000315807,-0.000459593,0.0230483,-0.181288,-0.0588313,0.0924931,0.0425614,-1.27668,-0.0203661,-0.0265912,0.177084
23.7404,0.99987,-0.0160823,-0.000478155,-0.000485206,0.01185,-0.0114185,-0.00186806,0.0916522,0.0422856,-1.27725,-0.0225731,-0.0238191,0.0799484,23.7604,0,-0.0398508,-0.00633014,0.00100285,0.999871,-0.0160231,-0.000535419,-0.000493599,-0.190183,-0.0470961,0.00786678,0.0914264,0.0420475,-1.27645,-0.0225731,-0.0238191,0.178015
23.7604,0.999871,-0.0160264,-0.000581124,-0.000489566,0.00399631,-0.0140818,0.000128848,0.0912216,0.042223,-1.27786,-0.0232103,-0.0226464,0.0797217,23.7804,0,-0.0143086,-0.0273413,-0.00535828,0.999872,-0.0160065,-0.000651524,-0.000487782,0.0137767,-0.213424,-0.0296696,0.0909895,0.0419965,-1.27706,-0.0232103,-0.0226464,0.177788
23.7804,0.999872,-0.0160058,-0.000642099,-0.000487525,0.00466382,-0.0152801,0.000394833,0.091002,0.0422116,-1.27825,-0.0231635,-0.0217133,0.0790948,23.8004,0,0.0137846,-0.00622701,-0.0377941,0.999872,-0.0159825,-0.000718469,-0.000484313,0.238033,-0.039784,-0.2095,0.0907704,0.0419944,-1.27746,-0.0231635,-0.0217133,0.177161
23.8004,0.999871,-0.0160474,-0.000886737,-0.000476133,-0.00279303,-0.00995376,0.00106062,0.089921,0.0422338,-1.27982,-0.0222131,-0.0156583,0.0781181,23.8204,0.0340777,-0.00939226,0.0340777,0.0256367,0.99987,-0.0160614,-0.000936407,-0.000470044,0.0531807,0.276347,0.14932,0.0896988,0.0420772,-1.27904,-0.0222128,-0.0156629,0.17604
23.8204,0.999869,-0.0161459,-0.00108705,-0.000486583,-0.00678778,-0.00808955,0.000261645,0.0889229,0.0424001,-1.28107,-0.019088,-0.0118916,0.0776688,23.8404,0.00811957,-0.00939678,0.00811957,-0.0408572,0.999868,-0.0161798,-0.00112746,-0.000484659,0.0534977,0.0788774,-0.225257,0.088732,0.0422812,-1.28029,-0.019088,-0.0118927,0.175701
23.8404,0.999869,-0.016172,-0.0010978,-0.000475284,-0.00705232,-0.0027632,0.00292451,0.0887407,0.0424658,-1.28144,-0.0184033,-0.0114775,0.0774671,23.8604,0,-0.0431508,-0.0330229,-0.00215404,0.999868,-0.0162073,-0.00111137,-0.000460479,-0.215869,-0.255265,-0.0121288,0.0885567,0.042351,-1.28066,-0.0184033,-0.0114775,0.175534
23.8604,0.999868,-0.0162185,-0.00111447,-0.000467633,-0.0121123,-0.00422792,0.00199245,0.0885642,0.0425308,-1.28178,-0.0176978,-0.010952,0.0774869,23.8804,0,0.00476503,-0.0405737,-0.04162,0.999867,-0.0162791,-0.00113542,-0.000457396,0.167423,-0.310228,-0.234142,0.0883873,0.0424213,-1.28101,-0.0176978,-0.010952,0.175553
23.8804,0.999863,-0.0165333,-0.00113539,-0.000501737,-0.0117128,0.00189736,-0.00160284,0.087637,0.042935,-1.28333,-0.0134082,-0.0079226,0.07804,23.9004,0,-1.2017e-05,-0.000491973,0.0257609,0.999862,-0.0165919,-0.001126,-0.000509974,0.132363,0.00173747,0.147004,0.0875029,0.0428558,-1.28255,-0.0134082,-0.0079226,0.176106
23.9004,0.999859,-0.0167452,-0.00102113,-0.000490272,-0.00958232,0.00815576,0.00225874,0.0869964,0.0432359,-1.28399,-0.0110016,-0.00846189,0.0792898,23.9204,0,-0.0130973,-0.00675022,0.0277272,0.999858,-0.0167931,-0.000980144,-0.000479711,0.029385,-0.0495949,0.157437,0.0868864,0.0431513,-1.2832,-0.0110016,-0.00846189,0.177356
23.9204,0.999858,-0.0167937,-0.000988921,-0.000488633,-0.0125118,0.00802256,0.000660874,0.0868799,0.0432802,-1.28405,-0.0107017,-0.00869009,0.0795807,23.9404,0,-0.00906505,-0.0121922,0.0570991,0.999857,-0.0168563,-0.000948728,-0.000486065,0.0621043,-0.0973328,0.321345,0.0867729,0.0431933,-1.28326,-0.0107017,-0.00869009,0.177647
23.9404,0.999857,-0.0168502,-0.000970311,-0.000503808,-0.0145092,0.00469366,-0.00360019,0.0867652,0.0433199,-1.2841,-0.0105825,-0.00894184,0.0799425,23.9604,0,0.00405316,-0.0282388,-0.0189687,0.999856,-0.0169227,-0.000947113,-0.000522272,0.16711,-0.215547,-0.106076,0.0866593,0.0432305,-1.2833,-0.0105825,-0.00894184,0.178009
23.9604,0.999854,-0.0170433,-0.000896859,-0.000494022,-0.0105144,0.00602524,0.000394504,0.0862966,0.0434226,-1.28406,-0.0113783,-0.0105839,0.0815265,23.9804,0,-0.0169263,-0.0242625,0.0249936,0.999853,-0.0170958,-0.000866678,-0.00049261,0.00112856,-0.190377,0.140477,0.0861828,0.0433168,-1.28324,-0.0113783,-0.0105839,0.179593
23.9804,0.999853,-0.0171234,-0.000799218,-0.000496045,-0.0055859,0.00775657,-0.00040485,0.0859182,0.0435163,-1.28464,-0.0115016,-0.0132235,0.0821497,24.0004,0,0.00249546,-0.0209901,0.034062,0.999852,-0.0171513,-0.000760461,-0.000498755,0.157139,-0.166163,0.191471,0.0858031,0.043384,-1.28382,-0.0115016,-0.0132235,0.180216
24.0004,0.999853,-0.0170962,-0.000725259,-0.000495371,-0.000659046,0.00123183,-0.000804307,0.085396,0.0434824,-1.28509,-0.0129315,-0.0179031,0.0830452,24.0204,0,0.0218217,-0.0162948,0.0194025,0.999853,-0.0170995,-0.000719168,-0.0004995,0.311419,-0.127107,0.109762,0.0852667,0.0433034,-1.28426,-0.0129315,-0.0179031,0.181112
24.0204,0.999853,-0.017097,-0.000720443,-0.000508126,-0.000525886,0.00123182,-0.003068,0.0852574,0.0434413,-1.28515,-0.0134827,-0.0189219,0.0833243,24.0404,0,-0.0268595,-0.00650379,-0.000882448,0.999853,-0.0170996,-0.000714546,-0.000523571,-0.0780992,-0.0462498,-0.0026109,0.0851226,0.0432521,-1.28431,-0.0134827,-0.0189219,0.181391
24.0404,0.999854,-0.017063,-0.000718978,-0.000493859,0.00426781,3.34124e-05,0.00225832,0.0848119,0.0432608,-1.28518,-0.0156182,-0.0210982,0.0842505,24.0604,0,0.0282583,-0.0379028,-0.040154,0.999854,-0.0170417,-0.000718629,-0.000482556,0.362193,-0.291845,-0.225805,0.0846557,0.0430498,-1.28434,-0.0156182,-0.0210982,0.182317
24.0604,0.999856,-0.0169447,-0.000702219,-0.000467236,0.0106594,-0.000765553,0.00239147,0.0841504,0.0429083,-1.28494,-0.0176161,-0.0235545,0.0853093,24.0804,0,0.0307636,-0.00538994,-0.0050661,0.999857,-0.0168914,-0.000705868,-0.000455178,0.381555,-0.0366967,-0.0263833,0.0839743,0.0426728,-1.28409,-0.0176161,-0.0235545,0.183376
24.0804,0.999861,-0.0166692,-0.000807488,-0.000487686,0.0139904,-0.00942039,-0.000671473,0.0832145,0.0423673,-1.28484,-0.020634,-0.0265945,0.0862092,24.1004,0,-0.0131524,-0.0392442,-0.0360376,0.999862,-0.0165992,-0.000854673,-0.000490201,0.0278684,-0.302705,-0.20266,0.0830081,0.0421013,-1.28398,-0.020634,-0.0265945,0.184276
24.1004,0.999861,-0.0166183,-0.000837237,-0.000500862,0.0123925,-0.00742302,-0.00333466,0.0830081,0.042265,-1.28495,-0.0214544,-0.0268048,0.0863032,24.1204,0,0.0173262,-0.0280548,0.0414414,0.999862,-0.0165564,-0.000874655,-0.000516864,0.27174,-0.223159,0.232148,0.0827935,0.0419969,-1.28409,-0.0214544,-0.0268048,0.18437
24.1204,0.999862,-0.0165809,-0.000883909,-0.00050683,0.00906351,-0.0116841,-0.00160366,0.0827953,0.042158,-1.28503,-0.022296,-0.0268931,0.086222,24.1404,0,0.00868838,-0.00759455,0.013516,0.999863,-0.0165356,-0.000942477,-0.000513839,0.20225,-0.0554355,0.077769,0.0825723,0.0418891,-1.28417,-0.022296,-0.0268931,0.184288
24.1404,0.999865,-0.0163602,-0.00109842,-0.000488299,0.0110609,-0.010752,0.00185852,0.0816778,0.0416209,-1.28514,-0.0236468,-0.0243672,0.0868401,24.1604,0,-0.072136,-0.0334867,0.0771899,0.999866,-0.0163049,-0.00115205,-0.000478068,-0.446126,-0.269509,0.432299,0.0814413,0.0413772,-1.28427,-0.0236468,-0.0243672,0.184907
24.1604,0.999869,-0.0161477,-0.00134178,-0.000466503,0.0042722,-0.0103529,-0.0012045,0.0805997,0.0412082,-1.28538,-0.0223089,-0.021928,0.0875327,24.1804,0.00139235,-0.00850734,0.00139235,0.0700398,0.999869,-0.0161264,-0.00139365,-0.000471661,0.0615567,0.0127652,0.394967,0.0803766,0.0409889,-1.28451,-0.0223088,-0.0219282,0.185593
24.1804,0.999869,-0.0161172,-0.00141908,-0.00046224,0.00334015,-0.0102197,-0.000671846,0.0801936,0.0411168,-1.28571,-0.0217792,-0.0197102,0.0875105,24.2004,0,-0.00349335,-0.0254753,0.0322277,0.999869,-0.0161005,-0.00147023,-0.000464752,0.101345,-0.196601,0.180766,0.0799758,0.0409197,-1.28483,-0.0217792,-0.0197102,0.185577
24.2004,0.999869,-0.0161249,-0.0014519,-0.00046262,-0.00225254,-0.00822237,-0.000139202,0.0799949,0.0410817,-1.28584,-0.0212803,-0.0182353,0.0874872,24.2204,0,-0.0239542,-0.0221634,0.000160533,0.999869,-0.0161362,-0.00149301,-0.000462669,-0.0625942,-0.165784,0.00168159,0.0797821,0.0408993,-1.28496,-0.0212803,-0.0182353,0.185554
24.2204,0.999869,-0.0161099,-0.00152227,-0.000457908,0.00320696,-0.00928764,0.000127171,0.0796152,0.0410356,-1.28603,-0.0197356,-0.0155107,0.0876129,24.2404,0,-0.0192025,-0.0274525,0.0152239,0.999869,-0.0160939,-0.0015687,-0.000456499,-0.0245217,-0.209453,0.0854922,0.0794179,0.0408805,-1.28515,-0.0197356,-0.0155107,0.185679
24.2404,0.999868,-0.0161395,-0.00158502,-0.000458411,-0.0045143,-0.000899152,0.000792582,0.0788212,0.0411753,-1.28726,-0.0156714,-0.0106124,0.0869409,24.2604,0,-0.00753051,-0.0040588,-0.0348583,0.999868,-0.0161621,-0.00158944,-0.000454412,0.0683694,-0.015321,-0.192916,0.0786645,0.0410692,-1.28639,-0.0156714,-0.0106124,0.185007
24.2604,0.999867,-0.0162577,-0.00158005,-0.00043062,-0.0121043,-0.000632821,0.00385521,0.0784273,0.0413241,-1.28788,-0.013055,-0.0076608,0.0866577,24.2804,0.00751117,0.0253114,0.00751117,0.0150774,0.999866,-0.0163182,-0.00158287,-0.000411391,0.332631,0.0708421,0.0872924,0.0782967,0.0412475,-1.28702,-0.0130549,-0.00766184,0.184692
24.2804,0.999866,-0.0163131,-0.0015736,-0.000432275,-0.0142348,0.00163082,-0.000272698,0.0783097,0.0413851,-1.28804,-0.0123273,-0.00653992,0.0865989,24.3004,0,-0.0252862,-0.0446252,0.0383835,0.999864,-0.0163843,-0.00156544,-0.000433883,-0.071388,-0.349487,0.213481,0.0781865,0.0413197,-1.28718,-0.0123273,-0.00653992,0.184665
24.3004,0.999864,-0.0164368,-0.00155472,-0.000427157,-0.0155664,0.00296241,0.000792569,0.0780936,0.0415231,-1.2883,-0.0107194,-0.00467329,0.0867817,24.3204,0,0.0127828,-0.0147612,0.0162969,0.999862,-0.0165147,-0.00153981,-0.000423559,0.233954,-0.107739,0.0921716,0.0779864,0.0414764,-1.28743,-0.0107194,-0.00467329,0.184848
24.3204,0.999858,-0.0168184,-0.00131999,-0.000403444,-0.0166303,0.0144135,0.000259509,0.0776378,0.0421067,-1.28992,-0.00616252,-0.00306343,0.0863848,24.3404,0.0231829,-0.0263187,0.0231829,0.0205218,0.999856,-0.0169015,-0.00124788,-0.000403469,-0.0759417,0.193142,0.119541,0.0775762,0.0420761,-1.28905,-0.00616226,-0.00306674,0.184353
24.3404,0.999855,-0.0170037,-0.00118288,-0.000412707,-0.0158313,0.0116173,-0.000273085,0.0774978,0.0423621,-1.29052,-0.00395199,-0.00420978,0.0868568,24.3604,0,-0.0192109,-0.0369132,0.0158746,0.999853,-0.0170828,-0.0011248,-0.000415153,-0.0174981,-0.288032,0.0878062,0.0774583,0.04232,-1.28966,-0.00395199,-0.00420978,0.184923
24.3604,0.999853,-0.0170756,-0.00113925,-0.000411848,-0.0183613,0.0109514,0.000525925,0.077469,0.0424642,-1.29094,-0.00379557,-0.00464364,0.0868187,24.3804,0.0345191,0.0236157,0.0345191,-0.00884688,0.999852,-0.0171674,-0.00108441,-0.000410258,0.325184,0.286504,-0.0440808,0.077431,0.0424178,-1.29007,-0.00379524,-0.00464865,0.184738
24.3804,0.99985,-0.0172645,-0.00100737,-0.000396271,-0.0140988,0.0112173,-0.000672914,0.0773789,0.0427306,-1.29202,-0.00421607,-0.0057569,0.0870298,24.4004,0,-0.0268074,-0.0182309,0.0360251,0.999849,-0.017335,-0.000951324,-0.000400674,-0.0761249,-0.142837,0.202316,0.0773368,0.0426731,-1.29115,-0.00421607,-0.0057569,0.185096
24.4004,0.999849,-0.017385,-0.000771171,-0.000424881,-0.00451138,0.0136141,0.000259183,0.0771852,0.0430117,-1.29328,-0.00526334,-0.00996311,0.0877535,24.4204,0,-0.00342241,-0.00588876,0.0250835,0.999848,-0.0174076,-0.000703078,-0.000424786,0.111833,-0.0444359,0.142266,0.0771326,0.0429121,-1.29241,-0.00526334,-0.00996311,0.18582
24.4204,0.999848,-0.0174323,-0.000623844,-0.000428823,-0.00411191,0.00642361,0.000924967,0.0769944,0.0430359,-1.29383,-0.0066414,-0.0140874,0.089143,24.4404,0,-0.0175752,-0.0189912,0.0408588,0.999847,-0.0174529,-0.000591641,-0.000424772,-0.00101588,-0.15268,0.22938,0.076928,0.042895,-1.29294,-0.0066414,-0.0140874,0.18721
24.4404,0.999848,-0.0174325,-0.000604309,-0.000429075,-0.000383492,0.00495887,0.000126047,0.0769359,0.0430152,-1.2939,-0.00745146,-0.015128,0.0896386,24.4604,0,0.0123669,-0.00385962,-0.0304659,0.999848,-0.0174344,-0.000579506,-0.000428878,0.23817,-0.0217492,-0.1686,0.0768614,0.0428639,-1.293,-0.00745146,-0.015128,0.187705
24.4604,0.999848,-0.0174139,-0.000592418,-0.000430654,0.00454336,0.00189624,-0.00014027,0.0767968,0.042942,-1.29397,-0.0091708,-0.016889,0.0902558,24.4804,0.00781598,-0.00545196,0.00781598,0.00386905,0.999848,-0.0173912,-0.00058296,-0.000431507,0.0956864,0.0666996,0.0248552,0.0767051,0.0427731,-1.29307,-0.00917076,-0.0168901,0.188289
24.4804,0.999851,-0.0172686,-0.000595362,-0.000440069,0.0122665,-0.0011664,-0.000406568,0.0764341,0.0426775,-1.29384,-0.0124459,-0.0208883,0.09141,24.5004,0,0.0227287,-0.0329093,0.00465502,0.999852,-0.0172073,-0.000601255,-0.000441964,0.319977,-0.259039,0.0252684,0.0763097,0.0424686,-1.29293,-0.0124459,-0.0208883,0.189476
24.5004,0.999854,-0.0170756,-0.000674655,-0.00043156,0.0130673,-0.00715866,0.00145721,0.0759804,0.0423257,-1.2941,-0.0150115,-0.0238107,0.0923863,24.5204,0,-0.0237196,-0.000953293,0.0138239,0.999855,-0.0170103,-0.000710347,-0.000423619,-0.0530981,-0.00420032,0.0798167,0.0758303,0.0420876,-1.29317,-0.0150115,-0.0238107,0.190453
24.5204,0.999855,-0.0170162,-0.00071803,-0.000435479,0.0145321,-0.010754,-0.00107273,0.0758567,0.0422394,-1.29428,-0.0155123,-0.023685,0.0925797,24.5404,0,0.020972,-0.0258842,-0.00915385,0.999856,-0.0169436,-0.000771914,-0.000439874,0.303838,-0.199984,-0.0513678,0.0757016,0.0420025,-1.29335,-0.0155123,-0.023685,0.190646
24.5404,0.999859,-0.0167823,-0.000864776,-0.000417921,0.0174616,-0.00702547,0.00172362,0.0753224,0.0418809,-1.29477,-0.0171615,-0.0227526,0.0930558,24.5604,0,-0.00184465,-0.0290464,-0.0441554,0.99986,-0.016695,-0.00089979,-0.00040864,0.119107,-0.219508,-0.247619,0.0751508,0.0416534,-1.29384,-0.0171615,-0.0227526,0.191122
24.5604,0.999863,-0.016507,-0.00105281,-0.000388061,0.00907258,-0.0083571,0.000791444,0.0746157,0.0414309,-1.29485,-0.0168812,-0.0205988,0.0937402,24.5804,0.00606099,-0.00446146,0.00606099,0.0322311,0.999864,-0.0164617,-0.00109454,-0.000383366,0.0965496,0.052629,0.183228,0.0744468,0.0412249,-1.29391,-0.0168811,-0.0205996,0.191781
24.5804,0.999864,-0.0164384,-0.00118081,-0.000386028,0.00161573,-0.00769132,0.000258835,0.0740763,0.041167,-1.2949,-0.0162722,-0.0161367,0.0940545,24.6004,0,-0.0188866,-0.00383827,0.0039745,0.999864,-0.0164303,-0.00121924,-0.000384093,-0.0195416,-0.0218384,0.0241871,0.0739135,0.0410057,-1.29396,-0.0162722,-0.0161367,0.192121
24.6004,0.999864,-0.0164264,-0.00121345,-0.000384282,0.00268293,-0.00809145,0.00039165,0.073961,0.0411727,-1.29541,-0.0161873,-0.0148122,0.0935201,24.6204,0,-0.00511227,-0.00668874,-0.0204087,0.999864,-0.016413,-0.00125388,-0.000381643,0.0903091,-0.0411312,-0.112702,0.0737991,0.0410245,-1.29447,-0.0161873,-0.0148122,0.191587
24.6204,0.999865,-0.016393,-0.00131456,-0.00040167,0.00188515,-0.00795858,-0.00120656,0.0736283,0.0412222,-1.29676,-0.0146065,-0.0119377,0.0931442,24.6404,0,0.00931889,-0.0238216,0.0283628,0.999865,-0.0163836,-0.00135445,-0.000407037,0.205964,-0.183727,0.158803,0.0734822,0.0411028,-1.29583,-0.0146065,-0.0119377,0.191211
24.6404,0.999864,-0.0164399,-0.00137247,-0.000409592,-0.00610432,-0.000501706,-8.16445e-06,0.0732538,0.0413366,-1.29817,-0.0112326,-0.00847847,0.0924366,24.6604,0,0.0124851,-0.0169386,-0.0551691,0.999863,-0.0164704,-0.00137496,-0.000409633,0.230606,-0.117233,-0.308271,0.0731414,0.0412518,-1.29724,-0.0112326,-0.00847847,0.190503
24.6604,0.999861,-0.0166321,-0.0013793,-0.000399214,-0.0158249,0.000430338,-0.000807106,0.0729979,0.0415313,-1.29913,-0.00733425,-0.00397365,0.0927759,24.6804,0,-0.000147248,-0.0317723,0.00629724,0.999859,-0.0167113,-0.00137718,-0.000403394,0.131981,-0.243952,0.0345359,0.0729246,0.0414915,-1.2982,-0.00733425,-0.00397365,0.190842
24.6804,0.99986,-0.0166809,-0.00137569,-0.000398152,-0.0124959,0.000963046,0.000391293,0.0729614,0.0416143,-1.29959,-0.00652326,-0.00303049,0.0928823,24.7004,0.0303898,-0.000307528,0.0303898,-0.0283259,0.999859,-0.0167434,-0.00137082,-0.000396362,0.130464,0.257859,-0.153534,0.0728962,0.041584,-1.29866,-0.0065229,-0.00303481,0.19082
24.7004,0.999857,-0.0168299,-0.00132128,-0.000412561,-0.0112965,0.00695463,-0.00107382,0.0728903,0.0418791,-1.30077,-0.00395511,-0.00164851,0.0930805,24.7204,0.0170117,0.0267052,0.0170117,0.0832221,0.999857,-0.0168864,-0.00128658,-0.000418589,0.348539,0.135486,0.469684,0.0728508,0.0418626,-1.29984,-0.00395492,-0.00165095,0.191075
24.7204,0.999854,-0.0170401,-0.00112233,-0.000406464,-0.0154244,0.0130799,0.00305411,0.0728797,0.0422098,-1.30195,-0.000602128,-0.00156437,0.0937112,24.7404,0.00241678,0.0048303,0.00241678,0.0158925,0.999853,-0.0171172,-0.00105665,-0.000392397,0.175073,0.026158,0.091461,0.0728736,0.0421942,-1.30101,-0.000602105,-0.00156472,0.191767
24.7404,0.999849,-0.0173289,-0.000909501,-0.000394043,-0.0110302,0.00868565,-0.00333748,0.0729572,0.0425382,-1.30279,0.000657805,-0.00283276,0.0952151,24.7604,0.000367678,0.0154217,0.000367678,0.0617132,0.999848,-0.017384,-0.000866347,-0.000411531,0.262153,0.00169548,0.347701,0.0729638,0.0425099,-1.30183,0.000657808,-0.00283281,0.19328
24.7604,0.999849,-0.0173784,-0.000864052,-0.000404884,-0.0126281,0.011482,-0.00240536,0.0729736,0.0425901,-1.30287,0.00051874,-0.00308769,0.0958516,24.7804,0.0110179,-0.0118951,0.0110179,-0.0267964,0.999847,-0.0174415,-0.000806834,-0.000417961,0.0435913,0.098726,-0.146641,0.0729787,0.0425593,-1.30191,0.00051882,-0.00308932,0.193871
24.7804,0.999848,-0.0174306,-0.000823182,-0.000403916,-0.0132939,0.0102836,0.000524094,0.072988,0.0426373,-1.30293,0.000320083,-0.00347636,0.0963936,24.8004,0.00433095,-0.0136588,0.00433095,-0.0167279,0.999847,-0.017497,-0.000771699,-0.000402247,0.0300327,0.0435147,-0.0909147,0.0729912,0.0426026,-1.30197,0.000320113,-0.003477,0.194442
24.8004,0.999847,-0.017454,-0.000777046,-0.000406203,-0.00610339,0.0116151,-0.000274861,0.0730003,0.0426769,-1.30296,0.000132473,-0.0044841,0.0969775,24.8204,0,0.006173,-0.000943594,-0.0236488,0.999847,-0.0174845,-0.000718991,-0.000408614,0.188823,0.00198911,-0.130258,0.0730016,0.042632,-1.30199,0.000132473,-0.0044841,0.195044
24.8204,0.999846,-0.0175481,-0.000519854,-0.000440595,0.00042179,0.0088185,-0.00227266,0.0730864,0.0427243,-1.30389,-0.000120334,-0.0105214,0.0987272,24.8404,0,-0.0272174,-0.0448335,-0.0373886,0.999846,-0.017546,-0.000475969,-0.000452729,-0.0776096,-0.34931,-0.211208,0.0730851,0.0426191,-1.3029,-0.000120334,-0.0105214,0.196794
24.8404,0.999846,-0.0175614,-0.000444132,-0.000434822,0.00188655,0.00402482,0.000257364,0.0731075,0.0426283,-1.3043,-0.00166227,-0.0129242,0.0993114,24.8604,0,-0.0291724,-0.0125999,0.0264665,0.999846,-0.017552,-0.000423993,-0.000433885,-0.092834,-0.101053,0.149456,0.0730909,0.0424991,-1.3033,-0.00166227,-0.0129242,0.197378
24.8604,0.999846,-0.0175508,-0.000437648,-0.00044114,0.00215287,0.00162797,-0.000408424,0.0730928,0.0425212,-1.30444,-0.00293245,-0.0146229,0.0997612,24.8804,0.0453575,-0.00106274,0.0453575,0.0299896,0.999846,-0.01754,-0.00042955,-0.00044332,0.131643,0.362086,0.174843,0.0730635,0.042375,-1.30344,-0.00293228,-0.0146296,0.197635
24.8804,0.999846,-0.017517,-0.000421347,-0.000443965,0.00827814,0.00415797,-0.000541582,0.0730774,0.0424548,-1.30447,-0.00364515,-0.0154272,0.100261,24.9004,0.0291415,0.00414397,0.0291415,-0.0177767,0.999847,-0.0174756,-0.000400626,-0.000447019,0.173037,0.238971,-0.0942005,0.073041,0.0423005,-1.30347,-0.00364505,-0.0154316,0.198203
24.9004,0.999849,-0.0173961,-0.00037099,-0.000426663,0.0093434,0.00202746,0.000656807,0.072973,0.0420847,-1.30434,-0.00481673,-0.0196786,0.10191,24.9204,0.00247135,0.0197353,0.00247135,0.0499492,0.999849,-0.0173494,-0.000360817,-0.000423539,0.296966,0.0158474,0.282259,0.0729248,0.041888,-1.30332,-0.00481672,-0.019679,0.199966
24.9204,0.99985,-0.0173023,-0.00037764,-0.000427771,0.00921025,-0.0022336,0.000124144,0.0729116,0.0418595,-1.30449,-0.00531569,-0.0210906,0.102319,24.9404,0,0.0228231,-0.0225827,-0.00412123,0.999851,-0.0172563,-0.000388816,-0.00042694,0.320968,-0.176966,-0.0229175,0.0728585,0.0416486,-1.30347,-0.00531569,-0.0210906,0.200385
24.9404,0.999854,-0.0170968,-0.00047767,-0.000418423,0.0125399,-0.00516329,0.000523208,0.0727599,0.0413696,-1.30519,-0.00729459,-0.0220596,0.102469,24.9604,0,-0.0511214,-0.00137001,0.0251895,0.999855,-0.0170341,-0.000503464,-0.000415336,-0.272259,-0.0107597,0.143385,0.0726869,0.041149,-1.30417,-0.00729459,-0.0220596,0.200535
24.9604,0.999855,-0.0170371,-0.000499007,-0.000412661,0.0148036,-0.00529644,0.00145531,0.072709,0.0412389,-1.3053,-0.00784364,-0.0222676,0.10262,24.9804,0.00441913,0.0114753,0.00441913,-0.0123809,0.999856,-0.0169631,-0.000525392,-0.000404897,0.228001,0.0410647,-0.066623,0.0726305,0.0410162,-1.30427,-0.00784362,-0.0222682,0.200668
24.9804,0.999856,-0.016987,-0.000525215,-0.000412134,0.0124067,-0.00649483,0.000123717,0.072654,0.0411052,-1.30538,-0.00810639,-0.0222675,0.102658,25.0004,0,0.00876839,-0.0082722,-0.00477682,0.999857,-0.016925,-0.000557699,-0.000410931,0.206029,-0.0612886,-0.0252513,0.072573,0.0408825,-1.30436,-0.00810639,-0.0222675,0.200725
25.0004,0.999859,-0.0167724,-0.000575538,-0.000435861,0.012673,-0.00196748,-0.00120784,0.0724365,0.0405793,-1.30545,-0.00710208,-0.0206466,0.103674,25.0204,0,-0.0273979,-0.0225645,0.0284428,0.99986,-0.016709,-0.000585503,-0.000441698,-0.0849021,-0.179803,0.159665,0.0723654,0.0403728,-1.30442,-0.00710208,-0.0206466,0.201741
25.0204,0.999862,-0.0165687,-0.000699291,-0.000448552,0.00788033,-0.00503099,0.000256584,0.0722465,0.040023,-1.30573,-0.00584338,-0.0169653,0.104125,25.0404,0,-0.0142072,-0.0244196,0.0122917,0.999863,-0.0165293,-0.000724438,-0.000446824,0.0190013,-0.191419,0.0691243,0.0721881,0.0398533,-1.30468,-0.00584338,-0.0169653,0.202191
25.0404,0.999863,-0.0165516,-0.000714957,-0.000447689,0.00415191,-0.00383257,0.000256593,0.0722229,0.0399397,-1.30592,-0.00563266,-0.0157763,0.104055,25.0604,0.0303747,-0.0387559,0.0303747,0.0184803,0.999863,-0.0165308,-0.000734105,-0.000446074,-0.177778,0.24609,0.10895,0.0721665,0.039782,-1.30488,-0.00563248,-0.0157806,0.201993
25.0604,0.999863,-0.0165307,-0.00072753,-0.000453258,0.00508401,-0.00303363,-0.0013413,0.0722003,0.0398636,-1.30609,-0.00536803,-0.0147683,0.103993,25.0804,0,0.0184594,-0.00508099,0.00025247,0.999863,-0.0165053,-0.000742818,-0.000459695,0.279896,-0.0347897,0.00340585,0.0721466,0.0397159,-1.30505,-0.00536803,-0.0147683,0.202059
25.0804,0.999863,-0.0165294,-0.000686291,-0.000432551,-0.00303862,0.00176007,0.00278661,0.0721518,0.0395552,-1.30689,-0.0011285,-0.00893227,0.104266,25.1004,0,-0.0227724,-0.0132363,-0.0361481,0.999863,-0.0165446,-0.000677255,-0.000418775,-0.0502038,-0.0956895,-0.20112,0.0721405,0.0394659,-1.30585,-0.0011285,-0.00893227,0.202333
25.1004,0.999862,-0.0166046,-0.000678846,-0.000408159,-0.00676639,0.00189259,0.00345203,0.0722359,0.0395045,-1.30773,0.000243432,-0.00669122,0.104113,25.1204,0,-0.0123297,-0.0495482,-0.0227531,0.999861,-0.0166384,-0.000669084,-0.000391082,0.0340431,-0.387927,-0.129678,0.0722383,0.0394375,-1.30669,0.000243432,-0.00669122,0.202179
25.1204,0.99986,-0.0167416,-0.000627267,-0.000387247,-0.0119592,0.00602006,0.00278584,0.0723479,0.0395124,-1.30887,0.00116187,-0.00407952,0.103579,25.1404,0,-0.012903,-0.00503336,0.0413972,0.999859,-0.0168014,-0.000596915,-0.000373861,0.030819,-0.0408323,0.233532,0.0723595,0.0394716,-1.30783,0.00116187,-0.00407952,0.201645
25.1404,0.999859,-0.016784,-0.000602548,-0.000383492,-0.0107608,0.00628643,0.00118797,0.0723924,0.039525,-1.30928,0.00164651,-0.00364072,0.103246,25.1604,0.0152197,-0.0466289,0.0152197,-0.0681864,0.999858,-0.0168378,-0.000571,-0.000378113,-0.239556,0.135556,-0.378062,0.0724089,0.0394886,-1.30824,0.00164659,-0.00364289,0.201248
25.1604,0.999857,-0.0168908,-0.000522308,-0.000382875,-0.0143561,0.0104143,-0.00160838,0.0724919,0.0395549,-1.31,0.0029164,-0.00283899,0.102663,25.1804,0,-0.0218401,-0.0113113,-0.00512511,0.999856,-0.0169625,-0.000470353,-0.000391833,-0.0395994,-0.085675,-0.0275591,0.0725211,0.0395265,-1.30898,0.0029164,-0.00283899,0.200729
25.1804,0.999853,-0.0171436,-0.00036565,-0.000402243,-0.0110271,0.00548745,-0.000809419,0.0728068,0.0396018,-1.31131,0.00454785,-0.00392784,0.102914,25.2004,0,0.00758427,-0.025117,-0.0219784,0.999852,-0.0171987,-0.000338264,-0.00040678,0.19775,-0.194944,-0.123236,0.0728523,0.0395625,-1.31028,0.00454785,-0.00392784,0.200981
25.2004,0.99985,-0.0173351,-0.00024156,-0.000390078,-0.0119593,0.0108136,0.00318489,0.0730459,0.0395561,-1.31239,0.00362782,-0.00622005,0.103343,25.2204,0.0396059,-0.0289959,0.0396059,-0.00549655,0.999849,-0.0173949,-0.000187201,-0.000375108,-0.0935553,0.319402,-0.0247102,0.0730821,0.0394939,-1.31135,0.0036279,-0.00622589,0.201241
25.2204,0.999849,-0.017375,-0.000185411,-0.000388487,-0.0100951,0.0141425,0.000788078,0.0731018,0.0395284,-1.31271,0.0035097,-0.00676555,0.103645,25.2404,0,-0.0275201,-0.011551,-0.0546176,0.999848,-0.0174255,-0.000114621,-0.000385785,-0.0814418,-0.0834072,-0.304737,0.0731369,0.0394607,-1.31168,0.0035097,-0.00676555,0.201711
25.2404,0.999848,-0.0174123,-8.0155e-05,-0.000392602,-0.00343712,0.0108136,-0.000144023,0.0732084,0.0394557,-1.31327,0.00328735,-0.00809584,0.104457,25.2604,0.00466033,-0.032162,0.00466033,0.0445324,0.999848,-0.0174294,-2.6101e-05,-0.000394265,-0.118157,0.031613,0.252007,0.0732412,0.0393747,-1.31223,0.00328735,-0.00809653,0.202504
25.2604,0.999848,-0.017432,-3.37308e-05,-0.000381791,-0.00277137,0.00468831,-0.000277172,0.0733098,0.0393514,-1.3137,0.00306511,-0.0100655,0.105045,25.2804,0,-0.00421979,-0.0185789,-0.0492065,0.999848,-0.0174459,-1.03117e-05,-0.000383585,0.105552,-0.141489,-0.275192,0.0733404,0.0392508,-1.31265,0.00306511,-0.0100655,0.203112
25.2804,0.999848,-0.0174441,2.15797e-06,-0.000365418,-0.000108207,0.00388937,0.00278547,0.0734477,0.0390193,-1.31421,-0.000487537,-0.0146049,0.105778,25.3004,0,-0.0131797,-0.0134793,-0.0201895,0.999848,-0.0174446,2.1845e-05,-0.000351832,0.0341177,-0.105056,-0.112316,0.0734428,0.0388733,-1.31315,-0.000487537,-0.0146049,0.203845
25.3004,0.999849,-0.0173547,7.67515e-06,-0.000359477,0.00974549,-0.00023852,-0.00187506,0.0734464,0.0385458,-1.31429,-0.00410724,-0.0180928,0.106985,25.3204,0,-0.0323938,-0.00753173,-0.0280544,0.99985,-0.017306,6.30251e-06,-0.000368831,-0.120382,-0.0565042,-0.155803,0.0734053,0.0383649,-1.31322,-0.00410724,-0.0180928,0.205051
25.3204,0.99985,-0.0173064,2.50452e-06,-0.000368366,0.0120092,-0.00117065,-0.00214137,0.0734284,0.0384065,-1.31424,-0.0048166,-0.0191941,0.10748,25.3404,0.000946421,-0.00572446,0.000946421,0.0119608,0.999851,-0.0172464,-3.55529e-06,-0.00037897,0.0926471,0.00587734,0.0691247,0.0733802,0.0382146,-1.31317,-0.0048166,-0.0191942,0.205543
25.3404,0.999851,-0.017247,-1.37489e-05,-0.000371723,0.0148055,-0.00396698,-0.00080985,0.073405,0.0382582,-1.31417,-0.00531388,-0.0201046,0.108148,25.3604,0.00389326,0.000383742,0.00389326,-0.0512131,0.999852,-0.0171729,-3.36782e-05,-0.000375428,0.140846,0.0383186,-0.284296,0.0733518,0.0380571,-1.31308,-0.00531388,-0.0201052,0.206198
25.3604,0.999855,-0.017029,-0.000145305,-0.000358841,0.015205,-0.00862746,0.00185337,0.0732663,0.0375846,-1.3136,-0.00753312,-0.0232174,0.110447,25.3804,0.0185359,0.0266001,0.0185359,0.0236396,0.999856,-0.016953,-0.000188305,-0.00034883,0.348867,0.146283,0.136116,0.073191,0.0373524,-1.3125,-0.00753309,-0.0232201,0.208434
25.3804,0.99986,-0.016734,-0.000308164,-0.000353297,0.0137401,-0.00915978,0.0006545,0.072956,0.0366576,-1.31336,-0.00986979,-0.0230448,0.112298,25.4004,0.00395525,-0.00552956,0.00395525,-0.00594132,0.999861,-0.0166653,-0.000353926,-0.000349238,0.0896101,0.0348825,-0.0309082,0.0728573,0.0364271,-1.31224,-0.00986977,-0.0230454,0.210347
25.4004,0.999861,-0.016672,-0.000347247,-0.000364281,0.0154711,-0.00969242,-0.00280757,0.0728819,0.0364717,-1.31336,-0.00993247,-0.0227603,0.112548,25.4204,0,0.0103381,-0.0105966,0.0242462,0.999862,-0.0165947,-0.000395965,-0.000377482,0.216113,-0.0851877,0.13679,0.0727826,0.036244,-1.31224,-0.00993247,-0.0227603,0.210615
25.4204,0.999862,-0.0166128,-0.000387055,-0.00035553,0.0148053,-0.00995878,0.00211922,0.0728075,0.0362875,-1.31334,-0.00997497,-0.0224874,0.112769,25.4404,0.0298501,-0.0467198,0.0298501,0.0258024,0.999863,-0.0165388,-0.000436693,-0.00034408,-0.241059,0.238296,0.149339,0.0727077,0.0360626,-1.31221,-0.00997488,-0.0224916,0.210709
25.4404,0.999866,-0.0163358,-0.000659361,-0.000338608,0.0125417,-0.0100919,0.000787702,0.0724186,0.0353944,-1.31286,-0.0105401,-0.0206447,0.113051,25.4604,0,-0.0201191,-0.0163722,-0.00941864,0.999867,-0.0162731,-0.000709771,-0.000333804,-0.0303002,-0.124511,-0.0522653,0.0723132,0.035188,-1.31173,-0.0105401,-0.0206447,0.211118
25.4604,0.999868,-0.0162411,-0.000780576,-0.000311927,0.00335378,-0.00716241,0.000255033,0.0721259,0.034766,-1.31206,-0.00779942,-0.0165418,0.114177,25.4804,0,-0.00850017,-0.013208,-0.0180063,0.999868,-0.0162244,-0.000816368,-0.000310057,0.06182,-0.0970892,-0.10024,0.0720479,0.0346006,-1.31091,-0.00779942,-0.0165418,0.212244
25.4804,0.999868,-0.0162169,-0.000853053,-0.000302664,0.000690601,-0.00676294,0.000388195,0.0719735,0.0343808,-1.31156,-0.00536723,-0.0135203,0.11451,25.5004,0.0323737,0.000206889,0.0323737,0.0174645,0.999868,-0.0162135,-0.000886833,-0.000300172,0.131343,0.26351,0.102421,0.0719199,0.0342456,-1.31042,-0.005367,-0.0135248,0.212439
25.5004,0.999868,-0.016212,-0.000889022,-0.000293477,0.00122347,-0.00902674,0.00225203,0.0719368,0.0342705,-1.31158,-0.00470002,-0.0125244,0.11436,25.5204,0.00198672,-0.00538775,0.00198672,0.0348733,0.999868,-0.0162059,-0.000933969,-0.000281481,0.0867621,0.0184638,0.197115,0.0718898,0.0341452,-1.31044,-0.0047,-0.0125247,0.212419
25.5204,0.999867,-0.0163058,-0.000935473,-0.000300175,-0.00902968,0.00122645,0.000520584,0.0718347,0.0339005,-1.31225,-0.00179631,-0.00884111,0.113238,25.5404,0,0.0695149,-0.0177998,-0.0024008,0.999866,-0.0163509,-0.000929286,-0.000297715,0.68618,-0.134435,-0.0137555,0.0718167,0.0338121,-1.31111,-0.00179631,-0.00884111,0.211305
25.5404,0.999864,-0.0164508,-0.000878993,-0.00029595,-0.0150218,0.00788435,0.000121084,0.0718344,0.0336925,-1.31266,0.00141066,-0.00617411,0.112635,25.5604,0,-0.0150798,-0.0540929,-0.0555172,0.999863,-0.0165259,-0.000839544,-0.000296059,0.0103109,-0.418404,-0.314111,0.0718485,0.0336308,-1.31154,0.00141066,-0.00617411,0.210701
25.5604,0.999861,-0.0166452,-0.000738837,-0.000300468,-0.0136902,0.00841698,-0.00200944,0.0719511,0.0334847,-1.31285,0.00543477,-0.00464465,0.112562,25.5804,0,0.026955,-0.0299926,-0.0201775,0.99986,-0.0167136,-0.000696904,-0.000311265,0.348589,-0.231251,-0.114205,0.0720055,0.0334383,-1.31172,0.00543477,-0.00464465,0.210629
25.5804,0.99986,-0.0166941,-0.00071211,-0.000305165,-0.0122255,0.00668598,-0.000944136,0.071997,0.0334352,-1.31283,0.00613,-0.00463785,0.11243,25.6004,0.00234894,-0.0119294,0.00234894,-0.0841041,0.999859,-0.0167552,-0.000678745,-0.000310487,0.0371626,0.0356684,-0.468947,0.0720583,0.0333888,-1.31171,0.00613002,-0.00463819,0.210486
25.6004,0.999859,-0.0167807,-0.000637976,-0.000288237,-0.0116928,0.0114796,0.00318373,0.0721018,0.0333333,-1.31272,0.00688243,-0.00480115,0.112274,25.6204,0,-0.0237611,-0.0181419,-0.0316524,0.999858,-0.0168391,-0.000580302,-0.000273321,-0.0560634,-0.135821,-0.177236,0.0721706,0.0332853,-1.3116,0.00688243,-0.00480115,0.210341
25.6204,0.999855,-0.0170481,-0.000362523,-0.000306651,-0.0136909,0.0166729,-0.00161048,0.0723777,0.0330244,-1.31265,0.00788718,-0.00565122,0.112026,25.6404,0,0.00845882,-0.0405375,-0.0268008,0.999853,-0.0171165,-0.000279287,-0.000316148,0.203901,-0.31768,-0.152235,0.0724566,0.0329679,-1.31153,0.00788718,-0.00565122,0.210093
25.6404,0.999853,-0.0171595,-0.000160711,-0.000315155,-0.00743248,0.0153414,-0.00067836,0.0725628,0.0327835,-1.31285,0.00818538,-0.0072188,0.111866,25.6604,0.00839618,-0.0171274,0.00839618,-0.0124462,0.999852,-0.0171966,-8.40623e-05,-0.000319869,0.000204541,0.0701103,-0.0671017,0.0726446,0.0327113,-1.31173,0.00818539,-0.00722002,0.209897
25.6604,0.999852,-0.0172288,-6.04664e-05,-0.000332425,-0.00823145,0.0118792,-0.00214308,0.072678,0.0325977,-1.31284,0.00733787,-0.0087899,0.112251,25.6804,0.000955461,0.00844807,0.000955461,-0.0254528,0.999851,-0.01727,-1.24995e-06,-0.000344164,0.205341,0.0116567,-0.140564,0.0727514,0.0325098,-1.31172,0.00733787,-0.00879004,0.210313
25.6804,0.999851,-0.0172523,-2.9433e-05,-0.000335649,-0.00583458,0.00775137,-0.000545188,0.072729,0.032493,-1.3128,0.00677281,-0.00997028,0.112603,25.7004,0,-0.00684954,-0.0141697,-0.0692859,0.999851,-0.0172815,9.2808e-06,-0.000339044,0.0829033,-0.103561,-0.387436,0.0727967,0.0323933,-1.31167,0.00677281,-0.00997028,0.210669
25.7004,0.999851,-0.0172541,0.000108225,-0.000334268,0.000556996,0.0085503,-0.000278858,0.0728645,0.0319571,-1.31266,0.0034324,-0.0147603,0.112918,25.7204,0,-0.0169361,-0.0141896,-0.0308589,0.999851,-0.0172513,0.000150946,-0.0003364,0.00253007,-0.110151,-0.172295,0.0728989,0.0318095,-1.31154,0.0034324,-0.0147603,0.210985
25.7204,0.999852,-0.0172306,0.000184205,-0.000329677,0.00348545,0.00442278,0.0015848,0.07287,0.031415,-1.31293,0.000641493,-0.0179285,0.113134,25.7404,0,0.0216161,-0.030515,-0.0524073,0.999852,-0.0172132,0.000206446,-0.000322138,0.31062,-0.238273,-0.294517,0.0728764,0.0312357,-1.3118,0.000641493,-0.0179285,0.211201
25.7404,0.999854,-0.0171009,0.000164596,-0.000320271,0.00987704,-0.00449881,0.000652713,0.0727847,0.0305789,-1.31292,-0.00269516,-0.0223124,0.113296,25.7604,0,-8.06224e-05,-0.0182428,-0.027744,0.999855,-0.0170515,0.000142145,-0.000316631,0.13617,-0.143441,-0.155298,0.0727578,0.0303558,-1.31178,-0.00269516,-0.0223124,0.211362
25.7604,0.999855,-0.0170442,0.000135932,-0.00032841,0.0142713,-0.00716194,-0.00201046,0.0727459,0.030348,-1.31285,-0.00363844,-0.0235039,0.113578,25.7804,0,-0.0282958,-0.00261772,-0.0295785,0.999856,-0.0169729,9.99323e-05,-0.000337861,-0.0900551,-0.0180664,-0.164049,0.0727095,0.030113,-1.31171,-0.00363844,-0.0235039,0.211644
25.7804,0.999858,-0.0168434,5.75753e-05,-0.000341168,0.0160023,-0.00556407,-0.000678865,0.072585,0.0296074,-1.31249,-0.00636848,-0.0263102,0.11443,25.8004,0.0131721,0.00429018,0.0131721,-0.0337589,0.999859,-0.0167634,2.96744e-05,-0.000344098,0.168954,0.109462,-0.18587,0.0725214,0.0293443,-1.31135,-0.00636849,-0.0263121,0.21244
25.8004,0.999865,-0.0164589,-0.000149632,-0.000343103,0.0214618,-0.0127547,-1.30564e-05,0.0721878,0.0282527,-1.31173,-0.00941743,-0.02858,0.115806,25.8204,0,-0.0218402,-0.00649708,0.0187205,0.999866,-0.0163516,-0.000213434,-0.000342102,-0.0430433,-0.0532979,0.106161,0.0720936,0.0279669,-1.31057,-0.00941743,-0.02858,0.213873
25.8204,0.999869,-0.0161519,-0.000356639,-0.000323297,0.0199964,-0.00995816,0.000785717,0.071804,0.0271011,-1.31167,-0.0103736,-0.028504,0.115507,25.8404,0.00960319,0.0359336,0.00960319,-0.0532045,0.999871,-0.016052,-0.000406392,-0.000318529,0.416197,0.0866303,-0.295303,0.0717002,0.0268161,-1.31052,-0.0103736,-0.0285054,0.213533
25.8404,0.999871,-0.0160725,-0.000401665,-0.000322014,0.0199964,-0.0112897,0.000252993,0.0717049,0.0268182,-1.3116,-0.0105002,-0.0281381,0.11533,25.8604,0,-0.0657447,-0.038283,-0.087153,0.999872,-0.0159725,-0.000458118,-0.000319802,-0.398355,-0.291996,-0.4895,0.0715999,0.0265368,-1.31045,-0.0105002,-0.0281381,0.213397
25.8604,0.999872,-0.0159957,-0.000452003,-0.000319565,0.0193306,-0.0126213,0.000519313,0.0716055,0.0265394,-1.3115,-0.010437,-0.0275847,0.115247,25.8804,0,-0.0384701,-0.0241471,-0.0181856,0.999873,-0.0158991,-0.000515091,-0.000315916,-0.179913,-0.187312,-0.102104,0.0715011,0.0262635,-1.31035,-0.010437,-0.0275847,0.213313
25.8804,0.999875,-0.0158013,-0.000617977,-0.000325017,0.0154684,-0.0146184,0.000252648,0.071298,0.0256968,-1.3119,-0.00983217,-0.025924,0.11478,25.9004,0,0.000690745,-0.0131793,0.00835584,0.999876,-0.015724,-0.000691065,-0.000322551,0.131996,-0.101532,0.0474381,0.0711997,0.0254375,-1.31075,-0.00983217,-0.025924,0.212846
25.9004,0.999877,-0.0156394,-0.00074788,-0.000310307,0.0122726,-0.0080936,-1.36904e-05,0.071009,0.0249139,-1.31205,-0.00870748,-0.0231843,0.114256,25.9204,0.0171144,-0.0628781,0.0171144,0.00294536,0.999878,-0.0155781,-0.000788363,-0.000309697,-0.378139,0.142344,0.0199882,0.070922,0.0246821,-1.31091,-0.00870737,-0.0231866,0.212249
25.9204,0.999878,-0.0155759,-0.00086307,-0.000293644,0.00161998,-0.0122215,-0.000546384,0.0706924,0.023998,-1.3119,-0.00564949,-0.0185211,0.113586,25.9404,0,-0.0104518,-0.00844737,0.00341268,0.999878,-0.0155678,-0.000924215,-0.000295417,0.0410344,-0.0611166,0.0200667,0.0706359,0.0238127,-1.31077,-0.00564949,-0.0185211,0.211653
25.9404,0.999878,-0.0155758,-0.000904936,-0.000298842,0.000155238,-0.0104904,-0.00134527,0.0706304,0.0237946,-1.31181,-0.00484385,-0.0173638,0.113432,25.9604,0,-0.0114726,-0.0166012,-0.0391116,0.999878,-0.015575,-0.000957487,-0.000304749,0.0324722,-0.120715,-0.218716,0.0705819,0.023621,-1.31068,-0.00484385,-0.0173638,0.211499
25.9604,0.999878,-0.0155634,-0.000960805,-0.000297903,0.000155199,-0.0055636,0.00224997,0.0705233,0.0234143,-1.31156,-0.00365838,-0.0154428,0.113573,25.9804,0,-0.0278229,-0.00081971,-0.0608983,0.999878,-0.0155626,-0.000988445,-0.00028622,-0.0987949,0.00862826,-0.339246,0.0704867,0.0232599,-1.31042,-0.00365838,-0.0154428,0.21164
25.9804,0.999879,-0.0155616,-0.000956215,-0.000279219,-0.00064372,0.00242588,0.00185051,0.0704399,0.023066,-1.31121,-0.00172455,-0.0137395,0.11375,26.0004,0,0.0170707,-0.00933739,-0.0228817,0.999878,-0.0155648,-0.000943942,-0.000270159,0.260831,-0.064157,-0.127464,0.0704226,0.0229286,-1.31007,-0.00172455,-0.0137395,0.211817
26.0004,0.999877,-0.015682,-0.000872265,-0.000271384,-0.0119631,0.00722012,0.00238267,0.0703632,0.0224155,-1.31086,0.0031347,-0.0101478,0.113944,26.0204,0,0.00274029,-0.0323914,0.0370218,0.999876,-0.0157419,-0.000835966,-0.00026009,0.147552,-0.256768,0.205957,0.0703946,0.022314,-1.30973,0.0031347,-0.0101478,0.21201
26.0204,0.999873,-0.0159261,-0.000760044,-0.000249517,-0.0148926,0.00708689,-0.0009463,0.0704023,0.0218664,-1.31101,0.0063804,-0.005603,0.112836,26.0404,0.0168611,0.0107639,0.0168611,0.0138242,0.999872,-0.0160005,-0.00072467,-0.000254869,0.213521,0.13921,0.0802604,0.0704661,0.0218103,-1.30989,0.0063805,-0.00560529,0.210831
26.0404,0.999872,-0.0159863,-0.000722895,-0.000253505,-0.014893,0.00921782,-0.000680355,0.0704221,0.0217475,-1.31119,0.00659794,-0.00475517,0.112558,26.0604,0,0.00617312,-0.0458524,-0.0319808,0.999871,-0.0160608,-0.000676847,-0.000257697,0.176975,-0.356896,-0.181782,0.0704881,0.0216999,-1.31006,0.00659794,-0.00475517,0.210624
26.0604,0.999871,-0.0160354,-0.000693133,-0.000252558,-0.0120967,0.00735356,0.000518058,0.0704443,0.021634,-1.31133,0.00687782,-0.00450262,0.112335,26.0804,0.00474418,-0.0114579,0.00474418,-0.0105369,0.99987,-0.0160958,-0.000656313,-0.0002506,0.0365463,0.0448214,-0.0571144,0.0705131,0.021589,-1.31021,0.00687784,-0.00450327,0.210381
26.0804,0.999868,-0.0162543,-0.000451985,-0.000238892,-0.0147598,0.0181394,0.00118388,0.070561,0.0211806,-1.31165,0.00818755,-0.00584299,0.111705,26.1004,0,0.0137356,-0.0206545,0.00441062,0.999867,-0.0163281,-0.000361187,-0.000234481,0.23992,-0.162146,0.0241187,0.0706429,0.0211222,-1.31054,0.00818755,-0.00584299,0.209772
26.1004,0.999863,-0.0165779,-0.000172681,-0.000258197,-0.0151593,0.0101499,0.000651209,0.0707889,0.0205483,-1.31149,0.0096043,-0.00788597,0.111313,26.1204,0.014745,0.0154188,0.014745,-0.0114045,0.999861,-0.0166537,-0.000121865,-0.000255796,0.255872,0.120869,-0.0610568,0.070885,0.0204694,-1.31038,0.00960432,-0.00788805,0.209317
26.1204,0.999861,-0.0166902,-5.90037e-05,-0.000227802,-0.00477369,0.0112157,0.00291446,0.0708979,0.0201009,-1.31167,0.0077238,-0.0105931,0.111556,26.1404,0,-0.0304376,-0.0609335,-0.0330383,0.99986,-0.016714,-2.68447e-06,-0.000214169,-0.110233,-0.482573,-0.189402,0.0709752,0.0199949,-1.31056,0.0077238,-0.0105931,0.209623
26.1404,0.99986,-0.0167041,-1.41843e-05,-0.000221789,-0.00330895,0.0110825,0.00184917,0.0709199,0.0199327,-1.31177,0.00696028,-0.0119272,0.111631,26.1604,0,-0.0174652,-0.0112228,0.00480934,0.99986,-0.0167206,4.13787e-05,-0.000213471,-0.00607939,-0.0903304,0.0271218,0.0709895,0.0198135,-1.31066,0.00696028,-0.0119272,0.209697
26.1604,0.99986,-0.0167089,0.000146658,-0.000212206,-0.000512617,0.00908515,0.000650792,0.0709671,0.0191531,-1.3119,0.00528452,-0.0180341,0.11192,26.1804,0.0123845,-0.0254556,0.0123845,-0.0281784,0.99986,-0.0167115,0.000192132,-0.000209711,-0.0700392,0.101613,-0.155451,0.07102,0.0189728,-1.31078,0.00528451,-0.0180358,0.209934
26.1804,0.999861,-0.0166672,0.000237336,-0.000217745,0.00614527,0.00522357,-0.00081397,0.0709892,0.0182175,-1.31161,0.00373188,-0.0220816,0.112526,26.2004,0,-0.0641325,-0.0221324,-0.0213766,0.999862,-0.0166365,0.000263376,-0.000222257,-0.37991,-0.17619,-0.120627,0.0710265,0.0179967,-1.31049,0.00373188,-0.0220816,0.210592
26.2004,0.999862,-0.0166144,0.000245116,-0.000223779,0.0133358,0.00189462,-0.00134664,0.0709827,0.017968,-1.31148,0.00272114,-0.0230728,0.112779,26.2204,0.0119862,0.0184897,0.0119862,-0.0661473,0.999863,-0.0165477,0.000254461,-0.000230685,0.280597,0.102745,-0.367983,0.0710099,0.0177373,-1.31035,0.00272112,-0.0230745,0.210795
26.2204,0.999864,-0.0165151,0.000239877,-0.000235988,0.0132027,-0.000901696,-0.00121345,0.0709469,0.0174446,-1.31114,0.000634651,-0.0255159,0.113242,26.2404,0,-0.0304772,-0.02514,0.0372937,0.999865,-0.0164491,0.000235253,-0.000241996,-0.111883,-0.207993,0.20777,0.0709533,0.0171894,-1.31001,0.000634651,-0.0255159,0.211308
26.2404,0.999866,-0.0163753,0.000224567,-0.000242656,0.0193279,-0.000901739,0.000251346,0.0708798,0.0168873,-1.31072,-0.00111945,-0.0275392,0.113466,26.2604,0,0.0287638,-0.021465,-0.0122178,0.999867,-0.0162786,0.000220056,-0.000241347,0.361051,-0.171836,-0.0689851,0.0708686,0.0166119,-1.30958,-0.00111945,-0.0275392,0.211532
26.2604,0.999872,-0.0160153,0.000164944,-0.000221727,0.0179963,-0.00476328,0.000384417,0.0706183,0.0153835,-1.30962,-0.00349758,-0.0308372,0.114489,26.2804,0,-0.025546,-0.00527944,-0.0383168,0.999873,-0.0159254,0.000141141,-0.000219439,-0.0762973,-0.0386843,-0.213803,0.0705833,0.0150752,-1.30847,-0.00349758,-0.0308372,0.212555
26.2804,0.999877,-0.0157034,9.51069e-06,-0.000212623,0.0195936,-0.0122193,0.000916586,0.070304,0.0141181,-1.30941,-0.00562443,-0.030459,0.114034,26.3004,0.01037,-0.00727733,0.01037,-0.00807309,0.999878,-0.0156054,-5.15271e-05,-0.000207082,0.0673842,0.0838754,-0.0431016,0.0702477,0.0138135,-1.30827,-0.00562443,-0.0304604,0.212057
26.3004,0.999878,-0.0156212,-3.95251e-05,-0.00021241,0.0206589,-0.0123525,-1.54783e-05,0.0702149,0.0138078,-1.3093,-0.00625427,-0.0300134,0.114062,26.3204,0,0.00374842,-0.0427256,-0.0949195,0.99988,-0.0155179,-0.000101303,-0.000211519,0.154316,-0.32958,-0.53404,0.0701523,0.0135076,-1.30816,-0.00625427,-0.0300134,0.212128
26.3204,0.999881,-0.0154478,-0.000118244,-0.000198922,0.0217241,-0.00795824,0.000916595,0.070028,0.0132037,-1.30901,-0.00700302,-0.0289493,0.113878,26.3404,0,-0.0122957,-0.00447202,0.01862,0.999882,-0.0153392,-0.000157981,-0.000193713,0.0252213,-0.0371469,0.104994,0.0699579,0.0129142,-1.30788,-0.00700302,-0.0289493,0.211945
26.3404,0.999884,-0.0152096,-0.000224335,-0.000191824,0.0181289,-0.00755875,0.000117601,0.0697439,0.0123333,-1.30842,-0.0066471,-0.0271687,0.113671,26.3604,0.0122163,-0.015351,0.0122163,-0.0694553,0.999886,-0.015119,-0.000262133,-0.00019064,-0.00157728,0.107937,-0.386773,0.0696774,0.0120616,-1.30729,-0.00664707,-0.0271703,0.211686
26.3604,0.999887,-0.0150613,-0.000415835,-0.000215617,0.00574515,-0.00889038,-0.0025455,0.0693291,0.0110685,-1.30705,-0.00501927,-0.0202572,0.112768,26.3804,0.0186943,-0.038297,0.0186943,-0.0419853,0.999887,-0.0150326,-0.000460479,-0.000227661,-0.186239,0.157851,-0.23222,0.0692789,0.0108659,-1.30592,-0.00501921,-0.0202596,0.210755
26.3804,0.999887,-0.0150424,-0.000458878,-0.000201521,0.00481302,-0.0108878,0.00344659,0.0692548,0.0108545,-1.30672,-0.00488714,-0.018751,0.112698,26.4004,0,-0.0350433,-0.00578054,-0.0353218,0.999887,-0.0150183,-0.000513056,-0.00018346,-0.160247,-0.0383786,-0.197049,0.0692059,0.010667,-1.30559,-0.00488714,-0.018751,0.210764
26.4004,0.999887,-0.0150189,-0.00052639,-0.000188666,0.00308178,-0.00782437,-1.59154e-05,0.0690827,0.010452,-1.30676,-0.00464055,-0.0162607,0.112251,26.4204,0.0087719,-0.0105824,0.0087719,-0.0276741,0.999887,-0.0150035,-0.000565511,-0.00018815,0.0353143,0.0776855,-0.153132,0.0690363,0.0102893,-1.30563,-0.00464051,-0.0162618,0.21028
26.4204,0.999887,-0.0150578,-0.000592289,-0.00016868,-0.00970184,-0.00116557,0.00131521,0.0687469,0.0097424,-1.30716,-0.00260727,-0.0119991,0.110032,26.4404,0,-0.00614969,-0.0480462,-0.0626433,0.999886,-0.0151063,-0.000598009,-0.000162045,0.0706605,-0.372065,-0.353852,0.0687208,0.0096224,-1.30606,-0.00260727,-0.0119991,0.208099
26.4404,0.999885,-0.0151807,-0.000581981,-0.000165558,-0.0122318,0.00282917,0.0021142,0.0685411,0.00930262,-1.30765,0.000164165,-0.00832807,0.109184,26.4604,0,0.00241075,-0.0274551,-0.0023704,0.999884,-0.0152419,-0.000567666,-0.000155239,0.140708,-0.214671,-0.0146878,0.0685428,0.00921934,-1.30656,0.000164165,-0.00832807,0.20725
26.4604,0.999881,-0.0154296,-0.000590332,-0.000146899,-0.0148954,-0.00143118,0.00144794,0.0683291,0.00884384,-1.3085,0.001705,-0.00448105,0.107524,26.4804,0,-0.0175856,-0.0348243,-0.0573835,0.99988,-0.015504,-0.000597365,-0.000139593,-0.0177591,-0.266787,-0.32344,0.0683462,0.00879903,-1.30742,0.001705,-0.00448105,0.20559
26.4804,0.99988,-0.0154864,-0.000586306,-0.000150414,-0.0140964,0.000832543,-0.000682603,0.0682759,0.00874444,-1.30878,0.0017809,-0.00379632,0.107259,26.5004,0.0330375,-0.0214848,0.0330375,-0.0538496,0.999879,-0.0155568,-0.000582186,-0.000153932,-0.0485357,0.275594,-0.297745,0.0682937,0.00870648,-1.3077,0.00178107,-0.00380067,0.205185
26.5004,0.999877,-0.0156519,-0.000546156,-0.00013363,-0.0148954,0.00575939,0.003179,0.0681289,0.00846861,-1.30944,0.00218818,-0.00325087,0.106703,26.5204,0.0245596,-0.0292139,0.0245596,-0.041545,0.999876,-0.0157264,-0.000517104,-0.000118229,-0.108874,0.205986,-0.229634,0.0681508,0.0084361,-1.30837,0.00218829,-0.00325414,0.204665
26.5204,0.999872,-0.0159814,-0.000425605,-0.000117336,-0.0152948,0.00416152,0.000782198,0.0679611,0.00802907,-1.31001,0.00451341,-0.00373961,0.106343,26.5404,0.015794,-0.0578745,0.015794,-0.0316402,0.999871,-0.0160579,-0.000404728,-0.000113791,-0.335502,0.133724,-0.174955,0.0680063,0.00799167,-1.30894,0.00451346,-0.00374175,0.204343
26.5404,0.999869,-0.0161851,-0.000382563,-0.00010568,-0.0159606,0.00429467,0.000382649,0.0679027,0.00776181,-1.31004,0.00473738,-0.00435205,0.106877,26.5604,0.00514664,-0.048105,0.00514664,-0.0350289,0.999868,-0.0162649,-0.000361053,-0.000104145,-0.255652,0.0487177,-0.194976,0.0679501,0.00771829,-1.30897,0.0047374,-0.00435275,0.204921
26.5604,0.999867,-0.0162782,-0.000344928,-0.000111283,-0.0111669,0.00509361,-0.000149962,0.0678685,0.00757583,-1.30993,0.00438854,-0.00524284,0.107464,26.5804,0.0263547,-0.0262856,0.0263547,-0.0346548,0.999867,-0.016334,-0.000319469,-0.000112467,-0.0803189,0.218055,-0.190965,0.0679123,0.0075234,-1.30886,0.00438861,-0.00524649,0.205419
26.5804,0.999867,-0.0163212,-0.000291935,-0.000118121,-0.005308,0.00722412,-0.000283104,0.0678352,0.00737405,-1.30972,0.00432545,-0.00673763,0.108302,26.6004,0.0216205,-0.012019,0.0216205,-0.0888155,0.999866,-0.0163478,-0.000255839,-0.000120134,0.0336469,0.186852,-0.494646,0.0678785,0.00730667,-1.30864,0.00432551,-0.00674063,0.206277
26.6004,0.999865,-0.016422,-0.000187241,-0.000147092,-0.00397753,0.00349734,-0.00108255,0.0676149,0.00665659,-1.31,0.00316979,-0.0117436,0.109264,26.6204,0.0380954,-0.0301766,0.0380954,0.0154466,0.999865,-0.0164419,-0.000169843,-0.000152795,-0.110197,0.304153,0.090847,0.0676466,0.00653916,-1.3089,0.00316985,-0.0117489,0.207169
26.6204,0.999865,-0.0164109,-0.000161363,-0.000137358,0.00374563,0.00243206,0.000648515,0.0673875,0.00597251,-1.30998,0.00100519,-0.014219,0.109418,26.6404,0,-0.0244135,-0.0114867,0.00669919,0.999866,-0.0163922,-0.000149154,-0.000134312,-0.0640238,-0.0914972,0.0372457,0.0673975,0.00583032,-1.30889,0.00100519,-0.014219,0.207485
26.6404,0.999866,-0.0163863,-0.000165272,-0.000139502,0.00627564,-0.00116319,-0.000416772,0.0673218,0.00579104,-1.30991,0.000237774,-0.0149854,0.10965,26.6604,0,-0.00943007,-0.00965501,-0.0255088,0.999866,-0.0163549,-0.000171126,-0.000141485,0.0555822,-0.0725746,-0.142927,0.0673242,0.00564119,-1.30882,0.000237774,-0.0149854,0.207716
26.6604,0.999868,-0.0162612,-0.000182891,-0.000140936,0.00880563,-0.00196217,0.000648501,0.0670969,0.00520795,-1.30957,-0.00176337,-0.0179014,0.110557,26.6804,0,-0.00605315,-0.0138394,-0.019039,0.999869,-0.0162172,-0.000192654,-0.000137526,0.08162,-0.106768,-0.10707,0.0670792,0.00502894,-1.30846,-0.00176337,-0.0179014,0.208623
26.6804,0.999871,-0.0160887,-0.000229993,-0.000110773,0.0134662,-0.00382636,0.00211326,0.0666811,0.00414987,-1.30851,-0.00302108,-0.0191536,0.111739,26.7004,0,-0.00334492,-0.00236432,-0.05021,0.999872,-0.0160214,-0.00024896,-9.98846e-05,0.1017,-0.0106149,-0.280729,0.0666509,0.00395833,-1.30739,-0.00302108,-0.0191536,0.209806
26.7004,0.999872,-0.0159978,-0.00027415,-0.000102458,0.0101372,-0.00648951,0.00104798,0.0665081,0.00373351,-1.30793,-0.00378599,-0.0190569,0.112332,26.7204,0,-0.0392742,-0.0220588,-0.0682141,0.999873,-0.0159471,-0.000306515,-9.66859e-05,-0.186731,-0.165564,-0.383294,0.0664702,0.00354294,-1.30681,-0.00378599,-0.0190569,0.210398
26.7204,0.999874,-0.0158924,-0.000331413,-9.83023e-05,0.0129335,-0.00848551,0.000914368,0.0662713,0.0033207,-1.30798,-0.00470948,-0.0191197,0.11213,26.7404,0.0348404,-0.0270441,0.0348404,-0.0387289,0.999875,-0.0158277,-0.000373769,-9.30353e-05,-0.0895352,0.286238,-0.213154,0.0662242,0.0031295,-1.30686,-0.00470939,-0.0191244,0.210048
26.7404,0.999874,-0.015849,-0.000358161,-0.000103772,0.0109362,-0.00688761,-0.00134925,0.0661498,0.00311558,-1.30797,-0.00514986,-0.0190712,0.112227,26.7604,0.000260774,-0.0236852,0.000260774,-0.0339808,0.999875,-0.0157943,-0.000392707,-0.000109952,-0.0628723,0.00923759,-0.189617,0.0660983,0.00292486,-1.30685,-0.00514986,-0.0190712,0.210292
26.7604,0.999877,-0.0156786,-0.000452868,-0.000109165,0.0120014,-0.00355868,-0.0005503,0.0656529,0.00232199,-1.30766,-0.0058721,-0.0177715,0.112039,26.7804,0.0225142,-0.0111869,0.0225142,0.00880113,0.999878,-0.0156186,-0.000470709,-0.00011161,0.0359118,0.182599,0.0518965,0.0655942,0.00214427,-1.30654,-0.00587202,-0.0177745,0.21001
26.7804,0.999879,-0.0155342,-0.000575737,-0.000142573,0.0050772,-0.00702078,0.00078126,0.0650667,0.00144476,-1.30678,-0.00543756,-0.0138564,0.112152,26.8004,0,-0.00193122,-0.0137056,-0.0384562,0.99988,-0.0155088,-0.000610779,-0.000138107,0.10856,-0.100253,-0.215717,0.0650123,0.0013062,-1.30566,-0.00543756,-0.0138564,0.210219
26.8004,0.999879,-0.0155292,-0.000630887,-0.000144851,-0.000648547,-0.00622086,-1.80673e-05,0.064805,0.0011577,-1.30695,-0.0056621,-0.0112859,0.111136,26.8204,0.0108405,0.00586657,0.0108405,-0.0968081,0.999879,-0.0155324,-0.000661988,-0.000144461,0.170066,0.10377,-0.540331,0.0647483,0.00104484,-1.30584,-0.00566204,-0.0112873,0.209156
26.8204,0.999879,-0.0155208,-0.000648052,-0.000150468,0.00214776,-0.00448981,-0.00134965,0.0646772,0.00102824,-1.30701,-0.00536216,-0.0104639,0.11043,26.8404,0.0237669,-0.0354244,0.0237669,-0.0734459,0.999879,-0.01551,-0.000670605,-0.00015686,-0.160053,0.204355,-0.408213,0.0646236,0.000923601,-1.3059,-0.00536203,-0.0104671,0.208395
26.8404,0.999879,-0.0155334,-0.000691113,-0.000132248,-0.00158065,-0.0035577,0.000647713,0.0643141,0.000684066,-1.30703,-0.00469934,-0.007975,0.109583,26.8604,0,-0.0161985,-0.00856404,-0.0218895,0.999879,-0.0155413,-0.000708848,-0.000128739,-0.00546772,-0.0602744,-0.122508,0.0642671,0.000604316,-1.30593,-0.00469934,-0.007975,0.207649
26.8604,0.999878,-0.0156381,-0.000715182,-0.000116285,-0.00744013,-0.00169234,0.000913598,0.0637117,0.000202619,-1.30777,-0.00222324,-0.00437977,0.108269,26.8804,0.0438202,-0.0471057,0.0438202,-0.0685324,0.999877,-0.0156753,-0.000723567,-0.000111612,-0.252682,0.364745,-0.37906,0.0636895,0.000158822,-1.30668,-0.00222298,-0.0043856,0.206149
26.8804,0.999875,-0.0158294,-0.000719711,-0.000113457,-0.0101033,-0.00169235,-0.00214906,0.0632885,-7.49279e-05,-1.30812,-0.00204784,-0.00158848,0.107395,26.9004,0.00222903,-0.0323101,0.00222903,0.00988294,0.999874,-0.0158799,-0.000728336,-0.000124103,-0.131831,0.0223036,0.0563003,0.0632681,-9.08127e-05,-1.30705,-0.00204783,-0.00158878,0.205452
26.9004,0.999874,-0.015877,-0.000722846,-0.000109759,-0.0118344,-0.0010265,0.00104677,0.063189,-0.00013032,-1.30815,-0.00174148,-0.00135642,0.107294,26.9204,0.00668862,-0.0235959,0.00668862,-0.0997105,0.999873,-0.0159362,-0.000727888,-0.000104487,-0.0629812,0.0718985,-0.557007,0.0631716,-0.000143885,-1.30708,-0.00174144,-0.00135732,0.205332
26.9204,0.999872,-0.016002,-0.000719199,-0.000107853,-0.0109022,-9.4422e-05,0.00131306,0.0629097,-0.000293944,-1.30809,-0.0013464,-0.00201759,0.107271,26.9404,0.0165918,0.00507095,0.0165918,-0.0463066,0.999871,-0.0160565,-0.00071956,-0.00010132,0.168141,0.144396,-0.257214,0.0628963,-0.00031412,-1.30702,-0.0013463,-0.00201985,0.205267
26.9404,0.999869,-0.0161904,-0.000678773,-9.21036e-05,-0.00903935,0.00257034,0.000646876,0.0624418,-0.000645851,-1.30883,-0.00101321,-0.00382216,0.107222,26.9604,0,-0.04167,-0.0126937,-0.029216,0.999868,-0.0162356,-0.000665866,-8.91084e-05,-0.20412,-0.0923598,-0.164066,0.0624317,-0.000684072,-1.30775,-0.00101321,-0.00382216,0.205288
26.9604,0.999867,-0.0162955,-0.000668234,-8.16608e-05,-0.00278092,0.000306656,-1.894e-05,0.0620148,-0.00105732,-1.30912,-0.00102899,-0.00682072,0.107372,26.9804,0.00740746,-0.0475475,0.00740746,-0.00904388,0.999867,-0.0163094,-0.000666701,-8.17898e-05,-0.250175,0.0657392,-0.0493284,0.0620045,-0.00112553,-1.30805,-0.00102895,-0.00682175,0.205408
26.9804,0.999867,-0.0163082,-0.00065643,-8.51542e-05,-0.00304724,0.00270351,-0.00068473,0.0619135,-0.00117404,-1.30913,-0.000874904,-0.00771853,0.107639,27.0004,0,-0.0404485,-0.0268658,-0.0341138,0.999867,-0.0163234,-0.000642969,-8.88079e-05,-0.19347,-0.205232,-0.192841,0.0619047,-0.00125122,-1.30805,-0.000874904,-0.00771853,0.205705
27.0004,0.999867,-0.0163099,-0.000626513,-0.000106396,0.00334321,0.00110707,0.000646474,0.0615328,-0.00163278,-1.30983,-0.00110982,-0.0109001,0.107793,27.0204,0,-0.0567797,-0.0366658,-0.0193964,0.999867,-0.0162932,-0.000620927,-0.000103244,-0.324087,-0.285805,-0.111161,0.0615217,-0.00174178,-1.30875,-0.00110982,-0.0109001,0.20586
27.0204,0.999868,-0.0162153,-0.000620836,-9.02068e-05,0.00680532,-0.00302083,0.000912811,0.0609002,-0.00253851,-1.31041,-0.00317802,-0.0153637,0.108747,27.0404,0.0345769,0.000552155,0.0345769,0.0313259,0.999869,-0.0161813,-0.000635868,-8.53773e-05,0.134129,0.277477,0.179044,0.0608684,-0.00269214,-1.30932,-0.00317784,-0.0153684,0.206667
27.0404,0.999871,-0.0160422,-0.000648706,-9.16704e-05,0.0130638,-0.00648292,0.00117912,0.0603814,-0.00335141,-1.31038,-0.00416562,-0.0183214,0.108836,27.0604,0.034428,-0.0128892,0.034428,-0.0618195,0.999872,-0.0159768,-0.000681027,-8.52132e-05,0.0245587,0.288489,-0.342493,0.0603397,-0.00353462,-1.30929,-0.00416543,-0.0183261,0.206756
27.0604,0.999872,-0.0159821,-0.000669878,-9.34923e-05,0.0151943,-0.00555083,-0.000418767,0.0602516,-0.00356607,-1.31031,-0.00444567,-0.0191057,0.108802,27.0804,0.00294198,-0.0355939,0.00294198,0.00203146,0.999873,-0.0159061,-0.00069767,-9.50914e-05,-0.156931,0.028602,0.0122948,0.0602072,-0.00375713,-1.30922,-0.00444565,-0.0191061,0.206856
27.0804,0.999874,-0.0158448,-0.000682323,-8.68989e-05,0.0177243,-0.00115661,0.00171173,0.0599919,-0.00401066,-1.31011,-0.00484791,-0.0207485,0.109121,27.1004,0.0188886,-0.027766,0.0188886,-0.0993306,0.999876,-0.0157562,-0.000687977,-7.81893e-05,-0.0965959,0.16909,-0.553915,0.0599435,-0.00421814,-1.30902,-0.0048478,-0.0207511,0.207107
27.1004,0.999878,-0.015609,-0.000794055,-8.43935e-05,0.00973479,-0.00608348,-1.93017e-05,0.0593565,-0.00514851,-1.3092,-0.00539606,-0.0202563,0.109883,27.1204,0,-0.0200065,-0.0167885,-0.095277,0.999879,-0.0155604,-0.000824475,-8.39766e-05,-0.0363651,-0.116086,-0.534394,0.0593025,-0.00535107,-1.3081,-0.00539606,-0.0202563,0.20795
27.1204,0.99988,-0.0154483,-0.000848945,-6.30992e-05,0.0162587,-0.00514943,0.00157826,0.0589023,-0.00581079,-1.30904,-0.00600682,-0.0185749,0.110103,27.1404,0,-0.00510285,-0.00969236,-0.0392618,0.999882,-0.0153671,-0.000874572,-5.47421e-05,0.0824044,-0.0658941,-0.220301,0.0588423,-0.00599654,-1.30794,-0.00600682,-0.0185749,0.20817
27.1404,0.999881,-0.0153888,-0.000865063,-5.75125e-05,0.0150603,-0.00435041,0.00144507,0.0587403,-0.00602794,-1.30905,-0.00600951,-0.0183846,0.109997,27.1604,0.00103246,-0.000488954,0.00103246,-0.061722,0.999882,-0.0153136,-0.000886706,-4.98881e-05,0.118537,0.0227644,-0.345189,0.0586802,-0.00621178,-1.30795,-0.0060095,-0.0183847,0.208059
27.1604,0.999884,-0.0152316,-0.000963375,-6.70504e-05,0.00613869,-0.00661416,-0.000685468,0.0581293,-0.00686198,-1.30884,-0.00528266,-0.0167706,0.109357,27.1804,0.00145139,-0.0368936,0.00145139,-0.0267517,0.999884,-0.0152009,-0.000996497,-6.9944e-05,-0.173595,0.0225487,-0.149094,0.0580765,-0.00702968,-1.30775,-0.00528264,-0.0167708,0.207417
27.1804,0.999884,-0.0151763,-0.000995091,-4.69927e-05,0.00227712,0.000709528,0.00264351,0.0574604,-0.00774266,-1.30807,-0.00371707,-0.0116518,0.109703,27.2004,0,-0.0183602,-0.0144841,-0.0596657,0.999885,-0.0151649,-0.000991344,-3.38192e-05,-0.0261735,-0.100678,-0.334955,0.0574232,-0.00785918,-1.30697,-0.00371707,-0.0116518,0.207769
27.2004,0.999884,-0.015176,-0.000996247,-5.9881e-05,-0.000652525,-0.000221682,-0.00121834,0.0569752,-0.00828612,-1.30767,-0.00218643,-0.00817958,0.109623,27.2204,0,-0.0230572,-0.00602569,-0.015168,0.999884,-0.0151793,-0.000997447,-6.59584e-05,-0.0631947,-0.0384026,-0.0849794,0.0569534,-0.00836791,-1.30658,-0.00218643,-0.00817958,0.207689
27.2204,0.999884,-0.0151877,-0.000994965,-5.39978e-05,-0.00278306,4.46273e-05,0.00157798,0.0568366,-0.00841304,-1.30792,-0.00214623,-0.00764449,0.109348,27.2404,0.0280417,-0.0359777,0.0280417,0.0111134,0.999884,-0.0152016,-0.000994622,-4.6126e-05,-0.166344,0.230892,0.0651151,0.0568151,-0.00848948,-1.30682,-0.00214599,-0.00764811,0.207295
27.2404,0.999884,-0.0151984,-0.000994442,-4.23799e-05,-0.00251708,-0.000220691,0.00304236,0.0567011,-0.0085344,-1.30813,-0.00201276,-0.00702295,0.108962,27.2604,0,-0.0438776,-0.00746195,-0.0543697,0.999884,-0.015211,-0.000995314,-2.71656e-05,-0.230123,-0.0451571,-0.304589,0.056681,-0.00860463,-1.30704,-0.00201276,-0.00702295,0.207029
27.2604,0.999881,-0.0154049,-0.00094425,-2.06933e-05,-0.0107729,0.00284191,0.00503973,0.0560792,-0.00902764,-1.3088,-0.000932971,-0.00285592,0.108019,27.2804,0,-0.031089,-0.00857673,-0.0577582,0.99988,-0.0154588,-0.000929652,4.23258e-06,-0.126148,-0.0539553,-0.323867,0.0560698,-0.0090562,-1.30772,-0.000932971,-0.00285592,0.206086
27.2804,0.999878,-0.0156077,-0.000861831,-3.46113e-06,-0.00651183,0.00390719,0.000911818,0.0555435,-0.00938131,-1.30884,-0.000680308,-0.00224672,0.107552,27.3004,0.0383014,-0.0013872,0.0383014,0.00336685,0.999877,-0.0156403,-0.000842226,7.6443e-07,0.113695,0.312843,0.0222258,0.0555367,-0.00940378,-1.30776,-0.000680027,-0.0022518,0.205456
27.3004,0.999877,-0.0156379,-0.000845866,-7.42242e-06,-0.00744394,0.00377403,-0.000819209,0.055421,-0.00946447,-1.30903,-0.000859811,-0.00269021,0.107389,27.3204,0,-0.0338697,-0.00194419,-0.0429268,0.999877,-0.0156751,-0.000827061,-1.18445e-05,-0.146298,-0.00342654,-0.240329,0.0554124,-0.00949137,-1.30795,-0.000859811,-0.00269021,0.205455
27.3204,0.999876,-0.0157103,-0.000827225,-9.56796e-06,-0.0101077,0.00310936,0.000511983,0.0551772,-0.00963859,-1.30933,-0.00163266,-0.00354203,0.107405,27.3404,0,-0.00224732,-0.0167399,-0.0235149,0.999875,-0.0157608,-0.000811639,-7.29441e-06,0.107499,-0.124333,-0.133076,0.0551609,-0.00967401,-1.30825,-0.00163266,-0.00354203,0.205471
27.3404,0.999874,-0.015874,-0.000812943,-1.68535e-06,-0.00930876,0.00151149,0.00264249,0.0546729,-0.00999753,-1.30959,-0.00303322,-0.00430573,0.107774,27.3604,0,-0.0251963,-0.00852096,-0.0426891,0.999873,-0.0159205,-0.000805177,1.13676e-05,-0.0749912,-0.0562429,-0.239662,0.0546425,-0.0100406,-1.30852,-0.00303322,-0.00430573,0.20584
27.3604,0.999872,-0.0159863,-0.0008118,-2.32142e-05,-0.00131928,-0.00368169,-0.000553274,0.0541791,-0.0103831,-1.30945,-0.00362652,-0.00686793,0.107697,27.3804,0,-0.0219001,-0.00234287,-0.033118,0.999872,-0.0159929,-0.00083025,-2.56913e-05,-0.0476034,-0.00801987,-0.185418,0.0541429,-0.0104517,-1.30838,-0.00362652,-0.00686793,0.205764
27.3804,0.999872,-0.0159535,-0.000836918,-2.96873e-05,0.0050723,-0.00341538,0.000112486,0.0539328,-0.01061,-1.30923,-0.00454348,-0.00868391,0.113235,27.4004,0.0247079,0.00830684,0.0247079,-0.0391357,0.999873,-0.0159281,-0.000853984,-2.88312e-05,0.193665,0.209323,-0.216797,0.0538874,-0.0106968,-1.3081,-0.0045433,-0.00868727,0.211197
27.4004,0.999873,-0.0159394,-0.000854947,-2.24313e-05,0.00360757,-0.00474695,0.00184356,0.0538062,-0.0107315,-1.30898,-0.00511541,-0.00933058,0.131493,27.4204,0.0250997,-0.00778354,0.0250997,-0.0264682,0.999873,-0.0159214,-0.000878533,-1.2821e-05,0.0649807,0.210981,-0.1458,0.053755,-0.0108249,-1.30767,-0.00511522,-0.00933399,0.229453
27.4204,0.999873,-0.01591,-0.000934872,1.2768e-05,0.00214284,-0.00328221,0.00210987,0.0531073,-0.0113642,-1.30394,-0.00711122,-0.0079404,0.317145,27.4404,0.016708,-0.011116,0.016708,0.00675301,0.999873,-0.0158993,-0.000951113,2.35871e-05,0.0383874,0.140266,0.0392874,0.0530362,-0.0114436,-1.30077,-0.00711109,-0.00794266,0.41514
27.4404,0.999876,-0.0157355,-0.00106212,2.91239e-05,0.00786733,-0.00541103,0.00197629,0.0522975,-0.0118985,-1.29099,-0.00689665,-0.00209219,0.541688,27.4604,0.0176534,-0.0107595,0.0176534,0.0041229,0.999876,-0.0156961,-0.00108902,3.94716e-05,0.0398298,0.149188,0.0245419,0.0522286,-0.0119194,-1.28558,-0.00689649,-0.00209455,0.63968
27.4604,0.999876,-0.0157163,-0.00107301,4.26314e-05,0.00493786,-0.00301417,0.00344104,0.052143,-0.0119735,-1.28727,-0.00678748,-0.000876356,0.584235,27.4804,0.0183676,-0.0122878,0.0183676,-0.127632,0.999876,-0.0156916,-0.00108781,6.00978e-05,0.0252913,0.171486,-0.713198,0.0520752,-0.0119823,-1.28142,-0.00678732,-0.000878813,0.682223
27.4804,0.999876,-0.0157115,-0.00107989,4.22238e-05,0.00134261,-0.00194889,-2.10754e-05,0.0519921,-0.0120353,-1.28318,-0.00657294,0.00091999,0.625701,27.5004,0,0.0315137,-0.00740401,-0.0612395,0.999876,-0.0157047,-0.00108963,4.22788e-05,0.376937,-0.0429197,-0.343977,0.0519264,-0.0120261,-1.27692,-0.00657294,0.00091999,0.723768
27.5004,0.999876,-0.0156948,-0.00109421,4.35959e-05,0.00227471,-0.00221521,0.00104419,0.0516998,-0.0121087,-1.27398,-0.00640906,0.00504412,0.70394,27.5204,0.00718282,-0.0263906,0.00718282,0.0130326,0.999876,-0.0156835,-0.0011052,4.90025e-05,-0.0854809,0.064578,0.0735224,0.0516357,-0.0120583,-1.26694,-0.006409,0.00504316,0.801976
27.5204,0.999876,-0.0157176,-0.00112568,4.57777e-05,-0.00318477,-0.00487838,-0.000154225,0.0514174,-0.0121064,-1.26348,-0.00641657,0.00975284,0.77589,27.5404,0.00074016,-0.0396236,0.00074016,-0.0311444,0.999876,-0.0157335,-0.00115008,4.53721e-05,-0.191648,0.0188451,-0.174328,0.0513532,-0.0120088,-1.25573,-0.00641656,0.00975274,0.873953
27.5404,0.999875,-0.0157896,-0.00119294,6.36372e-05,-0.00824478,-0.00434574,0.00144367,0.0508695,-0.0118684,-1.23906,-0.00662782,0.0187857,0.901451,27.5604,0,0.00334866,-0.0069695,-0.0195734,0.999874,-0.0158309,-0.00121456,7.11486e-05,0.152885,-0.0437368,-0.110592,0.0508032,-0.0116806,-1.23004,-0.00662782,0.0187857,0.999517
27.5604,0.999873,-0.0158884,-0.00119453,5.2607e-05,-0.0145032,0.00257848,-0.00215165,0.0505751,-0.0116487,-1.22561,-0.00601944,0.0230577,0.955035,27.5804,0,-0.0150411,-0.0108853,-0.0554007,0.999872,-0.0159609,-0.00118182,4.15586e-05,0.0060423,-0.0704835,-0.311366,0.0505149,-0.0114181,-1.21606,-0.00601944,0.0230577,1.0531
27.5804,0.999871,-0.0160376,-0.00120364,5.52154e-05,-0.0202296,-0.00381136,0.00104384,0.0502666,-0.0113704,-1.21154,-0.00490573,0.0272031,1.00303,27.6004,0,-0.0222083,-0.0124886,-0.0525164,0.999869,-0.0161387,-0.00122262,6.06178e-05,-0.0500731,-0.0835355,-0.295334,0.0502176,-0.0110984,-1.20151,-0.00490573,0.0272031,1.10109
27.6004,0.999866,-0.0163538,-0.00120531,5.38393e-05,-0.0283523,0.00164814,-0.000820465,0.0498527,-0.0108166,-1.18893,-0.0039425,0.0335346,1.06512,27.6204,0,-0.025791,-0.0219743,-0.0255555,0.999863,-0.0164956,-0.00119715,4.94319e-05,-0.0758429,-0.162782,-0.145231,0.0498133,-0.0104813,-1.17828,-0.0039425,0.0335346,1.16319
27.6204,0.999855,-0.0169729,-0.00116414,7.93827e-05,-0.0327465,0.00351232,0.000511172,0.0492401,-0.00957767,-1.14793,-0.00281117,0.0411724,1.14415,27.6404,0.00402405,-0.0241696,0.00402405,-0.0211706,0.999852,-0.0171366,-0.00114655,8.14495e-05,-0.0578118,0.044386,-0.118443,0.049212,-0.00916595,-1.13649,-0.00281113,0.0411718,1.2422
27.6404,0.999845,-0.0175531,-0.0011072,8.48177e-05,-0.0383398,0.00231511,-0.0012203,0.0487511,-0.00846458,-1.11362,-0.00161351,0.0428687,1.18818,27.6604,0.0233394,-0.0114412,0.0233394,-0.0696553,0.999842,-0.0177448,-0.00109575,7.83017e-05,0.0479196,0.205309,-0.388118,0.048735,-0.00803589,-1.10173,-0.00161329,0.0428652,1.28615
27.6604,0.999843,-0.0176841,-0.00109008,7.79636e-05,-0.032614,0.00404632,-0.00148657,0.0486352,-0.00818096,-1.10484,-0.00129285,0.0430369,1.19644,27.6804,0.00587583,-0.0141071,0.00587583,-0.0105686,0.99984,-0.0178472,-0.00107,6.99964e-05,0.0285213,0.0572223,-0.0589434,0.0486223,-0.00775059,-1.09288,-0.0012928,0.043036,1.29448
27.6804,0.999838,-0.0179791,-0.00107146,8.79639e-05,-0.0374077,0.00178248,0.000910225,0.0484151,-0.00761409,-1.08705,-0.000913152,0.0424015,1.21087,27.7004,0.0134149,-0.0141339,0.0134149,-0.0345645,0.999834,-0.0181661,-0.00106249,9.21537e-05,0.0303799,0.120848,-0.192587,0.048406,-0.00719008,-1.07494,-0.000913029,0.0423994,1.30887
27.7004,0.999827,-0.0185987,-0.000960531,6.83973e-05,-0.0228935,0.00710887,-0.000953971,0.0479192,-0.00630157,-1.04174,0.000746223,0.0369305,1.23263,27.7204,0,-0.0323502,-0.00212274,-0.0306362,0.999824,-0.0187131,-0.000925089,6.28572e-05,-0.110352,-0.00472636,-0.171963,0.0479267,-0.00593227,-1.02942,0.000746223,0.0369305,1.33069
27.7204,0.999822,-0.018821,-0.000897992,6.62165e-05,-0.0162371,0.00391418,0.00051041,0.0476291,-0.00572913,-1.01479,0.0017403,0.0306279,1.23703,27.7404,0.0039103,0.0399397,0.0039103,0.0258843,0.999821,-0.0189022,-0.000878382,6.83268e-05,0.470046,0.034534,0.144767,0.0476465,-0.00542286,-1.00242,0.00174033,0.0306273,1.33508
27.7404,0.99982,-0.0189344,-0.000857279,5.72297e-05,-0.0133076,0.00644415,-0.00295176,0.0474606,-0.00543009,-0.996669,0.0020896,0.0256957,1.23701,27.7604,0,0.00061478,-0.014452,0.0013392,0.999819,-0.0190009,-0.000825347,4.18064e-05,0.156379,-0.108941,0.00564236,0.0474815,-0.00517313,-0.984299,0.0020896,0.0256957,1.33508
27.7604,0.999819,-0.0189927,-0.000824181,5.22432e-05,-0.0143729,0.00804211,-0.000954354,0.0473804,-0.00530714,-0.987576,0.00217545,0.023459,1.23628,27.7804,0.00350957,0.00311974,0.00350957,0.0154718,0.999818,-0.0190645,-0.000784072,4.66494e-05,0.176978,0.032312,0.0866928,0.0474021,-0.00507255,-0.975213,0.00217547,0.0234585,1.33434
27.7804,0.999818,-0.0190493,-0.000702111,6.14952e-05,0.00480185,0.00857474,0.00170876,0.0470902,-0.00498688,-0.951092,0.00273829,0.0137008,1.22843,27.8004,0.000390256,-0.0101577,0.000390256,-0.0327354,0.999819,-0.0190253,-0.000659081,6.92376e-05,0.0708741,0.0137288,-0.183547,0.0471175,-0.00484987,-0.938807,0.0027383,0.0137007,1.32649
27.8004,0.999825,-0.0186961,-0.000550998,5.72719e-05,0.023042,0.00897529,-0.000155811,0.0466821,-0.00531597,-0.907344,0.00245441,-0.00195541,1.20717,27.8204,0.00648086,-0.0261034,0.00648086,-0.00938555,0.999827,-0.0185809,-0.000506138,5.57174e-05,-0.0593207,0.0576598,-0.0521114,0.0467066,-0.00533552,-0.895273,0.00245444,-0.00195645,1.30521
27.8204,0.999829,-0.0184685,-0.000493243,5.2929e-05,0.0298331,0.00751058,-0.000422166,0.0465261,-0.0055994,-0.889921,0.00186851,-0.00733531,1.19623,27.8404,0,-0.00471667,-0.00275911,-0.015042,0.999832,-0.0183194,-0.000455727,5.01985e-05,0.109942,-0.0158992,-0.0847896,0.0465448,-0.00567276,-0.877959,0.00186851,-0.00733531,1.2943
27.8404,0.999831,-0.0183504,-0.000483012,5.27187e-05,0.0298331,0.00231727,0.000110459,0.0464256,-0.00582501,-0.881577,0.00145858,-0.00986283,1.18997,27.8604,0,-0.0197662,-0.0170677,-0.0262454,0.999834,-0.0182013,-0.000471409,5.31303e-05,-0.011509,-0.128796,-0.148945,0.0464402,-0.00592364,-0.869677,0.00145858,-0.00986283,1.28804
27.8604,0.99984,-0.0178745,-0.000447697,6.76718e-05,0.0442114,0.0013863,0.00197434,0.0461111,-0.00659398,-0.856662,-0.000588628,-0.0161271,1.17002,27.8804,0.0193041,-0.0239759,0.0193041,-0.0421714,0.999844,-0.0176535,-0.000440575,7.75169e-05,-0.0491155,0.164028,-0.234508,0.0461052,-0.00675525,-0.844962,-0.000588554,-0.0161301,1.268
27.8804,0.999857,-0.016904,-0.000424283,6.85341e-05,0.0514019,-0.000611025,0.00157482,0.0455175,-0.00809912,-0.815686,-0.00375079,-0.0236796,1.13279,27.9004,0,-0.00186881,-0.00205212,-0.0549667,0.999861,-0.016647,-0.000427187,7.65677e-05,0.119891,-0.00559118,-0.308342,0.04548,-0.00833592,-0.804358,-0.00375079,-0.0236796,1.23085
27.9004,0.999864,-0.0165144,-0.000438496,6.50051e-05,0.0500703,-0.00180956,-0.000555717,0.0452672,-0.00874253,-0.799534,-0.00468976,-0.0243075,1.11694,27.9204,0.0211655,-0.0217298,0.0211655,-0.0308608,0.999868,-0.0162641,-0.000447572,6.24861e-05,-0.0419204,0.176894,-0.17115,0.0452203,-0.0089856,-0.788364,-0.00468968,-0.0243105,1.21491
27.9204,0.99987,-0.0161433,-0.000473019,6.34498e-05,0.0463419,-0.00420636,-0.000422418,0.0450083,-0.00937706,-0.783541,-0.00569762,-0.0240068,1.10021,27.9404,0,-0.025119,-0.00797879,-0.0235719,0.999873,-0.0159116,-0.000494068,6.17871e-05,-0.0719533,-0.0569832,-0.132995,0.0449513,-0.00961713,-0.772539,-0.00569762,-0.0240068,1.19828
27.9404,0.999881,-0.015436,-0.000614651,7.12335e-05,0.0432793,-0.0097989,-0.00122145,0.0444656,-0.0105804,-0.752071,-0.00821779,-0.0215462,1.06654,27.9604,0,-0.024691,-0.013265,-0.0211636,0.999884,-0.0152196,-0.000663718,6.60163e-05,-0.0742047,-0.098566,-0.119962,0.0443834,-0.0107959,-0.741406,-0.00821779,-0.0215462,1.1646
27.9604,0.999887,-0.0150356,-0.000727918,7.16664e-05,0.0294308,-0.00806795,0.000509633,0.0440259,-0.0113739,-0.728961,-0.0093267,-0.0172461,1.04018,27.9804,0.0126233,0.00326095,0.0126233,-0.0480082,0.999889,-0.0148885,-0.000768204,7.49279e-05,0.145948,0.112564,-0.268167,0.0439326,-0.0115463,-0.718559,-0.00932662,-0.0172478,1.13819
27.9804,0.999892,-0.0146798,-0.000881338,7.90123e-05,0.0190403,-0.0100637,-0.00175434,0.0433555,-0.0124818,-0.700024,-0.00887267,-0.0104383,1.00321,28.0004,0,0.01129,-0.0414464,0.00615758,0.999893,-0.0145846,-0.000931772,7.10641e-05,0.207655,-0.325221,0.0305738,0.0432668,-0.0125862,-0.689992,-0.00887267,-0.0104383,1.10128
28.0005,0.999893,-0.0145947,-0.000928201,7.44209e-05,0.0218366,-0.011928,-0.00122173,0.0431896,-0.012735,-0.693007,-0.0085734,-0.00845709,0.993958,28.0205,0,-0.0616888,-0.00266385,-0.0621594,0.999895,-0.0144855,-0.000987915,6.92846e-05,-0.377612,-0.00661717,-0.348368,0.0431039,-0.0128196,-0.683067,-0.0085734,-0.00845709,1.09202
28.0205,0.999894,-0.014501,-0.000993658,7.38546e-05,0.00665656,-0.00766687,0.00064245,0.042869,-0.0131882,-0.679114,-0.00845686,-0.00525983,0.975248,28.0405,0.0116444,0.00861991,0.0116444,-0.0304681,0.999895,-0.0144677,-0.00103194,7.76554e-05,0.184659,0.104619,-0.170119,0.0427844,-0.0132408,-0.669361,-0.00845676,-0.00526127,1.07326
28.0405,0.999893,-0.0145608,-0.0011508,8.68771e-05,-0.00945554,-0.00899845,-0.00255327,0.04226,-0.0138924,-0.651908,-0.00778346,0.00197538,0.938449,28.0605,0,0.00360794,-0.0173461,-0.00442985,0.999893,-0.0146081,-0.00119598,7.47128e-05,0.145275,-0.129036,-0.0267286,0.0421821,-0.0138726,-0.642523,-0.00778346,0.00197538,1.03652
28.0605,0.999891,-0.0146879,-0.00121221,0.000103865,-0.0125182,-0.00433793,-0.000156437,0.0418417,-0.0142375,-0.632027,-0.00705874,0.00669692,0.910633,28.0805,0.00548573,0.0202178,0.00548573,-0.0201477,0.99989,-0.0147505,-0.00123391,0.000103325,0.278988,0.0559253,-0.113082,0.0417711,-0.0141705,-0.622921,-0.00705868,0.00669623,1.00868
28.0805,0.999888,-0.0149265,-0.00126676,0.000110227,-0.0177114,-0.00367207,0.00317248,0.0413368,-0.0146201,-0.60673,-0.00423311,0.00959647,0.873743,28.1005,0,-0.0206591,-0.0140094,-0.0633418,0.999886,-0.0150151,-0.00128489,0.000126249,-0.0467732,-0.0943701,-0.356315,0.0412945,-0.0145242,-0.597992,-0.00423311,0.00959647,0.97181
28.1005,0.999887,-0.0150033,-0.00126446,0.000118069,-0.0185146,0.000323941,0.00210679,0.04121,-0.0147644,-0.600889,-0.0035492,0.00958597,0.864328,28.1205,0,0.0181501,-0.0096672,-0.0114289,0.999885,-0.0150958,-0.0012627,0.00012846,0.265052,-0.0658613,-0.0655965,0.0411745,-0.0146686,-0.592245,-0.0035492,0.00958597,0.962394
28.1205,0.999884,-0.0151779,-0.00127335,0.000127037,-0.0219767,-0.00207287,0.000242622,0.0409817,-0.0150354,-0.589341,-0.00211834,0.010055,0.845831,28.1405,0.0082433,0.0179429,0.0082433,-0.0582358,0.999882,-0.0152878,-0.00128371,0.000128268,0.264135,0.0831592,-0.32622,0.0409605,-0.0149349,-0.580882,-0.00211825,0.0100539,0.943862
28.1405,0.999875,-0.0157565,-0.00121911,0.000117352,-0.0183841,0.00618382,-0.000157329,0.0403327,-0.0160834,-0.55793,7.02837e-05,0.00749845,0.791248,28.1605,0.0142076,-0.0010314,0.0142076,-0.0660325,0.999874,-0.0158484,-0.00118822,0.000115966,0.116883,0.131702,-0.369131,0.0403334,-0.0160084,-0.550018,7.04313e-05,0.00749654,0.889254
28.1605,0.999873,-0.0159237,-0.00113219,0.000116579,-0.0105278,0.00858068,-0.000556781,0.0400796,-0.0166372,-0.542723,0.00177254,0.00252631,0.765778,28.1805,0,-0.0364144,-0.00179549,-0.0236808,0.999872,-0.0159764,-0.00108935,0.000113052,-0.164225,-0.00226243,-0.133177,0.0400973,-0.016612,-0.535066,0.00177254,0.00252631,0.863844
28.1805,0.999872,-0.0159654,-0.00110754,0.000126194,-0.00972883,0.00591748,0.00263903,0.0400098,-0.0168427,-0.537727,0.00226743,0.000434889,0.757597,28.2005,0.00811981,0.0118517,0.00811981,-0.0357388,0.999871,-0.016014,-0.00107775,0.000138861,0.222121,0.0783566,-0.200165,0.0400325,-0.0168384,-0.530151,0.0022675,0.000433786,0.855629
28.2005,0.999871,-0.0160452,-0.00101202,0.000144148,-0.00480198,0.00591748,0.00223956,0.0398309,-0.0175412,-0.522951,0.00308733,-0.00640373,0.733349,28.2205,0.0088975,-0.0281594,0.0088975,-0.0689472,0.99987,-0.0160692,-0.000982262,0.000154845,-0.0977946,0.0881268,-0.385901,0.0398617,-0.0176052,-0.515617,0.00308741,-0.00640495,0.831378
28.2205,0.999871,-0.0160138,-0.000872333,0.000131879,0.00997613,0.0068503,0.00210585,0.0395538,-0.0191132,-0.500243,0.00341099,-0.0167568,0.695012,28.2405,0.0012993,-0.0493289,0.0012993,-0.0465773,0.999872,-0.015964,-0.000837911,0.000141902,-0.267089,0.0233747,-0.261179,0.0395879,-0.0192808,-0.493293,0.003411,-0.016757,0.793073
28.2405,0.999874,-0.0158906,-0.000816409,0.000132873,0.0175661,0.00924711,0.000641205,0.0394446,-0.0198654,-0.491685,0.00337846,-0.0211187,0.67997,28.2605,0,-0.0357467,-0.0135177,-0.0963047,0.999875,-0.0158028,-0.000770117,0.000135416,-0.16014,-0.0893508,-0.541018,0.0394784,-0.0200765,-0.484885,0.00337846,-0.0211187,0.778036
28.2605,0.999876,-0.0157133,-0.000764297,0.000134019,0.0240909,0.00551874,0.000374856,0.0393435,-0.0206745,-0.483237,0.00315929,-0.0261513,0.66518,28.2805,0.0128498,-0.0365545,0.0128498,-0.0778875,0.999878,-0.0155929,-0.000736661,0.000135552,-0.167632,0.118707,-0.435577,0.0393751,-0.020936,-0.476585,0.00315937,-0.026153,0.763191
28.2805,0.999884,-0.0152139,-0.000678836,0.000147012,0.0338114,0.00338827,0.000774236,0.0391496,-0.0224709,-0.466674,0.0028504,-0.0346253,0.63699,28.3005,0,0.0170406,-0.0011069,-0.0622915,0.999887,-0.0150449,-0.000661813,0.00015074,0.257426,0.00412677,-0.349773,0.0391781,-0.0228171,-0.460304,0.0028504,-0.0346253,0.735056
28.3005,0.999893,-0.0146459,-0.000635093,0.000157901,0.0376716,0.00219024,0.000773884,0.0389317,-0.0244978,-0.451655,0.00165771,-0.0393914,0.609592,28.3205,0.00550352,-0.0223238,0.00550352,-0.0160848,0.999895,-0.0144576,-0.000624057,0.000161729,-0.0615246,0.051015,-0.0904185,0.0389483,-0.0248918,-0.445559,0.00165774,-0.039392,0.707636
28.3205,0.999902,-0.0139795,-0.000592505,0.000169249,0.0443295,0.00232346,0.0015728,0.0386971,-0.026576,-0.437334,0.000721396,-0.0407376,0.583838,28.3405,0.00340832,-0.00885305,0.00340832,-0.0712299,0.999905,-0.0137579,-0.000580741,0.000177081,0.0403966,0.0399697,-0.399498,0.0387043,-0.0269834,-0.431495,0.000721413,-0.040738,0.68189
28.3405,0.999904,-0.0138101,-0.000586506,0.0001574,0.0428647,0.00139142,-0.00282138,0.0386393,-0.0270885,-0.433802,0.000662428,-0.0406098,0.57769,28.3605,0.0258177,0.0195681,0.0258177,-0.0600363,0.999907,-0.0135958,-0.00057971,0.000143324,0.266504,0.217811,-0.335118,0.0386459,-0.0274946,-0.428025,0.000662557,-0.0406128,0.675647
28.3605,0.999909,-0.0134886,-0.000570262,0.000137403,0.0404679,0.00139126,-0.000957268,0.0385219,-0.0280978,-0.426792,-0.000131264,-0.0401489,0.565739,28.3805,0,-0.00392452,-0.000482981,-0.0231138,0.999912,-0.0132863,-0.000563343,0.000132638,0.0763797,0.00319584,-0.130219,0.0385206,-0.0284993,-0.421135,-0.000131264,-0.0401489,0.663805
28.3805,0.999911,-0.0133402,-0.000573254,0.000135296,0.0375384,-0.000872416,-0.000424558,0.0384607,-0.0285915,-0.423314,-0.00044783,-0.0393977,0.559894,28.4005,0.00703925,-0.0317697,0.00703925,-0.0433834,0.999913,-0.0131526,-0.000577619,0.000133339,-0.147762,0.0655526,-0.243054,0.0384562,-0.0289855,-0.417715,-0.000447796,-0.0393985,0.657931
28.4005,0.999918,-0.0127647,-0.000616253,0.000164144,0.0238231,-0.00473399,0.00197226,0.0381376,-0.0308807,-0.406583,-0.00206614,-0.0319047,0.531709,28.4205,0,0.00353306,-0.00201885,-0.0157651,0.99992,-0.0126456,-0.000639775,0.00017438,0.130286,-0.00961488,-0.0893531,0.0381169,-0.0311998,-0.401265,-0.00206614,-0.0319047,0.629775
28.4205,0.999922,-0.0124743,-0.000683844,0.00018204,0.0143679,-0.00393494,0.00183866,0.0378481,-0.0324317,-0.394695,-0.00362404,-0.0232428,0.509454,28.4405,0.0266805,-0.0157776,0.0266805,-0.0784813,0.999923,-0.0124025,-0.000703389,0.000191527,-0.0271624,0.226733,-0.438553,0.0378119,-0.0326641,-0.3896,-0.00362389,-0.0232456,0.607407
28.4405,0.999923,-0.0124241,-0.000699756,0.000183723,0.0129032,-0.00406811,0.000507068,0.0377724,-0.0327673,-0.391753,-0.00385838,-0.0211511,0.504175,28.4605,0.0145483,-0.00891723,0.0145483,-0.0540406,0.999923,-0.0123596,-0.000720052,0.000186556,0.0276197,0.127351,-0.302584,0.0377338,-0.0329789,-0.386711,-0.0038583,-0.0211526,0.60218
28.4605,0.999923,-0.0123941,-0.000721575,0.000183351,0.00784317,-0.00553286,-2.55802e-05,0.0376973,-0.033083,-0.388822,-0.00386368,-0.0190765,0.499038,28.4805,0,-0.0160953,-0.0107036,-0.0434729,0.999923,-0.0123548,-0.000749232,0.000183594,-0.0299792,-0.0755221,-0.245133,0.0376587,-0.0332737,-0.383831,-0.00386368,-0.0190765,0.597105
28.4805,0.999922,-0.0124458,-0.00082321,0.000200189,-0.00840214,-0.00766336,-0.000158733,0.0374052,-0.0341343,-0.377215,-0.00410373,-0.0102201,0.478781,28.5005,0.0139586,-0.0226457,0.0139586,-0.0361317,0.999922,-0.0124878,-0.000861542,0.000199837,-0.0819011,0.121873,-0.202365,0.0373641,-0.0342365,-0.372427,-0.00410363,-0.0102216,0.576788
28.5005,0.999918,-0.0127899,-0.000984566,0.000203928,-0.0221174,-0.00779657,-0.00029183,0.0370779,-0.035031,-0.363246,-0.00338378,0.000654565,0.456501,28.5205,0.00812873,-0.0199526,0.00812873,-0.0800139,0.999916,-0.0129005,-0.00102359,0.000202858,-0.058257,0.0810935,-0.448487,0.037044,-0.0350244,-0.358681,-0.00338371,0.000653681,0.554533
28.5205,0.999917,-0.0128824,-0.00102499,0.000189247,-0.0227854,-0.0100607,-0.00362141,0.0370304,-0.0351872,-0.360711,-0.00298786,0.00227942,0.45234,28.5405,0,-0.0142229,-0.0285354,-0.0399071,0.999915,-0.0129963,-0.00107554,0.000171672,-0.0112193,-0.215941,-0.226496,0.0370005,-0.0351644,-0.356188,-0.00298786,0.00227942,0.550407
28.5405,0.999914,-0.0130842,-0.00107304,0.000186117,-0.0261144,-0.00579966,0.000506501,0.0369453,-0.0354559,-0.355654,-0.00236241,0.00476286,0.443716,28.5605,0.0371363,-0.00833054,0.0371363,-0.0464153,0.999912,-0.0132148,-0.00110203,0.000188889,0.0375031,0.310505,-0.258173,0.0369217,-0.0354083,-0.351217,-0.00236207,0.00475872,0.541625
28.5605,0.999905,-0.0137223,-0.00110594,0.00016553,-0.0322397,-0.00260394,-0.00162386,0.0368125,-0.0359441,-0.343098,0.000424829,0.00724667,0.423498,28.5805,0,-0.0272805,-0.00176382,-0.0717242,0.999903,-0.0138834,-0.00111909,0.000157412,-0.109406,0.00262206,-0.402508,0.0368167,-0.0358716,-0.338863,0.000424829,0.00724667,0.521564
28.5805,0.999899,-0.014203,-0.00112891,0.000155493,-0.0262476,0.00205664,0.000639652,0.036806,-0.0363204,-0.333391,0.00270247,0.00544438,0.408385,28.6005,0.020664,0.0110977,0.020664,-0.0465735,0.999897,-0.0143342,-0.00111861,0.000158397,0.201847,0.179592,-0.260081,0.036833,-0.036266,-0.329307,0.00270267,0.00544188,0.506364
28.6005,0.999896,-0.0144141,-0.00109822,0.000158606,-0.0250513,0.00538572,0.000905403,0.0368328,-0.0366101,-0.329132,0.00402356,0.00284147,0.401091,28.6205,0.0138459,-0.0206715,0.0138459,-0.0201808,0.999894,-0.0145394,-0.00107125,0.000162607,-0.0502604,0.12189,-0.112643,0.0368731,-0.0365817,-0.325121,0.00402369,0.00283977,0.499099
28.6205,0.999894,-0.0145106,-0.00107521,0.000158272,-0.0237207,0.00578504,0.000239149,0.0368576,-0.0367766,-0.327103,0.00480491,0.00117333,0.397433,28.6405,0.0228582,-0.00705561,0.0228582,-0.0131842,0.999892,-0.0146292,-0.00104629,0.000158921,0.0595181,0.192984,-0.07281,0.0369057,-0.0367648,-0.323129,0.00480512,0.00117051,0.495402
28.6405,0.99989,-0.0148093,-0.0009616,0.00017138,-0.00947282,0.00698347,-0.000293499,0.03706,-0.0377438,-0.316919,0.0073377,-0.00733921,0.380178,28.6605,0.0180695,0.00653822,0.0180695,-0.0577811,0.999889,-0.0148567,-0.000926716,0.00016935,0.170135,0.159056,-0.323033,0.0371334,-0.0378172,-0.313117,0.00733785,-0.00734149,0.478167
28.6605,0.999889,-0.0148468,-0.000915978,0.000146006,-0.00294806,0.00538559,-0.00162507,0.0371696,-0.0382063,-0.312827,0.00812653,-0.0112515,0.373707,28.6805,0.0258873,-0.0226447,0.0258873,-0.0632901,0.999889,-0.0148616,-0.000889176,0.000137468,-0.0631051,0.221928,-0.352933,0.0372509,-0.0383188,-0.30909,0.00812673,-0.0112547,0.471663
28.6805,0.99989,-0.0147965,-0.000769653,0.000144275,0.00903616,0.0129756,-0.000426685,0.0374277,-0.0392859,-0.304618,0.00915666,-0.0197383,0.361766,28.7005,0.0348075,-0.0262774,0.0348075,-0.0345874,0.999891,-0.0147513,-0.000704807,0.000141216,-0.0921808,0.288701,-0.191477,0.0375192,-0.0394833,-0.301001,0.00915689,-0.0197427,0.459684
28.7005,0.999891,-0.0147429,-0.000733899,0.000141392,0.0136967,0.00898085,-0.000426684,0.0374975,-0.0396041,-0.302784,0.00935374,-0.0217704,0.358548,28.7205,0.00978267,0.0385484,0.00978267,0.0119542,0.999892,-0.0146745,-0.000689021,0.000138647,0.426277,0.0826654,0.0667946,0.0375911,-0.0398218,-0.299198,0.0093538,-0.0217716,0.456573
28.7205,0.999893,-0.014626,-0.000650285,0.000160659,0.0168918,0.0119104,0.00423339,0.0376444,-0.0402747,-0.299105,0.00984009,-0.0252965,0.352119,28.7405,0,-0.0140118,-0.0129889,-0.0846718,0.999894,-0.0145416,-0.000590416,0.000181007,0.00402684,-0.0887918,-0.47602,0.0377428,-0.0405277,-0.295584,0.00984009,-0.0252965,0.450185
28.7405,0.9999,-0.0141146,-0.000435392,0.000167551,0.0287429,0.00924717,0.00316807,0.0380393,-0.0421243,-0.289839,0.0100254,-0.0326992,0.338381,28.7605,0.0211591,-0.0328707,0.0211591,-0.026374,0.999902,-0.0139709,-0.000388913,0.000182799,-0.150212,0.175758,-0.146864,0.0381395,-0.0424513,-0.286456,0.0100255,-0.0327017,0.436357
28.7605,0.999909,-0.0135042,-0.000310551,0.000165069,0.0294087,0.00645084,-0.0013592,0.0383909,-0.0441011,-0.28048,0.00721101,-0.035229,0.325335,28.7805,0,0.0174591,-0.0021371,-0.0140044,0.999911,-0.0133572,-0.000278367,0.000157883,0.247629,-0.0131216,-0.0795337,0.038463,-0.0444534,-0.277226,0.00721101,-0.035229,0.423402
28.7805,0.99991,-0.0133865,-0.000287925,0.000172017,0.029675,0.00565191,0.00196961,0.0384476,-0.044493,-0.278601,0.00675278,-0.0348605,0.322595,28.8005,0,-0.0187303,-0.0238277,-0.0577222,0.999912,-0.0132382,-0.000259511,0.000181529,-0.0431308,-0.182099,-0.325933,0.0385151,-0.0448416,-0.275376,0.00675278,-0.0348605,0.420662
28.8005,0.999912,-0.0132565,-0.000265336,0.000175795,0.0327376,0.00565197,0.00117079,0.0385011,-0.0448779,-0.276723,0.00636778,-0.0342059,0.320049,28.8205,0,-0.015466,-0.0128613,-0.0300883,0.999914,-0.0130928,-0.000236972,0.000181317,-0.0178164,-0.0975474,-0.170395,0.0385648,-0.0452199,-0.273522,0.00636778,-0.0342059,0.418116
28.8205,0.999919,-0.012758,-0.000185789,0.000176315,0.0303408,0.00405403,-0.00109291,0.0386935,-0.0463087,-0.269404,0.00501472,-0.0311631,0.310055,28.8405,0.0158743,-0.00360849,0.0158743,-0.0120287,0.999921,-0.0126063,-0.000165564,0.00017062,0.0731817,0.129702,-0.0672043,0.0387437,-0.0466203,-0.266304,0.00501475,-0.0311648,0.408054
28.8405,0.999923,-0.0123845,-0.000203919,0.000193337,0.0103685,-0.000473389,0.00143655,0.0388611,-0.0477262,-0.260986,0.00166333,-0.0227799,0.297544,28.8605,0.0266308,0.00137501,0.0266308,-0.00221149,0.999924,-0.0123327,-0.000206186,0.000200559,0.110077,0.214878,-0.0116204,0.0388778,-0.047954,-0.258011,0.00166337,-0.0227827,0.395497
28.8605,0.999924,-0.0123417,-0.000213389,0.000188991,0.010768,-0.00233763,-0.000960313,0.0388777,-0.0479587,-0.259294,0.00104152,-0.0207802,0.29512,28.8805,0.0395254,-0.00900852,0.0395254,0.0209557,0.999924,-0.0122878,-0.000225125,0.000184345,0.0266634,0.315829,0.119028,0.0388881,-0.0481665,-0.256343,0.0010416,-0.0207844,0.393018
28.8805,0.999924,-0.0123089,-0.000220063,0.000195283,0.00823798,-0.00167186,0.00170287,0.0388904,-0.0481735,-0.257601,0.000631904,-0.0187156,0.292546,28.9005,0,0.00369686,-0.0177314,-0.0162691,0.999925,-0.0122677,-0.000228309,0.000203909,0.127958,-0.138484,-0.0934201,0.0388967,-0.0483607,-0.254676,0.000631904,-0.0187156,0.390613
28.9005,0.999925,-0.0122673,-0.000243723,0.000192073,0.00371061,-0.004335,-0.00069399,0.0389054,-0.0485477,-0.254211,-0.000475471,-0.0146141,0.287867,28.9205,0.00777213,0.029632,0.00777213,-0.0603011,0.999925,-0.0122487,-0.000265435,0.000188873,0.334846,0.06999,-0.338241,0.0389007,-0.0486939,-0.251332,-0.000475454,-0.014615,0.385901
28.9205,0.999925,-0.0122597,-0.000310654,0.000206955,-0.00108305,-0.00886238,0.000637579,0.0388948,-0.048979,-0.249115,-0.0020219,-0.00895357,0.281208,28.9405,0.00463881,-0.00152311,0.00463881,-0.0305415,0.999925,-0.0122651,-0.000354924,0.000210684,0.0857785,0.0425897,-0.171857,0.0388746,-0.0490685,-0.246303,-0.00202189,-0.00895405,0.379255
28.9405,0.999921,-0.0125964,-0.000536652,0.00019453,-0.0211899,-0.00926185,0.000770732,0.0387824,-0.0494174,-0.238885,-0.00428232,0.00192215,0.268844,28.9605,0,0.00237674,-0.0323912,-0.0273173,0.999919,-0.0127023,-0.000582929,0.00019891,0.119525,-0.252071,-0.156345,0.0387395,-0.0493982,-0.236197,-0.00428232,0.00192215,0.36691
28.9605,0.999919,-0.0126799,-0.000578464,0.000201434,-0.0209236,-0.0104603,0.00170289,0.0387632,-0.0494118,-0.237493,-0.00440798,0.00398254,0.266332,28.9805,0,0.00880689,-0.0266629,-0.0827915,0.999918,-0.0127845,-0.000630675,0.00021055,0.171074,-0.200292,-0.46664,0.0387191,-0.049372,-0.23483,-0.00440798,0.00398254,0.364399
28.9805,0.999918,-0.0127696,-0.000612961,0.000203809,-0.0225205,-0.00859642,0.00063704,0.0387441,-0.0493917,-0.236097,-0.00427414,0.00530155,0.264227,29.0005,0,-0.00189555,-0.000118116,-0.072101,0.999917,-0.0128822,-0.000655921,0.000207473,0.0863738,0.0113148,-0.404873,0.0387014,-0.0493387,-0.233455,-0.00427414,0.00530155,0.362294
29.0005,0.999915,-0.0130322,-0.000720193,0.000208438,-0.0230531,-0.00952852,0.00196869,0.0386984,-0.049277,-0.231878,-0.00355479,0.00799451,0.260288,29.0205,0.0123035,-0.0252702,0.0123035,-0.018846,0.999913,-0.0131474,-0.000767727,0.000218819,-0.0980346,0.106185,-0.105695,0.0386629,-0.0491971,-0.229275,-0.00355472,0.00799314,0.358302
29.0205,0.999908,-0.0135451,-0.000949707,0.000221557,-0.0187911,-0.00766449,0.00236763,0.0386955,-0.0486243,-0.217079,-0.00159707,0.0170126,0.623048,29.0405,0,-0.0178576,-0.000305584,-0.0851545,0.999906,-0.0136391,-0.000987886,0.000233824,-0.035545,0.0143835,-0.477985,0.0386795,-0.0484542,-0.210849,-0.00159707,0.0170126,0.721115
29.0405,0.999906,-0.0137073,-0.00103667,0.000240339,-0.0201226,-0.0115261,0.00250081,0.0387097,-0.0483175,-0.207373,-0.00136545,0.0193112,0.778206,29.0605,0.0246929,-0.00214199,0.0246929,0.00512937,0.999904,-0.0138079,-0.00109415,0.000253528,0.092579,0.205257,0.0292842,0.0386961,-0.0481243,-0.199591,-0.00136524,0.0193083,0.876168
29.0605,0.999903,-0.0138556,-0.00113144,0.000233193,-0.0197232,-0.0111266,-0.00149399,0.0387249,-0.0479752,-0.195093,-0.00160054,0.0214754,0.933976,29.0805,0,0.00072671,-0.0443137,-0.057021,0.999902,-0.0139542,-0.0011872,0.000226383,0.11577,-0.339128,-0.324032,0.0387089,-0.0477605,-0.185753,-0.00160054,0.0214754,1.03204
29.0805,0.999901,-0.0140071,-0.00119351,0.000240554,-0.0201226,-0.00699871,0.00183498,0.0387342,-0.0475947,-0.180236,-0.00179983,0.0241877,1.0904,29.1005,0.00205107,0.0297807,0.00205107,-0.00871308,0.9999,-0.0141077,-0.0012284,0.000250098,0.350145,0.0268695,-0.050173,0.0387162,-0.0473528,-0.169332,-0.00179981,0.0241875,1.18845
29.1005,0.999897,-0.0143173,-0.00134439,0.000242777,-0.0167926,-0.00753109,0.00223392,0.0387261,-0.0466349,-0.143364,-0.00292696,0.0315356,1.40323,29.1205,0.00838058,0.00366291,0.00838058,-0.00352237,0.999895,-0.0144013,-0.0013819,0.000254372,0.143812,0.0781887,-0.0204383,0.0386969,-0.0463195,-0.129331,-0.00292686,0.0315346,1.50126
29.1205,0.999892,-0.014611,-0.00154043,0.000263646,-0.0141294,-0.00779747,0.00156811,0.0386495,-0.0450017,-0.0834654,-0.00402815,0.043353,1.7936,29.1405,0.0123434,0.00462654,0.0123434,-0.0277851,0.999891,-0.0146817,-0.00157932,0.000271947,0.153525,0.114292,-0.156085,0.0386092,-0.0445682,-0.0655293,-0.00402799,0.0433514,1.89162
29.1405,0.999891,-0.0146677,-0.00157699,0.000266017,-0.0143957,-0.00912905,0.000636037,0.0386279,-0.0446181,-0.0695469,-0.00438765,0.0458448,1.87175,29.1605,0.0145882,-0.0151563,0.0145882,-0.00504267,0.99989,-0.0147397,-0.00162261,0.000269753,-0.00395547,0.12993,-0.0283931,0.038584,-0.0441596,-0.0508293,-0.00438745,0.045843,1.96976
29.1605,0.99989,-0.0147244,-0.00161726,0.000269525,-0.0143957,-0.0100611,0.000902343,0.0386028,-0.0442158,-0.0549833,-0.00479889,0.0482005,1.94983,29.1805,0.0212978,-0.00463754,0.0212978,0.0107831,0.999889,-0.0147963,-0.00166752,0.00027466,0.0808492,0.182038,0.0606682,0.0385549,-0.0437338,-0.0354851,-0.0047986,0.0481978,2.0478
29.1805,0.999888,-0.0148457,-0.0017161,0.000262997,-0.0158604,-0.0129906,-0.00176082,0.0385442,-0.0433538,-0.0239203,-0.00532409,0.053182,2.10635,29.2005,0,-0.000550194,-0.0460305,-0.024804,0.999887,-0.014925,-0.0017812,0.000255022,0.113765,-0.351546,-0.144179,0.038491,-0.042822,-0.00285676,-0.00532409,0.053182,2.20442
29.2005,0.999888,-0.014895,-0.001758,0.000262862,-0.0125315,-0.0104606,-2.97477e-05,0.0385114,-0.0428931,-0.00742213,-0.00563782,0.0558007,2.1844,29.2205,0.00458512,-0.00334068,0.00458512,-0.0580376,0.999886,-0.0149576,-0.00181032,0.000263382,0.091428,0.0576397,-0.326028,0.038455,-0.0423351,0.0144219,-0.00563775,0.0558001,2.28245
29.2205,0.999887,-0.0148935,-0.00187275,0.000246209,0.0471264,0.00844767,-0.0014949,0.0382754,-0.0400585,0.084023,-0.0147639,0.0561623,2.61328,29.2405,0.0225313,0.0261128,0.0225313,-0.0183224,0.999891,-0.0146579,-0.00183057,0.000238548,0.327706,0.197332,-0.102366,0.0381277,-0.0394969,0.110156,-0.0147635,0.0561594,2.71125
29.2405,0.999889,-0.0147906,-0.00181542,0.000271126,0.00904319,0.00684993,0.0032986,0.0381093,-0.0390943,0.124346,-0.00554581,0.0474647,2.61352,29.2605,0,-0.0292407,-0.0169083,-0.068785,0.99989,-0.0147454,-0.00178092,0.000287193,-0.116958,-0.112568,-0.38777,0.0380538,-0.0386196,0.150481,-0.00554581,0.0474647,2.71159
29.2605,0.999889,-0.0147663,-0.00181226,0.00028846,0.00571425,0.000724661,0.00449701,0.0381021,-0.0386472,0.144538,0.0011954,0.0455952,2.61334,29.2805,0,0.015058,-0.0114196,0.0216134,0.99989,-0.0147378,-0.00180829,0.000310941,0.238819,-0.0794423,0.11831,0.038114,-0.0381912,0.170671,0.0011954,0.0455952,2.7114
29.2805,0.99989,-0.0147132,-0.00193382,0.000301968,0.00291792,-0.0135232,0.000502323,0.0383357,-0.0373952,0.205219,0.0132862,0.0408146,2.61271,29.3005,0,0.00913144,-0.0212577,0.00348932,0.99989,-0.0146986,-0.00200138,0.000305503,0.19072,-0.155009,0.0159971,0.0384686,-0.036987,0.231346,0.0132862,0.0408146,2.71077
29.3005,0.999889,-0.0147157,-0.00218784,0.000305195,-0.00200645,-0.00872892,-0.000829717,0.0388001,-0.0353534,0.30616,0.00522145,0.0377797,2.61288,29.3205,0.0122888,-0.0137421,0.0122888,0.00404623,0.999889,-0.0147257,-0.00223154,0.000301668,0.00788128,0.115356,0.0221287,0.0388523,-0.0349756,0.332289,0.00522168,0.0377782,2.71089
29.3205,0.999889,-0.0147135,-0.00222059,0.00030762,0.000656697,0.000991617,0.00103452,0.0387967,-0.0340903,0.366724,-0.00424273,0.0395411,2.61141,29.3405,0.0299376,-0.00874132,0.0299376,-0.0177004,0.999889,-0.0147102,-0.00221555,0.000312727,0.0474688,0.259333,-0.0982572,0.0387543,-0.0336949,0.392838,-0.00424217,0.0395374,2.70935
29.3405,0.999889,-0.0147112,-0.00220035,0.00031404,0.000124066,0.00498636,0.00183347,0.0387508,-0.0336617,0.386941,-0.0063401,0.0403671,2.61094,29.3605,0,-0.0438495,-0.0162591,-0.0627694,0.999889,-0.0147107,-0.00217528,0.000322841,-0.234574,-0.105012,-0.354022,0.0386874,-0.0332581,0.413051,-0.0063401,0.0403671,2.70901
29.3605,0.999889,-0.0147126,-0.00216161,0.000316817,-0.000275402,0.00511952,0.00116768,0.0386231,-0.0327903,0.427428,-0.0085479,0.0420278,2.61072,29.3805,0,-0.0197977,-0.0330027,-0.0679395,0.999889,-0.014714,-0.00213593,0.000322275,-0.0422808,-0.238706,-0.384667,0.0385377,-0.03237,0.453536,-0.0085479,0.0420278,2.70879
29.3805,0.99989,-0.0146734,-0.00208499,0.000305565,0.00212144,0.00578531,-0.000297061,0.0383144,-0.0305505,0.528931,-0.00468598,0.0440848,2.61051,29.4005,0.0167569,0.0150423,0.0167569,-0.0765904,0.99989,-0.0146628,-0.00205608,0.000303678,0.236101,0.159621,-0.429364,0.0382675,-0.0301097,0.555036,-0.00468568,0.0440827,2.7085
29.4005,0.999891,-0.014647,-0.00209426,0.000316223,0.000923019,-0.000606278,0.000102413,0.038271,-0.0287732,0.608901,7.26114e-05,0.0438616,2.60813,29.4205,0.0143252,-0.00402646,0.0143252,-0.0143518,0.999891,-0.0146424,-0.00209728,0.000316789,0.0847387,0.133031,-0.0809094,0.0382718,-0.0283345,0.634983,7.28673e-05,0.0438598,2.70613
29.4205,0.999891,-0.014633,-0.00210113,0.000312357,0.00318635,-0.00167281,-0.000830369,0.0383061,-0.0283371,0.627797,0.000946825,0.0435902,2.60512,29.4405,0.0563223,0.012886,0.0563223,-0.102314,0.999891,-0.0146171,-0.00210955,0.000308362,0.217751,0.479167,-0.570169,0.0383156,-0.0279012,0.653848,0.000947834,0.0435832,2.70295
29.4405,0.999891,-0.0146254,-0.00211046,0.000322911,0.00158845,-0.0023386,0.0027649,0.0383188,-0.0279887,0.64231,0.00145163,0.0431356,2.58563,29.4605,0,-0.0264822,-0.0152585,-0.00348098,0.999891,-0.0146175,-0.00212194,0.000336922,-0.0949848,-0.104703,-0.0222355,0.0383333,-0.0275574,0.668166,0.00145163,0.0431356,2.68369
29.4605,0.999891,-0.0146241,-0.00212709,0.000299747,-0.000279878,-0.0010057,-0.00189548,0.0383616,-0.0269666,0.68504,0.0014213,0.0421216,2.52285,29.4805,0,-0.028944,-0.0288917,-0.0170194,0.999891,-0.0146254,-0.00213225,0.000290341,-0.115008,-0.212048,-0.0989967,0.0383759,-0.0265454,0.710268,0.0014213,0.0421216,2.62091
29.4805,0.999891,-0.0146065,-0.0021607,0.000328611,0.000119603,-0.00220412,0.000634509,0.0383935,-0.0256453,0.740146,0.000303008,0.0417049,2.44579,29.5005,0,-0.0340058,-0.0503448,0.000521652,0.999891,-0.0146059,-0.00217167,0.000331946,-0.155504,-0.385432,-0.00262245,0.0383965,-0.0252282,0.764604,0.000303008,0.0417049,2.54385
29.5005,0.999891,-0.0145972,-0.00211844,0.000299131,0.00171635,0.00325361,-0.00136349,0.0386432,-0.0241683,0.799972,0.000384151,0.0417673,2.3486,29.5205,0,0.0159926,-0.018379,-0.0575751,0.999891,-0.0145886,-0.00210227,0.000292095,0.243456,-0.123416,-0.325749,0.038647,-0.0237507,0.823458,0.000384151,0.0417673,2.44667
29.5205,0.999891,-0.0145912,-0.00210891,0.000301424,0.00171634,0.00245466,0.000767026,0.0386924,-0.0238736,0.811592,0.000525923,0.0415733,2.33037,29.5405,0,-0.0183238,-0.0059081,-0.159683,0.999891,-0.0145826,-0.00209658,0.000305098,-0.0340731,-0.011924,-0.896061,0.0386976,-0.0234579,0.834895,0.000525923,0.0415733,2.42844
29.5405,0.999892,-0.0145665,-0.00210482,0.000311414,0.000517915,0.00165571,0.000500717,0.0388515,-0.022994,0.845785,0.0017329,0.0414217,2.27734,29.5605,0.0645907,-0.010497,0.0645907,0.004443,0.999892,-0.0145639,-0.00209651,0.000313802,0.0325494,0.532981,0.0285305,0.0388688,-0.0225798,0.868559,0.00173406,0.0414137,2.37513
29.5605,0.999892,-0.0145601,-0.00208174,0.000303255,0.000651072,0.00338677,-0.000964019,0.0390157,-0.0224697,0.866144,0.00282877,0.0413605,2.24052,29.5805,0.00114272,-0.0044831,0.00114272,-0.0758838,0.999892,-0.0145568,-0.00206488,0.000298196,0.0790218,0.0345964,-0.426451,0.039044,-0.0220561,0.88855,0.00282879,0.0413604,2.33859
29.5805,0.999892,-0.014563,-0.0020647,0.00028463,-1.66156e-05,0.00125495,0.000100636,0.0395659,-0.0213152,0.910664,0.00421515,0.0405707,2.14852,29.6005,0.0538916,0.026446,0.0538916,-0.0526779,0.999892,-0.0145631,-0.00205842,0.000285042,0.326929,0.453628,-0.292464,0.039608,-0.0209095,0.932149,0.0042161,0.0405641,2.24636
29.6005,0.999892,-0.0145551,-0.00205509,0.00028028,0.00237987,0.00258748,-0.000832209,0.0396771,-0.0210865,0.919336,0.00438763,0.0403071,2.1314,29.6205,0,-0.0189083,-0.0204913,-0.0279781,0.999892,-0.0145432,-0.00204221,0.000275956,-0.0354065,-0.144185,-0.159681,0.039721,-0.0206834,0.94065,0.00438763,0.0403071,2.22946
29.6205,0.999892,-0.0145514,-0.00204697,0.000283415,0.00131461,0.002188,0.00103201,0.0398046,-0.0209063,0.92581,0.00474005,0.0398816,2.11077,29.6405,0,0.01022,-0.040455,-0.0202783,0.999892,-0.0145449,-0.00203595,0.000288429,0.197614,-0.30491,-0.118546,0.039852,-0.0205075,0.946918,0.00474005,0.0398816,2.20883
29.6405,0.999892,-0.0145434,-0.00205099,0.000270898,0.00171159,0.000722953,-0.00362896,0.0401519,-0.0205509,0.934334,0.00513083,0.0392898,2.01577,29.6605,0.00494097,0.0173027,0.00494097,-0.0711481,0.999892,-0.0145348,-0.00204763,0.000252721,0.253284,0.0641275,-0.399696,0.0402032,-0.020158,0.954491,0.00513091,0.0392892,2.11382
29.6605,0.999892,-0.0145344,-0.00204859,0.000257933,0.00117895,-0.000608639,-0.000300011,0.0407273,-0.019979,0.945881,0.00576654,0.0381247,1.87342,29.6805,0,-0.0362911,-0.029269,-0.0624725,0.999892,-0.0145285,-0.00205166,0.000256489,-0.175461,-0.210449,-0.353214,0.040785,-0.0195977,0.964615,0.00576654,0.0381247,1.97148
29.6805,0.999892,-0.0145258,-0.00204199,0.000229257,0.000912633,0.000190307,-3.36934e-05,0.0411922,-0.0195195,0.953241,0.00654016,0.0373084,1.77199,29.7005,0.0178338,0.0135475,0.0178338,-0.0937695,0.999892,-0.0145212,-0.00204104,0.000229085,0.222534,0.169786,-0.525035,0.0412576,-0.0191464,0.970961,0.00654047,0.0373062,1.86998
29.7005,0.999892,-0.01452,-0.00204888,0.000228918,0.00197791,-0.00154074,9.94554e-05,0.0413092,-0.0194052,0.954871,0.00652826,0.0372461,1.74805,29.7205,0.0195828,-0.0351853,0.0195828,-0.097114,0.999893,-0.0145101,-0.00205657,0.000229547,-0.167492,0.184291,-0.543059,0.0413745,-0.0190327,0.972351,0.0065286,0.0372437,1.84604
29.7205,0.999893,-0.014512,-0.00205526,0.000224867,0.00251053,-0.0014076,-0.000832637,0.0414258,-0.0192902,0.956427,0.00665432,0.0370608,1.72485,29.7405,0.00415728,-0.0346969,0.00415728,-0.0152777,0.999893,-0.0144995,-0.00206236,0.000220832,-0.161778,0.0515209,-0.0860669,0.0414923,-0.0189196,0.973676,0.0066544,0.0370603,1.8229
29.7405,0.999893,-0.0145016,-0.00203302,0.000221981,0.000380005,0.00205452,0.000365775,0.0418898,-0.0188286,0.962055,0.00687526,0.0365165,1.63844,29.7605,0.0253724,-0.00530428,0.0253724,-0.00100443,0.999893,-0.0144997,-0.00202272,0.000223664,0.0735726,0.219342,-0.00474604,0.0419586,-0.0184634,0.97844,0.0068757,0.0365134,1.73639
29.7605,0.999893,-0.0144955,-0.00205597,0.000219822,0.0019779,-0.000874955,-0.000300008,0.0422319,-0.0184711,0.965792,0.00719698,0.0363932,1.57958,29.7805,0.0390957,0.0233048,0.0390957,-0.0391633,0.999893,-0.0144857,-0.00206036,0.000218406,0.301599,0.333651,-0.217615,0.0423039,-0.0181072,0.981588,0.00719767,0.0363884,1.67748
29.7805,0.999893,-0.0144723,-0.00207297,0.000233914,0.00144419,-0.00233995,-0.000431808,0.0425034,-0.0181339,0.960424,0.00755458,0.0362208,1.50933,29.8005,0,0.00239463,-0.00446931,-0.0415577,0.999893,-0.014465,-0.0020847,0.000231939,0.134134,-0.0143744,-0.234397,0.0425789,-0.0177717,0.975518,0.00755458,0.0362208,1.6074
29.8005,0.999893,-0.014465,-0.00208157,0.000241581,0.00224315,-0.00207362,0.00196505,0.042595,-0.0180189,0.958622,0.0077326,0.0361053,1.48705,29.8205,0.00445212,-0.0164187,0.00445212,-0.0317912,0.999893,-0.0144538,-0.00209179,0.000251579,-0.0162119,0.0559655,-0.178812,0.0426723,-0.0176579,0.973492,0.00773268,0.0361048,1.58509
29.8205,0.999893,-0.0144563,-0.00207894,0.000244431,-2.07489e-05,-0.00167418,0.00223136,0.0429692,-0.0177282,0.937629,0.00780758,0.0351459,1.35178,29.8405,0,0.00673761,-0.0294228,-0.0539692,0.999893,-0.0144564,-0.00208715,0.000255708,0.168369,-0.212529,-0.306022,0.0430473,-0.0173767,0.951147,0.00780758,0.0351459,1.44984
29.8405,0.999893,-0.0144504,-0.00208215,0.000252436,-0.000686538,-0.000209441,0.000500304,0.043251,-0.0175416,0.918183,0.00775868,0.0341935,1.25019,29.8605,0,0.0137647,-0.0364088,-0.0222351,0.999893,-0.0144539,-0.00208317,0.000254946,0.225149,-0.272056,-0.129022,0.0433286,-0.0171997,0.930685,0.00775868,0.0341935,1.34825
29.8605,0.999894,-0.0144372,-0.00205377,0.000256775,0.0023761,0.00258688,-0.00029865,0.0434366,-0.0173994,0.901245,0.00725858,0.0339161,1.17644,29.8805,0,-0.00388656,-0.0354491,-0.0204545,0.999894,-0.0144253,-0.00204085,0.00025512,0.0839021,-0.264776,-0.118791,0.0435092,-0.0170602,0.91301,0.00725858,0.0339161,1.27451
29.8805,0.999894,-0.014415,-0.00205432,0.000247433,0.00583789,-7.61014e-05,-0.00229646,0.0434884,-0.0173551,0.89404,0.00719229,0.0339039,1.15024,29.9005,0,-0.0317436,-0.0383096,-0.0134825,0.999894,-0.0143858,-0.00205486,0.000236017,-0.139053,-0.288414,-0.0796052,0.0435603,-0.017016,0.905542,0.00719229,0.0339039,1.24831
29.9005,0.999894,-0.0143824,-0.00203138,0.000247059,0.000378416,0.00258704,0.00063302,0.0436877,-0.0171519,0.865492,0.00699278,0.0339047,1.05283,29.9205,0,-0.024765,-0.0085358,-0.0219207,0.999895,-0.0143805,-0.0020184,0.000250041,-0.0834802,-0.0494665,-0.124531,0.0437576,-0.0168129,0.87602,0.00699278,0.0339047,1.1509
29.9205,0.999895,-0.0143498,-0.00205791,0.000259143,0.000777898,-0.00287244,-3.27761e-05,0.0439243,-0.0168636,0.828461,0.00683126,0.0340353,0.941544,29.9405,0.00761479,0.0129289,0.00761479,-0.0214138,0.999895,-0.0143459,-0.00207227,0.000259193,0.217842,0.079801,-0.120893,0.0439926,-0.0165232,0.837876,0.00683139,0.0340343,1.03958
29.9405,0.999895,-0.014339,-0.00206553,0.000252105,0.00237424,-0.000741849,-0.000166341,0.0440151,-0.0168011,0.810412,0.00732402,0.0339192,0.894493,29.9605,0,-0.0271724,-0.0176229,-0.0125962,0.999895,-0.0143271,-0.00206925,0.000251351,-0.102957,-0.122954,-0.0730432,0.0440883,-0.0164619,0.819357,0.00732402,0.0339192,0.992559
29.9605,0.999895,-0.0143196,-0.00206303,0.000242848,0.00317319,5.70969e-05,-0.000432647,0.0441118,-0.0167268,0.792646,0.00757788,0.0336211,0.850104,29.9805,0,-0.0077655,-0.00936619,-0.0659591,0.999896,-0.0143037,-0.00206277,0.000240713,0.0510742,-0.0508835,-0.37135,0.0441875,-0.0163906,0.801147,0.00757788,0.0336211,0.948171
29.9805,0.999896,-0.014309,-0.00203278,0.00025479,-0.00122093,0.00072276,-0.000166883,0.0442315,-0.0167969,0.759574,0.00759836,0.0332892,0.774295,30.0005,0.0193235,-0.00854461,0.0193235,-0.023922,0.999895,-0.0143151,-0.00202918,0.000253891,0.0457141,0.173582,-0.13373,0.0443075,-0.016464,0.767317,0.0075987,0.0332869,0.872279
30.0005,0.999896,-0.0142798,-0.00203803,0.00027927,0.00437171,-0.00154092,-0.00016689,0.0444143,-0.0169506,0.704645,0.00759355,0.0316425,0.65724,30.0205,0,-0.0128132,-0.00508629,-0.0348089,0.999896,-0.014258,-0.00204574,0.00027859,0.0110846,-0.0203881,-0.196733,0.0444903,-0.0166342,0.711217,0.00759355,0.0316425,0.755306
30.0205,0.999896,-0.0142773,-0.00203287,0.000285575,0.00077643,0.00125539,0.00169733,0.0444501,-0.0169735,0.693925,0.00746402,0.0315664,0.63557,30.0405,0,0.00783617,-0.00963766,-0.0882187,0.999896,-0.0142735,-0.00202647,0.000293979,0.174991,-0.0508366,-0.496426,0.0445248,-0.0166578,0.70028,0.00746402,0.0315664,0.733636
30.0405,0.999896,-0.0142818,-0.0020152,0.000290613,0.000243805,0.00125539,0.000765224,0.0445206,-0.0170088,0.672771,0.00756348,0.0312111,0.594066,30.0605,0,0.00565146,-0.0526034,-0.0400144,0.999896,-0.0142806,-0.00200887,0.000294352,0.158443,-0.400138,-0.229952,0.0445962,-0.0166966,0.678711,0.00756348,0.0312111,0.692133
30.0605,0.999896,-0.0142543,-0.00202198,0.000314717,0.00237433,-0.000209345,0.000498917,0.0446916,-0.017058,0.621674,0.00687078,0.0304617,0.500234,30.0805,0,-0.00318283,-0.0337193,-0.0388877,0.999896,-0.0142424,-0.00202298,0.00031725,0.0877086,-0.24913,-0.222164,0.0447603,-0.0167533,0.626677,0.00687078,0.0304617,0.598301
30.0805,0.999896,-0.0142586,-0.00199456,0.000312006,-0.000955008,0.00138853,-0.00016739,0.0448671,-0.0173028,0.565612,0.00615499,0.0296793,0.406173,30.1005,0,-0.00806752,-0.0207083,-0.0466393,0.999896,-0.0142634,-0.00198763,0.000311061,0.0485871,-0.144374,-0.264461,0.0449287,-0.017006,0.569673,0.00615499,0.0296793,0.504239
30.1005,0.999896,-0.0142495,-0.00198999,0.000314462,0.00237394,0.00112221,0.00076472,0.0448991,-0.017342,0.554761,0.00611511,0.0295224,0.388772,30.1205,0.000883771,0.024774,0.000883771,-0.0302604,0.999897,-0.0142377,-0.00198432,0.000318229,0.3116,0.0263644,-0.171406,0.0449602,-0.0170467,0.558648,0.00611512,0.0295223,0.486835
30.1205,0.999897,-0.0142383,-0.00200058,0.00032067,0.00144065,-0.00100856,0.000896516,0.0449627,-0.0174077,0.533436,0.00602622,0.0295693,0.355357,30.1405,0,-0.0079715,-0.0601022,-0.037896,0.999897,-0.0142311,-0.00200555,0.000325238,0.0490891,-0.460467,-0.21869,0.045023,-0.017112,0.536989,0.00602622,0.0295693,0.453423
30.1405,0.999897,-0.0141992,-0.00199548,0.00030731,0.00104118,0.00192092,-0.000967693,0.0450683,-0.0175433,0.491886,0.00581469,0.0289728,0.29153,30.1605,0,-0.030521,-0.00158449,-0.0620291,0.999897,-0.014194,-0.00198595,0.000302346,-0.131815,0.0103722,-0.348829,0.0451264,-0.0172535,0.494801,0.00581469,0.0289728,0.389596
30.1605,0.999898,-0.0141574,-0.00199973,0.000288686,0.00636804,-0.00127501,-0.00189984,0.0451396,-0.0179107,0.431488,0.00538218,0.027419,0.203217,30.1805,0.0471085,-0.0309125,0.0471085,-0.00656405,0.999898,-0.0141255,-0.00200623,0.000279342,-0.134194,0.393616,-0.0342879,0.0451934,-0.0176366,0.43352,0.00538298,0.0274134,0.301083
30.1805,0.999898,-0.0141521,-0.00200473,0.000280966,0.000775263,-0.000476052,-0.00163405,0.0451652,-0.0180659,0.409694,0.00549645,0.0271094,0.173108,30.2005,0,0.00107908,-0.00711207,-0.0103822,0.999898,-0.0141482,-0.00200723,0.000272838,0.121657,-0.0396811,-0.0602832,0.0452202,-0.0177949,0.411425,0.00549645,0.0271094,0.271175
30.2005,0.999898,-0.0141402,-0.00201084,0.000285342,0.00303894,-0.00154132,0.00129542,0.0451783,-0.0181362,0.399004,0.0055132,0.0272579,0.158594,30.2205,0.0194287,-0.0191546,0.0194287,-0.00392771,0.999898,-0.014125,-0.00201845,0.000291958,-0.0401616,0.171983,-0.0218361,0.0452334,-0.0178636,0.40059,0.00551353,0.0272556,0.256578
30.2205,0.999898,-0.014161,-0.00198724,0.000312302,0.000642097,0.00112185,-0.0015009,0.0452329,-0.0183627,0.357613,0.00553418,0.0270831,0.103653,30.2405,0.0192643,-0.013395,0.0192643,-0.0173119,0.999898,-0.0141578,-0.00198173,0.000304725,0.0058636,0.171985,-0.0970081,0.0452882,-0.0180919,0.358649,0.00553451,0.0270808,0.201637
30.2405,0.999898,-0.0141175,-0.00197578,0.000316011,0.00250626,0.000456078,0.000629108,0.0453177,-0.0186409,0.297437,0.00565695,0.0258988,0.0283938,30.2605,0.0347551,-0.0114939,0.0347551,-0.0742254,0.999898,-0.014105,-0.00197345,0.000319148,0.0195259,0.302176,-0.414509,0.0453743,-0.0183819,0.297721,0.00565754,0.0258946,0.126312
30.2605,0.999898,-0.0141189,-0.00197389,0.000320958,-0.000290905,0.000455949,0.00169047,0.0453293,-0.0186862,0.287164,0.00570904,0.0259416,0.0156816,30.2805,0.00952741,-0.00398165,0.00952741,-0.0173463,0.999898,-0.0141203,-0.00197149,0.000329375,0.0808284,0.0939689,-0.098129,0.0453864,-0.0184268,0.287321,0.0057092,0.0259405,0.113708
30.2805,0.999898,-0.014118,-0.00198283,0.000313299,0.000241731,-0.00220721,-0.00150532,0.0453419,-0.0187257,0.277027,0.00573925,0.0261107,0.00336205,30.3005,0.00825167,-0.0558578,0.00825167,-0.0912078,0.999898,-0.0141168,-0.00199397,0.000305932,-0.335951,0.0922191,-0.511184,0.0453993,-0.0184646,0.27706,0.00573939,0.0261097,0.101393
30.3005,0.999899,-0.0140938,-0.00199058,0.000303814,0.00144015,-0.00114195,9.2569e-05,0.0454001,-0.0188294,0.237821,0.00589063,0.0261593,-0.0423824,30.3205,0,-0.00392003,-0.0225671,-0.035784,0.999899,-0.0140866,-0.00199628,0.000304371,0.0806673,-0.160564,-0.203807,0.045459,-0.0185678,0.237397,0.00589063,0.0261593,0.0556841
30.3205,0.999899,-0.0140424,-0.00199304,0.000300671,0.00450324,5.64326e-05,-0.000840038,0.0454583,-0.0192553,0.180875,0.00558333,0.0247342,-0.105529,30.3405,0,-0.00604108,-0.0185151,-0.0653806,0.9999,-0.0140199,-0.00199281,0.000296512,0.0626669,-0.12484,-0.369163,0.0455141,-0.0190079,0.17982,0.00558333,0.0247342,-0.00746258
30.3405,0.9999,-0.0140138,-0.00198918,0.00027826,0.00343797,-0.000209899,-0.00217162,0.0454823,-0.0193819,0.162439,0.00574238,0.024805,-0.125461,30.3605,0.0198759,-0.0378032,0.0198759,-0.0260434,0.9999,-0.0139966,-0.00199038,0.000267452,-0.190796,0.177888,-0.145404,0.0455397,-0.0191338,0.161185,0.00574272,0.0248026,-0.027479
30.3605,0.9999,-0.0140102,-0.00199162,0.000279113,0.000907967,-0.000609371,0.000624705,0.0454961,-0.0194383,0.153411,0.00587522,0.0246469,-0.135185,30.3805,0.0350342,0.00327953,0.0350342,-0.0600014,0.9999,-0.0140057,-0.00199462,0.000282288,0.137166,0.302857,-0.334821,0.0455549,-0.0191918,0.152059,0.00587582,0.0246427,-0.0372675
30.3805,0.9999,-0.0139877,-0.0020034,0.00027197,0.000508493,-0.00047621,-0.00123951,0.0455834,-0.0196834,0.109563,0.00583096,0.0245041,-0.180623,30.4005,0,0.00775155,-0.02312,-0.042294,0.9999,-0.0139852,-0.00200587,0.000265811,0.173046,-0.164217,-0.240242,0.0456417,-0.0194383,0.107757,0.00583096,0.0245041,-0.0825562
30.4005,0.999901,-0.0139702,-0.00195955,0.000265809,0.00317089,0.00245328,0.0020877,0.0457588,-0.0200372,0.0582705,0.00571082,0.0237915,-0.232348,30.4205,0.00851895,-0.0152355,0.00851895,-0.0565688,0.999901,-0.0139543,-0.00194714,0.000276106,-0.0111752,0.0901484,-0.317406,0.0458159,-0.0197993,0.0559471,0.00571096,0.0237905,-0.134318
30.4205,0.999901,-0.0139566,-0.00195101,0.000273137,0.000774034,0.00125486,0.000489808,0.045816,-0.0201181,0.0420881,0.00563383,0.0238882,-0.248092,30.4405,0,-0.0236335,-0.0205673,0.0243608,0.999901,-0.0139527,-0.0019447,0.000275505,-0.0771493,-0.151595,0.133529,0.0458724,-0.0198792,0.0396072,0.00563383,0.0238882,-0.150026
30.4405,0.999901,-0.0139572,-0.00194752,0.00027766,-0.000158075,0.00085539,0.00155507,0.0458441,-0.0201515,0.0341617,0.00563127,0.0238139,-0.255627,30.4605,0,0.0282089,-0.00853013,-0.0151451,0.999901,-0.013958,-0.00194314,0.000285374,0.33699,-0.0510342,-0.0873324,0.0459004,-0.0199133,0.0316054,0.00563127,0.0238139,-0.15756
30.4605,0.999901,-0.0139505,-0.00194844,0.000256079,-2.49122e-05,0.00138802,-0.00177388,0.0459025,-0.0202051,0.0186331,0.00541298,0.0238452,-0.269934,30.4805,0.00717244,0.0205726,0.00717244,0.00244316,0.999901,-0.0139506,-0.00194162,0.000247113,0.276194,0.0726428,0.0125825,0.0459566,-0.0199666,0.0159338,0.0054131,0.0238443,-0.171898
30.4805,0.999901,-0.0139146,-0.00195372,0.000257812,0.00104077,-0.00140837,-4.28729e-05,0.0459793,-0.0204415,-0.0166514,0.00465047,0.0235231,-0.29977,30.5005,0.0045634,-0.0336143,0.0045634,-0.0660084,0.999901,-0.0139094,-0.00196076,0.000257705,-0.1589,0.0595074,-0.370327,0.0460258,-0.0202063,-0.0196491,0.00465054,0.0235226,-0.201723
30.5005,0.999902,-0.0138882,-0.00197579,0.000255145,0.000907658,-0.00234045,-0.00190755,0.0460626,-0.0207893,-0.0443261,0.0043109,0.0222126,-0.323141,30.5205,0,-0.014134,-0.039486,-0.0501531,0.999902,-0.0138836,-0.00198762,0.00024578,-0.00306624,-0.294483,-0.28517,0.0461058,-0.0205672,-0.0475575,0.0043109,0.0222126,-0.225075
30.5205,0.999902,-0.0138807,-0.00198101,0.000246813,0.00183975,-0.00127518,-0.00177439,0.0460826,-0.0208674,-0.0510024,0.00410511,0.0221931,-0.328848,30.5405,0,-0.0358824,-0.0279568,-0.00705237,0.999902,-0.0138715,-0.00198751,0.000238048,-0.17627,-0.206947,-0.0426451,0.0461236,-0.0206454,-0.0542909,0.00410511,0.0221931,-0.230781
30.5405,0.999902,-0.0138532,-0.00197336,0.000236411,0.000774489,-0.00127518,-0.000575976,0.0461569,-0.0211292,-0.0767841,0.00396725,0.0218981,-0.350147,30.5605,0.00893835,0.00821619,0.00893835,-0.0479524,0.999902,-0.0138493,-0.00197977,0.000233628,0.175673,0.0925662,-0.269227,0.0461965,-0.0209102,-0.0802856,0.0039674,0.0218971,-0.252119
30.5605,0.999903,-0.0138124,-0.00196109,0.000234974,0.00383719,0.000722211,0.00142095,0.0462447,-0.0214352,-0.107431,0.00353467,0.0218259,-0.374769,30.5805,0,-0.0346329,-0.0304777,-0.0570561,0.999903,-0.0137932,-0.00195738,0.000242065,-0.167787,-0.221782,-0.322773,0.04628,-0.021217,-0.111179,0.00353467,0.0218259,-0.276702
30.5805,0.999903,-0.0138119,-0.0019558,0.000218308,0.000107749,0.00138768,-0.00390494,0.0462586,-0.021506,-0.113427,0.00352616,0.0217956,-0.379584,30.6005,0.012793,-0.0297204,0.012793,-0.0538992,0.999903,-0.0138114,-0.00194913,0.00019869,-0.128284,0.123957,-0.301711,0.0462938,-0.0212881,-0.117223,0.00352637,0.0217941,-0.281572
30.6005,0.999903,-0.0138068,-0.00196315,0.000235422,0.000906705,-0.00340602,0.0026198,0.0462881,-0.0216337,-0.125182,0.00351111,0.0216185,-0.389162,30.6205,0,-0.0263633,-0.0350996,0.00478791,0.999903,-0.0138023,-0.00198,0.000248763,-0.10053,-0.265559,0.0230686,0.0463232,-0.0214175,-0.129073,0.00351111,0.0216185,-0.291096
30.6205,0.999903,-0.0137966,-0.0019704,0.000231104,0.000640376,0.00178715,0.00115506,0.0463538,-0.0218359,-0.147801,0.00374379,0.021359,-0.407488,30.6405,0,-0.0302851,-0.0113099,-0.0343031,0.999903,-0.0137934,-0.00196139,0.000236761,-0.132569,-0.0708827,-0.193911,0.0463913,-0.0216223,-0.151876,0.00374379,0.021359,-0.309422
30.6405,0.999904,-0.0137577,-0.00195814,0.000260284,-0.00109042,0.00138766,0.000356092,0.0464238,-0.0221897,-0.177032,0.00354165,0.0208522,-0.426936,30.6605,0.00573735,-0.0161197,0.00573735,-0.0733534,0.999903,-0.0137631,-0.00195118,0.000261958,-0.0203334,0.0696219,-0.411574,0.0464592,-0.0219812,-0.181302,0.00354175,0.0208515,-0.328894
30.6605,0.999904,-0.0137428,-0.00195428,0.000255308,0.00370327,0.000988173,-0.00110864,0.046424,-0.0222666,-0.181672,0.00352894,0.020653,-0.429846,30.6805,0.00507242,-0.0388189,0.00507242,-0.0244264,0.999904,-0.0137243,-0.00194941,0.000249734,-0.201068,0.0589578,-0.137388,0.0464593,-0.0220601,-0.185971,0.00352903,0.0206524,-0.331801
30.6805,0.999904,-0.0137317,-0.0019438,0.00026606,0.0027712,0.00258609,0.00288565,0.046424,-0.0223398,-0.186251,0.00339437,0.0205331,-0.432648,30.7005,0.00191162,-0.0476667,0.00191162,-0.0804376,0.999904,-0.0137179,-0.00193067,0.000280337,-0.273171,0.0397116,-0.451225,0.0464579,-0.0221345,-0.190577,0.0033944,0.0205329,-0.33459
30.7005,0.999904,-0.0137209,-0.00190498,0.000263878,0.0010402,0.00138768,0.000355208,0.0464072,-0.022714,-0.20839,0.00275901,0.0199374,-0.447109,30.7205,0.00763994,0.00341766,0.00763994,-0.0139896,0.999904,-0.0137157,-0.00189801,0.000265568,0.136894,0.0778798,-0.0792611,0.0464348,-0.0225146,-0.212861,0.00275914,0.0199365,-0.349075
30.7205,0.999904,-0.0137004,-0.00192681,0.000264428,0.000773886,-0.00220759,-0.000843217,0.0463773,-0.0229899,-0.229243,0.00242989,0.0201861,-0.460427,30.7405,0.00596499,0.033916,0.00596499,-0.0106033,0.999904,-0.0136965,-0.00193791,0.000260371,0.380683,0.0642103,-0.0607612,0.0464016,-0.022788,-0.233848,0.00242998,0.0201854,-0.362386
30.7405,0.999904,-0.0136947,-0.00192716,0.00026156,0.00143859,-7.68576e-05,-0.000576931,0.0463711,-0.0230302,-0.23327,0.00220394,0.020076,-0.463086,30.7605,0,-0.0067514,-0.0165324,-0.0542187,0.999904,-0.0136875,-0.00192758,0.000258695,0.0545023,-0.1109,-0.306253,0.0463932,-0.0228295,-0.237901,0.00220394,0.020076,-0.365019
30.7605,0.999904,-0.0136847,-0.00193116,0.000264097,0.00250386,-0.00100896,0.000754649,0.0463644,-0.0230659,-0.237252,0.00211809,0.0201797,-0.465705,30.7805,0,-0.0320882,-0.0149805,-0.0206643,0.999905,-0.0136722,-0.00193615,0.000267964,-0.147646,-0.102066,-0.117988,0.0463856,-0.0228641,-0.241909,0.00211809,0.0201797,-0.367638
30.7805,0.999905,-0.0136466,-0.00191577,0.000293051,0.00303649,0.000588934,-0.000443768,0.0463401,-0.0231743,-0.25654,0.00220593,0.0201654,-0.47805,30.8005,0.00463945,-0.0198915,0.00463945,-0.0464964,0.999905,-0.0136314,-0.00191286,0.000290822,-0.0507871,0.0575413,-0.261426,0.0463622,-0.0229727,-0.26132,0.00220601,0.0201649,-0.380003
